{
"type": "FeatureCollection",
"name": "CABA",
"crs": { "type": "name", "properties": { "name": "urn:ogc:def:crs:OGC:1.3:CRS84" } },
"features": [
{ "type": "Feature", "properties": { "circuito": "00001", "codprov": "01", "coddepto": "001" }, "geometry": { "type": "MultiPolygon", "coordinates": [ [ [ [ -58.36160768882305, -34.624102866849263 ], [ -58.361483454899748, -34.625200808233785 ], [ -58.361260641421353, -34.627418144213365 ], [ -58.361252303260251, -34.627550170184911 ], [ -58.361209428260985, -34.627705298542509 ], [ -58.360889590202014, -34.627687403316713 ], [ -58.359485461767491, -34.62843738036792 ], [ -58.358887474421522, -34.628719055645711 ], [ -58.358829206936903, -34.628856925604417 ], [ -58.361913691404723, -34.628922847495524 ], [ -58.363437655909586, -34.628928874229153 ], [ -58.363416032680647, -34.630897769717635 ], [ -58.363561705459269, -34.630948717540804 ], [ -58.36371864536364, -34.631075357505694 ], [ -58.364089330547131, -34.631396111557336 ], [ -58.364925248652114, -34.632087471562073 ], [ -58.366170785953869, -34.633282378895309 ], [ -58.366478439086094, -34.630397328522079 ], [ -58.366828508994928, -34.6304092906161 ], [ -58.368097318042636, -34.63049319854909 ], [ -58.370146341995188, -34.6305471605748 ], [ -58.371174472981473, -34.631056640477915 ], [ -58.371836042788182, -34.630024988148918 ], [ -58.372370356164446, -34.628844964067547 ], [ -58.372705767015319, -34.627190704523841 ], [ -58.372850064448123, -34.625730191902463 ], [ -58.372856752736524, -34.624565783173168 ], [ -58.372857485486065, -34.624543047951533 ], [ -58.371332788231662, -34.624498307379859 ], [ -58.370290548596877, -34.624447907796117 ], [ -58.369309600309549, -34.624422707725671 ], [ -58.368037492872119, -34.624384907062854 ], [ -58.366428141015341, -34.624334507479112 ], [ -58.365447192050169, -34.62434710807149 ], [ -58.363945123945442, -34.624271506745849 ], [ -58.362381763137577, -34.624158197802075 ], [ -58.36160768882305, -34.624102866849263 ] ] ] ] } },
{ "type": "Feature", "properties": { "circuito": "00002", "codprov": "01", "coddepto": "001" }, "geometry": { "type": "MultiPolygon", "coordinates": [ [ [ [ -58.372980619946127, -34.621072735274531 ], [ -58.37305015794572, -34.619896638013778 ], [ -58.371579057151777, -34.619835006764774 ], [ -58.370822021128234, -34.619743246304857 ], [ -58.370077904136679, -34.619687002176811 ], [ -58.36866690304015, -34.619637696286162 ], [ -58.367239963793708, -34.619632036716943 ], [ -58.367228144902811, -34.619593414252137 ], [ -58.366075320414879, -34.619511148808812 ], [ -58.365745955933981, -34.619472526901156 ], [ -58.362158034569561, -34.61924042940511 ], [ -58.36160768882305, -34.624102866849263 ], [ -58.362381763137577, -34.624158197802075 ], [ -58.363945123945442, -34.624271506745849 ], [ -58.365447192050169, -34.62434710807149 ], [ -58.366428141015341, -34.624334507479112 ], [ -58.368037492872119, -34.624384907062854 ], [ -58.369309600309549, -34.624422707725671 ], [ -58.370290548596877, -34.624447907796117 ], [ -58.371332788231662, -34.624498307379859 ], [ -58.372857485486065, -34.624543047951533 ], [ -58.372980619946127, -34.621072735274531 ] ] ] ] } },
{ "type": "Feature", "properties": { "circuito": "00003", "codprov": "01", "coddepto": "001" }, "geometry": { "type": "MultiPolygon", "coordinates": [ [ [ [ -58.352517406067548, -34.598464389279329 ], [ -58.352450157825551, -34.598497532692782 ], [ -58.352306684651253, -34.598502187713535 ], [ -58.352191888352294, -34.598535240310909 ], [ -58.352088544230547, -34.598596597440199 ], [ -58.352024321884912, -34.598593859028831 ], [ -58.351680572872937, -34.598733919716622 ], [ -58.351480755257917, -34.598789433415917 ], [ -58.351169255360048, -34.598842571968177 ], [ -58.35086361881423, -34.598854624878285 ], [ -58.350713824065224, -34.598878820400266 ], [ -58.350375848252021, -34.599014043320835 ], [ -58.350343599137915, -34.59909859086649 ], [ -58.350269938490101, -34.599139497105099 ], [ -58.350158440580863, -34.599347396293389 ], [ -58.349946895583905, -34.599427105514664 ], [ -58.349755873674802, -34.59943194551051 ], [ -58.349694122749, -34.599475406299696 ], [ -58.349470851725798, -34.599572006755459 ], [ -58.349287708399451, -34.599661576486277 ], [ -58.349108687721326, -34.599749137677328 ], [ -58.348695125505031, -34.600011548802222 ], [ -58.34858930725207, -34.600074366789009 ], [ -58.348445375855114, -34.600231318711288 ], [ -58.348192603698052, -34.600426984471618 ], [ -58.347951649754052, -34.600876204281448 ], [ -58.347772446735853, -34.601054978807298 ], [ -58.347516833056048, -34.601337477558538 ], [ -58.347234744138753, -34.601436542305954 ], [ -58.347084857880787, -34.60156939007949 ], [ -58.346911518214633, -34.601786787070147 ], [ -58.346752836250751, -34.601936527192471 ], [ -58.346644086321767, -34.602037965972613 ], [ -58.346441336352882, -34.602175562368757 ], [ -58.346265065688542, -34.602327767339894 ], [ -58.346053429182625, -34.602462990260463 ], [ -58.345956497466702, -34.602506452163958 ], [ -58.345768407233621, -34.602574108475132 ], [ -58.345686135931345, -34.602656282545219 ], [ -58.345592133857906, -34.602709331395701 ], [ -58.345418794869595, -34.602931566153586 ], [ -58.345304180910723, -34.603018488846274 ], [ -58.345101430941838, -34.603281812032087 ], [ -58.34496336357477, -34.603388090808068 ], [ -58.3448193413467, -34.603537830930399 ], [ -58.344637115143506, -34.603658536092055 ], [ -58.344425569468704, -34.603752761400777 ], [ -58.343843798866601, -34.604274477517627 ], [ -58.343676323908184, -34.604344508975835 ], [ -58.34355877759544, -34.604361399653165 ], [ -58.343467709909405, -34.604371077973383 ], [ -58.343367755686337, -34.604443482350007 ], [ -58.343132663738693, -34.604552227646266 ], [ -58.343076870385282, -34.604593223029489 ], [ -58.342780121054339, -34.60478888878982 ], [ -58.342597892817615, -34.604817832934408 ], [ -58.342556757166477, -34.604861384539682 ], [ -58.342450938913515, -34.604890329241421 ], [ -58.342283463277255, -34.605035229925065 ], [ -58.342180668209281, -34.605098046240393 ], [ -58.342104260259049, -34.605206699606256 ], [ -58.342060190220515, -34.605315444902509 ], [ -58.342036645981203, -34.605440987831393 ], [ -58.341966099349492, -34.605498965822342 ], [ -58.341948509971196, -34.605590728510876 ], [ -58.34188089569335, -34.605706684492773 ], [ -58.341842691718234, -34.605738093486167 ], [ -58.34185157893311, -34.60578155594682 ], [ -58.341795692037202, -34.60588783416565 ], [ -58.341781032301398, -34.606184847332884 ], [ -58.341688407607315, -34.606279347875635 ], [ -58.341684009754353, -34.606332214536792 ], [ -58.34173989665026, -34.606368461297414 ], [ -58.341757486028555, -34.606518201976897 ], [ -58.341689965293206, -34.606675156127793 ], [ -58.341675214048436, -34.606730758971715 ], [ -58.341616486985473, -34.606909442124319 ], [ -58.341660557024007, -34.60706402224249 ], [ -58.34159587442219, -34.607194496540451 ], [ -58.341566554950575, -34.60741180215787 ], [ -58.341575350656491, -34.607491511379145 ], [ -58.341498942706259, -34.607687177139475 ], [ -58.341507739090019, -34.607762046364911 ], [ -58.341419601046475, -34.607976978506755 ], [ -58.341390192777276, -34.608117040866013 ], [ -58.341346124772272, -34.608259566402623 ], [ -58.341267149148337, -34.608303302425831 ], [ -58.341202102544194, -34.608370685174442 ], [ -58.34109930747622, -34.608491389778948 ], [ -58.341116896854523, -34.608604972842429 ], [ -58.341169853430095, -34.608682217214898 ], [ -58.341158035217035, -34.608868205212154 ], [ -58.341196239192151, -34.608914130293002 ], [ -58.341181579456347, -34.609141115344954 ], [ -58.341146307157253, -34.609286016028591 ], [ -58.341137511451336, -34.609515464257889 ], [ -58.341111035536009, -34.609607226389265 ], [ -58.341090511770311, -34.6098053569984 ], [ -58.340984693517349, -34.610027502054507 ], [ -58.340899489861208, -34.610220702966025 ], [ -58.34076142249414, -34.610401850967442 ], [ -58.340640944505374, -34.610529860416598 ], [ -58.340214832682165, -34.610754470321517 ], [ -58.340117901644078, -34.610851070777272 ], [ -58.339932743087026, -34.610981545075241 ], [ -58.339779925153032, -34.611051576533448 ], [ -58.339603651777324, -34.61117721250703 ], [ -58.338989541229992, -34.611476692194536 ], [ -58.33858990532211, -34.611814793789691 ], [ -58.338431224036071, -34.611916232012675 ], [ -58.338199065797987, -34.612065972692157 ], [ -58.338028656452167, -34.612196355616888 ], [ -58.337646703465083, -34.61253454858528 ], [ -58.337388067278134, -34.612742267255719 ], [ -58.337165529004466, -34.612916933885927 ], [ -58.336976706021844, -34.613020017384351 ], [ -58.33666813847784, -34.613307443604597 ], [ -58.336412524798035, -34.613430615286525 ], [ -58.336224434564954, -34.613645545199759 ], [ -58.336168639178013, -34.613773554648915 ], [ -58.335798414250704, -34.614234826254538 ], [ -58.335801345926726, -34.614476327393938 ], [ -58.335780731329912, -34.614577767845539 ], [ -58.33572493594297, -34.614829038121243 ], [ -58.335692595997742, -34.614937692044265 ], [ -58.335516322622034, -34.615466619403911 ], [ -58.335375232069985, -34.615860325514447 ], [ -58.335292960089866, -34.616058366421804 ], [ -58.335228368997001, -34.616401308012804 ], [ -58.335160756752693, -34.61680706591914 ], [ -58.334978622058465, -34.617275641812263 ], [ -58.334902212074702, -34.617483360482694 ], [ -58.334861075745721, -34.617925276005025 ], [ -58.334864008099586, -34.618178919756303 ], [ -58.334784665761958, -34.618495292349749 ], [ -58.334769915195039, -34.618669226879753 ], [ -58.334770832318192, -34.61929868374439 ], [ -58.334782651209096, -34.619752741321449 ], [ -58.334920718576157, -34.619938729318704 ], [ -58.335061808450369, -34.620064363620827 ], [ -58.33546135352713, -34.620400000367177 ], [ -58.335664193649293, -34.62055092778445 ], [ -58.335766989395111, -34.620554579371046 ], [ -58.336022600363542, -34.620624610272095 ], [ -58.336160760595256, -34.620619863878105 ], [ -58.336507441961096, -34.620598132647778 ], [ -58.337133371399325, -34.620561883658539 ], [ -58.337344916396283, -34.620564258805572 ], [ -58.337591734370179, -34.620583614888865 ], [ -58.337738688274271, -34.620624610272095 ], [ -58.337961959297481, -34.620639128588159 ], [ -58.338135391828288, -34.620685055340466 ], [ -58.338285186577288, -34.620759924565903 ], [ -58.338690683803691, -34.620878256251991 ], [ -58.339005116055425, -34.62093623424294 ], [ -58.33924634520416, -34.62100882136604 ], [ -58.339300856754249, -34.621010921279051 ], [ -58.339404842794423, -34.621027629767056 ], [ -58.339450467129637, -34.621038039630335 ], [ -58.339474562456253, -34.621055752666813 ], [ -58.33955573700667, -34.621094283758381 ], [ -58.339601362019728, -34.621107886670607 ], [ -58.33970406625658, -34.621106791306062 ], [ -58.339728160905352, -34.621115100142021 ], [ -58.340041400151357, -34.621122404429521 ], [ -58.340135217851177, -34.621137013561672 ], [ -58.340350791953867, -34.621136009570357 ], [ -58.340595501832397, -34.621041143534661 ], [ -58.340695731938041, -34.621053653310952 ], [ -58.340765453633402, -34.621066160858632 ], [ -58.340813644286634, -34.621070361798957 ], [ -58.340840213744464, -34.621066160858632 ], [ -58.340873195608111, -34.62105209940875 ], [ -58.340897290934727, -34.621011925270359 ], [ -58.340987349988637, -34.621007817374725 ], [ -58.341038014773083, -34.620970290831622 ], [ -58.341124317892465, -34.620976499754569 ], [ -58.341221890848971, -34.620977595119115 ], [ -58.341294178862356, -34.620979603101738 ], [ -58.341328442529324, -34.620993208242581 ], [ -58.341390559490975, -34.620993208242581 ], [ -58.341396880387833, -34.621005716347412 ], [ -58.341395599262356, -34.62103383869001 ], [ -58.341424823157944, -34.621111996237701 ], [ -58.341450201643568, -34.62112760936116 ], [ -58.341502148231328, -34.621143313857857 ], [ -58.34155290588042, -34.621144318406323 ], [ -58.341595965253305, -34.62113281262134 ], [ -58.341611174042889, -34.62109738710555 ], [ -58.341551622043568, -34.62103383869001 ], [ -58.341561793095295, -34.621015122219383 ], [ -58.34162006057992, -34.621015122219383 ], [ -58.341627663957944, -34.62100151707854 ], [ -58.341608699233831, -34.620974400398715 ], [ -58.341625191182423, -34.620976499754569 ], [ -58.341649195677924, -34.62099110888672 ], [ -58.341660647855129, -34.621009825914498 ], [ -58.341686024307222, -34.62101402685483 ], [ -58.341722762783242, -34.62099110888672 ], [ -58.341777276366869, -34.620986907946389 ], [ -58.341781123810364, -34.621000513087232 ], [ -58.341767198857632, -34.621020325479556 ], [ -58.341729086391481, -34.621039044178801 ], [ -58.341704989031335, -34.62106716484994 ], [ -58.341687308144074, -34.621096383114242 ], [ -58.341692345881924, -34.621133910214503 ], [ -58.341717725045392, -34.621157829945311 ], [ -58.341752448290706, -34.621167235817282 ], [ -58.341881262407043, -34.621121400438206 ], [ -58.341905815278473, -34.621120578636223 ], [ -58.341999172722105, -34.621092182173911 ], [ -58.342105723724607, -34.621088074278276 ], [ -58.342112045299316, -34.6210619599183 ], [ -58.342086668847223, -34.62103383869001 ], [ -58.342151350771196, -34.621040139543346 ], [ -58.342198257587576, -34.621023430498191 ], [ -58.342242693661966, -34.621004620425708 ], [ -58.342322491510878, -34.620986086144399 ], [ -58.34235822338831, -34.620953308223896 ], [ -58.342486119703644, -34.620924363522157 ], [ -58.342563444777035, -34.620894325684482 ], [ -58.342602748215384, -34.620860817335227 ], [ -58.34267631735424, -34.620830595079617 ], [ -58.342677050781631, -34.620812790669909 ], [ -58.342710399358971, -34.620795258708455 ], [ -58.342792673372628, -34.620761476239487 ], [ -58.34288374038082, -34.620691447009897 ], [ -58.342995420630139, -34.620650358024811 ], [ -58.343077694643789, -34.620660038016503 ], [ -58.343195238245158, -34.620635841937364 ], [ -58.343300965666998, -34.620611737788622 ], [ -58.343377375650761, -34.620570648803536 ], [ -58.343477329873828, -34.620558597564894 ], [ -58.343620527843392, -34.620571470605526 ], [ -58.343653601216005, -34.620560971040469 ], [ -58.343738804872146, -34.620556132716089 ], [ -58.343832804234204, -34.620575488799382 ], [ -58.343947418193082, -34.620582701713644 ], [ -58.344009169118877, -34.620515137332859 ], [ -58.344164918728893, -34.620469210023401 ], [ -58.344245174122612, -34.620523811104619 ], [ -58.34433248790765, -34.620603064016862 ], [ -58.344694101502654, -34.620682314700481 ], [ -58.344856812572267, -34.620746775734098 ], [ -58.344923145046792, -34.620754171951987 ], [ -58.34496877005985, -34.620795532828168 ], [ -58.345058738282646, -34.620806216811161 ], [ -58.345094836195933, -34.62082356435468 ], [ -58.345164189821908, -34.620868119951268 ], [ -58.345335880971049, -34.620848307558937 ], [ -58.345387094131425, -34.620875515612006 ], [ -58.345390117316413, -34.62102909229602 ], [ -58.345419070074328, -34.621065704549594 ], [ -58.345468451021915, -34.621128157043437 ], [ -58.345637210495035, -34.621234618008735 ], [ -58.345709495797038, -34.6213534973771 ], [ -58.345685400470423, -34.621494744802682 ], [ -58.345730660803319, -34.621643298744374 ], [ -58.345799923598179, -34.621737434908482 ], [ -58.34594275485405, -34.621828282750329 ], [ -58.345477521932565, -34.621791942387851 ], [ -58.345266618854033, -34.621905799013888 ], [ -58.345164189821908, -34.621891007692419 ], [ -58.345037574632052, -34.62181915211238 ], [ -58.344908027766174, -34.621873659591742 ], [ -58.344977381392148, -34.622022213533441 ], [ -58.345028596586054, -34.622064304838368 ], [ -58.345100882565902, -34.622108953479653 ], [ -58.34522145138579, -34.622141092901799 ], [ -58.345236475123912, -34.622230297696824 ], [ -58.345090071629279, -34.622304710613221 ], [ -58.345085856116405, -34.622381405631955 ], [ -58.345372070393303, -34.622443311000673 ], [ -58.345462496160906, -34.622316944598339 ], [ -58.345534781462909, -34.622307084088796 ], [ -58.345658282636663, -34.62218820472043 ], [ -58.345854159943535, -34.622212948481845 ], [ -58.345817972554819, -34.622289736545277 ], [ -58.345673399239438, -34.62234671054491 ], [ -58.345640051339942, -34.62238816279433 ], [ -58.345523056114502, -34.62250695078945 ], [ -58.345495571567049, -34.622601816825153 ], [ -58.345567947700175, -34.622671115625991 ], [ -58.345697494566053, -34.622690382564663 ], [ -58.345796900413191, -34.622794926363433 ], [ -58.345808992475291, -34.622839573333259 ], [ -58.345959611482805, -34.622844504702336 ], [ -58.346266165151782, -34.622976347927413 ], [ -58.346354116110341, -34.622983287279112 ], [ -58.346368227470215, -34.622983105089787 ], [ -58.346483205431404, -34.622981552859052 ], [ -58.346613943269489, -34.622952061032194 ], [ -58.346649126093148, -34.622900383337431 ], [ -58.346667724103568, -34.6228356481841 ], [ -58.346735062498837, -34.622881025582672 ], [ -58.346762822928866, -34.622899744281916 ], [ -58.346699788844056, -34.622999448084848 ], [ -58.346610095825994, -34.623030492142441 ], [ -58.346800018271857, -34.623139417956558 ], [ -58.346933689819501, -34.623214927908961 ], [ -58.34707276378515, -34.623293633138928 ], [ -58.347374918923329, -34.623306688926036 ], [ -58.347714360913464, -34.623215384775158 ], [ -58.347732592210193, -34.623210453406074 ], [ -58.347862599332259, -34.623445745622526 ], [ -58.347921417904189, -34.623440815924901 ], [ -58.348088253655561, -34.623427667650255 ], [ -58.348104834401738, -34.623425476921156 ], [ -58.348106758123485, -34.623421460398767 ], [ -58.348106850988138, -34.623421460398767 ], [ -58.348201399403969, -34.62329171652955 ], [ -58.348262050188687, -34.623208627612776 ], [ -58.348702179829274, -34.623074409240672 ], [ -58.349105846876419, -34.623287789151775 ], [ -58.349269017524378, -34.623373981415718 ], [ -58.349447853828885, -34.623133484267626 ], [ -58.350354960484005, -34.623220224213846 ], [ -58.350416526358345, -34.623098971927064 ], [ -58.350715198733198, -34.622480746727696 ], [ -58.351034577213824, -34.621766012445811 ], [ -58.351226150210231, -34.621283648665369 ], [ -58.351471592838308, -34.621544049579022 ], [ -58.351567791126847, -34.621656537277957 ], [ -58.351700912265024, -34.621732503539398 ], [ -58.351815523512521, -34.621854121319132 ], [ -58.352363579501436, -34.622432994182091 ], [ -58.353428174436857, -34.623557502892709 ], [ -58.353450346041726, -34.623580878841317 ], [ -58.354582095676648, -34.624754417651403 ], [ -58.355329236531034, -34.625520464692258 ], [ -58.355380176520207, -34.625572053242394 ], [ -58.355758280030273, -34.625955167300333 ], [ -58.356057870206122, -34.626268342944755 ], [ -58.3566940615272, -34.626931032367473 ], [ -58.356978809627165, -34.627244208011902 ], [ -58.357106797451465, -34.627384270371159 ], [ -58.357235337718755, -34.627526066036168 ], [ -58.357328419957653, -34.627628692668402 ], [ -58.357585499136555, -34.627905804298685 ], [ -58.357975330706395, -34.628325988590689 ], [ -58.358450001252223, -34.628844964067547 ], [ -58.358829206936903, -34.628856925604417 ], [ -58.358887474421522, -34.628719055645711 ], [ -58.359485461767491, -34.62843738036792 ], [ -58.360889590202014, -34.627687403316713 ], [ -58.361209428260985, -34.627705298542509 ], [ -58.361252303260251, -34.627550170184911 ], [ -58.361260641421353, -34.627418144213365 ], [ -58.361483454899748, -34.625200808233785 ], [ -58.36160768882305, -34.624102866849263 ], [ -58.362158034569561, -34.61924042940511 ], [ -58.362551073020157, -34.615702643163416 ], [ -58.362419327227798, -34.615691959737575 ], [ -58.362020699952041, -34.615709217579315 ], [ -58.360828208023442, -34.61564165096992 ], [ -58.359327421722035, -34.615557103424266 ], [ -58.359060082693823, -34.615557103424266 ], [ -58.358936766571524, -34.615337423216964 ], [ -58.358669516340903, -34.615269858279028 ], [ -58.35507160829836, -34.615033287951562 ], [ -58.354701565711139, -34.615016396717074 ], [ -58.354434226682926, -34.615050179186042 ], [ -58.354023045733186, -34.614965721342159 ], [ -58.354084705150022, -34.614779825275292 ], [ -58.354043660329999, -34.614458705730705 ], [ -58.354002524678862, -34.614272809663838 ], [ -58.354393181862903, -34.613343419031274 ], [ -58.356222964575828, -34.608087913974948 ], [ -58.35815554235672, -34.602629622174426 ], [ -58.358619860188576, -34.601371350843586 ], [ -58.358684451281441, -34.601159249043505 ], [ -58.358833511247362, -34.600690034094868 ], [ -58.358875380325891, -34.600566681895081 ], [ -58.358776158852365, -34.600545772466745 ], [ -58.358795124932172, -34.600506419573179 ], [ -58.358631130025707, -34.600471998048704 ], [ -58.358261178269601, -34.600305640254447 ], [ -58.357434056548378, -34.599926908211863 ], [ -58.356519622397805, -34.599513846018034 ], [ -58.356303497207811, -34.599416058824488 ], [ -58.355828644321903, -34.599201218055882 ], [ -58.355399322906557, -34.599006099977828 ], [ -58.354512009301125, -34.59860308048286 ], [ -58.353775955265938, -34.59854263597164 ], [ -58.353045855413917, -34.598508305820403 ], [ -58.352917223637661, -34.598502279086773 ], [ -58.352545990078234, -34.598450692765248 ], [ -58.352544890615, -34.59845060139201 ], [ -58.352517406067548, -34.598464389279329 ] ], [ [ -58.360815747891955, -34.616058366421804 ], [ -58.360821060834539, -34.616058457795042 ], [ -58.360827290900282, -34.61605891410408 ], [ -58.360832055466936, -34.616060831270616 ], [ -58.360836544151006, -34.616062109381637 ], [ -58.36084185709359, -34.616063662726681 ], [ -58.360847996328218, -34.616066401138056 ], [ -58.360853218439679, -34.616069780833548 ], [ -58.360857525461519, -34.616074345038214 ], [ -58.360861921280943, -34.616079093660822 ], [ -58.360864854990503, -34.616083292372537 ], [ -58.360866687881128, -34.616087584686106 ], [ -58.360867327088179, -34.61609224026401 ], [ -58.360867969006605, -34.616096167084628 ], [ -58.360868060515571, -34.616101735837759 ], [ -58.360866961052331, -34.616107762014231 ], [ -58.36086586158909, -34.616114245056899 ], [ -58.360864120207424, -34.61612282745542 ], [ -58.360561600389083, -34.618782718569996 ], [ -58.360495727492903, -34.619329086517865 ], [ -58.36028775541255, -34.62116732719052 ], [ -58.36028409098698, -34.621188874002904 ], [ -58.36028409098698, -34.621201474595281 ], [ -58.360281982891621, -34.621207227766348 ], [ -58.36028015067884, -34.621212065533577 ], [ -58.360274928567371, -34.621217818147493 ], [ -58.360269248911095, -34.621222108789603 ], [ -58.3602637515949, -34.621225762047658 ], [ -58.360257154815464, -34.621228226339312 ], [ -58.360252299417688, -34.621229504450334 ], [ -58.360244420834931, -34.621229869943285 ], [ -58.360233059488849, -34.621229413077096 ], [ -58.360222615943762, -34.62122831771255 ], [ -58.359602641366536, -34.621182299587005 ], [ -58.359593021402119, -34.621182119069147 ], [ -58.359580285388056, -34.621180565166945 ], [ -58.359571582546792, -34.621179926111431 ], [ -58.35956214492245, -34.621180747913421 ], [ -58.35955454222227, -34.621182026024442 ], [ -58.359546204061168, -34.621184401171476 ], [ -58.359538049595834, -34.62118595284506 ], [ -58.359530262522043, -34.621191338851716 ], [ -58.359523392571404, -34.621194261681026 ], [ -58.359516429078276, -34.621201109659488 ], [ -58.359511206966808, -34.621206404292899 ], [ -58.359507451032279, -34.621211882787101 ], [ -58.359504425813761, -34.62122046574278 ], [ -58.359472727786965, -34.621497941751699 ], [ -58.359257517686594, -34.621482784937278 ], [ -58.35928637690202, -34.621224301190161 ], [ -58.359287660738872, -34.621217818147493 ], [ -58.359288393488413, -34.621210148924199 ], [ -58.359287201160527, -34.621203391761817 ], [ -58.359285370981269, -34.62119636103688 ], [ -58.35928326288591, -34.621189877994219 ], [ -58.359278040774448, -34.621181204222459 ], [ -58.35927226825352, -34.621174082124277 ], [ -58.359266770937325, -34.621169152983818 ], [ -58.35926090690743, -34.62116531697928 ], [ -58.35925476970634, -34.621162030885642 ], [ -58.359247164294779, -34.621159109727792 ], [ -58.359238186926632, -34.621157373636272 ], [ -58.359228566962209, -34.621156004152013 ], [ -58.359221236755381, -34.621155456469737 ], [ -58.358573411594861, -34.621109895210381 ], [ -58.358562692167197, -34.621109438344192 ], [ -58.358554538379707, -34.621109073408391 ], [ -58.358547483377613, -34.621106699932824 ], [ -58.358540702224566, -34.621104235641162 ], [ -58.358535389281982, -34.621101403627939 ], [ -58.358530167170514, -34.621098026161064 ], [ -58.358524669854319, -34.62109099543612 ], [ -58.358521371464597, -34.621085609986622 ], [ -58.358518714993309, -34.621079033899257 ], [ -58.358519172538124, -34.621069721071983 ], [ -58.358520272001364, -34.621060955926986 ], [ -58.358521371464597, -34.621049817306421 ], [ -58.358715234218607, -34.619329360637579 ], [ -58.35909370715374, -34.615982400160362 ], [ -58.359095170619298, -34.615973087333089 ], [ -58.35909645445615, -34.615959849356663 ], [ -58.359097553919391, -34.615951266400991 ], [ -58.359100301221801, -34.615945787906789 ], [ -58.35910240931716, -34.615940217482198 ], [ -58.359105432502147, -34.615935927397246 ], [ -58.359110929818343, -34.615930904654924 ], [ -58.359118350856292, -34.61592761856128 ], [ -58.359125496011657, -34.615924695731977 ], [ -58.359139147115343, -34.615923143501234 ], [ -58.359152159011977, -34.615923417620948 ], [ -58.359169014962887, -34.615925699723284 ], [ -58.35980309886645, -34.615976740033993 ], [ -58.359815468166815, -34.615978109518259 ], [ -58.359825545676053, -34.615979113509567 ], [ -58.359839472662316, -34.615977744582459 ], [ -58.359848907575277, -34.6159738194333 ], [ -58.359857794790159, -34.615970713857521 ], [ -58.359863292106354, -34.61596687952445 ], [ -58.35986988888579, -34.615961948712524 ], [ -58.359874377569867, -34.615955557043094 ], [ -58.359878500218088, -34.615948891253957 ], [ -58.359880975027146, -34.615942866748945 ], [ -58.359883722329556, -34.615935014222018 ], [ -58.359885463711223, -34.615926979505772 ], [ -58.359914141264412, -34.615661191471148 ], [ -58.360127058895806, -34.615679451632744 ], [ -58.360099389974742, -34.61592332624771 ], [ -58.360098015306768, -34.61593026559941 ], [ -58.36009655184121, -34.615938847997931 ], [ -58.360096642672332, -34.615944418422529 ], [ -58.36009655184121, -34.615949074000433 ], [ -58.360096825012413, -34.615956743780885 ], [ -58.360098108849265, -34.615961218283772 ], [ -58.360100214233249, -34.615967062270926 ], [ -58.360103330282882, -34.615975279733647 ], [ -58.360107910475925, -34.615981395611897 ], [ -58.360112584211457, -34.615986600543543 ], [ -58.360119729366822, -34.615991166976819 ], [ -58.36012751644062, -34.615995092125978 ], [ -58.360133380470508, -34.61599755697479 ], [ -58.36014116822215, -34.615999749375348 ], [ -58.36015216285454, -34.616002122850915 ], [ -58.360163705862867, -34.616003309588699 ], [ -58.360564532065105, -34.616035174891131 ], [ -58.360815747891955, -34.616058366421804 ] ], [ [ -58.359648084039513, -34.627084241887076 ], [ -58.359646342657847, -34.627093008703532 ], [ -58.359645334025728, -34.627102047411093 ], [ -58.359644785649799, -34.627108072473256 ], [ -58.359644052222407, -34.627112729722626 ], [ -58.359643501812947, -34.627118938645573 ], [ -58.359641944804892, -34.627122407485693 ], [ -58.359639288333604, -34.627125604434717 ], [ -58.359633424303709, -34.627130533575176 ], [ -58.359626827524274, -34.627130989884215 ], [ -58.359622062957619, -34.627131355377166 ], [ -58.359616383301343, -34.627131903059443 ], [ -58.359610428440334, -34.627131903059443 ], [ -58.358066125221235, -34.627022429563056 ], [ -58.3580591617281, -34.627021242825265 ], [ -58.35805073205804, -34.627020786516233 ], [ -58.358042578270549, -34.627020056087481 ], [ -58.35803405844721, -34.627020237162498 ], [ -58.358027279327693, -34.627020969262709 ], [ -58.358020682548258, -34.627022885872087 ], [ -58.358013994259856, -34.627025715656693 ], [ -58.358009414066821, -34.627028821232479 ], [ -58.358005565267632, -34.627031559643846 ], [ -58.357361768535, -34.627451835309095 ], [ -58.357317609698875, -34.627477583061811 ], [ -58.357187880492909, -34.62733980447635 ], [ -58.357275740620345, -34.627283469532223 ], [ -58.357860443576321, -34.626900994529798 ], [ -58.357866580777412, -34.626897249898505 ], [ -58.357872078093607, -34.626893233376109 ], [ -58.357876475946568, -34.626889671491291 ], [ -58.357879865167405, -34.626883920548842 ], [ -58.357883257099616, -34.62687798518845 ], [ -58.357886371115725, -34.62687068090095 ], [ -58.357887195374232, -34.626865110476359 ], [ -58.358210789367732, -34.623893961441041 ], [ -58.35842792115632, -34.621891192110354 ], [ -58.358428380734665, -34.62188443494798 ], [ -58.358430304456412, -34.621873386029186 ], [ -58.35843076200122, -34.621866631095422 ], [ -58.358432960927701, -34.621859873933047 ], [ -58.358436443691033, -34.621854669001401 ], [ -58.358440290456684, -34.621848916387492 ], [ -58.358445696941757, -34.621845264800896 ], [ -58.358451467429155, -34.62184206840903 ], [ -58.358458246548672, -34.621839877679932 ], [ -58.358466493200815, -34.62183859956891 ], [ -58.358476753050134, -34.621837869140158 ], [ -58.358489123028342, -34.621838690942148 ], [ -58.359126779848509, -34.621885074003487 ], [ -58.359137774480907, -34.621885530312525 ], [ -58.359150783666166, -34.621887356105823 ], [ -58.359159853221122, -34.621886260741277 ], [ -58.359169748390279, -34.621883429285205 ], [ -58.359177811346648, -34.621880051818323 ], [ -58.359184956502013, -34.621877130660479 ], [ -58.359193019458381, -34.62187192572884 ], [ -58.359197599651424, -34.621869004570996 ], [ -58.359202821085042, -34.621862612901566 ], [ -58.359208685114936, -34.621854577628163 ], [ -58.359213082967891, -34.621846725658393 ], [ -58.359214182431131, -34.62183604334686 ], [ -58.359245332081997, -34.621578290028488 ], [ -58.359461184100795, -34.621594360018136 ], [ -58.359433515179731, -34.621836226093336 ], [ -58.359433330806112, -34.621842707464538 ], [ -58.359431407762209, -34.621853847756569 ], [ -58.359432322851838, -34.621862612901566 ], [ -58.359434430269353, -34.621869460880028 ], [ -58.359438188915263, -34.621875943922696 ], [ -58.359440111959167, -34.621881329372194 ], [ -58.359443044313032, -34.621886260741277 ], [ -58.35944606749802, -34.621890733572705 ], [ -58.35945275510857, -34.621897581551167 ], [ -58.359461641645609, -34.621902787039964 ], [ -58.359468329934003, -34.621906620815878 ], [ -58.359473367671853, -34.621908356907397 ], [ -58.359481248288148, -34.621910821756209 ], [ -58.359488577817125, -34.621911825747517 ], [ -58.359496731604615, -34.621913377421102 ], [ -58.359503235519398, -34.621914199223092 ], [ -58.359511756020588, -34.621914472785654 ], [ -58.360146481164733, -34.621959943228923 ], [ -58.360157842510816, -34.621960765030913 ], [ -58.360168195224787, -34.621963686188757 ], [ -58.360176624217004, -34.621967339446812 ], [ -58.360182488246899, -34.621970901331629 ], [ -58.360187159271057, -34.621975374163064 ], [ -58.360190000115963, -34.621978477510226 ], [ -58.360192932469829, -34.621983865188348 ], [ -58.360194855513733, -34.621988522437711 ], [ -58.360195222227425, -34.621994091190842 ], [ -58.360195588941124, -34.62200203453385 ], [ -58.360194305104265, -34.622009156632032 ], [ -58.359998887375738, -34.623892227020981 ], [ -58.359648084039513, -34.627084241887076 ] ] ] ] } },
{ "type": "Feature", "properties": { "circuito": "00004", "codprov": "01", "coddepto": "001" }, "geometry": { "type": "MultiPolygon", "coordinates": [ [ [ [ -58.362551073020157, -34.615702643163416 ], [ -58.363056068958343, -34.611157124323526 ], [ -58.363088775617264, -34.610871432523339 ], [ -58.363143014673994, -34.610399294745399 ], [ -58.363166101368492, -34.610197511435359 ], [ -58.363345946305124, -34.608630081539637 ], [ -58.36381841792447, -34.604456631181812 ], [ -58.364962719199838, -34.601721686423865 ], [ -58.363545215544207, -34.601834721805069 ], [ -58.363449931667454, -34.601799935344793 ], [ -58.363217223019902, -34.601686899963589 ], [ -58.362783506462975, -34.601643438060087 ], [ -58.36272175553718, -34.601648551618489 ], [ -58.361937235644028, -34.601713012652105 ], [ -58.361344839156757, -34.601695665108586 ], [ -58.359208045230041, -34.601530402678883 ], [ -58.35908005537221, -34.601489133175939 ], [ -58.358593384273249, -34.60145845461129 ], [ -58.358619860188576, -34.601371350843586 ], [ -58.35815554235672, -34.602629622174426 ], [ -58.356222964575828, -34.608087913974948 ], [ -58.354393181862903, -34.613343419031274 ], [ -58.354002524678862, -34.614272809663838 ], [ -58.354043660329999, -34.614458705730705 ], [ -58.354084705150022, -34.614779825275292 ], [ -58.354023045733186, -34.614965721342159 ], [ -58.354434226682926, -34.615050179186042 ], [ -58.354701565711139, -34.615016396717074 ], [ -58.35507160829836, -34.615033287951562 ], [ -58.358669516340903, -34.615269858279028 ], [ -58.358936766571524, -34.615337423216964 ], [ -58.359060082693823, -34.615557103424266 ], [ -58.359327421722035, -34.615557103424266 ], [ -58.360828208023442, -34.61564165096992 ], [ -58.362020699952041, -34.615709217579315 ], [ -58.362419327227798, -34.615691959737575 ], [ -58.362551073020157, -34.615702643163416 ] ], [ [ -58.361421247106982, -34.602130184970179 ], [ -58.361567010716726, -34.602121693387744 ], [ -58.361698480626508, -34.602130458532741 ], [ -58.361651390114361, -34.602541329997479 ], [ -58.361660094989155, -34.6025426081085 ], [ -58.361659910615543, -34.602550551451507 ], [ -58.361658901983425, -34.602556760931613 ], [ -58.361659634732966, -34.602563517536836 ], [ -58.361661467623598, -34.602570548261774 ], [ -58.361664950386924, -34.6025768468865 ], [ -58.361668521947841, -34.602582782246891 ], [ -58.361673195005537, -34.602588626234045 ], [ -58.361680158498665, -34.602592277820641 ], [ -58.361691975356031, -34.602596113268021 ], [ -58.361701230640293, -34.602598669490064 ], [ -58.361709657598979, -34.602600586099449 ], [ -58.362291521743586, -34.602645235297885 ], [ -58.362298300863102, -34.602645782980161 ], [ -58.362307278231256, -34.602646695598231 ], [ -58.362313233770109, -34.602646330662438 ], [ -58.362321205217519, -34.602646878344707 ], [ -58.362329083800276, -34.602648156455736 ], [ -58.36233668921183, -34.602648795511243 ], [ -58.36234768384422, -34.602651718340553 ], [ -58.362356110802914, -34.602655369369991 ], [ -58.362362798413464, -34.602658473274317 ], [ -58.362368662443359, -34.602661578850096 ], [ -58.36237535073176, -34.602667240090774 ], [ -58.362380572165378, -34.602674544935425 ], [ -58.362384054928711, -34.602680660813675 ], [ -58.362386711399999, -34.602687235229581 ], [ -58.362389459380253, -34.602693991834805 ], [ -58.362390376503413, -34.602699835821959 ], [ -58.362390558843494, -34.602705221828607 ], [ -58.36205404852938, -34.605633914623198 ], [ -58.361749512124646, -34.608327863440763 ], [ -58.361747955116591, -34.608337084894799 ], [ -58.361747313198165, -34.608345028794965 ], [ -58.361745571816499, -34.608350507289167 ], [ -58.361744747557992, -34.608355801922585 ], [ -58.361742548631511, -34.608360915480986 ], [ -58.361739525446524, -34.608364292947869 ], [ -58.36173567868088, -34.608368311698875 ], [ -58.361732653462361, -34.608371506419282 ], [ -58.361727158179697, -34.608374976930861 ], [ -58.361721660863495, -34.608376894097397 ], [ -58.361714788879326, -34.60837808083518 ], [ -58.361708834018316, -34.60837899345325 ], [ -58.361698665000119, -34.608378719890695 ], [ -58.361687395162996, -34.608376894097397 ], [ -58.361063297937548, -34.608328137560477 ], [ -58.361053402768391, -34.608327772067526 ], [ -58.361044973776174, -34.608327772067526 ], [ -58.361033612430084, -34.608327589878208 ], [ -58.361024176839273, -34.608329141551792 ], [ -58.361016207425401, -34.608330054169862 ], [ -58.36100970147708, -34.608331423654121 ], [ -58.361005028419392, -34.608334072920869 ], [ -58.360997973417298, -34.608337998070027 ], [ -58.360990919093048, -34.608344298366212 ], [ -58.360984689027312, -34.608349866562193 ], [ -58.360981850215936, -34.608355345613546 ], [ -58.360977543194096, -34.608362376338484 ], [ -58.360975710981315, -34.608371689165757 ], [ -58.36097415397326, -34.608378811263933 ], [ -58.360973878768526, -34.608385567869156 ], [ -58.360964258804103, -34.608389860182726 ], [ -58.360940530191186, -34.608584063414092 ], [ -58.360717991917525, -34.608566259004384 ], [ -58.360741720530442, -34.60836210221877 ], [ -58.36073558129582, -34.608361645909731 ], [ -58.360736223214246, -34.608353337073773 ], [ -58.360736956641638, -34.608345393730758 ], [ -58.360736772268019, -34.608337267641275 ], [ -58.360735399633583, -34.608330784598614 ], [ -58.360733200707102, -34.608323480311114 ], [ -58.360730635066929, -34.608317820741895 ], [ -58.360727794222022, -34.608313254308619 ], [ -58.360723762404916, -34.608308688432487 ], [ -58.360719458094458, -34.608303941481346 ], [ -58.360714969410381, -34.608301933498723 ], [ -58.360707548372439, -34.60829818886743 ], [ -58.360702051056236, -34.608295724018618 ], [ -58.360692246718202, -34.60829207131772 ], [ -58.360678228900824, -34.608290245524422 ], [ -58.360666043296227, -34.608290062777947 ], [ -58.360655599751141, -34.608289697842146 ], [ -58.36064634650041, -34.608288419731124 ], [ -58.360565449188265, -34.608284310164031 ], [ -58.360021422982925, -34.608246876108467 ], [ -58.360011621356264, -34.608246419799428 ], [ -58.36000346689093, -34.608244592334671 ], [ -58.359996504075646, -34.608241945296541 ], [ -58.359991739508992, -34.608238841392222 ], [ -58.359988165914544, -34.608234549078652 ], [ -58.359984409980015, -34.608228887837974 ], [ -58.359983128176694, -34.608224232260071 ], [ -58.359982943803082, -34.608219392264225 ], [ -58.359982303918187, -34.608213274714515 ], [ -58.359982761463002, -34.608207706518535 ], [ -58.359982303918187, -34.608202318840419 ], [ -58.360278320499589, -34.605634097369673 ], [ -58.36056297505705, -34.603072267568358 ], [ -58.360619410328894, -34.602592095074165 ], [ -58.360621060879438, -34.602583694864968 ], [ -58.360622068833713, -34.602574656157408 ], [ -58.360622802261105, -34.602568903543492 ], [ -58.360624083386583, -34.602562603247307 ], [ -58.360626464653144, -34.602557034494176 ], [ -58.360629214666929, -34.60255036926219 ], [ -58.360632146342951, -34.602545348748485 ], [ -58.360635078696816, -34.602540508752639 ], [ -58.360639749720974, -34.602535668756801 ], [ -58.360644880323477, -34.602532474036394 ], [ -58.360650102434946, -34.602527907603111 ], [ -58.360656424009647, -34.602524530136229 ], [ -58.360662654075391, -34.602522522153613 ], [ -58.360670075113333, -34.602520055633342 ], [ -58.360674930511102, -34.602518777522313 ], [ -58.360680885372112, -34.602519142458114 ], [ -58.360689681078028, -34.602519051642027 ], [ -58.360699025837718, -34.602518960268789 ], [ -58.360707179625209, -34.602519507951065 ], [ -58.36130333679192, -34.602567899552184 ], [ -58.361311031001065, -34.602568447234454 ], [ -58.361318635734783, -34.602567899552184 ], [ -58.361326056772725, -34.602565708265935 ], [ -58.361332378347427, -34.602562787665242 ], [ -58.36133979938537, -34.602560321144971 ], [ -58.361345845077501, -34.602556213249336 ], [ -58.36135051813519, -34.602550916944459 ], [ -58.361354274747562, -34.602544981584067 ], [ -58.361357939173132, -34.602536855494584 ], [ -58.36136096235812, -34.602528273096063 ], [ -58.361362519366175, -34.602521607306926 ], [ -58.361374431121725, -34.60252105962465 ], [ -58.361421247106982, -34.602130184970179 ] ], [ [ -58.360578640713605, -34.608967635452522 ], [ -58.360585695715699, -34.608967635452522 ], [ -58.360593025244683, -34.608968548070592 ], [ -58.360602829582717, -34.60897028471927 ], [ -58.360611623255096, -34.608970556610366 ], [ -58.360622433513875, -34.608969826181621 ], [ -58.360631229219791, -34.608968000388323 ], [ -58.360637825999227, -34.608965901032462 ], [ -58.360645155528211, -34.608962706312056 ], [ -58.360651295440675, -34.608958231252011 ], [ -58.360656881554462, -34.608953756749123 ], [ -58.36066137227207, -34.608947914433429 ], [ -58.360668060560471, -34.608938784352638 ], [ -58.360670717031759, -34.608932392683208 ], [ -58.360671816495, -34.608925726894071 ], [ -58.360673648707781, -34.608912760808742 ], [ -58.360679603568791, -34.60891248724618 ], [ -58.360706997285128, -34.608662403151108 ], [ -58.36093375107167, -34.60867911219627 ], [ -58.360904158428852, -34.608928921614478 ], [ -58.360910570834676, -34.608930473845213 ], [ -58.360909747254013, -34.608940244652985 ], [ -58.360908922995506, -34.608945815077576 ], [ -58.360909655745054, -34.60895348262941 ], [ -58.360910570834676, -34.608958139878773 ], [ -58.360911761806882, -34.608962430520883 ], [ -58.360913045643734, -34.608965901032462 ], [ -58.360915060196596, -34.608970647983604 ], [ -58.360918449417433, -34.608975852915243 ], [ -58.360920832717525, -34.608979871109099 ], [ -58.360924406989824, -34.608982609520474 ], [ -58.360930910226763, -34.608988179945065 ], [ -58.360936132338225, -34.608991374665472 ], [ -58.360941629654427, -34.608993656767801 ], [ -58.360947217801737, -34.608996853716825 ], [ -58.360952715117939, -34.60899886169944 ], [ -58.360959219032722, -34.60899931856563 ], [ -58.360970580378812, -34.608999500754955 ], [ -58.36098230776075, -34.609001052428539 ], [ -58.360991927725173, -34.609001874230529 ], [ -58.361599350661947, -34.609049079093857 ], [ -58.361607504449438, -34.609050813513917 ], [ -58.361614833978415, -34.60905154394267 ], [ -58.361620515668228, -34.609050723812139 ], [ -58.361627843841518, -34.609052367416119 ], [ -58.361634806656809, -34.609053097287713 ], [ -58.361640395481963, -34.609054923081011 ], [ -58.361645617593432, -34.609057935612093 ], [ -58.361650565855854, -34.609060584321689 ], [ -58.361653864245568, -34.609063779599246 ], [ -58.361657069770636, -34.609066609383852 ], [ -58.361661194452395, -34.609074463582239 ], [ -58.361663757381194, -34.609080123151458 ], [ -58.361664674504354, -34.609085693018898 ], [ -58.361662384746751, -34.609096557519749 ], [ -58.361661925168406, -34.609106327213212 ], [ -58.361538333163537, -34.610198515426667 ], [ -58.361017764433456, -34.614762934040812 ], [ -58.360960778074308, -34.615276614884252 ], [ -58.360959678611067, -34.615283828355672 ], [ -58.360959494237456, -34.615289122989083 ], [ -58.360958394774215, -34.615294692856523 ], [ -58.36095683776616, -34.615298620234299 ], [ -58.360955463098193, -34.615304827485787 ], [ -58.360951340449965, -34.615309393361912 ], [ -58.360948042060244, -34.615313685675481 ], [ -58.360943371036093, -34.615318706189186 ], [ -58.360937507006199, -34.615321993954289 ], [ -58.360930910226763, -34.615325554167647 ], [ -58.360924313447327, -34.615327653523508 ], [ -58.360915517741411, -34.615328840261292 ], [ -58.360909013826628, -34.615328931634529 ], [ -58.360898843452738, -34.615327471334183 ], [ -58.360887850853878, -34.615327471334183 ], [ -58.360877131426214, -34.615326010476686 ], [ -58.360564349725024, -34.615300719590152 ], [ -58.360246071385482, -34.615275975828744 ], [ -58.360232235908185, -34.61527524595715 ], [ -58.360224357325428, -34.615274789090961 ], [ -58.360217027118601, -34.615275154583912 ], [ -58.360208688957499, -34.615277710248805 ], [ -58.36020218572056, -34.615279718788578 ], [ -58.360195588941124, -34.615282824364357 ], [ -58.360189815742345, -34.615286384020564 ], [ -58.360184593630883, -34.615289487924883 ], [ -58.360180198489303, -34.615294327920729 ], [ -58.360175431889118, -34.615303001692489 ], [ -58.360172683908864, -34.615309210615436 ], [ -58.360143182775012, -34.615581482249873 ], [ -58.359923210141524, -34.615564955951186 ], [ -58.359951978525828, -34.615304370619597 ], [ -58.359952893615457, -34.615294875602999 ], [ -58.359952526901758, -34.615287662131585 ], [ -58.359951061402668, -34.615281819815898 ], [ -58.359949504394621, -34.615275702266182 ], [ -58.359945748460085, -34.615270041025504 ], [ -58.359941625811864, -34.615265565965466 ], [ -58.359935304237155, -34.615260271332048 ], [ -58.359928432252985, -34.615256435884667 ], [ -58.359920369296617, -34.615252967044547 ], [ -58.359914414435607, -34.615251232624487 ], [ -58.359906626683973, -34.615249222413254 ], [ -58.359897098228508, -34.615247853486146 ], [ -58.359249088016526, -34.615198366520481 ], [ -58.359242675610709, -34.615197271155928 ], [ -58.359230490006112, -34.615196723473659 ], [ -58.35922242772758, -34.615195171242917 ], [ -58.359213907226398, -34.615194806307123 ], [ -58.359209509373443, -34.615193254633539 ], [ -58.359204471635593, -34.61519106167583 ], [ -58.359198057196238, -34.615187410646385 ], [ -58.359194485635321, -34.615184578633162 ], [ -58.359190087104515, -34.61518028854821 ], [ -58.35918688022376, -34.61517599623464 ], [ -58.359183399493965, -34.615170153918953 ], [ -58.359182209199602, -34.615162666884977 ], [ -58.359182115657106, -34.615156640151348 ], [ -58.359183215120346, -34.615149883546124 ], [ -58.35922765187258, -34.614763663912406 ], [ -58.359755916845344, -34.610201986495397 ], [ -58.359895998765268, -34.608958505371724 ], [ -58.359896640683694, -34.608953941167059 ], [ -58.359897740146934, -34.608945539286395 ], [ -58.359899297154989, -34.608940244652985 ], [ -58.359901129367771, -34.608935861523328 ], [ -58.35990433692637, -34.608931023198949 ], [ -58.359908734779331, -34.608927369940893 ], [ -58.359913041801171, -34.608924722902756 ], [ -58.359917255280514, -34.608922897109458 ], [ -58.35992385205995, -34.608921893118151 ], [ -58.359930631179466, -34.608920886898225 ], [ -58.359936219326784, -34.608921161017939 ], [ -58.359945839291207, -34.608921617326978 ], [ -58.359958848476467, -34.608922988482696 ], [ -58.360565173983531, -34.608970100301335 ], [ -58.360578640713605, -34.608967635452522 ] ] ] ] } },
{ "type": "Feature", "properties": { "circuito": "00005", "codprov": "01", "coddepto": "001" }, "geometry": { "type": "MultiPolygon", "coordinates": [ [ [ [ -58.379264751894418, -34.581360442911972 ], [ -58.378974508511789, -34.581424356263305 ], [ -58.378931173256326, -34.581433943210293 ], [ -58.378508176127063, -34.581585691872398 ], [ -58.37812695385599, -34.581810940832824 ], [ -58.375510636019207, -34.583283048383805 ], [ -58.375464369765567, -34.583309161072322 ], [ -58.371711626524799, -34.583103452613123 ], [ -58.370670118283876, -34.58369547152212 ], [ -58.369495766820876, -34.582246646875049 ], [ -58.369498516834668, -34.582245095201465 ], [ -58.369367685454087, -34.582087958861251 ], [ -58.369808641386719, -34.581841893517186 ], [ -58.369797555923206, -34.581842075706504 ], [ -58.369788851048412, -34.581840889525871 ], [ -58.36977272784705, -34.581840432659682 ], [ -58.369752386421432, -34.581838879314638 ], [ -58.363414566503714, -34.581346564208566 ], [ -58.363381493808944, -34.581344464295555 ], [ -58.36336628501936, -34.581342456312939 ], [ -58.363354100092607, -34.581342273566463 ], [ -58.363342463541791, -34.581343551677485 ], [ -58.363332386032553, -34.581347020517605 ], [ -58.363323959073867, -34.581351403647254 ], [ -58.363312964441469, -34.581356881027148 ], [ -58.363298397570318, -34.581365556470374 ], [ -58.36328071532737, -34.581376147408669 ], [ -58.360787070338766, -34.582796666409507 ], [ -58.360689774620525, -34.582852180108802 ], [ -58.360671265407689, -34.58286213199159 ], [ -58.360658898140862, -34.582871355117085 ], [ -58.360648545426891, -34.582882767857363 ], [ -58.360645155528211, -34.582895277076503 ], [ -58.360597698302371, -34.583300943609601 ], [ -58.360598431729755, -34.583307518025499 ], [ -58.360600812318474, -34.583313818321692 ], [ -58.360606127972432, -34.583319843383855 ], [ -58.360612813549459, -34.583324409259987 ], [ -58.360620418961012, -34.583327695353631 ], [ -58.36063104687971, -34.58332997912742 ], [ -58.360645522241903, -34.583331257238449 ], [ -58.360658440596048, -34.583331896293956 ], [ -58.366019527061468, -34.58374678428109 ], [ -58.366036474521337, -34.583747971018873 ], [ -58.366047193949001, -34.583749250801354 ], [ -58.366056174028529, -34.583752628268236 ], [ -58.366061486971113, -34.583756188481594 ], [ -58.366066251537767, -34.583759933112894 ], [ -58.366070649390721, -34.583765777100041 ], [ -58.366073030657283, -34.583773720443055 ], [ -58.366074312460604, -34.583783945888399 ], [ -58.366073215030895, -34.583796271246754 ], [ -58.366054432646862, -34.583953590333444 ], [ -58.36601485400378, -34.583997509103135 ], [ -58.365187365568865, -34.584468001605643 ], [ -58.364456075422481, -34.58488380276799 ], [ -58.364437202207334, -34.584893573575762 ], [ -58.364424925771615, -34.584900604300699 ], [ -58.364415763352007, -34.584904894385652 ], [ -58.364407791904604, -34.584907360905923 ], [ -58.364397347681674, -34.584908639016952 ], [ -58.364378383635405, -34.5849079085882 ], [ -58.364356396404148, -34.584906263869918 ], [ -58.364324511292359, -34.584903799021106 ], [ -58.364297117576029, -34.584901334729452 ], [ -58.360561966424932, -34.584607332421839 ], [ -58.357976796883328, -34.584406096236918 ], [ -58.357966903747709, -34.584405000872373 ], [ -58.357955633232741, -34.584404544563334 ], [ -58.357946289150888, -34.584405000872373 ], [ -58.35793914331768, -34.584406096236918 ], [ -58.357929981575914, -34.584409840868211 ], [ -58.357918804603443, -34.584415411292809 ], [ -58.357910466442334, -34.584420340433269 ], [ -58.35581343621017, -34.585606206830334 ], [ -58.355803265158436, -34.585613146182034 ], [ -58.355793829567624, -34.585618990169188 ], [ -58.355786590869762, -34.585625838147649 ], [ -58.355781002722452, -34.585632958574365 ], [ -58.355777337619038, -34.585640264533325 ], [ -58.355775413897291, -34.585649485987354 ], [ -58.355773672515625, -34.585662906710262 ], [ -58.355733178782913, -34.586039083087954 ], [ -58.355733818667808, -34.586046752868405 ], [ -58.355735744423086, -34.586056522004711 ], [ -58.355739224475037, -34.586063826292211 ], [ -58.355744446586506, -34.586070857017148 ], [ -58.355750401447516, -34.586077979115323 ], [ -58.35575818919915, -34.586083456495217 ], [ -58.355767626823493, -34.586089391298451 ], [ -58.355778894627086, -34.586093318676227 ], [ -58.355791537776497, -34.586094778976566 ], [ -58.355807296297698, -34.58609623983407 ], [ -58.360561600389083, -34.586465750422626 ], [ -58.361467331698385, -34.586536420936341 ], [ -58.361479149911446, -34.586537516300886 ], [ -58.361490418392883, -34.586540163339023 ], [ -58.361500771106847, -34.586544455652593 ], [ -58.361507458717405, -34.586550847322016 ], [ -58.36151524646904, -34.586559064784737 ], [ -58.361517536226643, -34.586568651174574 ], [ -58.361517902940335, -34.586582803997686 ], [ -58.361520468580508, -34.586744870035524 ], [ -58.361519735153117, -34.586754639171829 ], [ -58.361519002403575, -34.586763860625865 ], [ -58.36151634593228, -34.586771530406317 ], [ -58.361507641057486, -34.58678139091586 ], [ -58.36148895221595, -34.58679645635705 ], [ -58.361447083137421, -34.586830330199248 ], [ -58.360561966424932, -34.587527169255345 ], [ -58.360350421427974, -34.587690512847054 ], [ -58.360342267640483, -34.587696356834208 ], [ -58.360329718033576, -34.587705486915006 ], [ -58.360322203453137, -34.587710418284082 ], [ -58.360314143208143, -34.587713887124202 ], [ -58.3603047055838, -34.587716442789095 ], [ -58.360295360824111, -34.587717540382258 ], [ -58.360288579671057, -34.587717631198345 ], [ -58.360279510793944, -34.587716169226539 ], [ -58.360272272096083, -34.587715530171025 ], [ -58.360263203218963, -34.587714799742272 ], [ -58.35579502053983, -34.587378069302837 ], [ -58.355209218120613, -34.587329036974751 ], [ -58.355197675112287, -34.587329036974751 ], [ -58.355187413229437, -34.587329769074962 ], [ -58.355179992191495, -34.587332416113092 ], [ -58.355173395412059, -34.587335702206737 ], [ -58.355165608338268, -34.58734209387616 ], [ -58.35516148569004, -34.587348029236551 ], [ -58.355158187300319, -34.587354968588251 ], [ -58.355155437286534, -34.587363003861654 ], [ -58.355154155483213, -34.587368297937914 ], [ -58.355153605073752, -34.587378249820702 ], [ -58.354966431963831, -34.589107563007779 ], [ -58.354966065927982, -34.589115871843738 ], [ -58.354965148126979, -34.589125093297774 ], [ -58.354965881554364, -34.589134225607182 ], [ -58.354969179944085, -34.58914426830605 ], [ -58.354974861633892, -34.589152120832978 ], [ -58.354980722952412, -34.589159425120478 ], [ -58.354989794540899, -34.589166182282852 ], [ -58.354999780541171, -34.589172024598547 ], [ -58.355008942960779, -34.589175312363651 ], [ -58.355020485969106, -34.589176499101434 ], [ -58.355037709311553, -34.589178142148256 ], [ -58.355061073244315, -34.58918015068803 ], [ -58.355096893919338, -34.589182799397626 ], [ -58.358946017788725, -34.589476708660534 ], [ -58.358957836001778, -34.589477712651842 ], [ -58.358967640339813, -34.589479812564853 ], [ -58.35897497054664, -34.589482096338649 ], [ -58.358979368399602, -34.5894850174965 ], [ -58.35898257324682, -34.589489035690349 ], [ -58.358985780805419, -34.589494238950529 ], [ -58.358988346445592, -34.58949980937512 ], [ -58.358989170026256, -34.589508483146886 ], [ -58.358987888900785, -34.589518891338706 ], [ -58.358853026380942, -34.590714345797053 ], [ -58.358851284999275, -34.590723110942051 ], [ -58.358849821533717, -34.590731876087055 ], [ -58.35884413984391, -34.590739363121024 ], [ -58.35883653646588, -34.590745481227891 ], [ -58.358827923100051, -34.590748219639259 ], [ -58.358820044517294, -34.590748493201822 ], [ -58.358806117531032, -34.590748128266021 ], [ -58.358790361043361, -34.590746302472724 ], [ -58.358771487828207, -34.59074511573494 ], [ -58.354909446282527, -34.590441344291023 ], [ -58.354889197721562, -34.590439336308407 ], [ -58.35487215739704, -34.590439153561931 ], [ -58.354858597124469, -34.590440887981984 ], [ -58.354849070702542, -34.59044408270239 ], [ -58.35484073254144, -34.590447371024652 ], [ -58.35483230287138, -34.590452939220626 ], [ -58.354825066207049, -34.590458965954255 ], [ -58.354820302318238, -34.590463896766181 ], [ -58.354817003928524, -34.590469830455113 ], [ -58.354812330192985, -34.590479966755836 ], [ -58.354810406471238, -34.590492200740954 ], [ -58.354808025882527, -34.590502793350709 ], [ -58.354711276506677, -34.591347910557324 ], [ -58.354714484065276, -34.591348549612839 ], [ -58.354717782454998, -34.591349188111195 ], [ -58.354721080844719, -34.591349735793472 ], [ -58.354724285691937, -34.591350374848979 ], [ -58.354727584081658, -34.591350922531255 ], [ -58.354730882471372, -34.591351561586762 ], [ -58.354734180861094, -34.591352109269039 ], [ -58.354737479250808, -34.591352656951315 ], [ -58.354740777640529, -34.591353204633585 ], [ -58.354744167539209, -34.591353843689099 ], [ -58.354747465928931, -34.591354391371375 ], [ -58.354750764318645, -34.591354939053645 ], [ -58.354754153539481, -34.591355488964538 ], [ -58.354757451929203, -34.591356036646808 ], [ -58.354760750318917, -34.591356584329084 ], [ -58.354764140217597, -34.591357223384598 ], [ -58.354767438607318, -34.591357771066868 ], [ -58.354770827828155, -34.591358318749144 ], [ -58.354774126217876, -34.59135886643142 ], [ -58.354777516116556, -34.59135941411369 ], [ -58.35478081450627, -34.591359961795966 ], [ -58.354784112895992, -34.591360509478243 ], [ -58.354787502116828, -34.591361057160512 ], [ -58.354790800506542, -34.591361604842788 ], [ -58.354794190405229, -34.591362152525058 ], [ -58.354797488794944, -34.591362700207334 ], [ -58.354800787184665, -34.591363339262848 ], [ -58.354804085574379, -34.591363886945118 ], [ -58.354807474795216, -34.591364436298853 ], [ -58.354810773184937, -34.59136498398113 ], [ -58.354814071574651, -34.591365623036644 ], [ -58.354817369964373, -34.591366170718914 ], [ -58.354820668354087, -34.59136671840119 ], [ -58.354823966743808, -34.591367357456704 ], [ -58.354827265133522, -34.591367905138974 ], [ -58.354830470658591, -34.591368544194488 ], [ -58.354833769048312, -34.591369183250002 ], [ -58.354836976606911, -34.591369730932271 ], [ -58.354840274996633, -34.591370369987786 ], [ -58.354843481877381, -34.5913710090433 ], [ -58.35484668740245, -34.591371648098807 ], [ -58.354849894283205, -34.591372288825781 ], [ -58.354853099808274, -34.591372927881295 ], [ -58.354856307366873, -34.591373566379652 ], [ -58.354859514247629, -34.591374205435166 ], [ -58.354862628263731, -34.591374844490673 ], [ -58.354865744991216, -34.591375574919425 ], [ -58.354868949838441, -34.591376213974939 ], [ -58.354872065888074, -34.591376944403684 ], [ -58.354875180582027, -34.591377674275286 ], [ -58.354878203089164, -34.591378313330793 ], [ -58.354881319816648, -34.591379043759545 ], [ -58.354884342323793, -34.591379774188297 ], [ -58.35488736550878, -34.591380506288509 ], [ -58.354890388693761, -34.591381327533341 ], [ -58.354893413912279, -34.591382057962093 ], [ -58.354896343554771, -34.591382879206925 ], [ -58.354898267276518, -34.591384248691185 ], [ -58.354898451650136, -34.591386804913235 ], [ -58.354897536560507, -34.591390001305101 ], [ -58.354896343554771, -34.591393378771983 ], [ -58.35489561283876, -34.591396484347761 ], [ -58.35489561283876, -34.591399222759136 ], [ -58.354895703669882, -34.591401961727655 ], [ -58.354895886009963, -34.59140470181049 ], [ -58.354895976841078, -34.59140734884862 ], [ -58.35489616121469, -34.591410087817145 ], [ -58.354896252723655, -34.591412827899973 ], [ -58.354896436419423, -34.591415657684578 ], [ -58.354896527928389, -34.591418396095953 ], [ -58.354896618759504, -34.591421136735939 ], [ -58.354896894642081, -34.591423783774069 ], [ -58.354897167813277, -34.591426522185436 ], [ -58.354897536560507, -34.591429261153962 ], [ -58.354898084936437, -34.59143200123679 ], [ -58.354898726854863, -34.59143464827492 ], [ -58.354899366739758, -34.591437388914905 ], [ -58.354900008658184, -34.591440035953042 ], [ -58.354900559067651, -34.59144277436441 ], [ -58.354901198952547, -34.591445423631157 ], [ -58.354901658530892, -34.591448162042525 ], [ -58.354902116075699, -34.591450900453893 ], [ -58.35490266512948, -34.59145354972064 ], [ -58.35490321553894, -34.591456288132008 ], [ -58.354903948966331, -34.591458935727296 ], [ -58.354904772546995, -34.591461584436892 ], [ -58.354905690347998, -34.591464232032173 ], [ -58.354906696268742, -34.591466787697065 ], [ -58.35490770490086, -34.591469435292353 ], [ -58.354908712855135, -34.591471992628712 ], [ -58.354909812318375, -34.591474640223993 ], [ -58.354910911781616, -34.591477197560351 ], [ -58.354912011244856, -34.591479845155632 ], [ -58.354913110708097, -34.591482400820531 ], [ -58.354914210171337, -34.591484958714041 ], [ -58.354915401143536, -34.591487514936084 ], [ -58.354916591437892, -34.591490070600976 ], [ -58.354917782410098, -34.591492626823026 ], [ -58.35491906624695, -34.591495184716536 ], [ -58.354920438881386, -34.59149764900819 ], [ -58.35492181354936, -34.59150020523024 ], [ -58.354923188217334, -34.591502671750511 ], [ -58.354924654394267, -34.591505136042166 ], [ -58.3549261205712, -34.591507600890978 ], [ -58.354927586070289, -34.591510067411242 ], [ -58.354929052247222, -34.591512532260055 ], [ -58.354930609255277, -34.591514905735629 ], [ -58.354931983923244, -34.59151746307198 ], [ -58.354933450100184, -34.591519927920793 ], [ -58.354934916277116, -34.591522392769598 ], [ -58.354936381776206, -34.591524859289869 ], [ -58.354938030293219, -34.591527232208293 ], [ -58.354939771674886, -34.591529514310622 ], [ -58.354941603887667, -34.591531798641569 ], [ -58.354943527609414, -34.591533989370667 ], [ -58.354945542162284, -34.591536180099766 ], [ -58.354947650257643, -34.591538370828857 ], [ -58.354949757675158, -34.591540470741869 ], [ -58.354951863736986, -34.591542571769189 ], [ -58.354953971154501, -34.591544762498287 ], [ -58.354955988418745, -34.591546862411299 ], [ -58.354958093802729, -34.59154905314039 ], [ -58.354960201898088, -34.591551154167711 ], [ -58.354962309993446, -34.591553254080722 ], [ -58.354964508919927, -34.591555353436583 ], [ -58.354966707846408, -34.591557363647816 ], [ -58.354968997604004, -34.591559371630439 ], [ -58.354971378870566, -34.591561288796967 ], [ -58.354973762170658, -34.591563205963503 ], [ -58.354976234268335, -34.591565033428267 ], [ -58.354978708399543, -34.591566858664407 ], [ -58.354981274039716, -34.591568684457705 ], [ -58.35498374817093, -34.591570418877765 ], [ -58.354986311777566, -34.591572244671063 ], [ -58.35498878590878, -34.59157407213582 ], [ -58.354991351548954, -34.59157580655588 ], [ -58.354993916511283, -34.591577540975941 ], [ -58.354996482151456, -34.591579275396001 ], [ -58.354999138622745, -34.591581009816061 ], [ -58.35500179509404, -34.591582563161104 ], [ -58.355004545107825, -34.591584206765084 ], [ -58.355007292410235, -34.591585758438669 ], [ -58.355010040390489, -34.591587218739015 ], [ -58.355012881235396, -34.591588679596512 ], [ -58.355015812911418, -34.591590050752238 ], [ -58.35501874458744, -34.591591328306102 ], [ -58.355021676941313, -34.59159260641713 ], [ -58.355024700126293, -34.591593793154914 ], [ -58.355027722633437, -34.59159488851946 ], [ -58.355030747851956, -34.59159607525725 ], [ -58.355033771036943, -34.591597172293255 ], [ -58.355036885053046, -34.591598267657808 ], [ -58.355039908238034, -34.591599363579505 ], [ -58.355042931423021, -34.591600549760138 ], [ -58.35504595664154, -34.591601645681841 ], [ -58.355049070657643, -34.591602741046387 ], [ -58.355052093164787, -34.59160392778417 ], [ -58.355055116349774, -34.591605023148723 ], [ -58.355058139534762, -34.591606120184728 ], [ -58.355061255584395, -34.591607215549281 ], [ -58.355064369600498, -34.591608128167351 ], [ -58.355067486327982, -34.591609041342579 ], [ -58.355070691175207, -34.591609862587411 ], [ -58.355073898733806, -34.591610501642926 ], [ -58.355077105614562, -34.591611232071671 ], [ -58.355080404004276, -34.591611871127185 ], [ -58.355083609529345, -34.591612418809461 ], [ -58.355086907919066, -34.591612966491731 ], [ -58.355090115477665, -34.591613605547245 ], [ -58.35509341386738, -34.591614154900981 ], [ -58.355097535837764, -34.591614976702964 ], [ -58.356114305477959, -34.591825068848969 ], [ -58.356113023674638, -34.591829450307159 ], [ -58.356126493116086, -34.591833012191977 ], [ -58.356095340753846, -34.591945134955118 ], [ -58.356081783192657, -34.591978278368572 ], [ -58.356065199735106, -34.591976634764599 ], [ -58.356063825067132, -34.591987042956418 ], [ -58.356078667143017, -34.591994439174307 ], [ -58.356020856525369, -34.592213844147579 ], [ -58.356053838389016, -34.592219596761495 ], [ -58.356129607132196, -34.591945408517674 ], [ -58.356159014723545, -34.591839495234645 ], [ -58.356169094944164, -34.591840956092142 ], [ -58.356171567041841, -34.591836845967897 ], [ -58.356698275006543, -34.591943672426154 ], [ -58.360564989609919, -34.592724237225916 ], [ -58.363409986988515, -34.593293705888371 ], [ -58.363349519899572, -34.593734525489005 ], [ -58.362938705663524, -34.593954021835515 ], [ -58.362921482321077, -34.593949913939881 ], [ -58.362904717201289, -34.593947082483815 ], [ -58.3628879520815, -34.593944344072447 ], [ -58.362871093419216, -34.593941970596873 ], [ -58.362854143925809, -34.593939778196315 ], [ -58.362837193754558, -34.593937861029779 ], [ -58.362820244261158, -34.593936126609719 ], [ -58.362803205970167, -34.593934666309373 ], [ -58.362786072103148, -34.593933479571589 ], [ -58.362769031100783, -34.593932475023124 ], [ -58.362751899267302, -34.593931745151529 ], [ -58.362734858264936, -34.593931286613881 ], [ -58.362717724397918, -34.593931106096015 ], [ -58.36270059256443, -34.593931106096015 ], [ -58.362683460730949, -34.593931377987118 ], [ -58.362666326863931, -34.593931835967616 ], [ -58.362649288572939, -34.593932566396361 ], [ -58.362632154028077, -34.593933570387676 ], [ -58.362615113703555, -34.593934848498698 ], [ -58.362598072701189, -34.593936309356195 ], [ -58.362581123207782, -34.593938043776255 ], [ -58.362564173714382, -34.593940053430337 ], [ -58.362547226254513, -34.593942244716587 ], [ -58.362530367592228, -34.593944709008241 ], [ -58.362513601794589, -34.593947449648226 ], [ -58.36249683464127, -34.59395037080607 ], [ -58.362480160352597, -34.593953565526476 ], [ -58.36246357960642, -34.593956944664825 ], [ -58.362446996148869, -34.593960596251414 ], [ -58.362430597064929, -34.593964523072032 ], [ -58.362414196625295, -34.593968630967666 ], [ -58.362397979881436, -34.593973014654473 ], [ -58.362381763137577, -34.593977578859139 ], [ -58.362365639258371, -34.593982418854978 ], [ -58.36234969839709, -34.593987532413387 ], [ -58.362333848366923, -34.593992827046797 ], [ -58.362318089167879, -34.593998305541 ], [ -58.36230242283348, -34.594004056483456 ], [ -58.362286939517013, -34.594009991843848 ], [ -58.362271549065191, -34.594016200766795 ], [ -58.362256340953458, -34.594022592436218 ], [ -58.362241223672839, -34.594029258225362 ], [ -58.362226290765832, -34.594036104532364 ], [ -58.36221144665641, -34.594043135257301 ], [ -58.362196788954137, -34.594050348728715 ], [ -58.362182220727291, -34.59405783576269 ], [ -58.36216792973871, -34.594065505543135 ], [ -58.362153727547721, -34.594073448886149 ], [ -58.362139711763874, -34.594081483602395 ], [ -58.362125876286576, -34.594089792438361 ], [ -58.362112225182891, -34.594098283463644 ], [ -58.362098758452817, -34.594106957235404 ], [ -58.36208547338498, -34.594115813753639 ], [ -58.362072373368605, -34.594124946063047 ], [ -58.36205945501446, -34.594134165845624 ], [ -58.362046719000404, -34.594143571717595 ], [ -58.362034258191073, -34.594153158107424 ], [ -58.362021981755362, -34.594163018616968 ], [ -58.362009889693262, -34.594172970499756 ], [ -58.361997977937705, -34.594183106800472 ], [ -58.361986343420419, -34.594193423619053 ], [ -58.361974890565371, -34.594203831810873 ], [ -58.361963714270736, -34.594214515793873 ], [ -58.361952718960502, -34.594225288921486 ], [ -58.361941908701716, -34.594236244795582 ], [ -58.361931373647671, -34.594247385087613 ], [ -58.361921112442666, -34.594258615081422 ], [ -58.36191112576455, -34.594270028936009 ], [ -58.361901321426515, -34.594281533049532 ], [ -58.361891701462092, -34.594293218795222 ], [ -58.361882448211361, -34.594304998142761 ], [ -58.361873012620549, -34.594317506247592 ], [ -58.360560958470657, -34.596302016530998 ], [ -58.360414830180751, -34.596507725547347 ], [ -58.359735577453257, -34.597536548091739 ], [ -58.359734753872594, -34.597538008949236 ], [ -58.359734295649936, -34.597538832422686 ], [ -58.359733836071591, -34.597539653667518 ], [ -58.359733378526776, -34.597540566842746 ], [ -58.359732920981962, -34.597541388087578 ], [ -58.359732463437155, -34.597542209889568 ], [ -58.359732003858809, -34.5975430311344 ], [ -58.359731546313995, -34.59754385293639 ], [ -58.35973108876918, -34.597544674181222 ], [ -58.359730631224366, -34.597545495983212 ], [ -58.359730264510674, -34.597546410829899 ], [ -58.359729804932329, -34.597547232074731 ], [ -58.359729347387514, -34.597548053876721 ], [ -58.359728980673822, -34.597548875121554 ], [ -58.359728523129007, -34.597549788296782 ], [ -58.359728156415315, -34.597550609541614 ], [ -58.3597276988705, -34.597551431343597 ], [ -58.359727332834652, -34.597552343961674 ], [ -58.359726966120952, -34.597553165763657 ], [ -58.35972659940726, -34.597553989237106 ], [ -58.359726233371411, -34.597554900183717 ], [ -58.359725775826597, -34.597555723657166 ], [ -58.359725407079367, -34.597556636275243 ], [ -58.359725042399205, -34.597557458077226 ], [ -58.359724676363356, -34.597558279322065 ], [ -58.359724400480779, -34.597559192497286 ], [ -58.35972403444493, -34.597560013742125 ], [ -58.359723667731238, -34.597560926917346 ], [ -58.359723301017539, -34.597561748162178 ], [ -58.359723025812812, -34.597562663008866 ], [ -58.359722659099113, -34.597563575626943 ], [ -58.359722383894386, -34.597564397428926 ], [ -58.359722017180687, -34.597565310047003 ], [ -58.359721744009491, -34.597566131848986 ], [ -58.359721377973642, -34.597567044467063 ], [ -58.359721102091065, -34.597567957085133 ], [ -58.359720826886331, -34.597568778887123 ], [ -58.359720551681598, -34.597569691505193 ], [ -58.359720184967905, -34.597570513307176 ], [ -58.359719911796702, -34.59757142815387 ], [ -58.359719636591976, -34.59757234077194 ], [ -58.359719360709398, -34.597573162573923 ], [ -58.359719085504665, -34.597574075192 ], [ -58.359718903164584, -34.59757498781007 ], [ -58.35971862795985, -34.597575900985298 ], [ -58.359718352755124, -34.59757672223013 ], [ -58.359718079583921, -34.597577635405358 ], [ -58.359717895210309, -34.597578549694887 ], [ -58.359717622039106, -34.597579461198656 ], [ -58.359717437665495, -34.597580284114947 ], [ -58.359717161782918, -34.597581197290175 ], [ -58.35971698012068, -34.597582109908245 ], [ -58.359716704238103, -34.597583023083473 ], [ -58.359716522575866, -34.597583935701543 ], [ -58.359716338202254, -34.597584848319613 ], [ -58.359716153828643, -34.597585670121603 ], [ -58.359715971488562, -34.59758658496829 ], [ -58.359715787114951, -34.59758749758636 ], [ -58.35971560477487, -34.597588410204438 ], [ -58.359715423112632, -34.597589323379658 ], [ -58.359715238739014, -34.597590235997735 ], [ -58.359715054365402, -34.597591149172956 ], [ -58.359714872025322, -34.597591970417788 ], [ -58.359714781194199, -34.597592883593016 ], [ -58.359714596820588, -34.597593796211086 ], [ -58.359714505311629, -34.597594711057774 ], [ -58.359714322971548, -34.597595623675851 ], [ -58.359714230106896, -34.597596536851071 ], [ -58.359714047766815, -34.597597449469149 ], [ -58.359713954902162, -34.597598362087219 ], [ -58.359713863393203, -34.597599275262446 ], [ -58.359713681730966, -34.597600187880516 ], [ -58.359713590222, -34.597601101055744 ], [ -58.359713497357347, -34.597602013673814 ], [ -58.359713405848389, -34.597602928520502 ], [ -58.359713315017267, -34.597603841138572 ], [ -58.359713223508308, -34.597604753756642 ], [ -58.359713130643655, -34.597605666931869 ], [ -58.359713130643655, -34.597606579549939 ], [ -58.35971303981254, -34.597607401351929 ], [ -58.359712948303574, -34.597608313969999 ], [ -58.359712948303574, -34.597609227145227 ], [ -58.359712857472459, -34.597610139763297 ], [ -58.359712763929963, -34.597611054609985 ], [ -58.359712763929963, -34.597611967228062 ], [ -58.359712763929963, -34.597612879846132 ], [ -58.359712673098841, -34.597613793021353 ], [ -58.359712673098841, -34.59761470563943 ], [ -58.359712673098841, -34.59761561881465 ], [ -58.359712673098841, -34.597616531432728 ], [ -58.359712673098841, -34.597617444050798 ], [ -58.359712673098841, -34.597618357226025 ], [ -58.359712673098841, -34.597619271515555 ], [ -58.359712673098841, -34.597620184690783 ], [ -58.359712673098841, -34.597621097308853 ], [ -58.359712673098841, -34.597622010484081 ], [ -58.359712673098841, -34.597622923102151 ], [ -58.359712763929963, -34.597623835720221 ], [ -58.359712763929963, -34.597624748895448 ], [ -58.359712763929963, -34.597625661513518 ], [ -58.359712857472459, -34.597626574688746 ], [ -58.359712948303574, -34.597627488978283 ], [ -58.359712948303574, -34.597628402153504 ], [ -58.35971303981254, -34.597629314771581 ], [ -58.359713130643655, -34.597630227946802 ], [ -58.359713130643655, -34.597631140564879 ], [ -58.359713223508308, -34.597632053182949 ], [ -58.359713315017267, -34.597632966358177 ], [ -58.359713405848389, -34.597633878976247 ], [ -58.359713497357347, -34.597634792151467 ], [ -58.359713590222, -34.597635706441004 ], [ -58.359713681730966, -34.597636619616232 ], [ -58.359713863393203, -34.597637532234302 ], [ -58.359713954902162, -34.597638444852372 ], [ -58.359714047766815, -34.5976393580276 ], [ -58.359714230106896, -34.59764027064567 ], [ -58.359714322971548, -34.597641183820897 ], [ -58.359714505311629, -34.597642096438967 ], [ -58.359714596820588, -34.597643011285655 ], [ -58.359714781194199, -34.597643832530487 ], [ -58.359714872025322, -34.597644745705715 ], [ -58.359715054365402, -34.597645658323785 ], [ -58.359715238739014, -34.597646570941862 ], [ -58.359715423112632, -34.597647484117083 ], [ -58.35971560477487, -34.59764839673516 ], [ -58.359715787114951, -34.597649309910381 ], [ -58.359715971488562, -34.597650222528458 ], [ -58.359716153828643, -34.597651044330441 ], [ -58.359716338202254, -34.597651958619977 ], [ -58.359716522575866, -34.597652871795205 ], [ -58.359716795747069, -34.597653784413275 ], [ -58.35971698012068, -34.597654697588503 ], [ -58.359717161782918, -34.597655610206573 ], [ -58.359717437665495, -34.597656431451405 ], [ -58.359717622039106, -34.597657344626633 ], [ -58.359717895210309, -34.597658257244703 ], [ -58.359718170415043, -34.597659170419931 ], [ -58.359718352755124, -34.59765999389338 ], [ -58.35971862795985, -34.59766090651145 ], [ -58.359718903164584, -34.59766181912952 ], [ -58.359719179047161, -34.597662732304748 ], [ -58.359719360709398, -34.59766355354958 ], [ -58.359719636591976, -34.597664466724808 ], [ -58.359719911796702, -34.597665379342878 ], [ -58.359720184967905, -34.597666201144868 ], [ -58.359720551681598, -34.597667113762938 ], [ -58.359720826886331, -34.597668028609625 ], [ -58.359721102091065, -34.597668849854458 ], [ -58.359721377973642, -34.597669763029685 ], [ -58.359721744009491, -34.597670584274518 ], [ -58.359722017180687, -34.597671497449745 ], [ -58.359722383894386, -34.597672410067815 ], [ -58.359722659099113, -34.597673231869805 ], [ -58.359723025812812, -34.597674144487875 ], [ -58.359723301017539, -34.597674966289865 ], [ -58.359723667731238, -34.597675880579395 ], [ -58.35972403444493, -34.597676702381385 ], [ -58.359724400480779, -34.597677614999455 ], [ -58.359724767194479, -34.597678436801445 ], [ -58.359725133908171, -34.597679349419515 ], [ -58.35972549994402, -34.597680171221505 ], [ -58.359725866657712, -34.597681083839575 ], [ -58.359726233371411, -34.597681905641565 ], [ -58.35972659940726, -34.597682726886397 ], [ -58.359726966120952, -34.597683640061625 ], [ -58.359727332834652, -34.597684462977924 ], [ -58.359727790379459, -34.597685284779907 ], [ -58.359728156415315, -34.597686197397977 ], [ -58.359728613960122, -34.597687019199967 ], [ -58.359728980673822, -34.597687841001957 ], [ -58.359729438218636, -34.597688753620027 ], [ -58.359729804932329, -34.597689575422017 ], [ -58.359730264510674, -34.597690396666849 ], [ -58.359730631224366, -34.597691218468839 ], [ -58.35973108876918, -34.597692132758368 ], [ -58.359731546313995, -34.597692954560358 ], [ -58.359732003858809, -34.59769377580519 ], [ -58.359732463437155, -34.59769459760718 ], [ -58.359732920981962, -34.59769541940917 ], [ -58.359733378526776, -34.597696240654003 ], [ -58.359733836071591, -34.597697062455993 ], [ -58.359734295649936, -34.597697883700825 ], [ -58.359734753872594, -34.597698705502808 ], [ -58.359735302248524, -34.597699528976257 ], [ -58.359735759793338, -34.597700350221096 ], [ -58.359736219371683, -34.597701172023079 ], [ -58.359736768425456, -34.597701993267918 ], [ -58.359737225970271, -34.597702815069901 ], [ -58.359737776379738, -34.597703636314741 ], [ -58.359738233924546, -34.597704458116723 ], [ -58.359738785011857, -34.597705279918713 ], [ -58.359739242556671, -34.597706101163546 ], [ -58.359739790932601, -34.597706831592298 ], [ -58.359740342019911, -34.597707655065747 ], [ -58.359740890395841, -34.597708476310579 ], [ -58.359741441483145, -34.597709298112569 ], [ -58.359741989859081, -34.597710028541314 ], [ -58.359742540946385, -34.597710849786154 ], [ -58.359743089322322, -34.597711671588137 ], [ -58.359743640409626, -34.597712401459738 ], [ -58.359744188785555, -34.597713223261721 ], [ -58.359744739872866, -34.59771404450656 ], [ -58.359745288248796, -34.597714774935305 ], [ -58.359745930167222, -34.597715596737295 ], [ -58.359746479221002, -34.597716328837507 ], [ -58.359747029630462, -34.597717150082339 ], [ -58.359747671548888, -34.597717880511091 ], [ -58.359748220602668, -34.597718702313074 ], [ -58.359748862521094, -34.597719432184675 ], [ -58.35974950443952, -34.597720253986658 ], [ -58.35975005281545, -34.59772098441541 ], [ -58.359750694733876, -34.597721714287005 ], [ -58.359751336652302, -34.597722536088995 ], [ -58.359751885028231, -34.597723266517747 ], [ -58.359752526946657, -34.597723998617958 ], [ -58.359753168865083, -34.597724728489553 ], [ -58.359753808749979, -34.597725458918305 ], [ -58.359754450668405, -34.597726280720288 ], [ -58.35975509258683, -34.597727010591882 ], [ -58.359755732471726, -34.597727741020634 ], [ -58.359756374390152, -34.597728471449386 ], [ -58.3597571071397, -34.597729201320981 ], [ -58.359757749058126, -34.597729931749733 ], [ -58.359758390976552, -34.597730662178478 ], [ -58.359759030861447, -34.59773139260723 ], [ -58.359759763610988, -34.597732124707441 ], [ -58.359760405529414, -34.597732854579036 ], [ -58.359761138956806, -34.597733585007788 ], [ -58.359761780875232, -34.59773431543654 ], [ -58.35976251362478, -34.597734954492047 ], [ -58.359763153509668, -34.597735684363649 ], [ -58.359763886259216, -34.597736414792394 ], [ -58.359764621720139, -34.597737145221146 ], [ -58.35976526092719, -34.59773778427666 ], [ -58.359765994354575, -34.597738514148254 ], [ -58.359766727104123, -34.597739244576999 ], [ -58.359767459853664, -34.597739885303973 ], [ -58.359768193281056, -34.597740615732725 ], [ -58.359768926030597, -34.597741254788239 ], [ -58.359769658780145, -34.597741985216985 ], [ -58.359770392207537, -34.597742623715348 ], [ -58.359771124957078, -34.597743354144093 ], [ -58.359771857706626, -34.597743993199607 ], [ -58.359772591134011, -34.59774472362836 ], [ -58.359773323883559, -34.597745362683867 ], [ -58.359774148142066, -34.597746001739381 ], [ -58.359774880891607, -34.597746640237737 ], [ -58.359775614318998, -34.59774737066649 ], [ -58.359776437899662, -34.597748011393463 ], [ -58.359777171327053, -34.59774865044897 ], [ -58.359777997619091, -34.597749289504485 ], [ -58.359778728335101, -34.597749928559999 ], [ -58.359779554627146, -34.597750567615506 ], [ -58.359780287376687, -34.59775120667102 ], [ -58.359781111635193, -34.597751845726535 ], [ -58.359781935215857, -34.597752484224891 ], [ -58.359782759474363, -34.597753123280405 ], [ -58.359783494935286, -34.597753762335913 ], [ -58.359784318515949, -34.597754401391427 ], [ -58.359785142774456, -34.597755040446941 ], [ -58.35978596703297, -34.597755679502448 ], [ -58.359786790613633, -34.597756228856184 ], [ -58.35978761690567, -34.597756867911698 ], [ -58.359788441164177, -34.597757506967213 ], [ -58.359789265422684, -34.597758054649482 ], [ -58.359790089003347, -34.597758693704996 ], [ -58.359790915295385, -34.597759332760511 ], [ -58.359791739553899, -34.59775988044278 ], [ -58.35979265464352, -34.597760519498294 ], [ -58.359793478902027, -34.597761067180564 ], [ -58.359794305194072, -34.59776161486284 ], [ -58.359795220283694, -34.597762253918354 ], [ -58.359796046575731, -34.597762801600624 ], [ -58.359796870156401, -34.597763440656138 ], [ -58.359797785923867, -34.597763988338414 ], [ -58.35979860950453, -34.597764536020684 ], [ -58.359799527305533, -34.597765085374419 ], [ -58.359800350886196, -34.597765633056696 ], [ -58.3598012686872, -34.597766180738972 ], [ -58.359802183776829, -34.597766819794479 ], [ -58.359803007357492, -34.597767367476756 ], [ -58.359803925158488, -34.597767915159032 ], [ -58.359804840248117, -34.597768371468064 ], [ -58.35980566382878, -34.59776891915034 ], [ -58.359806581629783, -34.597769466832609 ], [ -58.359807496719412, -34.597770014514886 ], [ -58.359808413842565, -34.597770562197162 ], [ -58.359809328932194, -34.597771112108049 ], [ -58.359810246055353, -34.597771566745621 ], [ -58.359811161144975, -34.597772114427897 ], [ -58.359812078945978, -34.597772662110174 ], [ -58.359812994035607, -34.597773120090672 ], [ -58.359813911158767, -34.597773667772941 ], [ -58.359814826248389, -34.59777412408198 ], [ -58.359815743371549, -34.597774671764256 ], [ -58.359816659139021, -34.597775128630445 ], [ -58.359817667093296, -34.597775676312715 ], [ -58.359818582182925, -34.597776132621753 ], [ -58.359819499983921, -34.597776588930792 ], [ -58.35982041507355, -34.597777136613061 ], [ -58.359821423027824, -34.5977775929221 ], [ -58.359822340828828, -34.597778049788289 ], [ -58.359823255918457, -34.597778506097328 ], [ -58.359824263872731, -34.597778962406359 ], [ -58.35982517896236, -34.597779418715398 ], [ -58.359826187594479, -34.597779877253046 ], [ -58.359827102684108, -34.597780333562085 ], [ -58.359828111316226, -34.597780789871116 ], [ -58.359829026405848, -34.597781246180155 ], [ -58.35983003436013, -34.597781702489193 ], [ -58.359831042992248, -34.597782159355383 ], [ -58.359831958081877, -34.597782615664414 ], [ -58.359832966713995, -34.597782980600215 ], [ -58.35983397466827, -34.597783436909253 ], [ -58.359834889757899, -34.597783893775443 ], [ -58.359835898390017, -34.597784258711236 ], [ -58.359836907022142, -34.597784715020275 ], [ -58.359837914976417, -34.597785079956076 ], [ -58.359838921575005, -34.597785536822265 ], [ -58.35983993020713, -34.597785901758058 ], [ -58.359840845296752, -34.597786266693859 ], [ -58.359841853251027, -34.597786723560048 ], [ -58.359842861883152, -34.597787088495849 ], [ -58.35984387051527, -34.59778745566026 ], [ -58.359844876436014, -34.597787818924594 ], [ -58.35984588506814, -34.597788275233633 ], [ -58.359846893022414, -34.597788642398044 ], [ -58.359847992485655, -34.597789005662385 ], [ -58.359848999084242, -34.597789372269645 ], [ -58.359850007038517, -34.597789737762596 ], [ -58.359851015670642, -34.59779010269839 ], [ -58.359852024302761, -34.597790467634191 ], [ -58.359853030223505, -34.597790741753904 ], [ -58.359854129686745, -34.597791106689698 ], [ -58.359855138318864, -34.597791472182656 ], [ -58.359856146273138, -34.59779183711845 ], [ -58.359857152871733, -34.597792110681013 ], [ -58.359858252334966, -34.597792476173964 ], [ -58.359859260967092, -34.59779274973652 ], [ -58.359860268921366, -34.597793115229472 ], [ -58.359861368384607, -34.597793388792034 ], [ -58.359862374983194, -34.597793754284986 ], [ -58.359863382937469, -34.597794027847549 ], [ -58.35986448240071, -34.597794301967262 ], [ -58.359865491032835, -34.597794666903056 ], [ -58.359866590496068, -34.597794940465619 ], [ -58.359867599128194, -34.597795214585332 ], [ -58.359868698591434, -34.597795490376505 ], [ -58.359955643629242, -34.59783191988361 ], [ -58.359957109128331, -34.597832741685593 ], [ -58.35995802421796, -34.59783328936787 ], [ -58.359958942018956, -34.597833745676901 ], [ -58.359959857108585, -34.597834293359178 ], [ -58.359960772198214, -34.597834749668216 ], [ -58.359961689321366, -34.597835297350485 ], [ -58.359962697953492, -34.597835755888141 ], [ -58.359963613043114, -34.597836303570411 ], [ -58.359964530166273, -34.59783675820799 ], [ -58.359965445255902, -34.597837216188488 ], [ -58.359966453888021, -34.597837672497519 ], [ -58.359967368977649, -34.597838220179796 ], [ -58.359968377609768, -34.597838676488834 ], [ -58.359969292699397, -34.597839133355023 ], [ -58.359970209822549, -34.597839589664055 ], [ -58.359971218454675, -34.597840045973093 ], [ -58.359972224375419, -34.597840502282132 ], [ -58.359973141498578, -34.597840867775083 ], [ -58.359974150130697, -34.597841324084115 ], [ -58.359975158762815, -34.597841780393153 ], [ -58.359976073852444, -34.597842236702192 ], [ -58.359977081806719, -34.597842602195144 ], [ -58.359978088405306, -34.597843058504175 ], [ -58.359979096359588, -34.597843423439976 ], [ -58.359980014160591, -34.597843881977624 ], [ -58.359981020081335, -34.597844245241959 ], [ -58.359982028713453, -34.597844611849219 ], [ -58.359983036667728, -34.597845068715408 ], [ -58.359984043266323, -34.597845433651209 ], [ -58.359985051898441, -34.597845798587009 ], [ -58.359986059852716, -34.597846164079961 ], [ -58.359987066451303, -34.597846529015754 ], [ -58.359988074405585, -34.597846893951555 ], [ -58.359989083037703, -34.597847259444507 ], [ -58.359990182500944, -34.597847624380307 ], [ -58.359991191133062, -34.597847989316101 ], [ -58.359992197053806, -34.597848354809052 ], [ -58.359993205685932, -34.597848719744853 ], [ -58.359994305149165, -34.597848993864567 ], [ -58.359995313103447, -34.597849358800367 ], [ -58.359996319702034, -34.597849723736161 ], [ -58.359997419165275, -34.597849997855874 ], [ -58.35999842711955, -34.597850362791675 ], [ -58.359999435751668, -34.597850636911389 ], [ -58.360000535214908, -34.597850910473952 ], [ -58.360001543847034, -34.597851275966903 ], [ -58.360002643310267, -34.597851549529459 ], [ -58.360003649231018, -34.597851823649172 ], [ -58.360004748694251, -34.597852099440352 ], [ -58.360005757326377, -34.597852371331449 ], [ -58.360006856789617, -34.597852647122622 ], [ -58.360007865421736, -34.597852919013725 ], [ -58.360008964884976, -34.597853194804898 ], [ -58.360010064348216, -34.597853468367461 ], [ -58.360011070268961, -34.597853742487175 ], [ -58.360012169732201, -34.597853924676492 ], [ -58.360013178364319, -34.597854198796206 ], [ -58.36001427782756, -34.597854472358769 ], [ -58.3600153772908, -34.597854655105245 ], [ -58.360016476754041, -34.597854929224958 ], [ -58.360017484708315, -34.597855111414276 ], [ -58.360018584171556, -34.597855294160752 ], [ -58.360019683634789, -34.597855567723315 ], [ -58.36002078309803, -34.59785575046979 ], [ -58.36002188256127, -34.597855933216266 ], [ -58.36002298202451, -34.597856115405591 ], [ -58.360023988623098, -34.597856298152067 ], [ -58.360025088086338, -34.597856480898542 ], [ -58.360026187549579, -34.597856663645018 ], [ -58.360027287012819, -34.597856845834336 ], [ -58.36002838647606, -34.597857028580812 ], [ -58.360029485939293, -34.597857211327288 ], [ -58.360030585402534, -34.597857302143375 ], [ -58.360031684865774, -34.59785748488985 ], [ -58.360032784329015, -34.597857667636326 ], [ -58.360033883792255, -34.597857759009564 ], [ -58.360034983255495, -34.597857941198889 ], [ -58.360036082718736, -34.597858032572127 ], [ -58.360037182181969, -34.597858123945365 ], [ -58.36003828164521, -34.59785830669184 ], [ -58.36003938110845, -34.59785839750792 ], [ -58.360040480571691, -34.597858488881158 ], [ -58.360041580034931, -34.597858580254396 ], [ -58.360042679498171, -34.597858671627634 ], [ -58.360043778961405, -34.597858763000872 ], [ -58.360044878424645, -34.59785885437411 ], [ -58.360045977887886, -34.597858945747348 ], [ -58.360047077351126, -34.597859036563435 ], [ -58.360048176814367, -34.597859127936673 ], [ -58.360049276277607, -34.597859127936673 ], [ -58.360050467249806, -34.59785921930991 ], [ -58.360051566713047, -34.59785921930991 ], [ -58.360052666176287, -34.597859310683148 ], [ -58.360053765639528, -34.597859310683148 ], [ -58.360054865102768, -34.597859402056386 ], [ -58.360055964566001, -34.597859402056386 ], [ -58.360057064029242, -34.597859402056386 ], [ -58.360058163492482, -34.597859493429624 ], [ -58.360059262955723, -34.597859493429624 ], [ -58.360060453250078, -34.597859493429624 ], [ -58.360061552713319, -34.597859493429624 ], [ -58.360062652176559, -34.597859493429624 ], [ -58.3600637516398, -34.597859493429624 ], [ -58.36006485110304, -34.597859493429624 ], [ -58.36006595056628, -34.597859402056386 ], [ -58.360067050029514, -34.597859402056386 ], [ -58.360068149492754, -34.597859402056386 ], [ -58.36006934046496, -34.597859310683148 ], [ -58.360070439928194, -34.597859310683148 ], [ -58.360071539391434, -34.59785921930991 ], [ -58.360072638854675, -34.59785921930991 ], [ -58.360073738317915, -34.597859127936673 ], [ -58.360074837781156, -34.597859036563435 ], [ -58.360075937244396, -34.597859036563435 ], [ -58.360077036707636, -34.597858945747348 ], [ -58.36007813617087, -34.59785885437411 ], [ -58.36007923563411, -34.597858763000872 ], [ -58.360080335097351, -34.597858671627634 ], [ -58.360081434560591, -34.597858580254396 ], [ -58.360082624854947, -34.597858488881158 ], [ -58.360083633487072, -34.59785839750792 ], [ -58.360084823781428, -34.597858215318603 ], [ -58.360085832413546, -34.597858123945365 ], [ -58.360087022707908, -34.597858032572127 ], [ -58.360088122171149, -34.597857849825651 ], [ -58.360089221634382, -34.597857759009564 ], [ -58.360090321097623, -34.597857576263088 ], [ -58.360091420560863, -34.59785748488985 ], [ -58.360092427159451, -34.597857302143375 ], [ -58.360093526622691, -34.59785711995405 ], [ -58.360094626085932, -34.597856937207574 ], [ -58.360095725549172, -34.597856845834336 ], [ -58.360096825012413, -34.597856663645018 ], [ -58.360097924475653, -34.597856480898542 ], [ -58.360099023938886, -34.597856298152067 ], [ -58.360100123402127, -34.597856115405591 ], [ -58.360101222865367, -34.597855841843028 ], [ -58.360102230819642, -34.597855659096552 ], [ -58.360103330282882, -34.597855476907228 ], [ -58.360104429746123, -34.597855294160752 ], [ -58.360105529209363, -34.597855020041038 ], [ -58.360106535807951, -34.59785483785172 ], [ -58.360107635271191, -34.597854563732007 ], [ -58.360108734734432, -34.597854381542682 ], [ -58.360109834197672, -34.597854107422968 ], [ -58.360110842829791, -34.597853833303255 ], [ -58.360111942293031, -34.597853651113937 ], [ -58.360113041756271, -34.597853376994216 ], [ -58.360114049710546, -34.59785310343166 ], [ -58.360115149173787, -34.597852829311947 ], [ -58.360116155772374, -34.597852555749384 ], [ -58.360117255235615, -34.597852279958211 ], [ -58.360118354698855, -34.597852008067115 ], [ -58.36011936265313, -34.597851732275934 ], [ -58.36012046211637, -34.597851458156221 ], [ -58.360121470748489, -34.597851184593665 ], [ -58.360122479380614, -34.597850819100714 ], [ -58.360123578843847, -34.597850545538151 ], [ -58.360124584764591, -34.597850271418437 ], [ -58.360125684227832, -34.597849906482637 ], [ -58.360126692859957, -34.597849541546843 ], [ -58.360127700814232, -34.597849267427129 ], [ -58.360128800277472, -34.597848902491329 ], [ -58.36012980687606, -34.597848628371615 ], [ -58.360130815508178, -34.597848263435814 ], [ -58.36013182346246, -34.597847898500021 ], [ -58.360132830061048, -34.597847533007069 ], [ -58.360133929524288, -34.597847168071269 ], [ -58.360134937478563, -34.597846803135468 ], [ -58.360135946110681, -34.597846437642517 ], [ -58.360136954742806, -34.597846072706723 ], [ -58.36013796066355, -34.597845707213772 ], [ -58.360138969295669, -34.597845342277971 ], [ -58.360139977249943, -34.597844884297473 ], [ -58.360140983848531, -34.597844521033139 ], [ -58.360141991802813, -34.597844153868721 ], [ -58.360142909603816, -34.597843697559689 ], [ -58.36014391552456, -34.597843332066738 ], [ -58.360144924156678, -34.597842875757699 ], [ -58.360145932110953, -34.597842510821906 ], [ -58.360146940743078, -34.597842054512867 ], [ -58.3601478558327, -34.597841597646678 ], [ -58.360148864464826, -34.597841232710877 ], [ -58.3601498724191, -34.597840776401846 ], [ -58.360150788186573, -34.597840320092807 ], [ -58.360151796140848, -34.597839863226618 ], [ -58.360152711230469, -34.597839406917579 ], [ -58.360153719862595, -34.597838950608548 ], [ -58.360154634952217, -34.597838494299509 ], [ -58.360155643584342, -34.597838037990471 ], [ -58.360156558673964, -34.597837581124281 ], [ -58.360157475797124, -34.59783712481525 ], [ -58.360158484429249, -34.597836575461514 ], [ -58.360159399518871, -34.597836119152475 ], [ -58.36016031664203, -34.597835664514903 ], [ -58.360161231731659, -34.59783511460401 ], [ -58.360162240363778, -34.597834658294978 ], [ -58.360163155453399, -34.597834110612702 ], [ -58.360164072576559, -34.597833654303663 ], [ -58.360164987666188, -34.597833106621394 ], [ -58.360165904789348, -34.597832558939118 ], [ -58.36016681987897, -34.597832102630086 ], [ -58.360167737679973, -34.59783155494781 ], [ -58.360168561260636, -34.597831007265533 ], [ -58.360169479061639, -34.597830459583264 ], [ -58.360170394151268, -34.597829911900988 ], [ -58.36017130924089, -34.597829364218711 ], [ -58.360172135532935, -34.597828815979284 ], [ -58.360173050622556, -34.597828268297015 ], [ -58.360173967745716, -34.597827718943279 ], [ -58.360174792004223, -34.597827171261002 ], [ -58.360175707093852, -34.597826623578726 ], [ -58.360176531352359, -34.597825984523219 ], [ -58.360177448475518, -34.597825436840942 ], [ -58.360178272734025, -34.597824889158666 ], [ -58.360179099026062, -34.597824250103159 ], [ -58.360180014115691, -34.597823702420882 ], [ -58.360180837696355, -34.597823063365368 ], [ -58.360181661954861, -34.597822515683099 ], [ -58.360182488246899, -34.597821876627584 ], [ -58.360183312505406, -34.597821328945315 ], [ -58.360184136086069, -34.597820689889801 ], [ -58.360184960344576, -34.597820051391444 ], [ -58.360185784603082, -34.597819501480551 ], [ -58.360186610895127, -34.597818862425044 ], [ -58.36018743447579, -34.597818223369529 ], [ -58.360188167903175, -34.597817584871173 ], [ -58.360188991483838, -34.597816945815659 ], [ -58.360189815742345, -34.597816306760144 ], [ -58.360190642034389, -34.597815667704637 ], [ -58.36019137478393, -34.597815028649123 ], [ -58.360192199042437, -34.597814389593609 ], [ -58.360192932469829, -34.597813750538101 ], [ -58.360193665219377, -34.597813020666507 ], [ -58.360194489477884, -34.597812381610993 ], [ -58.360195222227425, -34.597811740884019 ], [ -58.360195954976973, -34.597811101828505 ], [ -58.36019677923548, -34.59781037139976 ], [ -58.360197511985021, -34.597809732344246 ], [ -58.360198245412413, -34.597809001915493 ], [ -58.360198978161961, -34.597808363417137 ], [ -58.360199710911502, -34.597807632988385 ], [ -58.360200444338894, -34.597806993932878 ], [ -58.360201177088435, -34.597806263504125 ], [ -58.360201819006861, -34.597805624448611 ], [ -58.360202551756409, -34.597804894577017 ], [ -58.360203285183793, -34.597804162476805 ], [ -58.360204017933341, -34.597803432048053 ], [ -58.360204657818237, -34.597802792992546 ], [ -58.360205392601316, -34.597802062563794 ], [ -58.360206032486204, -34.5978013326922 ], [ -58.360206765235752, -34.597800602263447 ], [ -58.360207407154178, -34.597799871834702 ], [ -58.360208049072604, -34.59779914140595 ], [ -58.360208688957499, -34.597798411534356 ], [ -58.360209424418422, -34.597797681105604 ], [ -58.360210063625473, -34.597796950676852 ], [ -58.360210705543899, -34.597796220805257 ], [ -58.360211347462325, -34.597795490376505 ], [ -58.360211987347213, -34.597794666903056 ], [ -58.360212629265646, -34.597793936474311 ], [ -58.360213271184072, -34.597793206602709 ], [ -58.360213820237846, -34.597792476173964 ], [ -58.360214462156272, -34.597791654371974 ], [ -58.360215104074697, -34.59779092450038 ], [ -58.360215652450627, -34.597790194071628 ], [ -58.360216294369053, -34.597789372269645 ], [ -58.360216845456364, -34.597788642398044 ], [ -58.360217393832293, -34.597787818924594 ], [ -58.360218035750719, -34.597787088495849 ], [ -58.360218584126656, -34.597786266693859 ], [ -58.36021913521396, -34.597785536822265 ], [ -58.360219683589889, -34.597784715020275 ], [ -58.3602202346772, -34.597783893775443 ], [ -58.360220874562096, -34.597783163346691 ], [ -58.360221334140441, -34.597782341544701 ], [ -58.36022188251637, -34.597781520299868 ], [ -58.360222431570143, -34.597780698497878 ], [ -58.360222981979611, -34.597779968069133 ], [ -58.360223531033384, -34.597779145152835 ], [ -58.360223990611729, -34.597778323350852 ], [ -58.360224538987666, -34.597777501548862 ], [ -58.360224999243854, -34.59777668030403 ], [ -58.360225547619784, -34.59777585850204 ], [ -58.360226005164598, -34.597775037257207 ], [ -58.360226462709413, -34.597774215455217 ], [ -58.360227013796717, -34.597773394210385 ], [ -58.360227471341531, -34.597772572408395 ], [ -58.360227928886346, -34.597771751163563 ], [ -58.360228388464691, -34.597770927690114 ], [ -58.360228846009505, -34.597770105888124 ], [ -58.360229303554313, -34.597769284643292 ], [ -58.360229761099127, -34.597768462841302 ], [ -58.360230127812819, -34.597767550223232 ], [ -58.360230587391165, -34.597766728421242 ], [ -58.360231044935979, -34.597765907176409 ], [ -58.360231411649679, -34.597765085374419 ], [ -58.360231869194486, -34.597764172756349 ], [ -58.360232235908185, -34.5977633492829 ], [ -58.360232693452993, -34.59776252748091 ], [ -58.360233059488849, -34.59776161486284 ], [ -58.360233426202541, -34.59776079306085 ], [ -58.360233792916233, -34.597759971816018 ], [ -58.360234158952082, -34.59775905864079 ], [ -58.360234525665781, -34.597758237395958 ], [ -58.360234892379474, -34.597757324220737 ], [ -58.360235258415322, -34.597756502975898 ], [ -58.360235625129022, -34.59775558812921 ], [ -58.360235991842714, -34.597754768555838 ], [ -58.360236267047448, -34.59775385370915 ], [ -58.36023663376114, -34.597753032464318 ], [ -58.360236908965874, -34.59775211928909 ], [ -58.360237275679566, -34.597751298044258 ], [ -58.360237548850769, -34.59775038486903 ], [ -58.360237914886618, -34.59774947225096 ], [ -58.360238190769195, -34.59774865044897 ], [ -58.360238465973922, -34.5977477378309 ], [ -58.360238741178655, -34.597746822984213 ], [ -58.360239014349858, -34.597746001739381 ], [ -58.360239014349858, -34.597744815001597 ], [ -58.360561875593817, -34.597255329680131 ], [ -58.36105661032699, -34.596506173873763 ], [ -58.361275483497245, -34.596174189828318 ], [ -58.361278597513348, -34.596167980905371 ], [ -58.361284187694196, -34.596163051207746 ], [ -58.361289958181594, -34.596158485331621 ], [ -58.361294356712392, -34.596155381427302 ], [ -58.361303243249431, -34.596151910915715 ], [ -58.36131039111617, -34.596149537440148 ], [ -58.361318085325316, -34.596148168513039 ], [ -58.361328622412898, -34.596147255337812 ], [ -58.361339890216492, -34.596148077139802 ], [ -58.36134960101203, -34.596150632804694 ], [ -58.361358763431639, -34.596154558511003 ], [ -58.361369391350337, -34.596158302585145 ], [ -58.361484921076688, -34.596207880924048 ], [ -58.361495824200119, -34.596211442808865 ], [ -58.361506725967857, -34.596213999030915 ], [ -58.36151497058647, -34.596212355426935 ], [ -58.361522758338104, -34.596210073324606 ], [ -58.361531738417632, -34.596204229337452 ], [ -58.36153732656495, -34.596198842216488 ], [ -58.361541998266951, -34.596194825694099 ], [ -58.361545754201479, -34.596192359173827 ], [ -58.361556657324911, -34.596195646938931 ], [ -58.361580934991608, -34.59615985481588 ], [ -58.361771683729515, -34.596244129913288 ], [ -58.361750793927968, -34.596280011738109 ], [ -58.36176581969962, -34.596286403407539 ], [ -58.361760689097117, -34.59629370825219 ], [ -58.361758490170644, -34.59629945919464 ], [ -58.361757756743252, -34.59630411644401 ], [ -58.361757299198437, -34.596308499573659 ], [ -58.3617571175362, -34.596312151160255 ], [ -58.361758123456944, -34.596317082529339 ], [ -58.361759864838611, -34.596320824932015 ], [ -58.361762063765092, -34.596324386816839 ], [ -58.361766094904354, -34.59632794703019 ], [ -58.361771135353578, -34.596330413550461 ], [ -58.36177828050895, -34.596334612262176 ], [ -58.361785517173281, -34.59633872182927 ], [ -58.362177273820564, -34.596504895762742 ], [ -58.36228657280332, -34.596551461570563 ], [ -58.362295002473381, -34.596554199981931 ], [ -58.362302883089676, -34.596556117148467 ], [ -58.362313599805958, -34.596556117148467 ], [ -58.362321480422246, -34.596555295346477 ], [ -58.362329725718702, -34.596553378737099 ], [ -58.362337237587759, -34.596548905348513 ], [ -58.362343285991265, -34.596543244107835 ], [ -58.362346766043224, -34.596539773596255 ], [ -58.3623524456995, -34.596531284242431 ], [ -58.362361974832801, -34.596533839907323 ], [ -58.362380848047955, -34.596504621643028 ], [ -58.362572969420299, -34.596582414254918 ], [ -58.362553089606557, -34.596617565650995 ], [ -58.362560602153465, -34.596620669555314 ], [ -58.362554096205145, -34.596632174783146 ], [ -58.362552814401823, -34.596639114134845 ], [ -58.362552905232945, -34.596644228250405 ], [ -58.362553913865064, -34.596649613699903 ], [ -58.362555746077852, -34.596655184124494 ], [ -58.3625573030859, -34.596658926527176 ], [ -58.362560968189314, -34.596661757983242 ], [ -58.362563624660609, -34.596665592316313 ], [ -58.362568389227256, -34.596668878409957 ], [ -58.362577551646865, -34.596675817761657 ], [ -58.362585430229622, -34.596678010719373 ], [ -58.362597615156375, -34.596684217970861 ], [ -58.362613831900234, -34.596691705004829 ], [ -58.362631787992228, -34.596698370236822 ], [ -58.364457174885722, -34.597468161908964 ], [ -58.364467251717116, -34.597472361177836 ], [ -58.364475130299873, -34.597475009887432 ], [ -58.364481178703379, -34.597478387354307 ], [ -58.364487406735584, -34.59748085220312 ], [ -58.364493545970205, -34.597484414087937 ], [ -58.364497120242504, -34.597487517992263 ], [ -58.364503441139362, -34.597494091851011 ], [ -58.364508021332398, -34.597500940386624 ], [ -58.364509305169257, -34.597505139098338 ], [ -58.364509762714064, -34.59750934003867 ], [ -58.364510496141456, -34.597513539307542 ], [ -58.364510953686271, -34.597518652865944 ], [ -58.364509120795638, -34.597524405479859 ], [ -58.364506646664431, -34.59753225800678 ], [ -58.364502983594548, -34.597540019160469 ], [ -58.364499685204834, -34.597548784305467 ], [ -58.364497852992045, -34.597554991556954 ], [ -58.363328996811717, -34.600866891454181 ], [ -58.363326797885236, -34.600875656599179 ], [ -58.363324049904982, -34.600883508568948 ], [ -58.363321302602571, -34.600890174358085 ], [ -58.363317543956668, -34.600895012682471 ], [ -58.363312506896662, -34.600901404351895 ], [ -58.363307100411582, -34.600904783490236 ], [ -58.363302245013813, -34.600907430528373 ], [ -58.363297022902344, -34.600910169496892 ], [ -58.363292440675771, -34.600912179150974 ], [ -58.363282820711348, -34.60091409631751 ], [ -58.363278240518312, -34.600914279063986 ], [ -58.363270086730822, -34.600914552626548 ], [ -58.363262484030642, -34.600914187690748 ], [ -58.363254236700662, -34.600913365888758 ], [ -58.363242968897069, -34.600913365888758 ], [ -58.363228033956531, -34.60091236022599 ], [ -58.363212459131098, -34.600910717179168 ], [ -58.36196307235231, -34.600809643334827 ], [ -58.36194988082697, -34.600808456597036 ], [ -58.361936595759133, -34.600808000288005 ], [ -58.361927800053223, -34.600807361232491 ], [ -58.361917904884066, -34.600807908914767 ], [ -58.361908009714909, -34.600809369772264 ], [ -58.361899122500034, -34.600811743247839 ], [ -58.361891701462092, -34.600815759770228 ], [ -58.361882539720327, -34.600820234273122 ], [ -58.361876769232929, -34.600825257015437 ], [ -58.361872095497397, -34.600829547100389 ], [ -58.361865683091573, -34.600835938769819 ], [ -58.361861010033884, -34.600843973486064 ], [ -58.361857071759268, -34.60085109558424 ], [ -58.361852582397347, -34.600893004142698 ], [ -58.361846077126877, -34.600894282253719 ], [ -58.361822623718687, -34.601071504548827 ], [ -58.361784417710041, -34.601427959907433 ], [ -58.361502052910168, -34.601427959907433 ], [ -58.361547679956757, -34.601071322359502 ], [ -58.361574980130598, -34.60087264406809 ], [ -58.361569025269588, -34.600872096385821 ], [ -58.361571590231918, -34.600859677982761 ], [ -58.361572232150344, -34.600848539919348 ], [ -58.36157195694561, -34.600837855936355 ], [ -58.361571590231918, -34.600828725855557 ], [ -58.361570951024866, -34.60082087332863 ], [ -58.361567559092656, -34.600812473119433 ], [ -58.361563803158127, -34.600804256213863 ], [ -58.361557206378691, -34.600796677806649 ], [ -58.361547038038331, -34.600786999486424 ], [ -58.361538059992341, -34.60078225309244 ], [ -58.361530821294473, -34.600778599834378 ], [ -58.361519919526735, -34.600775585631837 ], [ -58.361511399025545, -34.600774583311988 ], [ -58.361495091450571, -34.600773120783025 ], [ -58.361479514591608, -34.600772116791717 ], [ -58.360561508880117, -34.600702815762261 ], [ -58.359188987641275, -34.600593068146161 ], [ -58.359184498957198, -34.600592520463884 ], [ -58.359178268891462, -34.60059179059229 ], [ -58.359174054734268, -34.600589871754288 ], [ -58.359169932763891, -34.600587041969682 ], [ -58.359163517646692, -34.60058138240047 ], [ -58.359161043515478, -34.600577820515646 ], [ -58.359158846622535, -34.600571976528499 ], [ -58.359159853221122, -34.600566681895081 ], [ -58.359161137057974, -34.600558829368154 ], [ -58.359164068733996, -34.600551890016455 ], [ -58.359167365090187, -34.600543124871457 ], [ -58.35916883330065, -34.600537737193342 ], [ -58.359757564684514, -34.59888293052451 ], [ -58.359757840567084, -34.598882107051061 ], [ -58.359758115771818, -34.598881193875833 ], [ -58.359758390976552, -34.598880281257763 ], [ -58.359758664147748, -34.598879368639693 ], [ -58.359758940030325, -34.598878546837703 ], [ -58.359759215235059, -34.598877634219633 ], [ -58.359759397575139, -34.598876721044405 ], [ -58.359759672779873, -34.598875899799573 ], [ -58.359759855119954, -34.598874984952886 ], [ -58.359760130324688, -34.598874074006275 ], [ -58.359760314698299, -34.598873159159588 ], [ -58.359760589903033, -34.598872246541518 ], [ -58.359760772243114, -34.598871424739528 ], [ -58.359760954583194, -34.598870512121458 ], [ -58.359761138956806, -34.59886959894623 ], [ -58.359761323330417, -34.59886868632816 ], [ -58.359761504992655, -34.59886777371009 ], [ -58.359761689366273, -34.598866858863403 ], [ -58.359761871706354, -34.598865947916792 ], [ -58.359761962537469, -34.598865033070105 ], [ -58.359762146911081, -34.598864211825266 ], [ -58.359762238420046, -34.598863298650045 ], [ -58.359762422793658, -34.598862386031968 ], [ -58.35976251362478, -34.598861472856747 ], [ -58.359762695964861, -34.59886056023867 ], [ -58.359762788829507, -34.5988596476206 ], [ -58.359762880338472, -34.598858732773913 ], [ -58.359762971169587, -34.598857821827302 ], [ -58.35976306200071, -34.598856906980615 ], [ -58.359763153509668, -34.598855994362545 ], [ -58.359763246374321, -34.598855081187317 ], [ -58.359763337883287, -34.598854168569247 ], [ -58.359763337883287, -34.598853255394019 ], [ -58.359763428714402, -34.598852342775949 ], [ -58.359763428714402, -34.598851430157879 ], [ -58.359763522256898, -34.598850515311192 ], [ -58.359763522256898, -34.598849602693122 ], [ -58.359763613088013, -34.598848689517894 ], [ -58.359763613088013, -34.598847776899824 ], [ -58.359763613088013, -34.598846863724596 ], [ -58.359763613088013, -34.598845951106526 ], [ -58.359763613088013, -34.598845038488449 ], [ -58.359763613088013, -34.598844125313228 ], [ -58.359763613088013, -34.598843212695151 ], [ -58.359763522256898, -34.598842297848464 ], [ -58.359763522256898, -34.598841385230394 ], [ -58.359763522256898, -34.598840472055166 ], [ -58.359763428714402, -34.598839559437096 ], [ -58.359763337883287, -34.598838646261868 ], [ -58.359763337883287, -34.598837733643798 ], [ -58.359763246374321, -34.598836821025728 ], [ -58.359763153509668, -34.5988359078505 ], [ -58.35976306200071, -34.59883499356097 ], [ -58.359762971169587, -34.598834080385743 ], [ -58.359762880338472, -34.598833167767673 ], [ -58.359762788829507, -34.598832254592445 ], [ -58.359762695964861, -34.598831433347613 ], [ -58.359762604455895, -34.598830520172385 ], [ -58.359762422793658, -34.598829607554315 ], [ -58.359762329251161, -34.598828694936245 ], [ -58.359762146911081, -34.598827781761017 ], [ -58.359762054046435, -34.59882686747148 ], [ -58.359761871706354, -34.59882595429626 ], [ -58.359761689366273, -34.598825041678182 ], [ -58.359761504992655, -34.598824128502962 ], [ -58.35976141416154, -34.598823215884885 ], [ -58.359761229787921, -34.598822303266815 ], [ -58.359760954583194, -34.598821481464825 ], [ -58.359760772243114, -34.598820568846754 ], [ -58.359760589903033, -34.598819655671527 ], [ -58.359760405529414, -34.598818743053457 ], [ -58.359760130324688, -34.598817828206769 ], [ -58.359759947984607, -34.598817006961937 ], [ -58.359759672779873, -34.598816093786709 ], [ -58.359759490439792, -34.598815181168639 ], [ -58.359759215235059, -34.598814267993411 ], [ -58.359758940030325, -34.598813446748579 ], [ -58.359758664147748, -34.598812533573351 ], [ -58.359758390976552, -34.598811620955281 ], [ -58.359758115771818, -34.598810708337211 ], [ -58.359757840567084, -34.598809884863762 ], [ -58.359757564684514, -34.598808971688534 ], [ -58.359757291513311, -34.598808059070464 ], [ -58.359757016308578, -34.598807237268474 ], [ -58.359756649594885, -34.598806324650404 ], [ -58.359756374390152, -34.598805502848414 ], [ -58.359756007676459, -34.598804590230344 ], [ -58.359755732471726, -34.598803768985512 ], [ -58.359755367791564, -34.598802854138825 ], [ -58.359755001755715, -34.598802034565452 ], [ -58.359754633008485, -34.598801119718765 ], [ -58.359754359837289, -34.598800297916775 ], [ -58.359753993123597, -34.598799385298705 ], [ -58.359753626409898, -34.598798563496715 ], [ -58.359753168865083, -34.598797650878645 ], [ -58.359752802829234, -34.598796829076655 ], [ -58.359752434082012, -34.598796007831822 ], [ -58.359751976537197, -34.598795094656595 ], [ -58.359751609823505, -34.598794271740303 ], [ -58.359751243109805, -34.598793449938313 ], [ -58.359750785564998, -34.598792537320243 ], [ -58.359750328020183, -34.598791715518253 ], [ -58.359749961984328, -34.598790894273421 ], [ -58.35974950443952, -34.598790072471431 ], [ -58.359749046894706, -34.598789250669441 ], [ -58.359748586638517, -34.598788429424609 ], [ -58.359748129093703, -34.598787516249381 ], [ -58.359747671548888, -34.598786693333089 ], [ -58.359747211970543, -34.598785871531099 ], [ -58.359746754425728, -34.598785049729109 ], [ -58.359746206049799, -34.598784228484277 ], [ -58.359745748504984, -34.598783406682294 ], [ -58.359745197417681, -34.598782585437455 ], [ -58.359744739872866, -34.598781763635472 ], [ -58.359744188785555, -34.598781033763871 ], [ -58.359743731240748, -34.598780211961888 ], [ -58.359743180831281, -34.598779390159898 ], [ -58.359742631777507, -34.598778567243599 ], [ -58.35974208136804, -34.598777745441616 ], [ -58.359741532314267, -34.598777015012864 ], [ -58.3597409819048, -34.598776193768032 ], [ -58.359740432851027, -34.598775371966042 ], [ -58.359739884475097, -34.59877464153729 ], [ -58.359739333387786, -34.598773820292458 ], [ -58.359738785011857, -34.598773089863712 ], [ -58.359738143093431, -34.598772268618873 ], [ -58.359737594717501, -34.598771538190128 ], [ -58.35973704363019, -34.598770716388138 ], [ -58.359736401711764, -34.598769986516544 ], [ -58.359735759793338, -34.598769163043094 ], [ -58.359735211417409, -34.598768432614342 ], [ -58.359734569498983, -34.59876770218559 ], [ -58.359733929614087, -34.598766880940758 ], [ -58.359733287695661, -34.598766150512006 ], [ -58.35973273660835, -34.598765420083261 ], [ -58.359732096723455, -34.598764690211667 ], [ -58.359731363973914, -34.598763959782914 ], [ -58.359730722055488, -34.598763229354162 ], [ -58.359730080137062, -34.59876240810933 ], [ -58.359729438218636, -34.598761676009119 ], [ -58.359728798333741, -34.598760945580366 ], [ -58.359728065584193, -34.598760306524859 ], [ -58.359727423665767, -34.598759576096107 ], [ -58.359726690916226, -34.598758846224513 ], [ -58.3597260489978, -34.598758115795761 ], [ -58.359725315570408, -34.598757385367009 ], [ -58.35972458282086, -34.598756654938263 ], [ -58.359723942935972, -34.5987560164399 ], [ -58.359723208152893, -34.598755286011155 ], [ -58.359722477436875, -34.598754645284181 ], [ -58.359721744009491, -34.598753914855429 ], [ -58.359721011259943, -34.598753184426684 ], [ -58.359720278510402, -34.59875254537117 ], [ -58.35971954508301, -34.598751906315655 ], [ -58.359718812333469, -34.598751176444061 ], [ -58.359717986041424, -34.598750537388547 ], [ -58.359717253291883, -34.59874989833304 ], [ -58.359716522575866, -34.598749167904288 ], [ -58.359715696283828, -34.598748528848773 ], [ -58.359714962856437, -34.598747889793266 ], [ -58.359714230106896, -34.598747251294903 ], [ -58.359713405848389, -34.598746612239395 ], [ -58.359712581589882, -34.598745971512422 ], [ -58.359711848840334, -34.598745332456907 ], [ -58.359711024581827, -34.598744693401393 ], [ -58.359710201001164, -34.598744054345886 ], [ -58.359709374709126, -34.598743415290372 ], [ -58.35970855045062, -34.598742776234857 ], [ -58.359707726192113, -34.59874213717935 ], [ -58.35970690261145, -34.598741589497074 ], [ -58.359706076319405, -34.598740950441567 ], [ -58.359705252060898, -34.598740311386052 ], [ -58.359704427802392, -34.598739763703776 ], [ -58.359703604221728, -34.598739125205419 ], [ -58.359702777929691, -34.598738577523143 ], [ -58.359701862840062, -34.598738029283716 ], [ -58.359701038581555, -34.598737390785359 ], [ -58.359700212289518, -34.598736840874473 ], [ -58.359699297199889, -34.598736293192196 ], [ -58.359698472941382, -34.598735654136682 ], [ -58.359697555818222, -34.598735106454413 ], [ -58.3596966407286, -34.598734558772136 ], [ -58.359695816470087, -34.59873401108986 ], [ -58.359694899346934, -34.598733463407591 ], [ -58.359693982223774, -34.598732915725314 ], [ -58.359693157965268, -34.598732368043045 ], [ -58.359692242875639, -34.598731820360769 ], [ -58.359691327786017, -34.59873136405173 ], [ -58.359690409985014, -34.598730814697994 ], [ -58.359689494895385, -34.598730268687184 ], [ -58.359688577772225, -34.598729812378146 ], [ -58.359687660649065, -34.598729262467259 ], [ -58.359686745559443, -34.598728806158221 ], [ -58.359685830469815, -34.598728258475951 ], [ -58.359684821837696, -34.598727802166913 ], [ -58.359683904714537, -34.598727254484636 ], [ -58.359682989624915, -34.598726798175605 ], [ -58.359682074535286, -34.598726341309415 ], [ -58.359681065903168, -34.598725885000377 ], [ -58.359680148780008, -34.598725428691338 ], [ -58.359679140147882, -34.598724881009069 ], [ -58.359678225058261, -34.598724424700031 ], [ -58.359677216426135, -34.598723968390999 ], [ -58.359676301336513, -34.59872360289804 ], [ -58.359675293382239, -34.598723146589009 ], [ -58.35967437829261, -34.59872269027997 ], [ -58.359673369660491, -34.598722233970939 ], [ -58.359672361028366, -34.598721866806521 ], [ -58.359671355107622, -34.59872141049749 ], [ -58.359670437306619, -34.598720954188451 ], [ -58.359669429352344, -34.5987205886955 ], [ -58.359668422753757, -34.598720132386461 ], [ -58.359667414799482, -34.598719767450667 ], [ -58.359666406167356, -34.598719401957716 ], [ -58.359665397535238, -34.598718945648677 ], [ -58.359664391614494, -34.598718580712877 ], [ -58.359663382982369, -34.598718215219925 ], [ -58.359662375028094, -34.598717850284132 ], [ -58.359661366395976, -34.598717485348331 ], [ -58.359660360475232, -34.59871711985538 ], [ -58.359659351843106, -34.598716754919579 ], [ -58.359658343210988, -34.598716389983785 ], [ -58.359657243747748, -34.598716024490834 ], [ -58.359656235793473, -34.598715750928271 ], [ -58.359655229194885, -34.59871538543532 ], [ -58.359654129731645, -34.598715020499519 ], [ -58.359653030268404, -34.598714655563725 ], [ -58.359489311244516, -34.598674846361128 ], [ -58.359488211781276, -34.598674481425327 ], [ -58.359487203149158, -34.598674207305613 ], [ -58.359486103685917, -34.598673933743058 ], [ -58.359485095053799, -34.598673657951878 ], [ -58.359483995590558, -34.598673386060781 ], [ -58.359482989669814, -34.598673110269608 ], [ -58.359481890206574, -34.598672836149895 ], [ -58.359480881574449, -34.598672562587332 ], [ -58.359479782111215, -34.598672288467618 ], [ -58.359478682647975, -34.598672014905056 ], [ -58.359477674015849, -34.598671740785342 ], [ -58.359476574552616, -34.598671558038866 ], [ -58.359475475089376, -34.59867128447631 ], [ -58.359474467135094, -34.598671010356597 ], [ -58.359473367671853, -34.598670828167272 ], [ -58.35947226820862, -34.598670554047558 ], [ -58.35947116874538, -34.59867037185824 ], [ -58.359470162146792, -34.59867009773852 ], [ -58.359469062683551, -34.598669914992044 ], [ -58.359467963220311, -34.598669641429488 ], [ -58.359466863757071, -34.598669458683013 ], [ -58.359465855802796, -34.598669275936537 ], [ -58.359464756339555, -34.598669093747212 ], [ -58.359463656876315, -34.598668911000736 ], [ -58.359462556735231, -34.59866863743818 ], [ -58.359461457271991, -34.598668454691705 ], [ -58.359460357808757, -34.598668271945229 ], [ -58.359459258345517, -34.598668089755904 ], [ -58.359458158882276, -34.598667907009428 ], [ -58.359457152961532, -34.59866781563619 ], [ -58.359456053498292, -34.598667632889715 ], [ -58.359454954035051, -34.59866745070039 ], [ -58.359453854571811, -34.598667267953914 ], [ -58.35945275510857, -34.598667176580676 ], [ -58.35945165564533, -34.5986669938342 ], [ -58.359450556182097, -34.598666811644883 ], [ -58.359449456718856, -34.598666720271645 ], [ -58.359448357255616, -34.598666537525169 ], [ -58.359447257792375, -34.598666446151931 ], [ -58.359446158329135, -34.598666355335844 ], [ -58.359445058865894, -34.598666170917909 ], [ -58.359443959402661, -34.598666079544671 ], [ -58.359442859939421, -34.598665989842893 ], [ -58.35944176047618, -34.598665898469655 ], [ -58.35944066101294, -34.598665807653568 ], [ -58.359439561549699, -34.598665623235632 ], [ -58.359438462086459, -34.598665531862395 ], [ -58.359437362623218, -34.598665440489157 ], [ -58.359436263159985, -34.598665440489157 ], [ -58.359435072187779, -34.598665349115919 ], [ -58.359433972724538, -34.598665259971298 ], [ -58.359432873261298, -34.59866516859806 ], [ -58.359431773798065, -34.598665075553356 ], [ -58.359430674334824, -34.598665075553356 ], [ -58.359429574871584, -34.598664984180118 ], [ -58.359428475408343, -34.59866489280688 ], [ -58.359427375945103, -34.59866489280688 ], [ -58.359426276481862, -34.598664801433642 ], [ -58.359425177018629, -34.598664801433642 ], [ -58.359423986724266, -34.598664801433642 ], [ -58.359422887261026, -34.598664710060405 ], [ -58.359421787797793, -34.598664710060405 ], [ -58.359420688334552, -34.598664710060405 ], [ -58.359419588871312, -34.598664710060405 ], [ -58.359418489408071, -34.598664618687167 ], [ -58.359417389944831, -34.598664618687167 ], [ -58.35941629048159, -34.598664618687167 ], [ -58.35941519101835, -34.598664618687167 ], [ -58.359414000046151, -34.598664618687167 ], [ -58.35941290058291, -34.598664710060405 ], [ -58.35941180111967, -34.598664710060405 ], [ -58.359410701656429, -34.598664710060405 ], [ -58.359409602193196, -34.598664710060405 ], [ -58.359408502729956, -34.598664801433642 ], [ -58.359407403266715, -34.598664801433642 ], [ -58.359406303803475, -34.598664801433642 ], [ -58.359405204340234, -34.59866489280688 ], [ -58.359404014045879, -34.59866489280688 ], [ -58.359402914582638, -34.598664984180118 ], [ -58.359401815119398, -34.598665075553356 ], [ -58.359400715656157, -34.598665075553356 ], [ -58.359399616192917, -34.59866516859806 ], [ -58.359398516729684, -34.598665259971298 ], [ -58.359397417266443, -34.598665349115919 ], [ -58.359396317803203, -34.598665349115919 ], [ -58.359395218339962, -34.598665440489157 ], [ -58.359394118876722, -34.598665531862395 ], [ -58.359393019413481, -34.598665623235632 ], [ -58.359391919950248, -34.59866571628033 ], [ -58.359390728978042, -34.598665898469655 ], [ -58.359389629514801, -34.598665989842893 ], [ -58.359388530051561, -34.598666079544671 ], [ -58.359387430588328, -34.598666170917909 ], [ -58.359386331125087, -34.598666355335844 ], [ -58.359385231661847, -34.598666446151931 ], [ -58.359384132198606, -34.598666537525169 ], [ -58.359383032735366, -34.598666720271645 ], [ -58.359381933272125, -34.598666811644883 ], [ -58.359380833808885, -34.5986669938342 ], [ -58.359379734345652, -34.598667085207438 ], [ -58.359378728424907, -34.598667267953914 ], [ -58.359377628961667, -34.59866745070039 ], [ -58.359376529498427, -34.598667632889715 ], [ -58.359375430035186, -34.598667724262953 ], [ -58.359374330571946, -34.598667907009428 ], [ -58.359373231108705, -34.598668089755904 ], [ -58.359372131645465, -34.598668271945229 ], [ -58.359371032182231, -34.598668454691705 ], [ -58.359369932718991, -34.59866863743818 ], [ -58.359368833255751, -34.598668819627498 ], [ -58.359367824623632, -34.598669002373974 ], [ -58.359366725160392, -34.598669275936537 ], [ -58.359365625697151, -34.598669458683013 ], [ -58.359364526233911, -34.598669641429488 ], [ -58.35936342677067, -34.598669914992044 ], [ -58.359362420849926, -34.59867009773852 ], [ -58.359361321386686, -34.598670280485003 ], [ -58.359360221245602, -34.598670554047558 ], [ -58.359359121782362, -34.598670736794034 ], [ -58.359358113828087, -34.598671010356597 ], [ -58.359357014364846, -34.59867128447631 ], [ -58.359355914901606, -34.598671467222786 ], [ -58.359354906269488, -34.598671740785342 ], [ -58.359353806806247, -34.598672014905056 ], [ -58.359352707343007, -34.598672288467618 ], [ -58.359351701422263, -34.598672562587332 ], [ -58.359350601959022, -34.598672836149895 ], [ -58.359349593326904, -34.598673110269608 ], [ -58.359348493863664, -34.598673386060781 ], [ -58.359347485231545, -34.598673657951878 ], [ -58.359346385768305, -34.598673933743058 ], [ -58.35934537781403, -34.598674207305613 ], [ -58.35934427835079, -34.598674481425327 ], [ -58.359343271752202, -34.59867475498789 ], [ -58.359342172288962, -34.598675120480841 ], [ -58.359341164334687, -34.598675394043404 ], [ -58.359340064871446, -34.598675668163118 ], [ -58.359339056239321, -34.598676033098911 ], [ -58.359338049640733, -34.598676306661474 ], [ -58.359336950177493, -34.598676672154426 ], [ -58.359335942223218, -34.598676945716988 ], [ -58.3593349335911, -34.59867731120994 ], [ -58.35933383412786, -34.598677676145734 ], [ -58.359332828207116, -34.598678041081534 ], [ -58.35933181957499, -34.598678315201248 ], [ -58.359330810942872, -34.598678680137049 ], [ -58.359329802988597, -34.59867904563 ], [ -58.359328703525357, -34.598679410565794 ], [ -58.359327696926769, -34.598679775501594 ], [ -58.359326688972494, -34.598680140994546 ], [ -58.359325680340369, -34.598680505930346 ], [ -58.359324674419625, -34.598680873094757 ], [ -58.359323665787507, -34.598681236359091 ], [ -58.359322657155381, -34.598681602966352 ], [ -58.359321649201107, -34.598682059832541 ], [ -58.359320642602519, -34.598682423096875 ], [ -58.359319634648244, -34.598682789704135 ], [ -58.359318626016119, -34.598683246570324 ], [ -58.359317619417531, -34.598683611506125 ], [ -58.359316611463257, -34.598683976441926 ], [ -58.359315696373628, -34.598684432750957 ], [ -58.359314687741509, -34.598684798243909 ], [ -58.359313679109391, -34.598685254552947 ], [ -58.359312671155109, -34.598685710861986 ], [ -58.359311756065487, -34.598686076354937 ], [ -58.359310747433362, -34.598686532663969 ], [ -58.359309738801244, -34.598686988973007 ], [ -58.359308823711615, -34.598687445282046 ], [ -58.35930781575734, -34.598687901591077 ], [ -58.359306807125222, -34.598688267084029 ], [ -58.359305892035593, -34.598688723393067 ], [ -58.359304883403475, -34.598689179702106 ], [ -58.359303968313846, -34.598689638239755 ], [ -58.359303051190686, -34.598690092877327 ], [ -58.359302045269942, -34.598690640559603 ], [ -58.359301127468939, -34.598691098540101 ], [ -58.359300119514664, -34.598691554849133 ], [ -58.359299204425042, -34.598692011158171 ], [ -58.359298286624039, -34.59869246802436 ], [ -58.35929737153441, -34.598693015706637 ], [ -58.359296362902292, -34.598693472015668 ], [ -58.359295447812663, -34.598694019697945 ], [ -58.359294530689503, -34.598694476006983 ], [ -58.359293615599881, -34.598695023689253 ], [ -58.359292698476722, -34.598695479998291 ], [ -58.359291783387093, -34.598696027680568 ], [ -58.35929086558609, -34.598696484546757 ], [ -58.359289950496468, -34.598697032229026 ], [ -58.359289033373308, -34.598697579911303 ], [ -58.359288118283679, -34.598698036220341 ], [ -58.359287201160527, -34.598698585574077 ], [ -58.359286286070898, -34.598699133256346 ], [ -58.359285370981269, -34.598699680938623 ], [ -58.359284453180273, -34.598700228620899 ], [ -58.359283629599609, -34.598700776303168 ], [ -58.359282711798606, -34.598701323985445 ], [ -58.359281796708977, -34.598701871667714 ], [ -58.359280973128314, -34.598702419907148 ], [ -58.359280055327311, -34.598702967589418 ], [ -58.359279140237689, -34.598703515271694 ], [ -58.359278313945644, -34.598704062953964 ], [ -58.359277398856023, -34.59870461063624 ], [ -58.359276574597516, -34.598705249691754 ], [ -58.359275751016852, -34.598705797374024 ], [ -58.359274833215849, -34.5987063450563 ], [ -58.359274009635186, -34.598706985783274 ], [ -58.359273183343142, -34.59870753346555 ], [ -58.35927226825352, -34.598708172521057 ], [ -58.359271443995013, -34.598708720203334 ], [ -58.359270619736506, -34.598709359258848 ], [ -58.359269793444462, -34.598709906941117 ], [ -58.359268969863798, -34.598710545996632 ], [ -58.359268145605292, -34.598711093678908 ], [ -58.359267321346785, -34.598711732177264 ], [ -58.359266497766122, -34.598712371232772 ], [ -58.359265671474084, -34.598713010288286 ], [ -58.359264847215577, -34.59871356019918 ], [ -58.359264022957063, -34.598714198697536 ], [ -58.3592631993764, -34.598714837753043 ], [ -58.359262373084363, -34.598715476808557 ], [ -58.359261639656978, -34.598716115864072 ], [ -58.359260816076308, -34.598716754919579 ], [ -58.359259991817801, -34.598717393975093 ], [ -58.35925925906826, -34.598718033030607 ], [ -58.359258434809753, -34.598718672086115 ], [ -58.359257702060205, -34.598719310584478 ], [ -58.359256877801698, -34.598719949639985 ], [ -58.359256144374314, -34.5987205886955 ], [ -58.359255318760113, -34.598721319124252 ], [ -58.359254585332728, -34.598721958179759 ], [ -58.35925385258318, -34.598722597235273 ], [ -58.359253119155788, -34.598723329335485 ], [ -58.359252295575125, -34.598723968390999 ], [ -58.35925156214774, -34.598724606889355 ], [ -58.359250829398192, -34.598725337318101 ], [ -58.359250096648651, -34.598725976373615 ], [ -58.359249363221259, -34.598726706802367 ], [ -58.359248630471718, -34.598727345857874 ], [ -58.35924789772217, -34.598728075729476 ], [ -58.359247164294779, -34.598728714784983 ], [ -58.359246431545237, -34.598729445213735 ], [ -58.359245698795689, -34.598730175642487 ], [ -58.359245056877263, -34.598730814697994 ], [ -58.359244326161253, -34.598731546798206 ], [ -58.359243592733861, -34.598732276669807 ], [ -58.359242950815435, -34.598733007098552 ], [ -58.359242218065894, -34.598733646154066 ], [ -58.359241576147468, -34.598734376582811 ], [ -58.35924084339792, -34.598735106454413 ], [ -58.359240201479494, -34.598735836883158 ], [ -58.359239468052102, -34.59873656731191 ], [ -58.359238828845058, -34.598737299412122 ], [ -58.359238186926632, -34.598738029283716 ], [ -58.359237545008206, -34.598738759712468 ], [ -58.359236811580814, -34.59873949014122 ], [ -58.359236171695919, -34.598740220569965 ], [ -58.359235529777493, -34.598740950441567 ], [ -58.359234887859067, -34.598741680870312 ], [ -58.359234246618485, -34.598742411299064 ], [ -58.359233606733589, -34.598743232543896 ], [ -58.359232964815163, -34.598743962972648 ], [ -58.359232322896737, -34.598744693401393 ], [ -58.359231773842964, -34.598745425501605 ], [ -58.359231131924538, -34.598746246746444 ], [ -58.359230490006112, -34.598746977175189 ], [ -58.359229941630176, -34.598747707603941 ], [ -58.35922929971175, -34.598748528848773 ], [ -58.35922875133582, -34.598749259277525 ], [ -58.359228109417394, -34.598750081079515 ], [ -58.359227558330083, -34.59875081095111 ], [ -58.359226916411657, -34.5987516327531 ], [ -58.359226368035728, -34.598752363181845 ], [ -58.359225818981955, -34.598753184426684 ], [ -58.359225177063529, -34.598753914855429 ], [ -58.359224626654061, -34.598754738328878 ], [ -58.359224077600288, -34.598755559573711 ], [ -58.359223527190821, -34.598756290002463 ], [ -58.359222978137048, -34.598757111804453 ], [ -58.35922242772758, -34.598757933049285 ], [ -58.359221878673807, -34.598758663478037 ], [ -58.359221328264347, -34.598759484722869 ], [ -58.359220870719533, -34.598760306524859 ], [ -58.359220321665752, -34.598761128326842 ], [ -58.359219771256292, -34.598761951243141 ], [ -58.359219222202519, -34.598762681671893 ], [ -58.359218762624174, -34.598763503473876 ], [ -58.359218214248237, -34.598764324718708 ], [ -58.35921775670343, -34.598765146520698 ], [ -58.359217205616119, -34.59876596776553 ], [ -58.359216748071304, -34.59876678956752 ], [ -58.35921629052649, -34.598767610812352 ], [ -58.359215830948145, -34.598768432614342 ], [ -58.359215281894372, -34.598769254416332 ], [ -58.359214824349557, -34.598770077332624 ], [ -58.359214366804743, -34.598770897463154 ], [ -58.359213907226398, -34.598771720936604 ], [ -58.359213267341509, -34.59877281630115 ], [ -58.358777991065153, -34.59997027874212 ], [ -58.358756461378711, -34.600032547375179 ], [ -58.358544918415284, -34.600015656140698 ], [ -58.358342168446399, -34.599993925467523 ], [ -58.358110008174776, -34.599945625239641 ], [ -58.357804375018176, -34.599873130604088 ], [ -58.357252012007429, -34.599619576554588 ], [ -58.356399877836431, -34.599228334735706 ], [ -58.356414537572235, -34.599189623126271 ], [ -58.356220583309266, -34.599102700433583 ], [ -58.356202991897433, -34.599131642906706 ], [ -58.355753424632503, -34.598914337289294 ], [ -58.355662356946468, -34.598878090528672 ], [ -58.355595109382314, -34.598810432546031 ], [ -58.355605646469897, -34.598698036220341 ], [ -58.355646506916301, -34.598574957583111 ], [ -58.355631849214028, -34.598511591914047 ], [ -58.355595109382314, -34.598433071102015 ], [ -58.355503308946737, -34.598372717964033 ], [ -58.355404087473211, -34.598369705432951 ], [ -58.355330611199008, -34.598348521884894 ], [ -58.355128594657508, -34.598348521884894 ], [ -58.354776049939623, -34.59830022165702 ], [ -58.354557085938254, -34.598277943301568 ], [ -58.354457222546301, -34.598297209683089 ], [ -58.354107518673317, -34.598270638456917 ], [ -58.354004081686917, -34.598284699906792 ], [ -58.353925383301245, -34.598323778680644 ], [ -58.353916496764214, -34.598367241141297 ], [ -58.353743155064528, -34.598294834536055 ], [ -58.349456834586256, -34.598044933187452 ], [ -58.349427241943445, -34.598044385505183 ], [ -58.346248024686176, -34.598532045033345 ], [ -58.346246465644597, -34.598724150580317 ], [ -58.346972169677187, -34.598609563525528 ], [ -58.349446021616103, -34.59821567299705 ], [ -58.352322077136606, -34.598436539942135 ], [ -58.352544890615, -34.59845060139201 ], [ -58.352545990078234, -34.598450692765248 ], [ -58.352917223637661, -34.598502279086773 ], [ -58.353045855413917, -34.598508305820403 ], [ -58.353775955265938, -34.59854263597164 ], [ -58.354512009301125, -34.59860308048286 ], [ -58.355399322906557, -34.599006099977828 ], [ -58.355828644321903, -34.599201218055882 ], [ -58.356303497207811, -34.599416058824488 ], [ -58.356519622397805, -34.599513846018034 ], [ -58.357434056548378, -34.599926908211863 ], [ -58.358261178269601, -34.600305640254447 ], [ -58.358631130025707, -34.600471998048704 ], [ -58.358795124932172, -34.600506419573179 ], [ -58.358776158852365, -34.600545772466745 ], [ -58.358875380325891, -34.600566681895081 ], [ -58.358833511247362, -34.600690034094868 ], [ -58.358684451281441, -34.601159249043505 ], [ -58.358619860188576, -34.601371350843586 ], [ -58.358593384273249, -34.60145845461129 ], [ -58.35908005537221, -34.601489133175939 ], [ -58.359208045230041, -34.601530402678883 ], [ -58.361344839156757, -34.601695665108586 ], [ -58.361937235644028, -34.601713012652105 ], [ -58.36272175553718, -34.601648551618489 ], [ -58.362783506462975, -34.601643438060087 ], [ -58.363217223019902, -34.601686899963589 ], [ -58.363449931667454, -34.601799935344793 ], [ -58.363545215544207, -34.601834721805069 ], [ -58.364962719199838, -34.601721686423865 ], [ -58.366718292889011, -34.601787516941741 ], [ -58.367297864564634, -34.600516462829205 ], [ -58.367757509338809, -34.599492662469977 ], [ -58.368558887894238, -34.597856480898542 ], [ -58.369293201225602, -34.597122207786882 ], [ -58.369340658451449, -34.597044232985667 ], [ -58.369423847554728, -34.596991642672833 ], [ -58.369443545028382, -34.59697191942513 ], [ -58.370766134910177, -34.596142872208162 ], [ -58.372275714883962, -34.595147558013025 ], [ -58.373260876650633, -34.594497925491723 ], [ -58.375179896870335, -34.593303659442618 ], [ -58.379554171018533, -34.590920695540383 ], [ -58.379408225068715, -34.590752968261867 ], [ -58.379472723296921, -34.590702292886952 ], [ -58.379503415402972, -34.590678188181059 ], [ -58.379712211063989, -34.59052269655912 ], [ -58.379880970537108, -34.590434678501886 ], [ -58.380251197497941, -34.590179115912605 ], [ -58.380502961700728, -34.589673927765908 ], [ -58.380542816226388, -34.589591478461806 ], [ -58.380702870146862, -34.589260133471868 ], [ -58.380821331549228, -34.589047120168019 ], [ -58.381028663744686, -34.588651496890947 ], [ -58.381213821623902, -34.588395934301673 ], [ -58.381576625513262, -34.587957670365938 ], [ -58.381924590715961, -34.587580400295153 ], [ -58.382276766686623, -34.587192810062866 ], [ -58.382383684402818, -34.587075210476996 ], [ -58.382716898360748, -34.586740486348717 ], [ -58.382785243354604, -34.586688443161002 ], [ -58.383324045414945, -34.586277937189223 ], [ -58.383609526942294, -34.586048213168752 ], [ -58.383679428944205, -34.585991878224618 ], [ -58.384086669585798, -34.585724173023465 ], [ -58.384730006062249, -34.585368997447347 ], [ -58.385206600329823, -34.585109418335676 ], [ -58.385899411296357, -34.584737532600094 ], [ -58.386295291269704, -34.584545794217533 ], [ -58.386853790803706, -34.584249418434354 ], [ -58.387136521639427, -34.58409839964385 ], [ -58.387348615690158, -34.584022799989661 ], [ -58.387501618675607, -34.583975047444056 ], [ -58.386224838180489, -34.582093072419653 ], [ -58.385739263833386, -34.581377242773215 ], [ -58.383664220832472, -34.581258911087126 ], [ -58.383505998446935, -34.581250784997643 ], [ -58.383335131556301, -34.581238186076725 ], [ -58.383040581151832, -34.581216454846398 ], [ -58.382520194761831, -34.581173907232433 ], [ -58.382419322737761, -34.581209424121461 ], [ -58.382294724812148, -34.581248502895306 ], [ -58.382229400291898, -34.581268956014611 ], [ -58.381872184549849, -34.581332139494357 ], [ -58.381729534956214, -34.581335060652201 ], [ -58.381514968807807, -34.581339533483629 ], [ -58.38143810127923, -34.581339533483629 ], [ -58.381118722798604, -34.581372402777369 ], [ -58.381076394141729, -34.581376695090938 ], [ -58.380782394824571, -34.581369299430207 ], [ -58.380109372162813, -34.581317803924769 ], [ -58.379914869523915, -34.581302921230055 ], [ -58.379580373762664, -34.58131643499766 ], [ -58.379264751894418, -34.581360442911972 ] ] ] ] } },
{ "type": "Feature", "properties": { "circuito": "00006", "codprov": "01", "coddepto": "001" }, "geometry": { "type": "MultiPolygon", "coordinates": [ [ [ [ -58.383089504554611, -34.597963580919355 ], [ -58.38335299613933, -34.596139220621566 ], [ -58.383705265652488, -34.594975266529843 ], [ -58.38374576141873, -34.594941940369914 ], [ -58.383735957080695, -34.594933722907186 ], [ -58.382689777815614, -34.5940566490249 ], [ -58.382680706904964, -34.594047609760189 ], [ -58.381699942313404, -34.593064166285835 ], [ -58.379621418582687, -34.590997938241387 ], [ -58.379554171018533, -34.590920695540383 ], [ -58.375179896870335, -34.593303659442618 ], [ -58.373260876650633, -34.594497925491723 ], [ -58.372275714883962, -34.595147558013025 ], [ -58.372723449258267, -34.596299734428662 ], [ -58.373187858599088, -34.597427440088296 ], [ -58.377071614204823, -34.59747948271886 ], [ -58.377260252813841, -34.597501031759862 ], [ -58.378739143392949, -34.597670310711962 ], [ -58.380153348658858, -34.597757050658174 ], [ -58.381588628777777, -34.597878485691425 ], [ -58.383089504554611, -34.597963580919355 ] ] ] ] } },
{ "type": "Feature", "properties": { "circuito": "00007", "codprov": "01", "coddepto": "001" }, "geometry": { "type": "MultiPolygon", "coordinates": [ [ [ [ -58.376912107982442, -34.602424367795649 ], [ -58.376936112477935, -34.602425465388812 ], [ -58.382644701856329, -34.602680752186913 ], [ -58.382743831820889, -34.601651381403101 ], [ -58.382844977016163, -34.600561933272473 ], [ -58.38283929735988, -34.600414202804231 ], [ -58.382927617065661, -34.599084257525519 ], [ -58.383089504554611, -34.597963580919355 ], [ -58.381588628777777, -34.597878485691425 ], [ -58.380153348658858, -34.597757050658174 ], [ -58.378739143392949, -34.597670310711962 ], [ -58.377260252813841, -34.597501031759862 ], [ -58.377113849319201, -34.599110370214035 ], [ -58.377092777177573, -34.600081852151526 ], [ -58.377008306270973, -34.601174862166964 ], [ -58.376912107982442, -34.602424367795649 ] ] ] ] } },
{ "type": "Feature", "properties": { "circuito": "00008", "codprov": "01", "coddepto": "001" }, "geometry": { "type": "MultiPolygon", "coordinates": [ [ [ [ -58.369293201225602, -34.597122207786882 ], [ -58.368558887894238, -34.597856480898542 ], [ -58.367757509338809, -34.599492662469977 ], [ -58.367297864564634, -34.600516462829205 ], [ -58.366718292889011, -34.601787516941741 ], [ -58.367000840028957, -34.601808152807521 ], [ -58.368316008872803, -34.601904296954245 ], [ -58.370980152004812, -34.602095398509903 ], [ -58.373911085789096, -34.602291429206034 ], [ -58.375392906010696, -34.60235643792192 ], [ -58.376912107982442, -34.602424367795649 ], [ -58.377008306270973, -34.601174862166964 ], [ -58.377092777177573, -34.600081852151526 ], [ -58.377113849319201, -34.599110370214035 ], [ -58.377260252813841, -34.597501031759862 ], [ -58.377071614204823, -34.59747948271886 ], [ -58.373187858599088, -34.597427440088296 ], [ -58.372723449258267, -34.596299734428662 ], [ -58.372275714883962, -34.595147558013025 ], [ -58.370766134910177, -34.596142872208162 ], [ -58.369443545028382, -34.59697191942513 ], [ -58.369423847554728, -34.596991642672833 ], [ -58.369340658451449, -34.597044232985667 ], [ -58.369293201225602, -34.597122207786882 ] ] ] ] } },
{ "type": "Feature", "properties": { "circuito": "00009", "codprov": "01", "coddepto": "001" }, "geometry": { "type": "MultiPolygon", "coordinates": [ [ [ [ -58.376936112477935, -34.602425465388812 ], [ -58.376912107982442, -34.602424367795649 ], [ -58.375392906010696, -34.60235643792192 ], [ -58.373911085789096, -34.602291429206034 ], [ -58.370980152004812, -34.602095398509903 ], [ -58.368316008872803, -34.601904296954245 ], [ -58.367000840028957, -34.601808152807521 ], [ -58.366718292889011, -34.601787516941741 ], [ -58.364962719199838, -34.601721686423865 ], [ -58.36381841792447, -34.604456631181812 ], [ -58.363345946305124, -34.608630081539637 ], [ -58.363166101368492, -34.610197511435359 ], [ -58.363143014673994, -34.610399294745399 ], [ -58.363449840836331, -34.610421573657995 ], [ -58.363571416254807, -34.610406782336526 ], [ -58.363741550395893, -34.610382769003863 ], [ -58.363926983479836, -34.610363502622349 ], [ -58.364256072756007, -34.610329354660429 ], [ -58.364617595519896, -34.610277586149586 ], [ -58.364752364497235, -34.610225907897672 ], [ -58.364707748116302, -34.610083198500277 ], [ -58.364832348753296, -34.610013258415307 ], [ -58.364895196430957, -34.609998283790212 ], [ -58.364908114785095, -34.609995180443043 ], [ -58.364969955864169, -34.610003397905764 ], [ -58.365314437625685, -34.610044393288995 ], [ -58.36566267599958, -34.610068862930689 ], [ -58.365673670631978, -34.610286898976852 ], [ -58.365786909922882, -34.610692747699268 ], [ -58.365787551841308, -34.610693114863686 ], [ -58.366134138986808, -34.610904667310031 ], [ -58.366259472373343, -34.611023636380168 ], [ -58.366420078058972, -34.611202594766802 ], [ -58.366414214029085, -34.611350690727996 ], [ -58.369056827474644, -34.611534487439009 ], [ -58.369058018446843, -34.611443548223924 ], [ -58.370533059548933, -34.61153832344354 ], [ -58.37343265930874, -34.611709519562169 ], [ -58.376354705878143, -34.611885281556937 ], [ -58.376386497447434, -34.61188701597699 ], [ -58.376535101902086, -34.609102036571102 ], [ -58.376652005618553, -34.607136244429789 ], [ -58.376850630905686, -34.603795219312971 ], [ -58.376936112477935, -34.602425465388812 ] ] ] ] } },
{ "type": "Feature", "properties": { "circuito": "00010", "codprov": "01", "coddepto": "001" }, "geometry": { "type": "MultiPolygon", "coordinates": [ [ [ [ -58.382644701856329, -34.602680752186913 ], [ -58.376936112477935, -34.602425465388812 ], [ -58.376850630905686, -34.603795219312971 ], [ -58.376652005618553, -34.607136244429789 ], [ -58.376850448565605, -34.607136244429789 ], [ -58.376924566758234, -34.607270187567877 ], [ -58.377043030194137, -34.607270187567877 ], [ -58.377443029426487, -34.607282331851216 ], [ -58.377576332904745, -34.60725795358276 ], [ -58.377680045095879, -34.607197144135739 ], [ -58.377768913855434, -34.607172765867283 ], [ -58.378657695671336, -34.607233666687542 ], [ -58.379442855449376, -34.607282331851216 ], [ -58.380124307103358, -34.607306710119673 ], [ -58.382301960798628, -34.607440654929221 ], [ -58.383190742614531, -34.607501554635171 ], [ -58.385279528228097, -34.607672020325055 ], [ -58.386686772712252, -34.607781586866139 ], [ -58.387945963829075, -34.607866772910157 ], [ -58.388185451596144, -34.607880378050993 ], [ -58.388185999972073, -34.607873255952818 ], [ -58.388282931010153, -34.606596724460388 ], [ -58.388826131601299, -34.603026979871558 ], [ -58.388816786841609, -34.603026432189282 ], [ -58.385562443437429, -34.602844645132357 ], [ -58.382644701856329, -34.602680752186913 ] ] ] ] } },
{ "type": "Feature", "properties": { "circuito": "00011", "codprov": "01", "coddepto": "001" }, "geometry": { "type": "MultiPolygon", "coordinates": [ [ [ [ -58.376652005618553, -34.607136244429789 ], [ -58.376535101902086, -34.609102036571102 ], [ -58.376386497447434, -34.61188701597699 ], [ -58.377677661795786, -34.611960059409128 ], [ -58.379186693393642, -34.612084142037666 ], [ -58.383000178250242, -34.612362439848582 ], [ -58.383452677191201, -34.612427539937705 ], [ -58.385002294030727, -34.61259490172327 ], [ -58.387840145576114, -34.612799880310867 ], [ -58.3878485725348, -34.612676802230794 ], [ -58.388092184983627, -34.609110436780306 ], [ -58.388185451596144, -34.607880378050993 ], [ -58.387945963829075, -34.607866772910157 ], [ -58.386686772712252, -34.607781586866139 ], [ -58.385279528228097, -34.607672020325055 ], [ -58.383190742614531, -34.607501554635171 ], [ -58.382301960798628, -34.607440654929221 ], [ -58.380124307103358, -34.607306710119673 ], [ -58.379442855449376, -34.607282331851216 ], [ -58.378657695671336, -34.607233666687542 ], [ -58.377768913855434, -34.607172765867283 ], [ -58.377680045095879, -34.607197144135739 ], [ -58.377576332904745, -34.60725795358276 ], [ -58.377443029426487, -34.607282331851216 ], [ -58.377043030194137, -34.607270187567877 ], [ -58.376924566758234, -34.607270187567877 ], [ -58.376850448565605, -34.607136244429789 ], [ -58.376652005618553, -34.607136244429789 ] ] ] ] } },
{ "type": "Feature", "properties": { "circuito": "00012", "codprov": "01", "coddepto": "001" }, "geometry": { "type": "MultiPolygon", "coordinates": [ [ [ [ -58.387602305648215, -34.617380641920064 ], [ -58.387649120955636, -34.616230201595954 ], [ -58.387840145576114, -34.612799880310867 ], [ -58.385002294030727, -34.61259490172327 ], [ -58.383452677191201, -34.612427539937705 ], [ -58.383000178250242, -34.612362439848582 ], [ -58.379186693393642, -34.612084142037666 ], [ -58.377677661795786, -34.611960059409128 ], [ -58.376386497447434, -34.61188701597699 ], [ -58.376292406576418, -34.613650750131399 ], [ -58.37617183775653, -34.616580721594161 ], [ -58.378401074037249, -34.616781135977099 ], [ -58.381894538494798, -34.616979174655846 ], [ -58.385428223513863, -34.617243228827554 ], [ -58.387602305648215, -34.617380641920064 ] ] ] ] } },
{ "type": "Feature", "properties": { "circuito": "00013", "codprov": "01", "coddepto": "001" }, "geometry": { "type": "MultiPolygon", "coordinates": [ [ [ [ -58.375944535594058, -34.621265936186049 ], [ -58.375950947999883, -34.621266118375374 ], [ -58.377768456310619, -34.621304832213418 ], [ -58.378744913880347, -34.621357970208528 ], [ -58.380060448760041, -34.621432568100019 ], [ -58.383270266614396, -34.621532636838744 ], [ -58.384819059195422, -34.621617458504112 ], [ -58.386998272610121, -34.621747568980588 ], [ -58.387591128675744, -34.621767016437119 ], [ -58.387524889743716, -34.61928480448384 ], [ -58.387602305648215, -34.617380641920064 ], [ -58.385428223513863, -34.617243228827554 ], [ -58.381894538494798, -34.616979174655846 ], [ -58.378401074037249, -34.616781135977099 ], [ -58.37617183775653, -34.616580721594161 ], [ -58.376122548317902, -34.617780466694626 ], [ -58.376001155239514, -34.619296673533157 ], [ -58.375944535594058, -34.621265936186049 ] ] ] ] } },
{ "type": "Feature", "properties": { "circuito": "00014", "codprov": "01", "coddepto": "001" }, "geometry": { "type": "MultiPolygon", "coordinates": [ [ [ [ -58.37617183775653, -34.616580721594161 ], [ -58.376292406576418, -34.613650750131399 ], [ -58.376386497447434, -34.61188701597699 ], [ -58.376354705878143, -34.611885281556937 ], [ -58.37343265930874, -34.611709519562169 ], [ -58.370533059548933, -34.61153832344354 ], [ -58.369058018446843, -34.611443548223924 ], [ -58.369056827474644, -34.611534487439009 ], [ -58.366414214029085, -34.611350690727996 ], [ -58.366420078058972, -34.611202594766802 ], [ -58.366259472373343, -34.611023636380168 ], [ -58.366134138986808, -34.610904667310031 ], [ -58.365787551841308, -34.610693114863686 ], [ -58.365786909922882, -34.610692747699268 ], [ -58.365673670631978, -34.610286898976852 ], [ -58.36566267599958, -34.610068862930689 ], [ -58.365314437625685, -34.610044393288995 ], [ -58.364969955864169, -34.610003397905764 ], [ -58.364908114785095, -34.609995180443043 ], [ -58.364895196430957, -34.609998283790212 ], [ -58.364832348753296, -34.610013258415307 ], [ -58.364707748116302, -34.610083198500277 ], [ -58.364752364497235, -34.610225907897672 ], [ -58.364617595519896, -34.610277586149586 ], [ -58.364256072756007, -34.610329354660429 ], [ -58.363926983479836, -34.610363502622349 ], [ -58.363741550395893, -34.610382769003863 ], [ -58.363571416254807, -34.610406782336526 ], [ -58.363449840836331, -34.610421573657995 ], [ -58.363143014673994, -34.610399294745399 ], [ -58.363088775617264, -34.610871432523339 ], [ -58.363056068958343, -34.611157124323526 ], [ -58.362551073020157, -34.615702643163416 ], [ -58.366073397370975, -34.61598897401911 ], [ -58.367679635211644, -34.616054987283462 ], [ -58.372698987895802, -34.616352095166853 ], [ -58.375831113963073, -34.616550042472362 ], [ -58.37617183775653, -34.616580721594161 ] ] ] ] } },
{ "type": "Feature", "properties": { "circuito": "00015", "codprov": "01", "coddepto": "001" }, "geometry": { "type": "MultiPolygon", "coordinates": [ [ [ [ -58.372980619946127, -34.621072735274531 ], [ -58.375533356677856, -34.621251600616461 ], [ -58.375944535594058, -34.621265936186049 ], [ -58.376001155239514, -34.619296673533157 ], [ -58.376122548317902, -34.617780466694626 ], [ -58.37617183775653, -34.616580721594161 ], [ -58.375831113963073, -34.616550042472362 ], [ -58.372698987895802, -34.616352095166853 ], [ -58.367679635211644, -34.616054987283462 ], [ -58.366073397370975, -34.61598897401911 ], [ -58.362551073020157, -34.615702643163416 ], [ -58.362158034569561, -34.61924042940511 ], [ -58.365745955933981, -34.619472526901156 ], [ -58.366075320414879, -34.619511148808812 ], [ -58.367228144902811, -34.619593414252137 ], [ -58.367239963793708, -34.619632036716943 ], [ -58.36866690304015, -34.619637696286162 ], [ -58.370077904136679, -34.619687002176811 ], [ -58.370822021128234, -34.619743246304857 ], [ -58.371579057151777, -34.619835006764774 ], [ -58.37305015794572, -34.619896638013778 ], [ -58.372980619946127, -34.621072735274531 ] ] ] ] } },
{ "type": "Feature", "properties": { "circuito": "00016", "codprov": "01", "coddepto": "001" }, "geometry": { "type": "MultiPolygon", "coordinates": [ [ [ [ -58.375944535594058, -34.621265936186049 ], [ -58.375533356677856, -34.621251600616461 ], [ -58.372980619946127, -34.621072735274531 ], [ -58.372857485486065, -34.624543047951533 ], [ -58.372856752736524, -34.624565783173168 ], [ -58.372850064448123, -34.625730191902463 ], [ -58.372705767015319, -34.627190704523841 ], [ -58.372370356164446, -34.628844964067547 ], [ -58.371836042788182, -34.630024988148918 ], [ -58.371174472981473, -34.631056640477915 ], [ -58.373516123616746, -34.632358465085488 ], [ -58.373561291084997, -34.632385125456281 ], [ -58.373786578694599, -34.631975166609621 ], [ -58.374107880896972, -34.631346807338147 ], [ -58.374229273975367, -34.630987704941411 ], [ -58.374496248323418, -34.630269501819399 ], [ -58.374669036902262, -34.629796085930437 ], [ -58.37522442242016, -34.628274400040546 ], [ -58.375467117067977, -34.627436496305343 ], [ -58.375685623524532, -34.625860394309328 ], [ -58.375687364906199, -34.625825879740148 ], [ -58.375782739614074, -34.623945182826766 ], [ -58.375904041183503, -34.622628477195946 ], [ -58.3759283188502, -34.621830382106182 ], [ -58.375944535594058, -34.621265936186049 ] ] ] ] } },
{ "type": "Feature", "properties": { "circuito": "00017", "codprov": "01", "coddepto": "001" }, "geometry": { "type": "MultiPolygon", "coordinates": [ [ [ [ -58.387591128675744, -34.621767016437119 ], [ -58.386998272610121, -34.621747568980588 ], [ -58.384819059195422, -34.621617458504112 ], [ -58.383270266614396, -34.621532636838744 ], [ -58.380060448760041, -34.621432568100019 ], [ -58.378744913880347, -34.621357970208528 ], [ -58.377768456310619, -34.621304832213418 ], [ -58.375950947999883, -34.621266118375374 ], [ -58.375944535594058, -34.621265936186049 ], [ -58.3759283188502, -34.621830382106182 ], [ -58.375904041183503, -34.622628477195946 ], [ -58.375782739614074, -34.623945182826766 ], [ -58.375687364906199, -34.625825879740148 ], [ -58.37705860501957, -34.625847519597237 ], [ -58.378595121164871, -34.625929875856649 ], [ -58.380616016618013, -34.626012234344671 ], [ -58.382987626609797, -34.626149556621094 ], [ -58.384691251677673, -34.62624560939458 ], [ -58.386244444145184, -34.626355447826768 ], [ -58.387385171826104, -34.626423836238153 ], [ -58.387443073274873, -34.62524216910996 ], [ -58.387591128675744, -34.621767016437119 ] ] ] ] } },
{ "type": "Feature", "properties": { "circuito": "00018", "codprov": "01", "coddepto": "001" }, "geometry": { "type": "MultiPolygon", "coordinates": [ [ [ [ -58.375687364906199, -34.625825879740148 ], [ -58.375685623524532, -34.625860394309328 ], [ -58.375467117067977, -34.627436496305343 ], [ -58.37522442242016, -34.628274400040546 ], [ -58.374669036902262, -34.629796085930437 ], [ -58.377953796529916, -34.630670055908396 ], [ -58.380020321063178, -34.630754147145019 ], [ -58.382414284999911, -34.630838240053102 ], [ -58.385033352172627, -34.630939130593816 ], [ -58.387060937947702, -34.630986335457145 ], [ -58.387324154327693, -34.627667954188723 ], [ -58.387385171826104, -34.626423836238153 ], [ -58.386244444145184, -34.626355447826768 ], [ -58.384691251677673, -34.62624560939458 ], [ -58.382987626609797, -34.626149556621094 ], [ -58.380616016618013, -34.626012234344671 ], [ -58.378595121164871, -34.625929875856649 ], [ -58.37705860501957, -34.625847519597237 ], [ -58.375687364906199, -34.625825879740148 ] ] ] ] } },
{ "type": "Feature", "properties": { "circuito": "00019", "codprov": "01", "coddepto": "001" }, "geometry": { "type": "MultiPolygon", "coordinates": [ [ [ [ -58.374669036902262, -34.629796085930437 ], [ -58.374496248323418, -34.630269501819399 ], [ -58.374229273975367, -34.630987704941411 ], [ -58.374107880896972, -34.631346807338147 ], [ -58.373786578694599, -34.631975166609621 ], [ -58.373561291084997, -34.632385125456281 ], [ -58.373573294349505, -34.632392338927694 ], [ -58.374747094725194, -34.633086437343806 ], [ -58.374278196700295, -34.634281800986074 ], [ -58.375202526020018, -34.635968747077051 ], [ -58.375193181260329, -34.636030013390261 ], [ -58.375317964237404, -34.636167883348961 ], [ -58.375789884769446, -34.636443806012835 ], [ -58.375836426905657, -34.636849839710344 ], [ -58.376964420606051, -34.636888186383977 ], [ -58.377037623709057, -34.634691759275583 ], [ -58.378364884615003, -34.635566275821517 ], [ -58.379148214213792, -34.636018142669478 ], [ -58.379685916810899, -34.636189341016724 ], [ -58.383944571079475, -34.637419671637133 ], [ -58.386237572161015, -34.637955814139652 ], [ -58.38694953154743, -34.631962566017243 ], [ -58.387060113689195, -34.630996287339933 ], [ -58.387060937947702, -34.630986335457145 ], [ -58.385033352172627, -34.630939130593816 ], [ -58.382414284999911, -34.630838240053102 ], [ -58.380020321063178, -34.630754147145019 ], [ -58.377953796529916, -34.630670055908396 ], [ -58.374669036902262, -34.629796085930437 ] ] ] ] } },
{ "type": "Feature", "properties": { "circuito": "00020", "codprov": "01", "coddepto": "002" }, "geometry": { "type": "MultiPolygon", "coordinates": [ [ [ [ -58.39609863287486, -34.572418689602642 ], [ -58.396131063651204, -34.572360985174249 ], [ -58.396053190201883, -34.572406729180081 ], [ -58.395976597878047, -34.572457129320973 ], [ -58.395340406556961, -34.572876309064519 ], [ -58.394617910082971, -34.573246824201533 ], [ -58.394216077959982, -34.573474263891057 ], [ -58.394061703017947, -34.573561642892784 ], [ -58.393367792588172, -34.573956992607293 ], [ -58.393281029212602, -34.57400638819972 ], [ -58.392456929998524, -34.574475969755618 ], [ -58.391760636946501, -34.574867392649516 ], [ -58.391068925443207, -34.575256169619585 ], [ -58.390907038632108, -34.575304011866969 ], [ -58.39071271765544, -34.575349847246038 ], [ -58.39025004834059, -34.575336061587336 ], [ -58.389814316552958, -34.575309398987926 ], [ -58.38953460822438, -34.575282647243903 ], [ -58.389082568861767, -34.575255896057023 ], [ -58.388661128062715, -34.575279542225267 ], [ -58.380688486293636, -34.579595338716146 ], [ -58.380442495289621, -34.579581551385985 ], [ -58.379111292041998, -34.579507138469587 ], [ -58.378592095946352, -34.578841160724615 ], [ -58.378572856017513, -34.578790030712128 ], [ -58.378564886603634, -34.578743647650782 ], [ -58.378571299009458, -34.578676537350425 ], [ -58.378600434107454, -34.578611802197095 ], [ -58.378657877333573, -34.578538028336212 ], [ -58.378743541245903, -34.578478315368045 ], [ -58.378851831596542, -34.578425723383752 ], [ -58.38714302758774, -34.573668012484852 ], [ -58.387166114282238, -34.573633408771052 ], [ -58.387180774018042, -34.573591773775156 ], [ -58.387172620230558, -34.573561642892784 ], [ -58.387156036773, -34.57352676505927 ], [ -58.386880817806343, -34.573088867730789 ], [ -58.386813753937965, -34.573029792703828 ], [ -58.386736979951884, -34.572974643940334 ], [ -58.38663638313254, -34.572947070951471 ], [ -58.38649254324455, -34.572954923478399 ], [ -58.386038395786578, -34.573167388542821 ], [ -58.384794871004154, -34.57335456327786 ], [ -58.38449711575246, -34.573412178004475 ], [ -58.384111864375654, -34.573656874421431 ], [ -58.38353384970808, -34.573973609722067 ], [ -58.382890052975441, -34.573953980076212 ], [ -58.382133843921785, -34.573895727965549 ], [ -58.382051205227974, -34.573953980076212 ], [ -58.381879329705221, -34.573876096648235 ], [ -58.377110733269568, -34.573508778460237 ], [ -58.376517603354905, -34.573459108748096 ], [ -58.37650303512806, -34.573493713019047 ], [ -58.376530979253857, -34.57352640012347 ], [ -58.377003448839673, -34.573571047093296 ], [ -58.377007940235124, -34.573686913930565 ], [ -58.376397767284566, -34.574023646598619 ], [ -58.37621031693638, -34.573823232215688 ], [ -58.376246782241203, -34.573522290556376 ], [ -58.376251637638973, -34.573442581335101 ], [ -58.376135923539017, -34.573432994388114 ], [ -58.375142974698548, -34.573355934433586 ], [ -58.375139675630983, -34.573355660313872 ], [ -58.375136286410147, -34.573355386751309 ], [ -58.375132988020425, -34.573355202333374 ], [ -58.375129689630711, -34.57335492988512 ], [ -58.37512639124099, -34.573354654651098 ], [ -58.375123092851275, -34.573354471904622 ], [ -58.375119703630439, -34.573354200013526 ], [ -58.375116404562874, -34.573353924222353 ], [ -58.375113106173153, -34.573353741475877 ], [ -58.375109810494813, -34.573353467913314 ], [ -58.375106512105098, -34.573353193793601 ], [ -58.375103120172881, -34.573353011047125 ], [ -58.375099821783166, -34.573352737484562 ], [ -58.375096523393445, -34.573352463364849 ], [ -58.375093227037262, -34.573352281175531 ], [ -58.375089837816425, -34.573352007055817 ], [ -58.375086539426704, -34.573351733493254 ], [ -58.37508324103699, -34.573351550746779 ], [ -58.375079942647268, -34.573351277184223 ], [ -58.375076552748588, -34.573351003064502 ], [ -58.375073254358874, -34.573350820318026 ], [ -58.375069955969153, -34.573350546755471 ], [ -58.375066657579438, -34.573350272635757 ], [ -58.375063359189717, -34.573350090446432 ], [ -58.375059969968881, -34.573349816326719 ], [ -58.375056670901316, -34.573349542764163 ], [ -58.375053372511601, -34.573349360017687 ], [ -58.37505007412188, -34.573349085897974 ], [ -58.375046775732166, -34.573348812335411 ], [ -58.375043386511329, -34.573348629588935 ], [ -58.375040088121608, -34.573348356026372 ], [ -58.375036789731894, -34.573348081906659 ], [ -58.375033491342172, -34.573347899160183 ], [ -58.375030101443492, -34.573347623926161 ], [ -58.375026803053771, -34.573347351477913 ], [ -58.375023504664057, -34.573347076243891 ], [ -58.375020206274336, -34.573346893497416 ], [ -58.375016907884621, -34.573346621606312 ], [ -58.375013518663785, -34.573346345815139 ], [ -58.375010220274063, -34.573346163068663 ], [ -58.375006921884349, -34.573345889506101 ], [ -58.375003623494628, -34.573345615386387 ], [ -58.375000233595948, -34.573345432639911 ], [ -58.374996935206227, -34.573345159077356 ], [ -58.374993638850043, -34.573344884957642 ], [ -58.374990340460322, -34.573344702768317 ], [ -58.374987042070607, -34.573344428648603 ], [ -58.37498365081624, -34.573344155086041 ], [ -58.374980352426519, -34.573343972339565 ], [ -58.374977056070335, -34.573343698777009 ], [ -58.374973757680614, -34.573343424657295 ], [ -58.374970367781934, -34.57334324191082 ], [ -58.37496706939222, -34.573342968348257 ], [ -58.374963771002498, -34.573342694228543 ], [ -58.374960472612777, -34.573342512039218 ], [ -58.374957174223063, -34.573342237919505 ], [ -58.374953785002226, -34.573341964356949 ], [ -58.374950486612505, -34.573341781610473 ], [ -58.374947188222791, -34.57334150749076 ], [ -58.374943889833069, -34.573341233928197 ], [ -58.374940591443355, -34.573340959808483 ], [ -58.374937201544675, -34.573340777619165 ], [ -58.374933903154954, -34.573340503499445 ], [ -58.374930604765233, -34.573340229936889 ], [ -58.374927306375518, -34.573340047190413 ], [ -58.374923917154682, -34.5733397730707 ], [ -58.374920618764961, -34.573339497836677 ], [ -58.374917320375246, -34.573339316761661 ], [ -58.374914021985525, -34.573339043199105 ], [ -58.374910725629341, -34.573338767407925 ], [ -58.374907333697131, -34.573338495516829 ], [ -58.374904035307409, -34.573338311098894 ], [ -58.374900736917688, -34.57333803697918 ], [ -58.374897440561504, -34.573337763416617 ], [ -58.37489414217179, -34.573337489296904 ], [ -58.374890752950954, -34.573337306550428 ], [ -58.374887454561232, -34.573337032987865 ], [ -58.374884156171511, -34.573336758868152 ], [ -58.374880857781797, -34.573336485305596 ], [ -58.374877467883117, -34.57333630255912 ], [ -58.374874169493395, -34.573336028996557 ], [ -58.374870871103681, -34.573335754876844 ], [ -58.37486757271396, -34.573335481314281 ], [ -58.374864274324246, -34.573335298567805 ], [ -58.374860885103409, -34.573335024448092 ], [ -58.374857586713688, -34.573334750885536 ], [ -58.374854288323974, -34.57333456813906 ], [ -58.374850989934252, -34.573334294576497 ], [ -58.374847600035572, -34.573334020456784 ], [ -58.374844301645851, -34.573333746894221 ], [ -58.374841003256137, -34.573333564147745 ], [ -58.374837704866415, -34.573333290028032 ], [ -58.374834406476701, -34.573333016465476 ], [ -58.374831017255865, -34.573332742345762 ], [ -58.3748277181883, -34.573332560156437 ], [ -58.374824419798578, -34.573332286036724 ], [ -58.374821121408864, -34.573332012474161 ], [ -58.374817825730524, -34.573331829727685 ], [ -58.374814433798306, -34.57333155616513 ], [ -58.374811135408592, -34.573331280373949 ], [ -58.374807837018871, -34.57333109929894 ], [ -58.374804538629157, -34.573330825736377 ], [ -58.374801148730469, -34.573330549945204 ], [ -58.374797853052129, -34.573330369427346 ], [ -58.374794554662415, -34.573330093636166 ], [ -58.374791256272694, -34.57332991088969 ], [ -58.374787957205136, -34.573329637327134 ], [ -58.374784565950762, -34.573329454580659 ], [ -58.374781269594578, -34.573329180460938 ], [ -58.374777971204857, -34.573328906898382 ], [ -58.374774672815143, -34.573328632778669 ], [ -58.374771283594306, -34.573328450589344 ], [ -58.374767984526741, -34.57332817646963 ], [ -58.374764686137027, -34.573327902907074 ], [ -58.374761387747306, -34.573327628787361 ], [ -58.374757998526469, -34.573327355224798 ], [ -58.374754700136755, -34.573327081105084 ], [ -58.374751401747034, -34.573326898358609 ], [ -58.374748103357312, -34.573326624796046 ], [ -58.374744713458632, -34.573326350676332 ], [ -58.374741415068918, -34.573326168487014 ], [ -58.374738116679197, -34.573325985740539 ], [ -58.374734818289483, -34.573325802994063 ], [ -58.374731429068646, -34.573325620804738 ], [ -58.374728130678925, -34.573325438058262 ], [ -58.37472483228921, -34.573325255311786 ], [ -58.374721442390523, -34.573325163938549 ], [ -58.374718144000809, -34.573325073122462 ], [ -58.374714845611088, -34.573324981749224 ], [ -58.374711547221374, -34.573324890375986 ], [ -58.374708158000537, -34.573324890375986 ], [ -58.374704859610816, -34.573324890375986 ], [ -58.374701561221102, -34.573324890375986 ], [ -58.374698171322422, -34.573324890375986 ], [ -58.3746948729327, -34.573324981749224 ], [ -58.374691483711864, -34.573324981749224 ], [ -58.374688185322142, -34.573325073122462 ], [ -58.374684886932428, -34.573325163938549 ], [ -58.374681497033748, -34.573325255311786 ], [ -58.374678198644027, -34.573325438058262 ], [ -58.37467480942319, -34.5733255294315 ], [ -58.374671511033476, -34.573325711620825 ], [ -58.374668212643755, -34.573325894367301 ], [ -58.374664823422918, -34.573326077113776 ], [ -58.374661524355353, -34.573326259860252 ], [ -58.374658225965639, -34.573326533422808 ], [ -58.374654927575918, -34.573326716169284 ], [ -58.374651538355081, -34.573326989731846 ], [ -58.374648239965367, -34.573327172478322 ], [ -58.374644941575646, -34.573327537414123 ], [ -58.374641643185932, -34.573327811533836 ], [ -58.37463834479621, -34.57332817646963 ], [ -58.374635046406496, -34.573328541962582 ], [ -58.374631750050305, -34.57332899827162 ], [ -58.374628451660591, -34.573329363207421 ], [ -58.37462515327087, -34.573329819516452 ], [ -58.374621854881156, -34.573330278054108 ], [ -58.374618647322549, -34.57333073269168 ], [ -58.374615348932835, -34.573331190672178 ], [ -58.374612050543114, -34.573331738354447 ], [ -58.374608752153399, -34.573332194663486 ], [ -58.374605455797216, -34.573332651529675 ], [ -58.374602157407494, -34.573333016465476 ], [ -58.374598859017773, -34.573333472774507 ], [ -58.374595560628059, -34.573333929083546 ], [ -58.374592262238338, -34.573334294576497 ], [ -58.374588963848623, -34.573334659512298 ], [ -58.374585665458902, -34.573335024448092 ], [ -58.374582367069188, -34.573335298567805 ], [ -58.374579068679466, -34.573335663503606 ], [ -58.374575770289752, -34.573336028996557 ], [ -58.374572471900031, -34.573336393932358 ], [ -58.374569173510309, -34.573336668052072 ], [ -58.374565875120595, -34.573337032987865 ], [ -58.374562487933289, -34.573337397923666 ], [ -58.37455928037469, -34.573337856461315 ], [ -58.374555981984976, -34.573338219725656 ], [ -58.374552683595255, -34.573338677706154 ], [ -58.374549385205533, -34.573339225388423 ], [ -58.374546086815819, -34.573339682254613 ], [ -58.37454287925722, -34.573340229936889 ], [ -58.374539582901036, -34.573340686245928 ], [ -58.374536284511315, -34.573341233928197 ], [ -58.374533076952716, -34.573341781610473 ], [ -58.374529778562994, -34.573342329292743 ], [ -58.37452648017328, -34.573342876975019 ], [ -58.374523273292525, -34.573343424657295 ], [ -58.374519974902803, -34.573344063712803 ], [ -58.374516769377735, -34.573344611395079 ], [ -58.37451347098802, -34.573345250450593 ], [ -58.374510263429421, -34.573345798132863 ], [ -58.374506967751081, -34.573346437188377 ], [ -58.374503760192475, -34.573346984870653 ], [ -58.374500461802761, -34.573347623926161 ], [ -58.374497254244162, -34.573348264653134 ], [ -58.37449395585444, -34.573348812335411 ], [ -58.374490751007222, -34.573349451390925 ], [ -58.374487452617501, -34.573350090446432 ], [ -58.374484245058902, -34.573350728944789 ], [ -58.374480946669181, -34.573351368000303 ], [ -58.374477741144119, -34.573352007055817 ], [ -58.374474534263364, -34.573352554738086 ], [ -58.374471235873642, -34.573353193793601 ], [ -58.374468028315043, -34.573353832849115 ], [ -58.374464823467818, -34.573354471904622 ], [ -58.374461525078104, -34.573355202333374 ], [ -58.374458317519505, -34.573355843060348 ], [ -58.374455109960898, -34.573356482115862 ], [ -58.374451811571184, -34.573357211987457 ], [ -58.374448606723959, -34.573357851042971 ], [ -58.37444539916536, -34.573358581471716 ], [ -58.374442191606761, -34.573359311900468 ], [ -58.374438986759536, -34.573360041772062 ], [ -58.374435779200937, -34.573360772200814 ], [ -58.374432574353712, -34.573361502629567 ], [ -58.374429366795113, -34.573362233058312 ], [ -58.374426159236513, -34.57336305597461 ], [ -58.374422952355758, -34.573363877776593 ], [ -58.374419838339655, -34.573364699578583 ], [ -58.374416630781056, -34.573365520823415 ], [ -58.374413425255987, -34.573366342625405 ], [ -58.374410309206354, -34.573367163870238 ], [ -58.374407104359129, -34.573368077045465 ], [ -58.374403987631645, -34.573368898290298 ], [ -58.374400780750889, -34.573369811465525 ], [ -58.374397666734787, -34.573370724083595 ], [ -58.37439455204084, -34.573371638930283 ], [ -58.374391345160085, -34.573372551548353 ], [ -58.374388231143975, -34.57337346416643 ], [ -58.374385114416498, -34.573374468714889 ], [ -58.374382000400388, -34.573375381332966 ], [ -58.374378884350755, -34.573376385324273 ], [ -58.374375770334652, -34.573377389872739 ], [ -58.374372747149664, -34.573378393864047 ], [ -58.374369631100024, -34.573379399526821 ], [ -58.374366517083921, -34.573380494891367 ], [ -58.374363493898933, -34.573381499439833 ], [ -58.3743603778493, -34.573382594804379 ], [ -58.374357354664312, -34.573383690168924 ], [ -58.374354331479324, -34.57338478553347 ], [ -58.374351308294337, -34.573385880898023 ], [ -58.374348192244703, -34.573387067635807 ], [ -58.374345169059715, -34.573388164671819 ], [ -58.374342146552571, -34.573389351409602 ], [ -58.374339123367591, -34.573390446774148 ], [ -58.374336100182603, -34.573391633511939 ], [ -58.374333077675459, -34.573392728876485 ], [ -58.374330054490471, -34.573393915614268 ], [ -58.374327029271953, -34.573395013207431 ], [ -58.374324006086965, -34.573396199388064 ], [ -58.374320982901985, -34.573397295309768 ], [ -58.374317866852344, -34.573398390674313 ], [ -58.374314843667356, -34.573399577412097 ], [ -58.374311821160219, -34.57340067277665 ], [ -58.374308797975232, -34.573401768141196 ], [ -58.374305774790244, -34.573402863505741 ], [ -58.374302658740604, -34.573404051914991 ], [ -58.374299635555623, -34.573405147279537 ], [ -58.374296612370635, -34.573406242644083 ], [ -58.374293589863491, -34.573407338008636 ], [ -58.374290566678503, -34.573408524746419 ], [ -58.374287449951026, -34.573409620110965 ], [ -58.374284427443882, -34.573410717704128 ], [ -58.374281404258895, -34.573411903884761 ], [ -58.374278381073907, -34.573412999806465 ], [ -58.37427535856677, -34.573414185987097 ], [ -58.374272333348252, -34.573415372724881 ], [ -58.374269310163264, -34.573416468089427 ], [ -58.374266286978276, -34.573417654827217 ], [ -58.374263355302254, -34.573418843793618 ], [ -58.374260332117267, -34.573420030531402 ], [ -58.374257308932279, -34.573421216712035 ], [ -58.374254377256257, -34.573422494823056 ], [ -58.374251354071269, -34.57342368156084 ], [ -58.374248422395247, -34.573424959671868 ], [ -58.374245490041382, -34.57342623778289 ], [ -58.374242558365353, -34.573427517565378 ], [ -58.374239626689331, -34.573428795119248 ], [ -58.374236694335465, -34.573430164603508 ], [ -58.374233762659443, -34.573431442714529 ], [ -58.374230830983414, -34.573432811641638 ], [ -58.374227992172045, -34.573434181125904 ], [ -58.37422505981818, -34.573435550610164 ], [ -58.374222218973273, -34.573436921208732 ], [ -58.374219287297251, -34.573438290692991 ], [ -58.374216446452344, -34.573439660177257 ], [ -58.374213514776315, -34.573441029104366 ], [ -58.374210675964946, -34.573442489961863 ], [ -58.374207835120039, -34.573443861117589 ], [ -58.374204994275132, -34.573445321417928 ], [ -58.374202155463763, -34.573446690902195 ], [ -58.374199314618856, -34.573448151202541 ], [ -58.374196473773949, -34.5734495206868 ], [ -58.37419363496258, -34.573450980987147 ], [ -58.374190794117673, -34.573452441844644 ], [ -58.374187953272767, -34.573453903816457 ], [ -58.374185205970356, -34.573455364673954 ], [ -58.374182365125456, -34.573456824974301 ], [ -58.37417952631408, -34.573458376647885 ], [ -58.374176776300295, -34.573459839176842 ], [ -58.374173938166763, -34.573461300034346 ], [ -58.374171188152978, -34.57346285170793 ], [ -58.374168347308071, -34.573464312008277 ], [ -58.374165600005661, -34.573465772865774 ], [ -58.374162758482917, -34.573467324539358 ], [ -58.374160011180507, -34.573468787068315 ], [ -58.3741571703356, -34.573470247368661 ], [ -58.37415442303319, -34.573471799042245 ], [ -58.37414901654811, -34.573474631055468 ], [ -58.371667740859877, -34.574865931792012 ], [ -58.371424955380938, -34.575001885141333 ], [ -58.371394171765921, -34.575020695213816 ], [ -58.37136522171938, -34.575039503057681 ], [ -58.371323625812053, -34.575066802483981 ], [ -58.371295132632476, -34.575088168778514 ], [ -58.371253081891716, -34.575118755969918 ], [ -58.371232282921284, -34.575136194886674 ], [ -58.37121597737984, -34.575151168954626 ], [ -58.371201684357729, -34.575165867788549 ], [ -58.371177404657502, -34.575190978157224 ], [ -58.371156883603177, -34.575214076643192 ], [ -58.371140024940892, -34.575235442937725 ], [ -58.371123992570645, -34.575255257001515 ], [ -58.371107042399402, -34.575280182952241 ], [ -58.371088720271558, -34.575308394996618 ], [ -58.371069114306863, -34.575343731367788 ], [ -58.371049599173283, -34.575384818124249 ], [ -58.371029626494895, -34.575432387923385 ], [ -58.371014509214277, -34.575474205108598 ], [ -58.371003241410683, -34.575507987577566 ], [ -58.37099755972087, -34.575541496483972 ], [ -58.370985374116273, -34.575606322453382 ], [ -58.370976305239161, -34.575667406577267 ], [ -58.370969160083796, -34.575736888124588 ], [ -58.370961829876968, -34.575800527913366 ], [ -58.370948269604398, -34.575959580862964 ], [ -58.370947354514776, -34.575965607596594 ], [ -58.370945337928376, -34.575970902230011 ], [ -58.37094075773534, -34.575972729694769 ], [ -58.370930314190254, -34.575971999266024 ], [ -58.37091959476259, -34.575971269394422 ], [ -58.370907958211767, -34.575969806865466 ], [ -58.370760179371317, -34.575959124553933 ], [ -58.370692289888744, -34.575954286786704 ], [ -58.370643733199664, -34.575950085846372 ], [ -58.370591144693471, -34.575946249841842 ], [ -58.370520141194788, -34.575940773019099 ], [ -58.370463064004525, -34.575936937014568 ], [ -58.370394992181865, -34.57593328598513 ], [ -58.370351106516942, -34.575932281436664 ], [ -58.370304200378406, -34.57593246418314 ], [ -58.370239333402971, -34.575935568087459 ], [ -58.370198015411752, -34.575939036927579 ], [ -58.370152206025082, -34.575944972287971 ], [ -58.370102549872762, -34.575954010995531 ], [ -58.370061780257473, -34.575962958887004 ], [ -58.370017803761428, -34.575972455575055 ], [ -58.369968238440229, -34.575987884837737 ], [ -58.369919130663838, -34.576005234052715 ], [ -58.369874239078172, -34.576023220651749 ], [ -58.36982403183854, -34.576046503555659 ], [ -58.369796456459966, -34.576061478180762 ], [ -58.369747531023663, -34.576086860440526 ], [ -58.369709693084395, -34.576108591670852 ], [ -58.369660312814652, -34.576136347406191 ], [ -58.369610838324569, -34.576164103141529 ], [ -58.369528933058142, -34.576210121267074 ], [ -58.369485414106911, -34.576233951853261 ], [ -58.367101436170458, -34.57758471574423 ], [ -58.367038311254532, -34.577622607780292 ], [ -58.366985083541287, -34.577653284673474 ], [ -58.36694074033155, -34.577676932513178 ], [ -58.366890166378226, -34.577705511721973 ], [ -58.366842709152387, -34.57773162441049 ], [ -58.3667929614911, -34.577760751301547 ], [ -58.366751457092739, -34.577785038196772 ], [ -58.36671133007372, -34.577809873331418 ], [ -58.36667944699547, -34.577829594350511 ], [ -58.366640143557113, -34.577857351757309 ], [ -58.366608259123169, -34.577882460454518 ], [ -58.366583157875809, -34.577903096320298 ], [ -58.366561167933178, -34.577925920686553 ], [ -58.366539822620354, -34.577947560543642 ], [ -58.36652149845898, -34.577966916626934 ], [ -58.366497218758745, -34.577996408453799 ], [ -58.366465703072031, -34.578042061643544 ], [ -58.366438951274127, -34.578091913545009 ], [ -58.366424566743049, -34.578123140349085 ], [ -58.366407801623261, -34.578164227105546 ], [ -58.366397357400331, -34.57819244137854 ], [ -58.366389476784043, -34.578217640891829 ], [ -58.366382240797556, -34.578250419369489 ], [ -58.366377200348325, -34.578269136397267 ], [ -58.366370330397693, -34.578314149974354 ], [ -58.366362634155017, -34.578358979690648 ], [ -58.366352006236312, -34.578448093112435 ], [ -58.366343119021437, -34.578520954355248 ], [ -58.366327910909696, -34.57865517328451 ], [ -58.366424842625626, -34.578659371996224 ], [ -58.366440235110979, -34.578542320092623 ], [ -58.366454801304286, -34.578410841803347 ], [ -58.366462589055928, -34.578351219094117 ], [ -58.366473490145829, -34.57829835466157 ], [ -58.366485033831992, -34.578250327996251 ], [ -58.366497860677171, -34.57820814364662 ], [ -58.366508304900101, -34.578179018984173 ], [ -58.366522506413254, -34.57814505209727 ], [ -58.366536615739598, -34.578115926877665 ], [ -58.366550633556976, -34.578092826720237 ], [ -58.366563827115847, -34.5780737441995 ], [ -58.366577384677036, -34.578051557217293 ], [ -58.366590485371262, -34.578035213665082 ], [ -58.366609085415213, -34.578012112950496 ], [ -58.36663107264647, -34.577989560475331 ], [ -58.366652144788098, -34.577970478511752 ], [ -58.366673583643419, -34.577951578737498 ], [ -58.366706565507073, -34.577926559742068 ], [ -58.366731943992697, -34.577907751898202 ], [ -58.366760437172267, -34.577888487188147 ], [ -58.366795984676088, -34.57786639102202 ], [ -58.366837487040925, -34.577841647260612 ], [ -58.366879265288333, -34.57781708624568 ], [ -58.366933867669538, -34.577788050727854 ], [ -58.367008078726826, -34.57774331238479 ], [ -58.367070287197436, -34.577710075926639 ], [ -58.369732140571841, -34.576193047286118 ], [ -58.369768878370024, -34.576172503350733 ], [ -58.369798104299136, -34.576156159798522 ], [ -58.369826230765021, -34.576142739075621 ], [ -58.369862877732082, -34.576124386983636 ], [ -58.369892470374893, -34.576109047979891 ], [ -58.369916016647736, -34.576100189790189 ], [ -58.369944692167387, -34.57608804717831 ], [ -58.369976758941412, -34.576074624783949 ], [ -58.370012490818844, -34.57606248217207 ], [ -58.370039149074259, -34.576054538271904 ], [ -58.370083676657607, -34.576044221453323 ], [ -58.370127011235226, -34.576034542018789 ], [ -58.37017126158031, -34.576028243394063 ], [ -58.370235210754743, -34.576021304042364 ], [ -58.370296870171579, -34.576017924346871 ], [ -58.370340480631775, -34.576016372673287 ], [ -58.370391602961028, -34.576018291511282 ], [ -58.370444281620493, -34.576019569622304 ], [ -58.370488074420763, -34.576023220651749 ], [ -58.370536724652339, -34.576026324556068 ], [ -58.370595176510577, -34.576030160003448 ], [ -58.370648040221496, -34.576033263907767 ], [ -58.370699804469183, -34.576037738410662 ], [ -58.37076421118843, -34.576041663559813 ], [ -58.370857201918362, -34.576047325357642 ], [ -58.370927381836381, -34.576052803851844 ], [ -58.370972274099898, -34.57605609050264 ], [ -58.371042360475421, -34.576062116679118 ], [ -58.371048774914776, -34.575979667375009 ], [ -58.371052346475693, -34.575926163886955 ], [ -58.371056195952718, -34.575880328507878 ], [ -58.371060866976876, -34.575831754160291 ], [ -58.371064258909094, -34.57579769812876 ], [ -58.37106764812993, -34.57577039870246 ], [ -58.371070946519644, -34.575741636747189 ], [ -58.371074609589527, -34.575711596680904 ], [ -58.37107827401509, -34.575683293263289 ], [ -58.371082214323238, -34.575658550059032 ], [ -58.371085788595536, -34.575633624108306 ], [ -58.371088626729062, -34.575607144255372 ], [ -58.371092201001353, -34.5755843176605 ], [ -58.371098065031248, -34.575562770848109 ], [ -58.371104843472921, -34.575530814172438 ], [ -58.371110982707542, -34.575509539808301 ], [ -58.371119960753539, -34.57547977386173 ], [ -58.371128390423607, -34.575460600524913 ], [ -58.371138467932838, -34.575433301098606 ], [ -58.371147812014684, -34.575409744074982 ], [ -58.371161554627335, -34.575385000870725 ], [ -58.371174565846125, -34.575359160073312 ], [ -58.371192612769235, -34.575329852107231 ], [ -58.371207547709773, -34.57530702606951 ], [ -58.371230086028341, -34.575279087587695 ], [ -58.371247859780247, -34.575258634468391 ], [ -58.371267830425104, -34.575237907229379 ], [ -58.371291743411639, -34.575215812734712 ], [ -58.371317763815696, -34.575193260259553 ], [ -58.371342223822474, -34.575171894522178 ], [ -58.371371542616238, -34.575149524236345 ], [ -58.371402325553412, -34.575124506912374 ], [ -58.371429353233893, -34.575107524304649 ], [ -58.37146233509754, -34.575087073413961 ], [ -58.371497882601368, -34.575064885874603 ], [ -58.371529491830579, -34.57504699009165 ], [ -58.371563297952733, -34.575026811092066 ], [ -58.371605075522297, -34.575005262608215 ], [ -58.371633751041948, -34.57498946840974 ], [ -58.371657939233216, -34.574977780435432 ], [ -58.37166865866088, -34.574975133397302 ], [ -58.374144436355074, -34.573577256016243 ], [ -58.374195191970635, -34.573548039980558 ], [ -58.374235870754802, -34.573526856432508 ], [ -58.374279662877228, -34.573505855630927 ], [ -58.374310630188013, -34.573491795852512 ], [ -58.374344893854982, -34.573475909166497 ], [ -58.37440224896136, -34.5734564600385 ], [ -58.374441001312405, -34.573445960473443 ], [ -58.374473158917546, -34.573437469448159 ], [ -58.374518968304216, -34.573428065247647 ], [ -58.374556714734517, -34.57342103452271 ], [ -58.374595103083244, -34.573415190535556 ], [ -58.374660243229883, -34.573408707492895 ], [ -58.374700461757861, -34.573407703501587 ], [ -58.374748285697393, -34.573407612128349 ], [ -58.374794827833611, -34.573410076420004 ], [ -58.374856944795262, -34.573414551480049 ], [ -58.376151132328594, -34.573515716140477 ], [ -58.376151682738062, -34.573812274112974 ], [ -58.376349117730832, -34.574055694090376 ], [ -58.373933714938779, -34.575334599058372 ], [ -58.373921989590372, -34.575340443045526 ], [ -58.373907605059294, -34.575350212181831 ], [ -58.373898627691148, -34.57535842964456 ], [ -58.373892763661253, -34.575367105644936 ], [ -58.373888365808298, -34.575373038776711 ], [ -58.373886442086551, -34.57537997812841 ], [ -58.37388112711043, -34.575391666102718 ], [ -58.37387938572877, -34.575401617985499 ], [ -58.37384072420884, -34.575734241086458 ], [ -58.373842374081541, -34.575750036399235 ], [ -58.373845945642458, -34.575762635877304 ], [ -58.373850527869031, -34.575773137113828 ], [ -58.373855657115847, -34.575781993632063 ], [ -58.373862529100016, -34.575790484657347 ], [ -58.3738726994739, -34.575800801475928 ], [ -58.373882135064711, -34.575807284518589 ], [ -58.373893312037183, -34.575814406616765 ], [ -58.373904215838458, -34.575820889659433 ], [ -58.373917682568532, -34.575825271117623 ], [ -58.373931975590644, -34.575828102573695 ], [ -58.373953687617167, -34.575832119096084 ], [ -58.373974853301291, -34.575832940898074 ], [ -58.374006184614394, -34.575835590164822 ], [ -58.374053275804386, -34.575840062996249 ], [ -58.379219493595052, -34.57624600532052 ], [ -58.379242671120664, -34.576246461629552 ], [ -58.379261544335819, -34.576249473603482 ], [ -58.379271897049783, -34.576254131410003 ], [ -58.379280511093462, -34.576259334113033 ], [ -58.379286831990321, -34.576264813164386 ], [ -58.379292602477719, -34.576271387580285 ], [ -58.379297001008524, -34.57627887461426 ], [ -58.37929929076612, -34.576286544394712 ], [ -58.379299015561386, -34.576296952586532 ], [ -58.379297276213251, -34.576309918671861 ], [ -58.379285457322354, -34.576444500308298 ], [ -58.379283167564751, -34.576454634937562 ], [ -58.379281610556703, -34.57646203226976 ], [ -58.379280326719851, -34.576468240078398 ], [ -58.379277303534863, -34.576476092048175 ], [ -58.379268873864795, -34.57648412676442 ], [ -58.379258521150831, -34.57649106611612 ], [ -58.379248535150559, -34.576495997485203 ], [ -58.379239006017251, -34.576501383491859 ], [ -58.377556268717392, -34.577452689215527 ], [ -58.377545916003427, -34.577461087753264 ], [ -58.377532997649283, -34.577466931740418 ], [ -58.377521272300882, -34.577473414783078 ], [ -58.377508903000511, -34.577480445508016 ], [ -58.377500015785635, -34.577484646448347 ], [ -58.377493785719892, -34.577485924002218 ], [ -58.37748636468195, -34.57748720211324 ], [ -58.377475645254286, -34.577488480224268 ], [ -58.377457323126443, -34.57748583262898 ], [ -58.377429929410113, -34.577482088554838 ], [ -58.371668201116066, -34.577029399904887 ], [ -58.371057662129651, -34.576981829548608 ], [ -58.370980518718504, -34.577001733314177 ], [ -58.368797549369269, -34.578249415378181 ], [ -58.366216686171661, -34.57971175156424 ], [ -58.366211830773892, -34.579714399159521 ], [ -58.366205051654376, -34.579719329971446 ], [ -58.366200929683991, -34.57972307293128 ], [ -58.366197812956507, -34.579729099107759 ], [ -58.36619534085883, -34.579735490777182 ], [ -58.366194698940404, -34.579742247939564 ], [ -58.36615090478444, -34.580134402376515 ], [ -58.366150813275482, -34.580142985332188 ], [ -58.366152830539725, -34.580150015499974 ], [ -58.366155029466199, -34.580156770990889 ], [ -58.366158785400735, -34.580161519613497 ], [ -58.366164098343319, -34.580168915274228 ], [ -58.366172894049228, -34.580175398316896 ], [ -58.36618232964004, -34.58017923209281 ], [ -58.366191858095497, -34.58018178831486 ], [ -58.36620037859668, -34.580182063548882 ], [ -58.366209083471482, -34.580183250286666 ], [ -58.366225757760155, -34.580184345651219 ], [ -58.371561649435719, -34.58059987492247 ], [ -58.37157319312189, -34.580601152476341 ], [ -58.371582537203736, -34.580601882905093 ], [ -58.371592981426666, -34.580603069642876 ], [ -58.371598203538127, -34.58060507818265 ], [ -58.371625139031806, -34.580630277695938 ], [ -58.371609930920066, -34.580765956925546 ], [ -58.371603791685445, -34.580815170328655 ], [ -58.371600952874068, -34.580827314611994 ], [ -58.371597470110743, -34.580834893019208 ], [ -58.371593074969155, -34.580840369841944 ], [ -58.371584554467972, -34.580846852884612 ], [ -58.371572917917156, -34.580854431291819 ], [ -58.370494395995472, -34.581462522419081 ], [ -58.369847212075527, -34.581827467131511 ], [ -58.369839331459239, -34.581833036998944 ], [ -58.369829253950002, -34.581837418457141 ], [ -58.369817159854371, -34.581841254461672 ], [ -58.369808641386719, -34.581841893517186 ], [ -58.369367685454087, -34.582087958861251 ], [ -58.369498516834668, -34.582245095201465 ], [ -58.369495766820876, -34.582246646875049 ], [ -58.370670118283876, -34.58369547152212 ], [ -58.371711626524799, -34.583103452613123 ], [ -58.375464369765567, -34.583309161072322 ], [ -58.375510636019207, -34.583283048383805 ], [ -58.37812695385599, -34.581810940832824 ], [ -58.378508176127063, -34.581585691872398 ], [ -58.378931173256326, -34.581433943210293 ], [ -58.378974508511789, -34.581424356263305 ], [ -58.379264751894418, -34.581360442911972 ], [ -58.379580373762664, -34.58131643499766 ], [ -58.379914869523915, -34.581302921230055 ], [ -58.380109372162813, -34.581317803924769 ], [ -58.380782394824571, -34.581369299430207 ], [ -58.381076394141729, -34.581376695090938 ], [ -58.381118722798604, -34.581372402777369 ], [ -58.38143810127923, -34.581339533483629 ], [ -58.381514968807807, -34.581339533483629 ], [ -58.381729534956214, -34.581335060652201 ], [ -58.381872184549849, -34.581332139494357 ], [ -58.382229400291898, -34.581268956014611 ], [ -58.382294724812148, -34.581248502895306 ], [ -58.382419322737761, -34.581209424121461 ], [ -58.382520194761831, -34.581173907232433 ], [ -58.383040581151832, -34.581216454846398 ], [ -58.383335131556301, -34.581238186076725 ], [ -58.383505998446935, -34.581250784997643 ], [ -58.383664220832472, -34.581258911087126 ], [ -58.385739263833386, -34.581377242773215 ], [ -58.386224838180489, -34.582093072419653 ], [ -58.387501618675607, -34.583975047444056 ], [ -58.387348615690158, -34.584022799989661 ], [ -58.387136521639427, -34.58409839964385 ], [ -58.386853790803706, -34.584249418434354 ], [ -58.386295291269704, -34.584545794217533 ], [ -58.385899411296357, -34.584737532600094 ], [ -58.385206600329823, -34.585109418335676 ], [ -58.384730006062249, -34.585368997447347 ], [ -58.384086669585798, -34.585724173023465 ], [ -58.383679428944205, -34.585991878224618 ], [ -58.383609526942294, -34.586048213168752 ], [ -58.384038112896718, -34.586664612574822 ], [ -58.385212921904525, -34.586131941141034 ], [ -58.386144580753232, -34.587530363975752 ], [ -58.386428136525304, -34.587397151266416 ], [ -58.3892840349938, -34.588795667145838 ], [ -58.39179911612635, -34.591783251663756 ], [ -58.393200772463189, -34.590677184189744 ], [ -58.39325693456383, -34.590626966795334 ], [ -58.395940866000608, -34.588225651358265 ], [ -58.396567712561996, -34.587664856467576 ], [ -58.395284702001135, -34.58591016046357 ], [ -58.395374579392815, -34.585891717555505 ], [ -58.395248055034074, -34.585712852213575 ], [ -58.394088454138007, -34.583860550091046 ], [ -58.392698616692066, -34.581930002390507 ], [ -58.39250787066554, -34.581627691804087 ], [ -58.392591790484829, -34.581572634413831 ], [ -58.392764581097211, -34.581459142723588 ], [ -58.393788590790955, -34.580786684164565 ], [ -58.3938666472582, -34.580735460550223 ], [ -58.394567429672136, -34.580274645810789 ], [ -58.394596107225325, -34.580259397623124 ], [ -58.395040450345263, -34.580022645106332 ], [ -58.395883973183956, -34.579615972910467 ], [ -58.395951403088191, -34.579583468552521 ], [ -58.396529600095846, -34.579245092837652 ], [ -58.396681502940211, -34.579145479850808 ], [ -58.39717779468144, -34.578820251296278 ], [ -58.397694607476993, -34.578395502799602 ], [ -58.398173218330967, -34.577823295725779 ], [ -58.398186043142609, -34.577807864791644 ], [ -58.398465476266459, -34.577473871092117 ], [ -58.398678029895535, -34.577224243863235 ], [ -58.398712020391308, -34.577199226539264 ], [ -58.398316507809497, -34.576811455231962 ], [ -58.3981164143119, -34.576609032866408 ], [ -58.398088745390837, -34.576581092713134 ], [ -58.397799692302563, -34.576177890471691 ], [ -58.39660839134617, -34.574867484022754 ], [ -58.396516408570506, -34.57475919726415 ], [ -58.396390066551845, -34.574582339904836 ], [ -58.395898906090963, -34.574032320370378 ], [ -58.39578191086553, -34.573857927302726 ], [ -58.395720069786456, -34.573783058077289 ], [ -58.395690658805883, -34.573636055809182 ], [ -58.395677833994235, -34.573571870566738 ], [ -58.395661524385723, -34.573481021053432 ], [ -58.395666564157111, -34.573261798269485 ], [ -58.39568983522522, -34.573199893457918 ], [ -58.395776688754061, -34.572988979509923 ], [ -58.395932437008391, -34.572717529677476 ], [ -58.39609863287486, -34.572418689602642 ] ] ] ] } },
{ "type": "Feature", "properties": { "circuito": "00021", "codprov": "01", "coddepto": "002" }, "geometry": { "type": "MultiPolygon", "coordinates": [ [ [ [ -58.381576625513262, -34.587957670365938 ], [ -58.381213821623902, -34.588395934301673 ], [ -58.381028663744686, -34.588651496890947 ], [ -58.380821331549228, -34.589047120168019 ], [ -58.380702870146862, -34.589260133471868 ], [ -58.380542816226388, -34.589591478461806 ], [ -58.380502961700728, -34.589673927765908 ], [ -58.380251197497941, -34.590179115912605 ], [ -58.379880970537108, -34.590434678501886 ], [ -58.379712211063989, -34.59052269655912 ], [ -58.379503415402972, -34.590678188181059 ], [ -58.379472723296921, -34.590702292886952 ], [ -58.379408225068715, -34.590752968261867 ], [ -58.379554171018533, -34.590920695540383 ], [ -58.379621418582687, -34.590997938241387 ], [ -58.381699942313404, -34.593064166285835 ], [ -58.382680706904964, -34.594047609760189 ], [ -58.382689777815614, -34.5940566490249 ], [ -58.383735957080695, -34.594933722907186 ], [ -58.384745214851833, -34.594115174698125 ], [ -58.385782050035068, -34.593284210314621 ], [ -58.387770332371787, -34.595060545618558 ], [ -58.38777170500623, -34.595059450254013 ], [ -58.388030525566791, -34.594846709398418 ], [ -58.390846296338424, -34.592553588789563 ], [ -58.391574930013512, -34.591960107351603 ], [ -58.39179911612635, -34.591783251663756 ], [ -58.3892840349938, -34.588795667145838 ], [ -58.386428136525304, -34.587397151266416 ], [ -58.386144580753232, -34.587530363975752 ], [ -58.385212921904525, -34.586131941141034 ], [ -58.384038112896718, -34.586664612574822 ], [ -58.383609526942294, -34.586048213168752 ], [ -58.383324045414945, -34.586277937189223 ], [ -58.382785243354604, -34.586688443161002 ], [ -58.382716898360748, -34.586740486348717 ], [ -58.382383684402818, -34.587075210476996 ], [ -58.382276766686623, -34.587192810062866 ], [ -58.381924590715961, -34.587580400295153 ], [ -58.381576625513262, -34.587957670365938 ] ] ] ] } },
{ "type": "Feature", "properties": { "circuito": "00022", "codprov": "01", "coddepto": "002" }, "geometry": { "type": "MultiPolygon", "coordinates": [ [ [ [ -58.406309395428167, -34.592321676268611 ], [ -58.406301334505329, -34.59231227039664 ], [ -58.406281819371749, -34.592284696850619 ], [ -58.403805857303944, -34.588779048359605 ], [ -58.402536497846768, -34.58701248386344 ], [ -58.402299209006181, -34.586639504434764 ], [ -58.402296368161274, -34.586639504434764 ], [ -58.401484638925403, -34.586633386327897 ], [ -58.397991632012669, -34.586607182266143 ], [ -58.397239085351053, -34.587073476056936 ], [ -58.396570735746984, -34.587668964363203 ], [ -58.396567712561996, -34.587664856467576 ], [ -58.395940866000608, -34.588225651358265 ], [ -58.398102671699249, -34.589780389288372 ], [ -58.401475201301068, -34.59221247466332 ], [ -58.40410993616387, -34.594137453610728 ], [ -58.404566100208243, -34.593692251994753 ], [ -58.406309395428167, -34.592321676268611 ] ] ] ] } },
{ "type": "Feature", "properties": { "circuito": "00023", "codprov": "01", "coddepto": "002" }, "geometry": { "type": "MultiPolygon", "coordinates": [ [ [ [ -58.40410993616387, -34.594137453610728 ], [ -58.401475201301068, -34.59221247466332 ], [ -58.398102671699249, -34.589780389288372 ], [ -58.395940866000608, -34.588225651358265 ], [ -58.39325693456383, -34.590626966795334 ], [ -58.395877558744601, -34.592405310639037 ], [ -58.396399504176188, -34.593515577381915 ], [ -58.397136383147725, -34.594928791538109 ], [ -58.39842580611441, -34.597755131820179 ], [ -58.39843121259949, -34.597770471381075 ], [ -58.399684539686419, -34.597427075152503 ], [ -58.401219589654794, -34.59666997544597 ], [ -58.401772225836744, -34.596215733450975 ], [ -58.402969573163112, -34.595282050504842 ], [ -58.404074846204864, -34.594171692388727 ], [ -58.40410993616387, -34.594137453610728 ] ] ] ] } },
{ "type": "Feature", "properties": { "circuito": "00024", "codprov": "01", "coddepto": "002" }, "geometry": { "type": "MultiPolygon", "coordinates": [ [ [ [ -58.39843121259949, -34.597770471381075 ], [ -58.39842580611441, -34.597755131820179 ], [ -58.397136383147725, -34.594928791538109 ], [ -58.396399504176188, -34.593515577381915 ], [ -58.395877558744601, -34.592405310639037 ], [ -58.39325693456383, -34.590626966795334 ], [ -58.393200772463189, -34.590677184189744 ], [ -58.39179911612635, -34.591783251663756 ], [ -58.391574930013512, -34.591960107351603 ], [ -58.390846296338424, -34.592553588789563 ], [ -58.39265390744648, -34.594398858515689 ], [ -58.393114469343807, -34.595433434231147 ], [ -58.393574937698638, -34.596468100762692 ], [ -58.394096883808075, -34.597755131820179 ], [ -58.39451713160139, -34.598692559397598 ], [ -58.395724100925719, -34.598486940083028 ], [ -58.397013523892404, -34.598158882858193 ], [ -58.39843121259949, -34.597770471381075 ] ] ] ] } },
{ "type": "Feature", "properties": { "circuito": "00025", "codprov": "01", "coddepto": "002" }, "geometry": { "type": "MultiPolygon", "coordinates": [ [ [ [ -58.39451713160139, -34.598692559397598 ], [ -58.394096883808075, -34.597755131820179 ], [ -58.393574937698638, -34.596468100762692 ], [ -58.393114469343807, -34.595433434231147 ], [ -58.39265390744648, -34.594398858515689 ], [ -58.390846296338424, -34.592553588789563 ], [ -58.388030525566791, -34.594846709398418 ], [ -58.38777170500623, -34.595059450254013 ], [ -58.388741933865894, -34.595956702021581 ], [ -58.388975284431872, -34.597142476488244 ], [ -58.38922668192096, -34.599191631108894 ], [ -58.389229889479559, -34.599217561608086 ], [ -58.39015064452699, -34.599172092836277 ], [ -58.391806630028938, -34.599090282030531 ], [ -58.392047859177673, -34.599073482169281 ], [ -58.393206544984118, -34.598915889520029 ], [ -58.39451713160139, -34.598692559397598 ] ] ] ] } },
{ "type": "Feature", "properties": { "circuito": "00026", "codprov": "01", "coddepto": "002" }, "geometry": { "type": "MultiPolygon", "coordinates": [ [ [ [ -58.383735957080695, -34.594933722907186 ], [ -58.38374576141873, -34.594941940369914 ], [ -58.383705265652488, -34.594975266529843 ], [ -58.38335299613933, -34.596139220621566 ], [ -58.383089504554611, -34.597963580919355 ], [ -58.382927617065661, -34.599084257525519 ], [ -58.38283929735988, -34.600414202804231 ], [ -58.382844977016163, -34.600561933272473 ], [ -58.382743831820889, -34.601651381403101 ], [ -58.382644701856329, -34.602680752186913 ], [ -58.385562443437429, -34.602844645132357 ], [ -58.388816786841609, -34.603026432189282 ], [ -58.388932864943882, -34.602199485999641 ], [ -58.389229889479559, -34.599217561608086 ], [ -58.38922668192096, -34.599191631108894 ], [ -58.388975284431872, -34.597142476488244 ], [ -58.388741933865894, -34.595956702021581 ], [ -58.38777170500623, -34.595059450254013 ], [ -58.387770332371787, -34.595060545618558 ], [ -58.385782050035068, -34.593284210314621 ], [ -58.384745214851833, -34.594115174698125 ], [ -58.383735957080695, -34.594933722907186 ] ] ] ] } },
{ "type": "Feature", "properties": { "circuito": "00027", "codprov": "01", "coddepto": "002" }, "geometry": { "type": "MultiPolygon", "coordinates": [ [ [ [ -58.394796839929974, -34.603135359674859 ], [ -58.39715040096511, -34.60287477434327 ], [ -58.398070880807808, -34.602760826343989 ], [ -58.399812802715445, -34.601825226788478 ], [ -58.399845327034285, -34.601808152807521 ], [ -58.39843121259949, -34.597770471381075 ], [ -58.397013523892404, -34.598158882858193 ], [ -58.395724100925719, -34.598486940083028 ], [ -58.39451713160139, -34.598692559397598 ], [ -58.393206544984118, -34.598915889520029 ], [ -58.392047859177673, -34.599073482169281 ], [ -58.391806630028938, -34.599090282030531 ], [ -58.39015064452699, -34.599172092836277 ], [ -58.389229889479559, -34.599217561608086 ], [ -58.388932864943882, -34.602199485999641 ], [ -58.388816786841609, -34.603026432189282 ], [ -58.388826131601299, -34.603026979871558 ], [ -58.393169256098631, -34.603112624453225 ], [ -58.394725560548714, -34.603143303017873 ], [ -58.394796839929974, -34.603135359674859 ] ] ] ] } },
{ "type": "Feature", "properties": { "circuito": "00028", "codprov": "01", "coddepto": "002" }, "geometry": { "type": "MultiPolygon", "coordinates": [ [ [ [ -58.399845327034285, -34.601808152807521 ], [ -58.399855496052481, -34.601802856502637 ], [ -58.400620045300769, -34.60140212133863 ], [ -58.402782215679579, -34.601406685543296 ], [ -58.406533767948147, -34.601452885858166 ], [ -58.408156312008103, -34.60136934118951 ], [ -58.408171886833536, -34.601368702133996 ], [ -58.40783839970441, -34.599587163569879 ], [ -58.405324966411037, -34.595036806405616 ], [ -58.404338613672159, -34.594304633206967 ], [ -58.40410993616387, -34.594137453610728 ], [ -58.404074846204864, -34.594171692388727 ], [ -58.402969573163112, -34.595282050504842 ], [ -58.401772225836744, -34.596215733450975 ], [ -58.401219589654794, -34.59666997544597 ], [ -58.399684539686419, -34.597427075152503 ], [ -58.39843121259949, -34.597770471381075 ], [ -58.399845327034285, -34.601808152807521 ] ] ] ] } },
{ "type": "Feature", "properties": { "circuito": "00029", "codprov": "01", "coddepto": "002" }, "geometry": { "type": "MultiPolygon", "coordinates": [ [ [ [ -58.408171886833536, -34.601368702133996 ], [ -58.410920043327323, -34.601258955075046 ], [ -58.412330128656386, -34.601211750211718 ], [ -58.411840431661062, -34.600054552725219 ], [ -58.410700894952342, -34.597386901014104 ], [ -58.410686419590149, -34.597370374715425 ], [ -58.408615407728497, -34.595015622857559 ], [ -58.406309395428167, -34.592321676268611 ], [ -58.404566100208243, -34.593692251994753 ], [ -58.40410993616387, -34.594137453610728 ], [ -58.404338613672159, -34.594304633206967 ], [ -58.405324966411037, -34.595036806405616 ], [ -58.40783839970441, -34.599587163569879 ], [ -58.408171886833536, -34.601368702133996 ] ] ] ] } },
{ "type": "Feature", "properties": { "circuito": "00030", "codprov": "01", "coddepto": "003" }, "geometry": { "type": "MultiPolygon", "coordinates": [ [ [ [ -58.408842983740008, -34.605006103034 ], [ -58.408381781957786, -34.602681117122714 ], [ -58.408156312008103, -34.60136934118951 ], [ -58.406533767948147, -34.601452885858166 ], [ -58.402782215679579, -34.601406685543296 ], [ -58.400620045300769, -34.60140212133863 ], [ -58.399855496052481, -34.601802856502637 ], [ -58.400635711635168, -34.604367974069064 ], [ -58.400913036663653, -34.605279652222308 ], [ -58.40128353950707, -34.606764360365666 ], [ -58.403548320580235, -34.606442600651256 ], [ -58.404627757591541, -34.606390375274216 ], [ -58.405961157732115, -34.60597292939358 ], [ -58.408842983740008, -34.605006103034 ] ] ] ] } },
{ "type": "Feature", "properties": { "circuito": "00031", "codprov": "01", "coddepto": "003" }, "geometry": { "type": "MultiPolygon", "coordinates": [ [ [ [ -58.401592198560031, -34.608001082655498 ], [ -58.40128353950707, -34.606764360365666 ], [ -58.400913036663653, -34.605279652222308 ], [ -58.400635711635168, -34.604367974069064 ], [ -58.399855496052481, -34.601802856502637 ], [ -58.399845327034285, -34.601808152807521 ], [ -58.399812802715445, -34.601825226788478 ], [ -58.398070880807808, -34.602760826343989 ], [ -58.39715040096511, -34.60287477434327 ], [ -58.394796839929974, -34.603135359674859 ], [ -58.394725560548714, -34.603143303017873 ], [ -58.393169256098631, -34.603112624453225 ], [ -58.392901366660951, -34.606699534396256 ], [ -58.392744701283469, -34.607971043146364 ], [ -58.392742409492342, -34.607990126781402 ], [ -58.393452629530621, -34.608008296126911 ], [ -58.396796665275019, -34.60813009665312 ], [ -58.399696265034827, -34.608199671245131 ], [ -58.401592198560031, -34.608001082655498 ] ] ] ] } },
{ "type": "Feature", "properties": { "circuito": "00032", "codprov": "01", "coddepto": "003" }, "geometry": { "type": "MultiPolygon", "coordinates": [ [ [ [ -58.388826131601299, -34.603026979871558 ], [ -58.388282931010153, -34.606596724460388 ], [ -58.388185999972073, -34.607873255952818 ], [ -58.388185451596144, -34.607880378050993 ], [ -58.388092184983627, -34.609110436780306 ], [ -58.3878485725348, -34.612676802230794 ], [ -58.389272491307629, -34.612792393276891 ], [ -58.392066272814482, -34.612983768395111 ], [ -58.392254822625901, -34.612997921218231 ], [ -58.392255097830635, -34.612992716286591 ], [ -58.392431369172812, -34.610626734992074 ], [ -58.392568427907761, -34.609467893901602 ], [ -58.392742409492342, -34.607990126781402 ], [ -58.392744701283469, -34.607971043146364 ], [ -58.392901366660951, -34.606699534396256 ], [ -58.393169256098631, -34.603112624453225 ], [ -58.388826131601299, -34.603026979871558 ] ] ] ] } },
{ "type": "Feature", "properties": { "circuito": "00033", "codprov": "01", "coddepto": "003" }, "geometry": { "type": "MultiPolygon", "coordinates": [ [ [ [ -58.410882847984332, -34.612865984948456 ], [ -58.410977670927053, -34.611692810517013 ], [ -58.410713262219176, -34.611559048453941 ], [ -58.410385365948741, -34.611393055595485 ], [ -58.410235295317165, -34.61084678069232 ], [ -58.409689347423608, -34.608557403043299 ], [ -58.409465343650858, -34.607586468788085 ], [ -58.409249400123095, -34.60665114112367 ], [ -58.408849398179363, -34.605038333272226 ], [ -58.408842983740008, -34.605006103034 ], [ -58.405961157732115, -34.60597292939358 ], [ -58.404627757591541, -34.606390375274216 ], [ -58.403548320580235, -34.606442600651256 ], [ -58.40128353950707, -34.606764360365666 ], [ -58.401592198560031, -34.608001082655498 ], [ -58.401595587780868, -34.608014779169579 ], [ -58.401872912809353, -34.609119292741383 ], [ -58.40208619783229, -34.610083563436078 ], [ -58.402278136864552, -34.611100424443599 ], [ -58.402204019349767, -34.612354405132329 ], [ -58.405019329865212, -34.612618367373649 ], [ -58.406522040566202, -34.612653153833932 ], [ -58.410882847984332, -34.612865984948456 ] ] ] ] } },
{ "type": "Feature", "properties": { "circuito": "00034", "codprov": "01", "coddepto": "003" }, "geometry": { "type": "MultiPolygon", "coordinates": [ [ [ [ -58.4021210146201, -34.613633585334355 ], [ -58.402203468262456, -34.612362804784375 ], [ -58.402204019349767, -34.612354405132329 ], [ -58.402278136864552, -34.611100424443599 ], [ -58.40208619783229, -34.610083563436078 ], [ -58.401872912809353, -34.609119292741383 ], [ -58.401595587780868, -34.608014779169579 ], [ -58.401592198560031, -34.608001082655498 ], [ -58.399696265034827, -34.608199671245131 ], [ -58.396796665275019, -34.60813009665312 ], [ -58.393452629530621, -34.608008296126911 ], [ -58.392742409492342, -34.607990126781402 ], [ -58.392568427907761, -34.609467893901602 ], [ -58.392431369172812, -34.610626734992074 ], [ -58.392255097830635, -34.612992716286591 ], [ -58.392254822625901, -34.612997921218231 ], [ -58.396468582597436, -34.613314291583059 ], [ -58.396504772019682, -34.613316300122833 ], [ -58.4021210146201, -34.613633585334355 ] ] ] ] } },
{ "type": "Feature", "properties": { "circuito": "00035", "codprov": "01", "coddepto": "003" }, "geometry": { "type": "MultiPolygon", "coordinates": [ [ [ [ -58.409084396584511, -34.619013537397862 ], [ -58.409084763298203, -34.619008515212698 ], [ -58.40916666856463, -34.61767227130926 ], [ -58.409607166952455, -34.6163776601731 ], [ -58.410769974729277, -34.614263588209802 ], [ -58.410882847984332, -34.612865984948456 ], [ -58.406522040566202, -34.612653153833932 ], [ -58.405019329865212, -34.612618367373649 ], [ -58.402204019349767, -34.612354405132329 ], [ -58.402203468262456, -34.612362804784375 ], [ -58.4021210146201, -34.613633585334355 ], [ -58.402118173775193, -34.613677775995143 ], [ -58.402075478404626, -34.614361557592673 ], [ -58.401968835893157, -34.614834882108397 ], [ -58.401691601695795, -34.616009609884891 ], [ -58.401371581974587, -34.617044001182407 ], [ -58.401027008704105, -34.61822484650861 ], [ -58.403364446537871, -34.618505974104131 ], [ -58.405849475449266, -34.618827002275488 ], [ -58.409084396584511, -34.619013537397862 ] ] ] ] } },
{ "type": "Feature", "properties": { "circuito": "00036", "codprov": "01", "coddepto": "003" }, "geometry": { "type": "MultiPolygon", "coordinates": [ [ [ [ -58.399611979179681, -34.622462028028451 ], [ -58.399645600928224, -34.622464311802247 ], [ -58.403951072537751, -34.623350881258283 ], [ -58.403970311788754, -34.623354806407441 ], [ -58.407058001781643, -34.623979423276232 ], [ -58.408823652980047, -34.624286754933507 ], [ -58.408919578097382, -34.623025287210801 ], [ -58.409008446179094, -34.620251174534388 ], [ -58.409084396584511, -34.619013537397862 ], [ -58.405849475449266, -34.618827002275488 ], [ -58.403364446537871, -34.618505974104131 ], [ -58.401027008704105, -34.61822484650861 ], [ -58.400614363610963, -34.619638793322167 ], [ -58.400230396748853, -34.620743398267216 ], [ -58.399611979179681, -34.622462028028451 ] ] ] ] } },
{ "type": "Feature", "properties": { "circuito": "00037", "codprov": "01", "coddepto": "003" }, "geometry": { "type": "MultiPolygon", "coordinates": [ [ [ [ -58.397036244551046, -34.622292200836931 ], [ -58.399611979179681, -34.622462028028451 ], [ -58.400230396748853, -34.620743398267216 ], [ -58.400614363610963, -34.619638793322167 ], [ -58.401027008704105, -34.61822484650861 ], [ -58.401371581974587, -34.617044001182407 ], [ -58.401691601695795, -34.616009609884891 ], [ -58.401968835893157, -34.614834882108397 ], [ -58.402075478404626, -34.614361557592673 ], [ -58.402118173775193, -34.613677775995143 ], [ -58.4021210146201, -34.613633585334355 ], [ -58.396504772019682, -34.613316300122833 ], [ -58.396335188288063, -34.615383714905072 ], [ -58.396266750429554, -34.616754292859831 ], [ -58.397520992606111, -34.616828979338784 ], [ -58.397320992651011, -34.619084938340329 ], [ -58.397221038427936, -34.620190547276685 ], [ -58.397036244551046, -34.622292200836931 ] ] ] ] } },
{ "type": "Feature", "properties": { "circuito": "00038", "codprov": "01", "coddepto": "003" }, "geometry": { "type": "MultiPolygon", "coordinates": [ [ [ [ -58.391941216666204, -34.62200760440129 ], [ -58.393475716225119, -34.622092519111362 ], [ -58.393519875061237, -34.622094801213699 ], [ -58.394978792961957, -34.62217131348595 ], [ -58.396080399544608, -34.622229109287581 ], [ -58.397036244551046, -34.622292200836931 ], [ -58.397221038427936, -34.620190547276685 ], [ -58.397320992651011, -34.619084938340329 ], [ -58.397520992606111, -34.616828979338784 ], [ -58.396266750429554, -34.616754292859831 ], [ -58.396335188288063, -34.615383714905072 ], [ -58.396504772019682, -34.613316300122833 ], [ -58.396468582597436, -34.613314291583059 ], [ -58.392254822625901, -34.612997921218231 ], [ -58.392108234757657, -34.61531039735322 ], [ -58.392108234757657, -34.617692448637385 ], [ -58.392059311354878, -34.619607749264574 ], [ -58.391941216666204, -34.62200760440129 ] ] ] ] } },
{ "type": "Feature", "properties": { "circuito": "00039", "codprov": "01", "coddepto": "003" }, "geometry": { "type": "MultiPolygon", "coordinates": [ [ [ [ -58.3878485725348, -34.612676802230794 ], [ -58.387840145576114, -34.612799880310867 ], [ -58.387649120955636, -34.616230201595954 ], [ -58.387602305648215, -34.617380641920064 ], [ -58.387524889743716, -34.61928480448384 ], [ -58.387591128675744, -34.621767016437119 ], [ -58.391941216666204, -34.62200760440129 ], [ -58.392059311354878, -34.619607749264574 ], [ -58.392108234757657, -34.617692448637385 ], [ -58.392108234757657, -34.61531039735322 ], [ -58.392254822625901, -34.612997921218231 ], [ -58.392066272814482, -34.612983768395111 ], [ -58.389272491307629, -34.612792393276891 ], [ -58.3878485725348, -34.612676802230794 ] ] ] ] } },
{ "type": "Feature", "properties": { "circuito": "00040", "codprov": "01", "coddepto": "003" }, "geometry": { "type": "MultiPolygon", "coordinates": [ [ [ [ -58.402687758772707, -34.633059776973013 ], [ -58.402717351415518, -34.633063063066658 ], [ -58.404581584202553, -34.63327379426817 ], [ -58.408048660864516, -34.634123934217108 ], [ -58.408119207496227, -34.632958884203688 ], [ -58.408197814372933, -34.631316493709299 ], [ -58.408340921511382, -34.628808534560449 ], [ -58.408359885557651, -34.628664090185843 ], [ -58.408617513790325, -34.626708797609588 ], [ -58.40830912994209, -34.626646800867633 ], [ -58.408639503055113, -34.625534708888608 ], [ -58.408715728665257, -34.625534708888608 ], [ -58.408823652980047, -34.624286754933507 ], [ -58.407058001781643, -34.623979423276232 ], [ -58.403970311788754, -34.623354806407441 ], [ -58.403537694695068, -34.625770183294378 ], [ -58.403069254214984, -34.629682046557917 ], [ -58.402687758772707, -34.633059776973013 ] ] ] ] } },
{ "type": "Feature", "properties": { "circuito": "00041", "codprov": "01", "coddepto": "003" }, "geometry": { "type": "MultiPolygon", "coordinates": [ [ [ [ -58.392867376165185, -34.631842134975301 ], [ -58.394627714421006, -34.632163621127148 ], [ -58.397173214488404, -34.632447852069838 ], [ -58.401750604641336, -34.63295578085652 ], [ -58.402687758772707, -34.633059776973013 ], [ -58.403069254214984, -34.629682046557917 ], [ -58.403537694695068, -34.625770183294378 ], [ -58.403970311788754, -34.623354806407441 ], [ -58.403951072537751, -34.623350881258283 ], [ -58.399645600928224, -34.622464311802247 ], [ -58.399611979179681, -34.622462028028451 ], [ -58.397036244551046, -34.622292200836931 ], [ -58.396080399544608, -34.622229109287581 ], [ -58.394978792961957, -34.62217131348595 ], [ -58.394899910880518, -34.623182879860053 ], [ -58.394450250073092, -34.62463051776934 ], [ -58.393981812304382, -34.626447847342199 ], [ -58.393700728629987, -34.627418052840127 ], [ -58.3934758985652, -34.628326718462283 ], [ -58.392867376165185, -34.631842134975301 ] ] ] ] } },
{ "type": "Feature", "properties": { "circuito": "00042", "codprov": "01", "coddepto": "003" }, "geometry": { "type": "MultiPolygon", "coordinates": [ [ [ [ -58.387591128675744, -34.621767016437119 ], [ -58.387443073274873, -34.62524216910996 ], [ -58.387385171826104, -34.626423836238153 ], [ -58.387324154327693, -34.627667954188723 ], [ -58.387060937947702, -34.630986335457145 ], [ -58.387060113689195, -34.630996287339933 ], [ -58.388080914468659, -34.631002770382594 ], [ -58.392857574538525, -34.631840400555241 ], [ -58.392867376165185, -34.631842134975301 ], [ -58.3934758985652, -34.628326718462283 ], [ -58.393700728629987, -34.627418052840127 ], [ -58.393981812304382, -34.626447847342199 ], [ -58.394450250073092, -34.62463051776934 ], [ -58.394899910880518, -34.623182879860053 ], [ -58.394978792961957, -34.62217131348595 ], [ -58.393519875061237, -34.622094801213699 ], [ -58.393475716225119, -34.622092519111362 ], [ -58.391941216666204, -34.62200760440129 ], [ -58.387591128675744, -34.621767016437119 ] ] ] ] } },
{ "type": "Feature", "properties": { "circuito": "00043", "codprov": "01", "coddepto": "004" }, "geometry": { "type": "MultiPolygon", "coordinates": [ [ [ [ -58.387060113689195, -34.630996287339933 ], [ -58.38694953154743, -34.631962566017243 ], [ -58.386237572161015, -34.637955814139652 ], [ -58.386237296278438, -34.637958735297502 ], [ -58.391915196262154, -34.639204497966354 ], [ -58.393444748914334, -34.639494573453348 ], [ -58.397827361223634, -34.64026819890141 ], [ -58.399911199930465, -34.640648848110537 ], [ -58.400674373155091, -34.637019483598237 ], [ -58.400855684268656, -34.63597650823074 ], [ -58.401073184126624, -34.634337586576464 ], [ -58.401073184126624, -34.634069333135884 ], [ -58.401750604641336, -34.63295578085652 ], [ -58.397173214488404, -34.632447852069838 ], [ -58.394627714421006, -34.632163621127148 ], [ -58.392867376165185, -34.631842134975301 ], [ -58.392857574538525, -34.631840400555241 ], [ -58.388080914468659, -34.631002770382594 ], [ -58.387060113689195, -34.630996287339933 ] ] ] ] } },
{ "type": "Feature", "properties": { "circuito": "00044", "codprov": "01", "coddepto": "004" }, "geometry": { "type": "MultiPolygon", "coordinates": [ [ [ [ -58.399911199930465, -34.640648848110537 ], [ -58.401533379988102, -34.640945132520478 ], [ -58.407518104100625, -34.641966103095093 ], [ -58.406733125984815, -34.639508817649698 ], [ -58.406738440960936, -34.639058045609133 ], [ -58.407142565552888, -34.638310624222818 ], [ -58.407237940260764, -34.638069214456657 ], [ -58.407754386342624, -34.636762369335379 ], [ -58.40778837683839, -34.636653259103326 ], [ -58.408048203319701, -34.634128589795012 ], [ -58.408048660864516, -34.634123934217108 ], [ -58.404581584202553, -34.63327379426817 ], [ -58.402717351415518, -34.633063063066658 ], [ -58.402687758772707, -34.633059776973013 ], [ -58.401750604641336, -34.63295578085652 ], [ -58.401073184126624, -34.634069333135884 ], [ -58.401073184126624, -34.634337586576464 ], [ -58.400855684268656, -34.63597650823074 ], [ -58.400674373155091, -34.637019483598237 ], [ -58.399911199930465, -34.640648848110537 ] ] ] ] } },
{ "type": "Feature", "properties": { "circuito": "00045", "codprov": "01", "coddepto": "004" }, "geometry": { "type": "MultiPolygon", "coordinates": [ [ [ [ -58.397641379085911, -34.650844673481835 ], [ -58.398859432518059, -34.65104490511829 ], [ -58.401135667801967, -34.651418979911512 ], [ -58.408388653941955, -34.652583755805217 ], [ -58.408397725530449, -34.652544312095579 ], [ -58.408831899632183, -34.650663799600132 ], [ -58.409634926704634, -34.647424760388567 ], [ -58.409748805880433, -34.647385681614722 ], [ -58.408096303141811, -34.643507694422006 ], [ -58.407518104100625, -34.641966103095093 ], [ -58.401533379988102, -34.640945132520478 ], [ -58.399911199930465, -34.640648848110537 ], [ -58.39965925203191, -34.641846858790935 ], [ -58.398354162730833, -34.647597966718436 ], [ -58.397641379085911, -34.650844673481835 ] ] ] ] } },
{ "type": "Feature", "properties": { "circuito": "00046", "codprov": "01", "coddepto": "004" }, "geometry": { "type": "MultiPolygon", "coordinates": [ [ [ [ -58.386237296278438, -34.637958735297502 ], [ -58.386103535933209, -34.639478686210168 ], [ -58.385780583858136, -34.643722715708478 ], [ -58.385751084757821, -34.644111310489222 ], [ -58.387389752019139, -34.644729077150942 ], [ -58.387306289744664, -34.646013827777558 ], [ -58.396453467350348, -34.649874650173224 ], [ -58.396565605144481, -34.64988414741844 ], [ -58.396417460268182, -34.65029027026057 ], [ -58.396404175878189, -34.650335740703838 ], [ -58.396519155872916, -34.650384315051433 ], [ -58.396509536586336, -34.650404218259844 ], [ -58.396603078403587, -34.650459184276869 ], [ -58.39672117309226, -34.6505286680528 ], [ -58.396764874383571, -34.650554324432278 ], [ -58.397169274180257, -34.650712463092347 ], [ -58.397635422191371, -34.650764872887322 ], [ -58.397612153156793, -34.650839924859227 ], [ -58.397641379085911, -34.650844673481835 ], [ -58.398354162730833, -34.647597966718436 ], [ -58.39965925203191, -34.641846858790935 ], [ -58.399911199930465, -34.640648848110537 ], [ -58.397827361223634, -34.64026819890141 ], [ -58.393444748914334, -34.639494573453348 ], [ -58.391915196262154, -34.639204497966354 ], [ -58.386237296278438, -34.637958735297502 ] ] ] ] } },
{ "type": "Feature", "properties": { "circuito": "00047", "codprov": "01", "coddepto": "004" }, "geometry": { "type": "MultiPolygon", "coordinates": [ [ [ [ -58.396318332337152, -34.665031338680578 ], [ -58.396497808526554, -34.664948891047935 ], [ -58.396503123502669, -34.664728845347682 ], [ -58.396617277883202, -34.664707024415584 ], [ -58.39670642184749, -34.664621745326869 ], [ -58.396761209280157, -34.664548792710818 ], [ -58.396803353563413, -34.664492640513167 ], [ -58.396845588677792, -34.664382710707741 ], [ -58.396924837472923, -34.664349382876345 ], [ -58.397232214722571, -34.663728327892372 ], [ -58.397308074296866, -34.663645697513246 ], [ -58.398135012322321, -34.661683556958529 ], [ -58.398859523349181, -34.659985926327408 ], [ -58.399366900553922, -34.658492454710512 ], [ -58.399537858953522, -34.657925450896869 ], [ -58.400062919079055, -34.656184451406951 ], [ -58.400108270243074, -34.656056806893588 ], [ -58.40014555709503, -34.655951715412549 ], [ -58.400582023665741, -34.654865644748803 ], [ -58.400663013842539, -34.654734075086296 ], [ -58.401066221311339, -34.654042623708314 ], [ -58.401195126258791, -34.653805779818278 ], [ -58.400770846648363, -34.653449782440177 ], [ -58.400665577449182, -34.65335683357101 ], [ -58.400623983575386, -34.653320128272739 ], [ -58.40056177578262, -34.65326516392718 ], [ -58.399601899636913, -34.652006526546231 ], [ -58.399307808810796, -34.651625603217397 ], [ -58.398859432518059, -34.65104490511829 ], [ -58.397641379085911, -34.650844673481835 ], [ -58.397612153156793, -34.650839924859227 ], [ -58.397635422191371, -34.650764872887322 ], [ -58.397169274180257, -34.650712463092347 ], [ -58.396764874383571, -34.650554324432278 ], [ -58.39672117309226, -34.6505286680528 ], [ -58.396603078403587, -34.650459184276869 ], [ -58.396509536586336, -34.650404218259844 ], [ -58.396519155872916, -34.650384315051433 ], [ -58.396404175878189, -34.650335740703838 ], [ -58.396417460268182, -34.65029027026057 ], [ -58.396565605144481, -34.64988414741844 ], [ -58.396453467350348, -34.649874650173224 ], [ -58.387306289744664, -34.646013827777558 ], [ -58.387389752019139, -34.644729077150942 ], [ -58.385751084757821, -34.644111310489222 ], [ -58.385215396713583, -34.650802399430425 ], [ -58.385188735746794, -34.651135022531385 ], [ -58.384143289231254, -34.664553358586943 ], [ -58.384206778827341, -34.664559933002849 ], [ -58.384437288548412, -34.664760712321581 ], [ -58.384618142117162, -34.664819694860988 ], [ -58.384811547326358, -34.664855941621617 ], [ -58.384959692202656, -34.664946334825885 ], [ -58.385155753883147, -34.664871463928989 ], [ -58.385368580683419, -34.664912917849868 ], [ -58.385466978576282, -34.665038825714554 ], [ -58.385711963659546, -34.665116162017412 ], [ -58.385963545522245, -34.665175052626431 ], [ -58.386227860687626, -34.665206552993062 ], [ -58.386418698900961, -34.665291376329897 ], [ -58.38654742150834, -34.665376562373915 ], [ -58.387089246753661, -34.665648651261876 ], [ -58.387236751745071, -34.665720782075937 ], [ -58.387272574453625, -34.665753559996439 ], [ -58.387340371071552, -34.665815830858115 ], [ -58.387495845476835, -34.665961644159822 ], [ -58.387644632271559, -34.666115857670732 ], [ -58.387752740282117, -34.666216566022129 ], [ -58.387890716818063, -34.66628349357601 ], [ -58.388057277364702, -34.666346767871836 ], [ -58.388215043561111, -34.666472219984641 ], [ -58.388482933676627, -34.666601233425105 ], [ -58.388679910446747, -34.666621321608609 ], [ -58.388963099505119, -34.666614016763958 ], [ -58.389284585403267, -34.66668906873587 ], [ -58.389468644497079, -34.666683316121954 ], [ -58.389669377201727, -34.666685052213474 ], [ -58.389808819236762, -34.666610637625617 ], [ -58.390047940290131, -34.666578772323184 ], [ -58.39028092482026, -34.66650034288439 ], [ -58.390536537822221, -34.666478246161113 ], [ -58.390746799660171, -34.666459438317247 ], [ -58.39100433638388, -34.666397989257561 ], [ -58.391162376429335, -34.666347406927351 ], [ -58.391274515579155, -34.666253544882963 ], [ -58.391425410469239, -34.666119235137614 ], [ -58.391666546075477, -34.66604801917024 ], [ -58.391891191766661, -34.666022726055097 ], [ -58.392167693214482, -34.666033410038089 ], [ -58.392198112149337, -34.666152104988512 ], [ -58.392426238570309, -34.666227158631884 ], [ -58.392715200149617, -34.666233365883372 ], [ -58.393011765106948, -34.666239666179564 ], [ -58.393323540209551, -34.666170914503837 ], [ -58.393521250407055, -34.666095860860466 ], [ -58.393604348001368, -34.66603815643208 ], [ -58.393711448057651, -34.665934707997856 ], [ -58.393815891642639, -34.665703616721743 ], [ -58.393821206618753, -34.665672846783856 ], [ -58.393831924012886, -34.665424132173044 ], [ -58.395305134257875, -34.665034991938633 ], [ -58.395366976014792, -34.665074525350057 ], [ -58.395469953422847, -34.665114060432934 ], [ -58.395614157990998, -34.665159165940409 ], [ -58.395737749995874, -34.665181809788812 ], [ -58.395902571194377, -34.665159165940409 ], [ -58.395984934005611, -34.665159165940409 ], [ -58.396026163199245, -34.665102739065894 ], [ -58.396149755204121, -34.66504631274853 ], [ -58.396318332337152, -34.665031338680578 ] ] ] ] } },
{ "type": "Feature", "properties": { "circuito": "00048", "codprov": "01", "coddepto": "004" }, "geometry": { "type": "MultiPolygon", "coordinates": [ [ [ [ -58.385751084757821, -34.644111310489222 ], [ -58.385780583858136, -34.643722715708478 ], [ -58.386103535933209, -34.639478686210168 ], [ -58.386237296278438, -34.637958735297502 ], [ -58.386237572161015, -34.637955814139652 ], [ -58.383944571079475, -34.637419671637133 ], [ -58.379685916810899, -34.636189341016724 ], [ -58.379148214213792, -34.636018142669478 ], [ -58.378364884615003, -34.635566275821517 ], [ -58.377037623709057, -34.634691759275583 ], [ -58.376964420606051, -34.636888186383977 ], [ -58.375836426905657, -34.636849839710344 ], [ -58.375789884769446, -34.636443806012835 ], [ -58.375317964237404, -34.636167883348961 ], [ -58.375193181260329, -34.636030013390261 ], [ -58.375202526020018, -34.635968747077051 ], [ -58.374278196700295, -34.634281800986074 ], [ -58.374747094725194, -34.633086437343806 ], [ -58.373573294349505, -34.632392338927694 ], [ -58.373561291084997, -34.632385125456281 ], [ -58.373393355870384, -34.632694100160379 ], [ -58.372722716508719, -34.633750497922243 ], [ -58.371698157761195, -34.636185048703155 ], [ -58.370990323056539, -34.638252007176362 ], [ -58.370453078004253, -34.641063372833322 ], [ -58.370431548317811, -34.641176499587772 ], [ -58.370332050961707, -34.641726062256041 ], [ -58.369993708434812, -34.643595621106009 ], [ -58.369239513934019, -34.64760125281208 ], [ -58.370702460940471, -34.647949671225817 ], [ -58.372407643016402, -34.648367117106453 ], [ -58.376906519835124, -34.649410914275947 ], [ -58.382239843836985, -34.650663432435714 ], [ -58.385215396713583, -34.650802399430425 ], [ -58.385751084757821, -34.644111310489222 ] ] ] ] } },
{ "type": "Feature", "properties": { "circuito": "00049", "codprov": "01", "coddepto": "004" }, "geometry": { "type": "MultiPolygon", "coordinates": [ [ [ [ -58.369239513934019, -34.64760125281208 ], [ -58.368661865302293, -34.650669367796105 ], [ -58.36839177693814, -34.652185211370302 ], [ -58.368242714938681, -34.652874196228012 ], [ -58.367627962472923, -34.654374698569846 ], [ -58.36714367196268, -34.655385260952642 ], [ -58.366948069860534, -34.656058908478066 ], [ -58.366135514332626, -34.658214887328349 ], [ -58.368111426691137, -34.659095431722221 ], [ -58.36913323813625, -34.660403737143845 ], [ -58.369523618082027, -34.660895506796251 ], [ -58.369664068749181, -34.661014475309237 ], [ -58.370847491122824, -34.66123077637819 ], [ -58.371669848955236, -34.661047435976215 ], [ -58.371700174347595, -34.661057207341138 ], [ -58.371717582063653, -34.661062775537118 ], [ -58.371731506338541, -34.661069806262056 ], [ -58.371740395586954, -34.661075011193695 ], [ -58.371750014873527, -34.661077019733469 ], [ -58.371757345080354, -34.661076197931479 ], [ -58.371765862870163, -34.661074005530921 ], [ -58.371775392003464, -34.661072727419899 ], [ -58.37178217112298, -34.661072636046661 ], [ -58.37178812598399, -34.661074189948863 ], [ -58.371792708210563, -34.661077384669269 ], [ -58.371794265218618, -34.661081950545395 ], [ -58.37178812598399, -34.661086971059099 ], [ -58.371781988782899, -34.661090259381353 ], [ -58.371778323679486, -34.661093545474998 ], [ -58.371781346864474, -34.661100302637379 ], [ -58.371790417775124, -34.661104592722332 ], [ -58.371801777087676, -34.661105598942257 ], [ -58.371813413638499, -34.661107241989079 ], [ -58.371835767583448, -34.661111440700793 ], [ -58.371851984327307, -34.661116280696639 ], [ -58.371865087055063, -34.661120571338742 ], [ -58.371876170485038, -34.661121758076533 ], [ -58.371890645847238, -34.661124863095161 ], [ -58.371905396414157, -34.661131163948504 ], [ -58.371917123796095, -34.661138468235997 ], [ -58.371926928134137, -34.661146227718227 ], [ -58.371934164798461, -34.661155907152754 ], [ -58.371940213201967, -34.661160927666458 ], [ -58.371948457820579, -34.661166133155255 ], [ -58.371958260125083, -34.661171794395933 ], [ -58.371966138707833, -34.661174532807301 ], [ -58.371972735487276, -34.661175810918323 ], [ -58.371979240757746, -34.661176906282869 ], [ -58.371984647242826, -34.661178459627919 ], [ -58.37186957573914, -34.661191332668544 ], [ -58.371874340305787, -34.66123077637819 ], [ -58.372141860996237, -34.661211694414611 ], [ -58.372166873446012, -34.661203933818079 ], [ -58.372199946818625, -34.661191606788258 ], [ -58.372216529598333, -34.66118631048338 ], [ -58.372231737710074, -34.661184484690082 ], [ -58.372243008225041, -34.661182019841277 ], [ -58.372263163243517, -34.661171794395933 ], [ -58.372271043859804, -34.661168871566623 ], [ -58.372277913810436, -34.661172524824678 ], [ -58.372287257892282, -34.661175628171847 ], [ -58.372294405759028, -34.661176449973837 ], [ -58.372332792074225, -34.661176906282869 ], [ -58.372355421223908, -34.661178642374395 ], [ -58.372370356164446, -34.661175445425371 ], [ -58.37238409877709, -34.661169236502424 ], [ -58.372390786387648, -34.661163851052919 ], [ -58.372396099330231, -34.66115955873935 ], [ -58.372403429537059, -34.661159193246398 ], [ -58.372409750433917, -34.661165402726503 ], [ -58.372411583324542, -34.661172159331727 ], [ -58.372419279567218, -34.661175719545085 ], [ -58.372428075273135, -34.661176084480886 ], [ -58.372437695237558, -34.661176449973837 ], [ -58.372463622776962, -34.661175902291561 ], [ -58.372478555683962, -34.661174259244738 ], [ -58.372486803013949, -34.661172342078203 ], [ -58.37249605626468, -34.661171977142409 ], [ -58.372504300883286, -34.661171885769171 ], [ -58.372517401577504, -34.661163759679681 ], [ -58.372529586504257, -34.661152892950213 ], [ -58.372539757555991, -34.661149332736855 ], [ -58.372550383441151, -34.661146868445201 ], [ -58.372565318381696, -34.661142941067425 ], [ -58.372579702912766, -34.661143215187138 ], [ -58.372588862621001, -34.661148876427816 ], [ -58.372598666959036, -34.66115645483503 ], [ -58.372603613187927, -34.661164763670989 ], [ -58.372607735836148, -34.661171611649458 ], [ -58.372610943394754, -34.661176449973837 ], [ -58.372619463895937, -34.661178733747633 ], [ -58.37262908386036, -34.661181380785763 ], [ -58.372638245602126, -34.66118539953677 ], [ -58.372646766103308, -34.6611880465749 ], [ -58.372662340928741, -34.661192063097296 ], [ -58.37268616037278, -34.661194346871092 ], [ -58.372698621182103, -34.661195989917914 ], [ -58.372712272285789, -34.661199732877748 ], [ -58.372721983759178, -34.661204755062911 ], [ -58.372727389566407, -34.661206307293646 ], [ -58.37274607840795, -34.661207219911716 ], [ -58.372765227505674, -34.661205576864894 ], [ -58.372779060949441, -34.661205394118419 ], [ -58.372790330786565, -34.661202929269614 ], [ -58.372800223922191, -34.661202290771257 ], [ -58.372804073399216, -34.661195077299837 ], [ -58.372805263693571, -34.661184393316844 ], [ -58.372808195369593, -34.661174806927015 ], [ -58.372820929350127, -34.66116074547714 ], [ -58.372827710503174, -34.661150154538845 ], [ -58.372832748241024, -34.661144310551691 ], [ -58.37283540674585, -34.661136184462201 ], [ -58.372836413344437, -34.661132167939812 ], [ -58.372875901156405, -34.661126141206182 ], [ -58.372895873834793, -34.661120023656473 ], [ -58.372914105131521, -34.661116280696639 ], [ -58.372936918654815, -34.661110893018517 ], [ -58.372954234861915, -34.661112262502783 ], [ -58.372962755363098, -34.661114729023055 ], [ -58.372970999981703, -34.661120936274543 ], [ -58.372979062938072, -34.661126871634934 ], [ -58.372987032351951, -34.661131163948504 ], [ -58.372996194771559, -34.661134723604704 ], [ -58.373005538853405, -34.661136001715725 ], [ -58.373019099125969, -34.661136275835439 ], [ -58.37303879659963, -34.661132532875605 ], [ -58.373051990158501, -34.661127692879766 ], [ -58.373065550431072, -34.661126141206182 ], [ -58.373074801648265, -34.661124863095161 ], [ -58.373098438752223, -34.66113317193112 ], [ -58.373119144858002, -34.661135910342487 ], [ -58.373138935196309, -34.661136549398002 ], [ -58.373151760007957, -34.661142028449355 ], [ -58.373164129986165, -34.661150428101401 ], [ -58.37317072473207, -34.661156181272467 ], [ -58.373176406421884, -34.661157185263782 ], [ -58.373180712765873, -34.661161384532647 ], [ -58.373183369237168, -34.66116595040878 ], [ -58.37318575050373, -34.661174259244738 ], [ -58.373186943509459, -34.661179829112179 ], [ -58.373187034340582, -34.661184210570369 ], [ -58.373188866553363, -34.661188685630414 ], [ -58.373193171541672, -34.661191332668544 ], [ -58.373198302144175, -34.661194346871092 ], [ -58.373204623718877, -34.661202106353315 ], [ -58.373207007018969, -34.661207950340469 ], [ -58.373209388285531, -34.661211603041373 ], [ -58.37322019854431, -34.661214433383137 ], [ -58.373228079160597, -34.661216258619277 ], [ -58.373231835095133, -34.66122036818637 ], [ -58.373235957743354, -34.66122520651075 ], [ -58.373241088345857, -34.661228859768805 ], [ -58.373241179854823, -34.661234429636245 ], [ -58.373237972296224, -34.661245568256817 ], [ -58.373236415288169, -34.661250681815218 ], [ -58.373237972296224, -34.661257437306134 ], [ -58.37323861421465, -34.661263463482612 ], [ -58.373239256133076, -34.661267390860381 ], [ -58.37323879655473, -34.661272959056355 ], [ -58.373230644800771, -34.661285833768446 ], [ -58.373227070528479, -34.661291495009124 ], [ -58.373221207176428, -34.661297337324818 ], [ -58.373214794770611, -34.661302085947419 ], [ -58.373201967247589, -34.661308112681048 ], [ -58.373200592579614, -34.661313224567991 ], [ -58.373201876416466, -34.661320346666166 ], [ -58.373758818942413, -34.661427355313741 ], [ -58.373785388400243, -34.661430278143051 ], [ -58.373811773484455, -34.66143338149022 ], [ -58.373823865546555, -34.661433472863457 ], [ -58.373834860178945, -34.661430278143051 ], [ -58.373835044552564, -34.66142470771846 ], [ -58.37382973160998, -34.661412291544018 ], [ -58.373826433220259, -34.661403891334821 ], [ -58.373827163936269, -34.661397864601192 ], [ -58.373831654653884, -34.661393664218018 ], [ -58.373839533236641, -34.661391929797958 ], [ -58.373847411819398, -34.661392933789266 ], [ -58.373854559686137, -34.661397955974429 ], [ -58.373864270481683, -34.661403891334821 ], [ -58.373868668334637, -34.661407999230448 ], [ -58.373879112557567, -34.661409277341477 ], [ -58.373887541549792, -34.661407268801703 ], [ -58.374010582467349, -34.661424525529135 ], [ -58.374019287342151, -34.66142206068033 ], [ -58.37405263591949, -34.661425346773967 ], [ -58.374087999049699, -34.661424160036184 ], [ -58.374099360395789, -34.661429821834012 ], [ -58.374109803940875, -34.661425529520443 ], [ -58.374128677156023, -34.661425529520443 ], [ -58.374145718158388, -34.661427630547763 ], [ -58.374163767115036, -34.661438312859296 ], [ -58.374178060137147, -34.661448812424354 ], [ -58.374189419449706, -34.661452830618209 ], [ -58.374203345758119, -34.661454747784745 ], [ -58.374214707104208, -34.661459220616173 ], [ -58.374222676518087, -34.661463330183267 ], [ -58.374229822351296, -34.661465064603327 ], [ -58.374245856755074, -34.661462508381284 ], [ -58.374266469318357, -34.66145803387839 ], [ -58.374283878390109, -34.66145575177606 ], [ -58.374295512907395, -34.66145538684026 ], [ -58.374307973716725, -34.661460317652185 ], [ -58.374317134102803, -34.661462508381284 ], [ -58.374330145321593, -34.661465155976565 ], [ -58.374340313661946, -34.661463147436791 ], [ -58.374352407757577, -34.661462326191959 ], [ -58.374363676239014, -34.661460773961224 ], [ -58.374373022354398, -34.661459037869697 ], [ -58.374383191372594, -34.661458672933904 ], [ -58.374396567271546, -34.661462873874235 ], [ -58.374415531317815, -34.661468443741668 ], [ -58.374429457626235, -34.661469630479459 ], [ -58.37444265186295, -34.661467622496836 ], [ -58.374458868606808, -34.661469448290134 ], [ -58.37448131338288, -34.661476661204397 ], [ -58.374498720421094, -34.661483326993533 ], [ -58.374509530679873, -34.661487891198206 ], [ -58.374519974902803, -34.661486338967464 ], [ -58.374531519944661, -34.661486887206891 ], [ -58.374547643823874, -34.661488256134 ], [ -58.374561387792205, -34.661493917374678 ], [ -58.374570732551895, -34.661498938445533 ], [ -58.37458978810713, -34.661503321575189 ], [ -58.374611317793573, -34.661507429470817 ], [ -58.374749753907864, -34.661517657144778 ], [ -58.374766609858774, -34.661513729767009 ], [ -58.374787773509361, -34.661508617880067 ], [ -58.374806646046672, -34.661508159899569 ], [ -58.374815717635158, -34.661508251272807 ], [ -58.374825610770785, -34.661508344317504 ], [ -58.3748376140353, -34.661516104914043 ], [ -58.374845952196402, -34.661523864396266 ], [ -58.374853188860733, -34.661531899112511 ], [ -58.374862442111457, -34.661539935500222 ], [ -58.374876733100038, -34.66154833403796 ], [ -58.374884429342714, -34.661553082660568 ], [ -58.374894415342986, -34.661556644545385 ], [ -58.374898173988896, -34.661560569694544 ], [ -58.374904768056957, -34.661566778617491 ], [ -58.374911089631659, -34.661572255997385 ], [ -58.374920803138579, -34.661577460929024 ], [ -58.374929598844489, -34.661581296376404 ], [ -58.374939309640034, -34.661582757233901 ], [ -58.374947920972332, -34.661577552302262 ], [ -58.374949477980387, -34.661572164624147 ], [ -58.374948562890758, -34.661566139561977 ], [ -58.374943340779296, -34.661562029994883 ], [ -58.374938483347989, -34.661558835274484 ], [ -58.374931704228473, -34.661557831283169 ], [ -58.374923917154682, -34.661550252875962 ], [ -58.374921809059323, -34.661543769833294 ], [ -58.374920893969694, -34.661538017219378 ], [ -58.374924740735345, -34.661533270268237 ], [ -58.374930604765233, -34.661532266276929 ], [ -58.374937750598448, -34.661533543830799 ], [ -58.374952227994171, -34.661536647735119 ], [ -58.374969268318694, -34.6615396602662 ], [ -58.374979712541624, -34.66153883846421 ], [ -58.374994372277435, -34.661537012670919 ], [ -58.375013793868511, -34.661534000696989 ], [ -58.375036332187079, -34.661530621001489 ], [ -58.375057037615015, -34.661533178894999 ], [ -58.375076552748588, -34.661535917306367 ], [ -58.375090477023477, -34.6615396602662 ], [ -58.375109259407509, -34.661544773824602 ], [ -58.375135738034217, -34.661554634334152 ], [ -58.375156991838082, -34.661560386948061 ], [ -58.375176873685355, -34.661565316645685 ], [ -58.375202616851141, -34.661564222952599 ], [ -58.375225430374435, -34.661562577677159 ], [ -58.37525163379641, -34.661558743901246 ], [ -58.37527820325424, -34.661557009481186 ], [ -58.375291303270615, -34.661560295574823 ], [ -58.375300098976531, -34.661561573685852 ], [ -58.375316773265197, -34.661564862008106 ], [ -58.375332439599596, -34.66157161694187 ], [ -58.375354519695499, -34.66157335303339 ], [ -58.375372018242679, -34.661568513037551 ], [ -58.37538667797849, -34.661568787157265 ], [ -58.375399502790131, -34.661575635135726 ], [ -58.375413153893817, -34.661580018822534 ], [ -58.375422864689362, -34.661581753242594 ], [ -58.375436607302007, -34.661579012602608 ], [ -58.375461528920667, -34.66158147912288 ], [ -58.375482049974984, -34.66158841680312 ], [ -58.375524103427125, -34.661586043327546 ], [ -58.375541877179039, -34.661582574487426 ], [ -58.375560474511609, -34.661581570496118 ], [ -58.375574034784179, -34.661582118178387 ], [ -58.375584203124532, -34.66158056650481 ], [ -58.375595564470622, -34.661583487662654 ], [ -58.375602894677449, -34.661584765216524 ], [ -58.375612238759295, -34.661584217534248 ], [ -58.375619844170849, -34.661582026805149 ], [ -58.375630012511202, -34.661580018822534 ], [ -58.375635876541097, -34.6615776436755 ], [ -58.375645404996554, -34.661576547753796 ], [ -58.37565365029301, -34.661576456937716 ], [ -58.375672339134546, -34.661579468911647 ], [ -58.375686907361391, -34.661584400280724 ], [ -58.375699916546644, -34.66158586058107 ], [ -58.375710727483273, -34.661590335641115 ], [ -58.37572383021103, -34.661594352163505 ], [ -58.375737754485911, -34.661598826666399 ], [ -58.375750857213667, -34.661603299497827 ], [ -58.375763132971535, -34.661598461730598 ], [ -58.375771195927904, -34.661592070061175 ], [ -58.37578108906353, -34.661588508176358 ], [ -58.375788969679817, -34.661587869120844 ], [ -58.375800604197103, -34.661592891306007 ], [ -58.375821858678812, -34.661593713107997 ], [ -58.375839632430726, -34.661591613752137 ], [ -58.375852825989597, -34.661588966156856 ], [ -58.375869409447155, -34.661583578478734 ], [ -58.375881776713982, -34.661579286722322 ], [ -58.37589185625675, -34.661574722517656 ], [ -58.375908439036465, -34.661570338830849 ], [ -58.375920255893831, -34.661564862008106 ], [ -58.375938214019357, -34.661559930639029 ], [ -58.375950857168768, -34.661557648536693 ], [ -58.375963866354027, -34.661555182016421 ], [ -58.375985580414081, -34.661555090643184 ], [ -58.37600939985812, -34.661556644545385 ], [ -58.37602470151235, -34.661559018020959 ], [ -58.376043390353892, -34.661559474329991 ], [ -58.376063638237014, -34.661558743901246 ], [ -58.376074632869404, -34.661556735918623 ], [ -58.376085992181963, -34.661555912445174 ], [ -58.376095887351113, -34.66155646012745 ], [ -58.376120440222543, -34.661558013472494 ], [ -58.376134091326229, -34.661560113385505 ], [ -58.376160752293018, -34.661563490852387 ], [ -58.37619565991195, -34.661557739909931 ], [ -58.376231207415771, -34.661553812532162 ], [ -58.376264189279418, -34.661551987296015 ], [ -58.376294881385469, -34.661546234124948 ], [ -58.376323465396162, -34.661533726577275 ], [ -58.37634059722965, -34.661526330916537 ], [ -58.376356356428694, -34.661520760491946 ], [ -58.376368998900261, -34.66151847838961 ], [ -58.376384298520961, -34.661519482380918 ], [ -58.37640014855112, -34.661521399547453 ], [ -58.376413708823691, -34.661521855856492 ], [ -58.376434139046893, -34.661528156709835 ], [ -58.376454935983787, -34.661533453014712 ], [ -58.376467853660088, -34.661530256065689 ], [ -58.376494608169374, -34.661526422289775 ], [ -58.376515861973239, -34.661526330916537 ], [ -58.376531619138753, -34.661526148170061 ], [ -58.376547286828831, -34.661530347438926 ], [ -58.376565427294437, -34.661534091513069 ], [ -58.376582101583111, -34.661535004688297 ], [ -58.376599142585476, -34.661535735117049 ], [ -58.376609037754633, -34.661535552370573 ], [ -58.376618657719057, -34.66153619142608 ], [ -58.376643028250406, -34.661542765841986 ], [ -58.376659333791849, -34.661550252875962 ], [ -58.376671612261092, -34.661556551500688 ], [ -58.376685169822288, -34.661559656519316 ], [ -58.37670248602938, -34.661561300123289 ], [ -58.376719619896399, -34.661555456136135 ], [ -58.376739042165326, -34.661550800558231 ], [ -58.376765978336849, -34.661540940048688 ], [ -58.376779995476383, -34.661535917306367 ], [ -58.37679721881883, -34.661532905332436 ], [ -58.376810960753637, -34.661530803747965 ], [ -58.376825254453593, -34.661525326925229 ], [ -58.376832217268877, -34.661518934698648 ], [ -58.376842203946993, -34.661508617880067 ], [ -58.376855028758641, -34.661497933897067 ], [ -58.376865841050957, -34.661490629609574 ], [ -58.376878666540442, -34.661479308799677 ], [ -58.376894059025794, -34.661473282066055 ], [ -58.376906243952547, -34.661472460264065 ], [ -58.376916505835396, -34.661476022148882 ], [ -58.376926765684715, -34.661480130044517 ], [ -58.376936203309057, -34.661488073387524 ], [ -58.376944266265426, -34.661497295398711 ], [ -58.376952968428846, -34.661507888008472 ], [ -58.376962497562147, -34.661516561780232 ], [ -58.376972483562419, -34.661521490920691 ], [ -58.376964238943813, -34.661536100052842 ], [ -58.376938768949231, -34.661591156885947 ], [ -58.377131256357423, -34.661597914048329 ], [ -58.377181004018702, -34.661600013404183 ], [ -58.377230111795093, -34.661601565077767 ], [ -58.377255581789683, -34.661602660999471 ], [ -58.377308536331718, -34.661604760355324 ], [ -58.377358834402465, -34.661605218335822 ], [ -58.377435975102237, -34.66160786593111 ], [ -58.377481236112978, -34.661609965286971 ], [ -58.377514400316713, -34.66161051296924 ], [ -58.377572394630135, -34.661612614553718 ], [ -58.377623425450423, -34.661613616873566 ], [ -58.377660439131184, -34.661614713909572 ], [ -58.377696719384552, -34.661616813265432 ], [ -58.377747108964257, -34.66161781725674 ], [ -58.377775143921177, -34.661618913178444 ], [ -58.377880320255713, -34.661621470514795 ], [ -58.377919899576639, -34.661623570427807 ], [ -58.377960026595659, -34.661624665792353 ], [ -58.378002170878915, -34.661626217465937 ], [ -58.378042300609309, -34.66162731283049 ], [ -58.378400158269784, -34.66163808818672 ], [ -58.378814727084666, -34.661649317623372 ], [ -58.379116331813385, -34.661647309640756 ], [ -58.379314958456199, -34.661624847981678 ], [ -58.379370845352106, -34.661617726440653 ], [ -58.379437817711526, -34.661608504986624 ], [ -58.379508637514441, -34.661602386879757 ], [ -58.379594207206438, -34.661591156885947 ], [ -58.379655043042604, -34.661586043327546 ], [ -58.379750690243839, -34.661595264781582 ], [ -58.379811432537515, -34.661603390871065 ], [ -58.37986979356463, -34.661607500438159 ], [ -58.379926870754893, -34.661613616873566 ], [ -58.380027466896394, -34.661624847981678 ], [ -58.380476300733939, -34.66171414414994 ], [ -58.380494165994811, -34.661625122101391 ], [ -58.380503510076657, -34.661628682314749 ], [ -58.38051688800914, -34.661630601152744 ], [ -58.38052339192393, -34.661632609135367 ], [ -58.380532278460961, -34.661640643851612 ], [ -58.380547120536846, -34.66164767457655 ], [ -58.380564803457645, -34.661653701310179 ], [ -58.380579554024564, -34.661658630450646 ], [ -58.380592105665016, -34.661663287700016 ], [ -58.380605481563968, -34.661665935295296 ], [ -58.380622155852642, -34.661666665724049 ], [ -58.380627562337715, -34.661667486968881 ], [ -58.38063617367002, -34.661674334947342 ], [ -58.380642770449455, -34.661679813998695 ], [ -58.380650191487398, -34.661682735156546 ], [ -58.38066035982775, -34.661685200005351 ], [ -58.38067336901301, -34.661685017258876 ], [ -58.380683815269478, -34.661683282838816 ], [ -58.380694534697135, -34.661682643783308 ], [ -58.380702688484625, -34.661680726616773 ], [ -58.380721285817202, -34.661679266316426 ], [ -58.380735210769927, -34.661682826529784 ], [ -58.380746571438173, -34.661685932105563 ], [ -58.380759123756462, -34.661690130817277 ], [ -58.380774973786629, -34.661692778412565 ], [ -58.380785784045408, -34.661695153559599 ], [ -58.380800901326026, -34.661702184284536 ], [ -58.380816751356193, -34.661706565742726 ], [ -58.38082682886543, -34.661711770674366 ], [ -58.38083873858745, -34.661713779214139 ], [ -58.380850651020843, -34.661717065307784 ], [ -58.380859719897956, -34.661718345090271 ], [ -58.380871354415248, -34.661723730539769 ], [ -58.380886929240681, -34.661739617782942 ], [ -58.380897557159379, -34.661748474301184 ], [ -58.380907634668617, -34.661756235454867 ], [ -58.380920462191639, -34.661761713949069 ], [ -58.380934113295325, -34.661765000599864 ], [ -58.38094464834937, -34.661767832055936 ], [ -58.380955185436953, -34.661772579007078 ], [ -58.380962330592318, -34.66177805750128 ], [ -58.380968927371754, -34.661782623934563 ], [ -58.380974973741729, -34.661786274964001 ], [ -58.380989724308655, -34.661789563286263 ], [ -58.381003100207607, -34.661794218307016 ], [ -58.381010705619161, -34.661795770537751 ], [ -58.381018217488226, -34.661803074825251 ], [ -58.381026828820531, -34.661810927352178 ], [ -58.381038007826533, -34.661817683957402 ], [ -58.381047994504655, -34.661822706699716 ], [ -58.381056881041687, -34.661826996784669 ], [ -58.381066774177306, -34.661828457642173 ], [ -58.381070805316568, -34.661832201716308 ], [ -58.381078501559244, -34.661836674547743 ], [ -58.381089039324671, -34.66184023643256 ], [ -58.381097925861702, -34.661846444241199 ], [ -58.381101773305197, -34.661853383592906 ], [ -58.381106171158159, -34.661862148737903 ], [ -58.381111668474354, -34.661869272507538 ], [ -58.381110935046962, -34.66189127562896 ], [ -58.381371586464624, -34.662041198497768 ], [ -58.381397238121444, -34.662034076399593 ], [ -58.381405758622627, -34.662035628630328 ], [ -58.381416753255024, -34.662037545239713 ], [ -58.381425915674633, -34.662040011759984 ], [ -58.381483083696018, -34.662075984958044 ], [ -58.381486748799432, -34.662091233145709 ], [ -58.381494262702027, -34.662110589229002 ], [ -58.381501224161624, -34.662122824885579 ], [ -58.381507363396246, -34.662129946983754 ], [ -58.381515974728551, -34.662137069081929 ], [ -58.381523855344838, -34.662137616764205 ], [ -58.381536040949435, -34.662137069081929 ], [ -58.381548499047383, -34.66213916843779 ], [ -58.3815572947533, -34.662141633286595 ], [ -58.381567556636149, -34.662145195171419 ], [ -58.381578642777505, -34.662150854740631 ], [ -58.381589543867406, -34.662156515981309 ], [ -58.381601181096066, -34.66216035198584 ], [ -58.381609974090608, -34.66216162953971 ], [ -58.382191653861597, -34.662555062087684 ], [ -58.382203197547767, -34.662567022510245 ], [ -58.382206495937481, -34.662575787655243 ], [ -58.382209794327203, -34.66258546541831 ], [ -58.382210802281477, -34.662592861079048 ], [ -58.38221226845841, -34.662597701074887 ], [ -58.38221657548025, -34.662600257296937 ], [ -58.382223354599766, -34.662601808970521 ], [ -58.382229125087164, -34.662605644975052 ], [ -58.3822357218666, -34.662611397588968 ], [ -58.382241494387529, -34.662618700205002 ], [ -58.382246716498997, -34.662625639556708 ], [ -58.382250290093445, -34.662633492083629 ], [ -58.382249555310366, -34.662638605642037 ], [ -58.382249739683978, -34.662646001302768 ], [ -58.382253861654362, -34.662656865803626 ], [ -58.382261649406004, -34.662664901077029 ], [ -58.382268337016555, -34.662672479484236 ], [ -58.382278598899404, -34.662680696389806 ], [ -58.382282264002818, -34.662692293548034 ], [ -58.382285011305228, -34.662702427620133 ], [ -58.382283911841988, -34.662706170579966 ], [ -58.382282630038667, -34.66271292718519 ], [ -58.382283271957093, -34.66271758443456 ], [ -58.382287119400587, -34.662724706532735 ], [ -58.382292068340853, -34.662731372321879 ], [ -58.382296190311237, -34.662739222620189 ], [ -58.382297196909825, -34.662745979225413 ], [ -58.382297014569744, -34.662754105314896 ], [ -58.382298023201862, -34.662760132048525 ], [ -58.382304344098721, -34.662767710455739 ], [ -58.3823081007111, -34.662772276331864 ], [ -58.382312589395177, -34.66278195465209 ], [ -58.382318086711372, -34.66279099335965 ], [ -58.382323308822833, -34.662798571766857 ], [ -58.382327979846991, -34.662803135971529 ], [ -58.382334576626427, -34.662811629225423 ], [ -58.382340167485125, -34.662821306988498 ], [ -58.382346853062145, -34.66283080256224 ], [ -58.382354274100088, -34.662849519032868 ], [ -58.382357847694536, -34.662860568508819 ], [ -58.382358489612962, -34.662875905841105 ], [ -58.382363254179616, -34.662889328235465 ], [ -58.382369757416555, -34.662902020201081 ], [ -58.382372874144039, -34.662905489041201 ], [ -58.382380110130526, -34.662912976075177 ], [ -58.382384507983481, -34.662918729246243 ], [ -58.382390556386987, -34.662924755422715 ], [ -58.382378919836171, -34.662982916160146 ], [ -58.382355742310551, -34.66299743447621 ], [ -58.382518453380165, -34.66316433828127 ], [ -58.382537692631168, -34.663153199660705 ], [ -58.382552443198094, -34.663157124809857 ], [ -58.382562520707324, -34.663163060170248 ], [ -58.382569850914152, -34.663165981328092 ], [ -58.382579379369609, -34.663175660762626 ], [ -58.382588266584492, -34.663183147796602 ], [ -58.382597244630489, -34.663190726203815 ], [ -58.382603841409924, -34.663198761477211 ], [ -58.382623172169886, -34.66321866468563 ], [ -58.382633709257469, -34.663221585843473 ], [ -58.382641221126526, -34.663230077425908 ], [ -58.382646993647455, -34.663237473086646 ], [ -58.382661469009655, -34.663251625909759 ], [ -58.382668614842864, -34.663256648094929 ], [ -58.382680891278575, -34.663278562071731 ], [ -58.382685931049963, -34.663291069619405 ], [ -58.38270031490319, -34.66330549600508 ], [ -58.382708560199646, -34.66330631780707 ], [ -58.382714239178078, -34.663309056218438 ], [ -58.382718821404652, -34.663312253167454 ], [ -58.382723493106653, -34.663315630634337 ], [ -58.382733112393225, -34.663319466081717 ], [ -58.382739343136812, -34.663321018312459 ], [ -58.382747954469117, -34.663323938913145 ], [ -58.382754551248553, -34.663328687535753 ], [ -58.382758031978348, -34.663335168906954 ], [ -58.382761514741681, -34.663340191092118 ], [ -58.382770950332493, -34.663345852889947 ], [ -58.3827754410501, -34.663346309198985 ], [ -58.382794771810062, -34.663348226365521 ], [ -58.382803474651325, -34.663351240568069 ], [ -58.382808423591591, -34.663354618034944 ], [ -58.382815111202149, -34.663356900137281 ], [ -58.382826654888319, -34.663356534644329 ], [ -58.382848734984222, -34.663357356446319 ], [ -58.382864034604921, -34.663356626017567 ], [ -58.382879517921396, -34.663356900137281 ], [ -58.382894911084591, -34.663361466013413 ], [ -58.38290682080661, -34.663368313991874 ], [ -58.382915341307793, -34.663381095659261 ], [ -58.382916898315848, -34.663391138915287 ], [ -58.382919097242322, -34.663404652682885 ], [ -58.382921844544732, -34.663413509201121 ], [ -58.382925052103332, -34.663418075077253 ], [ -58.38292578485288, -34.663427570093845 ], [ -58.382929723127489, -34.663436061676279 ], [ -58.38293622907581, -34.663441997036671 ], [ -58.38294383380952, -34.66344893638837 ], [ -58.382952354310703, -34.663455235013103 ], [ -58.382960415233541, -34.663465644876382 ], [ -58.382970219571575, -34.663475049076894 ], [ -58.382980572285547, -34.663485092332913 ], [ -58.382985978092783, -34.66349678030722 ], [ -58.382989550331544, -34.663505271332504 ], [ -58.382992206802832, -34.663517140381821 ], [ -58.382993581470807, -34.663524627415796 ], [ -58.382999536331816, -34.663531292647782 ], [ -58.38300485130793, -34.66353914517471 ], [ -58.383012179481227, -34.663547453453518 ], [ -58.38301731008373, -34.663552658942308 ], [ -58.383019326670123, -34.663559048383121 ], [ -58.383020608473444, -34.663567904901356 ], [ -58.383023906863166, -34.663577491848343 ], [ -58.383026563334454, -34.663588449393899 ], [ -58.383028762260935, -34.663598036340879 ], [ -58.383003109926264, -34.663614927018209 ], [ -58.383261928453294, -34.663904454822934 ], [ -58.383281901131689, -34.663894868433097 ], [ -58.383293995227319, -34.66391029881008 ], [ -58.383302882442194, -34.6639207070019 ], [ -58.383311218569766, -34.6639244516332 ], [ -58.383320105106797, -34.663927007298092 ], [ -58.383329085186325, -34.663928194035876 ], [ -58.383339345035644, -34.66392709867133 ], [ -58.383348965000067, -34.663926003306784 ], [ -58.383356845616355, -34.663928285409114 ], [ -58.38336344239579, -34.663933125404959 ], [ -58.383372420441788, -34.663939606776161 ], [ -58.383379290392426, -34.663946363381385 ], [ -58.383390836112127, -34.663953394106322 ], [ -58.383401370488329, -34.663959238093476 ], [ -58.383414837896247, -34.663966633754214 ], [ -58.383424091146978, -34.663976859756708 ], [ -58.38343911691863, -34.663989368975848 ], [ -58.383449012765631, -34.664001694334203 ], [ -58.383454783253029, -34.664013656428217 ], [ -58.383459456310717, -34.664023790500323 ], [ -58.383464862795798, -34.664029725860715 ], [ -58.383471275201622, -34.664032464272083 ], [ -58.383480070907531, -34.664031551654013 ], [ -58.38348694085817, -34.664029178178446 ], [ -58.383497018367407, -34.664030638478792 ], [ -58.383502790888336, -34.664035020494133 ], [ -58.383505631733236, -34.664041777099357 ], [ -58.383503981860535, -34.664048260142025 ], [ -58.383504257065269, -34.664055016747248 ], [ -58.383505174188429, -34.664060130862801 ], [ -58.383513144280144, -34.664072638410481 ], [ -58.38352285507569, -34.664076839350813 ], [ -58.383531284067907, -34.664077295659844 ], [ -58.383539713737974, -34.664079669135418 ], [ -58.383542094326685, -34.664083412095252 ], [ -58.383542645413996, -34.664089712391437 ], [ -58.383540628827596, -34.664096651743137 ], [ -58.383528902801345, -34.664101673928307 ], [ -58.383517999677913, -34.664105781823935 ], [ -58.383514243743384, -34.664112629802396 ], [ -58.383514976492933, -34.664123312113929 ], [ -58.383518274882647, -34.664133174294939 ], [ -58.383519922721817, -34.664139199357102 ], [ -58.383527437302256, -34.664143400297434 ], [ -58.383534582457628, -34.664147051326879 ], [ -58.383542094326685, -34.664151435013686 ], [ -58.38354685889334, -34.664158282992148 ], [ -58.383553638012856, -34.664165040154522 ], [ -58.383561976173958, -34.664168508437491 ], [ -58.383572786432737, -34.664168052128453 ], [ -58.383584147778826, -34.664167048137145 ], [ -58.383596241874464, -34.664167595819421 ], [ -58.383602379075555, -34.664169147492998 ], [ -58.383606410214817, -34.664175265599866 ], [ -58.383607418846935, -34.664183483062594 ], [ -58.38360695926859, -34.66418804726726 ], [ -58.383607234473324, -34.664195717047711 ], [ -58.383611907531012, -34.664205852791277 ], [ -58.383615388260814, -34.664210873862132 ], [ -58.383621709835516, -34.664215439738264 ], [ -58.383627024811631, -34.664222287716726 ], [ -58.383630780746159, -34.664227490976906 ], [ -58.383635821195391, -34.664242008735812 ], [ -58.383636460402442, -34.664255522503417 ], [ -58.3836417760564, -34.664269857515855 ], [ -58.383648188462224, -34.664284373603302 ], [ -58.3836538681185, -34.664291769821197 ], [ -58.383659365434696, -34.664295423079253 ], [ -58.383669535808586, -34.664296609259885 ], [ -58.383675031091251, -34.664298435053183 ], [ -58.383679613317817, -34.664304096851012 ], [ -58.383683920339656, -34.664309756420224 ], [ -58.383687125186881, -34.664313865987317 ], [ -58.383692164958269, -34.664316056716416 ], [ -58.383699676827327, -34.664317882509714 ], [ -58.383704992481292, -34.664319892163796 ], [ -58.383705998402036, -34.664329479110776 ], [ -58.383704716598714, -34.664340343611634 ], [ -58.383705907570913, -34.66434664390782 ], [ -58.383709847879061, -34.664352031585942 ], [ -58.383718734416092, -34.664356230854807 ], [ -58.383730826478192, -34.664358695703619 ], [ -58.383742738911593, -34.664363626515545 ], [ -58.38374915131741, -34.664366821793102 ], [ -58.383750341611773, -34.664372208914067 ], [ -58.383757762649715, -34.664376592600874 ], [ -58.383768024532564, -34.664382434916561 ], [ -58.383780300968276, -34.664391840788532 ], [ -58.383788270382155, -34.664397683104227 ], [ -58.383790653682247, -34.664408184340743 ], [ -58.383795417571051, -34.664416219056996 ], [ -58.383804304785933, -34.664419687897109 ], [ -58.383814839839978, -34.664425075575231 ], [ -58.383818046720734, -34.664430735144443 ], [ -58.383821069905721, -34.66443804166056 ], [ -58.383833071136706, -34.66444160131676 ], [ -58.383847915246122, -34.66443977608062 ], [ -58.383859183049715, -34.664439319214424 ], [ -58.38387484870627, -34.664443062174257 ], [ -58.383885661676423, -34.664448906161411 ], [ -58.383893264376603, -34.664457305813457 ], [ -58.383899861156038, -34.664466984133682 ], [ -58.383906733818051, -34.66447182357237 ], [ -58.383913237054998, -34.664479858845773 ], [ -58.383920750957593, -34.664490084291117 ], [ -58.38392862954035, -34.664497023642816 ], [ -58.383935226319785, -34.664501587847482 ], [ -58.383942738188843, -34.664503962994516 ], [ -58.383947594264463, -34.664503596387256 ], [ -58.383961887286574, -34.664512545950195 ], [ -58.383976544311004, -34.664520397919965 ], [ -58.38398708139858, -34.66452633160889 ], [ -58.383999357834298, -34.664529893493714 ], [ -58.384010168770921, -34.664535737480861 ], [ -58.38401868859426, -34.664540393058772 ], [ -58.384143289231254, -34.664553358586943 ], [ -58.385188735746794, -34.651135022531385 ], [ -58.385215396713583, -34.650802399430425 ], [ -58.382239843836985, -34.650663432435714 ], [ -58.376906519835124, -34.649410914275947 ], [ -58.372407643016402, -34.648367117106453 ], [ -58.370702460940471, -34.647949671225817 ], [ -58.369239513934019, -34.64760125281208 ] ] ] ] } },
{ "type": "Feature", "properties": { "circuito": "00050", "codprov": "01", "coddepto": "004" }, "geometry": { "type": "MultiPolygon", "coordinates": [ [ [ [ -58.373561291084997, -34.632385125456281 ], [ -58.373516123616746, -34.632358465085488 ], [ -58.371174472981473, -34.631056640477915 ], [ -58.370146341995188, -34.6305471605748 ], [ -58.368097318042636, -34.63049319854909 ], [ -58.366828508994928, -34.6304092906161 ], [ -58.366478439086094, -34.630397328522079 ], [ -58.366170785953869, -34.633282378895309 ], [ -58.365780130803365, -34.637459845775524 ], [ -58.365616226728015, -34.63839818597102 ], [ -58.365282646734244, -34.640308098920087 ], [ -58.36527302676982, -34.640371191026595 ], [ -58.370453078004253, -34.641063372833322 ], [ -58.370990323056539, -34.638252007176362 ], [ -58.371698157761195, -34.636185048703155 ], [ -58.372722716508719, -34.633750497922243 ], [ -58.373393355870384, -34.632694100160379 ], [ -58.373561291084997, -34.632385125456281 ] ] ] ] } },
{ "type": "Feature", "properties": { "circuito": "00051", "codprov": "01", "coddepto": "004" }, "geometry": { "type": "MultiPolygon", "coordinates": [ [ [ [ -58.365139541629325, -34.641249360273427 ], [ -58.364714160522126, -34.644047396580731 ], [ -58.363541732780874, -34.651934945085905 ], [ -58.36313091990052, -34.65418277576935 ], [ -58.364138253949911, -34.654721932474416 ], [ -58.365176555310079, -34.655394026097639 ], [ -58.365384067134244, -34.655837584666791 ], [ -58.365539176859365, -34.656172034675357 ], [ -58.365193228920909, -34.657315809767489 ], [ -58.365311690323274, -34.657666784403276 ], [ -58.365837116484663, -34.658081856808337 ], [ -58.366135514332626, -34.658214887328349 ], [ -58.366948069860534, -34.656058908478066 ], [ -58.36714367196268, -34.655385260952642 ], [ -58.367627962472923, -34.654374698569846 ], [ -58.368242714938681, -34.652874196228012 ], [ -58.36839177693814, -34.652185211370302 ], [ -58.368661865302293, -34.650669367796105 ], [ -58.369239513934019, -34.64760125281208 ], [ -58.369993708434812, -34.643595621106009 ], [ -58.370332050961707, -34.641726062256041 ], [ -58.370431548317811, -34.641176499587772 ], [ -58.370453078004253, -34.641063372833322 ], [ -58.36527302676982, -34.640371191026595 ], [ -58.365139541629325, -34.641249360273427 ] ] ] ] } },
{ "type": "Feature", "properties": { "circuito": "00052", "codprov": "01", "coddepto": "004" }, "geometry": { "type": "MultiPolygon", "coordinates": [ [ [ [ -58.356746740864509, -34.643866338281093 ], [ -58.356250908701625, -34.644655486036534 ], [ -58.353786032097332, -34.645499872814398 ], [ -58.35342423412871, -34.645818344763704 ], [ -58.353059322143991, -34.646710756535427 ], [ -58.352763490614045, -34.647430787122197 ], [ -58.35260425959639, -34.648021984786361 ], [ -58.352883784229199, -34.648971828538222 ], [ -58.354060609823406, -34.64938014433806 ], [ -58.355131160297681, -34.649982938603294 ], [ -58.355241558065835, -34.65007570361167 ], [ -58.356239089810721, -34.650906669666639 ], [ -58.356601894377931, -34.65127480965662 ], [ -58.35699026180437, -34.651729417144566 ], [ -58.356888290317059, -34.651805838043586 ], [ -58.357080412367246, -34.651968088499359 ], [ -58.357141520696779, -34.651908282486495 ], [ -58.357746837571725, -34.652234057608993 ], [ -58.358337679762322, -34.652255058410567 ], [ -58.358974237119256, -34.65223415065369 ], [ -58.359347945487734, -34.652200731449064 ], [ -58.359768193281056, -34.652345999297118 ], [ -58.3600758437019, -34.652594985799027 ], [ -58.360567739623704, -34.652929344434355 ], [ -58.363006777486184, -34.654124888594481 ], [ -58.36313091990052, -34.65418277576935 ], [ -58.363541732780874, -34.651934945085905 ], [ -58.364714160522126, -34.644047396580731 ], [ -58.365139541629325, -34.641249360273427 ], [ -58.36527302676982, -34.640371191026595 ], [ -58.365282646734244, -34.640308098920087 ], [ -58.365616226728015, -34.63839818597102 ], [ -58.361625095861264, -34.63802538873167 ], [ -58.360667051928345, -34.637622094002687 ], [ -58.360645155528211, -34.637613420230927 ], [ -58.359989358242437, -34.638601612327882 ], [ -58.356834785365557, -34.643845063916956 ], [ -58.356746740864509, -34.643866338281093 ] ] ] ] } },
{ "type": "Feature", "properties": { "circuito": "00053", "codprov": "01", "coddepto": "004" }, "geometry": { "type": "MultiPolygon", "coordinates": [ [ [ [ -58.349731045598638, -34.633211160699318 ], [ -58.349730403680212, -34.633211982501308 ], [ -58.349729761761786, -34.633212712372902 ], [ -58.34972911984336, -34.633213442801654 ], [ -58.349728479958465, -34.6332141732304 ], [ -58.349727838040039, -34.633214903101994 ], [ -58.349727196121613, -34.633215724903984 ], [ -58.349726647745683, -34.633216455332736 ], [ -58.349726005827257, -34.63321718520433 ], [ -58.349725363908831, -34.633217915633082 ], [ -58.349724724023936, -34.633218737435065 ], [ -58.34972408210551, -34.633219469535277 ], [ -58.349723440187084, -34.633220199406878 ], [ -58.349722891133311, -34.633220929835623 ], [ -58.349722249214885, -34.633221751637613 ], [ -58.349721607296452, -34.633222481509208 ], [ -58.349720968089407, -34.63322321193796 ], [ -58.349720326170981, -34.633223942366712 ], [ -58.349719684252555, -34.633224763611544 ], [ -58.349719042334129, -34.633225494040289 ], [ -58.349718400415696, -34.633226224469041 ], [ -58.349717851361923, -34.633226954897793 ], [ -58.349717209443497, -34.633227777814085 ], [ -58.349716570236446, -34.633228508242837 ], [ -58.34971592831802, -34.633229238671589 ], [ -58.349715286399594, -34.633229969100334 ], [ -58.349714644481168, -34.633230790345173 ], [ -58.349714002562742, -34.633231520773919 ], [ -58.349713453508969, -34.633232251202671 ], [ -58.349712811590543, -34.633232981074265 ], [ -58.349712172383491, -34.633233802876255 ], [ -58.349711530465065, -34.633234533305007 ], [ -58.349710888546639, -34.633235265405219 ], [ -58.349710246628213, -34.633235995276813 ], [ -58.349709606743318, -34.633236817078796 ], [ -58.349709055656007, -34.633237547507548 ], [ -58.349708416448962, -34.633238277379142 ], [ -58.349707774530536, -34.633239007807894 ], [ -58.349707132612103, -34.633239829609884 ], [ -58.349706490693677, -34.633240559481479 ], [ -58.349705848775251, -34.633241289910231 ], [ -58.349705208890356, -34.633242020338976 ], [ -58.349704657803052, -34.633242752439187 ], [ -58.349704017918157, -34.633243573684027 ], [ -58.349703375999731, -34.633244304112772 ], [ -58.349702734081305, -34.633245034541524 ], [ -58.349702094874253, -34.633245764413118 ], [ -58.349701452955827, -34.633246586215108 ], [ -58.349700811037401, -34.63324731664386 ], [ -58.349700259950097, -34.633248046515455 ], [ -58.349699620065202, -34.6332487769442 ], [ -58.349698978146776, -34.63324959874619 ], [ -58.34969833622835, -34.633250330846401 ], [ -58.349697697021298, -34.633251060717996 ], [ -58.349697055102872, -34.633251791146748 ], [ -58.349696413184446, -34.633252612948738 ], [ -58.349695864130666, -34.633253342820332 ], [ -58.34969522221224, -34.633254073249084 ], [ -58.349694580293814, -34.633254803677829 ], [ -58.349693938375388, -34.633255624922661 ], [ -58.349693299168337, -34.633256355351413 ], [ -58.349692657249911, -34.633257085780166 ], [ -58.349692015331485, -34.633257816208911 ], [ -58.349691373413059, -34.633258639125209 ], [ -58.349690824359286, -34.633259369553961 ], [ -58.34969018244086, -34.633260099982706 ], [ -58.349689543233808, -34.633260830411459 ], [ -58.349688901315382, -34.633261651656291 ], [ -58.349688259396956, -34.633262382085043 ], [ -58.34968761747853, -34.633263112513795 ], [ -58.349687068424757, -34.633263842385389 ], [ -58.349686426506324, -34.633264664187379 ], [ -58.349685784587898, -34.633265394616124 ], [ -58.349685145380853, -34.633266126716336 ], [ -58.349684503462427, -34.63326685658793 ], [ -58.349683861544001, -34.633267676718461 ], [ -58.349683221659106, -34.633268408818672 ], [ -58.34968257974068, -34.633269138690267 ], [ -58.349682028653369, -34.633269869119019 ], [ -58.349681386734943, -34.633270599547764 ], [ -58.349680746850048, -34.633271420792603 ], [ -58.349680104931622, -34.633272151221348 ], [ -58.349679463013196, -34.6332728816501 ], [ -58.349678823806144, -34.633273611521695 ], [ -58.349678181887718, -34.633274433323685 ], [ -58.349677630800414, -34.633275163752437 ], [ -58.349676990915519, -34.633275895852648 ], [ -58.349676348997093, -34.633276625724243 ], [ -58.349675707078667, -34.633277447526226 ], [ -58.349675065160241, -34.633278177954978 ], [ -58.349674425953189, -34.633278907826572 ], [ -58.349673784034763, -34.633279638255324 ], [ -58.349673232947453, -34.633280460057314 ], [ -58.349672593062557, -34.633281189928908 ], [ -58.349671951144131, -34.633281920357661 ], [ -58.349671309225705, -34.633282650786406 ], [ -58.349670670018661, -34.633283474259855 ], [ -58.349670028100235, -34.633284204131456 ], [ -58.349669386181802, -34.633284934560201 ], [ -58.349668835094498, -34.633285664988954 ], [ -58.349668195209603, -34.633286486233786 ], [ -58.349667553291177, -34.633287216662538 ], [ -58.349666638201548, -34.633288220653846 ], [ -58.349666087792087, -34.633289042455836 ], [ -58.349665538738314, -34.633289772884581 ], [ -58.349664988328847, -34.63329059635803 ], [ -58.349664439275074, -34.633291417602869 ], [ -58.349663888865607, -34.633292148031614 ], [ -58.349663248980711, -34.633292969276454 ], [ -58.349662697893407, -34.633293791078437 ], [ -58.349662149517478, -34.633294521507189 ], [ -58.349661598430167, -34.633295342752021 ], [ -58.349661050054237, -34.633296073180773 ], [ -58.349660498966927, -34.633296894982763 ], [ -58.349659857048501, -34.633297716227595 ], [ -58.349659308672571, -34.633298446656347 ], [ -58.34965875758526, -34.633299270129797 ], [ -58.349658209209331, -34.633300000001391 ], [ -58.34965765812202, -34.633300821803374 ], [ -58.34965710974609, -34.633301643048213 ], [ -58.349656467827664, -34.633302373476958 ], [ -58.349655918773891, -34.633303195278948 ], [ -58.349655368364424, -34.633303925150543 ], [ -58.349654819310651, -34.633304746952533 ], [ -58.349654268901183, -34.633305568754523 ], [ -58.34965371984741, -34.633306300854734 ], [ -58.349653077928984, -34.633307120428107 ], [ -58.349652527519517, -34.633307850856852 ], [ -58.349651978465744, -34.633308673773151 ], [ -58.349651428056283, -34.633309495575133 ], [ -58.349650879002503, -34.633310226003886 ], [ -58.349650328593043, -34.633311047248718 ], [ -58.349649688708148, -34.633311869050708 ], [ -58.349649137620837, -34.63331259947946 ], [ -58.349648589244907, -34.633313420724292 ], [ -58.349648038157596, -34.633314151153044 ], [ -58.349647489781667, -34.633314974626494 ], [ -58.349646938694363, -34.633315795871326 ], [ -58.349646299487311, -34.633316526300078 ], [ -58.3496457484, -34.633317348102061 ], [ -58.349645200024071, -34.633318077973662 ], [ -58.34964464893676, -34.633318899775645 ], [ -58.34964410056083, -34.633319721020477 ], [ -58.349643549473527, -34.633320451449229 ], [ -58.34964300109759, -34.633321273251219 ], [ -58.349642359179164, -34.633322003122814 ], [ -58.34964180809186, -34.633322824924804 ], [ -58.34964125903808, -34.633323648398253 ], [ -58.34964070862862, -34.633324378269847 ], [ -58.34964015957484, -34.633325200071837 ], [ -58.349639609165379, -34.633325930500583 ], [ -58.349638969280484, -34.633326751745422 ], [ -58.34963841819318, -34.633327573547405 ], [ -58.349637869817244, -34.633328303976157 ], [ -58.34963731872994, -34.633329125220989 ], [ -58.349636770354003, -34.633329947022979 ], [ -58.349636221978074, -34.633330679123191 ], [ -58.349635580059648, -34.633331500368023 ], [ -58.349635028972344, -34.633332230796775 ], [ -58.349634480596407, -34.633333052598758 ], [ -58.349633929509103, -34.633333873843597 ], [ -58.349633381133167, -34.633334604272342 ], [ -58.349632830045863, -34.633335425517181 ], [ -58.349632188127437, -34.633336155945926 ], [ -58.349631639751507, -34.633336977747916 ], [ -58.349631090697727, -34.633337798992748 ], [ -58.349630540288267, -34.633338529421501 ], [ -58.349629991234487, -34.63333935289495 ], [ -58.349629440825026, -34.633340082766544 ], [ -58.3496287989066, -34.633340904568534 ], [ -58.34962824985282, -34.633341726370517 ], [ -58.34962769944336, -34.633342456242119 ], [ -58.349627150389587, -34.633343278044102 ], [ -58.34962659998012, -34.633344008472854 ], [ -58.349626050926346, -34.633344829717686 ], [ -58.34962540900792, -34.633345651519676 ], [ -58.349624860631984, -34.633346383619887 ], [ -58.34962430954468, -34.63334720319326 ], [ -58.349623761168743, -34.63334802499525 ], [ -58.34962321008144, -34.633348757095462 ], [ -58.34962266170551, -34.633349578340294 ], [ -58.349622019787084, -34.633350308769046 ], [ -58.349621470733304, -34.633351130013878 ], [ -58.349620920323844, -34.633351951815861 ], [ -58.349620371270063, -34.633352682244613 ], [ -58.349619820860603, -34.633353503489445 ], [ -58.34961927180683, -34.633354233918197 ], [ -58.349618629888397, -34.633355057391647 ], [ -58.349618079478937, -34.633355878636479 ], [ -58.349617530425164, -34.633356609065231 ], [ -58.349616980015696, -34.633357430867221 ], [ -58.349616430961923, -34.633358160738815 ], [ -58.349615880552456, -34.633358982540805 ], [ -58.349615331498683, -34.633359803785638 ], [ -58.349614689580257, -34.63336053421439 ], [ -58.349614141204327, -34.633361356016373 ], [ -58.349613590117016, -34.633362085887967 ], [ -58.349613041741087, -34.633362907689957 ], [ -58.349612490653776, -34.633363729491947 ], [ -58.349611942277846, -34.633364461592159 ], [ -58.34961130035942, -34.633365282836991 ], [ -58.349610751983491, -34.633366104638981 ], [ -58.34961020089618, -34.633366834510575 ], [ -58.34960965252025, -34.633367656312565 ], [ -58.349609101432939, -34.63336838674131 ], [ -58.34960855305701, -34.633369207986149 ], [ -58.349607911138584, -34.633370029788132 ], [ -58.349607360051273, -34.633370760216884 ], [ -58.349606811675343, -34.633371583133176 ], [ -58.349606260588033, -34.633372313561928 ], [ -58.349605712212103, -34.633373135363918 ], [ -58.349605161124799, -34.63337395660875 ], [ -58.349604521239904, -34.633374687037502 ], [ -58.349603970830437, -34.633375508839485 ], [ -58.349603421776663, -34.633376238711087 ], [ -58.349602871367196, -34.63337706051307 ], [ -58.349602322313423, -34.633377881757909 ], [ -58.349601771903963, -34.633378612186654 ], [ -58.34960112998553, -34.633379433988644 ], [ -58.349600580931757, -34.633380166088855 ], [ -58.349600032555827, -34.633380987333688 ], [ -58.349599481468516, -34.633381809135678 ], [ -58.349598933092587, -34.633382539007272 ], [ -58.349598382005276, -34.633383360809262 ], [ -58.34959774008685, -34.633384182611245 ], [ -58.34959719171092, -34.633384912482846 ], [ -58.349596640623609, -34.633385734284829 ], [ -58.34959609224768, -34.633386464713581 ], [ -58.349595541160376, -34.63338728762988 ], [ -58.349594992784439, -34.633388107760403 ], [ -58.349594350866013, -34.633388839860615 ], [ -58.34959380181224, -34.633389661105447 ], [ -58.349593251402773, -34.633390391534199 ], [ -58.349592702349, -34.633391213336189 ], [ -58.34959215193954, -34.633392034581021 ], [ -58.349591602885759, -34.633392765009773 ], [ -58.349590960967333, -34.633393586254606 ], [ -58.349590412591404, -34.633394316683351 ], [ -58.349589861504093, -34.633395138485341 ], [ -58.349589313128163, -34.63339596195879 ], [ -58.349588762040852, -34.633396691830384 ], [ -58.349588213664923, -34.633397513632374 ], [ -58.349587571746497, -34.633398244061127 ], [ -58.349587023370567, -34.633399065305959 ], [ -58.349586472283256, -34.633399887107949 ], [ -58.349585923907327, -34.633400616979543 ], [ -58.349585372820016, -34.633401438781533 ], [ -58.349584824444086, -34.633402260026365 ], [ -58.349584273356783, -34.63340299045511 ], [ -58.349583631438357, -34.6334038122571 ], [ -58.34958308306242, -34.633404544357312 ], [ -58.349582531975116, -34.633405365602144 ], [ -58.34958198359918, -34.633406187404134 ], [ -58.349581432511876, -34.633406917832886 ], [ -58.34958079262698, -34.633407739077718 ], [ -58.34958024221752, -34.63340846950647 ], [ -58.34957969316374, -34.633409290751302 ], [ -58.34957914275428, -34.633410112553292 ], [ -58.3495785937005, -34.633410842982038 ], [ -58.349578042613196, -34.633411666455487 ], [ -58.349577494237266, -34.633412396327088 ], [ -58.349576852318833, -34.633413218129071 ], [ -58.349576303942904, -34.633414039373903 ], [ -58.3495757528556, -34.633414769802656 ], [ -58.349575204479663, -34.633415591604646 ], [ -58.349574653392359, -34.63341632147624 ], [ -58.349574105016423, -34.63341714327823 ], [ -58.349573463097997, -34.633417965080213 ], [ -58.349572912010693, -34.633418694951814 ], [ -58.349572363634763, -34.633419516753797 ], [ -58.349571812547453, -34.633420340227246 ], [ -58.349571264171523, -34.633421070098848 ], [ -58.349570713084212, -34.633421891900831 ], [ -58.349570073199317, -34.633422622329583 ], [ -58.349569522789857, -34.633423443574415 ], [ -58.349568973736076, -34.633424265376405 ], [ -58.349568423326616, -34.633424995247999 ], [ -58.349567874272843, -34.633425817049989 ], [ -58.349567323863376, -34.633426547478734 ], [ -58.34956668194495, -34.633427370952184 ], [ -58.349566132891177, -34.633428192197023 ], [ -58.349565582481709, -34.633428922625768 ], [ -58.349565033427936, -34.633429743870607 ], [ -58.349564483018469, -34.633430474299352 ], [ -58.349563933964696, -34.633431296101342 ], [ -58.34956329204627, -34.633432117346175 ], [ -58.34956274367034, -34.633432847774927 ], [ -58.349562192583029, -34.633433669576917 ], [ -58.3495616442071, -34.633434399448511 ], [ -58.349561093119789, -34.633435221250494 ], [ -58.349560544743859, -34.63343604472395 ], [ -58.349559993656548, -34.633436774595545 ], [ -58.34955935377166, -34.633437596397528 ], [ -58.349558803362193, -34.633438417642367 ], [ -58.34955825430842, -34.633439148071112 ], [ -58.349557703898952, -34.633439969873102 ], [ -58.349557154845179, -34.633440699744696 ], [ -58.349556512926753, -34.633441521546686 ], [ -58.349555962517286, -34.633442343348676 ], [ -58.349555413463513, -34.63344307322027 ], [ -58.349554863054045, -34.633443895022261 ], [ -58.349554314000272, -34.633444625451006 ], [ -58.349553763590812, -34.633445448367304 ], [ -58.349553214537032, -34.633446270169287 ], [ -58.349552572618606, -34.633447000598039 ], [ -58.349552024242676, -34.633447821842871 ], [ -58.349551473155365, -34.633448552271624 ], [ -58.349550924779436, -34.633449374073614 ], [ -58.349550376403506, -34.633450195318446 ], [ -58.34954973448508, -34.633450925747198 ], [ -58.34954918339777, -34.633451749220647 ], [ -58.34954863502184, -34.633452479092242 ], [ -58.349548083934529, -34.633453300894232 ], [ -58.3495475355586, -34.633454122696214 ], [ -58.349546984471289, -34.633454852567809 ], [ -58.349546436095359, -34.633455674369799 ], [ -58.349545794176933, -34.633456495614631 ], [ -58.34954524512316, -34.633457226043383 ], [ -58.349544694713693, -34.633458047845373 ], [ -58.34954414565992, -34.633458777716967 ], [ -58.349543595250452, -34.633459599518957 ], [ -58.349543046196679, -34.633460422992407 ], [ -58.349542404278253, -34.633461152864001 ], [ -58.349541853868786, -34.633461974665991 ], [ -58.349541304815013, -34.633462705094736 ], [ -58.349540754405552, -34.633463526339575 ], [ -58.349540205351772, -34.633464348141558 ], [ -58.349539654942312, -34.63346507857031 ], [ -58.349539015057417, -34.633465899815143 ], [ -58.349538463970106, -34.633466630243895 ], [ -58.349537915594176, -34.633467453717344 ], [ -58.349537364506872, -34.633468274962176 ], [ -58.349536816130936, -34.633469005390928 ], [ -58.349536265043632, -34.633469827192911 ], [ -58.349535625158737, -34.633470557064513 ], [ -58.349535074749269, -34.633471378866496 ], [ -58.349534525695496, -34.633472200111335 ], [ -58.349533975286036, -34.63347293054008 ], [ -58.349533426232256, -34.63347375234207 ], [ -58.349532875822796, -34.633474573586902 ], [ -58.34953223390437, -34.633475304015654 ], [ -58.349531684850589, -34.633476127489104 ], [ -58.349531134441129, -34.633476857917856 ], [ -58.349530585387349, -34.633477679162688 ], [ -58.349530034977889, -34.633478500964671 ], [ -58.349529485924116, -34.633479230836272 ], [ -58.349528935514648, -34.633480052638255 ], [ -58.349528295629753, -34.633480783067007 ], [ -58.349527744542449, -34.633481604311839 ], [ -58.349527196166513, -34.633482426113829 ], [ -58.349526645079209, -34.633483158214041 ], [ -58.349526096703272, -34.633483977787414 ], [ -58.349525454784846, -34.633484708216166 ], [ -58.349524906408917, -34.633485531689615 ], [ -58.349524355321613, -34.633486352934447 ], [ -58.349523806945676, -34.6334870833632 ], [ -58.349523255858372, -34.633487904608032 ], [ -58.349522707482436, -34.633488635036777 ], [ -58.349522156395132, -34.633489456838767 ], [ -58.349521514476706, -34.633490278083599 ], [ -58.349520966100776, -34.633491008512351 ], [ -58.349520415013465, -34.633491830314341 ], [ -58.349519866637536, -34.633492653230633 ], [ -58.349519315550225, -34.633493383659385 ], [ -58.34951867566533, -34.633494205461375 ], [ -58.349518125255869, -34.633494935332969 ], [ -58.349517576202089, -34.633495757134959 ], [ -58.349517025792629, -34.633496578936942 ], [ -58.349516476738856, -34.633497308808536 ], [ -58.349515925651545, -34.633498130610526 ], [ -58.349515377275615, -34.633498861039278 ], [ -58.349514735357189, -34.633499682284111 ], [ -58.349514186981253, -34.633500504086101 ], [ -58.349513635893949, -34.633501236186312 ], [ -58.349513087518019, -34.633502057431144 ], [ -58.349512536430709, -34.633502787859896 ], [ -58.349511988054779, -34.633503609104729 ], [ -58.349511346136353, -34.633504430906719 ], [ -58.349510795049042, -34.633505161335464 ], [ -58.349510246673113, -34.633505982580303 ], [ -58.349509697619332, -34.633506713009048 ], [ -58.349509147209872, -34.633507534811038 ], [ -58.349508598156099, -34.633508357727329 ], [ -58.349507956237673, -34.633509088156082 ], [ -58.349507405828206, -34.633509909958072 ], [ -58.349506856774433, -34.633510731202904 ], [ -58.349506306364965, -34.633511461631656 ], [ -58.349505757311192, -34.633512283433639 ], [ -58.349505206901725, -34.63351301330524 ], [ -58.349504567016837, -34.633513835107223 ], [ -58.349504015929526, -34.633514656352062 ], [ -58.349503467553596, -34.633515386780807 ], [ -58.349502916466285, -34.633516208582797 ], [ -58.349502368090356, -34.633516940683009 ], [ -58.349501817003045, -34.633517761927841 ], [ -58.349501177796, -34.633518583729831 ], [ -58.349500626708689, -34.633519314158583 ], [ -58.34950007833276, -34.633520135403415 ], [ -58.349499527245449, -34.63352086583216 ], [ -58.349498978869519, -34.633521687077 ], [ -58.349498427782208, -34.633522508878983 ], [ -58.349497878728435, -34.633523239307735 ], [ -58.349497237487853, -34.633524062224033 ], [ -58.349496686400542, -34.633524792652779 ], [ -58.349496137346769, -34.633525614454769 ], [ -58.349495586937302, -34.633526435699601 ], [ -58.349495037883528, -34.633527166128353 ], [ -58.349494395965102, -34.633527987930343 ], [ -58.349493847589173, -34.633528809175175 ], [ -58.349493296501862, -34.633529539603927 ], [ -58.349492748125932, -34.633530360848759 ], [ -58.349492197038622, -34.633531091277504 ], [ -58.349491648662692, -34.633531913079494 ], [ -58.349491097575381, -34.633532736552944 ], [ -58.349490458368336, -34.633533466424538 ], [ -58.349489907281026, -34.633534288226528 ], [ -58.349489358905096, -34.63353501865528 ], [ -58.349488807817785, -34.633535839900112 ], [ -58.349488259441856, -34.633536661702102 ], [ -58.34948761752343, -34.633537391573697 ], [ -58.349487066436119, -34.633538213375687 ], [ -58.349486518060189, -34.633538943804432 ], [ -58.349485966972885, -34.633539765049264 ], [ -58.349485418596949, -34.633540586851254 ], [ -58.349484867509645, -34.633541318951465 ], [ -58.349484319133708, -34.633542140196298 ], [ -58.349483677215282, -34.63354287062505 ], [ -58.349483128161509, -34.63354369242704 ], [ -58.349482577752049, -34.633544513671872 ], [ -58.349482028698269, -34.633545244100624 ], [ -58.349481478288808, -34.633546065345456 ], [ -58.349480929235028, -34.633546887147446 ], [ -58.349480287316602, -34.633547617576191 ], [ -58.349479736907142, -34.633548441049641 ], [ -58.349479187853362, -34.633549170921242 ], [ -58.349478637443902, -34.633549992723225 ], [ -58.349478088390129, -34.633550813968057 ], [ -58.349477537980661, -34.633551544396809 ], [ -58.349476898095766, -34.633552366198799 ], [ -58.349476347008462, -34.633553096070393 ], [ -58.349475798632525, -34.633553917872383 ], [ -58.349475247545222, -34.633554739674366 ], [ -58.349474699169292, -34.633555469545968 ], [ -58.349474148081981, -34.633556291347951 ], [ -58.349473508197086, -34.633557023448162 ], [ -58.349472957787626, -34.633557844693001 ], [ -58.349472408733845, -34.633558666494984 ], [ -58.349471858324385, -34.633559396923737 ], [ -58.349471309270605, -34.633560218168569 ], [ -58.349470758861145, -34.633560948597321 ], [ -58.349470116942719, -34.633561769842153 ], [ -58.349469567888946, -34.633562591644143 ], [ -58.349469017479478, -34.633563322072888 ], [ -58.349468468425705, -34.633564145546337 ], [ -58.349467920049769, -34.633564966791177 ], [ -58.349467368962465, -34.633565697219922 ], [ -58.349466820586535, -34.633566518464761 ], [ -58.349466178668109, -34.633567248893506 ], [ -58.349465630292173, -34.633568070695496 ], [ -58.349465079204869, -34.633568891940328 ], [ -58.349464530828932, -34.63356962236908 ], [ -58.349463979741628, -34.63357044417107 ], [ -58.349463337823202, -34.633571174042665 ], [ -58.349462789447266, -34.633571995844648 ], [ -58.349462238359962, -34.633572819318097 ], [ -58.349461689984032, -34.633573549189698 ], [ -58.349461138896721, -34.633574370991681 ], [ -58.349460590520792, -34.633575101420433 ], [ -58.349460039433481, -34.633575922665266 ], [ -58.349459399548586, -34.633576744467256 ], [ -58.349458849139126, -34.633577474896008 ], [ -58.349458300085345, -34.63357829614084 ], [ -58.349457749675885, -34.633579026569592 ], [ -58.349457200622112, -34.633579847814424 ], [ -58.349456558703686, -34.633580760989652 ], [ -58.349438327406958, -34.633605779985082 ], [ -58.349421835458365, -34.63363143636456 ], [ -58.349410016567468, -34.633650974637177 ], [ -58.349395266000542, -34.63367115419392 ], [ -58.349380790638349, -34.633694619287155 ], [ -58.349366315276157, -34.633719180302087 ], [ -58.349350098532298, -34.633743285007981 ], [ -58.349334066162051, -34.633771588425596 ], [ -58.349316108036525, -34.633800806689898 ], [ -58.349300351548855, -34.633827193498128 ], [ -58.349285234268237, -34.633854585969132 ], [ -58.349268284774837, -34.633885445051639 ], [ -58.349252800780519, -34.633914207006903 ], [ -58.349232921644628, -34.633950547369381 ], [ -58.349213772546896, -34.633988528550063 ], [ -58.349192425200535, -34.634026420586125 ], [ -58.34917162826364, -34.634065773479684 ], [ -58.349149456658772, -34.634109781393995 ], [ -58.349134799634342, -34.634141099014151 ], [ -58.34911656562624, -34.634176342340616 ], [ -58.349100442424877, -34.634209213305823 ], [ -58.349083033353125, -34.634248929463716 ], [ -58.349064710547438, -34.634289012228876 ], [ -58.349036950795259, -34.63434333919038 ], [ -58.349014230136611, -34.634397300658939 ], [ -58.34898912685572, -34.634449343846654 ], [ -58.348968145545207, -34.634502849006175 ], [ -58.348950005757445, -34.63454594430241 ], [ -58.348929299651665, -34.634601092508753 ], [ -58.348911159863903, -34.634645376214237 ], [ -58.348894210370503, -34.634688562883717 ], [ -58.348880376926736, -34.634727550284325 ], [ -58.348863335924371, -34.634774663774422 ], [ -58.348844553540339, -34.63482935400026 ], [ -58.348830262551758, -34.634867246036322 ], [ -58.348811389336603, -34.634927964110105 ], [ -58.348796638769684, -34.63497188120833 ], [ -58.348778498981922, -34.635024747312343 ], [ -58.348760358516316, -34.635069668401876 ], [ -58.348741210096435, -34.635129747977302 ], [ -58.348200941859155, -34.63669014714808 ], [ -58.348173181429132, -34.636684303160926 ], [ -58.348149359951556, -34.636757803459254 ], [ -58.348175747069305, -34.636766385857776 ], [ -58.348150828162026, -34.636839155727351 ], [ -58.34812187472626, -34.636833678904608 ], [ -58.348098330486955, -34.636902065087376 ], [ -58.348125448998552, -34.636910282550105 ], [ -58.348106942497097, -34.636966617494231 ], [ -58.348077440685401, -34.636960499387364 ], [ -58.348052887813978, -34.637035279468179 ], [ -58.348079457271801, -34.637043679677376 ], [ -58.347943771171295, -34.63743135961144 ], [ -58.347993152118889, -34.6375852076294 ], [ -58.348444643105566, -34.639040606692369 ], [ -58.348448307531136, -34.639044531841527 ], [ -58.348703096952434, -34.639599299998594 ], [ -58.349350098532298, -34.640415473060621 ], [ -58.349458573256548, -34.64047381821598 ], [ -58.351267285861368, -34.641435165524214 ], [ -58.35189816423987, -34.642145698865775 ], [ -58.352211587859486, -34.642496949292735 ], [ -58.353316218982805, -34.643143112973917 ], [ -58.355684622093833, -34.643126221739436 ], [ -58.356460803825875, -34.643335218520889 ], [ -58.356779173674383, -34.643814751959567 ], [ -58.356746740864509, -34.643866338281093 ], [ -58.356834785365557, -34.643845063916956 ], [ -58.359989358242437, -34.638601612327882 ], [ -58.360645155528211, -34.637613420230927 ], [ -58.356133729102574, -34.635835806815969 ], [ -58.349731045598638, -34.633211160699318 ] ] ] ] } },
{ "type": "Feature", "properties": { "circuito": "00054", "codprov": "01", "coddepto": "004" }, "geometry": { "type": "MultiPolygon", "coordinates": [ [ [ [ -58.357208586598688, -34.627542774524173 ], [ -58.356370378058266, -34.628099826455035 ], [ -58.356363963618911, -34.628103569414868 ], [ -58.356359017390027, -34.628107404862249 ], [ -58.356354252823373, -34.628112425375953 ], [ -58.356348573167097, -34.628119638847366 ], [ -58.356346099035882, -34.628125209271957 ], [ -58.356344448485338, -34.628131144075191 ], [ -58.356343900109408, -34.628135799653094 ], [ -58.356344175314135, -34.628143469433546 ], [ -58.356346647411819, -34.628150500158483 ], [ -58.356348480302444, -34.628154974661378 ], [ -58.356351596352084, -34.628160908350303 ], [ -58.356597038980155, -34.62841409746401 ], [ -58.356533273501491, -34.628457466879965 ], [ -58.356093141827365, -34.62873978121327 ], [ -58.351067377415234, -34.631963023997741 ], [ -58.351056567156455, -34.631971150087224 ], [ -58.351042364965458, -34.631981558279044 ], [ -58.351013414241073, -34.632001370671375 ], [ -58.350986478069551, -34.632019633061581 ], [ -58.350961465619783, -34.63203835008936 ], [ -58.350932514895391, -34.632059624453497 ], [ -58.350899533031743, -34.63208272516809 ], [ -58.350875986758901, -34.632101259449392 ], [ -58.350849786048308, -34.632119246048426 ], [ -58.350815977214772, -34.632146089165694 ], [ -58.350787302372964, -34.632168276705052 ], [ -58.350765955026603, -34.632185624248571 ], [ -58.350739294059814, -34.632205255565886 ], [ -58.350717946713452, -34.632223150791681 ], [ -58.35069806689971, -34.632238855288378 ], [ -58.350681026575188, -34.632252458757755 ], [ -58.350656289330146, -34.632273094066385 ], [ -58.350626696687335, -34.63229710739904 ], [ -58.350604249877733, -34.63231564168035 ], [ -58.350580978809624, -34.63233509080834 ], [ -58.350564762065765, -34.632348237411527 ], [ -58.350543141548208, -34.632366499801734 ], [ -58.350518404303166, -34.632387316185373 ], [ -58.350486887938601, -34.63241580402093 ], [ -58.350465815796973, -34.63243406473967 ], [ -58.350438788794335, -34.632456069532559 ], [ -58.350410387123723, -34.632478896127431 ], [ -58.350390507309982, -34.632499803884308 ], [ -58.350362838388918, -34.63252820034662 ], [ -58.350345246977092, -34.632544909391783 ], [ -58.350329856525271, -34.632559700713259 ], [ -58.350307684920402, -34.632579604478821 ], [ -58.350285788520267, -34.632601152962671 ], [ -58.350259585776129, -34.632625166295334 ], [ -58.350217166288139, -34.632665705369526 ], [ -58.350194170424764, -34.632689079646674 ], [ -58.350172823078402, -34.632709896030313 ], [ -58.350158256207251, -34.632726330955762 ], [ -58.350143505640325, -34.632742126825697 ], [ -58.350126373806837, -34.632758743940464 ], [ -58.350100537776399, -34.632787049586696 ], [ -58.350077450404065, -34.632809510688617 ], [ -58.350051247659934, -34.632837722732994 ], [ -58.350032190071168, -34.632859089027519 ], [ -58.350014233979174, -34.632879174982406 ], [ -58.349991787169571, -34.632902366513079 ], [ -58.349976121513023, -34.632921357660578 ], [ -58.349955049371395, -34.632945646227256 ], [ -58.349934801488274, -34.632967649348686 ], [ -58.349915104014613, -34.632989654141568 ], [ -58.349896046425847, -34.633014032967182 ], [ -58.349890641974305, -34.633020059143654 ], [ -58.349890000055879, -34.633020789572406 ], [ -58.349889360848827, -34.633021520001158 ], [ -58.349888718930401, -34.633022249872752 ], [ -58.349888077011975, -34.633023071674742 ], [ -58.349887435093549, -34.633023802103487 ], [ -58.349886886039769, -34.633024534203699 ], [ -58.349886244121343, -34.6330252640753 ], [ -58.349885602202917, -34.633025994504045 ], [ -58.349884962995873, -34.633026816306035 ], [ -58.34988432107744, -34.63302754617763 ], [ -58.349883679159014, -34.633028276606382 ], [ -58.349883130105241, -34.633029007035127 ], [ -58.349882488186815, -34.633029828279966 ], [ -58.349881846268389, -34.633030558708711 ], [ -58.349881204349963, -34.633031289137463 ], [ -58.349880565142911, -34.633032021237675 ], [ -58.349879923224485, -34.633032840811047 ], [ -58.349879281306059, -34.6330335712398 ], [ -58.349878639387633, -34.633034303340011 ], [ -58.34987809033386, -34.633035033768756 ], [ -58.349877448415434, -34.633035855013595 ], [ -58.349876809208382, -34.633036585442341 ], [ -58.349876167289956, -34.633037315871093 ], [ -58.34987552537153, -34.633038045742687 ], [ -58.349874883453104, -34.633038867544677 ], [ -58.349874241534678, -34.633039597973422 ], [ -58.349873692480898, -34.633040327845023 ], [ -58.349873050562472, -34.633041058273768 ], [ -58.34987241135542, -34.633041881747218 ], [ -58.349871769436994, -34.63304261217597 ], [ -58.349871127518568, -34.633043342047564 ], [ -58.349870487633673, -34.633044072476316 ], [ -58.349869845715247, -34.633044894278306 ], [ -58.349869294627943, -34.633045624149901 ], [ -58.349868654743048, -34.633046354578653 ], [ -58.349868012824622, -34.633047085007398 ], [ -58.349867370906196, -34.63304790625223 ], [ -58.34986672898777, -34.633048636680982 ], [ -58.349866089780718, -34.633049367109734 ], [ -58.349865447862292, -34.633050099209946 ], [ -58.349864896774982, -34.633050920454778 ], [ -58.349864256890093, -34.63305165088353 ], [ -58.349863614971667, -34.633052381312275 ], [ -58.349862973053234, -34.633053111183877 ], [ -58.349862331134808, -34.633053841612622 ], [ -58.349861691927764, -34.633054663414612 ], [ -58.349861050009338, -34.633055393286206 ], [ -58.349860498922027, -34.633056123714958 ], [ -58.349859859037132, -34.63305685414371 ], [ -58.349859217118706, -34.63305767761716 ], [ -58.34985857520028, -34.633058407488754 ], [ -58.349857935993228, -34.633059137917499 ], [ -58.349857294074802, -34.633059868346251 ], [ -58.349856652156376, -34.633060689591083 ], [ -58.349856103102603, -34.633061420019835 ], [ -58.349855461184177, -34.633062150448588 ], [ -58.349854819265751, -34.633062880877333 ], [ -58.349854177347325, -34.633063702122172 ], [ -58.349853538140273, -34.633064432550917 ], [ -58.349852896221847, -34.633065162979669 ], [ -58.349852254303421, -34.633065895079881 ], [ -58.349851612384995, -34.633066716324713 ], [ -58.349851063331215, -34.633067446753465 ], [ -58.349850421412789, -34.633068177182217 ], [ -58.349849781527894, -34.633068907053811 ], [ -58.349849139609468, -34.633069728855794 ], [ -58.349848497691042, -34.633070459284546 ], [ -58.349847855772616, -34.633071189156141 ], [ -58.349847307396686, -34.633071919584893 ], [ -58.34984666547826, -34.633072741386883 ], [ -58.349846023559834, -34.633073473487094 ], [ -58.349845383674939, -34.633074203358689 ], [ -58.349844741756513, -34.633074933787441 ], [ -58.349844099838087, -34.633075755589424 ], [ -58.349843460631035, -34.633076485461025 ], [ -58.349842909543732, -34.63307721588977 ], [ -58.349842267625306, -34.633077946318522 ], [ -58.34984162570688, -34.633078676190117 ], [ -58.349840985821984, -34.633079497992107 ], [ -58.349840343903558, -34.633080228420852 ], [ -58.349839701985132, -34.633080960521063 ], [ -58.349839062778081, -34.633081690392665 ], [ -58.34983851169077, -34.633082512194648 ], [ -58.349837869772344, -34.6330832426234 ], [ -58.349837229887449, -34.633083972494994 ], [ -58.349836587969023, -34.633084702923746 ], [ -58.349835946050597, -34.633085524725736 ], [ -58.349835304132171, -34.63308625459733 ], [ -58.349834664925119, -34.633086985026083 ], [ -58.349834113837815, -34.633087715454828 ], [ -58.349833471919389, -34.63308853669966 ], [ -58.349832832034494, -34.633089267128412 ], [ -58.349832190116068, -34.633089999228623 ], [ -58.349831548197642, -34.633090729657376 ], [ -58.34983090899059, -34.633091550902208 ], [ -58.349830267072164, -34.63309228133096 ], [ -58.349829625153738, -34.633093011759705 ], [ -58.349829074066427, -34.633093742188457 ], [ -58.349828434181539, -34.633094563433289 ], [ -58.349827792263113, -34.633095293862041 ], [ -58.34982715034468, -34.633096024290793 ], [ -58.349826510459792, -34.633096754162388 ], [ -58.349825868541366, -34.633097575964378 ], [ -58.349825318131899, -34.633098306393123 ], [ -58.349824678247003, -34.633099038493334 ], [ -58.349824036328577, -34.633099768364929 ], [ -58.349823394410151, -34.633100590166919 ], [ -58.349822752491725, -34.633101320595671 ], [ -58.34982211260683, -34.633102050467265 ], [ -58.349821470688404, -34.633102780896017 ], [ -58.349820828769978, -34.633103602698 ], [ -58.349820280394049, -34.633104332569602 ], [ -58.349819638475623, -34.633105062998347 ], [ -58.349818996557197, -34.633105793427099 ], [ -58.349818356672301, -34.63310652552731 ], [ -58.349817714753875, -34.633107346772142 ], [ -58.349817072835449, -34.633108077200895 ], [ -58.349816430917024, -34.633108807629647 ], [ -58.349815882541087, -34.633109537501241 ], [ -58.349815240622661, -34.633110359303224 ], [ -58.349814598704235, -34.633111089731976 ], [ -58.34981395881934, -34.63311181960357 ], [ -58.349813316900914, -34.633112550032322 ], [ -58.349812674982488, -34.633113371834312 ], [ -58.349812035775443, -34.633114103934524 ], [ -58.349811484688132, -34.633114833806118 ], [ -58.349810842769706, -34.63311556423487 ], [ -58.34981020085128, -34.633116386036853 ], [ -58.349809560966385, -34.633117115908455 ], [ -58.349808919047959, -34.6331178463372 ], [ -58.349808277129533, -34.633118576765952 ], [ -58.349807637244638, -34.633119398010784 ], [ -58.349807086835177, -34.633120128439536 ], [ -58.349806444916752, -34.633120858868281 ], [ -58.349805805031856, -34.633121589297033 ], [ -58.34980516311343, -34.633122412213332 ], [ -58.349804521195004, -34.633123142642077 ], [ -58.349803879276578, -34.633123873070829 ], [ -58.349803239391683, -34.633124603499581 ], [ -58.349802688982216, -34.633125424744414 ], [ -58.34980204706379, -34.633126155173166 ], [ -58.349801407178894, -34.633126885601911 ], [ -58.349800765260468, -34.633127615473512 ], [ -58.349800123342042, -34.633128437275495 ], [ -58.349799483457147, -34.633129167704247 ], [ -58.349798841538721, -34.633129899804459 ], [ -58.349798291129261, -34.633130629676053 ], [ -58.349797651244366, -34.633131451478043 ], [ -58.34979700932594, -34.633132181906795 ], [ -58.349796367407514, -34.633132911778389 ], [ -58.349795725489088, -34.633133642207135 ], [ -58.349795085604192, -34.633134372635887 ], [ -58.349794443685767, -34.633135193880719 ], [ -58.349793801767341, -34.633135924309471 ], [ -58.349793253391411, -34.633136654738223 ], [ -58.349792611472985, -34.633137386838435 ], [ -58.349791969554552, -34.633138208083267 ], [ -58.349791327636126, -34.633138938512019 ], [ -58.349790687751238, -34.633139668940764 ], [ -58.349790045832812, -34.633140398812358 ], [ -58.349789495423344, -34.633141220614348 ], [ -58.349788855538449, -34.6331419510431 ], [ -58.349788213620023, -34.633142680914695 ], [ -58.349787571701597, -34.633143411343447 ], [ -58.349786931816702, -34.63314423314543 ], [ -58.349786289898276, -34.633144965245641 ], [ -58.34978564797985, -34.633145695117243 ], [ -58.349785006061424, -34.633146425545988 ], [ -58.349784457685494, -34.633147247347978 ], [ -58.349783815767069, -34.633147977219572 ], [ -58.349783173848643, -34.633148707648324 ], [ -58.349782533963747, -34.633149438077076 ], [ -58.349781892045321, -34.633150259321908 ], [ -58.349781250126895, -34.633150989750661 ], [ -58.349780701750959, -34.633151720179406 ], [ -58.349780059832533, -34.633152450608158 ], [ -58.349779417914107, -34.63315327185299 ], [ -58.349778778029219, -34.633154002281742 ], [ -58.349778136110785, -34.633154732710487 ], [ -58.349777494192359, -34.633155464810699 ], [ -58.349776852273934, -34.633156286055538 ], [ -58.349776212389045, -34.633157016484283 ], [ -58.349775661979578, -34.633157746913035 ], [ -58.349775020061152, -34.633158476784629 ], [ -58.349774380176257, -34.633159298586619 ], [ -58.349773738257831, -34.633160029015372 ], [ -58.349773096339405, -34.633160758886966 ], [ -58.349772454420979, -34.633161489315718 ], [ -58.349771814536084, -34.633162219744463 ], [ -58.349771264126623, -34.633163043217913 ], [ -58.349770622208197, -34.633163773089507 ], [ -58.349769982323302, -34.633164503518259 ], [ -58.349769340404876, -34.633165233947011 ], [ -58.34976869848645, -34.633166055191843 ], [ -58.349768058601555, -34.633166785620595 ], [ -58.349767416683129, -34.63316751604934 ], [ -58.349766868307192, -34.633168246478093 ], [ -58.349766226388766, -34.633169067722925 ], [ -58.34976558447034, -34.633169798151677 ], [ -58.349764942551914, -34.633170530251888 ], [ -58.349764300633488, -34.633171260680641 ], [ -58.349763660748593, -34.633172081925473 ], [ -58.349763018830167, -34.633172812354225 ], [ -58.349762470454237, -34.63317354278297 ], [ -58.349761828535812, -34.633174272654564 ], [ -58.349761186617386, -34.633175094456554 ], [ -58.34976054469896, -34.633175824885306 ], [ -58.349759904814064, -34.633176554756901 ], [ -58.349759262895638, -34.633177285185653 ], [ -58.349758620977212, -34.633178108659102 ], [ -58.349758072601283, -34.633178839087847 ], [ -58.349757430682857, -34.633179568959449 ], [ -58.349756788764424, -34.633180299388194 ], [ -58.349756146845998, -34.633181121190184 ], [ -58.34975550696111, -34.633181851061778 ], [ -58.349754865042684, -34.63318258149053 ], [ -58.349754223124251, -34.633183311919282 ], [ -58.349753674748321, -34.633184133164114 ], [ -58.349753032829895, -34.633184863592859 ], [ -58.349752390911469, -34.633185594021612 ], [ -58.349751748993043, -34.633186326121823 ], [ -58.349751109108148, -34.633187147366655 ], [ -58.349750467189722, -34.633187877795407 ], [ -58.349749825271296, -34.63318860822416 ], [ -58.349749276895366, -34.633189338095754 ], [ -58.34974863497694, -34.633190068524506 ], [ -58.349747993058514, -34.633190890326489 ], [ -58.349747353173619, -34.63319162019809 ], [ -58.349746711255193, -34.633192350626835 ], [ -58.349746069336767, -34.633193081055587 ], [ -58.349745427418341, -34.633193904529037 ], [ -58.349744878364561, -34.633194634400631 ], [ -58.349744236446135, -34.633195364829383 ], [ -58.34974359723909, -34.633196095258128 ], [ -58.349742955320657, -34.633196916502968 ], [ -58.349742313402231, -34.633197646931713 ], [ -58.349741671483805, -34.633198377360465 ], [ -58.349741031598917, -34.633199107789217 ], [ -58.349740480511606, -34.633199929034049 ], [ -58.349739841304554, -34.633200659462801 ], [ -58.349739199386129, -34.633201389891546 ], [ -58.349738557467703, -34.633202121991758 ], [ -58.349737915549277, -34.633202943236597 ], [ -58.349737273630851, -34.633203673665342 ], [ -58.349736633745955, -34.633204404094094 ], [ -58.349735991827529, -34.633205133965689 ], [ -58.3497354434516, -34.633205955767679 ], [ -58.349734801533174, -34.633206686196424 ], [ -58.349734159614748, -34.633207416068025 ], [ -58.349733517696322, -34.63320814649677 ], [ -58.349732875777896, -34.63320896829876 ], [ -58.349732235893001, -34.633209698170354 ], [ -58.34973168480569, -34.633210428599106 ], [ -58.349731045598638, -34.633211160699318 ], [ -58.356133729102574, -34.635835806815969 ], [ -58.360645155528211, -34.637613420230927 ], [ -58.360667051928345, -34.637622094002687 ], [ -58.361625095861264, -34.63802538873167 ], [ -58.365616226728015, -34.63839818597102 ], [ -58.365780130803365, -34.637459845775524 ], [ -58.366170785953869, -34.633282378895309 ], [ -58.364925248652114, -34.632087471562073 ], [ -58.364089330547131, -34.631396111557336 ], [ -58.36371864536364, -34.631075357505694 ], [ -58.363561705459269, -34.630948717540804 ], [ -58.363416032680647, -34.630897769717635 ], [ -58.363437655909586, -34.628928874229153 ], [ -58.361913691404723, -34.628922847495524 ], [ -58.358829206936903, -34.628856925604417 ], [ -58.358450001252223, -34.628844964067547 ], [ -58.357975330706395, -34.628325988590689 ], [ -58.357585499136555, -34.627905804298685 ], [ -58.357328419957653, -34.627628692668402 ], [ -58.357235337718755, -34.627526066036168 ], [ -58.357106797451465, -34.627384270371159 ], [ -58.356978809627165, -34.627244208011902 ], [ -58.3566940615272, -34.626931032367473 ], [ -58.356057870206122, -34.626268342944755 ], [ -58.355758280030273, -34.625955167300333 ], [ -58.355380176520207, -34.625572053242394 ], [ -58.355329236531034, -34.625520464692258 ], [ -58.354582095676648, -34.624754417651403 ], [ -58.353450346041726, -34.623580878841317 ], [ -58.353428174436857, -34.623557502892709 ], [ -58.352363579501436, -34.622432994182091 ], [ -58.351815523512521, -34.621854121319132 ], [ -58.351700912265024, -34.621732503539398 ], [ -58.351567791126847, -34.621656537277957 ], [ -58.351471592838308, -34.621544049579022 ], [ -58.351226150210231, -34.621283648665369 ], [ -58.351034577213824, -34.621766012445811 ], [ -58.350715198733198, -34.622480746727696 ], [ -58.350416526358345, -34.623098971927064 ], [ -58.350354960484005, -34.623220224213846 ], [ -58.349447853828885, -34.623133484267626 ], [ -58.349269017524378, -34.623373981415718 ], [ -58.349105846876419, -34.623287789151775 ], [ -58.348702179829274, -34.623074409240672 ], [ -58.348262050188687, -34.623208627612776 ], [ -58.348201399403969, -34.62329171652955 ], [ -58.348106850988138, -34.623421460398767 ], [ -58.348106758123485, -34.623421460398767 ], [ -58.348104834401738, -34.623425476921156 ], [ -58.348088253655561, -34.623427667650255 ], [ -58.347921417904189, -34.623440815924901 ], [ -58.347862599332259, -34.623445745622526 ], [ -58.347732592210193, -34.623210453406074 ], [ -58.347714360913464, -34.623215384775158 ], [ -58.347374918923329, -34.623306688926036 ], [ -58.34707276378515, -34.623293633138928 ], [ -58.346933689819501, -34.623214927908961 ], [ -58.346800018271857, -34.623139417956558 ], [ -58.346610095825994, -34.623030492142441 ], [ -58.346699788844056, -34.622999448084848 ], [ -58.346762822928866, -34.622899744281916 ], [ -58.346735062498837, -34.622881025582672 ], [ -58.346667724103568, -34.6228356481841 ], [ -58.346649126093148, -34.622900383337431 ], [ -58.346613943269489, -34.622952061032194 ], [ -58.346483205431404, -34.622981552859052 ], [ -58.346368227470215, -34.622983105089787 ], [ -58.346354116110341, -34.622983287279112 ], [ -58.346363920448375, -34.622984017707864 ], [ -58.346003406316612, -34.623143253403939 ], [ -58.346010735845589, -34.623288428207289 ], [ -58.345905282272795, -34.623346953880514 ], [ -58.345814583333983, -34.623227983696069 ], [ -58.345282284510589, -34.623413425125364 ], [ -58.344684572369353, -34.623468298097684 ], [ -58.34417005000924, -34.623320019947165 ], [ -58.343403394021273, -34.622723708167442 ], [ -58.342927350841009, -34.622634412556337 ], [ -58.34235822338831, -34.622604555236521 ], [ -58.34161841274075, -34.622774746806691 ], [ -58.341426930575459, -34.622710924828588 ], [ -58.341013004356839, -34.6225237506507 ], [ -58.340226560741947, -34.622485493121687 ], [ -58.339610890475186, -34.622672667856733 ], [ -58.339548773513535, -34.622732199749883 ], [ -58.339585053766903, -34.62301706974808 ], [ -58.339688491431147, -34.623310524373416 ], [ -58.340216207350132, -34.623518973472592 ], [ -58.340469804443543, -34.623574213052173 ], [ -58.340961330940274, -34.623242501454982 ], [ -58.341287215369221, -34.62302136206165 ], [ -58.341375166327779, -34.622885317896241 ], [ -58.341608060026786, -34.622957540083547 ], [ -58.341959869283748, -34.623306323433084 ], [ -58.342218596301819, -34.623672000245719 ], [ -58.342166834765514, -34.624237632903643 ], [ -58.34203233895937, -34.624684204003877 ], [ -58.341639116135156, -34.625173233016305 ], [ -58.3415099380165, -34.625323703567382 ], [ -58.341570495258722, -34.625699058700242 ], [ -58.341520748275279, -34.625782693070676 ], [ -58.341432061855805, -34.625935628470565 ], [ -58.341371410393243, -34.626040629135524 ], [ -58.341332473668587, -34.626115315614477 ], [ -58.341250201688467, -34.626254098748404 ], [ -58.341232885481368, -34.626282586583955 ], [ -58.341142642053839, -34.626369143783691 ], [ -58.341113050088872, -34.626397629947782 ], [ -58.341072096099971, -34.626532305186082 ], [ -58.341088495183911, -34.626623153027921 ], [ -58.340982037046054, -34.626677023123243 ], [ -58.340969027860794, -34.626626714912746 ], [ -58.340986159694282, -34.626525548580851 ], [ -58.341006589917484, -34.626471677928379 ], [ -58.34100979679824, -34.626419817487147 ], [ -58.340995778980862, -34.626381377768809 ], [ -58.340995597318624, -34.626355630573244 ], [ -58.340981395127628, -34.626333807969679 ], [ -58.340983136509294, -34.626292994775774 ], [ -58.340990281664666, -34.626269711871863 ], [ -58.340981395127628, -34.626249625916977 ], [ -58.34097782356671, -34.626225977520114 ], [ -58.340964630007839, -34.626197033375526 ], [ -58.340972507912753, -34.626183704025863 ], [ -58.340990281664666, -34.626176399738362 ], [ -58.340988449451878, -34.626115224798397 ], [ -58.341023263528314, -34.626065280966536 ], [ -58.341025463132638, -34.626020815071733 ], [ -58.341013552732775, -34.626013511898542 ], [ -58.341000634378631, -34.626013145291282 ], [ -58.340986983274945, -34.626007029413032 ], [ -58.340973607375993, -34.626005203619734 ], [ -58.340955925133045, -34.625988036594073 ], [ -58.340914056054515, -34.625988403758484 ], [ -58.340921110378765, -34.625975254926679 ], [ -58.340940717021304, -34.625976076728669 ], [ -58.340951435771125, -34.625973520506619 ], [ -58.340976082185044, -34.625984659127191 ], [ -58.340982952135683, -34.625984659127191 ], [ -58.340992664964759, -34.625979545568789 ], [ -58.341004483855656, -34.625977263466453 ], [ -58.341017584549881, -34.625981827671119 ], [ -58.341026653426994, -34.625993150152475 ], [ -58.341030778108752, -34.625999451005818 ], [ -58.34103975615475, -34.626003467528207 ], [ -58.341054322348057, -34.626005110575029 ], [ -58.341064675062029, -34.62600456289276 ], [ -58.341075761203385, -34.625998355084114 ], [ -58.341084832114028, -34.625988675649587 ], [ -58.341094542909573, -34.625984111444915 ], [ -58.34110837635334, -34.625984111444915 ], [ -58.341113873669535, -34.625980093251059 ], [ -58.341115249015353, -34.625973246944064 ], [ -58.341115249015353, -34.625958455065437 ], [ -58.341117356432868, -34.625949964040153 ], [ -58.341115249015353, -34.625944849924593 ], [ -58.341110393617576, -34.625940833402204 ], [ -58.341094542909573, -34.625939097310678 ], [ -58.341079243966718, -34.62592768512755 ], [ -58.341093810160025, -34.625908966428305 ], [ -58.341106270969355, -34.625907779690522 ], [ -58.341123587176455, -34.625916363760503 ], [ -58.341131189876634, -34.625908327372798 ], [ -58.341127709146832, -34.625895819825118 ], [ -58.341108927440644, -34.625884405413373 ], [ -58.341094542909573, -34.625868520398818 ], [ -58.341093810160025, -34.625861671863198 ], [ -58.34109930747622, -34.625849710326335 ], [ -58.341088954762256, -34.625838936641564 ], [ -58.341075394489685, -34.625848523588552 ], [ -58.341057620737779, -34.625847062731047 ], [ -58.341033525411163, -34.625825240684641 ], [ -58.34103975615475, -34.625815014682139 ], [ -58.341062660509159, -34.625809901123738 ], [ -58.341074388568941, -34.625823597637819 ], [ -58.341085471998923, -34.625824693002365 ], [ -58.341097290889827, -34.625819581115422 ], [ -58.341100040225768, -34.62580195778073 ], [ -58.341084832114028, -34.625788262938116 ], [ -58.341092435492058, -34.6257752060367 ], [ -58.34110975169915, -34.62577000110506 ], [ -58.341113234462483, -34.625747813565695 ], [ -58.34113522169374, -34.625733936533756 ], [ -58.341143191107612, -34.62571768435479 ], [ -58.341124044721262, -34.625711566247922 ], [ -58.341107003718896, -34.625703257411956 ], [ -58.341065499320536, -34.625658243834877 ], [ -58.34102243994765, -34.62565331413726 ], [ -58.340985151062164, -34.625635417239998 ], [ -58.340966002642276, -34.625631126597895 ], [ -58.340953177152791, -34.625636331529535 ], [ -58.340944106242141, -34.625649021823691 ], [ -58.340927065239775, -34.625653405510498 ], [ -58.340904711972669, -34.625646374785553 ], [ -58.340880798986134, -34.625625830293018 ], [ -58.340878141836995, -34.625607022449152 ], [ -58.34086430907108, -34.625590861086259 ], [ -58.340852032635361, -34.625585567009999 ], [ -58.340836091096236, -34.625592595506319 ], [ -58.340827020185586, -34.625601819188972 ], [ -58.340834991632995, -34.625631126597895 ], [ -58.340853132098601, -34.625639800369655 ], [ -58.340867513918298, -34.625660801171229 ], [ -58.340866965542368, -34.625674404640613 ], [ -58.340849376164073, -34.625684905877129 ], [ -58.340845709027128, -34.625664726877538 ], [ -58.340830227066341, -34.625652127399469 ], [ -58.340819599147643, -34.625658608770671 ], [ -58.340811445360153, -34.625687096606221 ], [ -58.34083114215597, -34.625700154064788 ], [ -58.340833525456063, -34.625712296676667 ], [ -58.34084250350206, -34.625724167397451 ], [ -58.340856061741093, -34.625734027906994 ], [ -58.340857254068986, -34.625739048420698 ], [ -58.340847450408788, -34.625748910601708 ], [ -58.340840671289271, -34.625760961840349 ], [ -58.340828670058293, -34.625764523725167 ], [ -58.340824363714297, -34.625774110672154 ], [ -58.340826011553467, -34.625806067347824 ], [ -58.340809521638405, -34.625819213951011 ], [ -58.340795319447416, -34.625821315535482 ], [ -58.340789273755284, -34.625668836444632 ], [ -58.340754641341093, -34.62553890815748 ], [ -58.340655053153874, -34.625364608134525 ], [ -58.340520835263831, -34.625222263672931 ], [ -58.340325413468243, -34.62511945540853 ], [ -58.340065495477972, -34.625035545246924 ], [ -58.339969663225283, -34.625032989582031 ], [ -58.339824175498123, -34.625035545246924 ], [ -58.339728343245433, -34.625043215027375 ], [ -58.339542634278914, -34.625094071477299 ], [ -58.339353995669903, -34.625172868080504 ], [ -58.33927199686098, -34.625235594694061 ], [ -58.339207041765803, -34.625289008480344 ], [ -58.339125225296968, -34.625397842921217 ], [ -58.33907053140679, -34.625466779014879 ], [ -58.339064667376903, -34.625375016326345 ], [ -58.339093893306021, -34.625304802678819 ], [ -58.339092151924355, -34.625229932896232 ], [ -58.339125500501694, -34.625207380421067 ], [ -58.339178364212614, -34.625194507380442 ], [ -58.339223440171899, -34.625110688592073 ], [ -58.339281708334369, -34.624914110213673 ], [ -58.339239381711025, -34.624662748564724 ], [ -58.339248725792871, -34.624612531170314 ], [ -58.339233060136323, -34.624539029200527 ], [ -58.339280151326314, -34.624464251348329 ], [ -58.339312766476269, -34.624426998367781 ], [ -58.339345199963986, -34.624240462688249 ], [ -58.339351612369811, -34.624117840917208 ], [ -58.339319180915624, -34.623971297186749 ], [ -58.339286748105749, -34.623808683466635 ], [ -58.339208964809707, -34.623739382437179 ], [ -58.339205757928951, -34.623632739282556 ], [ -58.339140892987047, -34.623486194994939 ], [ -58.339108459499329, -34.623339649593014 ], [ -58.339056604420527, -34.623169001156654 ], [ -58.339014460137271, -34.623105087805314 ], [ -58.338925409715479, -34.623023279228185 ], [ -58.338852298121438, -34.622907870371407 ], [ -58.338706350138082, -34.622819943687404 ], [ -58.338607497411786, -34.622751281713462 ], [ -58.338472544060828, -34.622644912121395 ], [ -58.338348400968648, -34.622600537042665 ], [ -58.338198057165869, -34.622567030364877 ], [ -58.338067868381557, -34.622502934267061 ], [ -58.337986880916141, -34.622330002056906 ], [ -58.337841208137519, -34.622236779068025 ], [ -58.337636168411031, -34.622205736681892 ], [ -58.337452658370992, -34.622188021973955 ], [ -58.337101946543733, -34.622174692624291 ], [ -58.336794386954004, -34.622161452976407 ], [ -58.336519167309504, -34.622148121955277 ], [ -58.33637340369976, -34.622161452976407 ], [ -58.336044314423596, -34.62221020951332 ], [ -58.33548847136089, -34.622312197647197 ], [ -58.335310367805924, -34.62235218959627 ], [ -58.335116138338222, -34.622254584592042 ], [ -58.334830108434936, -34.622165836663214 ], [ -58.334490208899993, -34.622170309494642 ], [ -58.334128686136104, -34.6222235410916 ], [ -58.333777882799879, -34.62233885801799 ], [ -58.33352428435078, -34.622480746727696 ], [ -58.333303029913971, -34.622618251193444 ], [ -58.333216724761058, -34.622662624600707 ], [ -58.33309799018749, -34.62280451275327 ], [ -58.333027810269471, -34.623004105891368 ], [ -58.333022404462234, -34.623194840282615 ], [ -58.333033216754551, -34.62333234697698 ], [ -58.332973847773154, -34.623483180792391 ], [ -58.33292529040623, -34.623514224849991 ], [ -58.332871327909913, -34.623611829297062 ], [ -58.332774213853902, -34.623744861488532 ], [ -58.332720251357586, -34.623904554050803 ], [ -58.332671693990662, -34.624148428665769 ], [ -58.33253142769712, -34.624583130716687 ], [ -58.33253142769712, -34.6246629313112 ], [ -58.332472058715723, -34.6247738667794 ], [ -58.332396475024005, -34.624822623316312 ], [ -58.332252634458165, -34.625011349724943 ], [ -58.332128951622181, -34.625180080994767 ], [ -58.33204731952695, -34.62534881226459 ], [ -58.332044847429273, -34.625405695448144 ], [ -58.332015161921809, -34.625452534818528 ], [ -58.332010308557571, -34.625564292088711 ], [ -58.331950938898331, -34.625702527540362 ], [ -58.331926201653289, -34.625954710434144 ], [ -58.332005359617305, -34.62612946843759 ], [ -58.332025057090966, -34.626243325620784 ], [ -58.332091847110306, -34.626367409920789 ], [ -58.332215529946289, -34.626491400618931 ], [ -58.332341687591338, -34.626566635337319 ], [ -58.33245795006723, -34.626576769966583 ], [ -58.332697897412636, -34.626615391874239 ], [ -58.332913105479477, -34.626625617876734 ], [ -58.333165786805417, -34.626560063150031 ], [ -58.333457220482401, -34.626511760693539 ], [ -58.333627903677261, -34.626471038872872 ], [ -58.333712009903699, -34.626464922994622 ], [ -58.333806009265757, -34.626434426619298 ], [ -58.333934732550979, -34.626416348647027 ], [ -58.334005551676043, -34.626413425817717 ], [ -58.334117691503714, -34.626397904067495 ], [ -58.334224975933601, -34.626370056958919 ], [ -58.334364966344573, -34.626361291813922 ], [ -58.334565335046896, -34.626359283274148 ], [ -58.334891858682894, -34.626422282335952 ], [ -58.334980911816061, -34.626420274353336 ], [ -58.335235699203828, -34.626442644082019 ], [ -58.335552238873085, -34.626442644082019 ], [ -58.335616552049835, -34.626430408425442 ], [ -58.335678393806752, -34.626418174440325 ], [ -58.335737763465993, -34.626416166457702 ], [ -58.335888655644702, -34.626399914278728 ], [ -58.335965340833191, -34.626391788189245 ], [ -58.336022236361224, -34.626397904067495 ], [ -58.336170656442249, -34.626458896260992 ], [ -58.336324022752173, -34.626540157713002 ], [ -58.336499654209454, -34.626570653531175 ], [ -58.336643034519106, -34.626576769966583 ], [ -58.336746929050321, -34.626558509247836 ], [ -58.336855770488263, -34.626521896994262 ], [ -58.336915138113973, -34.626483274529448 ], [ -58.336976979193047, -34.626383662099762 ], [ -58.336994295400139, -34.626304317814281 ], [ -58.336996770209197, -34.626271813456341 ], [ -58.336868137755097, -34.626202694616204 ], [ -58.336845875319113, -34.626139694440091 ], [ -58.336885453962196, -34.626058341614836 ], [ -58.33691761224518, -34.626021729361263 ], [ -58.336959665697321, -34.62599333289895 ], [ -58.336996770209197, -34.62597096261311 ], [ -58.337056137157056, -34.625954710434144 ], [ -58.337108085778354, -34.62595872918515 ], [ -58.337216926538453, -34.625972971152883 ], [ -58.337298556600146, -34.626003467528207 ], [ -58.337402451131361, -34.626054325092447 ], [ -58.33747171392622, -34.62607459379381 ], [ -58.337533557716675, -34.626101071975278 ], [ -58.337662920208942, -34.626180233514283 ], [ -58.337686924026592, -34.626239309098395 ], [ -58.337815462938195, -34.626288065635308 ], [ -58.337921831600625, -34.626310433692531 ], [ -58.337981656771142, -34.62635709087359 ], [ -58.338060723226192, -34.626401739514876 ], [ -58.337373958629634, -34.627080042618203 ], [ -58.337205931906063, -34.627299356218238 ], [ -58.337229660518986, -34.627475026839761 ], [ -58.336853663070748, -34.627472106239075 ], [ -58.336857236665196, -34.626871410772544 ], [ -58.335620310695745, -34.626865569014008 ], [ -58.33501939099591, -34.627076482404846 ], [ -58.333792540502152, -34.628089692382929 ], [ -58.333402160556375, -34.628413549781733 ], [ -58.333143064113237, -34.628472714510472 ], [ -58.333130512472792, -34.628453450357568 ], [ -58.332700551850401, -34.628553975962483 ], [ -58.332680763545625, -34.62849481123375 ], [ -58.332659142350217, -34.628483031886205 ], [ -58.332407285282784, -34.628536262926012 ], [ -58.332137380614398, -34.628534802625666 ], [ -58.332058223328225, -34.628543659143901 ], [ -58.331928676462347, -34.628601363015136 ], [ -58.331898075187411, -34.628651580409553 ], [ -58.331451897821161, -34.62901542975743 ], [ -58.330930229627839, -34.62943835468942 ], [ -58.330899628352903, -34.62943835468942 ], [ -58.330816805963316, -34.629448671508001 ], [ -58.330779059533015, -34.629470859047366 ], [ -58.330676539669774, -34.629528562918601 ], [ -58.330606362463129, -34.629632011909976 ], [ -58.330561377334966, -34.629666067941507 ], [ -58.330564950929421, -34.629747420209604 ], [ -58.330000036956065, -34.630229509870333 ], [ -58.330000036956065, -34.630908270954158 ], [ -58.330674891830604, -34.631466599324575 ], [ -58.331126197765826, -34.631833278457059 ], [ -58.331066739986845, -34.631983658192055 ], [ -58.331070771126107, -34.631994522692914 ], [ -58.331213418686211, -34.632032779664769 ], [ -58.331224046604916, -34.632026937349082 ], [ -58.331284697389627, -34.631880118384593 ], [ -58.331863536315709, -34.632035885240555 ], [ -58.331806183920712, -34.632185441502095 ], [ -58.331812321121802, -34.632194206647092 ], [ -58.333065923413464, -34.63253249098873 ], [ -58.333130148470474, -34.632366956110772 ], [ -58.33369808359528, -34.63252208279691 ], [ -58.33365117474537, -34.63268926239315 ], [ -58.333791991448379, -34.632725326407297 ], [ -58.333864004257023, -34.632568374485018 ], [ -58.33402982934274, -34.632609552614717 ], [ -58.334101841473547, -34.632573577745198 ], [ -58.334148841154573, -34.632452599020979 ], [ -58.334275915922781, -34.632477524971712 ], [ -58.334324747816595, -34.632461731330388 ], [ -58.334383015979057, -34.632410690462521 ], [ -58.334435694638522, -34.632267615572182 ], [ -58.33467463402966, -34.631631951456058 ], [ -58.335206656970477, -34.631773474672812 ], [ -58.33549149454587, -34.631531699413699 ], [ -58.335604184783001, -34.631616522750534 ], [ -58.335726219779822, -34.631508507883026 ], [ -58.335626081183136, -34.631421037508069 ], [ -58.336026631502804, -34.631094350324652 ], [ -58.336139322417772, -34.631176615210819 ], [ -58.336264562261817, -34.631073714458871 ], [ -58.33615810412396, -34.630983688419015 ], [ -58.336564976696174, -34.630646682188406 ], [ -58.336674550883664, -34.630734152006212 ], [ -58.336749677030575, -34.630703290695095 ], [ -58.336777803496453, -34.630649329226536 ], [ -58.336777803496453, -34.630613264655238 ], [ -58.33669956333344, -34.6305437808793 ], [ -58.33689360842753, -34.630394590110711 ], [ -58.337100207195597, -34.630206774648691 ], [ -58.337209687840591, -34.630299449955295 ], [ -58.337309917946236, -34.630240283555104 ], [ -58.337347482036456, -34.630199107096857 ], [ -58.337228470224623, -34.630101317674701 ], [ -58.337422515318714, -34.629949569012595 ], [ -58.337723022617723, -34.629975318436777 ], [ -58.337710470977278, -34.630091092229357 ], [ -58.337885733687337, -34.630101317674701 ], [ -58.337910836968227, -34.630003621854392 ], [ -58.338317708862597, -34.630044709168011 ], [ -58.338305157222152, -34.630145053697909 ], [ -58.338477308627475, -34.630204218983799 ], [ -58.338496088300133, -34.630070458592193 ], [ -58.339297285193332, -34.630157926738541 ], [ -58.339391191012894, -34.630240283555104 ], [ -58.338837180840819, -34.630687860318112 ], [ -58.338715145843999, -34.630592720162696 ], [ -58.338586789272476, -34.630700735030203 ], [ -58.338699480187444, -34.630798522223742 ], [ -58.33833016967192, -34.631102019547946 ], [ -58.338211251402583, -34.631006879949688 ], [ -58.338082894831061, -34.631109780701635 ], [ -58.338195583034654, -34.631207567895181 ], [ -58.337807493524323, -34.63152649448206 ], [ -58.337694802609349, -34.631439026335713 ], [ -58.337575883662169, -34.631541925416201 ], [ -58.337676113767813, -34.631634600165647 ], [ -58.337309917946236, -34.631943301307189 ], [ -58.337184678102197, -34.63184295844875 ], [ -58.337065757121479, -34.631953526752532 ], [ -58.337172217292867, -34.632048758281179 ], [ -58.336784033562196, -34.632362572981123 ], [ -58.336677666933305, -34.632280307537798 ], [ -58.336630758083388, -34.632300850358874 ], [ -58.336543080296039, -34.632378003358106 ], [ -58.336646332908821, -34.632475790551652 ], [ -58.336367814874606, -34.632709896030313 ], [ -58.336364700858496, -34.632761301833973 ], [ -58.336527414639484, -34.632895062225586 ], [ -58.336834147937168, -34.632977420713608 ], [ -58.336799699896588, -34.633077763572047 ], [ -58.336959389814744, -34.633136928300779 ], [ -58.337009412680764, -34.633026268623759 ], [ -58.337363056861889, -34.633118941701753 ], [ -58.337322378755566, -34.633226954897793 ], [ -58.337334930396011, -34.633260373545269 ], [ -58.337481975809069, -34.633296438116574 ], [ -58.337535205555845, -34.633170345833953 ], [ -58.337838824837426, -34.633244943168286 ], [ -58.338183124936705, -34.632961989779467 ], [ -58.338275016203404, -34.633018233350356 ], [ -58.338317708862597, -34.633044346038879 ], [ -58.338411526562417, -34.632967101666409 ], [ -58.338414734121017, -34.632938798248794 ], [ -58.338320825590074, -34.632853974911967 ], [ -58.338693249443864, -34.632552944108035 ], [ -58.338805940358831, -34.632642970147892 ], [ -58.338934203387858, -34.632537513173894 ], [ -58.338821606015387, -34.632442373575635 ], [ -58.339209698237099, -34.632123353944053 ], [ -58.339337961266125, -34.632221141137599 ], [ -58.339425639053481, -34.632151659033127 ], [ -58.339447535453616, -34.632100164084846 ], [ -58.339341077315758, -34.632010135816373 ], [ -58.339604018491016, -34.631801779761886 ], [ -58.340045340459497, -34.632164533745218 ], [ -58.340273466880475, -34.631986672394603 ], [ -58.341514424667039, -34.630966705811296 ], [ -58.341771137132241, -34.631182733317686 ], [ -58.340310113847544, -34.632383573782697 ], [ -58.340414099887717, -34.632464013432724 ], [ -58.341441039901802, -34.631629942916284 ], [ -58.342125696403002, -34.631057188160185 ], [ -58.342345762578987, -34.631233041528191 ], [ -58.342877510315077, -34.631660074355807 ], [ -58.343800555120104, -34.632423839294326 ], [ -58.343868078566828, -34.632476429607159 ], [ -58.34387861362088, -34.63254591338309 ], [ -58.343529642497437, -34.632580699843373 ], [ -58.343540271093985, -34.632758835313702 ], [ -58.343889150708456, -34.632732813998423 ], [ -58.343891441143903, -34.632812796782261 ], [ -58.343894555160006, -34.632880089829101 ], [ -58.343872933964597, -34.632944824982424 ], [ -58.343851219904543, -34.63301594957656 ], [ -58.343815214855908, -34.633097851755551 ], [ -58.343799273994627, -34.633136928300779 ], [ -58.343783332455502, -34.633164503518259 ], [ -58.34370600738211, -34.633179751705924 ], [ -58.343583972385296, -34.633207690187739 ], [ -58.343570505655222, -34.633596556859587 ], [ -58.343532759224921, -34.63368019290148 ], [ -58.343378199909267, -34.633708131383294 ], [ -58.343057630456435, -34.633745292990604 ], [ -58.342976365074904, -34.633953103034273 ], [ -58.343351996487286, -34.633915210998211 ], [ -58.343401652639606, -34.634098734146662 ], [ -58.343355570759584, -34.63415406509948 ], [ -58.343235092770819, -34.634232677284743 ], [ -58.343178381616404, -34.634596801866643 ], [ -58.343086215144972, -34.63479776393185 ], [ -58.343018966902974, -34.634989959180601 ], [ -58.342930374025997, -34.635010412299906 ], [ -58.342827578280179, -34.634701619785126 ], [ -58.342749611288362, -34.634722071232972 ], [ -58.342848832761888, -34.635024930058819 ], [ -58.342785067961067, -34.6351502010966 ], [ -58.342661018411384, -34.635220048136873 ], [ -58.342483829946048, -34.635263784160081 ], [ -58.342342097475573, -34.635301582594288 ], [ -58.342214565162557, -34.635301582594288 ], [ -58.342055152482665, -34.635327788884659 ], [ -58.341977185490848, -34.635322035713592 ], [ -58.341927529338527, -34.635336554029656 ], [ -58.341835453020373, -34.635313271125746 ], [ -58.341810624944209, -34.635252096185781 ], [ -58.34121181333974, -34.635368602078564 ], [ -58.341162157187419, -34.635490949729892 ], [ -58.342232248083349, -34.635779289125367 ], [ -58.342743198882545, -34.635926838518593 ], [ -58.342841962811249, -34.635953955755575 ], [ -58.342801926623352, -34.635962355407621 ], [ -58.342772607151744, -34.635996596414245 ], [ -58.342781312026538, -34.636049278100316 ], [ -58.342808980947602, -34.636087809191885 ], [ -58.342857537636682, -34.636127617837325 ], [ -58.342882823257661, -34.636159118203963 ], [ -58.342820523955929, -34.636346931994517 ], [ -58.342802384168166, -34.636341820107575 ], [ -58.342782502320894, -34.636404270929958 ], [ -58.342792122285317, -34.636457502526916 ], [ -58.342805225013073, -34.636461244929592 ], [ -58.342846635868945, -34.636412214272966 ], [ -58.34286651568268, -34.636357613748899 ], [ -58.342849474680314, -34.636354419028493 ], [ -58.34291278193632, -34.636207053496044 ], [ -58.342947229976907, -34.636191074879633 ], [ -58.343099957079772, -34.636198471097522 ], [ -58.343355294877007, -34.63625781857273 ], [ -58.343642606583607, -34.63634720555708 ], [ -58.343872383555137, -34.636344284399236 ], [ -58.344124056248951, -34.636345653883495 ], [ -58.344158231118335, -34.636413583757225 ], [ -58.34525589942637, -34.636184865956679 ], [ -58.346069094839173, -34.635404848839187 ], [ -58.346295572743138, -34.635178504514215 ], [ -58.346410095870894, -34.634993612438656 ], [ -58.346496217328045, -34.634798767923165 ], [ -58.346845279282597, -34.633972824053366 ], [ -58.347118024118046, -34.63332428745376 ], [ -58.347016144139701, -34.633295708244972 ], [ -58.34703236088356, -34.633255899042382 ], [ -58.346957967486198, -34.633234626349704 ], [ -58.347018435930828, -34.633077763572047 ], [ -58.347070930894525, -34.633093103132943 ], [ -58.347160808286198, -34.6330595028533 ], [ -58.347267543662319, -34.63301969420786 ], [ -58.347366214048535, -34.632989563325488 ], [ -58.347478720589891, -34.632872602795125 ], [ -58.347558704168101, -34.632802754083393 ], [ -58.347746976741263, -34.632866028379219 ], [ -58.348063240527942, -34.632954685491967 ], [ -58.348176386954194, -34.632955050427768 ], [ -58.348617526582601, -34.632511400485377 ], [ -58.349101175174418, -34.631992331963815 ], [ -58.349247212633202, -34.631870714184089 ], [ -58.349529210719382, -34.631671212419228 ], [ -58.351013505072196, -34.630721827205015 ], [ -58.352561382563586, -34.629739203304034 ], [ -58.353677739713163, -34.629019630697762 ], [ -58.35579071351799, -34.627661471146062 ], [ -58.355833408888557, -34.627633715410724 ], [ -58.356144357699115, -34.627951820195612 ], [ -58.356152420655491, -34.627960493967372 ], [ -58.356161489532603, -34.627967890185261 ], [ -58.356170833614449, -34.627973825545652 ], [ -58.356181462210991, -34.627976198464069 ], [ -58.356188698875322, -34.627978756357578 ], [ -58.356196212777917, -34.627979669532806 ], [ -58.356204182191796, -34.627980125841844 ], [ -58.35621178760335, -34.627978939104054 ], [ -58.356219483846026, -34.627978025928826 ], [ -58.356225345842383, -34.627974007734977 ], [ -58.357037810539175, -34.627430379869942 ], [ -58.357076198210059, -34.627405180356646 ], [ -58.357208586598688, -34.627542774524173 ] ] ] ] } },
{ "type": "Feature", "properties": { "circuito": "00055", "codprov": "01", "coddepto": "004" }, "geometry": { "type": "MultiPolygon", "coordinates": [ [ [ [ -58.396924837472923, -34.664349382876345 ], [ -58.397006927112962, -34.664304735349369 ], [ -58.397058049442222, -34.664228586341451 ], [ -58.39714609394327, -34.664216809222523 ], [ -58.397191811820974, -34.664187408211745 ], [ -58.397254111122706, -34.664129064727845 ], [ -58.397301844231123, -34.66407957776218 ], [ -58.39743862979487, -34.664058394771281 ], [ -58.397607664472716, -34.664015116728564 ], [ -58.397742249076451, -34.663982247434824 ], [ -58.39789799868646, -34.663806394066825 ], [ -58.397954527500794, -34.663694545423404 ], [ -58.398004458857848, -34.663708515500041 ], [ -58.398101572236015, -34.663704131813233 ], [ -58.398187966864356, -34.66367747144244 ], [ -58.398285082276054, -34.663637571423763 ], [ -58.398360575136657, -34.663602054534735 ], [ -58.398500932939164, -34.663584339826805 ], [ -58.39861966886842, -34.663579866995377 ], [ -58.398767265368789, -34.663557953018575 ], [ -58.398874458289718, -34.663563706189642 ], [ -58.399052104299869, -34.663573931634986 ], [ -58.399101485247456, -34.663547727573231 ], [ -58.399125580574072, -34.663631909625934 ], [ -58.399400066791188, -34.663628988468091 ], [ -58.399438179935181, -34.663544441479587 ], [ -58.399529338452339, -34.663531019085219 ], [ -58.39966630635616, -34.663563158507365 ], [ -58.399795853222045, -34.663574205197541 ], [ -58.399940426537427, -34.663567174472604 ], [ -58.400112575231375, -34.663574935626293 ], [ -58.40026539316537, -34.66361091105297 ], [ -58.400446888652539, -34.663640766144169 ], [ -58.40053520632479, -34.663662497374496 ], [ -58.400664204814738, -34.663685049849654 ], [ -58.40084093573526, -34.663713811804918 ], [ -58.400943455598508, -34.66375645023497 ], [ -58.400987522925668, -34.663836616322435 ], [ -58.401112030020165, -34.663891581782302 ], [ -58.401442679015759, -34.663953029170521 ], [ -58.401653489229645, -34.663978228683817 ], [ -58.401763520961943, -34.663983981297733 ], [ -58.401892061907084, -34.664015847157316 ], [ -58.402000445122368, -34.663996126138223 ], [ -58.402115516626061, -34.664071634419173 ], [ -58.402147123821734, -34.664174535171121 ], [ -58.402559402201184, -34.664243195473603 ], [ -58.40258469053353, -34.664190695976849 ], [ -58.402676397426617, -34.664165770026123 ], [ -58.402768748949505, -34.66418494336294 ], [ -58.402871635526445, -34.664162664450338 ], [ -58.403025095378858, -34.664148970164874 ], [ -58.403126881814714, -34.664149883340102 ], [ -58.403194403227907, -34.664156638273866 ], [ -58.403347403501975, -34.664156822691801 ], [ -58.403428851223588, -34.66415298668727 ], [ -58.403538152239882, -34.664131985885689 ], [ -58.403691612092295, -34.664093730585293 ], [ -58.404168663904684, -34.664013565054979 ], [ -58.404320107170697, -34.664039221434464 ], [ -58.404479979428942, -34.664026803031412 ], [ -58.404647457098733, -34.663984803099716 ], [ -58.404828674669801, -34.663879072563162 ], [ -58.405051397317081, -34.663835155464938 ], [ -58.405263948912626, -34.663769962331109 ], [ -58.405376821489831, -34.663717919700552 ], [ -58.405539167879283, -34.663637297304049 ], [ -58.405707561316547, -34.663607805477191 ], [ -58.40589372782788, -34.66356041786738 ], [ -58.40599267545236, -34.663389678057783 ], [ -58.406036010707822, -34.663314535269791 ], [ -58.406092903524474, -34.663365026226764 ], [ -58.406160060257506, -34.663323117668313 ], [ -58.406158869285306, -34.663223139745675 ], [ -58.406258730643721, -34.663148542411335 ], [ -58.406385714580807, -34.663070203788628 ], [ -58.406444714814974, -34.663070203788628 ], [ -58.406503351724666, -34.663074311684262 ], [ -58.406596067249872, -34.663086547340839 ], [ -58.406660198764385, -34.663046830068637 ], [ -58.406751359315074, -34.663033498490357 ], [ -58.406815124793738, -34.663003094045422 ], [ -58.406868263709391, -34.663013960217739 ], [ -58.406902160662668, -34.662959451066911 ], [ -58.406946686212486, -34.662972414923622 ], [ -58.406973897588735, -34.662994146153949 ], [ -58.407130653797338, -34.662913341568128 ], [ -58.407257086647114, -34.662873258802968 ], [ -58.407327266565133, -34.66288476235934 ], [ -58.407300972312036, -34.662958081582651 ], [ -58.407285030772911, -34.662994693836225 ], [ -58.407359057456581, -34.662983098906622 ], [ -58.407486954449759, -34.662970954623276 ], [ -58.40763317560431, -34.662931510913637 ], [ -58.407689428536067, -34.662880015408192 ], [ -58.407870648818516, -34.662818475532426 ], [ -58.407950997076888, -34.662795557564316 ], [ -58.408093645992679, -34.662769901184831 ], [ -58.408233727912609, -34.66268389333883 ], [ -58.408460848412844, -34.662665630948624 ], [ -58.408671567795601, -34.662637510277484 ], [ -58.408787190386597, -34.662643445637876 ], [ -58.408851779445925, -34.662652392972198 ], [ -58.408956225064443, -34.662655770439081 ], [ -58.409143764210221, -34.662638514268799 ], [ -58.409271020640659, -34.662637875213285 ], [ -58.409402493261815, -34.662667458413381 ], [ -58.409480549729061, -34.66269083101907 ], [ -58.409670383377339, -34.662682887676056 ], [ -58.409843629500998, -34.662725436961487 ], [ -58.410184812872799, -34.662745522916374 ], [ -58.410293380461702, -34.662779033494246 ], [ -58.410379408376357, -34.662811901116527 ], [ -58.410473226076178, -34.662803227344767 ], [ -58.410658293124271, -34.662834636338161 ], [ -58.410845283216268, -34.662884581284324 ], [ -58.41117125847633, -34.662982916160146 ], [ -58.411348171736932, -34.663064998856989 ], [ -58.41147469541783, -34.663078239062031 ], [ -58.411526551174475, -34.663116950671466 ], [ -58.411710611623981, -34.663111199729009 ], [ -58.411899801320295, -34.663175113080349 ], [ -58.412036311679309, -34.663216473956531 ], [ -58.412134615351832, -34.663286777305835 ], [ -58.412305207037733, -34.663324669341897 ], [ -58.412490092423589, -34.663360644211423 ], [ -58.412860501724509, -34.663397986893749 ], [ -58.412860501724509, -34.66076420902484 ], [ -58.412809104190522, -34.660299193345075 ], [ -58.412757706656535, -34.656156421551898 ], [ -58.412708508049022, -34.653087392278337 ], [ -58.411986928698191, -34.653061644525614 ], [ -58.411180878440753, -34.653006404946034 ], [ -58.409770335566876, -34.652785539115257 ], [ -58.408397725530449, -34.652544312095579 ], [ -58.408388653941955, -34.652583755805217 ], [ -58.401135667801967, -34.651418979911512 ], [ -58.398859432518059, -34.65104490511829 ], [ -58.399307808810796, -34.651625603217397 ], [ -58.399601899636913, -34.652006526546231 ], [ -58.40056177578262, -34.65326516392718 ], [ -58.400623983575386, -34.653320128272739 ], [ -58.400665577449182, -34.65335683357101 ], [ -58.400770846648363, -34.653449782440177 ], [ -58.401195126258791, -34.653805779818278 ], [ -58.401066221311339, -34.654042623708314 ], [ -58.400663013842539, -34.654734075086296 ], [ -58.400582023665741, -34.654865644748803 ], [ -58.40014555709503, -34.655951715412549 ], [ -58.400108270243074, -34.656056806893588 ], [ -58.400062919079055, -34.656184451406951 ], [ -58.399537858953522, -34.657925450896869 ], [ -58.399366900553922, -34.658492454710512 ], [ -58.398859523349181, -34.659985926327408 ], [ -58.398135012322321, -34.661683556958529 ], [ -58.397308074296866, -34.663645697513246 ], [ -58.397232214722571, -34.663728327892372 ], [ -58.396924837472923, -34.664349382876345 ] ] ] ] } },
{ "type": "Feature", "properties": { "circuito": "00058", "codprov": "01", "coddepto": "005" }, "geometry": { "type": "MultiPolygon", "coordinates": [ [ [ [ -58.408048203319701, -34.634128589795012 ], [ -58.40778837683839, -34.636653259103326 ], [ -58.407754386342624, -34.636762369335379 ], [ -58.407237940260764, -34.638069214456657 ], [ -58.407142565552888, -34.638310624222818 ], [ -58.406738440960936, -34.639058045609133 ], [ -58.406733125984815, -34.639508817649698 ], [ -58.407518104100625, -34.641966103095093 ], [ -58.409464884072513, -34.642291697142575 ], [ -58.415925471058749, -34.643376305277357 ], [ -58.419970105521315, -34.644092317670271 ], [ -58.422052844764906, -34.636148619196057 ], [ -58.422053304343251, -34.636146882547379 ], [ -58.41806125635334, -34.635791706971261 ], [ -58.415576591444271, -34.635532128416749 ], [ -58.412312903958252, -34.635168644004672 ], [ -58.408048203319701, -34.634128589795012 ] ] ] ] } },
{ "type": "Feature", "properties": { "circuito": "00059", "codprov": "01", "coddepto": "005" }, "geometry": { "type": "MultiPolygon", "coordinates": [ [ [ [ -58.408359885557651, -34.628664090185843 ], [ -58.408340921511382, -34.628808534560449 ], [ -58.408197814372933, -34.631316493709299 ], [ -58.408119207496227, -34.632958884203688 ], [ -58.408048660864516, -34.634123934217108 ], [ -58.408048203319701, -34.634128589795012 ], [ -58.412312903958252, -34.635168644004672 ], [ -58.415576591444271, -34.635532128416749 ], [ -58.41806125635334, -34.635791706971261 ], [ -58.422053304343251, -34.636146882547379 ], [ -58.422056785073053, -34.636131452170396 ], [ -58.423301041249331, -34.630721003731566 ], [ -58.423301867541376, -34.630716895835931 ], [ -58.416660059594847, -34.629755455483007 ], [ -58.412459951404841, -34.629135404490341 ], [ -58.408359885557651, -34.628664090185843 ] ] ] ] } },
{ "type": "Feature", "properties": { "circuito": "00060", "codprov": "01", "coddepto": "005" }, "geometry": { "type": "MultiPolygon", "coordinates": [ [ [ [ -58.424349419440894, -34.625729370100473 ], [ -58.420375604781242, -34.625169033747433 ], [ -58.418663274838572, -34.625044949447435 ], [ -58.412816158514772, -34.624621114125986 ], [ -58.408823652980047, -34.624286754933507 ], [ -58.408715728665257, -34.625534708888608 ], [ -58.408639503055113, -34.625534708888608 ], [ -58.40830912994209, -34.626646800867633 ], [ -58.408617513790325, -34.626708797609588 ], [ -58.408359885557651, -34.628664090185843 ], [ -58.412459951404841, -34.629135404490341 ], [ -58.416660059594847, -34.629755455483007 ], [ -58.423301867541376, -34.630716895835931 ], [ -58.424349419440894, -34.625729370100473 ] ] ] ] } },
{ "type": "Feature", "properties": { "circuito": "00061", "codprov": "01", "coddepto": "005" }, "geometry": { "type": "MultiPolygon", "coordinates": [ [ [ [ -58.420723842477294, -34.615063782655419 ], [ -58.420010419625321, -34.616208654783563 ], [ -58.419525762401378, -34.618357970073326 ], [ -58.419188150590493, -34.620414061817058 ], [ -58.419029837373841, -34.621378058392033 ], [ -58.418663274838572, -34.625044949447435 ], [ -58.420375604781242, -34.625169033747433 ], [ -58.424349419440894, -34.625729370100473 ], [ -58.425830324572871, -34.618681006227298 ], [ -58.426629319828216, -34.619018651513422 ], [ -58.426659829594186, -34.617567633908635 ], [ -58.424867058528491, -34.616830805132082 ], [ -58.420723842477294, -34.615063782655419 ] ] ] ] } },
{ "type": "Feature", "properties": { "circuito": "00062", "codprov": "01", "coddepto": "005" }, "geometry": { "type": "MultiPolygon", "coordinates": [ [ [ [ -58.409084763298203, -34.619008515212698 ], [ -58.409084396584511, -34.619013537397862 ], [ -58.409008446179094, -34.620251174534388 ], [ -58.408919578097382, -34.623025287210801 ], [ -58.408823652980047, -34.624286754933507 ], [ -58.412816158514772, -34.624621114125986 ], [ -58.418663274838572, -34.625044949447435 ], [ -58.419029837373841, -34.621378058392033 ], [ -58.419188150590493, -34.620414061817058 ], [ -58.416302020272134, -34.620263134399785 ], [ -58.413270856382205, -34.62024779539604 ], [ -58.413382445122565, -34.619269556296175 ], [ -58.410704650886871, -34.619132051830427 ], [ -58.409084763298203, -34.619008515212698 ] ] ] ] } },
{ "type": "Feature", "properties": { "circuito": "00063", "codprov": "01", "coddepto": "005" }, "geometry": { "type": "MultiPolygon", "coordinates": [ [ [ [ -58.410713262219176, -34.611559048453941 ], [ -58.410977670927053, -34.611692810517013 ], [ -58.410882847984332, -34.612865984948456 ], [ -58.410769974729277, -34.614263588209802 ], [ -58.409607166952455, -34.6163776601731 ], [ -58.40916666856463, -34.61767227130926 ], [ -58.409084763298203, -34.619008515212698 ], [ -58.410704650886871, -34.619132051830427 ], [ -58.413382445122565, -34.619269556296175 ], [ -58.413270856382205, -34.62024779539604 ], [ -58.416302020272134, -34.620263134399785 ], [ -58.419188150590493, -34.620414061817058 ], [ -58.419525762401378, -34.618357970073326 ], [ -58.420010419625321, -34.616208654783563 ], [ -58.420723842477294, -34.615063782655419 ], [ -58.420872446931938, -34.614825295718568 ], [ -58.419670151343148, -34.614645058663761 ], [ -58.41770101742631, -34.613557984008708 ], [ -58.417708346955294, -34.613467409729424 ], [ -58.417091120358322, -34.613292286790177 ], [ -58.416319609650436, -34.613219791040315 ], [ -58.415037422670238, -34.613141268556824 ], [ -58.415177049078885, -34.612023972760468 ], [ -58.41386911689937, -34.612029997822638 ], [ -58.412410659254839, -34.612029997822638 ], [ -58.412234297081547, -34.612023972760468 ], [ -58.411771353917658, -34.611981697594757 ], [ -58.411381979892624, -34.611885097138995 ], [ -58.410713262219176, -34.611559048453941 ] ] ] ] } },
{ "type": "Feature", "properties": { "circuito": "00064", "codprov": "01", "coddepto": "005" }, "geometry": { "type": "MultiPolygon", "coordinates": [ [ [ [ -58.420582476720512, -34.606284187871474 ], [ -58.418753336603864, -34.606466889217934 ], [ -58.417380448651329, -34.606606037287662 ], [ -58.417335096809467, -34.606610601492328 ], [ -58.415903666167573, -34.606755776295678 ], [ -58.414343145526772, -34.606914008000444 ], [ -58.413060868393302, -34.607041743887045 ], [ -58.410778129194611, -34.607472884053145 ], [ -58.409465343650858, -34.607586468788085 ], [ -58.409689347423608, -34.608557403043299 ], [ -58.410235295317165, -34.61084678069232 ], [ -58.410385365948741, -34.611393055595485 ], [ -58.410713262219176, -34.611559048453941 ], [ -58.411381979892624, -34.611885097138995 ], [ -58.411771353917658, -34.611981697594757 ], [ -58.412234297081547, -34.612023972760468 ], [ -58.412410659254839, -34.612029997822638 ], [ -58.41386911689937, -34.612029997822638 ], [ -58.415177049078885, -34.612023972760468 ], [ -58.415037422670238, -34.613141268556824 ], [ -58.416319609650436, -34.613219791040315 ], [ -58.417091120358322, -34.613292286790177 ], [ -58.417708346955294, -34.613467409729424 ], [ -58.41770101742631, -34.613557984008708 ], [ -58.419670151343148, -34.614645058663761 ], [ -58.420872446931938, -34.614825295718568 ], [ -58.420957193043272, -34.614689433742484 ], [ -58.421137496202554, -34.612447536747972 ], [ -58.4212051104804, -34.612132533638786 ], [ -58.421047343606148, -34.609427446200648 ], [ -58.420582476720512, -34.606284187871474 ] ] ] ] } },
{ "type": "Feature", "properties": { "circuito": "00065", "codprov": "01", "coddepto": "005" }, "geometry": { "type": "MultiPolygon", "coordinates": [ [ [ [ -58.415332157448319, -34.601146649565436 ], [ -58.412330128656386, -34.601211750211718 ], [ -58.410920043327323, -34.601258955075046 ], [ -58.408171886833536, -34.601368702133996 ], [ -58.408156312008103, -34.60136934118951 ], [ -58.408381781957786, -34.602681117122714 ], [ -58.408842983740008, -34.605006103034 ], [ -58.408849398179363, -34.605038333272226 ], [ -58.409249400123095, -34.60665114112367 ], [ -58.409465343650858, -34.607586468788085 ], [ -58.410778129194611, -34.607472884053145 ], [ -58.413060868393302, -34.607041743887045 ], [ -58.414343145526772, -34.606914008000444 ], [ -58.415903666167573, -34.606755776295678 ], [ -58.417335096809467, -34.606610601492328 ], [ -58.417380448651329, -34.606606037287662 ], [ -58.417211322464517, -34.605344569564956 ], [ -58.417024147998902, -34.604113872337287 ], [ -58.416917138773741, -34.603410551909988 ], [ -58.416850348754402, -34.602927093322158 ], [ -58.416743340207084, -34.602311697907396 ], [ -58.416623046591937, -34.601520542169332 ], [ -58.4165787033822, -34.601119622587383 ], [ -58.415332157448319, -34.601146649565436 ] ] ] ] } },
{ "type": "Feature", "properties": { "circuito": "00066", "codprov": "01", "coddepto": "005" }, "geometry": { "type": "MultiPolygon", "coordinates": [ [ [ [ -58.428812289177451, -34.605457240010367 ], [ -58.426903715214209, -34.603283181516346 ], [ -58.426879527022948, -34.603263004188221 ], [ -58.426007879751907, -34.602481800332946 ], [ -58.42573971443165, -34.602321468715168 ], [ -58.424411261197811, -34.601720408869994 ], [ -58.423332650478542, -34.601304697409418 ], [ -58.423101132125353, -34.601264614644265 ], [ -58.422967554120206, -34.601260141255679 ], [ -58.422832969516477, -34.601234576249439 ], [ -58.420225902896895, -34.601180432034404 ], [ -58.419830298806119, -34.601105745555444 ], [ -58.419385036529491, -34.601063652579057 ], [ -58.41821269961936, -34.601084197071593 ], [ -58.4165787033822, -34.601119622587383 ], [ -58.416623046591937, -34.601520542169332 ], [ -58.416743340207084, -34.602311697907396 ], [ -58.416850348754402, -34.602927093322158 ], [ -58.416917138773741, -34.603410551909988 ], [ -58.417024147998902, -34.604113872337287 ], [ -58.417211322464517, -34.605344569564956 ], [ -58.417380448651329, -34.606606037287662 ], [ -58.418753336603864, -34.606466889217934 ], [ -58.420582476720512, -34.606284187871474 ], [ -58.422910934474757, -34.606051725996785 ], [ -58.427204585159849, -34.605620492228837 ], [ -58.428812289177451, -34.605457240010367 ] ] ] ] } },
{ "type": "Feature", "properties": { "circuito": "00067", "codprov": "01", "coddepto": "005" }, "geometry": { "type": "MultiPolygon", "coordinates": [ [ [ [ -58.429993328928845, -34.606088155503883 ], [ -58.428878071242515, -34.605532200609034 ], [ -58.428816777861527, -34.60546226219553 ], [ -58.428812289177451, -34.605457240010367 ], [ -58.427204585159849, -34.605620492228837 ], [ -58.422910934474757, -34.606051725996785 ], [ -58.420582476720512, -34.606284187871474 ], [ -58.421047343606148, -34.609427446200648 ], [ -58.4212051104804, -34.612132533638786 ], [ -58.421137496202554, -34.612447536747972 ], [ -58.420957193043272, -34.614689433742484 ], [ -58.420872446931938, -34.614825295718568 ], [ -58.420723842477294, -34.615063782655419 ], [ -58.424867058528491, -34.616830805132082 ], [ -58.426659829594186, -34.617567633908635 ], [ -58.426660287816844, -34.617546726151758 ], [ -58.426708293418613, -34.616978809720045 ], [ -58.426922953109525, -34.614438254840017 ], [ -58.427052317635322, -34.612336783469097 ], [ -58.427096018926633, -34.612211968740347 ], [ -58.427268901047974, -34.609471729906133 ], [ -58.42727320739197, -34.609397681925536 ], [ -58.427385804764448, -34.609267205956108 ], [ -58.428148153730575, -34.60839314627637 ], [ -58.428866525522814, -34.607491146443351 ], [ -58.428970238391784, -34.607362041072491 ], [ -58.429993328928845, -34.606088155503883 ] ] ] ] } },
{ "type": "Feature", "properties": { "circuito": "00068", "codprov": "01", "coddepto": "006" }, "geometry": { "type": "MultiPolygon", "coordinates": [ [ [ [ -58.436918509629521, -34.609287659075413 ], [ -58.435996745949971, -34.609042778797672 ], [ -58.433905577714157, -34.607986474080505 ], [ -58.433896781330397, -34.607982366184871 ], [ -58.432034750181217, -34.607104926809633 ], [ -58.431841435803143, -34.607005494897805 ], [ -58.429993328928845, -34.606088155503883 ], [ -58.428970238391784, -34.607362041072491 ], [ -58.428866525522814, -34.607491146443351 ], [ -58.428148153730575, -34.60839314627637 ], [ -58.427385804764448, -34.609267205956108 ], [ -58.42727320739197, -34.609397681925536 ], [ -58.427268901047974, -34.609471729906133 ], [ -58.427096018926633, -34.612211968740347 ], [ -58.427052317635322, -34.612336783469097 ], [ -58.426922953109525, -34.614438254840017 ], [ -58.426708293418613, -34.616978809720045 ], [ -58.43407745323691, -34.620101433854906 ], [ -58.434306403238551, -34.619637239977123 ], [ -58.434543234534324, -34.617677839505234 ], [ -58.435103657790073, -34.6164192032386 ], [ -58.436035134298699, -34.614381919338733 ], [ -58.436903392348903, -34.612292773326168 ], [ -58.436903392348903, -34.611319555297158 ], [ -58.436918509629521, -34.609287659075413 ] ] ] ] } },
{ "type": "Feature", "properties": { "circuito": "00069", "codprov": "01", "coddepto": "006" }, "geometry": { "type": "MultiPolygon", "coordinates": [ [ [ [ -58.426708293418613, -34.616978809720045 ], [ -58.426660287816844, -34.617546726151758 ], [ -58.426659829594186, -34.617567633908635 ], [ -58.426629319828216, -34.619018651513422 ], [ -58.425830324572871, -34.618681006227298 ], [ -58.424349419440894, -34.625729370100473 ], [ -58.423301867541376, -34.630716895835931 ], [ -58.423301041249331, -34.630721003731566 ], [ -58.428965107111438, -34.631518003456776 ], [ -58.430487696948333, -34.631743891472716 ], [ -58.430793790361122, -34.630498312664649 ], [ -58.430935888867445, -34.629719755847503 ], [ -58.431030621656895, -34.629330431195157 ], [ -58.431148991550302, -34.628149587540413 ], [ -58.431322699285843, -34.626709253918627 ], [ -58.431370065680561, -34.626501626621433 ], [ -58.43183575614686, -34.624983411243129 ], [ -58.432593524919952, -34.623036975185109 ], [ -58.433019819083242, -34.622206558483882 ], [ -58.433706492848685, -34.620883002645975 ], [ -58.433819915835358, -34.620669259470532 ], [ -58.433974933373669, -34.620376900209749 ], [ -58.434069663451737, -34.620117412471316 ], [ -58.43407745323691, -34.620101433854906 ], [ -58.426708293418613, -34.616978809720045 ] ] ] ] } },
{ "type": "Feature", "properties": { "circuito": "00070", "codprov": "01", "coddepto": "006" }, "geometry": { "type": "MultiPolygon", "coordinates": [ [ [ [ -58.443136492799056, -34.611085084882703 ], [ -58.442552799153042, -34.61082650976234 ], [ -58.442142259443891, -34.610675308782511 ], [ -58.436918509629521, -34.609287659075413 ], [ -58.436903392348903, -34.611319555297158 ], [ -58.436903392348903, -34.612292773326168 ], [ -58.436035134298699, -34.614381919338733 ], [ -58.435103657790073, -34.6164192032386 ], [ -58.434543234534324, -34.617677839505234 ], [ -58.434306403238551, -34.619637239977123 ], [ -58.43407745323691, -34.620101433854906 ], [ -58.434069663451737, -34.620117412471316 ], [ -58.433974933373669, -34.620376900209749 ], [ -58.433819915835358, -34.620669259470532 ], [ -58.435280663915329, -34.621345645407324 ], [ -58.436021849230862, -34.621676442157835 ], [ -58.436336005600026, -34.62180408667119 ], [ -58.437380719366018, -34.622285626978183 ], [ -58.437719519437728, -34.622419114921534 ], [ -58.43973492028605, -34.623330062646026 ], [ -58.440684352886663, -34.62376522156314 ], [ -58.441778538431365, -34.624182941006332 ], [ -58.442615006945815, -34.624536838471428 ], [ -58.442621970438942, -34.624540674475959 ], [ -58.442974879159152, -34.623711991637641 ], [ -58.443157383278447, -34.622995340746371 ], [ -58.443390549470806, -34.621995279600092 ], [ -58.443491969870813, -34.621161939512398 ], [ -58.443613636120403, -34.619895269086669 ], [ -58.443613636120403, -34.619561913885498 ], [ -58.443410886151518, -34.617828584176031 ], [ -58.44335005302672, -34.617028572476883 ], [ -58.443512215720403, -34.616061835261924 ], [ -58.44353255443464, -34.615628504366732 ], [ -58.44353255443464, -34.614861816598903 ], [ -58.443471721309848, -34.613428513702054 ], [ -58.443413269451611, -34.611203142449071 ], [ -58.443140248733584, -34.611084172264626 ], [ -58.443136492799056, -34.611085084882703 ] ] ] ] } },
{ "type": "Feature", "properties": { "circuito": "00071", "codprov": "01", "coddepto": "006" }, "geometry": { "type": "MultiPolygon", "coordinates": [ [ [ [ -58.433819915835358, -34.620669259470532 ], [ -58.433706492848685, -34.620883002645975 ], [ -58.433019819083242, -34.622206558483882 ], [ -58.432593524919952, -34.623036975185109 ], [ -58.43183575614686, -34.624983411243129 ], [ -58.431370065680561, -34.626501626621433 ], [ -58.431322699285843, -34.626709253918627 ], [ -58.431148991550302, -34.628149587540413 ], [ -58.431030621656895, -34.629330431195157 ], [ -58.430935888867445, -34.629719755847503 ], [ -58.430793790361122, -34.630498312664649 ], [ -58.430487696948333, -34.631743891472716 ], [ -58.433907134722212, -34.632251180646733 ], [ -58.4397589241037, -34.63308935850165 ], [ -58.439775231678681, -34.633091825021921 ], [ -58.440004275900662, -34.631845422740405 ], [ -58.440085356908575, -34.630695438725319 ], [ -58.440125944183784, -34.629795446874923 ], [ -58.440166529425461, -34.62895498691767 ], [ -58.440361400133746, -34.627033294063907 ], [ -58.440416281108909, -34.626794715753817 ], [ -58.440419943500942, -34.626778736023098 ], [ -58.441291866654559, -34.625511973666974 ], [ -58.442049910632377, -34.625832271409578 ], [ -58.442549043218513, -34.624711961410675 ], [ -58.442621970438942, -34.624540674475959 ], [ -58.442615006945815, -34.624536838471428 ], [ -58.441778538431365, -34.624182941006332 ], [ -58.440684352886663, -34.62376522156314 ], [ -58.43973492028605, -34.623330062646026 ], [ -58.437719519437728, -34.622419114921534 ], [ -58.437380719366018, -34.622285626978183 ], [ -58.436336005600026, -34.62180408667119 ], [ -58.436021849230862, -34.621676442157835 ], [ -58.435280663915329, -34.621345645407324 ], [ -58.433819915835358, -34.620669259470532 ] ] ] ] } },
{ "type": "Feature", "properties": { "circuito": "00072", "codprov": "01", "coddepto": "006" }, "geometry": { "type": "MultiPolygon", "coordinates": [ [ [ [ -58.456594362092204, -34.617433599954467 ], [ -58.456707968096801, -34.617259571822615 ], [ -58.45990578268664, -34.610854450472772 ], [ -58.455598938442677, -34.60792365776517 ], [ -58.447732574504904, -34.609949983562331 ], [ -58.443140248733584, -34.611084172264626 ], [ -58.443413269451611, -34.611203142449071 ], [ -58.444500309840947, -34.611676832457754 ], [ -58.444958215266979, -34.611872863153877 ], [ -58.445940811393484, -34.612390378330396 ], [ -58.447977466045671, -34.613480284441515 ], [ -58.45055796320743, -34.614868208268334 ], [ -58.451182795215949, -34.615228862338647 ], [ -58.453081200838838, -34.61602869184847 ], [ -58.456014608754337, -34.617212641078993 ], [ -58.456594362092204, -34.617433599954467 ] ] ] ] } },
{ "type": "Feature", "properties": { "circuito": "00073", "codprov": "01", "coddepto": "006" }, "geometry": { "type": "MultiPolygon", "coordinates": [ [ [ [ -58.442621970438942, -34.624540674475959 ], [ -58.442742079680485, -34.624606504993835 ], [ -58.443483264996019, -34.624902423910825 ], [ -58.445802193616956, -34.625883035929114 ], [ -58.447951630015233, -34.626724319359809 ], [ -58.45016465090778, -34.627594636636871 ], [ -58.451631811393575, -34.628163192124099 ], [ -58.451636485129114, -34.628153056380533 ], [ -58.45313919311873, -34.624872293028453 ], [ -58.4537106130404, -34.623633834647102 ], [ -58.454363569481274, -34.622218701095761 ], [ -58.456588132026461, -34.617443186344303 ], [ -58.456594362092204, -34.617433599954467 ], [ -58.456014608754337, -34.617212641078993 ], [ -58.453081200838838, -34.61602869184847 ], [ -58.451182795215949, -34.615228862338647 ], [ -58.45055796320743, -34.614868208268334 ], [ -58.447977466045671, -34.613480284441515 ], [ -58.445940811393484, -34.612390378330396 ], [ -58.444958215266979, -34.611872863153877 ], [ -58.444500309840947, -34.611676832457754 ], [ -58.443413269451611, -34.611203142449071 ], [ -58.443471721309848, -34.613428513702054 ], [ -58.44353255443464, -34.614861816598903 ], [ -58.44353255443464, -34.615628504366732 ], [ -58.443512215720403, -34.616061835261924 ], [ -58.44335005302672, -34.617028572476883 ], [ -58.443410886151518, -34.617828584176031 ], [ -58.443613636120403, -34.619561913885498 ], [ -58.443613636120403, -34.619895269086669 ], [ -58.443491969870813, -34.621161939512398 ], [ -58.443390549470806, -34.621995279600092 ], [ -58.443157383278447, -34.622995340746371 ], [ -58.442974879159152, -34.623711991637641 ], [ -58.442621970438942, -34.624540674475959 ] ] ] ] } },
{ "type": "Feature", "properties": { "circuito": "00074", "codprov": "01", "coddepto": "006" }, "geometry": { "type": "MultiPolygon", "coordinates": [ [ [ [ -58.439775231678681, -34.633091825021921 ], [ -58.448564276419162, -34.634403510139045 ], [ -58.449593782073421, -34.632272272821552 ], [ -58.450988290543521, -34.629455975795501 ], [ -58.451091085611488, -34.62931007112055 ], [ -58.451628879717553, -34.628169217186269 ], [ -58.451631811393575, -34.628163192124099 ], [ -58.45016465090778, -34.627594636636871 ], [ -58.447951630015233, -34.626724319359809 ], [ -58.445802193616956, -34.625883035929114 ], [ -58.443483264996019, -34.624902423910825 ], [ -58.442742079680485, -34.624606504993835 ], [ -58.442621970438942, -34.624540674475959 ], [ -58.442549043218513, -34.624711961410675 ], [ -58.442049910632377, -34.625832271409578 ], [ -58.441291866654559, -34.625511973666974 ], [ -58.440419943500942, -34.626778736023098 ], [ -58.440416281108909, -34.626794715753817 ], [ -58.440361400133746, -34.627033294063907 ], [ -58.440166529425461, -34.62895498691767 ], [ -58.440125944183784, -34.629795446874923 ], [ -58.440085356908575, -34.630695438725319 ], [ -58.440004275900662, -34.631845422740405 ], [ -58.439775231678681, -34.633091825021921 ] ] ] ] } },
{ "type": "Feature", "properties": { "circuito": "00075", "codprov": "01", "coddepto": "007" }, "geometry": { "type": "MultiPolygon", "coordinates": [ [ [ [ -58.435620563450279, -34.639065167707308 ], [ -58.435661517439179, -34.639073019677078 ], [ -58.440913944806731, -34.64015242510883 ], [ -58.442746843569289, -34.640489704902002 ], [ -58.445400452325089, -34.64181636408707 ], [ -58.446376452350002, -34.642669423522392 ], [ -58.446595325520249, -34.642514661772054 ], [ -58.447288044977817, -34.642045081887616 ], [ -58.448397259005553, -34.641343496437536 ], [ -58.448427951111604, -34.641312725942498 ], [ -58.448460106683214, -34.641280404331027 ], [ -58.448543204277534, -34.641092498052927 ], [ -58.450891085656394, -34.636328123593501 ], [ -58.451428328675149, -34.63529099221315 ], [ -58.451440423448624, -34.63526770930924 ], [ -58.451173451134103, -34.635191561972782 ], [ -58.448564276419162, -34.634403510139045 ], [ -58.439775231678681, -34.633091825021921 ], [ -58.4397589241037, -34.63308935850165 ], [ -58.439599327050196, -34.633898685256682 ], [ -58.438968997725475, -34.634791919944703 ], [ -58.436969447585163, -34.637382237581569 ], [ -58.43562184728713, -34.639061514449246 ], [ -58.435620563450279, -34.639065167707308 ] ] ] ] } },
{ "type": "Feature", "properties": { "circuito": "00076", "codprov": "01", "coddepto": "007" }, "geometry": { "type": "MultiPolygon", "coordinates": [ [ [ [ -58.4397589241037, -34.63308935850165 ], [ -58.433907134722212, -34.632251180646733 ], [ -58.430487696948333, -34.631743891472716 ], [ -58.428965107111438, -34.631518003456776 ], [ -58.423301041249331, -34.630721003731566 ], [ -58.422056785073053, -34.636131452170396 ], [ -58.423515151886463, -34.636419701864092 ], [ -58.428439314236357, -34.637206749706522 ], [ -58.42938315868966, -34.637836387089017 ], [ -58.430750913328318, -34.63812865330511 ], [ -58.435620563450279, -34.639065167707308 ], [ -58.43562184728713, -34.639061514449246 ], [ -58.436969447585163, -34.637382237581569 ], [ -58.438968997725475, -34.634791919944703 ], [ -58.439599327050196, -34.633898685256682 ], [ -58.4397589241037, -34.63308935850165 ] ] ] ] } },
{ "type": "Feature", "properties": { "circuito": "00077", "codprov": "01", "coddepto": "007" }, "geometry": { "type": "MultiPolygon", "coordinates": [ [ [ [ -58.422056785073053, -34.636131452170396 ], [ -58.422053304343251, -34.636146882547379 ], [ -58.422052844764906, -34.636148619196057 ], [ -58.419970105521315, -34.644092317670271 ], [ -58.426325334510786, -34.645154649121061 ], [ -58.426522493620979, -34.645183502449569 ], [ -58.426926251499239, -34.645242667178302 ], [ -58.427626485537253, -34.645356980113377 ], [ -58.427718925857725, -34.645376703361087 ], [ -58.428992500827775, -34.645648609502572 ], [ -58.428753837319213, -34.649112986819183 ], [ -58.42922236863042, -34.649145034868091 ], [ -58.431625768157957, -34.650191570448946 ], [ -58.431630441215646, -34.650193578431569 ], [ -58.431637037995081, -34.650175044150267 ], [ -58.432513909411121, -34.647707987339942 ], [ -58.434176581167939, -34.643081118460572 ], [ -58.434991611504906, -34.640794387849688 ], [ -58.435620563450279, -34.639065167707308 ], [ -58.430750913328318, -34.63812865330511 ], [ -58.42938315868966, -34.637836387089017 ], [ -58.428439314236357, -34.637206749706522 ], [ -58.423515151886463, -34.636419701864092 ], [ -58.422056785073053, -34.636131452170396 ] ] ] ] } },
{ "type": "Feature", "properties": { "circuito": "00078", "codprov": "01", "coddepto": "007" }, "geometry": { "type": "MultiPolygon", "coordinates": [ [ [ [ -58.431630441215646, -34.650193578431569 ], [ -58.431682847381751, -34.650216405026441 ], [ -58.434168245040368, -34.651330505545239 ], [ -58.434644839307943, -34.650903746837329 ], [ -58.439275093171801, -34.646580282237466 ], [ -58.439930433590604, -34.645684764889957 ], [ -58.441123016350325, -34.646713496618261 ], [ -58.44155682441621, -34.64638616815072 ], [ -58.442143452449621, -34.645943614130026 ], [ -58.442195307528422, -34.645821265921548 ], [ -58.443117253548053, -34.645155288176575 ], [ -58.444060088691387, -34.644414806141967 ], [ -58.445072829225857, -34.643645564380705 ], [ -58.446107647144849, -34.642870659150155 ], [ -58.446376452350002, -34.642669423522392 ], [ -58.445400452325089, -34.64181636408707 ], [ -58.442746843569289, -34.640489704902002 ], [ -58.440913944806731, -34.64015242510883 ], [ -58.435661517439179, -34.639073019677078 ], [ -58.435620563450279, -34.639065167707308 ], [ -58.434991611504906, -34.640794387849688 ], [ -58.434176581167939, -34.643081118460572 ], [ -58.432513909411121, -34.647707987339942 ], [ -58.431637037995081, -34.650175044150267 ], [ -58.431630441215646, -34.650193578431569 ] ] ] ] } },
{ "type": "Feature", "properties": { "circuito": "00079", "codprov": "01", "coddepto": "007" }, "geometry": { "type": "MultiPolygon", "coordinates": [ [ [ [ -58.475291192700674, -34.626047477113985 ], [ -58.468993591310934, -34.622770091785938 ], [ -58.466446627777977, -34.621417958967868 ], [ -58.465622712937517, -34.623286328851435 ], [ -58.463912672752436, -34.627147698929377 ], [ -58.462907719969607, -34.629416988394894 ], [ -58.461891590892151, -34.63176014365169 ], [ -58.467547043388421, -34.633193445991381 ], [ -58.471510416536525, -34.634192139882018 ], [ -58.471567217844211, -34.634068237771338 ], [ -58.472906848728371, -34.631147032010723 ], [ -58.475291192700674, -34.626047477113985 ] ] ] ] } },
{ "type": "Feature", "properties": { "circuito": "00080", "codprov": "01", "coddepto": "007" }, "geometry": { "type": "MultiPolygon", "coordinates": [ [ [ [ -58.466446627777977, -34.621417958967868 ], [ -58.466414287154912, -34.621400791942207 ], [ -58.465954733889703, -34.621155274280412 ], [ -58.465282629028955, -34.620867207333198 ], [ -58.462931266920293, -34.619864407775552 ], [ -58.461713302963574, -34.6193448823878 ], [ -58.456588132026461, -34.617443186344303 ], [ -58.454363569481274, -34.622218701095761 ], [ -58.4537106130404, -34.623633834647102 ], [ -58.456184100976998, -34.6244823293206 ], [ -58.457501650409561, -34.624907718544243 ], [ -58.460960207248178, -34.626242047509763 ], [ -58.462442487048122, -34.626783575461786 ], [ -58.463912672752436, -34.627147698929377 ], [ -58.465622712937517, -34.623286328851435 ], [ -58.466446627777977, -34.621417958967868 ] ] ] ] } },
{ "type": "Feature", "properties": { "circuito": "00081", "codprov": "01", "coddepto": "007" }, "geometry": { "type": "MultiPolygon", "coordinates": [ [ [ [ -58.4537106130404, -34.623633834647102 ], [ -58.45313919311873, -34.624872293028453 ], [ -58.451636485129114, -34.628153056380533 ], [ -58.451631811393575, -34.628163192124099 ], [ -58.451628879717553, -34.628169217186269 ], [ -58.454419731581915, -34.629269805608921 ], [ -58.457641916703103, -34.630520497975397 ], [ -58.458626437229192, -34.630814774402715 ], [ -58.460386683976054, -34.631378764013817 ], [ -58.461891590892151, -34.63176014365169 ], [ -58.462907719969607, -34.629416988394894 ], [ -58.463912672752436, -34.627147698929377 ], [ -58.462442487048122, -34.626783575461786 ], [ -58.460960207248178, -34.626242047509763 ], [ -58.457501650409561, -34.624907718544243 ], [ -58.456184100976998, -34.6244823293206 ], [ -58.4537106130404, -34.623633834647102 ] ] ] ] } },
{ "type": "Feature", "properties": { "circuito": "00082", "codprov": "01", "coddepto": "007" }, "geometry": { "type": "MultiPolygon", "coordinates": [ [ [ [ -58.459364875242315, -34.637734946637416 ], [ -58.461379173916022, -34.638354449947812 ], [ -58.468677053675215, -34.640482948296778 ], [ -58.469660934316416, -34.638290081401742 ], [ -58.470897036705203, -34.635529480821461 ], [ -58.471510416536525, -34.634192139882018 ], [ -58.467547043388421, -34.633193445991381 ], [ -58.461891590892151, -34.63176014365169 ], [ -58.461833689443381, -34.631893722968286 ], [ -58.461266851748277, -34.633193445991381 ], [ -58.459364875242315, -34.637734946637416 ] ] ] ] } },
{ "type": "Feature", "properties": { "circuito": "00083", "codprov": "01", "coddepto": "007" }, "geometry": { "type": "MultiPolygon", "coordinates": [ [ [ [ -58.451628879717553, -34.628169217186269 ], [ -58.451091085611488, -34.62931007112055 ], [ -58.450988290543521, -34.629455975795501 ], [ -58.449593782073421, -34.632272272821552 ], [ -58.448564276419162, -34.634403510139045 ], [ -58.451173451134103, -34.635191561972782 ], [ -58.451440423448624, -34.63526770930924 ], [ -58.451428328675149, -34.63529099221315 ], [ -58.456106775903613, -34.636733059697839 ], [ -58.459364875242315, -34.637734946637416 ], [ -58.461266851748277, -34.633193445991381 ], [ -58.461833689443381, -34.631893722968286 ], [ -58.461891590892151, -34.63176014365169 ], [ -58.460386683976054, -34.631378764013817 ], [ -58.458626437229192, -34.630814774402715 ], [ -58.457641916703103, -34.630520497975397 ], [ -58.454419731581915, -34.629269805608921 ], [ -58.451628879717553, -34.628169217186269 ] ] ] ] } },
{ "type": "Feature", "properties": { "circuito": "00084", "codprov": "01", "coddepto": "007" }, "geometry": { "type": "MultiPolygon", "coordinates": [ [ [ [ -58.452807447371271, -34.644389058389244 ], [ -58.453355135968643, -34.644684886490154 ], [ -58.453963567537542, -34.645024174823099 ], [ -58.457679478759786, -34.646756774660972 ], [ -58.460308901357855, -34.647971311082905 ], [ -58.46210890705435, -34.648789767918736 ], [ -58.462316787625738, -34.648667785203209 ], [ -58.462359116282613, -34.648634091878861 ], [ -58.466606315662602, -34.645258827984037 ], [ -58.468675772549737, -34.640485869454622 ], [ -58.468677053675215, -34.640482948296778 ], [ -58.461379173916022, -34.638354449947812 ], [ -58.459364875242315, -34.637734946637416 ], [ -58.45922314073831, -34.638073415396988 ], [ -58.458342972288243, -34.640035280160532 ], [ -58.455270031506586, -34.642364923321189 ], [ -58.452807447371271, -34.644389058389244 ] ] ] ] } },
{ "type": "Feature", "properties": { "circuito": "00085", "codprov": "01", "coddepto": "007" }, "geometry": { "type": "MultiPolygon", "coordinates": [ [ [ [ -58.451428328675149, -34.63529099221315 ], [ -58.450891085656394, -34.636328123593501 ], [ -58.448543204277534, -34.641092498052927 ], [ -58.448460106683214, -34.641280404331027 ], [ -58.448427951111604, -34.641312725942498 ], [ -58.449504547278011, -34.641891324685744 ], [ -58.450530202777401, -34.642448649064853 ], [ -58.450704002021901, -34.642577206196286 ], [ -58.45091261602068, -34.642777255086266 ], [ -58.451329840629015, -34.643220175157062 ], [ -58.451964383433079, -34.643863234933924 ], [ -58.452594619893148, -34.644274015025417 ], [ -58.452807447371271, -34.644389058389244 ], [ -58.455270031506586, -34.642364923321189 ], [ -58.458342972288243, -34.640035280160532 ], [ -58.45922314073831, -34.638073415396988 ], [ -58.459364875242315, -34.637734946637416 ], [ -58.456106775903613, -34.636733059697839 ], [ -58.451428328675149, -34.63529099221315 ] ] ] ] } },
{ "type": "Feature", "properties": { "circuito": "00086", "codprov": "01", "coddepto": "007" }, "geometry": { "type": "MultiPolygon", "coordinates": [ [ [ [ -58.448427951111604, -34.641312725942498 ], [ -58.448397259005553, -34.641343496437536 ], [ -58.447288044977817, -34.642045081887616 ], [ -58.446595325520249, -34.642514661772054 ], [ -58.446376452350002, -34.642669423522392 ], [ -58.446107647144849, -34.642870659150155 ], [ -58.445072829225857, -34.643645564380705 ], [ -58.444060088691387, -34.644414806141967 ], [ -58.443117253548053, -34.645155288176575 ], [ -58.442195307528422, -34.645821265921548 ], [ -58.442143452449621, -34.645943614130026 ], [ -58.44155682441621, -34.64638616815072 ], [ -58.441123016350325, -34.646713496618261 ], [ -58.439930433590604, -34.645684764889957 ], [ -58.439275093171801, -34.646580282237466 ], [ -58.434644839307943, -34.650903746837329 ], [ -58.434168245040368, -34.651330505545239 ], [ -58.431682847381751, -34.650216405026441 ], [ -58.431630441215646, -34.650193578431569 ], [ -58.431621920714463, -34.650202434949804 ], [ -58.431246382844577, -34.650590662566138 ], [ -58.431192968046346, -34.650645810772481 ], [ -58.430444637575448, -34.651245228127983 ], [ -58.430068272735674, -34.651505537111248 ], [ -58.429611927029065, -34.651880709497632 ], [ -58.428596163987457, -34.652680539007456 ], [ -58.427055249989188, -34.653879279559455 ], [ -58.427045445651153, -34.653886949339899 ], [ -58.427567025046891, -34.654341281036672 ], [ -58.427601015542663, -34.654370956167163 ], [ -58.428073577993132, -34.654745030960385 ], [ -58.428413569037041, -34.655014289506589 ], [ -58.428712976872809, -34.655237165548598 ], [ -58.42878013157231, -34.655293591865963 ], [ -58.429660483718145, -34.656034073343413 ], [ -58.431123246350985, -34.657190721476177 ], [ -58.432704014197064, -34.658410189267187 ], [ -58.432738737442378, -34.658436941011217 ], [ -58.433840161684948, -34.659180526950152 ], [ -58.434732699435379, -34.659860839707562 ], [ -58.434767331849578, -34.659891883765155 ], [ -58.43518877264863, -34.659559350365974 ], [ -58.435346079266694, -34.659416094400619 ], [ -58.435662892107146, -34.659141906156798 ], [ -58.43721754871806, -34.657943621913837 ], [ -58.437245490810326, -34.657920978065441 ], [ -58.438362307538242, -34.657043994999242 ], [ -58.438466477952034, -34.656962186422106 ], [ -58.439845318732047, -34.655905881704939 ], [ -58.440058147565857, -34.655591063013688 ], [ -58.440084441818954, -34.655527970907187 ], [ -58.440151780892066, -34.65536718298037 ], [ -58.440160301393249, -34.655227211437193 ], [ -58.440353430719867, -34.655174347004646 ], [ -58.440486640655628, -34.655164395679023 ], [ -58.440806203509872, -34.655140473719598 ], [ -58.441272626725713, -34.655095368212123 ], [ -58.441488021877539, -34.654968362754275 ], [ -58.441870247357983, -34.655027621084869 ], [ -58.443873738484285, -34.655103950610645 ], [ -58.445580112888102, -34.655188956136797 ], [ -58.445633893722182, -34.655191603732085 ], [ -58.447059918556839, -34.655187859100792 ], [ -58.448998544741237, -34.655093177483025 ], [ -58.449036564342741, -34.655089798344683 ], [ -58.450008901297771, -34.655002784278757 ], [ -58.450341746508471, -34.654973020003645 ], [ -58.451711520444903, -34.654841815834082 ], [ -58.451778032548134, -34.655224381652587 ], [ -58.451866352931759, -34.655836032993207 ], [ -58.451871117498406, -34.655869358595986 ], [ -58.451994251958467, -34.656202073070183 ], [ -58.452114452031125, -34.656331269257123 ], [ -58.452319491757606, -34.656505205458586 ], [ -58.452549359560251, -34.656700140790164 ], [ -58.45314175808106, -34.657197387265313 ], [ -58.454075340651514, -34.657981057640868 ], [ -58.454214140768123, -34.658110344643887 ], [ -58.454722801809716, -34.658551345876688 ], [ -58.456063989701924, -34.659646090312187 ], [ -58.456110713500379, -34.659699047789438 ], [ -58.456270128891646, -34.659880195790855 ], [ -58.456299720856613, -34.659913886886585 ], [ -58.457523271604963, -34.660919517900297 ], [ -58.458572016510225, -34.660157671799773 ], [ -58.458616908095891, -34.660125076068596 ], [ -58.459643665769896, -34.659189932822123 ], [ -58.460892319799136, -34.658231962980771 ], [ -58.461216096132716, -34.657981057640868 ], [ -58.461826544288009, -34.657593375478186 ], [ -58.462936489031762, -34.656726620643099 ], [ -58.463102682864701, -34.65658153554152 ], [ -58.463528427974218, -34.656209651477397 ], [ -58.463850738130873, -34.655887984250526 ], [ -58.463916977740745, -34.655821971543332 ], [ -58.464124582429555, -34.6556554310026 ], [ -58.464296182747582, -34.655517834606464 ], [ -58.463244596997413, -34.654047737266716 ], [ -58.463198056894733, -34.653990763267075 ], [ -58.461705881925631, -34.652160648683903 ], [ -58.461114309019017, -34.65154160391117 ], [ -58.460605557146302, -34.650819382038151 ], [ -58.460198591709442, -34.650135144131582 ], [ -58.460642570149218, -34.649868990604013 ], [ -58.461340603227214, -34.649336957668588 ], [ -58.461993011292151, -34.648857880538941 ], [ -58.46210890705435, -34.648789767918736 ], [ -58.460308901357855, -34.647971311082905 ], [ -58.457679478759786, -34.646756774660972 ], [ -58.453963567537542, -34.645024174823099 ], [ -58.453355135968643, -34.644684886490154 ], [ -58.452807447371271, -34.644389058389244 ], [ -58.452594619893148, -34.644274015025417 ], [ -58.451964383433079, -34.643863234933924 ], [ -58.451329840629015, -34.643220175157062 ], [ -58.45091261602068, -34.642777255086266 ], [ -58.450704002021901, -34.642577206196286 ], [ -58.450530202777401, -34.642448649064853 ], [ -58.449504547278011, -34.641891324685744 ], [ -58.448427951111604, -34.641312725942498 ] ] ] ] } },
{ "type": "Feature", "properties": { "circuito": "00087", "codprov": "01", "coddepto": "008" }, "geometry": { "type": "MultiPolygon", "coordinates": [ [ [ [ -58.447059918556839, -34.655187859100792 ], [ -58.445633893722182, -34.655191603732085 ], [ -58.445580112888102, -34.655188956136797 ], [ -58.443873738484285, -34.655103950610645 ], [ -58.441870247357983, -34.655027621084869 ], [ -58.441488021877539, -34.654968362754275 ], [ -58.441272626725713, -34.655095368212123 ], [ -58.440806203509872, -34.655140473719598 ], [ -58.440486640655628, -34.655164395679023 ], [ -58.440353430719867, -34.655174347004646 ], [ -58.440160301393249, -34.655227211437193 ], [ -58.440151780892066, -34.65536718298037 ], [ -58.440084441818954, -34.655527970907187 ], [ -58.440058147565857, -34.655591063013688 ], [ -58.439845318732047, -34.655905881704939 ], [ -58.438466477952034, -34.656962186422106 ], [ -58.438362307538242, -34.657043994999242 ], [ -58.437245490810326, -34.657920978065441 ], [ -58.43721754871806, -34.657943621913837 ], [ -58.435662892107146, -34.659141906156798 ], [ -58.435346079266694, -34.659416094400619 ], [ -58.43518877264863, -34.659559350365974 ], [ -58.434767331849578, -34.659891883765155 ], [ -58.434732699435379, -34.659860839707562 ], [ -58.433840161684948, -34.659180526950152 ], [ -58.432738737442378, -34.658436941011217 ], [ -58.432704014197064, -34.658410189267187 ], [ -58.431123246350985, -34.657190721476177 ], [ -58.430922604477459, -34.657318001053738 ], [ -58.429821637779703, -34.658109614772293 ], [ -58.428716641976223, -34.658915288269263 ], [ -58.427890343835664, -34.659513790220927 ], [ -58.426243793246677, -34.660690891472989 ], [ -58.425458906639832, -34.661252690354992 ], [ -58.424617493252185, -34.661854022648413 ], [ -58.423773970413492, -34.662456999660122 ], [ -58.423437642439467, -34.662698865735315 ], [ -58.423339062884367, -34.662808615022882 ], [ -58.42316242482849, -34.663005102028045 ], [ -58.422993666033221, -34.66320013040432 ], [ -58.422900124215978, -34.663308143600368 ], [ -58.422307909390938, -34.664035476803171 ], [ -58.421606942603383, -34.664896665670895 ], [ -58.420545006172787, -34.666221040525016 ], [ -58.421381838689548, -34.666753986635669 ], [ -58.422373691456002, -34.667508438746921 ], [ -58.422904155355241, -34.667986418283398 ], [ -58.423505531922039, -34.66857332586261 ], [ -58.423966733704262, -34.669079246109519 ], [ -58.424480983571023, -34.669656383995267 ], [ -58.425172512734235, -34.670477853362172 ], [ -58.425850939169692, -34.671278047807789 ], [ -58.426697300819754, -34.672282857576675 ], [ -58.427385529559714, -34.673057852509004 ], [ -58.428141099406325, -34.673955470883826 ], [ -58.428979857678364, -34.674943845727263 ], [ -58.429888885343857, -34.676052649941177 ], [ -58.430189941696639, -34.676368107687935 ], [ -58.430268366233264, -34.676326564065285 ], [ -58.430372624766797, -34.676447999098535 ], [ -58.430299331510518, -34.676499038294942 ], [ -58.43134642789876, -34.677732749725152 ], [ -58.432647394551616, -34.67926411337811 ], [ -58.436121894962895, -34.683372007337766 ], [ -58.436769171747486, -34.684133672920431 ], [ -58.437447141315971, -34.684274007170785 ], [ -58.437538392697775, -34.684253190787146 ], [ -58.438185760991331, -34.684381200236302 ], [ -58.438174217983011, -34.684455156843669 ], [ -58.43847435653479, -34.684506925911663 ], [ -58.439116960261693, -34.685288768822453 ], [ -58.438889109045448, -34.686743802392478 ], [ -58.441177163898097, -34.689381324892679 ], [ -58.445521019111439, -34.685971729175151 ], [ -58.446715802831172, -34.685032386659806 ], [ -58.446730096531127, -34.685021154994537 ], [ -58.446779477478721, -34.684982258967167 ], [ -58.4468937247239, -34.684904468026737 ], [ -58.446979845503201, -34.684857263163401 ], [ -58.447108108532227, -34.684823389878353 ], [ -58.447288962100977, -34.68482192734939 ], [ -58.447648010733651, -34.685146517405563 ], [ -58.447782688202039, -34.68522960409372 ], [ -58.447878062909908, -34.685257270127281 ], [ -58.447962257933931, -34.685261834331946 ], [ -58.448046455669335, -34.685243391423882 ], [ -58.448096936080162, -34.685215727061781 ], [ -58.448153006671838, -34.685160396108962 ], [ -58.448186721962877, -34.685091186452745 ], [ -58.448181133137716, -34.68501275478534 ], [ -58.448109762925341, -34.684908302359808 ], [ -58.448079253159371, -34.684880272504756 ], [ -58.447852408541706, -34.68467246246108 ], [ -58.447759326302808, -34.684565088320554 ], [ -58.447627671341571, -34.684413156911972 ], [ -58.447698584009132, -34.684312538262361 ], [ -58.447762991406222, -34.68422096054892 ], [ -58.45150373070463, -34.681298019811095 ], [ -58.455453634411285, -34.678233465040421 ], [ -58.45582276055319, -34.678091852121888 ], [ -58.456216531753341, -34.678051402749475 ], [ -58.456388771956256, -34.678021090792086 ], [ -58.456511814907351, -34.677970506790409 ], [ -58.456561105023823, -34.677950328905126 ], [ -58.456698990050803, -34.67783090241165 ], [ -58.456739850497208, -34.677761055371377 ], [ -58.456794822303493, -34.677667101953752 ], [ -58.456819466006039, -34.677515353291653 ], [ -58.456905586785339, -34.677292842742595 ], [ -58.45696064942274, -34.677149585105774 ], [ -58.456979431806772, -34.677100737195623 ], [ -58.457151671331843, -34.676878228318024 ], [ -58.458405822677278, -34.675817083605018 ], [ -58.458437156701756, -34.675790149671663 ], [ -58.458616084515228, -34.675636757405584 ], [ -58.459014345077293, -34.67529947761242 ], [ -58.459273347300091, -34.675056422570819 ], [ -58.459454383208922, -34.674886504563212 ], [ -58.459484068716385, -34.674849892309631 ], [ -58.459671150317348, -34.674619255671089 ], [ -58.459798316594508, -34.674462486495287 ], [ -58.459870601896512, -34.674360224241696 ], [ -58.460022777912073, -34.674145109910526 ], [ -58.460105325096926, -34.674028331569488 ], [ -58.460436982046801, -34.673634625458952 ], [ -58.460891402675976, -34.673402437146827 ], [ -58.461382380796778, -34.673281275676132 ], [ -58.462012159712039, -34.673125875427431 ], [ -58.465248362650605, -34.670597370114585 ], [ -58.465972965186431, -34.670049907916479 ], [ -58.4672683457255, -34.669044733211798 ], [ -58.467500228081008, -34.668864770276706 ], [ -58.467708474688244, -34.668628565442184 ], [ -58.467755108333428, -34.668558990850173 ], [ -58.467784243431424, -34.668465495413038 ], [ -58.467784332229009, -34.668465128805778 ], [ -58.467801741300761, -34.668391263571657 ], [ -58.467805222030563, -34.668310552030533 ], [ -58.467791570926877, -34.668186102237584 ], [ -58.4677749901807, -34.66806841183562 ], [ -58.467734127022915, -34.667950171522776 ], [ -58.467629042197345, -34.667857952525203 ], [ -58.467553915372591, -34.667812301564076 ], [ -58.467519285669773, -34.667791209389257 ], [ -58.467386804416492, -34.667771943007743 ], [ -58.467276681853065, -34.667774226781539 ], [ -58.467125238587052, -34.667787740549137 ], [ -58.466982222279718, -34.66782654353181 ], [ -58.466888498122394, -34.667880596373607 ], [ -58.46681135538909, -34.667934831961873 ], [ -58.466692987529214, -34.66801180110032 ], [ -58.466588359570615, -34.668038919451611 ], [ -58.466486481625793, -34.668036727051053 ], [ -58.466318546411188, -34.668023123581669 ], [ -58.466167194654133, -34.667998197630943 ], [ -58.466023996006719, -34.667968797177316 ], [ -58.46588629535335, -34.667916753989601 ], [ -58.465725414462995, -34.667817687013574 ], [ -58.465331001344417, -34.667480863529441 ], [ -58.4638026389866, -34.66617547870851 ], [ -58.462696267837302, -34.665213127408968 ], [ -58.462667499452998, -34.665184274080467 ], [ -58.461772487571352, -34.664286018878741 ], [ -58.461713395828227, -34.664237534232925 ], [ -58.461657233727585, -34.664191370133061 ], [ -58.461293603546181, -34.663892439799291 ], [ -58.461289114184268, -34.66388875032623 ], [ -58.458819750929429, -34.662015907611234 ], [ -58.458786309487436, -34.661990523122853 ], [ -58.457523271604963, -34.660919517900297 ], [ -58.456299720856613, -34.659913886886585 ], [ -58.456270128891646, -34.659880195790855 ], [ -58.456110713500379, -34.659699047789438 ], [ -58.456063989701924, -34.659646090312187 ], [ -58.454722801809716, -34.658551345876688 ], [ -58.454214140768123, -34.658110344643887 ], [ -58.454075340651514, -34.657981057640868 ], [ -58.45314175808106, -34.657197387265313 ], [ -58.452549359560251, -34.656700140790164 ], [ -58.452319491757606, -34.656505205458586 ], [ -58.452114452031125, -34.656331269257123 ], [ -58.451994251958467, -34.656202073070183 ], [ -58.451871117498406, -34.655869358595986 ], [ -58.451866352931759, -34.655836032993207 ], [ -58.451778032548134, -34.655224381652587 ], [ -58.451711520444903, -34.654841815834082 ], [ -58.450341746508471, -34.654973020003645 ], [ -58.450008901297771, -34.655002784278757 ], [ -58.449036564342741, -34.655089798344683 ], [ -58.448998544741237, -34.655093177483025 ], [ -58.447059918556839, -34.655187859100792 ] ] ] ] } },
{ "type": "Feature", "properties": { "circuito": "00088", "codprov": "01", "coddepto": "008" }, "geometry": { "type": "MultiPolygon", "coordinates": [ [ [ [ -58.473232823310589, -34.686552885811906 ], [ -58.473169606885698, -34.686601366557646 ], [ -58.473029432101121, -34.686708924558964 ], [ -58.472967772684285, -34.68675622079553 ], [ -58.472104829610196, -34.687417632664378 ], [ -58.472035383119568, -34.687470953405956 ], [ -58.470839408427636, -34.68838993751816 ], [ -58.47067413171785, -34.68851739928504 ], [ -58.469810453860681, -34.689184653469574 ], [ -58.46967467692906, -34.689275867918681 ], [ -58.469558230079556, -34.689354023794913 ], [ -58.468504354571799, -34.690163259176707 ], [ -58.467263947872539, -34.69115099496463 ], [ -58.466066873717367, -34.692076550149807 ], [ -58.464960225329804, -34.692955816432651 ], [ -58.463766909142699, -34.693871602481522 ], [ -58.462605658373924, -34.694781000203896 ], [ -58.461326037033899, -34.695772661140971 ], [ -58.460609405945483, -34.696316380379244 ], [ -58.459243572995042, -34.695053178236478 ], [ -58.457803895023169, -34.693758567100318 ], [ -58.455933525035043, -34.692059384795613 ], [ -58.455915568943048, -34.692035736955901 ], [ -58.455502833696634, -34.691493021708943 ], [ -58.454095495669982, -34.690211924340382 ], [ -58.454013956439404, -34.69013769417046 ], [ -58.453248218252448, -34.689605387115321 ], [ -58.45321413692556, -34.689571329412331 ], [ -58.450311972203423, -34.686928786398425 ], [ -58.450273217140996, -34.686891078223148 ], [ -58.448109762925341, -34.684908302359808 ], [ -58.448181133137716, -34.68501275478534 ], [ -58.448186721962877, -34.685091186452745 ], [ -58.448153006671838, -34.685160396108962 ], [ -58.448096936080162, -34.685215727061781 ], [ -58.448046455669335, -34.685243391423882 ], [ -58.447962257933931, -34.685261834331946 ], [ -58.447878062909908, -34.685257270127281 ], [ -58.447782688202039, -34.68522960409372 ], [ -58.447648010733651, -34.685146517405563 ], [ -58.447288962100977, -34.68482192734939 ], [ -58.447108108532227, -34.684823389878353 ], [ -58.446979845503201, -34.684857263163401 ], [ -58.4468937247239, -34.684904468026737 ], [ -58.446779477478721, -34.684982258967167 ], [ -58.446730096531127, -34.685021154994537 ], [ -58.446715802831172, -34.685032386659806 ], [ -58.445521019111439, -34.685971729175151 ], [ -58.441177163898097, -34.689381324892679 ], [ -58.457978609357291, -34.709057326506702 ], [ -58.458105959330226, -34.709222954429357 ], [ -58.458260882648204, -34.709333614106377 ], [ -58.458411044788747, -34.709458063899326 ], [ -58.458459967513676, -34.709511749576706 ], [ -58.458903122372789, -34.709999957344301 ], [ -58.458940502089391, -34.709972473500059 ], [ -58.479711824611478, -34.694367479472412 ], [ -58.480924657965694, -34.693456349001444 ], [ -58.479515032214977, -34.692202459685952 ], [ -58.479449432489993, -34.692142290965904 ], [ -58.479383834798547, -34.692082120017247 ], [ -58.478740498322097, -34.691500965609102 ], [ -58.478675173801847, -34.691441983069694 ], [ -58.478609942824093, -34.691383090232051 ], [ -58.477965413341913, -34.690804493160272 ], [ -58.477901830203329, -34.690746878433657 ], [ -58.477838156233631, -34.690689265378502 ], [ -58.477188680522559, -34.690106285177066 ], [ -58.477125097383976, -34.690047667573452 ], [ -58.477061423414277, -34.68998904885553 ], [ -58.476416072384964, -34.68940981105677 ], [ -58.476352122532681, -34.689352745683891 ], [ -58.476288173358249, -34.689295588937775 ], [ -58.4756387884783, -34.688716716631966 ], [ -58.475575205339716, -34.688658281774828 ], [ -58.475511624912507, -34.688599938848078 ], [ -58.474870575482285, -34.688019422938297 ], [ -58.474804978468676, -34.687961808211682 ], [ -58.474739471608352, -34.687904286529772 ], [ -58.474093019082261, -34.687325233148947 ], [ -58.47402696181247, -34.687265883445122 ], [ -58.473960815067244, -34.687206535969906 ], [ -58.473232823310589, -34.686552885811906 ] ] ] ] } },
{ "type": "Feature", "properties": { "circuito": "00091", "codprov": "01", "coddepto": "009" }, "geometry": { "type": "MultiPolygon", "coordinates": [ [ [ [ -58.467784332229009, -34.668465128805778 ], [ -58.467784243431424, -34.668465495413038 ], [ -58.467784334262547, -34.668465221850482 ], [ -58.467784332229009, -34.668465128805778 ] ] ], [ [ [ -58.457523271604963, -34.660919517900297 ], [ -58.458786309487436, -34.661990523122853 ], [ -58.458819750929429, -34.662015907611234 ], [ -58.461289114184268, -34.66388875032623 ], [ -58.461293603546181, -34.663892439799291 ], [ -58.461657233727585, -34.664191370133061 ], [ -58.462043034158171, -34.663874871622831 ], [ -58.462228560784609, -34.663722483905218 ], [ -58.462443402137751, -34.663551469975907 ], [ -58.462972584911512, -34.663146168935768 ], [ -58.463404562798146, -34.662822767288844 ], [ -58.463617205224814, -34.662651663100597 ], [ -58.464123758848892, -34.66226872956053 ], [ -58.464476576737987, -34.662004767319203 ], [ -58.464949598766793, -34.661617269574464 ], [ -58.466883825064706, -34.663227521203865 ], [ -58.46701007354087, -34.663140416321852 ], [ -58.46720356958118, -34.663004737092244 ], [ -58.467448921378143, -34.662839658523325 ], [ -58.467868347624332, -34.662419474231321 ], [ -58.469200739132781, -34.665389711205719 ], [ -58.469896848489029, -34.66694216703349 ], [ -58.471175554061581, -34.665998621349196 ], [ -58.471796810442122, -34.665483206085696 ], [ -58.47257849016821, -34.664875208003131 ], [ -58.473380326268462, -34.664248309032004 ], [ -58.474567230049743, -34.663319831574668 ], [ -58.475373188798216, -34.662689552908049 ], [ -58.475759908385491, -34.662387243993088 ], [ -58.476293303960752, -34.661965232236327 ], [ -58.476240989303605, -34.661921406511333 ], [ -58.475690827930713, -34.66146013546286 ], [ -58.473988757837354, -34.659905669423857 ], [ -58.469386814135149, -34.65573440979513 ], [ -58.46690233156616, -34.653493060482887 ], [ -58.466392388721246, -34.653894984056151 ], [ -58.464124582429555, -34.6556554310026 ], [ -58.463916977740745, -34.655821971543332 ], [ -58.463850738130873, -34.655887984250526 ], [ -58.463528427974218, -34.656209651477397 ], [ -58.463102682864701, -34.65658153554152 ], [ -58.462936489031762, -34.656726620643099 ], [ -58.461826544288009, -34.657593375478186 ], [ -58.461216096132716, -34.657981057640868 ], [ -58.460892319799136, -34.658231962980771 ], [ -58.459643665769896, -34.659189932822123 ], [ -58.458616908095891, -34.660125076068596 ], [ -58.458572016510225, -34.660157671799773 ], [ -58.457523271604963, -34.660919517900297 ] ] ] ] } },
{ "type": "Feature", "properties": { "circuito": "00092", "codprov": "01", "coddepto": "009" }, "geometry": { "type": "MultiPolygon", "coordinates": [ [ [ [ -58.476037599449825, -34.640838762928411 ], [ -58.474242447117575, -34.642238282799141 ], [ -58.473520959275696, -34.642807293481091 ], [ -58.470880178042918, -34.641158238869025 ], [ -58.468675772549737, -34.640485869454622 ], [ -58.466606315662602, -34.645258827984037 ], [ -58.462359116282613, -34.648634091878861 ], [ -58.462316787625738, -34.648667785203209 ], [ -58.46210890705435, -34.648789767918736 ], [ -58.461993011292151, -34.648857880538941 ], [ -58.461340603227214, -34.649336957668588 ], [ -58.460642570149218, -34.649868990604013 ], [ -58.460198591709442, -34.650135144131582 ], [ -58.460605557146302, -34.650819382038151 ], [ -58.461114309019017, -34.65154160391117 ], [ -58.461705881925631, -34.652160648683903 ], [ -58.463198056894733, -34.653990763267075 ], [ -58.463244596997413, -34.654047737266716 ], [ -58.464296182747582, -34.655517834606464 ], [ -58.464124582429555, -34.6556554310026 ], [ -58.466392388721246, -34.653894984056151 ], [ -58.46690233156616, -34.653493060482887 ], [ -58.470994334456982, -34.650267809158642 ], [ -58.4744615961704, -34.647547473532846 ], [ -58.477435315478523, -34.645177292969464 ], [ -58.477582085686855, -34.645060330767635 ], [ -58.480446597521187, -34.642825920807098 ], [ -58.476037599449825, -34.640838762928411 ] ] ] ] } },
{ "type": "Feature", "properties": { "circuito": "00093", "codprov": "01", "coddepto": "009" }, "geometry": { "type": "MultiPolygon", "coordinates": [ [ [ [ -58.476308785921539, -34.661953089624447 ], [ -58.481480958573215, -34.657880073498298 ], [ -58.483913674860986, -34.656004125207517 ], [ -58.478968990778924, -34.651770503901034 ], [ -58.482152515058033, -34.64920556908109 ], [ -58.477435315478523, -34.645177292969464 ], [ -58.4744615961704, -34.647547473532846 ], [ -58.470994334456982, -34.650267809158642 ], [ -58.46690233156616, -34.653493060482887 ], [ -58.469386814135149, -34.65573440979513 ], [ -58.473988757837354, -34.659905669423857 ], [ -58.475690827930713, -34.66146013546286 ], [ -58.476240989303605, -34.661921406511333 ], [ -58.476293303960752, -34.661965232236327 ], [ -58.476308785921539, -34.661953089624447 ] ] ] ] } },
{ "type": "Feature", "properties": { "circuito": "00094", "codprov": "01", "coddepto": "009" }, "geometry": { "type": "MultiPolygon", "coordinates": [ [ [ [ -58.483913674860986, -34.656004125207517 ], [ -58.483915233902572, -34.656002938469733 ], [ -58.487103153323261, -34.653496073013976 ], [ -58.490419338484351, -34.650888409505043 ], [ -58.49310601993492, -34.648782098138284 ], [ -58.492869739726451, -34.648693806518487 ], [ -58.492754210677951, -34.648637014708171 ], [ -58.492654895661936, -34.648614280043688 ], [ -58.485469248595059, -34.64519692484393 ], [ -58.480481778311315, -34.642841808050271 ], [ -58.480446597521187, -34.642825920807098 ], [ -58.477582085686855, -34.645060330767635 ], [ -58.477435315478523, -34.645177292969464 ], [ -58.482152515058033, -34.64920556908109 ], [ -58.478968990778924, -34.651770503901034 ], [ -58.483913674860986, -34.656004125207517 ] ] ] ] } },
{ "type": "Feature", "properties": { "circuito": "00095", "codprov": "01", "coddepto": "009" }, "geometry": { "type": "MultiPolygon", "coordinates": [ [ [ [ -58.508669624335035, -34.653730999737469 ], [ -58.50865707472812, -34.653725157421782 ], [ -58.504491411867328, -34.651792052384884 ], [ -58.504353252991301, -34.651726860922523 ], [ -58.50233638664389, -34.650775281079142 ], [ -58.500220571994149, -34.649772298775012 ], [ -58.494957243536696, -34.647339482971319 ], [ -58.49310601993492, -34.648782098138284 ], [ -58.490419338484351, -34.650888409505043 ], [ -58.487103153323261, -34.653496073013976 ], [ -58.488729822064975, -34.654869115260389 ], [ -58.49034622892384, -34.6562198785942 ], [ -58.491949166341264, -34.657548454945804 ], [ -58.492829243282365, -34.658279256988727 ], [ -58.495114732494841, -34.660168810420345 ], [ -58.496672778326591, -34.661460591771899 ], [ -58.497661971910375, -34.662287263841833 ], [ -58.499625334661971, -34.660701573784522 ], [ -58.500511184124008, -34.659810347079123 ], [ -58.501442750108062, -34.658868813277529 ], [ -58.502298089804121, -34.658027712593309 ], [ -58.502740968780657, -34.657575845745342 ], [ -58.503687835741097, -34.657010942959019 ], [ -58.505199888490409, -34.656119624880382 ], [ -58.506299482553722, -34.655429179722326 ], [ -58.507521291242561, -34.654562970340898 ], [ -58.508636184248729, -34.653772088722548 ], [ -58.508668709245406, -34.653755927359661 ], [ -58.508695094329624, -34.653742779085015 ], [ -58.508669624335035, -34.653730999737469 ] ] ] ] } },
{ "type": "Feature", "properties": { "circuito": "00096", "codprov": "01", "coddepto": "009" }, "geometry": { "type": "MultiPolygon", "coordinates": [ [ [ [ -58.487103153323261, -34.653496073013976 ], [ -58.483915233902572, -34.656002938469733 ], [ -58.483913674860986, -34.656004125207517 ], [ -58.481480958573215, -34.657880073498298 ], [ -58.476308785921539, -34.661953089624447 ], [ -58.476293303960752, -34.661965232236327 ], [ -58.476450426883048, -34.662066124448501 ], [ -58.478983923685931, -34.663691807012036 ], [ -58.481725576942779, -34.665460562237293 ], [ -58.483576431797331, -34.66662086474242 ], [ -58.486355739975515, -34.66744598569592 ], [ -58.486638102741857, -34.667523321441628 ], [ -58.487710851464769, -34.668529135201823 ], [ -58.488662758196597, -34.669411686464002 ], [ -58.488718003174071, -34.669466286988069 ], [ -58.490698404894502, -34.667919857893928 ], [ -58.49218746381397, -34.666702126194437 ], [ -58.494417341335271, -34.664919581410395 ], [ -58.495646755435665, -34.663915321552402 ], [ -58.497433661115785, -34.662471608792274 ], [ -58.497661971910375, -34.662287263841833 ], [ -58.496672778326591, -34.661460591771899 ], [ -58.495114732494841, -34.660168810420345 ], [ -58.492829243282365, -34.658279256988727 ], [ -58.491949166341264, -34.657548454945804 ], [ -58.49034622892384, -34.6562198785942 ], [ -58.488729822064975, -34.654869115260389 ], [ -58.487103153323261, -34.653496073013976 ] ] ] ] } },
{ "type": "Feature", "properties": { "circuito": "00097", "codprov": "01", "coddepto": "009" }, "geometry": { "type": "MultiPolygon", "coordinates": [ [ [ [ -58.488718003174071, -34.669466286988069 ], [ -58.489325792824545, -34.670066708334879 ], [ -58.489498216723227, -34.670237356214088 ], [ -58.489654884134247, -34.670392482900219 ], [ -58.489897761122151, -34.670631427817575 ], [ -58.489988186889754, -34.67071981081061 ], [ -58.490087683568014, -34.67081613770381 ], [ -58.491259470068677, -34.672112300513554 ], [ -58.491370143719408, -34.672204426466422 ], [ -58.491457181621868, -34.672276922216284 ], [ -58.493492736810815, -34.674297132692345 ], [ -58.493657282804591, -34.674447877363136 ], [ -58.494875977477321, -34.675485830545476 ], [ -58.495018718579921, -34.675587635932871 ], [ -58.495226963153627, -34.675736096829873 ], [ -58.495480653111684, -34.67591651384538 ], [ -58.495742770028436, -34.676102136906842 ], [ -58.496023762193865, -34.676300999059038 ], [ -58.496615243591513, -34.676721274724287 ], [ -58.496775298189831, -34.676822806549126 ], [ -58.496944608072411, -34.676914931944836 ], [ -58.497297792675198, -34.677103203715895 ], [ -58.497606636101779, -34.67726809898118 ], [ -58.497709522000868, -34.677323064998205 ], [ -58.497875165424347, -34.677411630737716 ], [ -58.497985841108608, -34.67747061327713 ], [ -58.498271595807161, -34.677623000994743 ], [ -58.498563762233694, -34.677778309870199 ], [ -58.499066008835932, -34.678045377687305 ], [ -58.500440638170133, -34.678832242783258 ], [ -58.509952177351082, -34.671669289626671 ], [ -58.508418959595495, -34.670406726539419 ], [ -58.505864023937285, -34.668266176951811 ], [ -58.503129609378298, -34.666007477867431 ], [ -58.501809494305569, -34.664915017205729 ], [ -58.500848609527743, -34.664117835291194 ], [ -58.500404082034194, -34.663948099472904 ], [ -58.499955065856568, -34.663800458706433 ], [ -58.499326477913513, -34.663571649532649 ], [ -58.498949289493076, -34.663350142974899 ], [ -58.498545164901117, -34.663025372400867 ], [ -58.497661971910375, -34.662287263841833 ], [ -58.497433661115785, -34.662471608792274 ], [ -58.495646755435665, -34.663915321552402 ], [ -58.494417341335271, -34.664919581410395 ], [ -58.49218746381397, -34.666702126194437 ], [ -58.490698404894502, -34.667919857893928 ], [ -58.488718003174071, -34.669466286988069 ] ] ] ] } },
{ "type": "Feature", "properties": { "circuito": "00098", "codprov": "01", "coddepto": "009" }, "geometry": { "type": "MultiPolygon", "coordinates": [ [ [ [ -58.524115960338513, -34.661002789006396 ], [ -58.523237165200733, -34.660478334478178 ], [ -58.522196025029189, -34.659990674950009 ], [ -58.520634314094025, -34.659277492341708 ], [ -58.517074426330829, -34.657625880393283 ], [ -58.509933579340661, -34.65431845499895 ], [ -58.508739895084169, -34.653788797210559 ], [ -58.508695094329624, -34.653742779085015 ], [ -58.508668709245406, -34.653755927359661 ], [ -58.508636184248729, -34.653772088722548 ], [ -58.507521291242561, -34.654562970340898 ], [ -58.506299482553722, -34.655429179722326 ], [ -58.505199888490409, -34.656119624880382 ], [ -58.503687835741097, -34.657010942959019 ], [ -58.502740968780657, -34.657575845745342 ], [ -58.502298089804121, -34.658027712593309 ], [ -58.501442750108062, -34.658868813277529 ], [ -58.500511184124008, -34.659810347079123 ], [ -58.499625334661971, -34.660701573784522 ], [ -58.497661971910375, -34.662287263841833 ], [ -58.498545164901117, -34.663025372400867 ], [ -58.498949289493076, -34.663350142974899 ], [ -58.499326477913513, -34.663571649532649 ], [ -58.499955065856568, -34.663800458706433 ], [ -58.500404082034194, -34.663948099472904 ], [ -58.500848609527743, -34.664117835291194 ], [ -58.501809494305569, -34.664915017205729 ], [ -58.503129609378298, -34.666007477867431 ], [ -58.505864023937285, -34.668266176951811 ], [ -58.508418959595495, -34.670406726539419 ], [ -58.509952177351082, -34.671669289626671 ], [ -58.524115960338513, -34.661002789006396 ] ] ] ] } },
{ "type": "Feature", "properties": { "circuito": "00099", "codprov": "01", "coddepto": "009" }, "geometry": { "type": "MultiPolygon", "coordinates": [ [ [ [ -58.508695094329624, -34.653742779085015 ], [ -58.508739895084169, -34.653788797210559 ], [ -58.509933579340661, -34.65431845499895 ], [ -58.517074426330829, -34.657625880393283 ], [ -58.520634314094025, -34.659277492341708 ], [ -58.522196025029189, -34.659990674950009 ], [ -58.523237165200733, -34.660478334478178 ], [ -58.524115960338513, -34.661002789006396 ], [ -58.527345657328766, -34.65858111182326 ], [ -58.52170504690838, -34.653307620167908 ], [ -58.518573744421772, -34.65038057042014 ], [ -58.516042721750097, -34.648207698663903 ], [ -58.516031087232811, -34.648227512727694 ], [ -58.513825671073974, -34.649914368002584 ], [ -58.511344580437196, -34.651777443252733 ], [ -58.509749336551074, -34.652960753427749 ], [ -58.509086393432092, -34.653452520851545 ], [ -58.508695094329624, -34.653742779085015 ] ] ] ] } },
{ "type": "Feature", "properties": { "circuito": "00100", "codprov": "01", "coddepto": "009" }, "geometry": { "type": "MultiPolygon", "coordinates": [ [ [ [ -58.509749336551074, -34.652960753427749 ], [ -58.511344580437196, -34.651777443252733 ], [ -58.513825671073974, -34.649914368002584 ], [ -58.516031087232811, -34.648227512727694 ], [ -58.516042721750097, -34.648207698663903 ], [ -58.516521148230453, -34.647396639160277 ], [ -58.516757613490377, -34.645386289750917 ], [ -58.516763659182509, -34.645322376399577 ], [ -58.516914002985288, -34.643744355565566 ], [ -58.517022752914272, -34.642314156573036 ], [ -58.508570953270976, -34.64123675968105 ], [ -58.508539804297953, -34.641364312821175 ], [ -58.508134580242761, -34.643023414032186 ], [ -58.507863483246481, -34.643968691907922 ], [ -58.503691683184591, -34.647127745549874 ], [ -58.501796575951424, -34.648531831853887 ], [ -58.501267303024385, -34.648934942722086 ], [ -58.501097992463961, -34.649070437533751 ], [ -58.500220571994149, -34.649772298775012 ], [ -58.50233638664389, -34.650775281079142 ], [ -58.504353252991301, -34.651726860922523 ], [ -58.504491411867328, -34.651792052384884 ], [ -58.50865707472812, -34.653725157421782 ], [ -58.508669624335035, -34.653730999737469 ], [ -58.508695094329624, -34.653742779085015 ], [ -58.509086393432092, -34.653452520851545 ], [ -58.509749336551074, -34.652960753427749 ] ] ] ] } },
{ "type": "Feature", "properties": { "circuito": "00101", "codprov": "01", "coddepto": "009" }, "geometry": { "type": "MultiPolygon", "coordinates": [ [ [ [ -58.527345657328766, -34.65858111182326 ], [ -58.527615470488193, -34.658378780273793 ], [ -58.52880283384782, -34.638628913425649 ], [ -58.528056974796755, -34.638650734357753 ], [ -58.527817396198571, -34.638657673709453 ], [ -58.527320920083724, -34.638683695024731 ], [ -58.527128523506647, -34.638693831325455 ], [ -58.52695261887817, -34.638689174076084 ], [ -58.526595860680935, -34.638679861248818 ], [ -58.52637900206355, -34.638661142549573 ], [ -58.525461454574717, -34.638582074055272 ], [ -58.525294434449734, -34.638510673112805 ], [ -58.522992912867011, -34.638327059148267 ], [ -58.522907982382065, -34.638319754303616 ], [ -58.522561852103536, -34.63828378110555 ], [ -58.521381454948411, -34.637989231115668 ], [ -58.520577144039109, -34.637822873321419 ], [ -58.519793541269117, -34.637707829957591 ], [ -58.519345164298542, -34.637641543130677 ], [ -58.518956247818323, -34.637638074290557 ], [ -58.519050705403039, -34.637323161997458 ], [ -58.519086345771512, -34.637204376230954 ], [ -58.519012776632657, -34.637027701060966 ], [ -58.518787946567862, -34.63680683355873 ], [ -58.518645023803025, -34.636770769544583 ], [ -58.518499351024403, -34.636601033726294 ], [ -58.5184357705972, -34.636714981725575 ], [ -58.518319781292512, -34.636752143890035 ], [ -58.517964214067476, -34.636791311808508 ], [ -58.517514922007273, -34.636814868832133 ], [ -58.517132602984333, -34.636799164335429 ], [ -58.517017897516496, -34.636799164335429 ], [ -58.516893481253121, -34.636801173989511 ], [ -58.516540021445607, -34.636807016305205 ], [ -58.515287793821912, -34.636814868832133 ], [ -58.514754671417855, -34.636902156460614 ], [ -58.514685500131954, -34.63691347894197 ], [ -58.514087148105823, -34.636903160451929 ], [ -58.514044910957914, -34.636907726328054 ], [ -58.513023652633642, -34.637017930253194 ], [ -58.512250126695044, -34.637203371682489 ], [ -58.511531388866956, -34.637443410850082 ], [ -58.51074613554642, -34.637786169694607 ], [ -58.509151533578724, -34.638460456275538 ], [ -58.508747591326845, -34.638643247323778 ], [ -58.508683459812332, -34.638667442845758 ], [ -58.507670810786827, -34.63908972872224 ], [ -58.507395317971131, -34.639204497966354 ], [ -58.506573966737299, -34.639496033753687 ], [ -58.506517622296585, -34.639510552069758 ], [ -58.505751151360073, -34.639707406239332 ], [ -58.505677857425951, -34.639726214083197 ], [ -58.504968372170751, -34.639726214083197 ], [ -58.504837725841625, -34.639664856396749 ], [ -58.503773588451018, -34.640462769297187 ], [ -58.503655493762345, -34.640563570693281 ], [ -58.503705334288277, -34.640570235925267 ], [ -58.507414008846197, -34.641061273477469 ], [ -58.508573243706415, -34.641227538227021 ], [ -58.508570953270976, -34.64123675968105 ], [ -58.517022752914272, -34.642314156573036 ], [ -58.516914002985288, -34.643744355565566 ], [ -58.516763659182509, -34.645322376399577 ], [ -58.516757613490377, -34.645386289750917 ], [ -58.516521148230453, -34.647396639160277 ], [ -58.516042721750097, -34.648207698663903 ], [ -58.518573744421772, -34.65038057042014 ], [ -58.52170504690838, -34.653307620167908 ], [ -58.527345657328766, -34.65858111182326 ] ] ] ] } },
{ "type": "Feature", "properties": { "circuito": "00102", "codprov": "01", "coddepto": "010" }, "geometry": { "type": "MultiPolygon", "coordinates": [ [ [ [ -58.51992830956862, -34.628113703486974 ], [ -58.514565666095145, -34.632189551069189 ], [ -58.510151904134979, -34.635576227704298 ], [ -58.506427472411552, -34.638422472866239 ], [ -58.508343651108504, -34.638600608336574 ], [ -58.508747591326845, -34.638643247323778 ], [ -58.509151533578724, -34.638460456275538 ], [ -58.51074613554642, -34.637786169694607 ], [ -58.511531388866956, -34.637443410850082 ], [ -58.512250126695044, -34.637203371682489 ], [ -58.513023652633642, -34.637017930253194 ], [ -58.514044910957914, -34.636907726328054 ], [ -58.514087148105823, -34.636903160451929 ], [ -58.514685500131954, -34.63691347894197 ], [ -58.514754671417855, -34.636902156460614 ], [ -58.515287793821912, -34.636814868832133 ], [ -58.516540021445607, -34.636807016305205 ], [ -58.516893481253121, -34.636801173989511 ], [ -58.517017897516496, -34.636799164335429 ], [ -58.517132602984333, -34.636799164335429 ], [ -58.517514922007273, -34.636814868832133 ], [ -58.517964214067476, -34.636791311808508 ], [ -58.518319781292512, -34.636752143890035 ], [ -58.5184357705972, -34.636714981725575 ], [ -58.518499351024403, -34.636601033726294 ], [ -58.518645023803025, -34.636770769544583 ], [ -58.518787946567862, -34.63680683355873 ], [ -58.519012776632657, -34.637027701060966 ], [ -58.519086345771512, -34.637204376230954 ], [ -58.519050705403039, -34.637323161997458 ], [ -58.518956247818323, -34.637638074290557 ], [ -58.519345164298542, -34.637641543130677 ], [ -58.519793541269117, -34.637707829957591 ], [ -58.520577144039109, -34.637822873321419 ], [ -58.521381454948411, -34.637989231115668 ], [ -58.522561852103536, -34.63828378110555 ], [ -58.522907982382065, -34.638319754303616 ], [ -58.522992912867011, -34.638327059148267 ], [ -58.525294434449734, -34.638510673112805 ], [ -58.525461454574717, -34.638582074055272 ], [ -58.52637900206355, -34.638661142549573 ], [ -58.526595860680935, -34.638679861248818 ], [ -58.52695261887817, -34.638689174076084 ], [ -58.527128523506647, -34.638693831325455 ], [ -58.527320920083724, -34.638683695024731 ], [ -58.527817396198571, -34.638657673709453 ], [ -58.528056974796755, -34.638650734357753 ], [ -58.52880283384782, -34.638628913425649 ], [ -58.528840122733307, -34.638008039516691 ], [ -58.529260828071443, -34.63126463326806 ], [ -58.521143981734213, -34.627181208950091 ], [ -58.51992830956862, -34.628113703486974 ] ] ] ] } },
{ "type": "Feature", "properties": { "circuito": "00103", "codprov": "01", "coddepto": "010" }, "geometry": { "type": "MultiPolygon", "coordinates": [ [ [ [ -58.515156599116864, -34.623858809487814 ], [ -58.518972189357449, -34.627249777879335 ], [ -58.51992830956862, -34.628113703486974 ], [ -58.521143981734213, -34.627181208950091 ], [ -58.529260828071443, -34.63126463326806 ], [ -58.529999998834114, -34.619083751602545 ], [ -58.527915975753665, -34.614426475492472 ], [ -58.526973324306098, -34.615038217649179 ], [ -58.525900759956805, -34.615833573770416 ], [ -58.525875380793337, -34.615852382171433 ], [ -58.524086367695702, -34.617153293603785 ], [ -58.52347985984855, -34.617567816655111 ], [ -58.523423240203101, -34.617531660710576 ], [ -58.522618747631562, -34.618178280700789 ], [ -58.521438898174523, -34.619092881683343 ], [ -58.519307875413055, -34.620707151506593 ], [ -58.515156599116864, -34.623858809487814 ] ] ] ] } },
{ "type": "Feature", "properties": { "circuito": "00104", "codprov": "01", "coddepto": "010" }, "geometry": { "type": "MultiPolygon", "coordinates": [ [ [ [ -58.501460157146276, -34.62771470274302 ], [ -58.505313311477082, -34.631330463785936 ], [ -58.506364437648898, -34.630549442677136 ], [ -58.507435354836872, -34.629754268745216 ], [ -58.509747319964681, -34.627962139242811 ], [ -58.514565666095145, -34.632189551069189 ], [ -58.51992830956862, -34.628113703486974 ], [ -58.518972189357449, -34.627249777879335 ], [ -58.515156599116864, -34.623858809487814 ], [ -58.511188097399796, -34.620324583459471 ], [ -58.510042878323425, -34.621208231757663 ], [ -58.506197877780103, -34.624153724970647 ], [ -58.501460157146276, -34.62771470274302 ] ] ] ] } },
{ "type": "Feature", "properties": { "circuito": "00105", "codprov": "01", "coddepto": "010" }, "geometry": { "type": "MultiPolygon", "coordinates": [ [ [ [ -58.498097887393783, -34.612615809480147 ], [ -58.497230913180431, -34.613587110899772 ], [ -58.49338270507851, -34.617955863196435 ], [ -58.492589755515297, -34.618586231007683 ], [ -58.491482285580602, -34.619459286696113 ], [ -58.490393228604873, -34.620322574919697 ], [ -58.492551276335455, -34.622134244923338 ], [ -58.496056468852785, -34.625018106330167 ], [ -58.498169166775035, -34.626088016188177 ], [ -58.501446506042591, -34.627701828030929 ], [ -58.501460157146276, -34.62771470274302 ], [ -58.506197877780103, -34.624153724970647 ], [ -58.510042878323425, -34.621208231757663 ], [ -58.511188097399796, -34.620324583459471 ], [ -58.511186631222863, -34.62032330534845 ], [ -58.508934857301419, -34.618999932814177 ], [ -58.50508170229277, -34.616735574160586 ], [ -58.502504413367461, -34.615241918125754 ], [ -58.498097887393783, -34.612615809480147 ] ] ] ] } },
{ "type": "Feature", "properties": { "circuito": "00106", "codprov": "01", "coddepto": "010" }, "geometry": { "type": "MultiPolygon", "coordinates": [ [ [ [ -58.514565666095145, -34.632189551069189 ], [ -58.509747319964681, -34.627962139242811 ], [ -58.507435354836872, -34.629754268745216 ], [ -58.506364437648898, -34.630549442677136 ], [ -58.505313311477082, -34.631330463785936 ], [ -58.505249729016342, -34.631376481911481 ], [ -58.498965506236935, -34.635985364748976 ], [ -58.497853269024212, -34.635558149732027 ], [ -58.497829815616022, -34.635573854228724 ], [ -58.497586847797002, -34.635736741511401 ], [ -58.496847952239065, -34.636354875337531 ], [ -58.496167784421942, -34.636886999646194 ], [ -58.493271756223052, -34.639142593154787 ], [ -58.495023298095113, -34.639366289884478 ], [ -58.495567782523111, -34.639458965191082 ], [ -58.497295320577521, -34.639767666332617 ], [ -58.49825299576321, -34.639906540282624 ], [ -58.500862994058821, -34.640276964046407 ], [ -58.50354820933245, -34.640570235925267 ], [ -58.503705334288277, -34.640570235925267 ], [ -58.503655493762345, -34.640563570693281 ], [ -58.503773588451018, -34.640462769297187 ], [ -58.504837725841625, -34.639664856396749 ], [ -58.504968372170751, -34.639726214083197 ], [ -58.505677857425951, -34.639726214083197 ], [ -58.505751151360073, -34.639707406239332 ], [ -58.506517622296585, -34.639510552069758 ], [ -58.506573966737299, -34.639496033753687 ], [ -58.507395317971131, -34.639204497966354 ], [ -58.507670810786827, -34.63908972872224 ], [ -58.508683459812332, -34.638667442845758 ], [ -58.508747591326845, -34.638643247323778 ], [ -58.508343651108504, -34.638600608336574 ], [ -58.506427472411552, -34.638422472866239 ], [ -58.510151904134979, -34.635576227704298 ], [ -58.514565666095145, -34.632189551069189 ] ] ] ] } },
{ "type": "Feature", "properties": { "circuito": "00107", "codprov": "01", "coddepto": "010" }, "geometry": { "type": "MultiPolygon", "coordinates": [ [ [ [ -58.493271756223052, -34.639142593154787 ], [ -58.492551460709066, -34.639703570234801 ], [ -58.491574818765727, -34.64048806185518 ], [ -58.49087834337363, -34.640359870216706 ], [ -58.491080084710397, -34.640816209896094 ], [ -58.489558225589519, -34.642000341873093 ], [ -58.485469248595059, -34.64519692484393 ], [ -58.492654895661936, -34.648614280043688 ], [ -58.492754210677951, -34.648637014708171 ], [ -58.492869739726451, -34.648693806518487 ], [ -58.49310601993492, -34.648782098138284 ], [ -58.494957243536696, -34.647339482971319 ], [ -58.500220571994149, -34.649772298775012 ], [ -58.501097992463961, -34.649070437533751 ], [ -58.501267303024385, -34.648934942722086 ], [ -58.501796575951424, -34.648531831853887 ], [ -58.503691683184591, -34.647127745549874 ], [ -58.507863483246481, -34.643968691907922 ], [ -58.508134580242761, -34.643023414032186 ], [ -58.508539804297953, -34.641364312821175 ], [ -58.508570953270976, -34.64123675968105 ], [ -58.508573243706415, -34.641227538227021 ], [ -58.507414008846197, -34.641061273477469 ], [ -58.503705334288277, -34.640570235925267 ], [ -58.50354820933245, -34.640570235925267 ], [ -58.500862994058821, -34.640276964046407 ], [ -58.49825299576321, -34.639906540282624 ], [ -58.497295320577521, -34.639767666332617 ], [ -58.495567782523111, -34.639458965191082 ], [ -58.495023298095113, -34.639366289884478 ], [ -58.493271756223052, -34.639142593154787 ] ] ] ] } },
{ "type": "Feature", "properties": { "circuito": "00108", "codprov": "01", "coddepto": "010" }, "geometry": { "type": "MultiPolygon", "coordinates": [ [ [ [ -58.496056468852785, -34.625018106330167 ], [ -58.488014288406269, -34.63136707603951 ], [ -58.487933666976694, -34.631431172137326 ], [ -58.487928718714272, -34.631435098957944 ], [ -58.491381046842839, -34.632841650110763 ], [ -58.491638584244392, -34.633000427826339 ], [ -58.492507665875259, -34.633397239512661 ], [ -58.492636479991596, -34.633238551498856 ], [ -58.493988388667155, -34.634190951472767 ], [ -58.494310239245458, -34.634323252678342 ], [ -58.495243730306946, -34.634614332156644 ], [ -58.497078552791251, -34.635275744025485 ], [ -58.497829815616022, -34.635573854228724 ], [ -58.497853269024212, -34.635558149732027 ], [ -58.498965506236935, -34.635985364748976 ], [ -58.505249729016342, -34.631376481911481 ], [ -58.505313311477082, -34.631330463785936 ], [ -58.501460157146276, -34.62771470274302 ], [ -58.501446506042591, -34.627701828030929 ], [ -58.498169166775035, -34.626088016188177 ], [ -58.496056468852785, -34.625018106330167 ] ] ] ] } },
{ "type": "Feature", "properties": { "circuito": "00109", "codprov": "01", "coddepto": "010" }, "geometry": { "type": "MultiPolygon", "coordinates": [ [ [ [ -58.480841637645611, -34.637057277018059 ], [ -58.480697079920645, -34.637180910580568 ], [ -58.479867940935179, -34.6377899143259 ], [ -58.478548467780875, -34.63885607955261 ], [ -58.478426157579321, -34.638949574432587 ], [ -58.477215891898808, -34.639925989410621 ], [ -58.476426240725317, -34.640559917435226 ], [ -58.476037599449825, -34.640838762928411 ], [ -58.480446597521187, -34.642825920807098 ], [ -58.480481778311315, -34.642841808050271 ], [ -58.485469248595059, -34.64519692484393 ], [ -58.489558225589519, -34.642000341873093 ], [ -58.491080084710397, -34.640816209896094 ], [ -58.49087834337363, -34.640359870216706 ], [ -58.491574818765727, -34.64048806185518 ], [ -58.492551460709066, -34.639703570234801 ], [ -58.493271756223052, -34.639142593154787 ], [ -58.496167784421942, -34.636886999646194 ], [ -58.496847952239065, -34.636354875337531 ], [ -58.497586847797002, -34.635736741511401 ], [ -58.497829815616022, -34.635573854228724 ], [ -58.497078552791251, -34.635275744025485 ], [ -58.495243730306946, -34.634614332156644 ], [ -58.494310239245458, -34.634323252678342 ], [ -58.493988388667155, -34.634190951472767 ], [ -58.492636479991596, -34.633238551498856 ], [ -58.492507665875259, -34.633397239512661 ], [ -58.491638584244392, -34.633000427826339 ], [ -58.491381046842839, -34.632841650110763 ], [ -58.487928718714272, -34.631435098957944 ], [ -58.483718438794696, -34.634781238190321 ], [ -58.481323560446185, -34.636652894167533 ], [ -58.481281416162929, -34.636685854834511 ], [ -58.481257227293817, -34.636708316493589 ], [ -58.481005187886304, -34.636918864948626 ], [ -58.480931893952182, -34.636980131261836 ], [ -58.480927771981797, -34.636983600101956 ], [ -58.480841637645611, -34.637057277018059 ] ] ] ] } },
{ "type": "Feature", "properties": { "circuito": "00110", "codprov": "01", "coddepto": "010" }, "geometry": { "type": "MultiPolygon", "coordinates": [ [ [ [ -58.487933666976694, -34.631431172137326 ], [ -58.488014288406269, -34.63136707603951 ], [ -58.496056468852785, -34.625018106330167 ], [ -58.492551276335455, -34.622134244923338 ], [ -58.490393228604873, -34.620322574919697 ], [ -58.489301239953114, -34.621189695804894 ], [ -58.486019320492524, -34.623790970987322 ], [ -58.480325204442792, -34.628319140055069 ], [ -58.480329693126869, -34.628322517521951 ], [ -58.482411791129877, -34.629175943564533 ], [ -58.483014817569384, -34.629419637661641 ], [ -58.486619871445129, -34.630898865082187 ], [ -58.487933666976694, -34.631431172137326 ] ] ] ] } },
{ "type": "Feature", "properties": { "circuito": "00113", "codprov": "01", "coddepto": "011" }, "geometry": { "type": "MultiPolygon", "coordinates": [ [ [ [ -58.475473694108594, -34.626139876629409 ], [ -58.476878555292657, -34.626851324817657 ], [ -58.479294966038992, -34.627888089590748 ], [ -58.480325204442792, -34.628319140055069 ], [ -58.486019320492524, -34.623790970987322 ], [ -58.489301239953114, -34.621189695804894 ], [ -58.490393228604873, -34.620322574919697 ], [ -58.491482285580602, -34.619459286696113 ], [ -58.492589755515297, -34.618586231007683 ], [ -58.490819158088001, -34.617060983790132 ], [ -58.49002410042943, -34.616407241701737 ], [ -58.48697131669978, -34.614095495438335 ], [ -58.486342637247766, -34.613638697221297 ], [ -58.485648269273177, -34.613474258265043 ], [ -58.485611071896656, -34.613514888712473 ], [ -58.485314049394511, -34.61388102016268 ], [ -58.484953441720251, -34.614386757663119 ], [ -58.484677582868699, -34.614700572363056 ], [ -58.484423068652127, -34.61501447843623 ], [ -58.483638182045283, -34.61600833177387 ], [ -58.481972851783645, -34.618048445458342 ], [ -58.480360661115498, -34.620123347831708 ], [ -58.479554517315563, -34.621082413037598 ], [ -58.478769630708719, -34.622076266932389 ], [ -58.477125556962321, -34.624098941700105 ], [ -58.476955789534927, -34.624342998504396 ], [ -58.475473694108594, -34.626139876629409 ] ] ] ] } },
{ "type": "Feature", "properties": { "circuito": "00114", "codprov": "01", "coddepto": "011" }, "geometry": { "type": "MultiPolygon", "coordinates": [ [ [ [ -58.477932247104654, -34.611598309974262 ], [ -58.477191245484889, -34.612547423297372 ], [ -58.473916747740084, -34.616612861016307 ], [ -58.471486776721186, -34.619667918541772 ], [ -58.468993591310934, -34.622770091785938 ], [ -58.475291192700674, -34.626047477113985 ], [ -58.475473694108594, -34.626139876629409 ], [ -58.476955789534927, -34.624342998504396 ], [ -58.477125556962321, -34.624098941700105 ], [ -58.478769630708719, -34.622076266932389 ], [ -58.479554517315563, -34.621082413037598 ], [ -58.480360661115498, -34.620123347831708 ], [ -58.481972851783645, -34.618048445458342 ], [ -58.483638182045283, -34.61600833177387 ], [ -58.484423068652127, -34.61501447843623 ], [ -58.484677582868699, -34.614700572363056 ], [ -58.484953441720251, -34.614386757663119 ], [ -58.485314049394511, -34.61388102016268 ], [ -58.485611071896656, -34.613514888712473 ], [ -58.485648269273177, -34.613474258265043 ], [ -58.484133558019046, -34.613115705222043 ], [ -58.481024885359957, -34.61235559187012 ], [ -58.477932247104654, -34.611598309974262 ] ] ] ] } },
{ "type": "Feature", "properties": { "circuito": "00115", "codprov": "01", "coddepto": "011" }, "geometry": { "type": "MultiPolygon", "coordinates": [ [ [ [ -58.468993591310934, -34.622770091785938 ], [ -58.471486776721186, -34.619667918541772 ], [ -58.473916747740084, -34.616612861016307 ], [ -58.477191245484889, -34.612547423297372 ], [ -58.477932247104654, -34.611598309974262 ], [ -58.476460231221083, -34.611236285862525 ], [ -58.47622614722772, -34.611182872076242 ], [ -58.47494533559334, -34.610768349024916 ], [ -58.474795725217952, -34.610720140170272 ], [ -58.473815142966473, -34.610203811731544 ], [ -58.473606622510189, -34.610075620093063 ], [ -58.471431350081474, -34.608753252664414 ], [ -58.47142319561614, -34.608748321852488 ], [ -58.469853970778381, -34.610801583811607 ], [ -58.468520662146773, -34.612560752647042 ], [ -58.467011999296147, -34.614550651165715 ], [ -58.466275211833569, -34.615502320710874 ], [ -58.465152439566801, -34.616973150150834 ], [ -58.463327876931814, -34.619366795807444 ], [ -58.462931266920293, -34.619864407775552 ], [ -58.465282629028955, -34.620867207333198 ], [ -58.465954733889703, -34.621155274280412 ], [ -58.466414287154912, -34.621400791942207 ], [ -58.466446627777977, -34.621417958967868 ], [ -58.468993591310934, -34.622770091785938 ] ] ] ] } },
{ "type": "Feature", "properties": { "circuito": "00116", "codprov": "01", "coddepto": "011" }, "geometry": { "type": "MultiPolygon", "coordinates": [ [ [ [ -58.47142319561614, -34.608748321852488 ], [ -58.469085576120129, -34.607308901405922 ], [ -58.467795786439751, -34.606357688169801 ], [ -58.46776142990813, -34.606335592003674 ], [ -58.46755171644611, -34.606224930098037 ], [ -58.466958402835679, -34.605818989445233 ], [ -58.46623050191014, -34.605261665623274 ], [ -58.464621973634031, -34.605653637870908 ], [ -58.461594568390005, -34.606407540071267 ], [ -58.456065731083591, -34.60780258766772 ], [ -58.455598938442677, -34.60792365776517 ], [ -58.45990578268664, -34.610854450472772 ], [ -58.456707968096801, -34.617259571822615 ], [ -58.456594362092204, -34.617433599954467 ], [ -58.456588132026461, -34.617443186344303 ], [ -58.461713302963574, -34.6193448823878 ], [ -58.462931266920293, -34.619864407775552 ], [ -58.463327876931814, -34.619366795807444 ], [ -58.465152439566801, -34.616973150150834 ], [ -58.466275211833569, -34.615502320710874 ], [ -58.467011999296147, -34.614550651165715 ], [ -58.468520662146773, -34.612560752647042 ], [ -58.469853970778381, -34.610801583811607 ], [ -58.47142319561614, -34.608748321852488 ] ] ] ] } },
{ "type": "Feature", "properties": { "circuito": "00117", "codprov": "01", "coddepto": "011" }, "geometry": { "type": "MultiPolygon", "coordinates": [ [ [ [ -58.473893567503097, -34.603594896303271 ], [ -58.474982076102897, -34.604210929102081 ], [ -58.474444921881727, -34.604979898972246 ], [ -58.473841530084215, -34.605771602392579 ], [ -58.471431350081474, -34.608753252664414 ], [ -58.473606622510189, -34.610075620093063 ], [ -58.473815142966473, -34.610203811731544 ], [ -58.474795725217952, -34.610720140170272 ], [ -58.47494533559334, -34.610768349024916 ], [ -58.47622614722772, -34.611182872076242 ], [ -58.476460231221083, -34.611236285862525 ], [ -58.477932247104654, -34.611598309974262 ], [ -58.481024885359957, -34.61235559187012 ], [ -58.484133558019046, -34.613115705222043 ], [ -58.485648269273177, -34.613474258265043 ], [ -58.486459540964233, -34.612590792156176 ], [ -58.487541450751067, -34.611370230672073 ], [ -58.488432430815607, -34.610393724877959 ], [ -58.48957801660567, -34.609103406055368 ], [ -58.490405320666973, -34.608179309499072 ], [ -58.491169044301067, -34.607324879465182 ], [ -58.491911511419922, -34.606348466715765 ], [ -58.493025762507664, -34.604858189819275 ], [ -58.481327222838217, -34.604082006477704 ], [ -58.473893567503097, -34.603594896303271 ] ] ] ] } },
{ "type": "Feature", "properties": { "circuito": "00118", "codprov": "01", "coddepto": "011" }, "geometry": { "type": "MultiPolygon", "coordinates": [ [ [ [ -58.476339019804932, -34.603046063506604 ], [ -58.473864983492405, -34.603578735497543 ], [ -58.473893567503097, -34.603594896303271 ], [ -58.481327222838217, -34.604082006477704 ], [ -58.493025762507664, -34.604858189819275 ], [ -58.493063602480461, -34.604860654668087 ], [ -58.502659703399125, -34.605523983146313 ], [ -58.503893057807666, -34.605615471715133 ], [ -58.501616821845914, -34.604210381419811 ], [ -58.4988161683549, -34.602477508019376 ], [ -58.495028795411308, -34.600158548841712 ], [ -58.494973366738058, -34.600124583626268 ], [ -58.492596994213159, -34.600290574813265 ], [ -58.487912594835066, -34.600597176041788 ], [ -58.486229673161596, -34.600706742582879 ], [ -58.480680954007909, -34.60111587962755 ], [ -58.480622777354398, -34.601119622587383 ], [ -58.480499461232107, -34.601260506748631 ], [ -58.476339019804932, -34.603046063506604 ] ] ] ] } },
{ "type": "Feature", "properties": { "circuito": "00119", "codprov": "01", "coddepto": "011" }, "geometry": { "type": "MultiPolygon", "coordinates": [ [ [ [ -58.485648269273177, -34.613474258265043 ], [ -58.486342637247766, -34.613638697221297 ], [ -58.48697131669978, -34.614095495438335 ], [ -58.49002410042943, -34.616407241701737 ], [ -58.490819158088001, -34.617060983790132 ], [ -58.492589755515297, -34.618586231007683 ], [ -58.49338270507851, -34.617955863196435 ], [ -58.497230913180431, -34.613587110899772 ], [ -58.498097887393783, -34.612615809480147 ], [ -58.501572938892366, -34.608684864810179 ], [ -58.504190082343342, -34.605798812117108 ], [ -58.503893057807666, -34.605615471715133 ], [ -58.502659703399125, -34.605523983146313 ], [ -58.493063602480461, -34.604860654668087 ], [ -58.493025762507664, -34.604858189819275 ], [ -58.491911511419922, -34.606348466715765 ], [ -58.491169044301067, -34.607324879465182 ], [ -58.490405320666973, -34.608179309499072 ], [ -58.48957801660567, -34.609103406055368 ], [ -58.488432430815607, -34.610393724877959 ], [ -58.487541450751067, -34.611370230672073 ], [ -58.486459540964233, -34.612590792156176 ], [ -58.485648269273177, -34.613474258265043 ] ] ] ] } },
{ "type": "Feature", "properties": { "circuito": "00120", "codprov": "01", "coddepto": "011" }, "geometry": { "type": "MultiPolygon", "coordinates": [ [ [ [ -58.503893057807666, -34.605615471715133 ], [ -58.504190082343342, -34.605798812117108 ], [ -58.501572938892366, -34.608684864810179 ], [ -58.498097887393783, -34.612615809480147 ], [ -58.502504413367461, -34.615241918125754 ], [ -58.50508170229277, -34.616735574160586 ], [ -58.508934857301419, -34.618999932814177 ], [ -58.509778287275466, -34.618235893755944 ], [ -58.51033770393262, -34.617627348548261 ], [ -58.511719754304764, -34.616072062935885 ], [ -58.512476605276852, -34.615274150592597 ], [ -58.513554300906492, -34.614070569487609 ], [ -58.515364203805674, -34.612082590364082 ], [ -58.517124724401583, -34.610135149757603 ], [ -58.519674986324254, -34.607335653149953 ], [ -58.520496886611852, -34.606424157743184 ], [ -58.513150452197117, -34.606129609424762 ], [ -58.511255802508757, -34.606071903324917 ], [ -58.507712130811584, -34.605898881412983 ], [ -58.503893057807666, -34.605615471715133 ] ] ] ] } },
{ "type": "Feature", "properties": { "circuito": "00121", "codprov": "01", "coddepto": "011" }, "geometry": { "type": "MultiPolygon", "coordinates": [ [ [ [ -58.508934857301419, -34.618999932814177 ], [ -58.511186631222863, -34.62032330534845 ], [ -58.511188097399796, -34.620324583459471 ], [ -58.515156599116864, -34.623858809487814 ], [ -58.519307875413055, -34.620707151506593 ], [ -58.521438898174523, -34.619092881683343 ], [ -58.522618747631562, -34.618178280700789 ], [ -58.523423240203101, -34.617531660710576 ], [ -58.52347985984855, -34.617567816655111 ], [ -58.524086367695702, -34.617153293603785 ], [ -58.525875380793337, -34.615852382171433 ], [ -58.525900759956805, -34.615833573770416 ], [ -58.526973324306098, -34.615038217649179 ], [ -58.527915975753665, -34.614426475492472 ], [ -58.524207303229282, -34.606572893874208 ], [ -58.520496886611852, -34.606424157743184 ], [ -58.519674986324254, -34.607335653149953 ], [ -58.517124724401583, -34.610135149757603 ], [ -58.515364203805674, -34.612082590364082 ], [ -58.513554300906492, -34.614070569487609 ], [ -58.512476605276852, -34.615274150592597 ], [ -58.511719754304764, -34.616072062935885 ], [ -58.51033770393262, -34.617627348548261 ], [ -58.509778287275466, -34.618235893755944 ], [ -58.508934857301419, -34.618999932814177 ] ] ] ] } },
{ "type": "Feature", "properties": { "circuito": "00122", "codprov": "01", "coddepto": "011" }, "geometry": { "type": "MultiPolygon", "coordinates": [ [ [ [ -58.501385854580029, -34.597803068783719 ], [ -58.500845220306907, -34.598017907323715 ], [ -58.50069295278238, -34.598074607760793 ], [ -58.497531783126064, -34.599229065164458 ], [ -58.495028795411308, -34.600158548841712 ], [ -58.4988161683549, -34.602477508019376 ], [ -58.501616821845914, -34.604210381419811 ], [ -58.503893057807666, -34.605615471715133 ], [ -58.507712130811584, -34.605898881412983 ], [ -58.511255802508757, -34.606071903324917 ], [ -58.513150452197117, -34.606129609424762 ], [ -58.520496886611852, -34.606424157743184 ], [ -58.524207303229282, -34.606572893874208 ], [ -58.521389057648591, -34.600604937195477 ], [ -58.520331976615765, -34.600638356400111 ], [ -58.518650430288105, -34.600421507091724 ], [ -58.505197782428581, -34.598388970143006 ], [ -58.501385854580029, -34.597803068783719 ] ] ] ] } },
{ "type": "Feature", "properties": { "circuito": "00123", "codprov": "01", "coddepto": "011" }, "geometry": { "type": "MultiPolygon", "coordinates": [ [ [ [ -58.513048847423498, -34.58456104184804 ], [ -58.512845273196106, -34.584762917088476 ], [ -58.512772253111024, -34.5848353214651 ], [ -58.512772528315757, -34.584835777774138 ], [ -58.507878966562949, -34.5901934514822 ], [ -58.507866505753626, -34.590206965249799 ], [ -58.50277065225459, -34.595806961342099 ], [ -58.501442565734443, -34.597260169118819 ], [ -58.501050168524429, -34.597692954560358 ], [ -58.501511370306652, -34.597753123280405 ], [ -58.501385854580029, -34.597803068783719 ], [ -58.505197782428581, -34.598388970143006 ], [ -58.518650430288105, -34.600421507091724 ], [ -58.520331976615765, -34.600638356400111 ], [ -58.521389057648591, -34.600604937195477 ], [ -58.513867448643538, -34.584676907013858 ], [ -58.513786185295537, -34.584507263125964 ], [ -58.513743123889121, -34.584417419275425 ], [ -58.513501528704538, -34.584437870723271 ], [ -58.513166850603213, -34.584466175812345 ], [ -58.513097770148427, -34.584512559430841 ], [ -58.513048847423498, -34.58456104184804 ] ] ] ] } },
{ "type": "Feature", "properties": { "circuito": "00124", "codprov": "01", "coddepto": "012" }, "geometry": { "type": "MultiPolygon", "coordinates": [ [ [ [ -58.507878966562949, -34.5901934514822 ], [ -58.512772528315757, -34.584835777774138 ], [ -58.512772253111024, -34.5848353214651 ], [ -58.512845273196106, -34.584762917088476 ], [ -58.513048847423498, -34.58456104184804 ], [ -58.513097770148427, -34.584512559430841 ], [ -58.513166850603213, -34.584466175812345 ], [ -58.513501528704538, -34.584437870723271 ], [ -58.513743123889121, -34.584417419275425 ], [ -58.508449102647766, -34.57336268936735 ], [ -58.508408882086258, -34.573277502766182 ], [ -58.507951436238564, -34.572283833846484 ], [ -58.507779287544615, -34.572506159420449 ], [ -58.507557938209622, -34.572748756481552 ], [ -58.50734886937741, -34.572900322397174 ], [ -58.507115242928855, -34.573001397912982 ], [ -58.504914500505549, -34.574320111526426 ], [ -58.504848078555597, -34.574360011545103 ], [ -58.502172116532691, -34.575847914966019 ], [ -58.500956535876064, -34.576581092713134 ], [ -58.498630368557258, -34.578363636940018 ], [ -58.49594359559773, -34.580439817424406 ], [ -58.494209552272849, -34.581779805401986 ], [ -58.495979876528942, -34.582853275473354 ], [ -58.496794540152209, -34.583388961666834 ], [ -58.499531702013606, -34.585049430133495 ], [ -58.502594656794983, -34.586951034803754 ], [ -58.505168831704196, -34.58853124859548 ], [ -58.506537412634891, -34.589361573923469 ], [ -58.507878966562949, -34.5901934514822 ] ] ] ] } },
{ "type": "Feature", "properties": { "circuito": "00125", "codprov": "01", "coddepto": "012" }, "geometry": { "type": "MultiPolygon", "coordinates": [ [ [ [ -58.501442565734443, -34.597260169118819 ], [ -58.50277065225459, -34.595806961342099 ], [ -58.507866505753626, -34.590206965249799 ], [ -58.507878966562949, -34.5901934514822 ], [ -58.506537412634891, -34.589361573923469 ], [ -58.505168831704196, -34.58853124859548 ], [ -58.502594656794983, -34.586951034803754 ], [ -58.499531702013606, -34.585049430133495 ], [ -58.496794540152209, -34.583388961666834 ], [ -58.495979876528942, -34.582853275473354 ], [ -58.494209552272849, -34.581779805401986 ], [ -58.493225946836382, -34.582539826266363 ], [ -58.491520671217955, -34.583826493502364 ], [ -58.491092178806028, -34.584121226238722 ], [ -58.49106570017932, -34.584142500602859 ], [ -58.490322591142039, -34.584739360064852 ], [ -58.488792305740319, -34.5860332391008 ], [ -58.486485193298904, -34.588007248704841 ], [ -58.492570700637913, -34.591807082249936 ], [ -58.500107333381088, -34.59645276175894 ], [ -58.501442565734443, -34.597260169118819 ] ] ] ] } },
{ "type": "Feature", "properties": { "circuito": "00126", "codprov": "01", "coddepto": "012" }, "geometry": { "type": "MultiPolygon", "coordinates": [ [ [ [ -58.49594359559773, -34.580439817424406 ], [ -58.498630368557258, -34.578363636940018 ], [ -58.500956535876064, -34.576581092713134 ], [ -58.502172116532691, -34.575847914966019 ], [ -58.504848078555597, -34.574360011545103 ], [ -58.504914500505549, -34.574320111526426 ], [ -58.507115242928855, -34.573001397912982 ], [ -58.506881619191681, -34.572485982092324 ], [ -58.500511917551393, -34.569383078976557 ], [ -58.494469196414073, -34.566458586565147 ], [ -58.494447849067711, -34.566448452493042 ], [ -58.493411289089202, -34.567886227664161 ], [ -58.492346145777852, -34.569340714109067 ], [ -58.491607434593526, -34.570272753451221 ], [ -58.490748427760522, -34.571360011409901 ], [ -58.489906556828061, -34.572433298734786 ], [ -58.489150620945608, -34.573449976995839 ], [ -58.48894448175588, -34.573704170100854 ], [ -58.48877269909778, -34.573661805233364 ], [ -58.488360327853684, -34.573986575807396 ], [ -58.487363897605569, -34.574763305159777 ], [ -58.486562702745907, -34.575390112757667 ], [ -58.489120753098064, -34.576746720078631 ], [ -58.491075868519673, -34.577791247676871 ], [ -58.492819165773128, -34.5787821781852 ], [ -58.49594359559773, -34.580439817424406 ] ] ] ] } },
{ "type": "Feature", "properties": { "circuito": "00127", "codprov": "01", "coddepto": "012" }, "geometry": { "type": "MultiPolygon", "coordinates": [ [ [ [ -58.476511262041377, -34.582240711514658 ], [ -58.486485102467789, -34.588007341749538 ], [ -58.486485193298904, -34.588007248704841 ], [ -58.488792305740319, -34.5860332391008 ], [ -58.490322591142039, -34.584739360064852 ], [ -58.49106570017932, -34.584142500602859 ], [ -58.491092178806028, -34.584121226238722 ], [ -58.491520671217955, -34.583826493502364 ], [ -58.493225946836382, -34.582539826266363 ], [ -58.494209552272849, -34.581779805401986 ], [ -58.49594359559773, -34.580439817424406 ], [ -58.492819165773128, -34.5787821781852 ], [ -58.491075868519673, -34.577791247676871 ], [ -58.489120753098064, -34.576746720078631 ], [ -58.486562702745907, -34.575390112757667 ], [ -58.485757568255941, -34.576020025931342 ], [ -58.484022333958855, -34.577347413316545 ], [ -58.484108270364544, -34.577403931007147 ], [ -58.482991546501275, -34.578039412376796 ], [ -58.481874821282318, -34.57866074315195 ], [ -58.477622763793178, -34.581499043299416 ], [ -58.476511262041377, -34.582240711514658 ] ] ] ] } },
{ "type": "Feature", "properties": { "circuito": "00128", "codprov": "01", "coddepto": "012" }, "geometry": { "type": "MultiPolygon", "coordinates": [ [ [ [ -58.494447849067711, -34.566448452493042 ], [ -58.489690797673916, -34.56419797087139 ], [ -58.488736418844411, -34.565530930352644 ], [ -58.483887747321589, -34.563280631477468 ], [ -58.482928787621198, -34.562815068115427 ], [ -58.481975784137511, -34.562352427025544 ], [ -58.481149670370563, -34.561979628671878 ], [ -58.478716860540295, -34.565401551419228 ], [ -58.478532251037016, -34.565546269913547 ], [ -58.477766512850053, -34.566146871778216 ], [ -58.477918413660888, -34.566246759999082 ], [ -58.477341131742854, -34.566571439199876 ], [ -58.477022029144806, -34.566696252257167 ], [ -58.476566231136282, -34.566846175125967 ], [ -58.476814698982878, -34.566973089210578 ], [ -58.474667735360121, -34.568910119396627 ], [ -58.476445298314083, -34.569970534238038 ], [ -58.481984670674542, -34.573318498706563 ], [ -58.482212797095521, -34.573479195260134 ], [ -58.482636436821053, -34.573184553897015 ], [ -58.486090415500172, -34.575139755100032 ], [ -58.486562702745907, -34.575390112757667 ], [ -58.487363897605569, -34.574763305159777 ], [ -58.488360327853684, -34.573986575807396 ], [ -58.48877269909778, -34.573661805233364 ], [ -58.48894448175588, -34.573704170100854 ], [ -58.489150620945608, -34.573449976995839 ], [ -58.489906556828061, -34.572433298734786 ], [ -58.490748427760522, -34.571360011409901 ], [ -58.491607434593526, -34.570272753451221 ], [ -58.492346145777852, -34.569340714109067 ], [ -58.493411289089202, -34.567886227664161 ], [ -58.494447849067711, -34.566448452493042 ] ] ] ] } },
{ "type": "Feature", "properties": { "circuito": "00129", "codprov": "01", "coddepto": "012" }, "geometry": { "type": "MultiPolygon", "coordinates": [ [ [ [ -58.472553846465665, -34.569161300527711 ], [ -58.472038863849363, -34.569780710793403 ], [ -58.471020901881275, -34.569518484086444 ], [ -58.470945593394291, -34.5695038749543 ], [ -58.470395156816657, -34.569396866306718 ], [ -58.470640599444735, -34.569542223299393 ], [ -58.470768313419988, -34.569622389386858 ], [ -58.465400723039785, -34.575940681645861 ], [ -58.470125801202045, -34.578621208069066 ], [ -58.47463255389215, -34.581187877309077 ], [ -58.476502466335461, -34.582235599627722 ], [ -58.476511262041377, -34.582240711514658 ], [ -58.477622763793178, -34.581499043299416 ], [ -58.481874821282318, -34.57866074315195 ], [ -58.482991546501275, -34.578039412376796 ], [ -58.484108270364544, -34.577403931007147 ], [ -58.484022333958855, -34.577347413316545 ], [ -58.485757568255941, -34.576020025931342 ], [ -58.486562702745907, -34.575390112757667 ], [ -58.486090415500172, -34.575139755100032 ], [ -58.482636436821053, -34.573184553897015 ], [ -58.482212797095521, -34.573479195260134 ], [ -58.481984670674542, -34.573318498706563 ], [ -58.476445298314083, -34.569970534238038 ], [ -58.474667735360121, -34.568910119396627 ], [ -58.473657560465831, -34.569821617032005 ], [ -58.473591962774378, -34.569762906383694 ], [ -58.472553846465665, -34.569161300527711 ] ] ] ] } },
{ "type": "Feature", "properties": { "circuito": "00130", "codprov": "01", "coddepto": "012" }, "geometry": { "type": "MultiPolygon", "coordinates": [ [ [ [ -58.466511125328346, -34.561785332395814 ], [ -58.464309833851267, -34.56419157920196 ], [ -58.464978365117567, -34.564570585364265 ], [ -58.463780467381731, -34.565062991843568 ], [ -58.464853858023069, -34.565871131303659 ], [ -58.465891059920004, -34.56653975664392 ], [ -58.467374254809577, -34.567571226783592 ], [ -58.470336153871116, -34.569361167228372 ], [ -58.470395156816657, -34.569396866306718 ], [ -58.470945593394291, -34.5695038749543 ], [ -58.471020901881275, -34.569518484086444 ], [ -58.472038863849363, -34.569780710793403 ], [ -58.472553846465665, -34.569161300527711 ], [ -58.473591962774378, -34.569762906383694 ], [ -58.473657560465831, -34.569821617032005 ], [ -58.474667735360121, -34.568910119396627 ], [ -58.476814698982878, -34.566973089210578 ], [ -58.476566231136282, -34.566846175125967 ], [ -58.477022029144806, -34.566696252257167 ], [ -58.477341131742854, -34.566571439199876 ], [ -58.477918413660888, -34.566246759999082 ], [ -58.477766512850053, -34.566146871778216 ], [ -58.478532251037016, -34.565546269913547 ], [ -58.478716860540295, -34.565401551419228 ], [ -58.481149670370563, -34.561979628671878 ], [ -58.479096063513595, -34.560807550162139 ], [ -58.477242186151905, -34.559823010766081 ], [ -58.474471582170672, -34.55826407189565 ], [ -58.473534335174648, -34.557736696209588 ], [ -58.471005786634187, -34.5563149887995 ], [ -58.46984077925304, -34.557824712595362 ], [ -58.46821521065241, -34.559864371642263 ], [ -58.466511125328346, -34.561785332395814 ] ] ] ] } },
{ "type": "Feature", "properties": { "circuito": "00131", "codprov": "01", "coddepto": "012" }, "geometry": { "type": "MultiPolygon", "coordinates": [ [ [ [ -58.482928787621198, -34.562815068115427 ], [ -58.483887747321589, -34.563280631477468 ], [ -58.488736418844411, -34.565530930352644 ], [ -58.489690797673916, -34.56419797087139 ], [ -58.494447849067711, -34.566448452493042 ], [ -58.494469196414073, -34.566458586565147 ], [ -58.500511917551393, -34.569383078976557 ], [ -58.506881619191681, -34.572485982092324 ], [ -58.507115242928855, -34.573001397912982 ], [ -58.50734886937741, -34.572900322397174 ], [ -58.507557938209622, -34.572748756481552 ], [ -58.507779287544615, -34.572506159420449 ], [ -58.507951436238564, -34.572283833846484 ], [ -58.498660969154351, -34.552596509193954 ], [ -58.498496789874274, -34.552887223736462 ], [ -58.497851712016157, -34.553432587693017 ], [ -58.497501550598358, -34.553553748606554 ], [ -58.496580153632507, -34.554689854475392 ], [ -58.494976755958895, -34.556598580686668 ], [ -58.49403685452512, -34.557734686555506 ], [ -58.493852520226568, -34.558022479383013 ], [ -58.493668277436981, -34.558113327224859 ], [ -58.493318113985652, -34.558113327224859 ], [ -58.492967952567859, -34.558083015267471 ], [ -58.492654620457202, -34.558007322568585 ], [ -58.492267629732261, -34.557855847469042 ], [ -58.491991219793398, -34.55787100428347 ], [ -58.491770054154181, -34.557977008939737 ], [ -58.491364557605628, -34.558037636197433 ], [ -58.49014824352161, -34.557961854353927 ], [ -58.488618597326941, -34.55788616109789 ], [ -58.487660280222819, -34.557840692883239 ], [ -58.486434712888077, -34.557780065625543 ], [ -58.486176718619554, -34.558234488695547 ], [ -58.485752803689287, -34.558749539023253 ], [ -58.485126232332632, -34.559613008321854 ], [ -58.484020410237108, -34.561203538375011 ], [ -58.483062091099455, -34.562612371630159 ], [ -58.482928787621198, -34.562815068115427 ] ] ] ] } },
{ "type": "Feature", "properties": { "circuito": "00132", "codprov": "01", "coddepto": "012" }, "geometry": { "type": "MultiPolygon", "coordinates": [ [ [ [ -58.474471582170672, -34.55826407189565 ], [ -58.477242186151905, -34.559823010766081 ], [ -58.479096063513595, -34.560807550162139 ], [ -58.481149670370563, -34.561979628671878 ], [ -58.481975784137511, -34.562352427025544 ], [ -58.482928787621198, -34.562815068115427 ], [ -58.483062091099455, -34.562612371630159 ], [ -58.484020410237108, -34.561203538375011 ], [ -58.485126232332632, -34.559613008321854 ], [ -58.485752803689287, -34.558749539023253 ], [ -58.486176718619554, -34.558234488695547 ], [ -58.486434712888077, -34.557780065625543 ], [ -58.487660280222819, -34.557840692883239 ], [ -58.488618597326941, -34.55788616109789 ], [ -58.49014824352161, -34.557961854353927 ], [ -58.491364557605628, -34.558037636197433 ], [ -58.491770054154181, -34.557977008939737 ], [ -58.491991219793398, -34.55787100428347 ], [ -58.492267629732261, -34.557855847469042 ], [ -58.492654620457202, -34.558007322568585 ], [ -58.492967952567859, -34.558083015267471 ], [ -58.493318113985652, -34.558113327224859 ], [ -58.493668277436981, -34.558113327224859 ], [ -58.493852520226568, -34.558022479383013 ], [ -58.49403685452512, -34.557734686555506 ], [ -58.494976755958895, -34.556598580686668 ], [ -58.496580153632507, -34.554689854475392 ], [ -58.497501550598358, -34.553553748606554 ], [ -58.497851712016157, -34.553432587693017 ], [ -58.498496789874274, -34.552887223736462 ], [ -58.498660969154351, -34.552596509193954 ], [ -58.498488636086783, -34.552231290918968 ], [ -58.484130075255713, -34.545931167448316 ], [ -58.483326315433722, -34.546707259416657 ], [ -58.482719901129066, -34.547467371097113 ], [ -58.481522185055468, -34.549024938811826 ], [ -58.480370005197344, -34.550570089794945 ], [ -58.479066288530703, -34.552264799268222 ], [ -58.476784648795253, -34.555242979028478 ], [ -58.474471582170672, -34.55826407189565 ] ] ] ] } },
{ "type": "Feature", "properties": { "circuito": "00133", "codprov": "01", "coddepto": "012" }, "geometry": { "type": "MultiPolygon", "coordinates": [ [ [ [ -58.465505257455888, -34.55167697907094 ], [ -58.471873220425884, -34.555193674809288 ], [ -58.471005786634187, -34.5563149887995 ], [ -58.473534335174648, -34.557736696209588 ], [ -58.474471582170672, -34.55826407189565 ], [ -58.476784648795253, -34.555242979028478 ], [ -58.479066288530703, -34.552264799268222 ], [ -58.480370005197344, -34.550570089794945 ], [ -58.481522185055468, -34.549024938811826 ], [ -58.482719901129066, -34.547467371097113 ], [ -58.483326315433722, -34.546707259416657 ], [ -58.484130075255713, -34.545931167448316 ], [ -58.473416148977016, -34.541230248359732 ], [ -58.468916817324853, -34.547230800769647 ], [ -58.468362806474936, -34.547969729459211 ], [ -58.467758313180646, -34.548775859265213 ], [ -58.465529446325, -34.551645843640102 ], [ -58.465505257455888, -34.55167697907094 ] ] ] ] } },
{ "type": "Feature", "properties": { "circuito": "00134", "codprov": "01", "coddepto": "013" }, "geometry": { "type": "MultiPolygon", "coordinates": [ [ [ [ -58.452310146997917, -34.536395568879541 ], [ -58.452204420253921, -34.53648248990077 ], [ -58.4521426720395, -34.536562199122045 ], [ -58.452092740004602, -34.536663639573646 ], [ -58.452060398025843, -34.536808540257283 ], [ -58.452066261377894, -34.536897927241633 ], [ -58.452081012622664, -34.536980009938482 ], [ -58.45210446535301, -34.537042827925269 ], [ -58.45215732906393, -34.537122537146544 ], [ -58.452177943660743, -34.537187728608913 ], [ -58.45215732906393, -34.537272276154567 ], [ -58.452130943979718, -34.537325416378287 ], [ -58.452095671680624, -34.53738576951627 ], [ -58.452048671999599, -34.537443747507226 ], [ -58.452022194050734, -34.537482369972032 ], [ -58.451978126045724, -34.537542812811793 ], [ -58.451957604991406, -34.537644253263394 ], [ -58.451977941672112, -34.537719761544338 ], [ -58.451969330339814, -34.537769796192279 ], [ -58.452022194050734, -34.537820562940432 ], [ -58.452101533676981, -34.537849505413554 ], [ -58.452139739685627, -34.537849505413554 ], [ -58.453866269785763, -34.538732058347193 ], [ -58.453981432120571, -34.538789671402348 ], [ -58.455918501296914, -34.539675419056394 ], [ -58.45578345711484, -34.539743351158741 ], [ -58.456586390644794, -34.540384766217322 ], [ -58.460366984468862, -34.544196833747534 ], [ -58.460574316664321, -34.544050837699352 ], [ -58.46102049199704, -34.543309258071574 ], [ -58.461905793083147, -34.543759755992433 ], [ -58.461969009508032, -34.543791256359064 ], [ -58.463213540889043, -34.544411033232016 ], [ -58.463831132166177, -34.544718547635767 ], [ -58.465742364634238, -34.545677249577324 ], [ -58.466475396162288, -34.546052146172535 ], [ -58.467639579284928, -34.546647544777031 ], [ -58.468916817324853, -34.547230800769647 ], [ -58.473416148977016, -34.541230248359732 ], [ -58.473342031462231, -34.541197744001792 ], [ -58.46316122555406, -34.536730656272155 ], [ -58.462235705939975, -34.536324624803264 ], [ -58.461021866665014, -34.535791952812325 ], [ -58.458306876408486, -34.532694710937236 ], [ -58.458068486071127, -34.532422713422513 ], [ -58.456079930563206, -34.530154245201828 ], [ -58.456023220086635, -34.530079923658668 ], [ -58.455930686223667, -34.530083394170248 ], [ -58.455825417024485, -34.530076454818548 ], [ -58.455758171493862, -34.530100650897687 ], [ -58.455638608594725, -34.530141281345117 ], [ -58.455564581911055, -34.530183646212606 ], [ -58.455484691197498, -34.530204464267705 ], [ -58.455417352124385, -34.530200993756125 ], [ -58.455324820972791, -34.530152602155006 ], [ -58.455223858117598, -34.530104119737807 ], [ -58.455156519044486, -34.530066136328507 ], [ -58.455072321309089, -34.530035003126287 ], [ -58.454954593334108, -34.530031532057549 ], [ -58.454857753127143, -34.53002112386573 ], [ -58.454769435454892, -34.53001765335415 ], [ -58.454601133526594, -34.530035003126287 ], [ -58.45450090342095, -34.530059929077019 ], [ -58.454440527840966, -34.530053171914638 ], [ -58.454331777911982, -34.530065223153279 ], [ -58.454226601577446, -34.530035550808556 ], [ -58.454137457613157, -34.5300388369022 ], [ -58.453967417014567, -34.530014550006982 ], [ -58.453870483265106, -34.530000031690918 ], [ -58.453741211603962, -34.53001208515817 ], [ -58.453570712782707, -34.530053171914638 ], [ -58.453447303117919, -34.530086954383606 ], [ -58.453350372079839, -34.530108685613932 ], [ -58.453262236069826, -34.530132881135913 ], [ -58.453221100418688, -34.530159450690618 ], [ -58.453167688331838, -34.530172598965272 ], [ -58.453082942220504, -34.530277781819557 ], [ -58.453015418773781, -34.530376847124124 ], [ -58.452986008471044, -34.5304806610513 ], [ -58.452953668525822, -34.5305506925095 ], [ -58.452944872142062, -34.530637612973578 ], [ -58.452956600201844, -34.530729466478192 ], [ -58.453003599882877, -34.530845331644009 ], [ -58.45302421447969, -34.530954076940262 ], [ -58.453050691072868, -34.531019268402623 ], [ -58.452986008471044, -34.531142437855941 ], [ -58.452918396226735, -34.531171382000529 ], [ -58.452859668485921, -34.531229360548629 ], [ -58.452790588708986, -34.531253830190323 ], [ -58.452715646257843, -34.531294552010991 ], [ -58.452618715219764, -34.531323587528817 ], [ -58.45250116890702, -34.531379100670961 ], [ -58.452316562115115, -34.531444292133322 ], [ -58.4521426720395, -34.53152646620341 ], [ -58.452048671999599, -34.531581979902697 ], [ -58.451989853427662, -34.531627904983544 ], [ -58.451931126364698, -34.531693096445913 ], [ -58.451828239787758, -34.53179216342194 ], [ -58.451687240744675, -34.531929759260926 ], [ -58.451555037407502, -34.532048180648793 ], [ -58.45150208286546, -34.532115747258189 ], [ -58.451437491094758, -34.532168887481909 ], [ -58.451378672522829, -34.532207507718105 ], [ -58.451290537190658, -34.53226311223348 ], [ -58.451193605474735, -34.532318625932774 ], [ -58.45110702715062, -34.532372678774571 ], [ -58.451064240948931, -34.532427370671876 ], [ -58.451046651570636, -34.532490097842583 ], [ -58.451017241267905, -34.53251913168895 ], [ -58.451002583565632, -34.532564967068019 ], [ -58.450937901641652, -34.532622945058968 ], [ -58.450940833317674, -34.532695441365981 ], [ -58.45086149369142, -34.532828290810983 ], [ -58.450811561656522, -34.532941782501226 ], [ -58.450776287323905, -34.533016651726655 ], [ -58.450752834593558, -34.533040756432555 ], [ -58.450682287961847, -34.533200174875105 ], [ -58.450620537713888, -34.533275044100542 ], [ -58.450588288599782, -34.533383788839643 ], [ -58.450591220275811, -34.533526223003008 ], [ -58.450602948335593, -34.533673590764074 ], [ -58.450597084305699, -34.533765351223991 ], [ -58.450588288599782, -34.533847525294078 ], [ -58.450608812365481, -34.53391271675644 ], [ -58.450679356285818, -34.534009317212202 ], [ -58.450758697945602, -34.534074508674564 ], [ -58.450838038249699, -34.534154217895839 ], [ -58.450987923829821, -34.534311171489584 ], [ -58.451058379630418, -34.534386040715013 ], [ -58.45111133417246, -34.534427128028632 ], [ -58.451205333534517, -34.534485106019581 ], [ -58.451278809130876, -34.53456718871643 ], [ -58.451340468547713, -34.534625168935996 ], [ -58.451405151149537, -34.534678306931106 ], [ -58.451516831398855, -34.534721769391759 ], [ -58.451604418355089, -34.534794082395138 ], [ -58.451724529630162, -34.534855803345927 ], [ -58.451828239787758, -34.534929486390723 ], [ -58.451919674187494, -34.534970940311602 ], [ -58.451981057721753, -34.535004357287619 ], [ -58.452051604353464, -34.535043071125671 ], [ -58.45211976700724, -34.535090182944302 ], [ -58.45219489315415, -34.535156015133637 ], [ -58.452248490292462, -34.535197558199137 ], [ -58.452294938886176, -34.535234170452711 ], [ -58.452366033893824, -34.535308676413813 ], [ -58.452454169225994, -34.535381171049366 ], [ -58.452535159402792, -34.535423354841839 ], [ -58.452674510606705, -34.535514020494361 ], [ -58.452727465148747, -34.53556716016093 ], [ -58.452765669123863, -34.535605780954278 ], [ -58.452814959240335, -34.535748399535585 ], [ -58.452809737128867, -34.535859335003785 ], [ -58.452780328859667, -34.535922152990572 ], [ -58.452733329178642, -34.535960775455386 ], [ -58.452668646576818, -34.536050162996887 ], [ -58.452601032298972, -34.536120192226477 ], [ -58.452518760996696, -34.536209581439437 ], [ -58.452433557340555, -34.536301341899353 ], [ -58.452310146997917, -34.536395568879541 ] ] ] ] } },
{ "type": "Feature", "properties": { "circuito": "00135", "codprov": "01", "coddepto": "013" }, "geometry": { "type": "MultiPolygon", "coordinates": [ [ [ [ -58.456586390644794, -34.540384766217322 ], [ -58.456148184725947, -34.540695841948732 ], [ -58.456082953748194, -34.540742225567236 ], [ -58.45543274460973, -34.541189435165826 ], [ -58.45463823803847, -34.541573737633009 ], [ -58.454570259758306, -34.541603868515381 ], [ -58.453959811603006, -34.541898325460565 ], [ -58.453535256787852, -34.542116452879966 ], [ -58.453123893498031, -34.542301892637802 ], [ -58.45260634795293, -34.542541842103617 ], [ -58.452248121545232, -34.542716325987357 ], [ -58.451823475221111, -34.54292358667729 ], [ -58.451455813900445, -34.543064653585013 ], [ -58.451027320810674, -34.543174402315422 ], [ -58.450857095838465, -34.543223250225573 ], [ -58.450191402705691, -34.543414350109771 ], [ -58.449956586640624, -34.543488581951159 ], [ -58.449846372568238, -34.543523459784673 ], [ -58.449421724210588, -34.54366516574791 ], [ -58.44885662789715, -34.543883110420836 ], [ -58.448724606900058, -34.543934057686847 ], [ -58.447181311635234, -34.544759452202911 ], [ -58.446201462811139, -34.545275508750542 ], [ -58.446790105397419, -34.546024846746235 ], [ -58.447873665056953, -34.547404187617374 ], [ -58.448194784919245, -34.547805655438751 ], [ -58.449139359410715, -34.549047308540509 ], [ -58.450692916558388, -34.551045605039768 ], [ -58.451159981692655, -34.551703456695257 ], [ -58.451213120608308, -34.552117890044812 ], [ -58.450430248554333, -34.552783135689573 ], [ -58.45012424597266, -34.55315903850471 ], [ -58.450046920899268, -34.55325408672973 ], [ -58.451358975727011, -34.55394562948095 ], [ -58.455301456362186, -34.555990033807525 ], [ -58.455308510686436, -34.55599368706558 ], [ -58.456342231853569, -34.555165278346976 ], [ -58.457528035493773, -34.554044421222954 ], [ -58.4585656041044, -34.552972320078695 ], [ -58.459395658179488, -34.551948976585663 ], [ -58.460255304219544, -34.550828117233031 ], [ -58.46120391052812, -34.549268632351783 ], [ -58.461796858102701, -34.547904172503891 ], [ -58.46227116261268, -34.546734558842957 ], [ -58.462895901756553, -34.545233508818853 ], [ -58.462890770476207, -34.545231042298582 ], [ -58.463213540889043, -34.544411033232016 ], [ -58.461969009508032, -34.543791256359064 ], [ -58.461905793083147, -34.543759755992433 ], [ -58.46102049199704, -34.543309258071574 ], [ -58.460574316664321, -34.544050837699352 ], [ -58.460366984468862, -34.544196833747534 ], [ -58.456586390644794, -34.540384766217322 ] ] ] ] } },
{ "type": "Feature", "properties": { "circuito": "00136", "codprov": "01", "coddepto": "013" }, "geometry": { "type": "MultiPolygon", "coordinates": [ [ [ [ -58.455308510686436, -34.55599368706558 ], [ -58.459744353420348, -34.558293929215459 ], [ -58.459762036341147, -34.558303059296257 ], [ -58.460751411587161, -34.557257527706703 ], [ -58.461744545479092, -34.556335896556376 ], [ -58.462385316993206, -34.555519540747866 ], [ -58.462961959026345, -34.554808642470512 ], [ -58.463282251918756, -34.554413657691796 ], [ -58.463570572257481, -34.554018673470239 ], [ -58.463923025466407, -34.553623688691523 ], [ -58.464243319036662, -34.553228702798499 ], [ -58.465364625126497, -34.551806814313395 ], [ -58.465529446325, -34.551645843640102 ], [ -58.467758313180646, -34.548775859265213 ], [ -58.468362806474936, -34.547969729459211 ], [ -58.468916817324853, -34.547230800769647 ], [ -58.467639579284928, -34.546647544777031 ], [ -58.466475396162288, -34.546052146172535 ], [ -58.465742364634238, -34.545677249577324 ], [ -58.463831132166177, -34.544718547635767 ], [ -58.463213540889043, -34.544411033232016 ], [ -58.462890770476207, -34.545231042298582 ], [ -58.462895901756553, -34.545233508818853 ], [ -58.46227116261268, -34.546734558842957 ], [ -58.461796858102701, -34.547904172503891 ], [ -58.46120391052812, -34.549268632351783 ], [ -58.460255304219544, -34.550828117233031 ], [ -58.459395658179488, -34.551948976585663 ], [ -58.4585656041044, -34.552972320078695 ], [ -58.457528035493773, -34.554044421222954 ], [ -58.456342231853569, -34.555165278346976 ], [ -58.455308510686436, -34.55599368706558 ] ] ] ] } },
{ "type": "Feature", "properties": { "circuito": "00137", "codprov": "01", "coddepto": "013" }, "geometry": { "type": "MultiPolygon", "coordinates": [ [ [ [ -58.459762036341147, -34.558303059296257 ], [ -58.466511125328346, -34.561785332395814 ], [ -58.46821521065241, -34.559864371642263 ], [ -58.46984077925304, -34.557824712595362 ], [ -58.471005786634187, -34.5563149887995 ], [ -58.471873220425884, -34.555193674809288 ], [ -58.465505257455888, -34.55167697907094 ], [ -58.465529446325, -34.551645843640102 ], [ -58.465364625126497, -34.551806814313395 ], [ -58.464243319036662, -34.553228702798499 ], [ -58.463923025466407, -34.553623688691523 ], [ -58.463570572257481, -34.554018673470239 ], [ -58.463282251918756, -34.554413657691796 ], [ -58.462961959026345, -34.554808642470512 ], [ -58.462385316993206, -34.555519540747866 ], [ -58.461744545479092, -34.556335896556376 ], [ -58.460751411587161, -34.557257527706703 ], [ -58.459762036341147, -34.558303059296257 ] ] ] ] } },
{ "type": "Feature", "properties": { "circuito": "00138", "codprov": "01", "coddepto": "013" }, "geometry": { "type": "MultiPolygon", "coordinates": [ [ [ [ -58.462137950643388, -34.569852658860988 ], [ -58.462256687250488, -34.569806368844347 ], [ -58.463597141715304, -34.569477762265777 ], [ -58.464678959993172, -34.569265205270966 ], [ -58.465972323268005, -34.569129891534317 ], [ -58.467077596987593, -34.569091177696265 ], [ -58.467900687569553, -34.569091177696265 ], [ -58.468653234231176, -34.569149156244372 ], [ -58.469546871444848, -34.569245848073365 ], [ -58.470336153871116, -34.569361167228372 ], [ -58.467374254809577, -34.567571226783592 ], [ -58.465891059920004, -34.56653975664392 ], [ -58.464853858023069, -34.565871131303659 ], [ -58.463780467381731, -34.565062991843568 ], [ -58.464978365117567, -34.564570585364265 ], [ -58.464309833851267, -34.56419157920196 ], [ -58.466511125328346, -34.561785332395814 ], [ -58.459762036341147, -34.558303059296257 ], [ -58.459630197006291, -34.558442390112454 ], [ -58.459021492266196, -34.559021719284452 ], [ -58.458380810227503, -34.559759006041503 ], [ -58.457900277685319, -34.56020667250629 ], [ -58.457611958024437, -34.560575270476775 ], [ -58.457003251250811, -34.561154599091616 ], [ -58.456170356330816, -34.562155207920171 ], [ -58.453799663462192, -34.564893714562935 ], [ -58.453771994541128, -34.56492585342793 ], [ -58.453881204726301, -34.56498127408252 ], [ -58.454846666985787, -34.565553848320754 ], [ -58.458690202030013, -34.567814005476862 ], [ -58.462137950643388, -34.569852658860988 ] ] ] ] } },
{ "type": "Feature", "properties": { "circuito": "00139", "codprov": "01", "coddepto": "013" }, "geometry": { "type": "MultiPolygon", "coordinates": [ [ [ [ -58.453771994541128, -34.56492585342793 ], [ -58.453799663462192, -34.564893714562935 ], [ -58.456170356330816, -34.562155207920171 ], [ -58.457003251250811, -34.561154599091616 ], [ -58.457611958024437, -34.560575270476775 ], [ -58.457900277685319, -34.56020667250629 ], [ -58.458380810227503, -34.559759006041503 ], [ -58.459021492266196, -34.559021719284452 ], [ -58.459630197006291, -34.558442390112454 ], [ -58.459762036341147, -34.558303059296257 ], [ -58.459744353420348, -34.558293929215459 ], [ -58.455308510686436, -34.55599368706558 ], [ -58.455301456362186, -34.555990033807525 ], [ -58.454622845553118, -34.556529829568106 ], [ -58.453288897036614, -34.557455751360543 ], [ -58.451332314760222, -34.558600986753021 ], [ -58.44946469275235, -34.55962433080321 ], [ -58.447478518510991, -34.560720809658768 ], [ -58.44706376532249, -34.560954550201636 ], [ -58.44753229731154, -34.561284708453783 ], [ -58.449121037282872, -34.562228892636433 ], [ -58.45113753488306, -34.563424254050084 ], [ -58.453209006323057, -34.564639703647245 ], [ -58.453771994541128, -34.56492585342793 ] ] ] ] } },
{ "type": "Feature", "properties": { "circuito": "00140", "codprov": "01", "coddepto": "013" }, "geometry": { "type": "MultiPolygon", "coordinates": [ [ [ [ -58.439126397886035, -34.564768078032195 ], [ -58.4392373467415, -34.564741235472084 ], [ -58.440512019819096, -34.564351362580311 ], [ -58.441668230816489, -34.563912826753473 ], [ -58.442883629810879, -34.563352396798578 ], [ -58.443595128941105, -34.562938147866966 ], [ -58.445403384001111, -34.561890423876861 ], [ -58.44706376532249, -34.560954550201636 ], [ -58.447478518510991, -34.560720809658768 ], [ -58.44946469275235, -34.55962433080321 ], [ -58.451332314760222, -34.558600986753021 ], [ -58.453288897036614, -34.557455751360543 ], [ -58.454622845553118, -34.556529829568106 ], [ -58.455301456362186, -34.555990033807525 ], [ -58.451358975727011, -34.55394562948095 ], [ -58.450046920899268, -34.55325408672973 ], [ -58.45012424597266, -34.55315903850471 ], [ -58.449308576428642, -34.554070168418519 ], [ -58.447519563331014, -34.556151736023871 ], [ -58.44624177420377, -34.557603116892992 ], [ -58.445475028062532, -34.558519817231399 ], [ -58.444290048002998, -34.559894776644349 ], [ -58.4432677810466, -34.561059733055913 ], [ -58.442152521326733, -34.562320105414074 ], [ -58.441246426015113, -34.563389558963046 ], [ -58.44068884157074, -34.564019744027817 ], [ -58.440177708431463, -34.564306257629987 ], [ -58.439126397886035, -34.564768078032195 ] ] ] ] } },
{ "type": "Feature", "properties": { "circuito": "00141", "codprov": "01", "coddepto": "013" }, "geometry": { "type": "MultiPolygon", "coordinates": [ [ [ [ -58.434431918965167, -34.565411959611048 ], [ -58.435171913986345, -34.56537817714208 ], [ -58.435490925753278, -34.565344760166063 ], [ -58.436331057337604, -34.565256924855305 ], [ -58.436416536198479, -34.565246240872305 ], [ -58.437300462616605, -34.565135670339906 ], [ -58.437953694262212, -34.565031766710959 ], [ -58.43796935991876, -34.565051396913965 ], [ -58.438229462282642, -34.564984927340575 ], [ -58.439126397886035, -34.564768078032195 ], [ -58.440177708431463, -34.564306257629987 ], [ -58.44068884157074, -34.564019744027817 ], [ -58.441246426015113, -34.563389558963046 ], [ -58.442152521326733, -34.562320105414074 ], [ -58.4432677810466, -34.561059733055913 ], [ -58.444290048002998, -34.559894776644349 ], [ -58.445475028062532, -34.558519817231399 ], [ -58.44624177420377, -34.557603116892992 ], [ -58.447519563331014, -34.556151736023871 ], [ -58.449308576428642, -34.554070168418519 ], [ -58.45012424597266, -34.55315903850471 ], [ -58.450430248554333, -34.552783135689573 ], [ -58.451213120608308, -34.552117890044812 ], [ -58.451159981692655, -34.551703456695257 ], [ -58.450692916558388, -34.551045605039768 ], [ -58.449139359410715, -34.549047308540509 ], [ -58.448194784919245, -34.547805655438751 ], [ -58.447873665056953, -34.547404187617374 ], [ -58.446790105397419, -34.546024846746235 ], [ -58.446201462811139, -34.545275508750542 ], [ -58.447181311635234, -34.544759452202911 ], [ -58.448724606900058, -34.543934057686847 ], [ -58.44885662789715, -34.543883110420836 ], [ -58.449421724210588, -34.54366516574791 ], [ -58.449846372568238, -34.543523459784673 ], [ -58.449956586640624, -34.543488581951159 ], [ -58.450191402705691, -34.543414350109771 ], [ -58.450857095838465, -34.543223250225573 ], [ -58.451027320810674, -34.543174402315422 ], [ -58.451455813900445, -34.543064653585013 ], [ -58.451823475221111, -34.54292358667729 ], [ -58.452248121545232, -34.542716325987357 ], [ -58.45260634795293, -34.542541842103617 ], [ -58.453123893498031, -34.542301892637802 ], [ -58.453535256787852, -34.542116452879966 ], [ -58.453959811603006, -34.541898325460565 ], [ -58.454570259758306, -34.541603868515381 ], [ -58.45463823803847, -34.541573737633009 ], [ -58.45543274460973, -34.541189435165826 ], [ -58.456082953748194, -34.540742225567236 ], [ -58.456148184725947, -34.540695841948732 ], [ -58.456586390644794, -34.540384766217322 ], [ -58.45578345711484, -34.539743351158741 ], [ -58.455598296524251, -34.539851728733424 ], [ -58.453342218292349, -34.538901793608325 ], [ -58.452814134981821, -34.538595192379802 ], [ -58.452027966571663, -34.53822248707084 ], [ -58.451172809215677, -34.53774605697933 ], [ -58.450908766543648, -34.537599786811434 ], [ -58.450771065890279, -34.537543177747587 ], [ -58.450713255272625, -34.53750190824465 ], [ -58.450667812599647, -34.537474791564819 ], [ -58.450645183449971, -34.537437538584271 ], [ -58.450671935247875, -34.537415442418144 ], [ -58.450649306098192, -34.537376455017537 ], [ -58.450640969970628, -34.537347603360502 ], [ -58.450671935247875, -34.537315464495506 ], [ -58.450690535291827, -34.537291724725407 ], [ -58.450690535291827, -34.537261137533996 ], [ -58.450657553428179, -34.537198410920446 ], [ -58.450654161495962, -34.537153854766707 ], [ -58.45067468526166, -34.53699443632415 ], [ -58.450698229500972, -34.53692440486595 ], [ -58.450689435828586, -34.536861589107772 ], [ -58.450648300177448, -34.53681812664712 ], [ -58.450577753545737, -34.536777131263889 ], [ -58.450469003616753, -34.536714312719944 ], [ -58.450369324598419, -34.536665830302745 ], [ -58.450265978443134, -34.536571420576081 ], [ -58.450145502487899, -34.536439394604528 ], [ -58.449325343581968, -34.535391763659121 ], [ -58.449100331177092, -34.535067266647651 ], [ -58.449017691127587, -34.534972948294225 ], [ -58.448866247861574, -34.534731355781588 ], [ -58.448765194175266, -34.534618138211059 ], [ -58.448719293957474, -34.534527563931775 ], [ -58.448765194175266, -34.534429501504206 ], [ -58.448801931973442, -34.53430496256663 ], [ -58.448751451562615, -34.534172845221846 ], [ -58.448664231320073, -34.534127556967896 ], [ -58.448668813546647, -34.53407478223712 ], [ -58.448627492844054, -34.53407478223712 ], [ -58.448581592626262, -34.534036983245763 ], [ -58.448508114996365, -34.534104913119492 ], [ -58.448456992667111, -34.534169100590546 ], [ -58.448406969801098, -34.534197862545817 ], [ -58.448067343437351, -34.534610651177083 ], [ -58.447837750839433, -34.534950304445829 ], [ -58.447736787984248, -34.535116297304278 ], [ -58.447713792120872, -34.5352219364676 ], [ -58.447690887766456, -34.535463528980237 ], [ -58.447663312387888, -34.535761639183477 ], [ -58.447589834080148, -34.535931465817846 ], [ -58.447585251853575, -34.536040850169613 ], [ -58.447521395543795, -34.536141193028051 ], [ -58.447441413999115, -34.536248110302395 ], [ -58.447374074926003, -34.536335215741559 ], [ -58.447305178844836, -34.536395660252779 ], [ -58.447273021239695, -34.536520199190356 ], [ -58.447185800319311, -34.536908883115728 ], [ -58.447025103802567, -34.53719567195192 ], [ -58.446981127306522, -34.537558060999451 ], [ -58.446965461649967, -34.537697574004973 ], [ -58.447029683995602, -34.53781079213266 ], [ -58.447107742496378, -34.53789762289496 ], [ -58.447259278627044, -34.538014585653933 ], [ -58.447442879498205, -34.538105159376066 ], [ -58.447511775579372, -34.538090093934883 ], [ -58.447690887766456, -34.538108904007359 ], [ -58.4479066469206, -34.538146702998723 ], [ -58.448016863026517, -34.53816934684712 ], [ -58.448099501042492, -34.538180667657009 ], [ -58.448177559543268, -34.538180667657009 ], [ -58.448241784600278, -34.538180667657009 ], [ -58.448301518261829, -34.538165510842589 ], [ -58.448365742640995, -34.538161768439906 ], [ -58.448471376520345, -34.538161768439906 ], [ -58.448576919568573, -34.538154190032699 ], [ -58.448673393739682, -34.538180667657009 ], [ -58.448806514200015, -34.538256086793332 ], [ -58.44892250079333, -34.538238739249813 ], [ -58.449008528707978, -34.538225955353809 ], [ -58.449182969870904, -34.538203311505413 ], [ -58.449352919638379, -34.538237276720857 ], [ -58.449577840534289, -34.538218376946595 ], [ -58.449720214923197, -34.538233442944936 ], [ -58.449890073859549, -34.538259920569253 ], [ -58.449986454488169, -34.53827124360776 ], [ -58.450088425297636, -34.53827562506595 ], [ -58.450137988585304, -34.538290051451625 ], [ -58.450193051222705, -34.538305208266046 ], [ -58.450252786917794, -34.538342918112789 ], [ -58.450349167546413, -34.538433491834915 ], [ -58.450569599758246, -34.538576840844975 ], [ -58.450730296274997, -34.538720278999655 ], [ -58.45076007329142, -34.538767392489746 ], [ -58.451157234390244, -34.539090155081155 ], [ -58.451189391995385, -34.539176895027374 ], [ -58.451474047230697, -34.539524126703327 ], [ -58.451538361085298, -34.539610866649539 ], [ -58.451643906167057, -34.539682632527807 ], [ -58.451823017676297, -34.539890168451763 ], [ -58.451868918571932, -34.539984485133729 ], [ -58.451878080313698, -34.540150569365416 ], [ -58.451841340481984, -34.540244887718842 ], [ -58.451809184910374, -34.540316562223872 ], [ -58.451781697651541, -34.540403393543322 ], [ -58.451754855022521, -34.54045744471366 ], [ -58.451740377626791, -34.540539253290788 ], [ -58.451859756152317, -34.540626084610246 ], [ -58.451887240699769, -34.540667536859658 ], [ -58.451956136780936, -34.540720402963672 ], [ -58.451878080313698, -34.540758112253251 ], [ -58.45186433837889, -34.540712824556458 ], [ -58.451827597869332, -34.540675115266872 ], [ -58.451685224158275, -34.540607185393142 ], [ -58.451639325974014, -34.540731724330712 ], [ -58.451561265439707, -34.540833621091352 ], [ -58.451497043094079, -34.540935517851992 ], [ -58.45138224679512, -34.541078956006672 ], [ -58.451295025874735, -34.541252527272334 ], [ -58.451203134608036, -34.541339267218547 ], [ -58.45112507610726, -34.541407197092283 ], [ -58.451010371317267, -34.541456319122148 ], [ -58.45082667690361, -34.541546892844281 ], [ -58.45012424597266, -34.541897869151526 ], [ -58.449825757971425, -34.542037473530293 ], [ -58.449724795116232, -34.542060117378689 ], [ -58.449660479228108, -34.542082761227086 ], [ -58.449531940316504, -34.542214787755789 ], [ -58.449173807451295, -34.54217708013767 ], [ -58.448902894828635, -34.541803459424862 ], [ -58.448921310498974, -34.541622311980603 ], [ -58.448613660078131, -34.541275171120731 ], [ -58.448397900923979, -34.541060056232411 ], [ -58.448319840389672, -34.540995869318508 ], [ -58.448218879568017, -34.540977060917491 ], [ -58.448260197559236, -34.540829876460059 ], [ -58.44817288648558, -34.540735468404854 ], [ -58.448079619873063, -34.540707436878343 ], [ -58.447986995178972, -34.540686894614417 ], [ -58.447821900809274, -34.540644710264786 ], [ -58.447631703158677, -34.54052747617186 ], [ -58.447416585922959, -34.540406223327935 ], [ -58.447183877275407, -34.540264334618222 ], [ -58.446905725954878, -34.540010964986656 ], [ -58.446832249680675, -34.539939199108389 ], [ -58.446836829873718, -34.539803337689463 ], [ -58.446832249680675, -34.539603379615563 ], [ -58.446832249680675, -34.53945619682959 ], [ -58.446891983342233, -34.539150508219144 ], [ -58.446896563535269, -34.539059934497011 ], [ -58.446974624069583, -34.538701379782552 ], [ -58.446442049363604, -34.538361817329893 ], [ -58.446051760926792, -34.538146702998723 ], [ -58.445978282619052, -34.538105159376066 ], [ -58.445868066513135, -34.538116480185955 ], [ -58.445836001772641, -34.538142868665652 ], [ -58.445753361045298, -34.538203311505413 ], [ -58.44571204305408, -34.538267407603229 ], [ -58.445734854543844, -34.538296990803325 ], [ -58.445725785666724, -34.538342918112789 ], [ -58.445730365859767, -34.538395782545336 ], [ -58.446244615048677, -34.538690058415504 ], [ -58.446322673549453, -34.538791953504678 ], [ -58.446336415484254, -34.538882529455428 ], [ -58.446299677686078, -34.538980681584768 ], [ -58.445808423682699, -34.539588222801143 ], [ -58.44569362738374, -34.539712763410179 ], [ -58.445643696026686, -34.539802241767759 ], [ -58.445652858446294, -34.539843876763655 ], [ -58.445716623247115, -34.539935454477096 ], [ -58.445780848304125, -34.540018452020632 ], [ -58.445836001772641, -34.540139248555526 ], [ -58.445936962594303, -34.540271274527079 ], [ -58.446024182836844, -34.540343039848189 ], [ -58.446120657007953, -34.540456257975869 ], [ -58.446157394806136, -34.540497710225289 ], [ -58.446116074781386, -34.540520354073685 ], [ -58.446031694705901, -34.540464566811835 ], [ -58.445978282619052, -34.540377005063633 ], [ -58.445817586102308, -34.540210922503398 ], [ -58.445767103657943, -34.540188278655002 ], [ -58.445707369996391, -34.540075061084472 ], [ -58.445638565424183, -34.539995808172236 ], [ -58.445523769125231, -34.539920391264523 ], [ -58.445395230213627, -34.54005999564329 ], [ -58.444940714686268, -34.540309075189896 ], [ -58.443608047295243, -34.541033487234856 ], [ -58.44344643568887, -34.541113196456131 ], [ -58.443167276414066, -34.54126777546 ], [ -58.442579550273109, -34.541593823587895 ], [ -58.442224167421692, -34.541787846301403 ], [ -58.441678950244146, -34.542089791952023 ], [ -58.440060528832419, -34.542967139954023 ], [ -58.439980180574047, -34.543014344817358 ], [ -58.440020401135556, -34.543056801058086 ], [ -58.439819484057296, -34.543165270563165 ], [ -58.439779354326902, -34.543122814322437 ], [ -58.439618657810158, -34.543221881298464 ], [ -58.439426078893, -34.543313459011905 ], [ -58.439285719734812, -34.543410607149944 ], [ -58.439102118185808, -34.543495521860009 ], [ -58.438556903719643, -34.543778566064915 ], [ -58.438912744793718, -34.543503830138818 ], [ -58.439206928484488, -34.54334952358321 ], [ -58.439401066443232, -34.543102545621068 ], [ -58.439469871015433, -34.542973897116404 ], [ -58.439526215456155, -34.542814387300616 ], [ -58.439664007618482, -34.542809181811819 ], [ -58.439901846868537, -34.542732030484053 ], [ -58.440070881546383, -34.542603381979383 ], [ -58.440171020143069, -34.542515911604418 ], [ -58.440290029921364, -34.54236671916437 ], [ -58.440352604427829, -34.542243184218101 ], [ -58.440352604427829, -34.542145397024555 ], [ -58.440365156746118, -34.542021951780065 ], [ -58.440427731252583, -34.541872760454325 ], [ -58.440452743702352, -34.541749226065214 ], [ -58.440590444355728, -34.541666867577185 ], [ -58.440715686233297, -34.541687503442965 ], [ -58.440803362664965, -34.541656642131841 ], [ -58.440809592730709, -34.541605146626402 ], [ -58.440865937171424, -34.541548537562562 ], [ -58.440928511677889, -34.541430206433631 ], [ -58.441047523489722, -34.541342736058667 ], [ -58.441147662086401, -34.541291240553228 ], [ -58.441260350290001, -34.541275810176245 ], [ -58.441320544207748, -34.541228605312909 ], [ -58.441435615711434, -34.541167795308738 ], [ -58.441728975143697, -34.541061973398946 ], [ -58.4418024514179, -34.541013673171065 ], [ -58.441964065057803, -34.540962908094379 ], [ -58.442105064100893, -34.540897716632017 ], [ -58.442280787067141, -34.540761307530815 ], [ -58.442399705336477, -34.540709812025376 ], [ -58.442499843933163, -34.540565731472263 ], [ -58.442693889027254, -34.540504010521474 ], [ -58.442762785108414, -34.540401109769526 ], [ -58.442913037402235, -34.540277574823264 ], [ -58.4431070852077, -34.540287891641846 ], [ -58.44338257734556, -34.540334183887104 ], [ -58.443564070799198, -34.540323866511372 ], [ -58.443775616473999, -34.54019183886836 ], [ -58.443845795714175, -34.540056342385228 ], [ -58.443977266301808, -34.53996366875009 ], [ -58.444052392448711, -34.539850541995641 ], [ -58.444196414676789, -34.539701258182347 ], [ -58.444334116008001, -34.539685827248213 ], [ -58.44462829969877, -34.539742436312054 ], [ -58.444859999714204, -34.539752755359252 ], [ -58.444991378792864, -34.539860767998142 ], [ -58.445060277585412, -34.539876198375126 ], [ -58.445054046841825, -34.539804158934295 ], [ -58.44496636905447, -34.539701258182347 ], [ -58.444872460523527, -34.539654968165706 ], [ -58.44472074205278, -34.539528875325928 ], [ -58.44474080556229, -34.539504132121678 ], [ -58.44474080556229, -34.53947126227078 ], [ -58.444700769374393, -34.539421956380131 ], [ -58.44466567941538, -34.539360235429349 ], [ -58.444530635233299, -34.53924099112519 ], [ -58.444380473770607, -34.539125765014887 ], [ -58.444240391850677, -34.539039481377706 ], [ -58.444064944767007, -34.538991181149825 ], [ -58.44390837022064, -34.538816240399896 ], [ -58.443776900310858, -34.538764745451616 ], [ -58.443607956464128, -34.538697910942432 ], [ -58.443432600211572, -34.538672161518249 ], [ -58.443313681942236, -34.538651618697166 ], [ -58.443163428970578, -34.538630983388543 ], [ -58.442975611908693, -34.538610440567467 ], [ -58.442769015174157, -34.538605235635828 ], [ -58.442587520364825, -34.538630983388543 ], [ -58.442393383761775, -34.538667049631307 ], [ -58.442180556961496, -34.538682480008291 ], [ -58.441948947777185, -34.538733884140491 ], [ -58.441658429189829, -34.538819528722158 ], [ -58.441413259732954, -34.538885267866796 ], [ -58.441278215550874, -34.538926445996502 ], [ -58.441218115175623, -34.538938771354857 ], [ -58.44111009799618, -34.538950003020126 ], [ -58.441034971849277, -34.53897063665729 ], [ -58.440890949621199, -34.539011725642368 ], [ -58.440715686233297, -34.539042676098113 ], [ -58.440515318208817, -34.53907865152479 ], [ -58.440189800493563, -34.539181552276737 ], [ -58.440027089423957, -34.539289656288865 ], [ -58.43983295078737, -34.539387352109173 ], [ -58.439720354092735, -34.539490344234359 ], [ -58.439570101121078, -34.539577814609324 ], [ -58.439401066443232, -34.539716688559331 ], [ -58.439292774059055, -34.539773845305447 ], [ -58.439194469708696, -34.539901946127841 ], [ -58.439075550761508, -34.540015164255529 ], [ -58.438931526499907, -34.540128381826058 ], [ -58.43877504617388, -34.540277574823264 ], [ -58.438699917315596, -34.540365045198229 ], [ -58.438568446727963, -34.540514327340055 ], [ -58.438436976818181, -34.540642884471488 ], [ -58.438374402311723, -34.540740671665034 ], [ -58.438274172206079, -34.540941359610528 ], [ -58.438167805577187, -34.541085439049333 ], [ -58.437986218581045, -34.541363280551209 ], [ -58.437817183903199, -34.541563966825237 ], [ -58.437717047340051, -34.541780087376331 ], [ -58.437666931609385, -34.542279248789406 ], [ -58.437635691127397, -34.542469619916318 ], [ -58.437610587168663, -34.5428298176776 ], [ -58.437516678637721, -34.542917288052564 ], [ -58.437391529624797, -34.542876109922858 ], [ -58.437291300196996, -34.542870995807299 ], [ -58.437172381249816, -34.542927604871146 ], [ -58.437172381249816, -34.542798956366475 ], [ -58.437153599543628, -34.542726916925652 ], [ -58.437134817159595, -34.542551976175723 ], [ -58.437047230203362, -34.542490164408854 ], [ -58.437053460269105, -34.542325540477506 ], [ -58.436684059600303, -34.542696055614527 ], [ -58.436252175256165, -34.542927604871146 ], [ -58.4361019222845, -34.542917288052564 ], [ -58.435845209819298, -34.542788639547894 ], [ -58.435664173910467, -34.542704273077248 ], [ -58.435509066218884, -34.542642550455007 ], [ -58.43525052086305, -34.542665102930165 ], [ -58.435050154194258, -34.5425879516024 ], [ -58.434787213696843, -34.54247473347472 ], [ -58.434561925409398, -34.542469619916318 ], [ -58.434367787450654, -34.54253134253856 ], [ -58.434067373016298, -34.542536454425502 ], [ -58.433902829733903, -34.542566493934636 ], [ -58.433787758230217, -34.542636434019606 ], [ -58.433704202413239, -34.542675421420213 ], [ -58.433553950119425, -34.542773208613752 ], [ -58.433334892575559, -34.542840043122943 ], [ -58.433165857897713, -34.542901857118423 ], [ -58.432952206838927, -34.542961387340114 ], [ -58.432762008510487, -34.54306008938034 ], [ -58.432614963775272, -34.543225988636941 ], [ -58.432452159163162, -34.543380384894334 ], [ -58.432352020566483, -34.543550211528704 ], [ -58.432258112035541, -34.543704518084311 ], [ -58.432114180638585, -34.543951496603604 ], [ -58.432020272785493, -34.544188250791862 ], [ -58.431926366288081, -34.544419798377014 ], [ -58.431895032263604, -34.544635917256649 ], [ -58.431819906116701, -34.544800540630838 ], [ -58.431751010035534, -34.544970367822366 ], [ -58.431701353883213, -34.54506313227359 ], [ -58.431716380332709, -34.545172059759167 ], [ -58.431556964941443, -34.545213785571143 ], [ -58.431420912805088, -34.545244099199991 ], [ -58.431262230841206, -34.545281441882317 ], [ -58.431114818714448, -34.545314037613501 ], [ -58.430941937270951, -34.545360603421315 ], [ -58.430743585155028, -34.545416573429648 ], [ -58.430547981019352, -34.54547482554031 ], [ -58.430411379829216, -34.545518105254487 ], [ -58.430388202303604, -34.545527600271086 ], [ -58.430353845094139, -34.545538282582619 ], [ -58.43032232669605, -34.545549787810444 ], [ -58.430292185677303, -34.545561565486523 ], [ -58.430262042625031, -34.545573070714354 ], [ -58.430231717232672, -34.54558448345464 ], [ -58.430201393873844, -34.545595895637767 ], [ -58.430171159312607, -34.545607400865599 ], [ -58.430141018293867, -34.54561908716844 ], [ -58.430111056903826, -34.545631049262461 ], [ -58.4300810067162, -34.545643009127865 ], [ -58.430050956528575, -34.545654788475403 ], [ -58.430020815509828, -34.545666656967569 ], [ -58.429990856831168, -34.545678710434828 ], [ -58.429960988983623, -34.545690853046708 ], [ -58.429931304831847, -34.545703362265847 ], [ -58.429901894529117, -34.545716235306472 ], [ -58.429872943804732, -34.545729657700839 ], [ -58.429844451302998, -34.545743719150714 ], [ -58.429816690872968, -34.545758693218659 ], [ -58.42978948153025, -34.5457744890886 ], [ -58.429762636867693, -34.545790741267567 ], [ -58.429735976578748, -34.545807176193016 ], [ -58.429709315611959, -34.545823702491703 ], [ -58.429682470949402, -34.545840046043914 ], [ -58.429655261606683, -34.545855932729935 ], [ -58.429627501176654, -34.545871089544356 ], [ -58.429599281846123, -34.545885514258572 ], [ -58.429570606326472, -34.545899575708447 ], [ -58.429541747111045, -34.545913272222528 ], [ -58.429512796386661, -34.545926968179451 ], [ -58.429483937171234, -34.545940663022066 ], [ -58.429455259618052, -34.545954633098702 ], [ -58.429426950812086, -34.545969059484378 ], [ -58.429399190382064, -34.545984124925567 ], [ -58.429371888174693, -34.545999738049026 ], [ -58.429344770340933, -34.54601562362074 ], [ -58.42931783416941, -34.546031786097934 ], [ -58.429291082371506, -34.546048129650146 ], [ -58.429264512913676, -34.546064655948825 ], [ -58.429238127829464, -34.546081455810075 ], [ -58.429211833576367, -34.546098347044556 ], [ -58.429185721663359, -34.546115329652281 ], [ -58.429159703292839, -34.546132403076086 ], [ -58.429133775753442, -34.54614956843028 ], [ -58.42910793904516, -34.546166915973807 ], [ -58.429082284676959, -34.546184354890563 ], [ -58.429056725884784, -34.546201978225255 ], [ -58.429031346721317, -34.546219690704575 ], [ -58.429006151931461, -34.546237586487521 ], [ -58.428980957141604, -34.546255481713317 ], [ -58.428955853860714, -34.546273559685581 ], [ -58.428930841410939, -34.546291639329318 ], [ -58.428905830994694, -34.54630980811767 ], [ -58.428880912087415, -34.546327977463179 ], [ -58.428855990468762, -34.546346148480147 ], [ -58.428831344732686, -34.546364500572132 ], [ -58.428806882692371, -34.546383125669522 ], [ -58.428782514872402, -34.546401844368759 ], [ -58.428758235172175, -34.546420561396545 ], [ -58.428733955471941, -34.546439278424323 ], [ -58.428709584940599, -34.546457995452108 ], [ -58.428666707907794, -34.546494426630666 ], [ -58.428643438873216, -34.546514058505139 ], [ -58.428620076973992, -34.546533596777749 ], [ -58.428596712363387, -34.546553135050367 ], [ -58.428573350464163, -34.546572675551595 ], [ -58.428550079396054, -34.54659230519745 ], [ -58.428526901192598, -34.546612027888003 ], [ -58.428503905329215, -34.546631748907096 ], [ -58.428481091805921, -34.546651745717362 ], [ -58.428458554165204, -34.546671832229407 ], [ -58.428436291051369, -34.546692193975467 ], [ -58.428414303820119, -34.546712736239392 ], [ -58.428392772100139, -34.546733645667729 ], [ -58.428371609127396, -34.546754736171081 ], [ -58.428350721359379, -34.546776101908456 ], [ -58.4283300152536, -34.546797559576227 ], [ -58.428309585030398, -34.546819197204698 ], [ -58.428289246316155, -34.546840928435024 ], [ -58.42826899775519, -34.546862659665351 ], [ -58.428248659040953, -34.546884390895677 ], [ -58.428228319648866, -34.546906119897386 ], [ -58.428207889425664, -34.546927668381237 ], [ -58.428187183997728, -34.546949215193628 ], [ -58.4281661118561, -34.546970489557765 ], [ -58.428144948205507, -34.546991673105815 ], [ -58.428123783199226, -34.547012856653872 ], [ -58.428102803922251, -34.547034129346542 ], [ -58.428082280834396, -34.547055769203631 ], [ -58.428062401020654, -34.547077682623282 ], [ -58.428043343431888, -34.547100051237656 ], [ -58.428025021304045, -34.547122877832528 ], [ -58.428007154687485, -34.547145977989963 ], [ -58.427989746971427, -34.547169260893874 ], [ -58.427972615137939, -34.547192817917498 ], [ -58.427955850018151, -34.547216465757209 ], [ -58.427939175729477, -34.547240296343389 ], [ -58.427922683780885, -34.547264126929576 ], [ -58.427906284696945, -34.547287957515756 ], [ -58.427889792748353, -34.547311788101943 ], [ -58.427873485173379, -34.54733561868813 ], [ -58.427857452803131, -34.547359630349327 ], [ -58.427841602095128, -34.547383736726687 ], [ -58.427826027947539, -34.547407930577208 ], [ -58.427810543953221, -34.547432219143886 ], [ -58.427795335841488, -34.547456597412342 ], [ -58.427780127051903, -34.547480976237956 ], [ -58.427764918940163, -34.547505354506413 ], [ -58.427749710828429, -34.547529641401631 ], [ -58.427734502716689, -34.547554019670095 ], [ -58.427719291893574, -34.547578397938551 ], [ -58.42770417732433, -34.547602867580245 ], [ -58.427689150874826, -34.54762733722194 ], [ -58.427674217967827, -34.547651806863641 ], [ -58.427659376569778, -34.547676367878573 ], [ -58.427644807665089, -34.547700928893505 ], [ -58.427630332302897, -34.547725580724524 ], [ -58.427616039280785, -34.547750324485932 ], [ -58.427602023496938, -34.547775159063427 ], [ -58.427588188019641, -34.54780008501416 ], [ -58.427574446084833, -34.547825010964893 ], [ -58.427560794303304, -34.547850028288863 ], [ -58.427547236742114, -34.547875047841444 ], [ -58.427533767300666, -34.547900065165415 ], [ -58.42752048291068, -34.54792526467871 ], [ -58.427507382216454, -34.54795046474915 ], [ -58.427494463862317, -34.547975664819596 ], [ -58.427481637017138, -34.548000955706129 ], [ -58.427469085376693, -34.548026337965894 ], [ -58.427456717432015, -34.548051812156054 ], [ -58.427444623336378, -34.548077287460522 ], [ -58.427432713614358, -34.548102852466769 ], [ -58.427420985554576, -34.548128417473009 ], [ -58.427409351715134, -34.548154165225732 ], [ -58.427397898860079, -34.548179912978448 ], [ -58.427386629022955, -34.54820566240263 ], [ -58.427375636424095, -34.548231592344671 ], [ -58.427364826165316, -34.548257522286711 ], [ -58.427354289077734, -34.548283544159148 ], [ -58.427344027194884, -34.548309656847664 ], [ -58.42733422489038, -34.54833577120764 ], [ -58.427324696434923, -34.548362066642639 ], [ -58.427315534015314, -34.548388361520473 ], [ -58.427306740342928, -34.54841475000017 ], [ -58.427298493012948, -34.548441228181638 ], [ -58.427290430734416, -34.548467797179192 ], [ -58.427282645016312, -34.548494368405358 ], [ -58.427275131113717, -34.54852102877615 ], [ -58.427267894449386, -34.548547780520181 ], [ -58.427260930956258, -34.548574625308909 ], [ -58.427254152514585, -34.548601468426178 ], [ -58.427247646566265, -34.548628310986288 ], [ -58.427241324991563, -34.548655245476795 ], [ -58.427235185756935, -34.548682273011998 ], [ -58.427229230895925, -34.548709206945354 ], [ -58.427223551239649, -34.548736232809098 ], [ -58.427217963092332, -34.548763260344302 ], [ -58.427212647438374, -34.54879019427765 ], [ -58.427207426004756, -34.548817313186099 ], [ -58.427202479098021, -34.548844338492685 ], [ -58.427197806040333, -34.548871455729667 ], [ -58.427193501052024, -34.548898574080958 ], [ -58.427189379081646, -34.54892578213402 ], [ -58.427185529604614, -34.5489529924157 ], [ -58.427181864501208, -34.548980200468769 ], [ -58.427178475280371, -34.549007499895069 ], [ -58.427175267721765, -34.549034800992835 ], [ -58.427172244536784, -34.549062100419135 ], [ -58.427169406403252, -34.549089399845442 ], [ -58.427166747220582, -34.549116700943209 ], [ -58.427164182258252, -34.549144000369509 ], [ -58.427161800991698, -34.549171302024426 ], [ -58.427159602065217, -34.549198601450733 ], [ -58.427157585478817, -34.549225900877033 ], [ -58.42715566175707, -34.549253293348038 ], [ -58.427154013240056, -34.549280592774338 ], [ -58.427152363367355, -34.549307985245342 ], [ -58.427150990732919, -34.549335376044887 ], [ -58.42714970689606, -34.549362766287274 ], [ -58.427148515923861, -34.549390159315429 ], [ -58.427147507969586, -34.549417549557816 ], [ -58.427146683711079, -34.549444942028821 ], [ -58.427145950961531, -34.549472332828358 ], [ -58.427145309043105, -34.549499632254665 ], [ -58.427144851498291, -34.54952702472567 ], [ -58.427144578327095, -34.549554415525208 ], [ -58.427145677790335, -34.549582629798195 ], [ -58.427148700297472, -34.549611846391038 ], [ -58.4271528229457, -34.549641520964371 ], [ -58.427157312307621, -34.549671195537712 ], [ -58.427161343446883, -34.549700502946635 ], [ -58.427164457462986, -34.549728990782185 ], [ -58.427165741299838, -34.549756108019167 ], [ -58.427164548294108, -34.549781490278932 ], [ -58.427160153152528, -34.549804590436366 ], [ -58.427149982100794, -34.549824405057308 ], [ -58.427047737442287, -34.549844216892488 ], [ -58.426567021204328, -34.549528394209929 ], [ -58.426624189225713, -34.549480093982048 ], [ -58.426524876921071, -34.54944019396337 ], [ -58.426502154228892, -34.549468773172158 ], [ -58.426479618621705, -34.549488950500283 ], [ -58.42645772018804, -34.549509494992826 ], [ -58.426436190501597, -34.549530493565783 ], [ -58.426416126314244, -34.549552316169347 ], [ -58.426397895017516, -34.549575234137464 ], [ -58.426380945524116, -34.549598881977168 ], [ -58.426364453575523, -34.549622621190117 ], [ -58.426348421205276, -34.549646725896011 ], [ -58.426333945843083, -34.54967128691095 ], [ -58.42632157857625, -34.549696669170714 ], [ -58.426310674774975, -34.549722599112755 ], [ -58.426300230552044, -34.549748620985191 ], [ -58.426289235919654, -34.549774550927232 ], [ -58.426277877284939, -34.549800391724652 ], [ -58.426267982115789, -34.549826504413168 ], [ -58.426260651908962, -34.549853164783961 ], [ -58.426255796511192, -34.54988037450849 ], [ -58.426253779924792, -34.54990767393479 ], [ -58.426255612137581, -34.549934975589707 ], [ -58.426259004069792, -34.549962275016014 ], [ -58.426262850835442, -34.549989483069076 ], [ -58.426267248688397, -34.550016692793605 ], [ -58.426270820249314, -34.550043900846667 ], [ -58.426273110684761, -34.550071291646212 ], [ -58.426277692911327, -34.550098319181416 ], [ -58.426287128502139, -34.55012452324317 ], [ -58.426298489170385, -34.550150361811973 ], [ -58.426308475848501, -34.550176568102344 ], [ -58.426319103767199, -34.550202587746163 ], [ -58.426333303924658, -34.550227241248642 ], [ -58.426351535221386, -34.550250157545292 ], [ -58.426370226096452, -34.550272892766927 ], [ -58.426385434208193, -34.55029727103539 ], [ -58.426397619812789, -34.550322837713097 ], [ -58.426411819970248, -34.550347490101267 ], [ -58.42643115073021, -34.550369769013862 ], [ -58.426453049163882, -34.550390585397501 ], [ -58.42647576914468, -34.550410673023855 ], [ -58.426499315417523, -34.550430120480385 ], [ -58.426523959120068, -34.550448563388457 ], [ -58.426549063078802, -34.550467008525139 ], [ -58.426575083482859, -34.550484447441896 ], [ -58.426602841879351, -34.550498965200809 ], [ -58.426633442476444, -34.550508734337114 ], [ -58.426666242677854, -34.55051503296184 ], [ -58.42669904016789, -34.550521241884795 ], [ -58.426723410699239, -34.550456233168902 ], [ -58.426641780637546, -34.55041167757232 ], [ -58.427059556333184, -34.550045909386441 ], [ -58.427189927457576, -34.550061522509907 ], [ -58.427197714531367, -34.550086448460632 ], [ -58.427201379634781, -34.550114936296183 ], [ -58.427202754980598, -34.550145249925038 ], [ -58.42720367007022, -34.550175288319863 ], [ -58.42720568462309, -34.5502035020357 ], [ -58.427208067923182, -34.550230801462 ], [ -58.427210082476044, -34.550258102559766 ], [ -58.427211732348752, -34.550285493359304 ], [ -58.427213107694563, -34.550312884158849 ], [ -58.427214207157803, -34.550340276629854 ], [ -58.427215122247432, -34.550367667429391 ], [ -58.427215945828095, -34.550395059900396 ], [ -58.427216587746521, -34.550422450699934 ], [ -58.427217229664947, -34.550449841499479 ], [ -58.427217963092332, -34.550477142597245 ], [ -58.427218605010765, -34.550504533396783 ], [ -58.427089881725543, -34.55054662470171 ], [ -58.426969861959435, -34.550627063794586 ], [ -58.42687934468286, -34.550707503444613 ], [ -58.426792581985133, -34.550818256723481 ], [ -58.426685573437815, -34.550924443569073 ], [ -58.426595056161247, -34.551056471769243 ], [ -58.426506461250732, -34.551214336309592 ], [ -58.426401193407237, -34.551311393631543 ], [ -58.426290426891853, -34.551454103586089 ], [ -58.426177829519375, -34.55157243471502 ], [ -58.426033807291304, -34.551719617500993 ], [ -58.425902703417371, -34.55184251339174 ], [ -58.425797527082835, -34.551898666146549 ], [ -58.42571626102346, -34.551936649555849 ], [ -58.425607326720865, -34.5519548183442 ], [ -58.425546402764951, -34.551960936451067 ], [ -58.425467060427323, -34.551926058617553 ], [ -58.425376543828591, -34.551891087739335 ], [ -58.425299034381595, -34.551872918393833 ], [ -58.425258449139918, -34.551874379251331 ], [ -58.425186437009117, -34.551878945127456 ], [ -58.42514209379938, -34.551889626881838 ], [ -58.425079336952834, -34.551921492741421 ], [ -58.42505166803177, -34.551953358043853 ], [ -58.42500365971862, -34.552007958567927 ], [ -58.42497965590097, -34.552048954508308 ], [ -58.424903889869164, -34.552067123296659 ], [ -58.42483746588568, -34.552086846544363 ], [ -58.424663118265244, -34.551895105933191 ], [ -58.424498574982849, -34.551837127942242 ], [ -58.424372232964195, -34.551829823097592 ], [ -58.42418707508498, -34.55192405007778 ], [ -58.424101871428839, -34.552023115382347 ], [ -58.424013733385294, -34.552122089313677 ], [ -58.423966733704262, -34.552189745624851 ], [ -58.423954914813365, -34.552283881231801 ], [ -58.423943187431426, -34.552407052913729 ], [ -58.423934393759041, -34.552506117661146 ], [ -58.423813915770275, -34.552535062362885 ], [ -58.423752167555854, -34.55253752665454 ], [ -58.423652302130371, -34.552445764523164 ], [ -58.423499486229915, -34.552445764523164 ], [ -58.423443690842966, -34.552416730676804 ], [ -58.423384872271036, -34.552349164067401 ], [ -58.42329673626103, -34.552322595069853 ], [ -58.423193941193055, -34.552337021455521 ], [ -58.423140986651013, -34.55234185922275 ], [ -58.423085190586228, -34.552337021455521 ], [ -58.42300878331384, -34.552305612462128 ], [ -58.422870715946779, -34.55227182999316 ], [ -58.4227561019879, -34.552254937087213 ], [ -58.422679691326294, -34.552252472238408 ], [ -58.422573875784714, -34.552274294841972 ], [ -58.422453397795948, -34.552334646308495 ], [ -58.422362330109912, -34.552404677766695 ], [ -58.422318262104909, -34.55243124676425 ], [ -58.42231533042888, -34.552542364978926 ], [ -58.422294715832066, -34.552622074200201 ], [ -58.422250647827063, -34.552675214423921 ], [ -58.422247716151034, -34.552735565890444 ], [ -58.422194852440114, -34.552774188355251 ], [ -58.422162512494893, -34.55281043734449 ], [ -58.423121929062248, -34.554536918518345 ], [ -58.423269158171081, -34.554793120163133 ], [ -58.424520377840494, -34.55426875700816 ], [ -58.425148233034001, -34.55400570738491 ], [ -58.425739256886835, -34.553628070706864 ], [ -58.426279800328842, -34.553685136079743 ], [ -58.426573251270071, -34.553723210305129 ], [ -58.426982504430995, -34.55376128508766 ], [ -58.427394784843976, -34.55382693285906 ], [ -58.427461297625051, -34.553837523797355 ], [ -58.427646639877878, -34.553888288874049 ], [ -58.427862856576837, -34.55399621181116 ], [ -58.428581046706839, -34.554434109139635 ], [ -58.43011270745437, -34.555278952783695 ], [ -58.430182886694546, -34.555319309111411 ], [ -58.430663970324041, -34.555609932280674 ], [ -58.431062597599798, -34.555850702991329 ], [ -58.431299519726693, -34.556114574416561 ], [ -58.431313903579927, -34.556375431639253 ], [ -58.430788568249653, -34.556734534035989 ], [ -58.431025399545433, -34.55688527870678 ], [ -58.431861959568835, -34.557252961830578 ], [ -58.432265992651836, -34.557430640991875 ], [ -58.432542127385965, -34.557598459643629 ], [ -58.432929486180285, -34.55783375353154 ], [ -58.433333426398626, -34.558153866299051 ], [ -58.433374928763463, -34.558190754343798 ], [ -58.433853813466477, -34.558615413695847 ], [ -58.433881482387541, -34.558639974153628 ], [ -58.434346440104292, -34.558933701227218 ], [ -58.435629910243499, -34.559402461538276 ], [ -58.436428448631872, -34.559660306229887 ], [ -58.437198584671791, -34.560058850664802 ], [ -58.437854564297652, -34.560715239791328 ], [ -58.438111276762854, -34.561395004866469 ], [ -58.438206651470729, -34.561636688752344 ], [ -58.438025797901979, -34.562215561615304 ], [ -58.437512465158377, -34.56312979543344 ], [ -58.436685434268277, -34.56380974325505 ], [ -58.436204626521359, -34.564079000129787 ], [ -58.435382726233755, -34.564425501934146 ], [ -58.434834761753805, -34.564615964434296 ], [ -58.434745526958402, -34.564634955024637 ], [ -58.434181438599239, -34.564754564821747 ], [ -58.433991514119846, -34.564769812452255 ], [ -58.433317394028386, -34.564823865851203 ], [ -58.433169889036975, -34.564823865851203 ], [ -58.43264308820762, -34.564823865851203 ], [ -58.432242630752604, -34.564754564821747 ], [ -58.431652612820514, -34.564685265463751 ], [ -58.43148394485636, -34.564979722408935 ], [ -58.432052981477945, -34.565447476500076 ], [ -58.432516657391375, -34.565447476500076 ], [ -58.433127744753719, -34.565482080771027 ], [ -58.433422846245492, -34.565465189536546 ], [ -58.434033933607836, -34.565430128956557 ], [ -58.434431918965167, -34.565411959611048 ] ] ] ] } },
{ "type": "Feature", "properties": { "circuito": "00142", "codprov": "01", "coddepto": "013" }, "geometry": { "type": "MultiPolygon", "coordinates": [ [ [ [ -58.43796935991876, -34.565051396913965 ], [ -58.438269865184239, -34.565430128956557 ], [ -58.439309448347728, -34.566552446938076 ], [ -58.439352052209337, -34.566607503771174 ], [ -58.439449807505923, -34.566544961575559 ], [ -58.444817307055011, -34.569688493467297 ], [ -58.44598497022961, -34.570822772985679 ], [ -58.449320486150661, -34.569048721455538 ], [ -58.449327542508442, -34.569052829351172 ], [ -58.450147608549727, -34.568606532370644 ], [ -58.450532035668026, -34.56831691374984 ], [ -58.451204782447206, -34.567921928971131 ], [ -58.45187752990423, -34.567131959970851 ], [ -58.452710424824225, -34.566157644905836 ], [ -58.453771994541128, -34.56492585342793 ], [ -58.453209006323057, -34.564639703647245 ], [ -58.45113753488306, -34.563424254050084 ], [ -58.449121037282872, -34.562228892636433 ], [ -58.44753229731154, -34.561284708453783 ], [ -58.44706376532249, -34.560954550201636 ], [ -58.445403384001111, -34.561890423876861 ], [ -58.443595128941105, -34.562938147866966 ], [ -58.442883629810879, -34.563352396798578 ], [ -58.441668230816489, -34.563912826753473 ], [ -58.440512019819096, -34.564351362580311 ], [ -58.4392373467415, -34.564741235472084 ], [ -58.439126397886035, -34.564768078032195 ], [ -58.438229462282642, -34.564984927340575 ], [ -58.43796935991876, -34.565051396913965 ] ] ] ] } },
{ "type": "Feature", "properties": { "circuito": "00143", "codprov": "01", "coddepto": "013" }, "geometry": { "type": "MultiPolygon", "coordinates": [ [ [ [ -58.449327542508442, -34.569052829351172 ], [ -58.454570259758306, -34.572066161064654 ], [ -58.454702920640287, -34.571989830981721 ], [ -58.454848865912268, -34.572535104122188 ], [ -58.454867099920364, -34.572553821149974 ], [ -58.455342867895901, -34.572377237353223 ], [ -58.457036050774377, -34.571758647218054 ], [ -58.45851759579125, -34.571198128118539 ], [ -58.459528776606284, -34.570830808259082 ], [ -58.460916323616786, -34.570328267150515 ], [ -58.462137950643388, -34.569852658860988 ], [ -58.458690202030013, -34.567814005476862 ], [ -58.454846666985787, -34.565553848320754 ], [ -58.453881204726301, -34.56498127408252 ], [ -58.453771994541128, -34.56492585342793 ], [ -58.452710424824225, -34.566157644905836 ], [ -58.45187752990423, -34.567131959970851 ], [ -58.451204782447206, -34.567921928971131 ], [ -58.450532035668026, -34.56831691374984 ], [ -58.450147608549727, -34.568606532370644 ], [ -58.449327542508442, -34.569052829351172 ] ] ] ] } },
{ "type": "Feature", "properties": { "circuito": "00144", "codprov": "01", "coddepto": "013" }, "geometry": { "type": "MultiPolygon", "coordinates": [ [ [ [ -58.454867099920364, -34.572553821149974 ], [ -58.455114283930108, -34.572807831508506 ], [ -58.460564239155083, -34.578077943468372 ], [ -58.464641579598727, -34.575534465759034 ], [ -58.465400723039785, -34.575940681645861 ], [ -58.470768313419988, -34.569622389386858 ], [ -58.470640599444735, -34.569542223299393 ], [ -58.470395156816657, -34.569396866306718 ], [ -58.470336153871116, -34.569361167228372 ], [ -58.469546871444848, -34.569245848073365 ], [ -58.468653234231176, -34.569149156244372 ], [ -58.467900687569553, -34.569091177696265 ], [ -58.467077596987593, -34.569091177696265 ], [ -58.465972323268005, -34.569129891534317 ], [ -58.464678959993172, -34.569265205270966 ], [ -58.463597141715304, -34.569477762265777 ], [ -58.462256687250488, -34.569806368844347 ], [ -58.462137950643388, -34.569852658860988 ], [ -58.460916323616786, -34.570328267150515 ], [ -58.459528776606284, -34.570830808259082 ], [ -58.45851759579125, -34.571198128118539 ], [ -58.457036050774377, -34.571758647218054 ], [ -58.455342867895901, -34.572377237353223 ], [ -58.454867099920364, -34.572553821149974 ] ] ] ] } },
{ "type": "Feature", "properties": { "circuito": "00145", "codprov": "01", "coddepto": "013" }, "geometry": { "type": "MultiPolygon", "coordinates": [ [ [ [ -58.460564239155083, -34.578077943468372 ], [ -58.455114283930108, -34.572807831508506 ], [ -58.454867099920364, -34.572553821149974 ], [ -58.454613867507121, -34.572647774010449 ], [ -58.449287321946933, -34.574290803560345 ], [ -58.447311957964352, -34.57510268653742 ], [ -58.446118639743716, -34.575605683397875 ], [ -58.446171412623514, -34.575779163847457 ], [ -58.447958686373013, -34.579084487657312 ], [ -58.450045088686487, -34.582954898671431 ], [ -58.451916560171384, -34.582352469341998 ], [ -58.454895865593294, -34.581533007957709 ], [ -58.457387403164375, -34.581397785594291 ], [ -58.459561485298735, -34.579106401076963 ], [ -58.460386774807176, -34.578187327262981 ], [ -58.460564239155083, -34.578077943468372 ] ] ] ] } },
{ "type": "Feature", "properties": { "circuito": "00146", "codprov": "01", "coddepto": "013" }, "geometry": { "type": "MultiPolygon", "coordinates": [ [ [ [ -58.446118639743716, -34.575605683397875 ], [ -58.444101957769917, -34.576455731973567 ], [ -58.44266741311192, -34.577074231292649 ], [ -58.441044775509468, -34.577731441664014 ], [ -58.44041362192624, -34.577994856780215 ], [ -58.44085018000591, -34.578426179692791 ], [ -58.43970945029146, -34.579152966884777 ], [ -58.438670600555355, -34.579851173753674 ], [ -58.437713014167251, -34.580887848824993 ], [ -58.436714842537476, -34.581638008622669 ], [ -58.440280136785745, -34.5849316483583 ], [ -58.441312938796187, -34.586334728442381 ], [ -58.444006674571007, -34.585175613789353 ], [ -58.445387991515759, -34.584595554745761 ], [ -58.445402742082685, -34.58458998487832 ], [ -58.447951447675152, -34.583628728386174 ], [ -58.450045088686487, -34.582954898671431 ], [ -58.447958686373013, -34.579084487657312 ], [ -58.446171412623514, -34.575779163847457 ], [ -58.446118639743716, -34.575605683397875 ] ] ] ] } },
{ "type": "Feature", "properties": { "circuito": "00147", "codprov": "01", "coddepto": "013" }, "geometry": { "type": "MultiPolygon", "coordinates": [ [ [ [ -58.454867099920364, -34.572553821149974 ], [ -58.454848865912268, -34.572535104122188 ], [ -58.454702920640287, -34.571989830981721 ], [ -58.454570259758306, -34.572066161064654 ], [ -58.449327542508442, -34.569052829351172 ], [ -58.449320486150661, -34.569048721455538 ], [ -58.44598497022961, -34.570822772985679 ], [ -58.442590818754546, -34.572539485580378 ], [ -58.439781919967075, -34.573920836662758 ], [ -58.437516587806606, -34.575132268066056 ], [ -58.440383480907492, -34.577964999460399 ], [ -58.44041362192624, -34.577994856780215 ], [ -58.441044775509468, -34.577731441664014 ], [ -58.44266741311192, -34.577074231292649 ], [ -58.444101957769917, -34.576455731973567 ], [ -58.446118639743716, -34.575605683397875 ], [ -58.447311957964352, -34.57510268653742 ], [ -58.449287321946933, -34.574290803560345 ], [ -58.454613867507121, -34.572647774010449 ], [ -58.454867099920364, -34.572553821149974 ] ] ] ] } },
{ "type": "Feature", "properties": { "circuito": "00148", "codprov": "01", "coddepto": "014" }, "geometry": { "type": "MultiPolygon", "coordinates": [ [ [ [ -58.439352052209337, -34.566607503771174 ], [ -58.438008572525995, -34.56758820883416 ], [ -58.436860515316098, -34.568531935036312 ], [ -58.435686254684221, -34.569497026975839 ], [ -58.435216623909774, -34.569947433523453 ], [ -58.434746899592838, -34.570354927521308 ], [ -58.434564306675959, -34.570569401682654 ], [ -58.433964120403509, -34.571427302228123 ], [ -58.433807546534993, -34.571770426008442 ], [ -58.432868193477141, -34.57273551850512 ], [ -58.431459207611319, -34.574301212309322 ], [ -58.430676428421989, -34.575073285526649 ], [ -58.429189110884195, -34.576638979330845 ], [ -58.428188278716057, -34.577564351769546 ], [ -58.428145314919199, -34.577604071270365 ], [ -58.428014026671654, -34.577720759909631 ], [ -58.428427129309604, -34.577831147695555 ], [ -58.429488150650577, -34.578104696883862 ], [ -58.430653157353881, -34.578395409754904 ], [ -58.431568508627613, -34.578651884962248 ], [ -58.432941578242385, -34.579010987358984 ], [ -58.433732147216887, -34.579113614548376 ], [ -58.434543418907943, -34.579199074712101 ], [ -58.435583643312015, -34.579199074712101 ], [ -58.436291020471856, -34.579147853326376 ], [ -58.437414434657057, -34.578959674600021 ], [ -58.438204910089063, -34.578771585575446 ], [ -58.439161945389856, -34.578463797609132 ], [ -58.439910826948065, -34.578173174997019 ], [ -58.440383480907492, -34.577964999460399 ], [ -58.437516587806606, -34.575132268066056 ], [ -58.439781919967075, -34.573920836662758 ], [ -58.442590818754546, -34.572539485580378 ], [ -58.44598497022961, -34.570822772985679 ], [ -58.444817307055011, -34.569688493467297 ], [ -58.439449807505923, -34.566544961575559 ], [ -58.439352052209337, -34.566607503771174 ] ] ] ] } },
{ "type": "Feature", "properties": { "circuito": "00149", "codprov": "01", "coddepto": "014" }, "geometry": { "type": "MultiPolygon", "coordinates": [ [ [ [ -58.424520377840494, -34.55426875700816 ], [ -58.423269158171081, -34.554793120163133 ], [ -58.422746482023477, -34.55467351092318 ], [ -58.421913129558675, -34.554974085418074 ], [ -58.421005934105963, -34.555292740113856 ], [ -58.420695349297723, -34.555426319987603 ], [ -58.419210049024166, -34.555835546176901 ], [ -58.419161032078897, -34.555704067887625 ], [ -58.418637256468052, -34.555833264074565 ], [ -58.418680957759364, -34.555958809232067 ], [ -58.417678021562935, -34.55620788877868 ], [ -58.416778245792486, -34.556432222892418 ], [ -58.416563037047801, -34.556485545862614 ], [ -58.416389422854756, -34.55652928188583 ], [ -58.41624979847964, -34.556562242552808 ], [ -58.416149017286692, -34.55658625588547 ], [ -58.416092213945468, -34.556600315106728 ], [ -58.416043474916307, -34.556611729518472 ], [ -58.415972379908659, -34.556629168435229 ], [ -58.415850895999149, -34.55665884300857 ], [ -58.415748376135909, -34.556683951705779 ], [ -58.415648970288771, -34.556707599545483 ], [ -58.415537654719614, -34.556740195276667 ], [ -58.415435410061107, -34.556763569553816 ], [ -58.415295783652454, -34.55680018180739 ], [ -58.415137195231068, -34.556838073843451 ], [ -58.414987675008952, -34.556875507899015 ], [ -58.414848051311679, -34.556911756331097 ], [ -58.414740400168093, -34.556936500092505 ], [ -58.414592619971955, -34.556973388137258 ], [ -58.414461516098022, -34.557005618375484 ], [ -58.414350200528865, -34.55703337411083 ], [ -58.414239160164442, -34.557062683748363 ], [ -58.414109521789598, -34.55709171759473 ], [ -58.413966506160108, -34.55712796658397 ], [ -58.413841632351918, -34.557158827895087 ], [ -58.413714193581399, -34.557190601824281 ], [ -58.413560918102597, -34.557232784502453 ], [ -58.413418452882574, -34.557269033491686 ], [ -58.413271132264782, -34.557309662267656 ], [ -58.41314442353243, -34.557344724519112 ], [ -58.413042179551766, -34.557373210683195 ], [ -58.412893941132971, -34.55741913743551 ], [ -58.41273745809557, -34.55746716354367 ], [ -58.412606811766445, -34.55750633369076 ], [ -58.412465446009662, -34.557550980660579 ], [ -58.412314003421493, -34.557601747408732 ], [ -58.412150650433453, -34.557656439306037 ], [ -58.411977126393687, -34.557713778798629 ], [ -58.411845838146135, -34.557761255553061 ], [ -58.411710518759328, -34.557810835563423 ], [ -58.411584270283164, -34.557858131799996 ], [ -58.411454083532391, -34.557907983701455 ], [ -58.41131903935031, -34.557958748778148 ], [ -58.411179137059086, -34.558014992349037 ], [ -58.41105252186923, -34.558064662061177 ], [ -58.410904926046705, -34.558125745627912 ], [ -58.410779228657852, -34.558177879631707 ], [ -58.410659667792238, -34.558232023846742 ], [ -58.410521873596373, -34.55829602857132 ], [ -58.410393059480043, -34.558365786466965 ], [ -58.410287607940774, -34.558422851282685 ], [ -58.410148534652969, -34.558500276730172 ], [ -58.410051143358693, -34.558558804632007 ], [ -58.409930116993998, -34.558621987554595 ], [ -58.409821184724933, -34.558680605158216 ], [ -58.409718207316878, -34.558737213664898 ], [ -58.409614494447901, -34.558789621788414 ], [ -58.409502721333929, -34.558850614539061 ], [ -58.409379955621098, -34.558913523899086 ], [ -58.409278992765913, -34.55896985884322 ], [ -58.409192232101717, -34.559018067697856 ], [ -58.40908164724857, -34.55907878410018 ], [ -58.409003406407713, -34.559123068362815 ], [ -58.40891380489861, -34.559175202366617 ], [ -58.408821913631911, -34.559229529328121 ], [ -58.40875842132445, -34.559266143253161 ], [ -58.40868439464078, -34.559313528634355 ], [ -58.408589113475401, -34.559367581476145 ], [ -58.40851114648359, -34.559416520759541 ], [ -58.408416322863019, -34.559475779090128 ], [ -58.40833459993668, -34.559529830260459 ], [ -58.408253427419794, -34.559582696364465 ], [ -58.408180224994638, -34.559628712818551 ], [ -58.408098502068292, -34.55968176166904 ], [ -58.40803500976083, -34.559725040826059 ], [ -58.407976557902593, -34.559763935181969 ], [ -58.407901706960416, -34.559813880685283 ], [ -58.407639224007816, -34.559996671733522 ], [ -58.407351179551668, -34.5601989113526 ], [ -58.407232533775684, -34.560093454378602 ], [ -58.40694494686435, -34.560146868722043 ], [ -58.406845816221946, -34.560057389807305 ], [ -58.406876323954386, -34.560032190294017 ], [ -58.406834273213619, -34.559997401605123 ], [ -58.406271466657785, -34.559489108439791 ], [ -58.406229598257099, -34.559516865846597 ], [ -58.4061949658429, -34.559487464835819 ], [ -58.406164273736849, -34.559461899829572 ], [ -58.406139169778115, -34.559443546623285 ], [ -58.406115350334076, -34.559428939162594 ], [ -58.406104722415378, -34.55942346011124 ], [ -58.406098766876518, -34.559420538953397 ], [ -58.406092812015508, -34.559417798870562 ], [ -58.406086766323384, -34.559415060459195 ], [ -58.406080717919878, -34.559412504237145 ], [ -58.406074487854134, -34.559409946343635 ], [ -58.406068350653044, -34.559407573425219 ], [ -58.406062029078342, -34.559405199949644 ], [ -58.406055799012599, -34.559402917847315 ], [ -58.406049386606774, -34.559400816262844 ], [ -58.406042971489576, -34.559398716906983 ], [ -58.406036559083752, -34.55939670836721 ], [ -58.406030146677928, -34.559394883131063 ], [ -58.406023549898492, -34.559393055666305 ], [ -58.406017043950179, -34.559391321246245 ], [ -58.406010449204274, -34.55938976901551 ], [ -58.406003852424838, -34.559388217341926 ], [ -58.405997164814281, -34.559386847857667 ], [ -58.405990476525886, -34.559385477259092 ], [ -58.405983786881798, -34.559384290521308 ], [ -58.405977007762282, -34.559383103783524 ], [ -58.40597031947388, -34.559382099235059 ], [ -58.405963541032207, -34.559381186616989 ], [ -58.405956668370195, -34.559380364814999 ], [ -58.405949889250678, -34.559379634943404 ], [ -58.405943017266509, -34.559378994216431 ], [ -58.405936238146992, -34.559378446534154 ], [ -58.405929366162823, -34.559377989667965 ], [ -58.405922496212185, -34.559377624732171 ], [ -58.405915623550172, -34.559377441985696 ], [ -58.40590875359954, -34.559377259796371 ], [ -58.405901881615371, -34.559377168423133 ], [ -58.405895010986889, -34.559377259796371 ], [ -58.40588813900272, -34.559377441985696 ], [ -58.405881267018557, -34.559377624732171 ], [ -58.405874397067919, -34.559377989667965 ], [ -58.405867617948402, -34.559378446534154 ], [ -58.40586074528639, -34.559378994216431 ], [ -58.40585387330222, -34.559379634943404 ], [ -58.405847094182704, -34.559380364814999 ], [ -58.405840315063188, -34.559381186616989 ], [ -58.405833536621515, -34.559382099235059 ], [ -58.405826754790617, -34.559383195156762 ], [ -58.405819976348944, -34.559384290521308 ], [ -58.405813288060543, -34.559385477259092 ], [ -58.405806600449992, -34.559386847857667 ], [ -58.405800003670556, -34.559388217341926 ], [ -58.405793315382155, -34.55938976901551 ], [ -58.40578671860272, -34.559391321246245 ], [ -58.405780212654399, -34.559393055666305 ], [ -58.40577370941746, -34.559394883131063 ], [ -58.405767203469139, -34.55939670836721 ], [ -58.405760791063322, -34.559398716906983 ], [ -58.405754376623968, -34.559400816262844 ], [ -58.405748055049258, -34.559402917847315 ], [ -58.405741733474557, -34.559405199949644 ], [ -58.405735503408813, -34.559407573425219 ], [ -58.405729275376608, -34.559409946343635 ], [ -58.405723135464136, -34.559412504237145 ], [ -58.405716998940889, -34.559415151832432 ], [ -58.405710950537383, -34.559417798870562 ], [ -58.405704995676373, -34.559420630326635 ], [ -58.405699040815364, -34.55942346011124 ], [ -58.405693176785476, -34.559426381269084 ], [ -58.405687404264548, -34.55942948684487 ], [ -58.405681724608264, -34.559432590749189 ], [ -58.405676044951989, -34.559435787141055 ], [ -58.405670456804671, -34.55943907379185 ], [ -58.405664867979517, -34.559442451258732 ], [ -58.405659461494437, -34.559445830397074 ], [ -58.405654055687201, -34.559449390610432 ], [ -58.405648742744617, -34.559452952495256 ], [ -58.405643520633156, -34.559456603524694 ], [ -58.405638389352809, -34.559460348155987 ], [ -58.405633352292796, -34.559464181931908 ], [ -58.40562840335253, -34.559468109309677 ], [ -58.405623456445802, -34.559472034458835 ], [ -58.405618601048033, -34.559476052652684 ], [ -58.405613927990338, -34.559480160548318 ], [ -58.405609254932649, -34.559484359817191 ], [ -58.405604674739614, -34.559488560200364 ], [ -58.405600276886652, -34.559492852513934 ], [ -58.405595879033697, -34.559497234529282 ], [ -58.405591574045388, -34.559501617658931 ], [ -58.405587452075011, -34.559506090490359 ], [ -58.405583329426783, -34.559510656923642 ], [ -58.405579389118635, -34.559515314173012 ], [ -58.405575448810495, -34.559519969750916 ], [ -58.405571692875967, -34.559524627000279 ], [ -58.405567936941431, -34.55952937339427 ], [ -58.405564362669139, -34.559534213390116 ], [ -58.405560881939337, -34.559539144759192 ], [ -58.40555749068497, -34.559543982526421 ], [ -58.405554285159901, -34.559549005268742 ], [ -58.405551078279146, -34.55955402578244 ], [ -58.405548055094158, -34.559559047967603 ], [ -58.405545031909178, -34.559564162083163 ], [ -58.405542191064271, -34.559569273970105 ], [ -58.40553944376186, -34.559574478901744 ], [ -58.405536878121687, -34.559579682161925 ], [ -58.405534312481514, -34.559584978466802 ], [ -58.405531931892796, -34.559590274771679 ], [ -58.405529639423825, -34.559595569405097 ], [ -58.405527440497345, -34.559600956526062 ], [ -58.405525425944475, -34.559606344204177 ], [ -58.405523409358082, -34.559611730210833 ], [ -58.405521578500988, -34.559617208705035 ], [ -58.40551992862828, -34.559622687756388 ], [ -58.405518280111266, -34.559628165136282 ], [ -58.405516814612177, -34.559633643630477 ], [ -58.40551543926636, -34.559639214055075 ], [ -58.405514158140889, -34.559644783922508 ], [ -58.405513058677649, -34.559650352675639 ], [ -58.405512050045523, -34.559655922543079 ], [ -58.405511132922364, -34.55966149296767 ], [ -58.405510399494979, -34.559667152536889 ], [ -58.405509760287927, -34.559672722404329 ], [ -58.405509209200616, -34.559678383645 ], [ -58.405508751655809, -34.559684043771369 ], [ -58.405508476451075, -34.559689705012048 ], [ -58.405508292077464, -34.559695274879488 ], [ -58.405508200568498, -34.559700936677316 ], [ -58.405508292077464, -34.559706596246535 ], [ -58.405508476451075, -34.559712257487206 ], [ -58.405508751655809, -34.559717919285042 ], [ -58.405509209200616, -34.559723578854253 ], [ -58.405509760287927, -34.559729148721694 ], [ -58.405510399494979, -34.559734810519522 ], [ -58.405511225787016, -34.559740378715496 ], [ -58.405512140876645, -34.559746039956174 ], [ -58.405513149508764, -34.559751610380765 ], [ -58.405514248972004, -34.559757178576746 ], [ -58.405515530775325, -34.559762748444186 ], [ -58.405516905443292, -34.559768227495539 ], [ -58.405518371620232, -34.55977379792013 ], [ -58.405520019459402, -34.559779274742873 ], [ -58.405521760841069, -34.559784753794226 ], [ -58.405523593731694, -34.559790141472341 ], [ -58.405525516775597, -34.559795618295077 ], [ -58.405527624870956, -34.559801005973199 ], [ -58.405529823797437, -34.559806302278076 ], [ -58.405532113555033, -34.559811687727574 ], [ -58.405534494821595, -34.559816984032452 ], [ -58.405537060461768, -34.559822188964091 ], [ -58.405539625424097, -34.559827392224271 ], [ -58.405542375437882, -34.559832597713068 ], [ -58.405545214249258, -34.559837709600011 ], [ -58.405548237434239, -34.559842823158412 ], [ -58.405551262652757, -34.559847936716814 ], [ -58.405554467499982, -34.559852866414431 ], [ -58.405557765889704, -34.559857888599595 ], [ -58.405561157821914, -34.559862819968679 ], [ -58.405564638551716, -34.559867657735907 ], [ -58.405568210112634, -34.559872497731746 ], [ -58.405571968080693, -34.559877244682887 ], [ -58.405575999219955, -34.559881901932258 ], [ -58.405575999219955, -34.55988217549482 ], [ -58.405589924172688, -34.559895963382132 ], [ -58.405648193690844, -34.559949466870194 ], [ -58.405610538769501, -34.559977954705744 ], [ -58.405629502815771, -34.559995028129549 ], [ -58.406215762101958, -34.56052377497133 ], [ -58.40624755367125, -34.56050076618714 ], [ -58.406347783776894, -34.560590974973472 ], [ -58.406253417701137, -34.560822341483608 ], [ -58.406370870471385, -34.560927798457605 ], [ -58.406276688769246, -34.561001663691727 ], [ -58.406195241047634, -34.561067037900571 ], [ -58.406114617584528, -34.561133141981003 ], [ -58.406033993443579, -34.561195595031997 ], [ -58.405943017266509, -34.56127192511493 ], [ -58.405847094182704, -34.561351086653936 ], [ -58.405777007807181, -34.561411804727712 ], [ -58.405691528946306, -34.561484940090239 ], [ -58.40561035439589, -34.561555245111009 ], [ -58.405537426497617, -34.561619249835587 ], [ -58.405450848173501, -34.561694484553968 ], [ -58.405353919168952, -34.561782411237971 ], [ -58.405251305763215, -34.561873899806791 ], [ -58.405134952456208, -34.561977528758874 ], [ -58.405053229529862, -34.56205148759485 ], [ -58.404980486683044, -34.562121881760234 ], [ -58.404930004238686, -34.562169634305839 ], [ -58.404874484056471, -34.562224052640588 ], [ -58.40480613635124, -34.56228960903875 ], [ -58.404759596926397, -34.562337452957593 ], [ -58.404696471332628, -34.562401731801884 ], [ -58.40464003402726, -34.562457519063742 ], [ -58.40457306166784, -34.562527276402228 ], [ -58.404483917703551, -34.562620041410611 ], [ -58.404413739819063, -34.562694545700246 ], [ -58.404309387743041, -34.56280584610424 ], [ -58.404216121130524, -34.562902903426192 ], [ -58.4041082883247, -34.563020413310291 ], [ -58.40404296380445, -34.563091540133044 ], [ -58.403988358711864, -34.563150430742063 ], [ -58.40391808999626, -34.563227767044921 ], [ -58.403841129603038, -34.563310762359841 ], [ -58.403771409263364, -34.563386726949823 ], [ -58.403704346072821, -34.563459223256835 ], [ -58.403639663470997, -34.563528341539815 ], [ -58.403591197613039, -34.563581755883256 ], [ -58.403536961267676, -34.563640372929719 ], [ -58.403463667333554, -34.563722729189124 ], [ -58.403384876761081, -34.563809651881812 ], [ -58.403307551009846, -34.563896391828024 ], [ -58.403218314180904, -34.5639932664035 ], [ -58.403140624427358, -34.564082379268129 ], [ -58.403054503648058, -34.564178614788091 ], [ -58.402975070479307, -34.564269279883462 ], [ -58.402895272630403, -34.564362411499104 ], [ -58.402837460657061, -34.564428150643742 ], [ -58.402765450559791, -34.564513154498435 ], [ -58.402727153042179, -34.564558168632672 ], [ -58.402577267462057, -34.564724707501938 ], [ -58.402462928707912, -34.564858560938248 ], [ -58.402386520757688, -34.564948954142515 ], [ -58.402292796600356, -34.56505678403493 ], [ -58.402218585543075, -34.565147449687451 ], [ -58.402148956712367, -34.565231816158096 ], [ -58.402071449298894, -34.565324763355797 ], [ -58.401991925299029, -34.565417894971439 ], [ -58.401910659239654, -34.565517142465325 ], [ -58.40180621633251, -34.565642870369302 ], [ -58.401714781932782, -34.56575097438143 ], [ -58.401623348210897, -34.565861362167354 ], [ -58.401525956916629, -34.565978870379986 ], [ -58.401438462825041, -34.566086246191979 ], [ -58.401351609296192, -34.566188049907922 ], [ -58.401278590566804, -34.566275428909648 ], [ -58.401197600390006, -34.566377690606082 ], [ -58.401034522606693, -34.566579200353566 ], [ -58.40097597788381, -34.566654435071946 ], [ -58.400949868004332, -34.566687487112169 ], [ -58.400810516800412, -34.566615264924863 ], [ -58.400677946749546, -34.566781439972644 ], [ -58.399737219023727, -34.566273055434074 ], [ -58.399806299478506, -34.566182390338703 ], [ -58.39946309884246, -34.565995031185722 ], [ -58.399389256532409, -34.566087341556532 ], [ -58.398392091501215, -34.565545172320384 ], [ -58.396794191143805, -34.564558624941704 ], [ -58.396137845482102, -34.564140722752036 ], [ -58.396096707119582, -34.564187562679571 ], [ -58.396677562632064, -34.564557346830682 ], [ -58.398256223060628, -34.565538782322413 ], [ -58.399350135434133, -34.566136372213158 ], [ -58.399282247985091, -34.566226580999491 ], [ -58.39963021047641, -34.566414576979369 ], [ -58.399703595241647, -34.566323181455253 ], [ -58.400637819052683, -34.566829010328924 ], [ -58.400506437940486, -34.566996098551925 ], [ -58.400645604770787, -34.567069963786047 ], [ -58.400112392891295, -34.567801315182706 ], [ -58.399364153251511, -34.56765294398749 ], [ -58.399342714396191, -34.567647649354072 ], [ -58.399319625668163, -34.567641531804362 ], [ -58.399294430878307, -34.567634501079418 ], [ -58.399257783911246, -34.567623910141123 ], [ -58.399201164265797, -34.567606652299382 ], [ -58.39915572362635, -34.567591495484962 ], [ -58.39912915416852, -34.567581908537974 ], [ -58.399095987931261, -34.567569218243818 ], [ -58.39906868572389, -34.567557897433929 ], [ -58.399056502152824, -34.567552509755814 ], [ -58.399027367732671, -34.5675379919969 ], [ -58.399013991833719, -34.567530413589687 ], [ -58.398994842735988, -34.567518453167132 ], [ -58.398978077616199, -34.5675069479393 ], [ -58.398965432433258, -34.567497635112026 ], [ -58.39895370708485, -34.56748832228476 ], [ -58.39893565812821, -34.567473165470332 ], [ -58.398908355242995, -34.567448056773124 ], [ -58.398884626630071, -34.567424134813706 ], [ -58.398868870142401, -34.567407152763138 ], [ -58.398846604995036, -34.567381496383653 ], [ -58.398832314006462, -34.567364146611517 ], [ -58.398799238600319, -34.567320960499195 ], [ -58.39877395297934, -34.567285169490454 ], [ -58.398753338382527, -34.567253577750584 ], [ -58.398744544710141, -34.5672377824378 ], [ -58.398733825960328, -34.567213860478383 ], [ -58.398716052208414, -34.567167568233117 ], [ -58.39870395743494, -34.567141272798125 ], [ -58.398688382609507, -34.567115616418647 ], [ -58.39867958690359, -34.567102833079794 ], [ -58.398665660595171, -34.56708448154496 ], [ -58.39865842393084, -34.567075714728503 ], [ -58.398643215819106, -34.567058823494015 ], [ -58.398631396928202, -34.567046863071461 ], [ -58.398615455389077, -34.56703216312323 ], [ -58.39860125319808, -34.567020294073906 ], [ -58.398572760696354, -34.5669984720275 ], [ -58.39854289488234, -34.566977653415243 ], [ -58.398517058174058, -34.566961675355984 ], [ -58.398494611364455, -34.566949167251153 ], [ -58.39847866982533, -34.566941132534907 ], [ -58.398464743516911, -34.566934649492239 ], [ -58.39845319983074, -34.566929535933838 ], [ -58.398364331071186, -34.566894931662887 ], [ -58.398290579592249, -34.566867997729531 ], [ -58.398190350164448, -34.566833391787114 ], [ -58.398139960584743, -34.566816591925871 ], [ -58.398100291110538, -34.566803810258477 ], [ -58.398066300614765, -34.566793309021961 ], [ -58.398043487091471, -34.566786554088196 ], [ -58.397991447639058, -34.566772036329283 ], [ -58.397942157522586, -34.56676044139968 ], [ -58.39786694054456, -34.566744917420841 ], [ -58.397831483871855, -34.566736882704596 ], [ -58.397800243389874, -34.566728665241868 ], [ -58.39773610984183, -34.566710130960566 ], [ -58.397714946191236, -34.566704195600174 ], [ -58.397697539153015, -34.566699814141984 ], [ -58.39765163893523, -34.566689497323402 ], [ -58.397538950731629, -34.566666852917848 ], [ -58.397446965922441, -34.56664987086728 ], [ -58.397430382464883, -34.566647221600533 ], [ -58.397396485511614, -34.56664256602263 ], [ -58.397218472787763, -34.566623025521402 ], [ -58.397136107942998, -34.566615721233902 ], [ -58.397082053259872, -34.566611796084743 ], [ -58.397051452662787, -34.566610883466673 ], [ -58.397012973482937, -34.566611613338267 ], [ -58.396980175315058, -34.566613439131565 ], [ -58.39695543874786, -34.566615356298101 ], [ -58.396905325050724, -34.566620469856502 ], [ -58.396852918884619, -34.566628139636954 ], [ -58.396816547122285, -34.566635078988654 ], [ -58.396799506119919, -34.566638912764574 ], [ -58.396751773689346, -34.566650874858588 ], [ -58.396694787330198, -34.566666944291086 ], [ -58.396642932251403, -34.566683287843297 ], [ -58.396600695103494, -34.566698079721924 ], [ -58.396516499401628, -34.56672939567062 ], [ -58.396462445396345, -34.566747201194637 ], [ -58.39642103386263, -34.566759709299468 ], [ -58.396391441897663, -34.566767744015714 ], [ -58.396373301432057, -34.566772309891846 ], [ -58.396331247979916, -34.566781531345882 ], [ -58.396290754247204, -34.566789566062127 ], [ -58.39623312596963, -34.566799883437859 ], [ -58.396121994774091, -34.566818509092407 ], [ -58.396067023645656, -34.566826454106874 ], [ -58.395995104379502, -34.566835584187672 ], [ -58.395948013867354, -34.566842248305349 ], [ -58.395860884455928, -34.566855853446192 ], [ -58.395834683745328, -34.566860601511642 ], [ -58.395790706571447, -34.566869549403116 ], [ -58.39575845745734, -34.566876945063854 ], [ -58.3956228628658, -34.566910636159584 ], [ -58.395577970602282, -34.566922963189398 ], [ -58.39555955493195, -34.566928896878331 ], [ -58.395535460283178, -34.56693757065009 ], [ -58.395511089073985, -34.566946885148823 ], [ -58.395469586709147, -34.566963685010066 ], [ -58.395412143483036, -34.566987698342729 ], [ -58.395386489114834, -34.56699801516131 ], [ -58.395371281003094, -34.567003402839426 ], [ -58.395328403292446, -34.56701828609129 ], [ -58.395313012840631, -34.567024219223065 ], [ -58.395301469832305, -34.567029241965379 ], [ -58.395292674126388, -34.567033349861013 ], [ -58.395277007791996, -34.567041932259535 ], [ -58.395265096036439, -34.567049875602542 ], [ -58.395226159311783, -34.567080280604628 ], [ -58.395153598127202, -34.567140451553293 ], [ -58.394998765640352, -34.567265355426663 ], [ -58.394930327103999, -34.567321964490503 ], [ -58.394902658182929, -34.567343969283392 ], [ -58.394856300420329, -34.567379212052707 ], [ -58.394767338796122, -34.567443947206037 ], [ -58.394727943848807, -34.56747152242351 ], [ -58.394653000041977, -34.567522469689521 ], [ -58.39464347362005, -34.567528313676675 ], [ -58.394630921301761, -34.567535618521326 ], [ -58.394591615829874, -34.567557806060691 ], [ -58.394569353393884, -34.567572139401662 ], [ -58.394558818339839, -34.567580082744676 ], [ -58.394546175190428, -34.567591040847383 ], [ -58.39454095375681, -34.567595969987849 ], [ -58.394532248882015, -34.567604917879322 ], [ -58.394523453176099, -34.567614778388865 ], [ -58.394508428760126, -34.567634044770386 ], [ -58.394500274972643, -34.567645730516077 ], [ -58.394493311479508, -34.567656688618783 ], [ -58.394485706745797, -34.56767239311548 ], [ -58.394472330846838, -34.567706540520248 ], [ -58.394465551727322, -34.567720966905924 ], [ -58.394461336214448, -34.567728270079115 ], [ -58.394456389307713, -34.56773539384875 ], [ -58.394399588000027, -34.567808618355897 ], [ -58.394363122695204, -34.567852992877469 ], [ -58.394347823752348, -34.56787070591394 ], [ -58.394344525362627, -34.567873994236201 ], [ -58.394341868891338, -34.567876276338531 ], [ -58.394337561869499, -34.567879196939224 ], [ -58.394333164016537, -34.567881754832733 ], [ -58.394325742978594, -34.567885040926377 ], [ -58.39431392408769, -34.567888783886211 ], [ -58.394302747115219, -34.567891250406483 ], [ -58.394282956776912, -34.56789481061984 ], [ -58.394256480861578, -34.56790001555148 ], [ -58.394244937175408, -34.567903577436297 ], [ -58.394237516137466, -34.567906680783466 ], [ -58.394230644153296, -34.567910515116537 ], [ -58.394226797387645, -34.567913255199372 ], [ -58.394201784260026, -34.56793626454072 ], [ -58.394189141788466, -34.567948954834876 ], [ -58.394170177742197, -34.567969862591752 ], [ -58.394138292630409, -34.568010494710641 ], [ -58.394093309535776, -34.568069568066136 ], [ -58.394071413813485, -34.568096776676356 ], [ -58.394048691121306, -34.568122982409577 ], [ -58.394023221126723, -34.568153296038425 ], [ -58.394013418822219, -34.568165986332573 ], [ -58.394004347911569, -34.568179500100179 ], [ -58.393997020416123, -34.568192920265929 ], [ -58.39399014775411, -34.568208077080349 ], [ -58.393983917688367, -34.56822487749875 ], [ -58.393979979413757, -34.568237203971414 ], [ -58.393970450958292, -34.568272173178165 ], [ -58.393959183154699, -34.568323121001335 ], [ -58.39395056911102, -34.568354529994728 ], [ -58.393937650756882, -34.568392056537839 ], [ -58.393911356503786, -34.568463731042861 ], [ -58.393902379135639, -34.568493314800115 ], [ -58.393900271040273, -34.568504726983242 ], [ -58.393899722664344, -34.568510114661365 ], [ -58.393899171577033, -34.568521800407055 ], [ -58.393899446781766, -34.568530931045004 ], [ -58.393903662972491, -34.568579870328392 ], [ -58.393904120517306, -34.568589641136164 ], [ -58.393903936143687, -34.568601966494519 ], [ -58.393902836680446, -34.568613471722344 ], [ -58.393899538290732, -34.568628079183036 ], [ -58.393896881819437, -34.568635748963487 ], [ -58.393893125884908, -34.568644879044278 ], [ -58.393878374640138, -34.568675466235689 ], [ -58.393871687029588, -34.568690440860792 ], [ -58.393869763307841, -34.568695463045955 ], [ -58.393866464918119, -34.568705871237775 ], [ -58.39384914871102, -34.568798727619395 ], [ -58.393837421329081, -34.568866750537829 ], [ -58.393834949231405, -34.568879898812476 ], [ -58.393827161479763, -34.56891304222593 ], [ -58.393821939368301, -34.568938972725128 ], [ -58.393820013613023, -34.568956137522171 ], [ -58.39381974044182, -34.568963076873871 ], [ -58.393819922781901, -34.568972024765344 ], [ -58.393824229803741, -34.569009186372654 ], [ -58.393828900827899, -34.569038311592259 ], [ -58.393839895460296, -34.569099212969668 ], [ -58.393851714351193, -34.569170248419184 ], [ -58.3938686638446, -34.569277439256084 ], [ -58.393871137975808, -34.569291044396927 ], [ -58.39387461870561, -34.569308300567208 ], [ -58.393886437596507, -34.569354591141007 ], [ -58.39389156819901, -34.569371848982748 ], [ -58.393898804863341, -34.56939321527728 ], [ -58.393906225901283, -34.569409100291836 ], [ -58.393923451277267, -34.569438866238407 ], [ -58.393932246983184, -34.569455757472895 ], [ -58.393941315860296, -34.569478949003567 ], [ -58.39396211279719, -34.569539665963042 ], [ -58.393979613377901, -34.569597372062887 ], [ -58.393987309620577, -34.569629237365319 ], [ -58.393994179571216, -34.569665393309862 ], [ -58.394000316772306, -34.56969570693871 ], [ -58.394003708026673, -34.569709311522395 ], [ -58.39401158660943, -34.569733872537327 ], [ -58.394014794168029, -34.569742090000055 ], [ -58.394020197941735, -34.569753959049372 ], [ -58.394030093110892, -34.569772586375379 ], [ -58.394035132882273, -34.569781077400663 ], [ -58.394043469009844, -34.569793950441287 ], [ -58.394052813769534, -34.569807007899854 ], [ -58.394062893312302, -34.569820063129811 ], [ -58.394073428366347, -34.569832481532863 ], [ -58.394092119241421, -34.569851746242918 ], [ -58.394104120472399, -34.569862521041998 ], [ -58.394111265627771, -34.569868454730923 ], [ -58.394120703252113, -34.569875850391661 ], [ -58.394143057197063, -34.569891554888358 ], [ -58.394164496052383, -34.569904703720162 ], [ -58.394177780442377, -34.569911643071862 ], [ -58.394191798259754, -34.569917212939302 ], [ -58.394231743616537, -34.569930907781917 ], [ -58.39424191195689, -34.569935473658049 ], [ -58.394254923853524, -34.569942687129462 ], [ -58.394284331444879, -34.569960126046219 ], [ -58.394297616512716, -34.569968434325027 ], [ -58.394311449956483, -34.569977655779063 ], [ -58.394326109692287, -34.569988246717358 ], [ -58.394345167281053, -34.570003859840817 ], [ -58.394359733474367, -34.570017829917454 ], [ -58.39444136353606, -34.570100551669817 ], [ -58.394536462361359, -34.570192496547669 ], [ -58.394563582906493, -34.570220435029483 ], [ -58.39457475920112, -34.570232762059298 ], [ -58.394602977175964, -34.570267274957018 ], [ -58.394623774112858, -34.570293935327811 ], [ -58.394646953672009, -34.570322331790123 ], [ -58.394719238974005, -34.570404414486973 ], [ -58.394752771924963, -34.57044340188758 ], [ -58.394778881804449, -34.57047535856325 ], [ -58.394792808790712, -34.570492158424493 ], [ -58.394802428077284, -34.570503297045065 ], [ -58.394818278785294, -34.570520738190439 ], [ -58.394856025215596, -34.570558993490835 ], [ -58.394892214637842, -34.57059460342456 ], [ -58.394964133226154, -34.570666460118908 ], [ -58.3950144312969, -34.570716951075887 ], [ -58.395051902522468, -34.570756029849733 ], [ -58.395097160821834, -34.570804786386645 ], [ -58.395157629266464, -34.570871530079749 ], [ -58.395195375696773, -34.570912708209448 ], [ -58.395253370688039, -34.570973335467151 ], [ -58.39530916404145, -34.571029122729001 ], [ -58.39540123968176, -34.571117505722036 ], [ -58.39549652288067, -34.571211548284289 ], [ -58.395545812997142, -34.571257840529547 ], [ -58.395569816814792, -34.571281762488972 ], [ -58.3955934545966, -34.571308879168797 ], [ -58.395623047239411, -34.571343759230928 ], [ -58.395646957514572, -34.571369324237175 ], [ -58.395670595296373, -34.571392880703641 ], [ -58.395691025519575, -34.571412418976259 ], [ -58.3957121912037, -34.571431776731011 ], [ -58.395721535285546, -34.571446566938178 ], [ -58.395747005280136, -34.571485645712023 ], [ -58.395765970004248, -34.571513311745584 ], [ -58.395800508875944, -34.571560058628421 ], [ -58.395831567017851, -34.57159977812924 ], [ -58.395878933412575, -34.571657756120189 ], [ -58.395939126652472, -34.571727511787216 ], [ -58.396008480278454, -34.571805303841963 ], [ -58.39603871483969, -34.571837990946378 ], [ -58.396092036095425, -34.571892865590165 ], [ -58.396109076419947, -34.571908752833338 ], [ -58.396135188332963, -34.571930299645722 ], [ -58.396164230566313, -34.571952578001174 ], [ -58.396168261705576, -34.571955410014397 ], [ -58.396174583280278, -34.571958969670597 ], [ -58.396184935994249, -34.571963809666443 ], [ -58.396192905408121, -34.571967826188832 ], [ -58.396199136151708, -34.571971844382688 ], [ -58.396203351664582, -34.571975313222808 ], [ -58.396207198430233, -34.571979240600577 ], [ -58.39621113873838, -34.571984626050082 ], [ -58.396214437128094, -34.57199083553018 ], [ -58.396215994136149, -34.571994762350798 ], [ -58.396232759933781, -34.572022700832612 ], [ -58.39622323080048, -34.572030187866588 ], [ -58.396198953811627, -34.572049269830167 ], [ -58.396174583280278, -34.572068262649125 ], [ -58.39615030358005, -34.572087253239467 ], [ -58.396125933048701, -34.572106154685187 ], [ -58.396101471686237, -34.572124962529053 ], [ -58.396077009645929, -34.572143679556831 ], [ -58.396052548283457, -34.572162305211378 ], [ -58.396027995412034, -34.57218084116414 ], [ -58.396003440507073, -34.572199193256125 ], [ -58.395978796804521, -34.572217453417721 ], [ -58.395967893003245, -34.572225488691117 ], [ -58.395558731351286, -34.571804026288092 ], [ -58.395524283310699, -34.57176960309215 ], [ -58.395460975376849, -34.571707425832329 ], [ -58.395360012521657, -34.571603976840954 ], [ -58.394904490395717, -34.571140239272211 ], [ -58.394635043949982, -34.570863038497308 ], [ -58.394404625060034, -34.570627199155744 ], [ -58.39432867533246, -34.570550501908393 ], [ -58.394153594284639, -34.57037510707805 ], [ -58.394027712522174, -34.57024947054731 ], [ -58.393955700391373, -34.57017688342421 ], [ -58.393815982473761, -34.570033169478357 ], [ -58.393561928513378, -34.569768841744086 ], [ -58.393550384827208, -34.569755419349718 ], [ -58.393532153530487, -34.569735606957387 ], [ -58.393519142311696, -34.569722275936265 ], [ -58.393482770549362, -34.569686759047237 ], [ -58.393461240862919, -34.569667403521095 ], [ -58.393444200538397, -34.569652976578269 ], [ -58.393430640265834, -34.569642019032713 ], [ -58.393404255181622, -34.569622206640382 ], [ -58.393375762002044, -34.569602759741009 ], [ -58.3933620193894, -34.569594905542615 ], [ -58.393344061263875, -34.569586596706657 ], [ -58.393333251005096, -34.569582397437784 ], [ -58.393320332650951, -34.569577922934897 ], [ -58.393302468067922, -34.569572536928241 ], [ -58.39329303044358, -34.569570072636587 ], [ -58.393265545896128, -34.569564593585234 ], [ -58.393242092487938, -34.569562035691725 ], [ -58.393224776280839, -34.569561579382686 ], [ -58.393204803602451, -34.5695622184382 ], [ -58.393189320285984, -34.569563315474205 ], [ -58.393177319054999, -34.569564502211996 ], [ -58.393155056619015, -34.569567879678878 ], [ -58.393144519531432, -34.569570072636587 ], [ -58.393100267152811, -34.569581393446477 ], [ -58.393038609769512, -34.569599927727786 ], [ -58.392991059001169, -34.569615450035158 ], [ -58.392950931982156, -34.569629693674358 ], [ -58.392925461987566, -34.569640101866177 ], [ -58.392896786467915, -34.569653980569576 ], [ -58.392835127051079, -34.569687854411782 ], [ -58.392822393070553, -34.569694246081212 ], [ -58.39272143021536, -34.569738984424269 ], [ -58.392628712656624, -34.569779708473554 ], [ -58.392506952864537, -34.56983394183321 ], [ -58.392475621551434, -34.569848277402798 ], [ -58.392468291344606, -34.569852111178719 ], [ -58.392459495638697, -34.569857498856834 ], [ -58.392454822581001, -34.569860784950478 ], [ -58.392446119739738, -34.569867998421891 ], [ -58.392430087369497, -34.569883428798875 ], [ -58.392386477587145, -34.569928077997311 ], [ -58.392251890949879, -34.570072978680955 ], [ -58.392192705664257, -34.570137348341326 ], [ -58.39217181586271, -34.570160905364951 ], [ -58.392147629704972, -34.570189208782566 ], [ -58.392131963370581, -34.57020884009988 ], [ -58.392100447683866, -34.570250475095776 ], [ -58.391985742216022, -34.570406970709016 ], [ -58.391935719350009, -34.570480105514392 ], [ -58.391862883638545, -34.57058857669093 ], [ -58.391794902647, -34.570687915558061 ], [ -58.391773830505372, -34.570717955624346 ], [ -58.391756514298272, -34.570740873035305 ], [ -58.391706309092179, -34.570718503306622 ], [ -58.391670943928439, -34.57077255614842 ], [ -58.391719592126478, -34.570794196005508 ], [ -58.391675708495086, -34.570858107685382 ], [ -58.391607821046044, -34.570955255823414 ], [ -58.391517210904823, -34.571083904328084 ], [ -58.391323988035708, -34.571363479692863 ], [ -58.39116448384685, -34.571602881476409 ], [ -58.391158162949992, -34.571615115461526 ], [ -58.391149733279924, -34.571635933516625 ], [ -58.391144602677421, -34.571651273077528 ], [ -58.391136357380972, -34.571678389757352 ], [ -58.391130127315229, -34.571703589827798 ], [ -58.391126187007089, -34.571722764836075 ], [ -58.391120047772461, -34.571756912797994 ], [ -58.391118675138024, -34.571767411805901 ], [ -58.391117118129969, -34.571786313251621 ], [ -58.39111702458748, -34.571795169769857 ], [ -58.391118856800261, -34.571822286449681 ], [ -58.391123346162182, -34.571874696244656 ], [ -58.391127286470322, -34.571931213935258 ], [ -58.391128661138296, -34.571940709509008 ], [ -58.391128661138296, -34.571944361095603 ], [ -58.391127928388755, -34.571948105169739 ], [ -58.391126828925515, -34.571950570018551 ], [ -58.391124905203768, -34.571953947485433 ], [ -58.391122064358861, -34.57195750937025 ], [ -58.39111986543238, -34.571959882845825 ], [ -58.391115651953037, -34.571963627477118 ], [ -58.391103648688521, -34.571972757557916 ], [ -58.391094213097716, -34.571980975020637 ], [ -58.391002779375832, -34.572076936420885 ], [ -58.390929301068091, -34.572152444701828 ], [ -58.390856282338703, -34.572224210580096 ], [ -58.390835025823456, -34.572247037174968 ], [ -58.39082458227837, -34.572256897684518 ], [ -58.390822108147162, -34.572257810302588 ], [ -58.390820368799027, -34.572258084422302 ], [ -58.39079517400917, -34.572235442245365 ], [ -58.390767871801799, -34.572210057756983 ], [ -58.390758984586924, -34.572203576385782 ], [ -58.390747257204985, -34.572197002527034 ], [ -58.390733423761219, -34.572190610857604 ], [ -58.39067625302846, -34.572166049842671 ], [ -58.390661320121453, -34.572160844911032 ], [ -58.390656831437376, -34.572159658173241 ], [ -58.390647669017767, -34.572157741006706 ], [ -58.390637591508529, -34.572156371522446 ], [ -58.390626506045017, -34.57215573302409 ], [ -58.390618625428729, -34.57215573302409 ], [ -58.390611022050706, -34.572155915213415 ], [ -58.390599021497565, -34.572156737015398 ], [ -58.390586376314623, -34.572158197315744 ], [ -58.390569152972176, -34.572161757529102 ], [ -58.390555320206253, -34.572166049842671 ], [ -58.390548905089055, -34.572168514134326 ], [ -58.390534521235821, -34.572175454043183 ], [ -58.390521511372718, -34.572183123266477 ], [ -58.390513082380501, -34.572189150000106 ], [ -58.390500899487279, -34.572198645573856 ], [ -58.390489353767578, -34.572208506083399 ], [ -58.390478359135187, -34.572218914275219 ], [ -58.39046434335134, -34.572233705596688 ], [ -58.388681742659529, -34.575244846581079 ], [ -58.388661128062715, -34.575279542225267 ], [ -58.389082568861767, -34.575255896057023 ], [ -58.38953460822438, -34.575282647243903 ], [ -58.389814316552958, -34.575309398987926 ], [ -58.39025004834059, -34.575336061587336 ], [ -58.39071271765544, -34.575349847246038 ], [ -58.390907038632108, -34.575304011866969 ], [ -58.391068925443207, -34.575256169619585 ], [ -58.391760636946501, -34.574867392649516 ], [ -58.392456929998524, -34.574475969755618 ], [ -58.393281029212602, -34.57400638819972 ], [ -58.393367792588172, -34.573956992607293 ], [ -58.394061703017947, -34.573561642892784 ], [ -58.394216077959982, -34.573474263891057 ], [ -58.394617910082971, -34.573246824201533 ], [ -58.395340406556961, -34.572876309064519 ], [ -58.395976597878047, -34.572457129320973 ], [ -58.396053190201883, -34.572406729180081 ], [ -58.396131063651204, -34.572360985174249 ], [ -58.396711002040526, -34.572020510103521 ], [ -58.397164600444725, -34.571630728584985 ], [ -58.397886271304522, -34.570986756190052 ], [ -58.398442940659272, -34.570410532593833 ], [ -58.398741886205322, -34.570003768467579 ], [ -58.398886275147085, -34.570105483038894 ], [ -58.399298646391188, -34.570325800630243 ], [ -58.39983469911558, -34.570342783237962 ], [ -58.400288297519779, -34.570241070895264 ], [ -58.400906808631447, -34.569986877233099 ], [ -58.401793388809487, -34.569495383929016 ], [ -58.402185146134613, -34.569359796072646 ], [ -58.402618129941999, -34.569342813464921 ], [ -58.403051113749378, -34.569393671586312 ], [ -58.403381027284048, -34.569613989177661 ], [ -58.404020150281156, -34.570241070895264 ], [ -58.405391296852024, -34.569563133284888 ], [ -58.406257267178162, -34.569088620359913 ], [ -58.407288144789014, -34.568512488136932 ], [ -58.408587096889001, -34.567902389027054 ], [ -58.408834556103479, -34.56773283595524 ], [ -58.409906663585808, -34.567207468808952 ], [ -58.41108193217196, -34.566597369699075 ], [ -58.411514916657183, -34.566326287031032 ], [ -58.412442726028864, -34.565767043813928 ], [ -58.412690185243335, -34.565682221034251 ], [ -58.41293755159316, -34.565631455957558 ], [ -58.413102555131744, -34.565682221034251 ], [ -58.416030372188551, -34.567987120433493 ], [ -58.416163952905073, -34.568504726983242 ], [ -58.416204904182599, -34.568477610303418 ], [ -58.416246500089926, -34.568597309245149 ], [ -58.416392079326052, -34.5688537844525 ], [ -58.416641735433473, -34.569298349241578 ], [ -58.417047419067011, -34.569520674815543 ], [ -58.417817188393236, -34.57083738211783 ], [ -58.418399692422732, -34.571812061004337 ], [ -58.419335837921984, -34.572803813314657 ], [ -58.419522464011663, -34.5729756484888 ], [ -58.420167175833924, -34.573416194526871 ], [ -58.42057129974804, -34.573797758582678 ], [ -58.420951329691221, -34.574270898680474 ], [ -58.423859540783333, -34.57586763821373 ], [ -58.425249562602886, -34.576534711323248 ], [ -58.426030417392624, -34.576879567852174 ], [ -58.426507745087584, -34.577040720714784 ], [ -58.428188278716057, -34.577564351769546 ], [ -58.429189110884195, -34.576638979330845 ], [ -58.430676428421989, -34.575073285526649 ], [ -58.431459207611319, -34.574301212309322 ], [ -58.432868193477141, -34.57273551850512 ], [ -58.433807546534993, -34.571770426008442 ], [ -58.433964120403509, -34.571427302228123 ], [ -58.434564306675959, -34.570569401682654 ], [ -58.434746899592838, -34.570354927521308 ], [ -58.435216623909774, -34.569947433523453 ], [ -58.435686254684221, -34.569497026975839 ], [ -58.436860515316098, -34.568531935036312 ], [ -58.438008572525995, -34.56758820883416 ], [ -58.439352052209337, -34.566607503771174 ], [ -58.439309448347728, -34.566552446938076 ], [ -58.438269865184239, -34.565430128956557 ], [ -58.43796935991876, -34.565051396913965 ], [ -58.437953694262212, -34.565031766710959 ], [ -58.437300462616605, -34.565135670339906 ], [ -58.436416536198479, -34.565246240872305 ], [ -58.436331057337604, -34.565256924855305 ], [ -58.435490925753278, -34.565344760166063 ], [ -58.435171913986345, -34.56537817714208 ], [ -58.434431918965167, -34.565411959611048 ], [ -58.434033933607836, -34.565430128956557 ], [ -58.433422846245492, -34.565465189536546 ], [ -58.433127744753719, -34.565482080771027 ], [ -58.432516657391375, -34.565447476500076 ], [ -58.432052981477945, -34.565447476500076 ], [ -58.43148394485636, -34.564979722408935 ], [ -58.431652612820514, -34.564685265463751 ], [ -58.432242630752604, -34.564754564821747 ], [ -58.43264308820762, -34.564823865851203 ], [ -58.433169889036975, -34.564823865851203 ], [ -58.433317394028386, -34.564823865851203 ], [ -58.433991514119846, -34.564769812452255 ], [ -58.434181438599239, -34.564754564821747 ], [ -58.434745526958402, -34.564634955024637 ], [ -58.434834761753805, -34.564615964434296 ], [ -58.435382726233755, -34.564425501934146 ], [ -58.436204626521359, -34.564079000129787 ], [ -58.436685434268277, -34.56380974325505 ], [ -58.437512465158377, -34.56312979543344 ], [ -58.438025797901979, -34.562215561615304 ], [ -58.438206651470729, -34.561636688752344 ], [ -58.438111276762854, -34.561395004866469 ], [ -58.437854564297652, -34.560715239791328 ], [ -58.437198584671791, -34.560058850664802 ], [ -58.436428448631872, -34.559660306229887 ], [ -58.435629910243499, -34.559402461538276 ], [ -58.434346440104292, -34.558933701227218 ], [ -58.433881482387541, -34.558639974153628 ], [ -58.433853813466477, -34.558615413695847 ], [ -58.433374928763463, -34.558190754343798 ], [ -58.433333426398626, -34.558153866299051 ], [ -58.432929486180285, -34.55783375353154 ], [ -58.432542127385965, -34.557598459643629 ], [ -58.432265992651836, -34.557430640991875 ], [ -58.431861959568835, -34.557252961830578 ], [ -58.431025399545433, -34.55688527870678 ], [ -58.430788568249653, -34.556734534035989 ], [ -58.431313903579927, -34.556375431639253 ], [ -58.431299519726693, -34.556114574416561 ], [ -58.431062597599798, -34.555850702991329 ], [ -58.430663970324041, -34.555609932280674 ], [ -58.430182886694546, -34.555319309111411 ], [ -58.43011270745437, -34.555278952783695 ], [ -58.428581046706839, -34.554434109139635 ], [ -58.427862856576837, -34.55399621181116 ], [ -58.427646639877878, -34.553888288874049 ], [ -58.427461297625051, -34.553837523797355 ], [ -58.427394784843976, -34.55382693285906 ], [ -58.426982504430995, -34.55376128508766 ], [ -58.426573251270071, -34.553723210305129 ], [ -58.426279800328842, -34.553685136079743 ], [ -58.425739256886835, -34.553628070706864 ], [ -58.425148233034001, -34.55400570738491 ], [ -58.424520377840494, -34.55426875700816 ] ] ] ] } },
{ "type": "Feature", "properties": { "circuito": "00150", "codprov": "01", "coddepto": "014" }, "geometry": { "type": "MultiPolygon", "coordinates": [ [ [ [ -58.42057129974804, -34.573797758582678 ], [ -58.420167175833924, -34.573416194526871 ], [ -58.419522464011663, -34.5729756484888 ], [ -58.419335837921984, -34.572803813314657 ], [ -58.418399692422732, -34.571812061004337 ], [ -58.417817188393236, -34.57083738211783 ], [ -58.417047419067011, -34.569520674815543 ], [ -58.416641735433473, -34.569298349241578 ], [ -58.416392079326052, -34.5688537844525 ], [ -58.416246500089926, -34.568597309245149 ], [ -58.416204904182599, -34.568477610303418 ], [ -58.416163952905073, -34.568504726983242 ], [ -58.416030372188551, -34.567987120433493 ], [ -58.413102555131744, -34.565682221034251 ], [ -58.41293755159316, -34.565631455957558 ], [ -58.412690185243335, -34.565682221034251 ], [ -58.412442726028864, -34.565767043813928 ], [ -58.411514916657183, -34.566326287031032 ], [ -58.41108193217196, -34.566597369699075 ], [ -58.409906663585808, -34.567207468808952 ], [ -58.408834556103479, -34.56773283595524 ], [ -58.408587096889001, -34.567902389027054 ], [ -58.407288144789014, -34.568512488136932 ], [ -58.406257267178162, -34.569088620359913 ], [ -58.405391296852024, -34.569563133284888 ], [ -58.404020150281156, -34.570241070895264 ], [ -58.403381027284048, -34.569613989177661 ], [ -58.403051113749378, -34.569393671586312 ], [ -58.402618129941999, -34.569342813464921 ], [ -58.402185146134613, -34.569359796072646 ], [ -58.401793388809487, -34.569495383929016 ], [ -58.400906808631447, -34.569986877233099 ], [ -58.400288297519779, -34.570241070895264 ], [ -58.39983469911558, -34.570342783237962 ], [ -58.399298646391188, -34.570325800630243 ], [ -58.398886275147085, -34.570105483038894 ], [ -58.398741886205322, -34.570003768467579 ], [ -58.398442940659272, -34.570410532593833 ], [ -58.397886271304522, -34.570986756190052 ], [ -58.397164600444725, -34.571630728584985 ], [ -58.396711002040526, -34.572020510103521 ], [ -58.396131063651204, -34.572360985174249 ], [ -58.39609863287486, -34.572418689602642 ], [ -58.395932437008391, -34.572717529677476 ], [ -58.395776688754061, -34.572988979509923 ], [ -58.39568983522522, -34.573199893457918 ], [ -58.395666564157111, -34.573261798269485 ], [ -58.395661524385723, -34.573481021053432 ], [ -58.395677833994235, -34.573571870566738 ], [ -58.395690658805883, -34.573636055809182 ], [ -58.395720069786456, -34.573783058077289 ], [ -58.39578191086553, -34.573857927302726 ], [ -58.395898906090963, -34.574032320370378 ], [ -58.396390066551845, -34.574582339904836 ], [ -58.396516408570506, -34.57475919726415 ], [ -58.39660839134617, -34.574867484022754 ], [ -58.397799692302563, -34.576177890471691 ], [ -58.398088745390837, -34.576581092713134 ], [ -58.3981164143119, -34.576609032866408 ], [ -58.398316507809497, -34.576811455231962 ], [ -58.398712020391308, -34.577199226539264 ], [ -58.398678029895535, -34.577224243863235 ], [ -58.398465476266459, -34.577473871092117 ], [ -58.398186043142609, -34.577807864791644 ], [ -58.398173218330967, -34.577823295725779 ], [ -58.397694607476993, -34.578395502799602 ], [ -58.39717779468144, -34.578820251296278 ], [ -58.396681502940211, -34.579145479850808 ], [ -58.396529600095846, -34.579245092837652 ], [ -58.395951403088191, -34.579583468552521 ], [ -58.395883973183956, -34.579615972910467 ], [ -58.395040450345263, -34.580022645106332 ], [ -58.394596107225325, -34.580259397623124 ], [ -58.394567429672136, -34.580274645810789 ], [ -58.3938666472582, -34.580735460550223 ], [ -58.393788590790955, -34.580786684164565 ], [ -58.392764581097211, -34.581459142723588 ], [ -58.392591790484829, -34.581572634413831 ], [ -58.39250787066554, -34.581627691804087 ], [ -58.392698616692066, -34.581930002390507 ], [ -58.394088454138007, -34.583860550091046 ], [ -58.395248055034074, -34.585712852213575 ], [ -58.395374579392815, -34.585891717555505 ], [ -58.395284702001135, -34.58591016046357 ], [ -58.396567712561996, -34.587664856467576 ], [ -58.396570735746984, -34.587668964363203 ], [ -58.397239085351053, -34.587073476056936 ], [ -58.397991632012669, -34.586607182266143 ], [ -58.401484638925403, -34.586633386327897 ], [ -58.402296368161274, -34.586639504434764 ], [ -58.401303969730272, -34.584732146593439 ], [ -58.401250464100926, -34.584627967730462 ], [ -58.40075023205155, -34.583652833092074 ], [ -58.401902230247437, -34.582755853215602 ], [ -58.403129629794968, -34.581712788703477 ], [ -58.403920196058088, -34.581319446971584 ], [ -58.404792669621166, -34.580936513988668 ], [ -58.406062944167964, -34.580379007420234 ], [ -58.40794577496542, -34.579524029704075 ], [ -58.409360440487525, -34.578925525523793 ], [ -58.410983077412133, -34.578173174997019 ], [ -58.411232733519554, -34.578361261792985 ], [ -58.411565581441629, -34.578207322401788 ], [ -58.411981706586722, -34.577796907246089 ], [ -58.412501819805527, -34.577437806520813 ], [ -58.414353316578499, -34.576548679171275 ], [ -58.416454469458898, -34.575625313600881 ], [ -58.41813959005885, -34.574855797719906 ], [ -58.419658332452244, -34.574205980780668 ], [ -58.420327872350668, -34.5739065924664 ], [ -58.42057129974804, -34.573797758582678 ] ] ] ] } },
{ "type": "Feature", "properties": { "circuito": "00151", "codprov": "01", "coddepto": "014" }, "geometry": { "type": "MultiPolygon", "coordinates": [ [ [ [ -58.404792669621166, -34.580936513988668 ], [ -58.405458820298755, -34.582048241031892 ], [ -58.406623918511023, -34.583989654904748 ], [ -58.407323050374416, -34.585147491446754 ], [ -58.409647935889893, -34.586662330472485 ], [ -58.412272225174078, -34.588358681321125 ], [ -58.413454915476024, -34.587555657090896 ], [ -58.417460154991275, -34.584810393842908 ], [ -58.41839950804912, -34.584166970244553 ], [ -58.420043399455437, -34.583030224205899 ], [ -58.420826180678297, -34.582429713714461 ], [ -58.421478588065398, -34.582022219716613 ], [ -58.421739514687786, -34.581764831334041 ], [ -58.422470072084622, -34.581443164664329 ], [ -58.423049734591366, -34.581279364206431 ], [ -58.423305072388594, -34.581207233392369 ], [ -58.424479242189356, -34.580821196505127 ], [ -58.425257074471951, -34.580181881359557 ], [ -58.425705633104762, -34.579813192015841 ], [ -58.427179941457304, -34.578461971815834 ], [ -58.428014026671654, -34.577720759909631 ], [ -58.428145314919199, -34.577604071270365 ], [ -58.428188278716057, -34.577564351769546 ], [ -58.426507745087584, -34.577040720714784 ], [ -58.426030417392624, -34.576879567852174 ], [ -58.425249562602886, -34.576534711323248 ], [ -58.423859540783333, -34.57586763821373 ], [ -58.420951329691221, -34.574270898680474 ], [ -58.42057129974804, -34.573797758582678 ], [ -58.420327872350668, -34.5739065924664 ], [ -58.419658332452244, -34.574205980780668 ], [ -58.41813959005885, -34.574855797719906 ], [ -58.416454469458898, -34.575625313600881 ], [ -58.414353316578499, -34.576548679171275 ], [ -58.412501819805527, -34.577437806520813 ], [ -58.411981706586722, -34.577796907246089 ], [ -58.411565581441629, -34.578207322401788 ], [ -58.411232733519554, -34.578361261792985 ], [ -58.410983077412133, -34.578173174997019 ], [ -58.409360440487525, -34.578925525523793 ], [ -58.40794577496542, -34.579524029704075 ], [ -58.406062944167964, -34.580379007420234 ], [ -58.404792669621166, -34.580936513988668 ] ] ] ] } },
{ "type": "Feature", "properties": { "circuito": "00152", "codprov": "01", "coddepto": "014" }, "geometry": { "type": "MultiPolygon", "coordinates": [ [ [ [ -58.402296368161274, -34.586639504434764 ], [ -58.402299209006181, -34.586639504434764 ], [ -58.402536497846768, -34.58701248386344 ], [ -58.403805857303944, -34.588779048359605 ], [ -58.406281819371749, -34.592284696850619 ], [ -58.408705924327222, -34.590708410436669 ], [ -58.410323706531905, -34.589614578619233 ], [ -58.412254635795783, -34.588370642857988 ], [ -58.412272225174078, -34.588358681321125 ], [ -58.409647935889893, -34.586662330472485 ], [ -58.407323050374416, -34.585147491446754 ], [ -58.406623918511023, -34.583989654904748 ], [ -58.405458820298755, -34.582048241031892 ], [ -58.404792669621166, -34.580936513988668 ], [ -58.403920196058088, -34.581319446971584 ], [ -58.403129629794968, -34.581712788703477 ], [ -58.401902230247437, -34.582755853215602 ], [ -58.40075023205155, -34.583652833092074 ], [ -58.401250464100926, -34.584627967730462 ], [ -58.401303969730272, -34.584732146593439 ], [ -58.402296368161274, -34.586639504434764 ] ] ] ] } },
{ "type": "Feature", "properties": { "circuito": "00153", "codprov": "01", "coddepto": "014" }, "geometry": { "type": "MultiPolygon", "coordinates": [ [ [ [ -58.406281819371749, -34.592284696850619 ], [ -58.406301334505329, -34.59231227039664 ], [ -58.406309395428167, -34.592321676268611 ], [ -58.408615407728497, -34.595015622857559 ], [ -58.410686419590149, -34.597370374715425 ], [ -58.412371631021216, -34.596077133063524 ], [ -58.413375666680892, -34.595329528930733 ], [ -58.415395464704325, -34.59408687128051 ], [ -58.416659236014183, -34.593319911621592 ], [ -58.417828640570441, -34.592921821824248 ], [ -58.418928141769108, -34.592515150742685 ], [ -58.418645685460277, -34.592329984547419 ], [ -58.418640645688889, -34.592326240473277 ], [ -58.418275000954623, -34.592060086945708 ], [ -58.417925481455249, -34.591859855309245 ], [ -58.415176864705273, -34.590144785761368 ], [ -58.41230117589847, -34.588377398348904 ], [ -58.412272225174078, -34.588358681321125 ], [ -58.412254635795783, -34.588370642857988 ], [ -58.410323706531905, -34.589614578619233 ], [ -58.408705924327222, -34.590708410436669 ], [ -58.406281819371749, -34.592284696850619 ] ] ] ] } },
{ "type": "Feature", "properties": { "circuito": "00154", "codprov": "01", "coddepto": "014" }, "geometry": { "type": "MultiPolygon", "coordinates": [ [ [ [ -58.427291257026461, -34.58553215884973 ], [ -58.426613469798049, -34.585033086581284 ], [ -58.425603204072637, -34.584115382251568 ], [ -58.425124686761166, -34.583678306725076 ], [ -58.42461428637143, -34.583118881318647 ], [ -58.423049734591366, -34.581279364206431 ], [ -58.422470072084622, -34.581443164664329 ], [ -58.421739514687786, -34.581764831334041 ], [ -58.421478588065398, -34.582022219716613 ], [ -58.420826180678297, -34.582429713714461 ], [ -58.420043399455437, -34.583030224205899 ], [ -58.41839950804912, -34.584166970244553 ], [ -58.417460154991275, -34.584810393842908 ], [ -58.413454915476024, -34.587555657090896 ], [ -58.412272225174078, -34.588358681321125 ], [ -58.41230117589847, -34.588377398348904 ], [ -58.415176864705273, -34.590144785761368 ], [ -58.417925481455249, -34.591859855309245 ], [ -58.418275000954623, -34.592060086945708 ], [ -58.418640645688889, -34.592326240473277 ], [ -58.420564063761553, -34.590827472551503 ], [ -58.422558574130477, -34.589257669180213 ], [ -58.424155008310954, -34.588003049435969 ], [ -58.425961612820423, -34.58657878580383 ], [ -58.427291257026461, -34.58553215884973 ] ] ] ] } },
{ "type": "Feature", "properties": { "circuito": "00155", "codprov": "01", "coddepto": "014" }, "geometry": { "type": "MultiPolygon", "coordinates": [ [ [ [ -58.434987213651944, -34.592093047612686 ], [ -58.435004069602854, -34.592081909549272 ], [ -58.435284968903638, -34.591901672494465 ], [ -58.43819208256604, -34.589989568259142 ], [ -58.441660352233733, -34.587694166105109 ], [ -58.441250181949641, -34.586360476195104 ], [ -58.441312938796187, -34.586334728442381 ], [ -58.440280136785745, -34.5849316483583 ], [ -58.436714842537476, -34.581638008622669 ], [ -58.437713014167251, -34.580887848824993 ], [ -58.438670600555355, -34.579851173753674 ], [ -58.43970945029146, -34.579152966884777 ], [ -58.44085018000591, -34.578426179692791 ], [ -58.44041362192624, -34.577994856780215 ], [ -58.440383480907492, -34.577964999460399 ], [ -58.439910826948065, -34.578173174997019 ], [ -58.439161945389856, -34.578463797609132 ], [ -58.438204910089063, -34.578771585575446 ], [ -58.437414434657057, -34.578959674600021 ], [ -58.436291020471856, -34.579147853326376 ], [ -58.435583643312015, -34.579199074712101 ], [ -58.434543418907943, -34.579199074712101 ], [ -58.433732147216887, -34.579113614548376 ], [ -58.432941578242385, -34.579010987358984 ], [ -58.431568508627613, -34.578651884962248 ], [ -58.430653157353881, -34.578395409754904 ], [ -58.429488150650577, -34.578104696883862 ], [ -58.428427129309604, -34.577831147695555 ], [ -58.428014026671654, -34.577720759909631 ], [ -58.427179941457304, -34.578461971815834 ], [ -58.425705633104762, -34.579813192015841 ], [ -58.425257074471951, -34.580181881359557 ], [ -58.424479242189356, -34.580821196505127 ], [ -58.423305072388594, -34.581207233392369 ], [ -58.423049734591366, -34.581279364206431 ], [ -58.42461428637143, -34.583118881318647 ], [ -58.425124686761166, -34.583678306725076 ], [ -58.425603204072637, -34.584115382251568 ], [ -58.426613469798049, -34.585033086581284 ], [ -58.427291257026461, -34.58553215884973 ], [ -58.428299047942815, -34.586274283931161 ], [ -58.430043077945818, -34.587541777830346 ], [ -58.43238793410616, -34.589272460501682 ], [ -58.433387571912867, -34.589997968468346 ], [ -58.434647678119319, -34.590915672798062 ], [ -58.434605169155894, -34.590968172294808 ], [ -58.434987213651944, -34.592093047612686 ] ] ] ] } },
{ "type": "Feature", "properties": { "circuito": "00156", "codprov": "01", "coddepto": "014" }, "geometry": { "type": "MultiPolygon", "coordinates": [ [ [ [ -58.426635641402918, -34.597608405343237 ], [ -58.42780871174044, -34.596865184897261 ], [ -58.427848932301949, -34.596838340108533 ], [ -58.428989659982868, -34.596076767570572 ], [ -58.431961089533402, -34.594093171576702 ], [ -58.434987213651944, -34.592093047612686 ], [ -58.434605169155894, -34.590968172294808 ], [ -58.434647678119319, -34.590915672798062 ], [ -58.433387571912867, -34.589997968468346 ], [ -58.43238793410616, -34.589272460501682 ], [ -58.430043077945818, -34.587541777830346 ], [ -58.428299047942815, -34.586274283931161 ], [ -58.427291257026461, -34.58553215884973 ], [ -58.425961612820423, -34.58657878580383 ], [ -58.424155008310954, -34.588003049435969 ], [ -58.422558574130477, -34.589257669180213 ], [ -58.420564063761553, -34.590827472551503 ], [ -58.418640645688889, -34.592326240473277 ], [ -58.418645685460277, -34.592329984547419 ], [ -58.418928141769108, -34.592515150742685 ], [ -58.421447254718757, -34.594166945994743 ], [ -58.424598344832305, -34.596247598753408 ], [ -58.426635641402918, -34.597608405343237 ] ] ] ] } },
{ "type": "Feature", "properties": { "circuito": "00157", "codprov": "01", "coddepto": "014" }, "geometry": { "type": "MultiPolygon", "coordinates": [ [ [ [ -58.410686419590149, -34.597370374715425 ], [ -58.410700894952342, -34.597386901014104 ], [ -58.411840431661062, -34.600054552725219 ], [ -58.412330128656386, -34.601211750211718 ], [ -58.415332157448319, -34.601146649565436 ], [ -58.4165787033822, -34.601119622587383 ], [ -58.41821269961936, -34.601084197071593 ], [ -58.419385036529491, -34.601063652579057 ], [ -58.419830298806119, -34.601105745555444 ], [ -58.419999331450434, -34.600984127775718 ], [ -58.421339970288869, -34.600408084697364 ], [ -58.422540433664878, -34.59994726995793 ], [ -58.42338029004447, -34.599592185755043 ], [ -58.423416939045062, -34.599572097571539 ], [ -58.423553355861578, -34.599497319719347 ], [ -58.425731560644159, -34.598181251472575 ], [ -58.426635641402918, -34.597608405343237 ], [ -58.424598344832305, -34.596247598753408 ], [ -58.421447254718757, -34.594166945994743 ], [ -58.418928141769108, -34.592515150742685 ], [ -58.417828640570441, -34.592921821824248 ], [ -58.416659236014183, -34.593319911621592 ], [ -58.415395464704325, -34.59408687128051 ], [ -58.413375666680892, -34.595329528930733 ], [ -58.412371631021216, -34.596077133063524 ], [ -58.410686419590149, -34.597370374715425 ] ] ] ] } },
{ "type": "Feature", "properties": { "circuito": "00158", "codprov": "01", "coddepto": "015" }, "geometry": { "type": "MultiPolygon", "coordinates": [ [ [ [ -58.419830298806119, -34.601105745555444 ], [ -58.420225902896895, -34.601180432034404 ], [ -58.422832969516477, -34.601234576249439 ], [ -58.422967554120206, -34.601260141255679 ], [ -58.423101132125353, -34.601264614644265 ], [ -58.423332650478542, -34.601304697409418 ], [ -58.424411261197811, -34.601720408869994 ], [ -58.42573971443165, -34.602321468715168 ], [ -58.426007879751907, -34.602481800332946 ], [ -58.426879527022948, -34.603263004188221 ], [ -58.426903715214209, -34.603283181516346 ], [ -58.428812289177451, -34.605457240010367 ], [ -58.428816777861527, -34.60546226219553 ], [ -58.432138277998739, -34.604358935361503 ], [ -58.43557668049673, -34.6032506771584 ], [ -58.437430742232031, -34.601505111235198 ], [ -58.437455479477073, -34.601482193824239 ], [ -58.437308340521518, -34.60136121510002 ], [ -58.436118139028359, -34.600587681025196 ], [ -58.434014694356833, -34.599268234754383 ], [ -58.431772724095588, -34.597834932414692 ], [ -58.430637949242147, -34.59708422493474 ], [ -58.428989659982868, -34.596076767570572 ], [ -58.427848932301949, -34.596838340108533 ], [ -58.42780871174044, -34.596865184897261 ], [ -58.426635641402918, -34.597608405343237 ], [ -58.425731560644159, -34.598181251472575 ], [ -58.423553355861578, -34.599497319719347 ], [ -58.423416939045062, -34.599572097571539 ], [ -58.42338029004447, -34.599592185755043 ], [ -58.422540433664878, -34.59994726995793 ], [ -58.421339970288869, -34.600408084697364 ], [ -58.419999331450434, -34.600984127775718 ], [ -58.419830298806119, -34.601105745555444 ] ] ] ] } },
{ "type": "Feature", "properties": { "circuito": "00159", "codprov": "01", "coddepto": "015" }, "geometry": { "type": "MultiPolygon", "coordinates": [ [ [ [ -58.437455479477073, -34.601482193824239 ], [ -58.439048796930074, -34.600008808162237 ], [ -58.440599422401718, -34.598595776195367 ], [ -58.442082708122413, -34.59726573787195 ], [ -58.443577721902884, -34.595847867580702 ], [ -58.443572866505114, -34.595845583249755 ], [ -58.443544007289695, -34.595831887292832 ], [ -58.443515240938922, -34.59581810163413 ], [ -58.443486379012121, -34.595804405120049 ], [ -58.443457521830226, -34.595790617789888 ], [ -58.443428753445922, -34.595776923504424 ], [ -58.443399893552659, -34.595763226990343 ], [ -58.443371034337233, -34.595749530476269 ], [ -58.443342265952928, -34.595735744817567 ], [ -58.443313406059659, -34.595722048860644 ], [ -58.443284546844232, -34.595708352346563 ], [ -58.44325568695097, -34.595694656389639 ], [ -58.443226827735543, -34.595680961547025 ], [ -58.443198059351239, -34.595667174216857 ], [ -58.443169199457969, -34.595653477702783 ], [ -58.44314034024255, -34.595639783417319 ], [ -58.44311148034928, -34.595626087460396 ], [ -58.443082621133854, -34.595612390946314 ], [ -58.443053763951966, -34.595598696660851 ], [ -58.443024902025165, -34.595585000146777 ], [ -58.442996044843277, -34.595571304189853 ], [ -58.442967276458972, -34.595557607675772 ], [ -58.442938416565703, -34.595543913390308 ], [ -58.442909557350276, -34.595530216876227 ], [ -58.442880697457014, -34.595516520919304 ], [ -58.442851838241587, -34.595502826076689 ], [ -58.442822978348318, -34.595489130119766 ], [ -58.442794119132898, -34.595475433605685 ], [ -58.442765259239629, -34.595461737648762 ], [ -58.442736400024202, -34.595448043363298 ], [ -58.442707540130939, -34.595434346849217 ], [ -58.442678680915513, -34.59542065256376 ], [ -58.442649821700087, -34.595406956049679 ], [ -58.442621052637939, -34.595393260092756 ], [ -58.442592193422513, -34.595379563578675 ], [ -58.44256333352925, -34.595365869293211 ], [ -58.442534474313824, -34.595352172779137 ], [ -58.442505615098405, -34.595338476822214 ], [ -58.442476755205135, -34.595324781979592 ], [ -58.442447895989709, -34.595311086022669 ], [ -58.442419129638935, -34.595297389508588 ], [ -58.442390269745673, -34.595283693551664 ], [ -58.442361408496716, -34.59526999870905 ], [ -58.442332550636976, -34.595256211378889 ], [ -58.442303689388019, -34.595242515421965 ], [ -58.442274923037253, -34.595228820579344 ], [ -58.442246063143983, -34.59521512462242 ], [ -58.442217203928557, -34.595201336735109 ], [ -58.442188435544253, -34.595187640778178 ], [ -58.442159575650983, -34.595173945935564 ], [ -58.442130716435564, -34.59516024997864 ], [ -58.44210194805126, -34.595146464319939 ], [ -58.442073090869364, -34.595132767805858 ], [ -58.442044228942564, -34.595118980475696 ], [ -58.44201546259179, -34.595105283961622 ], [ -58.441986603376371, -34.595091498302921 ], [ -58.441957834314223, -34.595077802345997 ], [ -58.441928975098797, -34.595064014458679 ], [ -58.441900206714493, -34.595050318501755 ], [ -58.441871346821223, -34.595036532843054 ], [ -58.441842487605797, -34.595022836328972 ], [ -58.441813721255031, -34.595009048998811 ], [ -58.441784862039604, -34.594995354156197 ], [ -58.4417560936553, -34.594981566826036 ], [ -58.44172723376203, -34.594967870311955 ], [ -58.441698465377726, -34.594954082981793 ], [ -58.441669605484456, -34.59494038869633 ], [ -58.441640839811527, -34.594926600809011 ], [ -58.441611977884733, -34.59491281347885 ], [ -58.44158321153396, -34.594899119193386 ], [ -58.441554352318533, -34.594885331306074 ], [ -58.441525583256386, -34.594871635349143 ], [ -58.44149672404096, -34.594857849690449 ], [ -58.441467955656655, -34.59484406180313 ], [ -58.441439095763386, -34.594830365846207 ], [ -58.441410330090463, -34.594816577958888 ], [ -58.441381468163662, -34.594802883673424 ], [ -58.441352701812889, -34.594789096343263 ], [ -58.441323933428585, -34.594775308455944 ], [ -58.441295073535315, -34.59476161249902 ], [ -58.441266305151011, -34.594747826840319 ], [ -58.441237445935585, -34.594734130326245 ], [ -58.441208679584811, -34.594720342996084 ], [ -58.441179820369392, -34.594706648153462 ], [ -58.441151051307237, -34.594692860823301 ], [ -58.441122192091818, -34.59467907349314 ], [ -58.441093423707514, -34.594665378650525 ], [ -58.441064563814244, -34.594651591320357 ], [ -58.441035704598818, -34.594637894806283 ], [ -58.441006936214514, -34.594624107476122 ], [ -58.440978079032625, -34.594610413190658 ], [ -58.440949310648321, -34.594596625303339 ], [ -58.440920450755051, -34.594582929346416 ], [ -58.440891682370747, -34.594569143687714 ], [ -58.440862823155321, -34.594555447173633 ], [ -58.440833963262051, -34.594541750659559 ], [ -58.440805194877747, -34.594527965000857 ], [ -58.440776334984484, -34.594514269043934 ], [ -58.440747475769058, -34.594500572529853 ], [ -58.440718616553632, -34.59448687657293 ], [ -58.440689756660369, -34.594473181730315 ], [ -58.440660990309595, -34.594459485773392 ], [ -58.440632131094169, -34.594445697886073 ], [ -58.440603271200899, -34.594432003600609 ], [ -58.44057441198548, -34.594418307643686 ], [ -58.44054555209221, -34.594404611129605 ], [ -58.440516783707906, -34.594390916844141 ], [ -58.44048792449248, -34.594377220330067 ], [ -58.440459064599217, -34.594363432999906 ], [ -58.440430296214913, -34.594349736485825 ], [ -58.440401436999487, -34.594336042200361 ], [ -58.440372577106217, -34.5943222548702 ], [ -58.440343810755444, -34.594308466982881 ], [ -58.440315042371139, -34.594294771025957 ], [ -58.44028618315572, -34.594280985367256 ], [ -58.440257414771409, -34.594267197479944 ], [ -58.440228646387105, -34.594253410149776 ], [ -58.440199786493842, -34.594239624491081 ], [ -58.440171020143069, -34.594225836603762 ], [ -58.440142251758765, -34.594212049273601 ], [ -58.440113483374454, -34.594198263614899 ], [ -58.440084714990149, -34.59418447572758 ], [ -58.44005585577473, -34.594170688397419 ], [ -58.440027089423957, -34.594156901067258 ], [ -58.439998321039653, -34.594143206224643 ], [ -58.439969461146383, -34.594129418894475 ], [ -58.439940692762079, -34.594115631007163 ], [ -58.439911833546653, -34.5941019367217 ], [ -58.439883067195879, -34.594088149391538 ], [ -58.439854298811575, -34.594074361504219 ], [ -58.439825438918305, -34.594060665547296 ], [ -58.439796579702886, -34.594046879888595 ], [ -58.439767811318582, -34.594033092001276 ], [ -58.439739044967808, -34.594019396044352 ], [ -58.439710183041008, -34.594005610385651 ], [ -58.439681323825582, -34.593991913871577 ], [ -58.439652557474808, -34.593978126541415 ], [ -58.439623697581546, -34.593964431698794 ], [ -58.439594929197234, -34.593950644368633 ], [ -58.439566069981815, -34.593936948411709 ], [ -58.439537301597511, -34.59392316052439 ], [ -58.439508441704241, -34.593909374865689 ], [ -58.439479673319937, -34.593895678351615 ], [ -58.439450814104511, -34.593881891021454 ], [ -58.439422047753737, -34.59386819673599 ], [ -58.439393279369433, -34.593854408848671 ], [ -58.439364419476163, -34.59384062151851 ], [ -58.439335651091859, -34.593826927233046 ], [ -58.43930679187644, -34.593813139345727 ], [ -58.439278025525667, -34.593799352015566 ], [ -58.439249165632397, -34.593785564685405 ], [ -58.439220397248093, -34.59377186984279 ], [ -58.439191628863789, -34.593758082512629 ], [ -58.439162860479485, -34.59374429462531 ], [ -58.439134003297589, -34.593730508966608 ], [ -58.439105234913285, -34.593716721636447 ], [ -58.439076466528981, -34.593702934306286 ], [ -58.439047697466833, -34.593689146418967 ], [ -58.439018931793903, -34.593675360760265 ], [ -58.438990162731756, -34.593661573430104 ], [ -58.438961303516329, -34.593647785542785 ], [ -58.438932535132025, -34.593633906839386 ], [ -58.438903766747721, -34.593620121180685 ], [ -58.438874998363417, -34.593606333850524 ], [ -58.438846322843759, -34.593592454589967 ], [ -58.438817554459455, -34.593578668931272 ], [ -58.438788788108681, -34.593564881601104 ], [ -58.438760019724377, -34.593551002897705 ], [ -58.438731251340073, -34.593537216681852 ], [ -58.438702482955769, -34.593523337978453 ], [ -58.438673716604995, -34.593509550648285 ], [ -58.438644948220691, -34.593495671944886 ], [ -58.438616270667502, -34.593481885729034 ], [ -58.438587504316729, -34.593468007025635 ], [ -58.438558735932425, -34.593454219695474 ], [ -58.438529967548121, -34.593440340992068 ], [ -58.438501199163817, -34.593426554776215 ], [ -58.438472432813043, -34.593412676072816 ], [ -58.438443755259854, -34.593398888742655 ], [ -58.438414989586924, -34.593385010039249 ], [ -58.438386220524777, -34.593371224380554 ], [ -58.438357452140473, -34.593357345119998 ], [ -58.438328683756168, -34.593343557789836 ], [ -58.438299917405395, -34.593329680757897 ], [ -58.438252091432325, -34.593306762789787 ], [ -58.438223325081552, -34.593292975459619 ], [ -58.438194556697248, -34.593279189800917 ], [ -58.438165788312944, -34.593265401913605 ], [ -58.438137019928639, -34.593251523210206 ], [ -58.438108253577866, -34.593237735880038 ], [ -58.438079485193562, -34.593223950221343 ], [ -58.438050716809258, -34.593210162334024 ], [ -58.438021857593831, -34.593196375003863 ], [ -58.437993091243058, -34.593182589345162 ], [ -58.437964322858754, -34.593168801457843 ], [ -58.43793555447445, -34.593155014127682 ], [ -58.43790669458118, -34.59314122679752 ], [ -58.437877926196876, -34.593127531954906 ], [ -58.437849066303606, -34.593113835997976 ], [ -58.437820207088187, -34.593100048110664 ], [ -58.437791347872761, -34.59308635215374 ], [ -58.437762581521987, -34.593072657311119 ], [ -58.437733721628717, -34.593058961354195 ], [ -58.437704862413298, -34.593045264840121 ], [ -58.437676002520028, -34.593031570554658 ], [ -58.437647141271071, -34.593017965413814 ], [ -58.437618190546686, -34.593004269456891 ], [ -58.437589330653417, -34.592990575171427 ], [ -58.437560471437997, -34.592976970030584 ], [ -58.437531614256102, -34.59296327351651 ], [ -58.437502752329301, -34.592949577559587 ], [ -58.437473895147413, -34.592935882716965 ], [ -58.437445033220612, -34.59292227813328 ], [ -58.437416174005193, -34.592908581619206 ], [ -58.437387316145454, -34.592894887333742 ], [ -58.437358454896497, -34.592881190819661 ], [ -58.437329597036765, -34.592867494862737 ], [ -58.437300735787808, -34.592853800577274 ], [ -58.43727187860592, -34.592840104063193 ], [ -58.437243016679119, -34.592826407549119 ], [ -58.437214159497223, -34.592812711592195 ], [ -58.437185299603954, -34.592799017306731 ], [ -58.437156440388534, -34.59278532079265 ], [ -58.43712767200423, -34.592771626507187 ], [ -58.43709881211096, -34.592757929993112 ], [ -58.437069952895534, -34.592744234036189 ], [ -58.437041093002271, -34.592730537522108 ], [ -58.437012233786845, -34.592716843236644 ], [ -58.436983373893575, -34.592703055349325 ], [ -58.436954605509271, -34.592689359392402 ], [ -58.436925746293852, -34.592675665106938 ], [ -58.436896886400582, -34.592661968592864 ], [ -58.436868027185156, -34.592648272078783 ], [ -58.436839167291893, -34.59263457612186 ], [ -58.43681040094112, -34.592620881836396 ], [ -58.436781539692163, -34.592607185322322 ], [ -58.436752682510274, -34.592593397992154 ], [ -58.436723822617004, -34.592579703149539 ], [ -58.436694963401578, -34.592566007192616 ], [ -58.436666194339431, -34.592552310678535 ], [ -58.436637335124004, -34.592538614721612 ], [ -58.436608475908585, -34.592524919878997 ], [ -58.436579616015315, -34.592511132548836 ], [ -58.436550847631011, -34.592497436591906 ], [ -58.436521988415585, -34.592483741749291 ], [ -58.436493128522322, -34.592470045792368 ], [ -58.436464269306896, -34.592456349278287 ], [ -58.436435409413626, -34.592442653321363 ], [ -58.436406641029322, -34.592428867105511 ], [ -58.436377781813896, -34.59241507977535 ], [ -58.436349015463129, -34.592401385489886 ], [ -58.436320247078818, -34.592387597602567 ], [ -58.436291387185555, -34.592373810272406 ], [ -58.436262618801251, -34.592360022942245 ], [ -58.436233852450478, -34.592346237283543 ], [ -58.436205084066174, -34.592332449396224 ], [ -58.436176315681863, -34.592318662066063 ], [ -58.436147456466443, -34.592304874178744 ], [ -58.43611869011567, -34.592291088520049 ], [ -58.436089828188869, -34.592277392563119 ], [ -58.436060971006981, -34.592263696049045 ], [ -58.43603210908018, -34.592250000092122 ], [ -58.436003251898285, -34.5922363052495 ], [ -58.435974389971484, -34.592222700665815 ], [ -58.435945439247099, -34.592209095524979 ], [ -58.435916488522714, -34.592195583428833 ], [ -58.435887446967207, -34.592182069661234 ], [ -58.435858494209292, -34.592168649495484 ], [ -58.435829452653785, -34.592155227101117 ], [ -58.435800317555788, -34.592141804706756 ], [ -58.435771276000281, -34.592128475357086 ], [ -58.435742140902285, -34.592115143778805 ], [ -58.435713097313247, -34.592101812757683 ], [ -58.435683964248781, -34.592088573109791 ], [ -58.435654738319663, -34.592075335133366 ], [ -58.435625603221659, -34.592062004112243 ], [ -58.435596468801506, -34.592048766135811 ], [ -58.435567333703503, -34.592035525930768 ], [ -58.435538107774384, -34.592022286282884 ], [ -58.435508974709919, -34.592009048306458 ], [ -58.435479839611922, -34.591995808101416 ], [ -58.435450613682804, -34.591982568453524 ], [ -58.435421481296181, -34.591969330477099 ], [ -58.435392346198178, -34.591955999455969 ], [ -58.435284968903638, -34.591901672494465 ], [ -58.435004069602854, -34.592081909549272 ], [ -58.434987213651944, -34.592093047612686 ], [ -58.431961089533402, -34.594093171576702 ], [ -58.428989659982868, -34.596076767570572 ], [ -58.430637949242147, -34.59708422493474 ], [ -58.431772724095588, -34.597834932414692 ], [ -58.434014694356833, -34.599268234754383 ], [ -58.436118139028359, -34.600587681025196 ], [ -58.437308340521518, -34.60136121510002 ], [ -58.437455479477073, -34.601482193824239 ] ] ] ] } },
{ "type": "Feature", "properties": { "circuito": "00160", "codprov": "01", "coddepto": "015" }, "geometry": { "type": "MultiPolygon", "coordinates": [ [ [ [ -58.428816777861527, -34.60546226219553 ], [ -58.428878071242515, -34.605532200609034 ], [ -58.429993328928845, -34.606088155503883 ], [ -58.431841435803143, -34.607005494897805 ], [ -58.432034750181217, -34.607104926809633 ], [ -58.433896781330397, -34.607982366184871 ], [ -58.434396831039692, -34.607767069107226 ], [ -58.435408103363692, -34.607240606039241 ], [ -58.436621669467456, -34.60671414129979 ], [ -58.438947652412644, -34.605799816108416 ], [ -58.440161216482878, -34.605245595633626 ], [ -58.441779271180913, -34.604719131451326 ], [ -58.443195129708748, -34.604220426347297 ], [ -58.444678321886947, -34.603721719571794 ], [ -58.445790741439751, -34.603389186172613 ], [ -58.447948149285438, -34.602641125730791 ], [ -58.450172987035351, -34.601920731879687 ], [ -58.452397916294231, -34.601228002390684 ], [ -58.452525723811981, -34.601168835433334 ], [ -58.450774272771035, -34.599939874297192 ], [ -58.448610910064339, -34.598450510018772 ], [ -58.44839780738149, -34.598303784098988 ], [ -58.447543109603849, -34.597684280788599 ], [ -58.447519196617314, -34.597661636940202 ], [ -58.447489053565043, -34.597651867246739 ], [ -58.447457903914177, -34.597642096438967 ], [ -58.447426938636923, -34.597632053182949 ], [ -58.447395971326138, -34.597621827737605 ], [ -58.447365188388972, -34.597611417874326 ], [ -58.447334404773954, -34.597600918309269 ], [ -58.447303713345747, -34.597590235997735 ], [ -58.44727311207081, -34.597579554243353 ], [ -58.447242419964759, -34.597568687513885 ], [ -58.447211819367674, -34.597557914386265 ], [ -58.447181311635234, -34.597546958512169 ], [ -58.447150801869263, -34.597535909593375 ], [ -58.447120384967945, -34.597524679599573 ], [ -58.447090059575586, -34.597513265187828 ], [ -58.447059918556839, -34.597501670258218 ], [ -58.447029868369214, -34.59748989313929 ], [ -58.447000000521669, -34.597477748855951 ], [ -58.446970226216621, -34.597465421826136 ], [ -58.44694063357381, -34.597452913721305 ], [ -58.446911131762114, -34.597440130382452 ], [ -58.446881721459384, -34.597427165968583 ], [ -58.446852495530266, -34.597414109067174 ], [ -58.446823269601147, -34.597400960235369 ], [ -58.446794136536681, -34.597387722258944 ], [ -58.446765002116521, -34.597374482611052 ], [ -58.446735867018525, -34.597361060216691 ], [ -58.446706825463018, -34.597347730867021 ], [ -58.446677781196136, -34.597334217099423 ], [ -58.446648830471752, -34.597320703331818 ], [ -58.446619971256332, -34.597307100419592 ], [ -58.446591111363063, -34.597293403905518 ], [ -58.446562252147636, -34.597279616575349 ], [ -58.446533483763332, -34.597265830916655 ], [ -58.446504717412559, -34.597251951656098 ], [ -58.446476039859377, -34.597238164325937 ], [ -58.446447271475066, -34.597224285622538 ], [ -58.446418596633258, -34.59721031721736 ], [ -58.446389919080069, -34.597196438513954 ], [ -58.446361243560418, -34.597182468437317 ], [ -58.446332566685072, -34.597168591405378 ], [ -58.446303891165421, -34.597154621328741 ], [ -58.446275216323613, -34.597140651252104 ], [ -58.446246538770424, -34.597126681175467 ], [ -58.446217954759732, -34.597112619725586 ], [ -58.446189277206543, -34.597098651320415 ], [ -58.446160602364735, -34.597084681243771 ], [ -58.446132017676199, -34.597070711167135 ], [ -58.44610334080086, -34.597056742761957 ], [ -58.446074665281202, -34.59704277268532 ], [ -58.446045987728013, -34.597028802608683 ], [ -58.446017310852675, -34.597014832532047 ], [ -58.445988635333016, -34.597000955500107 ], [ -58.445959960491209, -34.596986985423463 ], [ -58.44593128293802, -34.596973106162913 ], [ -58.445902607418368, -34.596959138314887 ], [ -58.445873930543023, -34.596945259054337 ], [ -58.445845164192257, -34.596931288977693 ], [ -58.445816486639067, -34.596917410274294 ], [ -58.445787809085878, -34.596903441869117 ], [ -58.445759134244071, -34.596889563165718 ], [ -58.445730456690882, -34.596875593089081 ], [ -58.445701781849074, -34.596861714385682 ], [ -58.445673104295885, -34.596847745980504 ], [ -58.445644337945112, -34.596833867277105 ], [ -58.44561566039193, -34.596819897200461 ], [ -58.445586985550115, -34.596806020168529 ], [ -58.445558307996933, -34.596792140907972 ], [ -58.445529632477275, -34.596778170831335 ], [ -58.445500955601936, -34.596764292127929 ], [ -58.445472187217632, -34.596750323722759 ], [ -58.445443511697974, -34.596736445019353 ], [ -58.445414836856166, -34.596722474942716 ], [ -58.445386159302977, -34.596708596239317 ], [ -58.445357483783326, -34.596694719207377 ], [ -58.445328715399022, -34.596680749130741 ], [ -58.445300037845833, -34.596666870427342 ], [ -58.445271363004025, -34.596652993395402 ], [ -58.445242594619714, -34.596639114134845 ], [ -58.445213919100063, -34.596625144058208 ], [ -58.445185242224717, -34.596611265354809 ], [ -58.445156475873944, -34.59659738832287 ], [ -58.445127798320762, -34.596583509619471 ], [ -58.445099120767573, -34.596569630916065 ], [ -58.445070354416799, -34.596555662510895 ], [ -58.445041677541461, -34.596541783807488 ], [ -58.445013002021803, -34.596527904546939 ], [ -58.444984233637499, -34.596514025843533 ], [ -58.444962152863752, -34.596505534818249 ], [ -58.444928529081672, -34.596489647575076 ], [ -58.444899669866253, -34.59647604466285 ], [ -58.444870812006513, -34.596462348148776 ], [ -58.444841950757557, -34.596448651634695 ], [ -58.444813000033172, -34.59643504705101 ], [ -58.444784140139902, -34.596421352208395 ], [ -58.444755280924483, -34.59640774762471 ], [ -58.444726421709056, -34.596394051110629 ], [ -58.444697561815786, -34.596380448198403 ], [ -58.444668702600367, -34.596366751684322 ], [ -58.444639751875982, -34.596353055727398 ], [ -58.444610891982713, -34.596339452258022 ], [ -58.444582032767286, -34.596325756301098 ], [ -58.444553172874024, -34.596312151160255 ], [ -58.444524313658597, -34.596298456874791 ], [ -58.444495454443171, -34.596284760360717 ], [ -58.444466594549908, -34.596271064403794 ], [ -58.444437735334482, -34.596257459262951 ], [ -58.444408784610097, -34.596243764977487 ], [ -58.444380016225793, -34.596230068463413 ], [ -58.444351156332523, -34.596216371949332 ], [ -58.444322297117097, -34.596202677663868 ], [ -58.444293437223834, -34.596188981706945 ], [ -58.444264578008408, -34.596175285192864 ], [ -58.444235718115138, -34.596161497862703 ], [ -58.444206952442215, -34.596147803020088 ], [ -58.444178092548945, -34.596134107063165 ], [ -58.444149233333519, -34.596120410549084 ], [ -58.444120464271371, -34.596106624890382 ], [ -58.444091605055945, -34.596092928933459 ], [ -58.444062745840526, -34.596079232419378 ], [ -58.444033976778378, -34.596065445089216 ], [ -58.444005117562952, -34.596051750246602 ], [ -58.443976258347526, -34.596037962916441 ], [ -58.443947491996752, -34.596024268630977 ], [ -58.443918630069959, -34.596010480743658 ], [ -58.443889863719185, -34.595996784786735 ], [ -58.443861004503759, -34.595982996899416 ], [ -58.443832236119455, -34.595969302613952 ], [ -58.443803376226185, -34.595955515283791 ], [ -58.443774607841881, -34.595941818769717 ], [ -58.443745747948611, -34.595928031439549 ], [ -58.443716888733192, -34.595914336596934 ], [ -58.443688122382419, -34.595900549266773 ], [ -58.443659263166992, -34.59588685330985 ], [ -58.443630494782688, -34.59587306709399 ], [ -58.443601634889419, -34.595859371137067 ], [ -58.443577721902884, -34.595847867580702 ], [ -58.442082708122413, -34.59726573787195 ], [ -58.440599422401718, -34.598595776195367 ], [ -58.439048796930074, -34.600008808162237 ], [ -58.437455479477073, -34.601482193824239 ], [ -58.437430742232031, -34.601505111235198 ], [ -58.43557668049673, -34.6032506771584 ], [ -58.432138277998739, -34.604358935361503 ], [ -58.428816777861527, -34.60546226219553 ] ] ] ] } },
{ "type": "Feature", "properties": { "circuito": "00161", "codprov": "01", "coddepto": "015" }, "geometry": { "type": "MultiPolygon", "coordinates": [ [ [ [ -58.433896781330397, -34.607982366184871 ], [ -58.433905577714157, -34.607986474080505 ], [ -58.435996745949971, -34.609042778797672 ], [ -58.436918509629521, -34.609287659075413 ], [ -58.442142259443891, -34.610675308782511 ], [ -58.442552799153042, -34.61082650976234 ], [ -58.443136492799056, -34.611085084882703 ], [ -58.443140248733584, -34.611084172264626 ], [ -58.447732574504904, -34.609949983562331 ], [ -58.455598938442677, -34.60792365776517 ], [ -58.456065731083591, -34.60780258766772 ], [ -58.45527681265964, -34.607245170243907 ], [ -58.453314824576012, -34.600928249140622 ], [ -58.452547620212115, -34.601184266367476 ], [ -58.452525723811981, -34.601168835433334 ], [ -58.452397916294231, -34.601228002390684 ], [ -58.450172987035351, -34.601920731879687 ], [ -58.447948149285438, -34.602641125730791 ], [ -58.445790741439751, -34.603389186172613 ], [ -58.444678321886947, -34.603721719571794 ], [ -58.443195129708748, -34.604220426347297 ], [ -58.441779271180913, -34.604719131451326 ], [ -58.440161216482878, -34.605245595633626 ], [ -58.438947652412644, -34.605799816108416 ], [ -58.436621669467456, -34.60671414129979 ], [ -58.435408103363692, -34.607240606039241 ], [ -58.434396831039692, -34.607767069107226 ], [ -58.433896781330397, -34.607982366184871 ] ] ] ] } },
{ "type": "Feature", "properties": { "circuito": "00162", "codprov": "01", "coddepto": "015" }, "geometry": { "type": "MultiPolygon", "coordinates": [ [ [ [ -58.468176088876291, -34.590665406513665 ], [ -58.466525327519335, -34.591975996266235 ], [ -58.465502783324681, -34.59278440817458 ], [ -58.464716981628207, -34.593399162305211 ], [ -58.464246251390527, -34.593767303966658 ], [ -58.464112857081155, -34.593850482028053 ], [ -58.463943822403301, -34.59394516531728 ], [ -58.463863840858622, -34.593989905888954 ], [ -58.463389903062343, -34.594299975957597 ], [ -58.46322004412599, -34.594407899451866 ], [ -58.462278126105808, -34.595204259564412 ], [ -58.461637443389279, -34.595750535024727 ], [ -58.461613348062663, -34.595839741491218 ], [ -58.461667586441557, -34.595978615441226 ], [ -58.462777440354181, -34.599682029605582 ], [ -58.46286786612179, -34.600024147723133 ], [ -58.462735205239809, -34.599949734806735 ], [ -58.462578355488709, -34.599944803437658 ], [ -58.461848531519266, -34.599810951672808 ], [ -58.461094612223206, -34.599761373333905 ], [ -58.456413968779643, -34.600009264471268 ], [ -58.456373014790742, -34.600019400771991 ], [ -58.455194905359683, -34.600310023941255 ], [ -58.455050791622646, -34.600336501565572 ], [ -58.453314824576012, -34.600928249140622 ], [ -58.45527681265964, -34.607245170243907 ], [ -58.456065731083591, -34.60780258766772 ], [ -58.461594568390005, -34.606407540071267 ], [ -58.464621973634031, -34.605653637870908 ], [ -58.46623050191014, -34.605261665623274 ], [ -58.466958402835679, -34.605818989445233 ], [ -58.46755171644611, -34.606224930098037 ], [ -58.46776142990813, -34.606335592003674 ], [ -58.467795786439751, -34.606357688169801 ], [ -58.469085576120129, -34.607308901405922 ], [ -58.47142319561614, -34.608748321852488 ], [ -58.471431350081474, -34.608753252664414 ], [ -58.473841530084215, -34.605771602392579 ], [ -58.474444921881727, -34.604979898972246 ], [ -58.474982076102897, -34.604210929102081 ], [ -58.473893567503097, -34.603594896303271 ], [ -58.473864983492405, -34.603578735497543 ], [ -58.476339019804932, -34.603046063506604 ], [ -58.475840714188678, -34.601694843863754 ], [ -58.474592884417945, -34.598429144281397 ], [ -58.473421828633292, -34.595197777078901 ], [ -58.473332593837888, -34.594951618132981 ], [ -58.47318041782232, -34.594568596005438 ], [ -58.469272291685236, -34.591545036618001 ], [ -58.468636193228811, -34.591052082456414 ], [ -58.468603393705237, -34.591026608823412 ], [ -58.468176088876291, -34.590665406513665 ] ] ] ] } },
{ "type": "Feature", "properties": { "circuito": "00163", "codprov": "01", "coddepto": "015" }, "geometry": { "type": "MultiPolygon", "coordinates": [ [ [ [ -58.435284968903638, -34.591901672494465 ], [ -58.435392346198178, -34.591955999455969 ], [ -58.435421481296181, -34.591969330477099 ], [ -58.435450613682804, -34.591982568453524 ], [ -58.435479839611922, -34.591995808101416 ], [ -58.435508974709919, -34.592009048306458 ], [ -58.435538107774384, -34.592022286282884 ], [ -58.435567333703503, -34.592035525930768 ], [ -58.435596468801506, -34.592048766135811 ], [ -58.435625603221659, -34.592062004112243 ], [ -58.435654738319663, -34.592075335133366 ], [ -58.435683964248781, -34.592088573109791 ], [ -58.435713097313247, -34.592101812757683 ], [ -58.435742140902285, -34.592115143778805 ], [ -58.435771276000281, -34.592128475357086 ], [ -58.435800317555788, -34.592141804706756 ], [ -58.435829452653785, -34.592155227101117 ], [ -58.435858494209292, -34.592168649495484 ], [ -58.435887446967207, -34.592182069661234 ], [ -58.435916488522714, -34.592195583428833 ], [ -58.435945439247099, -34.592209095524979 ], [ -58.435974389971484, -34.592222700665815 ], [ -58.436003251898285, -34.5922363052495 ], [ -58.43603210908018, -34.592250000092122 ], [ -58.436060971006981, -34.592263696049045 ], [ -58.436089828188869, -34.592277392563119 ], [ -58.43611869011567, -34.592291088520049 ], [ -58.436147456466443, -34.592304874178744 ], [ -58.436176315681863, -34.592318662066063 ], [ -58.436205084066174, -34.592332449396224 ], [ -58.436233852450478, -34.592346237283543 ], [ -58.436262618801251, -34.592360022942245 ], [ -58.436291387185555, -34.592373810272406 ], [ -58.436320247078818, -34.592387597602567 ], [ -58.436349015463129, -34.592401385489886 ], [ -58.436377781813896, -34.59241507977535 ], [ -58.436406641029322, -34.592428867105511 ], [ -58.436435409413626, -34.592442653321363 ], [ -58.436464269306896, -34.592456349278287 ], [ -58.436493128522322, -34.592470045792368 ], [ -58.436521988415585, -34.592483741749291 ], [ -58.436550847631011, -34.592497436591906 ], [ -58.436579616015315, -34.592511132548836 ], [ -58.436608475908585, -34.592524919878997 ], [ -58.436637335124004, -34.592538614721612 ], [ -58.436666194339431, -34.592552310678535 ], [ -58.436694963401578, -34.592566007192616 ], [ -58.436723822617004, -34.592579703149539 ], [ -58.436752682510274, -34.592593397992154 ], [ -58.436781539692163, -34.592607185322322 ], [ -58.43681040094112, -34.592620881836396 ], [ -58.436839167291893, -34.59263457612186 ], [ -58.436868027185156, -34.592648272078783 ], [ -58.436896886400582, -34.592661968592864 ], [ -58.436925746293852, -34.592675665106938 ], [ -58.436954605509271, -34.592689359392402 ], [ -58.436983373893575, -34.592703055349325 ], [ -58.437012233786845, -34.592716843236644 ], [ -58.437041093002271, -34.592730537522108 ], [ -58.437069952895534, -34.592744234036189 ], [ -58.43709881211096, -34.592757929993112 ], [ -58.43712767200423, -34.592771626507187 ], [ -58.437156440388534, -34.59278532079265 ], [ -58.437185299603954, -34.592799017306731 ], [ -58.437214159497223, -34.592812711592195 ], [ -58.437243016679119, -34.592826407549119 ], [ -58.43727187860592, -34.592840104063193 ], [ -58.437300735787808, -34.592853800577274 ], [ -58.437329597036765, -34.592867494862737 ], [ -58.437358454896497, -34.592881190819661 ], [ -58.437387316145454, -34.592894887333742 ], [ -58.437416174005193, -34.592908581619206 ], [ -58.437445033220612, -34.59292227813328 ], [ -58.437473895147413, -34.592935882716965 ], [ -58.437502752329301, -34.592949577559587 ], [ -58.437531614256102, -34.59296327351651 ], [ -58.437560471437997, -34.592976970030584 ], [ -58.437589330653417, -34.592990575171427 ], [ -58.437618190546686, -34.593004269456891 ], [ -58.437647141271071, -34.593017965413814 ], [ -58.437676002520028, -34.593031570554658 ], [ -58.437704862413298, -34.593045264840121 ], [ -58.437733721628717, -34.593058961354195 ], [ -58.437762581521987, -34.593072657311119 ], [ -58.437791347872761, -34.59308635215374 ], [ -58.437820207088187, -34.593100048110664 ], [ -58.437849066303606, -34.593113835997976 ], [ -58.437877926196876, -34.593127531954906 ], [ -58.43790669458118, -34.59314122679752 ], [ -58.43793555447445, -34.593155014127682 ], [ -58.437964322858754, -34.593168801457843 ], [ -58.437993091243058, -34.593182589345162 ], [ -58.438021857593831, -34.593196375003863 ], [ -58.438050716809258, -34.593210162334024 ], [ -58.438079485193562, -34.593223950221343 ], [ -58.438108253577866, -34.593237735880038 ], [ -58.438137019928639, -34.593251523210206 ], [ -58.438165788312944, -34.593265401913605 ], [ -58.438194556697248, -34.593279189800917 ], [ -58.438223325081552, -34.593292975459619 ], [ -58.438252091432325, -34.593306762789787 ], [ -58.438299917405395, -34.593329680757897 ], [ -58.438328683756168, -34.593343557789836 ], [ -58.438357452140473, -34.593357345119998 ], [ -58.438386220524777, -34.593371224380554 ], [ -58.438414989586924, -34.593385010039249 ], [ -58.438443755259854, -34.593398888742655 ], [ -58.438472432813043, -34.593412676072816 ], [ -58.438501199163817, -34.593426554776215 ], [ -58.438529967548121, -34.593440340992068 ], [ -58.438558735932425, -34.593454219695474 ], [ -58.438587504316729, -34.593468007025635 ], [ -58.438616270667502, -34.593481885729034 ], [ -58.438644948220691, -34.593495671944886 ], [ -58.438673716604995, -34.593509550648285 ], [ -58.438702482955769, -34.593523337978453 ], [ -58.438731251340073, -34.593537216681852 ], [ -58.438760019724377, -34.593551002897705 ], [ -58.438788788108681, -34.593564881601104 ], [ -58.438817554459455, -34.593578668931272 ], [ -58.438846322843759, -34.593592454589967 ], [ -58.438874998363417, -34.593606333850524 ], [ -58.438903766747721, -34.593620121180685 ], [ -58.438932535132025, -34.593633906839386 ], [ -58.438961303516329, -34.593647785542785 ], [ -58.438990162731756, -34.593661573430104 ], [ -58.439018931793903, -34.593675360760265 ], [ -58.439047697466833, -34.593689146418967 ], [ -58.439076466528981, -34.593702934306286 ], [ -58.439105234913285, -34.593716721636447 ], [ -58.439134003297589, -34.593730508966608 ], [ -58.439162860479485, -34.59374429462531 ], [ -58.439191628863789, -34.593758082512629 ], [ -58.439220397248093, -34.59377186984279 ], [ -58.439249165632397, -34.593785564685405 ], [ -58.439278025525667, -34.593799352015566 ], [ -58.43930679187644, -34.593813139345727 ], [ -58.439335651091859, -34.593826927233046 ], [ -58.439364419476163, -34.59384062151851 ], [ -58.439393279369433, -34.593854408848671 ], [ -58.439422047753737, -34.59386819673599 ], [ -58.439450814104511, -34.593881891021454 ], [ -58.439479673319937, -34.593895678351615 ], [ -58.439508441704241, -34.593909374865689 ], [ -58.439537301597511, -34.59392316052439 ], [ -58.439566069981815, -34.593936948411709 ], [ -58.439594929197234, -34.593950644368633 ], [ -58.439623697581546, -34.593964431698794 ], [ -58.439652557474808, -34.593978126541415 ], [ -58.439681323825582, -34.593991913871577 ], [ -58.439710183041008, -34.594005610385651 ], [ -58.439739044967808, -34.594019396044352 ], [ -58.439767811318582, -34.594033092001276 ], [ -58.439796579702886, -34.594046879888595 ], [ -58.439825438918305, -34.594060665547296 ], [ -58.439854298811575, -34.594074361504219 ], [ -58.439883067195879, -34.594088149391538 ], [ -58.439911833546653, -34.5941019367217 ], [ -58.439940692762079, -34.594115631007163 ], [ -58.439969461146383, -34.594129418894475 ], [ -58.439998321039653, -34.594143206224643 ], [ -58.440027089423957, -34.594156901067258 ], [ -58.44005585577473, -34.594170688397419 ], [ -58.440084714990149, -34.59418447572758 ], [ -58.440113483374454, -34.594198263614899 ], [ -58.440142251758765, -34.594212049273601 ], [ -58.440171020143069, -34.594225836603762 ], [ -58.440199786493842, -34.594239624491081 ], [ -58.440228646387105, -34.594253410149776 ], [ -58.440257414771409, -34.594267197479944 ], [ -58.44028618315572, -34.594280985367256 ], [ -58.440315042371139, -34.594294771025957 ], [ -58.440343810755444, -34.594308466982881 ], [ -58.440372577106217, -34.5943222548702 ], [ -58.440401436999487, -34.594336042200361 ], [ -58.440430296214913, -34.594349736485825 ], [ -58.440459064599217, -34.594363432999906 ], [ -58.44048792449248, -34.594377220330067 ], [ -58.440516783707906, -34.594390916844141 ], [ -58.44054555209221, -34.594404611129605 ], [ -58.44057441198548, -34.594418307643686 ], [ -58.440603271200899, -34.594432003600609 ], [ -58.440632131094169, -34.594445697886073 ], [ -58.440660990309595, -34.594459485773392 ], [ -58.440689756660369, -34.594473181730315 ], [ -58.440718616553632, -34.59448687657293 ], [ -58.440747475769058, -34.594500572529853 ], [ -58.440776334984484, -34.594514269043934 ], [ -58.440805194877747, -34.594527965000857 ], [ -58.440833963262051, -34.594541750659559 ], [ -58.440862823155321, -34.594555447173633 ], [ -58.440891682370747, -34.594569143687714 ], [ -58.440920450755051, -34.594582929346416 ], [ -58.440949310648321, -34.594596625303339 ], [ -58.440978079032625, -34.594610413190658 ], [ -58.441006936214514, -34.594624107476122 ], [ -58.441035704598818, -34.594637894806283 ], [ -58.441064563814244, -34.594651591320357 ], [ -58.441093423707514, -34.594665378650525 ], [ -58.441122192091818, -34.59467907349314 ], [ -58.441151051307237, -34.594692860823301 ], [ -58.441179820369392, -34.594706648153462 ], [ -58.441208679584811, -34.594720342996084 ], [ -58.441237445935585, -34.594734130326245 ], [ -58.441266305151011, -34.594747826840319 ], [ -58.441295073535315, -34.59476161249902 ], [ -58.441323933428585, -34.594775308455944 ], [ -58.441352701812889, -34.594789096343263 ], [ -58.441381468163662, -34.594802883673424 ], [ -58.441410330090463, -34.594816577958888 ], [ -58.441439095763386, -34.594830365846207 ], [ -58.441467955656655, -34.59484406180313 ], [ -58.44149672404096, -34.594857849690449 ], [ -58.441525583256386, -34.594871635349143 ], [ -58.441554352318533, -34.594885331306074 ], [ -58.44158321153396, -34.594899119193386 ], [ -58.441611977884733, -34.59491281347885 ], [ -58.441640839811527, -34.594926600809011 ], [ -58.441669605484456, -34.59494038869633 ], [ -58.441698465377726, -34.594954082981793 ], [ -58.44172723376203, -34.594967870311955 ], [ -58.4417560936553, -34.594981566826036 ], [ -58.441784862039604, -34.594995354156197 ], [ -58.441813721255031, -34.595009048998811 ], [ -58.441842487605797, -34.595022836328972 ], [ -58.441871346821223, -34.595036532843054 ], [ -58.441900206714493, -34.595050318501755 ], [ -58.441928975098797, -34.595064014458679 ], [ -58.441957834314223, -34.595077802345997 ], [ -58.441986603376371, -34.595091498302921 ], [ -58.44201546259179, -34.595105283961622 ], [ -58.442044228942564, -34.595118980475696 ], [ -58.442073090869364, -34.595132767805858 ], [ -58.44210194805126, -34.595146464319939 ], [ -58.442130716435564, -34.59516024997864 ], [ -58.442159575650983, -34.595173945935564 ], [ -58.442188435544253, -34.595187640778178 ], [ -58.442217203928557, -34.595201336735109 ], [ -58.442246063143983, -34.59521512462242 ], [ -58.442274923037253, -34.595228820579344 ], [ -58.442303689388019, -34.595242515421965 ], [ -58.442332550636976, -34.595256211378889 ], [ -58.442361408496716, -34.59526999870905 ], [ -58.442390269745673, -34.595283693551664 ], [ -58.442419129638935, -34.595297389508588 ], [ -58.442447895989709, -34.595311086022669 ], [ -58.442476755205135, -34.595324781979592 ], [ -58.442505615098405, -34.595338476822214 ], [ -58.442534474313824, -34.595352172779137 ], [ -58.44256333352925, -34.595365869293211 ], [ -58.442592193422513, -34.595379563578675 ], [ -58.442621052637939, -34.595393260092756 ], [ -58.442649821700087, -34.595406956049679 ], [ -58.442678680915513, -34.59542065256376 ], [ -58.442707540130939, -34.595434346849217 ], [ -58.442736400024202, -34.595448043363298 ], [ -58.442765259239629, -34.595461737648762 ], [ -58.442794119132898, -34.595475433605685 ], [ -58.442822978348318, -34.595489130119766 ], [ -58.442851838241587, -34.595502826076689 ], [ -58.442880697457014, -34.595516520919304 ], [ -58.442909557350276, -34.595530216876227 ], [ -58.442938416565703, -34.595543913390308 ], [ -58.442967276458972, -34.595557607675772 ], [ -58.442996044843277, -34.595571304189853 ], [ -58.443024902025165, -34.595585000146777 ], [ -58.443053763951966, -34.595598696660851 ], [ -58.443082621133854, -34.595612390946314 ], [ -58.44311148034928, -34.595626087460396 ], [ -58.44314034024255, -34.595639783417319 ], [ -58.443169199457969, -34.595653477702783 ], [ -58.443198059351239, -34.595667174216857 ], [ -58.443226827735543, -34.595680961547025 ], [ -58.44325568695097, -34.595694656389639 ], [ -58.443284546844232, -34.595708352346563 ], [ -58.443313406059659, -34.595722048860644 ], [ -58.443342265952928, -34.595735744817567 ], [ -58.443371034337233, -34.595749530476269 ], [ -58.443399893552659, -34.595763226990343 ], [ -58.443428753445922, -34.595776923504424 ], [ -58.443457521830226, -34.595790617789888 ], [ -58.443486379012121, -34.595804405120049 ], [ -58.443515240938922, -34.59581810163413 ], [ -58.443544007289695, -34.595831887292832 ], [ -58.443572866505114, -34.595845583249755 ], [ -58.443577721902884, -34.595847867580702 ], [ -58.443601634889419, -34.595859371137067 ], [ -58.443630494782688, -34.59587306709399 ], [ -58.443659263166992, -34.59588685330985 ], [ -58.443688122382419, -34.595900549266773 ], [ -58.443716888733192, -34.595914336596934 ], [ -58.443745747948611, -34.595928031439549 ], [ -58.443774607841881, -34.595941818769717 ], [ -58.443803376226185, -34.595955515283791 ], [ -58.443832236119455, -34.595969302613952 ], [ -58.443861004503759, -34.595982996899416 ], [ -58.443889863719185, -34.595996784786735 ], [ -58.443918630069959, -34.596010480743658 ], [ -58.443947491996752, -34.596024268630977 ], [ -58.443976258347526, -34.596037962916441 ], [ -58.444005117562952, -34.596051750246602 ], [ -58.444033976778378, -34.596065445089216 ], [ -58.444062745840526, -34.596079232419378 ], [ -58.444091605055945, -34.596092928933459 ], [ -58.444120464271371, -34.596106624890382 ], [ -58.444149233333519, -34.596120410549084 ], [ -58.444178092548945, -34.596134107063165 ], [ -58.444206952442215, -34.596147803020088 ], [ -58.444235718115138, -34.596161497862703 ], [ -58.444264578008408, -34.596175285192864 ], [ -58.444293437223834, -34.596188981706945 ], [ -58.444322297117097, -34.596202677663868 ], [ -58.444351156332523, -34.596216371949332 ], [ -58.444380016225793, -34.596230068463413 ], [ -58.444408784610097, -34.596243764977487 ], [ -58.444437735334482, -34.596257459262951 ], [ -58.444466594549908, -34.596271064403794 ], [ -58.444495454443171, -34.596284760360717 ], [ -58.444524313658597, -34.596298456874791 ], [ -58.444553172874024, -34.596312151160255 ], [ -58.444582032767286, -34.596325756301098 ], [ -58.444610891982713, -34.596339452258022 ], [ -58.444639751875982, -34.596353055727398 ], [ -58.444668702600367, -34.596366751684322 ], [ -58.444697561815786, -34.596380448198403 ], [ -58.444726421709056, -34.596394051110629 ], [ -58.444755280924483, -34.59640774762471 ], [ -58.444784140139902, -34.596421352208395 ], [ -58.444813000033172, -34.59643504705101 ], [ -58.444841950757557, -34.596448651634695 ], [ -58.444870812006513, -34.596462348148776 ], [ -58.444899669866253, -34.59647604466285 ], [ -58.444928529081672, -34.596489647575076 ], [ -58.444962152863752, -34.596505534818249 ], [ -58.444984233637499, -34.596514025843533 ], [ -58.445013002021803, -34.596527904546939 ], [ -58.445041677541461, -34.596541783807488 ], [ -58.445070354416799, -34.596555662510895 ], [ -58.445099120767573, -34.596569630916065 ], [ -58.445127798320762, -34.596583509619471 ], [ -58.445156475873944, -34.59659738832287 ], [ -58.445185242224717, -34.596611265354809 ], [ -58.445213919100063, -34.596625144058208 ], [ -58.445242594619714, -34.596639114134845 ], [ -58.445271363004025, -34.596652993395402 ], [ -58.445300037845833, -34.596666870427342 ], [ -58.445328715399022, -34.596680749130741 ], [ -58.445357483783326, -34.596694719207377 ], [ -58.445386159302977, -34.596708596239317 ], [ -58.445414836856166, -34.596722474942716 ], [ -58.445443511697974, -34.596736445019353 ], [ -58.445472187217632, -34.596750323722759 ], [ -58.445500955601936, -34.596764292127929 ], [ -58.445529632477275, -34.596778170831335 ], [ -58.445558307996933, -34.596792140907972 ], [ -58.445586985550115, -34.596806020168529 ], [ -58.44561566039193, -34.596819897200461 ], [ -58.445644337945112, -34.596833867277105 ], [ -58.445673104295885, -34.596847745980504 ], [ -58.445701781849074, -34.596861714385682 ], [ -58.445730456690882, -34.596875593089081 ], [ -58.445759134244071, -34.596889563165718 ], [ -58.445787809085878, -34.596903441869117 ], [ -58.445816486639067, -34.596917410274294 ], [ -58.445845164192257, -34.596931288977693 ], [ -58.445873930543023, -34.596945259054337 ], [ -58.445902607418368, -34.596959138314887 ], [ -58.44593128293802, -34.596973106162913 ], [ -58.445959960491209, -34.596986985423463 ], [ -58.445988635333016, -34.597000955500107 ], [ -58.446017310852675, -34.597014832532047 ], [ -58.446045987728013, -34.597028802608683 ], [ -58.446074665281202, -34.59704277268532 ], [ -58.44610334080086, -34.597056742761957 ], [ -58.446132017676199, -34.597070711167135 ], [ -58.446160602364735, -34.597084681243771 ], [ -58.446189277206543, -34.597098651320415 ], [ -58.446217954759732, -34.597112619725586 ], [ -58.446246538770424, -34.597126681175467 ], [ -58.446275216323613, -34.597140651252104 ], [ -58.446303891165421, -34.597154621328741 ], [ -58.446332566685072, -34.597168591405378 ], [ -58.446361243560418, -34.597182468437317 ], [ -58.446389919080069, -34.597196438513954 ], [ -58.446418596633258, -34.59721031721736 ], [ -58.446447271475066, -34.597224285622538 ], [ -58.446476039859377, -34.597238164325937 ], [ -58.446504717412559, -34.597251951656098 ], [ -58.446533483763332, -34.597265830916655 ], [ -58.446562252147636, -34.597279616575349 ], [ -58.446591111363063, -34.597293403905518 ], [ -58.446619971256332, -34.597307100419592 ], [ -58.446648830471752, -34.597320703331818 ], [ -58.446677781196136, -34.597334217099423 ], [ -58.446706825463018, -34.597347730867021 ], [ -58.446735867018525, -34.597361060216691 ], [ -58.446765002116521, -34.597374482611052 ], [ -58.446794136536681, -34.597387722258944 ], [ -58.446823269601147, -34.597400960235369 ], [ -58.446852495530266, -34.597414109067174 ], [ -58.446881721459384, -34.597427165968583 ], [ -58.446911131762114, -34.597440130382452 ], [ -58.44694063357381, -34.597452913721305 ], [ -58.446970226216621, -34.597465421826136 ], [ -58.447000000521669, -34.597477748855951 ], [ -58.447029868369214, -34.59748989313929 ], [ -58.447059918556839, -34.597501670258218 ], [ -58.447090059575586, -34.597513265187828 ], [ -58.447120384967945, -34.597524679599573 ], [ -58.447150801869263, -34.597535909593375 ], [ -58.447181311635234, -34.597546958512169 ], [ -58.447211819367674, -34.597557914386265 ], [ -58.447242419964759, -34.597568687513885 ], [ -58.44727311207081, -34.597579554243353 ], [ -58.447303713345747, -34.597590235997735 ], [ -58.447334404773954, -34.597600918309269 ], [ -58.447365188388972, -34.597611417874326 ], [ -58.447395971326138, -34.597621827737605 ], [ -58.447426938636923, -34.597632053182949 ], [ -58.447457903914177, -34.597642096438967 ], [ -58.447489053565043, -34.597651867246739 ], [ -58.447519196617314, -34.597661636940202 ], [ -58.447543109603849, -34.597684280788599 ], [ -58.44839780738149, -34.598303784098988 ], [ -58.448610910064339, -34.598450510018772 ], [ -58.450774272771035, -34.599939874297192 ], [ -58.452525723811981, -34.601168835433334 ], [ -58.452547620212115, -34.601184266367476 ], [ -58.453314824576012, -34.600928249140622 ], [ -58.455050791622646, -34.600336501565572 ], [ -58.455194905359683, -34.600310023941255 ], [ -58.456373014790742, -34.600019400771991 ], [ -58.454757525732873, -34.598457175807916 ], [ -58.452802409633421, -34.596628523753708 ], [ -58.450476424654696, -34.594467337743161 ], [ -58.448622362241551, -34.592749438967829 ], [ -58.447678518466091, -34.591890442500656 ], [ -58.447543657979786, -34.591225469304149 ], [ -58.446060463090213, -34.586709077355323 ], [ -58.445402742082685, -34.58458998487832 ], [ -58.445387991515759, -34.584595554745761 ], [ -58.444006674571007, -34.585175613789353 ], [ -58.441312938796187, -34.586334728442381 ], [ -58.441250181949641, -34.586360476195104 ], [ -58.441660352233733, -34.587694166105109 ], [ -58.43819208256604, -34.589989568259142 ], [ -58.435284968903638, -34.591901672494465 ] ] ] ] } },
{ "type": "Feature", "properties": { "circuito": "00164", "codprov": "01", "coddepto": "015" }, "geometry": { "type": "MultiPolygon", "coordinates": [ [ [ [ -58.456373014790742, -34.600019400771991 ], [ -58.456413968779643, -34.600009264471268 ], [ -58.461094612223206, -34.599761373333905 ], [ -58.461848531519266, -34.599810951672808 ], [ -58.462578355488709, -34.599944803437658 ], [ -58.462735205239809, -34.599949734806735 ], [ -58.46286786612179, -34.600024147723133 ], [ -58.462777440354181, -34.599682029605582 ], [ -58.461667586441557, -34.595978615441226 ], [ -58.461613348062663, -34.595839741491218 ], [ -58.461637443389279, -34.595750535024727 ], [ -58.462278126105808, -34.595204259564412 ], [ -58.46322004412599, -34.594407899451866 ], [ -58.463389903062343, -34.594299975957597 ], [ -58.463863840858622, -34.593989905888954 ], [ -58.463943822403301, -34.59394516531728 ], [ -58.464112857081155, -34.593850482028053 ], [ -58.461772671944971, -34.591650310845516 ], [ -58.460286361005757, -34.590275899114843 ], [ -58.459143342889398, -34.589311174339734 ], [ -58.459059330205456, -34.589240230263457 ], [ -58.458645218935381, -34.589028675588487 ], [ -58.457549841062793, -34.588721708867013 ], [ -58.457610032269159, -34.588472173011368 ], [ -58.457587678324209, -34.588426247930521 ], [ -58.457616537539636, -34.588240351306496 ], [ -58.457702383792046, -34.588122750049166 ], [ -58.457688092803465, -34.586111396648491 ], [ -58.457686624593002, -34.581392764523436 ], [ -58.457387403164375, -34.581397785594291 ], [ -58.454895865593294, -34.581533007957709 ], [ -58.451916560171384, -34.582352469341998 ], [ -58.450045088686487, -34.582954898671431 ], [ -58.447951447675152, -34.583628728386174 ], [ -58.445402742082685, -34.58458998487832 ], [ -58.446060463090213, -34.586709077355323 ], [ -58.447543657979786, -34.591225469304149 ], [ -58.447678518466091, -34.591890442500656 ], [ -58.448622362241551, -34.592749438967829 ], [ -58.450476424654696, -34.594467337743161 ], [ -58.452802409633421, -34.596628523753708 ], [ -58.454757525732873, -34.598457175807916 ], [ -58.456373014790742, -34.600019400771991 ] ] ] ] } },
{ "type": "Feature", "properties": { "circuito": "00165", "codprov": "01", "coddepto": "015" }, "geometry": { "type": "MultiPolygon", "coordinates": [ [ [ [ -58.465400723039785, -34.575940681645861 ], [ -58.464641579598727, -34.575534465759034 ], [ -58.460564239155083, -34.578077943468372 ], [ -58.460386774807176, -34.578187327262981 ], [ -58.459561485298735, -34.579106401076963 ], [ -58.457387403164375, -34.581397785594291 ], [ -58.457686624593002, -34.581392764523436 ], [ -58.457688092803465, -34.586111396648491 ], [ -58.457702383792046, -34.588122750049166 ], [ -58.457616537539636, -34.588240351306496 ], [ -58.457587678324209, -34.588426247930521 ], [ -58.457610032269159, -34.588472173011368 ], [ -58.457549841062793, -34.588721708867013 ], [ -58.458645218935381, -34.589028675588487 ], [ -58.459059330205456, -34.589240230263457 ], [ -58.459143342889398, -34.589311174339734 ], [ -58.460286361005757, -34.590275899114843 ], [ -58.461772671944971, -34.591650310845516 ], [ -58.464112857081155, -34.593850482028053 ], [ -58.464246251390527, -34.593767303966658 ], [ -58.464716981628207, -34.593399162305211 ], [ -58.465502783324681, -34.59278440817458 ], [ -58.466525327519335, -34.591975996266235 ], [ -58.468176088876291, -34.590665406513665 ], [ -58.470929376650432, -34.585459662542718 ], [ -58.471058008426681, -34.585216518356496 ], [ -58.471035927652935, -34.585167853192821 ], [ -58.47107138432564, -34.585073078530357 ], [ -58.470982697906159, -34.584912564166103 ], [ -58.471417513926326, -34.584759446019739 ], [ -58.472109685007965, -34.583971668305715 ], [ -58.472872949063714, -34.583074416538146 ], [ -58.476502466335461, -34.582235599627722 ], [ -58.47463255389215, -34.581187877309077 ], [ -58.470125801202045, -34.578621208069066 ], [ -58.465400723039785, -34.575940681645861 ] ] ] ] } },
{ "type": "Feature", "properties": { "circuito": "00166", "codprov": "01", "coddepto": "015" }, "geometry": { "type": "MultiPolygon", "coordinates": [ [ [ [ -58.468176088876291, -34.590665406513665 ], [ -58.468603393705237, -34.591026608823412 ], [ -58.468636193228811, -34.591052082456414 ], [ -58.469272291685236, -34.591545036618001 ], [ -58.47318041782232, -34.594568596005438 ], [ -58.473332593837888, -34.594951618132981 ], [ -58.47374523825318, -34.594846709398418 ], [ -58.474186560899511, -34.594734495262038 ], [ -58.477933715315118, -34.593789308759547 ], [ -58.478668210308719, -34.593600946172408 ], [ -58.479425337163377, -34.593373049616694 ], [ -58.480733726887706, -34.592908490245968 ], [ -58.48232539650153, -34.592360387878038 ], [ -58.483732365780959, -34.590883077066877 ], [ -58.485580472655251, -34.588939562166708 ], [ -58.486481621737987, -34.588012635825798 ], [ -58.486485102467789, -34.588007341749538 ], [ -58.476511262041377, -34.582240711514658 ], [ -58.476502466335461, -34.582235599627722 ], [ -58.472872949063714, -34.583074416538146 ], [ -58.472109685007965, -34.583971668305715 ], [ -58.471417513926326, -34.584759446019739 ], [ -58.470982697906159, -34.584912564166103 ], [ -58.47107138432564, -34.585073078530357 ], [ -58.471035927652935, -34.585167853192821 ], [ -58.471058008426681, -34.585216518356496 ], [ -58.470929376650432, -34.585459662542718 ], [ -58.468176088876291, -34.590665406513665 ] ] ] ] } },
{ "type": "Feature", "properties": { "circuito": "00167", "codprov": "01", "coddepto": "015" }, "geometry": { "type": "MultiPolygon", "coordinates": [ [ [ [ -58.473421828633292, -34.595197777078901 ], [ -58.474592884417945, -34.598429144281397 ], [ -58.475840714188678, -34.601694843863754 ], [ -58.476339019804932, -34.603046063506604 ], [ -58.480499461232107, -34.601260506748631 ], [ -58.480622777354398, -34.601119622587383 ], [ -58.480680954007909, -34.60111587962755 ], [ -58.486229673161596, -34.600706742582879 ], [ -58.487912594835066, -34.600597176041788 ], [ -58.492596994213159, -34.600290574813265 ], [ -58.494973366738058, -34.600124583626268 ], [ -58.495028795411308, -34.600158548841712 ], [ -58.497531783126064, -34.599229065164458 ], [ -58.50069295278238, -34.598074607760793 ], [ -58.500845220306907, -34.598017907323715 ], [ -58.501385854580029, -34.597803068783719 ], [ -58.501511370306652, -34.597753123280405 ], [ -58.501050168524429, -34.597692954560358 ], [ -58.501442565734443, -34.597260169118819 ], [ -58.500107333381088, -34.59645276175894 ], [ -58.492570700637913, -34.591807082249936 ], [ -58.486485193298904, -34.588007248704841 ], [ -58.486485102467789, -34.588007341749538 ], [ -58.486481621737987, -34.588012635825798 ], [ -58.485580472655251, -34.588939562166708 ], [ -58.483732365780959, -34.590883077066877 ], [ -58.48232539650153, -34.592360387878038 ], [ -58.480733726887706, -34.592908490245968 ], [ -58.479425337163377, -34.593373049616694 ], [ -58.478668210308719, -34.593600946172408 ], [ -58.477933715315118, -34.593789308759547 ], [ -58.474186560899511, -34.594734495262038 ], [ -58.47374523825318, -34.594846709398418 ], [ -58.473332593837888, -34.594951618132981 ], [ -58.473421828633292, -34.595197777078901 ] ] ] ] } },
{ "type": "Feature", "properties": { "circuito": "00056", "codprov": "01", "coddepto": "004" }, "geometry": { "type": "MultiPolygon", "coordinates": [ [ [ [ -58.418109997416039, -34.651357806643006 ], [ -58.416612693877966, -34.651793056376192 ], [ -58.416434681154122, -34.65185523586463 ], [ -58.416317870302301, -34.65191357879138 ], [ -58.415621667403556, -34.652258072613115 ], [ -58.415547731551008, -34.652293588944985 ], [ -58.415173475484437, -34.65241292517954 ], [ -58.414935362385343, -34.652488798396284 ], [ -58.414968984133885, -34.652539107163932 ], [ -58.415018001079154, -34.652612241969308 ], [ -58.414951119550857, -34.652627307410498 ], [ -58.414872053095806, -34.652668303350879 ], [ -58.414411218027276, -34.652843699852689 ], [ -58.4143331595265, -34.652861688680332 ], [ -58.414285977505386, -34.652888257677887 ], [ -58.414178417870765, -34.652912910066057 ], [ -58.414125096615031, -34.652938018206115 ], [ -58.41403622853332, -34.652953631886724 ], [ -58.414014056928451, -34.652969153636946 ], [ -58.413879836327034, -34.653001840741368 ], [ -58.413800220818203, -34.653009145028868 ], [ -58.413708329551504, -34.65303626226585 ], [ -58.413591334326071, -34.653046945691685 ], [ -58.41354277560346, -34.653062467999064 ], [ -58.413419734008052, -34.653079083442371 ], [ -58.413297150635302, -34.653090406480878 ], [ -58.41318427805809, -34.653095793601842 ], [ -58.413058669466821, -34.653092688583214 ], [ -58.413053355846394, -34.653087850258835 ], [ -58.413048284894181, -34.653089327273797 ], [ -58.413037690189846, -34.653092414463501 ], [ -58.413037599358724, -34.653092412792034 ], [ -58.412708508049022, -34.653087392278337 ], [ -58.412757706656535, -34.656156421551898 ], [ -58.412809104190522, -34.660299193345075 ], [ -58.412860501724509, -34.66076420902484 ], [ -58.412860501724509, -34.663397986893749 ], [ -58.413258213910645, -34.66343816103214 ], [ -58.414535727155304, -34.663793701544058 ], [ -58.415881861276404, -34.664190787350087 ], [ -58.417330059071617, -34.66463982329914 ], [ -58.418303402625234, -34.665027413531419 ], [ -58.418960756919063, -34.665342597158471 ], [ -58.41978265720666, -34.665760225785583 ], [ -58.420397867217233, -34.666127269853867 ], [ -58.420545006172787, -34.666221040525016 ], [ -58.421606942603383, -34.664896665670895 ], [ -58.422307909390938, -34.664035476803171 ], [ -58.422900124215978, -34.663308143600368 ], [ -58.422993666033221, -34.66320013040432 ], [ -58.42316242482849, -34.663005102028045 ], [ -58.423339062884367, -34.662808615022882 ], [ -58.423437642439467, -34.662698865735315 ], [ -58.423773970413492, -34.662456999660122 ], [ -58.424617493252185, -34.661854022648413 ], [ -58.425458906639832, -34.661252690354992 ], [ -58.426243793246677, -34.660690891472989 ], [ -58.427890343835664, -34.659513790220927 ], [ -58.428716641976223, -34.658915288269263 ], [ -58.429821637779703, -34.658109614772293 ], [ -58.430922604477459, -34.657318001053738 ], [ -58.431123246350985, -34.657190721476177 ], [ -58.429660483718145, -34.656034073343413 ], [ -58.42878013157231, -34.655293591865963 ], [ -58.428712976872809, -34.655237165548598 ], [ -58.428413569037041, -34.655014289506589 ], [ -58.428073577993132, -34.654745030960385 ], [ -58.427601015542663, -34.654370956167163 ], [ -58.427567025046891, -34.654341281036672 ], [ -58.427045445651153, -34.653886949339899 ], [ -58.427055249989188, -34.653879279559455 ], [ -58.425958405261824, -34.652877573694894 ], [ -58.424997798400106, -34.652036657428603 ], [ -58.424831053479856, -34.651941882766145 ], [ -58.424655788736267, -34.651842178406064 ], [ -58.424029125870646, -34.651196562407151 ], [ -58.423840851941797, -34.651358262952037 ], [ -58.423669893542197, -34.651280653643774 ], [ -58.423457615117854, -34.651172184138694 ], [ -58.423255782949973, -34.65108288852759 ], [ -58.422978823957337, -34.650961634012198 ], [ -58.422813270009286, -34.65090411177313 ], [ -58.422690410753958, -34.650873159645919 ], [ -58.422492609725339, -34.650817828693107 ], [ -58.422285646954954, -34.650771812239022 ], [ -58.422057426991479, -34.650734467885229 ], [ -58.421936216253165, -34.650716572659441 ], [ -58.421632781345203, -34.650668181058322 ], [ -58.421354354142096, -34.650652293815149 ], [ -58.420961040486766, -34.6506669029473 ], [ -58.420679041722742, -34.650687810704177 ], [ -58.420463374077563, -34.65071967823522 ], [ -58.420197501226284, -34.650770899063794 ], [ -58.420022602518543, -34.650806325136735 ], [ -58.419634237125628, -34.650902834219259 ], [ -58.419220859282945, -34.651074486646927 ], [ -58.41899804580455, -34.651151913765872 ], [ -58.418109997416039, -34.651357806643006 ] ] ] ] } },
{ "type": "Feature", "properties": { "circuito": "00057", "codprov": "01", "coddepto": "004" }, "geometry": { "type": "MultiPolygon", "coordinates": [ [ [ [ -58.409634926704634, -34.647424760388567 ], [ -58.408831899632183, -34.650663799600132 ], [ -58.408397725530449, -34.652544312095579 ], [ -58.409770335566876, -34.652785539115257 ], [ -58.411180878440753, -34.653006404946034 ], [ -58.411986928698191, -34.653061644525614 ], [ -58.412708508049022, -34.653087392278337 ], [ -58.413037599358724, -34.653092412792034 ], [ -58.413037690189846, -34.653092414463501 ], [ -58.413048284894181, -34.653089327273797 ], [ -58.413053355846394, -34.653087850258835 ], [ -58.413058669466821, -34.653092688583214 ], [ -58.41318427805809, -34.653095793601842 ], [ -58.413297150635302, -34.653090406480878 ], [ -58.413419734008052, -34.653079083442371 ], [ -58.41354277560346, -34.653062467999064 ], [ -58.413591334326071, -34.653046945691685 ], [ -58.413708329551504, -34.65303626226585 ], [ -58.413800220818203, -34.653009145028868 ], [ -58.413879836327034, -34.653001840741368 ], [ -58.414014056928451, -34.652969153636946 ], [ -58.41403622853332, -34.652953631886724 ], [ -58.414125096615031, -34.652938018206115 ], [ -58.414178417870765, -34.652912910066057 ], [ -58.414285977505386, -34.652888257677887 ], [ -58.4143331595265, -34.652861688680332 ], [ -58.414411218027276, -34.652843699852689 ], [ -58.414872053095806, -34.652668303350879 ], [ -58.414951119550857, -34.652627307410498 ], [ -58.415018001079154, -34.652612241969308 ], [ -58.414968984133885, -34.652539107163932 ], [ -58.414935362385343, -34.652488798396284 ], [ -58.415173475484437, -34.65241292517954 ], [ -58.415547731551008, -34.652293588944985 ], [ -58.415621667403556, -34.652258072613115 ], [ -58.416317870302301, -34.65191357879138 ], [ -58.416434681154122, -34.65185523586463 ], [ -58.416612693877966, -34.651793056376192 ], [ -58.418109997416039, -34.651357806643006 ], [ -58.41899804580455, -34.651151913765872 ], [ -58.419220859282945, -34.651074486646927 ], [ -58.419634237125628, -34.650902834219259 ], [ -58.420022602518543, -34.650806325136735 ], [ -58.420197501226284, -34.650770899063794 ], [ -58.420463374077563, -34.65071967823522 ], [ -58.420679041722742, -34.650687810704177 ], [ -58.420961040486766, -34.6506669029473 ], [ -58.421354354142096, -34.650652293815149 ], [ -58.421632781345203, -34.650668181058322 ], [ -58.421936216253165, -34.650716572659441 ], [ -58.422057426991479, -34.650734467885229 ], [ -58.422285646954954, -34.650771812239022 ], [ -58.422492609725339, -34.650817828693107 ], [ -58.422690410753958, -34.650873159645919 ], [ -58.422813270009286, -34.65090411177313 ], [ -58.422978823957337, -34.650961634012198 ], [ -58.423255782949973, -34.65108288852759 ], [ -58.423457615117854, -34.651172184138694 ], [ -58.423669893542197, -34.651280653643774 ], [ -58.423840851941797, -34.651358262952037 ], [ -58.424029125870646, -34.651196562407151 ], [ -58.424655788736267, -34.651842178406064 ], [ -58.424831053479856, -34.651941882766145 ], [ -58.424997798400106, -34.652036657428603 ], [ -58.425958405261824, -34.652877573694894 ], [ -58.427055249989188, -34.653879279559455 ], [ -58.428596163987457, -34.652680539007456 ], [ -58.429611927029065, -34.651880709497632 ], [ -58.430068272735674, -34.651505537111248 ], [ -58.430444637575448, -34.651245228127983 ], [ -58.431192968046346, -34.650645810772481 ], [ -58.431246382844577, -34.650590662566138 ], [ -58.431621920714463, -34.650202434949804 ], [ -58.431630441215646, -34.650193578431569 ], [ -58.431625768157957, -34.650191570448946 ], [ -58.42922236863042, -34.649145034868091 ], [ -58.428753837319213, -34.649112986819183 ], [ -58.428992500827775, -34.645648609502572 ], [ -58.427718925857725, -34.645376703361087 ], [ -58.427626485537253, -34.645356980113377 ], [ -58.426926251499239, -34.645242667178302 ], [ -58.426522493620979, -34.645183502449569 ], [ -58.426325334510786, -34.645154649121061 ], [ -58.419970105521315, -34.644092317670271 ], [ -58.415925471058749, -34.643376305277357 ], [ -58.409464884072513, -34.642291697142575 ], [ -58.407518104100625, -34.641966103095093 ], [ -58.408096303141811, -34.643507694422006 ], [ -58.409748805880433, -34.647385681614722 ], [ -58.409634926704634, -34.647424760388567 ] ] ] ] } },
{ "type": "Feature", "properties": { "circuito": "00089", "codprov": "01", "coddepto": "008" }, "geometry": { "type": "MultiPolygon", "coordinates": [ [ [ [ -58.472681469609796, -34.673209783917578 ], [ -58.471823837444767, -34.672513037906185 ], [ -58.471420354771233, -34.672172378417514 ], [ -58.470894286691419, -34.671727907230292 ], [ -58.470614762736453, -34.671491884585087 ], [ -58.470419893383855, -34.67132716983766 ], [ -58.469939907861914, -34.670921776867125 ], [ -58.469811002914462, -34.670812849381548 ], [ -58.469461849450937, -34.670517844754094 ], [ -58.468980399785593, -34.670111263931467 ], [ -58.468502248509971, -34.669707331818429 ], [ -58.468213469270744, -34.669463457203463 ], [ -58.468018966631838, -34.669299107391829 ], [ -58.467504716765085, -34.668861392809823 ], [ -58.467500228081008, -34.668864770276706 ], [ -58.4672683457255, -34.669044733211798 ], [ -58.465972965186431, -34.670049907916479 ], [ -58.465248362650605, -34.670597370114585 ], [ -58.462012159712039, -34.673125875427431 ], [ -58.461382380796778, -34.673281275676132 ], [ -58.460891402675976, -34.673402437146827 ], [ -58.460436982046801, -34.673634625458952 ], [ -58.460105325096926, -34.674028331569488 ], [ -58.460022777912073, -34.674145109910526 ], [ -58.459870601896512, -34.674360224241696 ], [ -58.459798316594508, -34.674462486495287 ], [ -58.459671150317348, -34.674619255671089 ], [ -58.459484068716385, -34.674849892309631 ], [ -58.459454383208922, -34.674886504563212 ], [ -58.459273347300091, -34.675056422570819 ], [ -58.459014345077293, -34.67529947761242 ], [ -58.458616084515228, -34.675636757405584 ], [ -58.458437156701756, -34.675790149671663 ], [ -58.458405822677278, -34.675817083605018 ], [ -58.457151671331843, -34.676878228318024 ], [ -58.456979431806772, -34.677100737195623 ], [ -58.45696064942274, -34.677149585105774 ], [ -58.456905586785339, -34.677292842742595 ], [ -58.456819466006039, -34.677515353291653 ], [ -58.456794822303493, -34.677667101953752 ], [ -58.456739850497208, -34.677761055371377 ], [ -58.456698990050803, -34.67783090241165 ], [ -58.456561105023823, -34.677950328905126 ], [ -58.456511814907351, -34.677970506790409 ], [ -58.456388771956256, -34.678021090792086 ], [ -58.456216531753341, -34.678051402749475 ], [ -58.45582276055319, -34.678091852121888 ], [ -58.455453634411285, -34.678233465040421 ], [ -58.45150373070463, -34.681298019811095 ], [ -58.447762991406222, -34.68422096054892 ], [ -58.447698584009132, -34.684312538262361 ], [ -58.447627671341571, -34.684413156911972 ], [ -58.447759326302808, -34.684565088320554 ], [ -58.447852408541706, -34.68467246246108 ], [ -58.448079253159371, -34.684880272504756 ], [ -58.448109762925341, -34.684908302359808 ], [ -58.450273217140996, -34.686891078223148 ], [ -58.450311972203423, -34.686928786398425 ], [ -58.45321413692556, -34.689571329412331 ], [ -58.453248218252448, -34.689605387115321 ], [ -58.454013956439404, -34.69013769417046 ], [ -58.454095495669982, -34.690211924340382 ], [ -58.455502833696634, -34.691493021708943 ], [ -58.455915568943048, -34.692035736955901 ], [ -58.455933525035043, -34.692059384795613 ], [ -58.457803895023169, -34.693758567100318 ], [ -58.459243572995042, -34.695053178236478 ], [ -58.460609405945483, -34.696316380379244 ], [ -58.461326037033899, -34.695772661140971 ], [ -58.462605658373924, -34.694781000203896 ], [ -58.463766909142699, -34.693871602481522 ], [ -58.464960225329804, -34.692955816432651 ], [ -58.466066873717367, -34.692076550149807 ], [ -58.467263947872539, -34.69115099496463 ], [ -58.468504354571799, -34.690163259176707 ], [ -58.469558230079556, -34.689354023794913 ], [ -58.46967467692906, -34.689275867918681 ], [ -58.469810453860681, -34.689184653469574 ], [ -58.47067413171785, -34.68851739928504 ], [ -58.470839408427636, -34.68838993751816 ], [ -58.472035383119568, -34.687470953405956 ], [ -58.472104829610196, -34.687417632664378 ], [ -58.472967772684285, -34.68675622079553 ], [ -58.473029432101121, -34.686708924558964 ], [ -58.473169606885698, -34.686601366557646 ], [ -58.473232823310589, -34.686552885811906 ], [ -58.473960815067244, -34.687206535969906 ], [ -58.47402696181247, -34.687265883445122 ], [ -58.474093019082261, -34.687325233148947 ], [ -58.474739471608352, -34.687904286529772 ], [ -58.474804978468676, -34.687961808211682 ], [ -58.474870575482285, -34.688019422938297 ], [ -58.475511624912507, -34.688599938848078 ], [ -58.475575205339716, -34.688658281774828 ], [ -58.4756387884783, -34.688716716631966 ], [ -58.476288173358249, -34.689295588937775 ], [ -58.476352122532681, -34.689352745683891 ], [ -58.476416072384964, -34.68940981105677 ], [ -58.477061423414277, -34.68998904885553 ], [ -58.477125097383976, -34.690047667573452 ], [ -58.477188680522559, -34.690106285177066 ], [ -58.477838156233631, -34.690689265378502 ], [ -58.477901830203329, -34.690746878433657 ], [ -58.477965413341913, -34.690804493160272 ], [ -58.478609942824093, -34.691383090232051 ], [ -58.478675173801847, -34.691441983069694 ], [ -58.478740498322097, -34.691500965609102 ], [ -58.479383834798547, -34.692082120017247 ], [ -58.479449432489993, -34.692142290965904 ], [ -58.479515032214977, -34.692202459685952 ], [ -58.480924657965694, -34.693456349001444 ], [ -58.483222789649737, -34.69173424928578 ], [ -58.481645319515529, -34.68992686992425 ], [ -58.480520349000123, -34.688603407688198 ], [ -58.479384476716973, -34.687425028325109 ], [ -58.478480120075638, -34.686246558145939 ], [ -58.477994914475765, -34.68523133851378 ], [ -58.476572185997291, -34.681913596300866 ], [ -58.47475257230257, -34.677816293279498 ], [ -58.473649681883074, -34.675350698998145 ], [ -58.472681469609796, -34.673209783917578 ] ] ] ] } },
{ "type": "Feature", "properties": { "circuito": "00090", "codprov": "01", "coddepto": "008" }, "geometry": { "type": "MultiPolygon", "coordinates": [ [ [ [ -58.461657233727585, -34.664191370133061 ], [ -58.461713395828227, -34.664237534232925 ], [ -58.461772487571352, -34.664286018878741 ], [ -58.462667499452998, -34.665184274080467 ], [ -58.462696267837302, -34.665213127408968 ], [ -58.4638026389866, -34.66617547870851 ], [ -58.465331001344417, -34.667480863529441 ], [ -58.465725414462995, -34.667817687013574 ], [ -58.46588629535335, -34.667916753989601 ], [ -58.466023996006719, -34.667968797177316 ], [ -58.466167194654133, -34.667998197630943 ], [ -58.466318546411188, -34.668023123581669 ], [ -58.466486481625793, -34.668036727051053 ], [ -58.466588359570615, -34.668038919451611 ], [ -58.466692987529214, -34.66801180110032 ], [ -58.46681135538909, -34.667934831961873 ], [ -58.466888498122394, -34.667880596373607 ], [ -58.466982222279718, -34.66782654353181 ], [ -58.467125238587052, -34.667787740549137 ], [ -58.467276681853065, -34.667774226781539 ], [ -58.467386804416492, -34.667771943007743 ], [ -58.467519285669773, -34.667791209389257 ], [ -58.467553915372591, -34.667812301564076 ], [ -58.467629042197345, -34.667857952525203 ], [ -58.467734127022915, -34.667950171522776 ], [ -58.4677749901807, -34.66806841183562 ], [ -58.467791570926877, -34.668186102237584 ], [ -58.467805222030563, -34.668310552030533 ], [ -58.467801741300761, -34.668391263571657 ], [ -58.467784332229009, -34.668465128805778 ], [ -58.467784334262547, -34.668465221850482 ], [ -58.467784243431424, -34.668465495413038 ], [ -58.467755108333428, -34.668558990850173 ], [ -58.467708474688244, -34.668628565442184 ], [ -58.467500228081008, -34.668864770276706 ], [ -58.467504716765085, -34.668861392809823 ], [ -58.468018966631838, -34.669299107391829 ], [ -58.468213469270744, -34.669463457203463 ], [ -58.468502248509971, -34.669707331818429 ], [ -58.468980399785593, -34.670111263931467 ], [ -58.469461849450937, -34.670517844754094 ], [ -58.469811002914462, -34.670812849381548 ], [ -58.469939907861914, -34.670921776867125 ], [ -58.470419893383855, -34.67132716983766 ], [ -58.470614762736453, -34.671491884585087 ], [ -58.470894286691419, -34.671727907230292 ], [ -58.471420354771233, -34.672172378417514 ], [ -58.471823837444767, -34.672513037906185 ], [ -58.472681469609796, -34.673209783917578 ], [ -58.473649681883074, -34.675350698998145 ], [ -58.47475257230257, -34.677816293279498 ], [ -58.476572185997291, -34.681913596300866 ], [ -58.477994914475765, -34.68523133851378 ], [ -58.478480120075638, -34.686246558145939 ], [ -58.479384476716973, -34.687425028325109 ], [ -58.480520349000123, -34.688603407688198 ], [ -58.481645319515529, -34.68992686992425 ], [ -58.483222789649737, -34.69173424928578 ], [ -58.500440638170133, -34.678832242783258 ], [ -58.499066008835932, -34.678045377687305 ], [ -58.498563762233694, -34.677778309870199 ], [ -58.498271595807161, -34.677623000994743 ], [ -58.497985841108608, -34.67747061327713 ], [ -58.497875165424347, -34.677411630737716 ], [ -58.497709522000868, -34.677323064998205 ], [ -58.497606636101779, -34.67726809898118 ], [ -58.497297792675198, -34.677103203715895 ], [ -58.496944608072411, -34.676914931944836 ], [ -58.496775298189831, -34.676822806549126 ], [ -58.496615243591513, -34.676721274724287 ], [ -58.496023762193865, -34.676300999059038 ], [ -58.495742770028436, -34.676102136906842 ], [ -58.495480653111684, -34.67591651384538 ], [ -58.495226963153627, -34.675736096829873 ], [ -58.495018718579921, -34.675587635932871 ], [ -58.494875977477321, -34.675485830545476 ], [ -58.493657282804591, -34.674447877363136 ], [ -58.493492736810815, -34.674297132692345 ], [ -58.491457181621868, -34.672276922216284 ], [ -58.491370143719408, -34.672204426466422 ], [ -58.491259470068677, -34.672112300513554 ], [ -58.490087683568014, -34.67081613770381 ], [ -58.489988186889754, -34.67071981081061 ], [ -58.489897761122151, -34.670631427817575 ], [ -58.489654884134247, -34.670392482900219 ], [ -58.489498216723227, -34.670237356214088 ], [ -58.489325792824545, -34.670066708334879 ], [ -58.488718003174071, -34.669466286988069 ], [ -58.488662758196597, -34.669411686464002 ], [ -58.487710851464769, -34.668529135201823 ], [ -58.486638102741857, -34.667523321441628 ], [ -58.486355739975515, -34.66744598569592 ], [ -58.483576431797331, -34.66662086474242 ], [ -58.481725576942779, -34.665460562237293 ], [ -58.478983923685931, -34.663691807012036 ], [ -58.476450426883048, -34.662066124448501 ], [ -58.476293303960752, -34.661965232236327 ], [ -58.475759908385491, -34.662387243993088 ], [ -58.475373188798216, -34.662689552908049 ], [ -58.474567230049743, -34.663319831574668 ], [ -58.473380326268462, -34.664248309032004 ], [ -58.47257849016821, -34.664875208003131 ], [ -58.471796810442122, -34.665483206085696 ], [ -58.471175554061581, -34.665998621349196 ], [ -58.469896848489029, -34.66694216703349 ], [ -58.469200739132781, -34.665389711205719 ], [ -58.467868347624332, -34.662419474231321 ], [ -58.467448921378143, -34.662839658523325 ], [ -58.46720356958118, -34.663004737092244 ], [ -58.46701007354087, -34.663140416321852 ], [ -58.466883825064706, -34.663227521203865 ], [ -58.464949598766793, -34.661617269574464 ], [ -58.464476576737987, -34.662004767319203 ], [ -58.464123758848892, -34.66226872956053 ], [ -58.463617205224814, -34.662651663100597 ], [ -58.463404562798146, -34.662822767288844 ], [ -58.462972584911512, -34.663146168935768 ], [ -58.462443402137751, -34.663551469975907 ], [ -58.462228560784609, -34.663722483905218 ], [ -58.462043034158171, -34.663874871622831 ], [ -58.461657233727585, -34.664191370133061 ] ] ] ] } },
{ "type": "Feature", "properties": { "circuito": "00112", "codprov": "01", "coddepto": "010" }, "geometry": { "type": "MultiPolygon", "coordinates": [ [ [ [ -58.468677053675215, -34.640482948296778 ], [ -58.468675772549737, -34.640485869454622 ], [ -58.470880178042918, -34.641158238869025 ], [ -58.473520959275696, -34.642807293481091 ], [ -58.474242447117575, -34.642238282799141 ], [ -58.476037599449825, -34.640838762928411 ], [ -58.476426240725317, -34.640559917435226 ], [ -58.477215891898808, -34.639925989410621 ], [ -58.478426157579321, -34.638949574432587 ], [ -58.478548467780875, -34.63885607955261 ], [ -58.479867940935179, -34.6377899143259 ], [ -58.480697079920645, -34.637180910580568 ], [ -58.480841637645611, -34.637057277018059 ], [ -58.480640093561497, -34.636994192711711 ], [ -58.479678018489317, -34.636692611996885 ], [ -58.479572842154788, -34.636659650772756 ], [ -58.478332433421997, -34.636274344314266 ], [ -58.478305588081597, -34.636334698009399 ], [ -58.476891931191616, -34.635897529438211 ], [ -58.476917585559818, -34.635845942559534 ], [ -58.475834574954057, -34.635512955079932 ], [ -58.474761185668406, -34.635182979017102 ], [ -58.473834566591087, -34.634898198720684 ], [ -58.473688070231802, -34.634851084673436 ], [ -58.472772261413262, -34.634557266783766 ], [ -58.472648030201334, -34.63451818800992 ], [ -58.472454715823261, -34.634457562980835 ], [ -58.471510416536525, -34.634192139882018 ], [ -58.470897036705203, -34.635529480821461 ], [ -58.469660934316416, -34.638290081401742 ], [ -58.468677053675215, -34.640482948296778 ] ] ] ] } },
{ "type": "Feature", "properties": { "circuito": "00111", "codprov": "01", "coddepto": "010" }, "geometry": { "type": "MultiPolygon", "coordinates": [ [ [ [ -58.471510416536525, -34.634192139882018 ], [ -58.472454715823261, -34.634457562980835 ], [ -58.472648030201334, -34.63451818800992 ], [ -58.472772261413262, -34.634557266783766 ], [ -58.473688070231802, -34.634851084673436 ], [ -58.473834566591087, -34.634898198720684 ], [ -58.474761185668406, -34.635182979017102 ], [ -58.475834574954057, -34.635512955079932 ], [ -58.476917585559818, -34.635845942559534 ], [ -58.476891931191616, -34.635897529438211 ], [ -58.478305588081597, -34.636334698009399 ], [ -58.478332433421997, -34.636274344314266 ], [ -58.479572842154788, -34.636659650772756 ], [ -58.479678018489317, -34.636692611996885 ], [ -58.480640093561497, -34.636994192711711 ], [ -58.480841637645611, -34.637057277018059 ], [ -58.480927771981797, -34.636983600101956 ], [ -58.480931893952182, -34.636980131261836 ], [ -58.481005187886304, -34.636918864948626 ], [ -58.481257227293817, -34.636708316493589 ], [ -58.481281416162929, -34.636685854834511 ], [ -58.481323560446185, -34.636652894167533 ], [ -58.483718438794696, -34.634781238190321 ], [ -58.487928718714272, -34.631435098957944 ], [ -58.487933666976694, -34.631431172137326 ], [ -58.486619871445129, -34.630898865082187 ], [ -58.483014817569384, -34.629419637661641 ], [ -58.482411791129877, -34.629175943564533 ], [ -58.480329693126869, -34.628322517521951 ], [ -58.480325204442792, -34.628319140055069 ], [ -58.479294966038992, -34.627888089590748 ], [ -58.476878555292657, -34.626851324817657 ], [ -58.475473694108594, -34.626139876629409 ], [ -58.475291192700674, -34.626047477113985 ], [ -58.472906848728371, -34.631147032010723 ], [ -58.471567217844211, -34.634068237771338 ], [ -58.471510416536525, -34.634192139882018 ] ] ] ] } }
]
}
