{
"type": "FeatureCollection",
"name": "Cordoba",
"crs": { "type": "name", "properties": { "name": "urn:ogc:def:crs:OGC:1.3:CRS84" } },
"features": [
{ "type": "Feature", "properties": { "circuito": "0013E", "codprov": "04", "coddepto": "001" }, "geometry": { "type": "MultiPolygon", "coordinates": [ [ [ [ -64.098, -31.3806, 0.0 ], [ -64.0971, -31.3592, 0.0 ], [ -64.1178, -31.3595, 0.0 ], [ -64.1183, -31.3664, 0.0 ], [ -64.1189, -31.3751, 0.0 ], [ -64.1196, -31.3856, 0.0 ], [ -64.1181, -31.3852, 0.0 ], [ -64.1107, -31.3835, 0.0 ], [ -64.1087, -31.383, 0.0 ], [ -64.105, -31.3822, 0.0 ], [ -64.1044, -31.3821, 0.0 ], [ -64.098, -31.3806, 0.0 ] ] ] ] } },
{ "type": "Feature", "properties": { "circuito": "00001", "codprov": "04", "coddepto": "001" }, "geometry": { "type": "MultiPolygon", "coordinates": [ [ [ [ -64.1861, -31.4208, 0.0 ], [ -64.1848, -31.4211, 0.0 ], [ -64.1844, -31.4212, 0.0 ], [ -64.1838, -31.4214, 0.0 ], [ -64.1834, -31.4215, 0.0 ], [ -64.1821, -31.4218, 0.0 ], [ -64.1807, -31.4221, 0.0 ], [ -64.1793, -31.4225, 0.0 ], [ -64.1779, -31.4229, 0.0 ], [ -64.1767, -31.4232, 0.0 ], [ -64.1748, -31.4237, 0.0 ], [ -64.1744, -31.4235, 0.0 ], [ -64.1741, -31.4234, 0.0 ], [ -64.1719, -31.4225, 0.0 ], [ -64.172, -31.4224, 0.0 ], [ -64.1726, -31.4214, 0.0 ], [ -64.1735, -31.4179, 0.0 ], [ -64.1737, -31.4174, 0.0 ], [ -64.1744, -31.416, 0.0 ], [ -64.1745, -31.4149, 0.0 ], [ -64.1753, -31.4146, 0.0 ], [ -64.1759, -31.4144, 0.0 ], [ -64.1773, -31.414, 0.0 ], [ -64.1786, -31.4136, 0.0 ], [ -64.18, -31.4132, 0.0 ], [ -64.1813, -31.4129, 0.0 ], [ -64.1827, -31.4125, 0.0 ], [ -64.184, -31.4121, 0.0 ], [ -64.1854, -31.4117, 0.0 ], [ -64.1868, -31.4113, 0.0 ], [ -64.1881, -31.4109, 0.0 ], [ -64.1895, -31.4105, 0.0 ], [ -64.1907, -31.4101, 0.0 ], [ -64.1912, -31.4112, 0.0 ], [ -64.1915, -31.4117, 0.0 ], [ -64.1916, -31.4124, 0.0 ], [ -64.1919, -31.4124, 0.0 ], [ -64.1919, -31.4127, 0.0 ], [ -64.1922, -31.4135, 0.0 ], [ -64.1927, -31.4147, 0.0 ], [ -64.1931, -31.4158, 0.0 ], [ -64.1935, -31.4171, 0.0 ], [ -64.1922, -31.4175, 0.0 ], [ -64.1909, -31.4179, 0.0 ], [ -64.1903, -31.418, 0.0 ], [ -64.19, -31.4181, 0.0 ], [ -64.19, -31.4183, 0.0 ], [ -64.1899, -31.4186, 0.0 ], [ -64.1897, -31.4181, 0.0 ], [ -64.1883, -31.4185, 0.0 ], [ -64.1889, -31.42, 0.0 ], [ -64.1875, -31.4204, 0.0 ], [ -64.1861, -31.4208, 0.0 ] ] ] ] } },
{ "type": "Feature", "properties": { "circuito": "00002", "codprov": "04", "coddepto": "001" }, "geometry": { "type": "MultiPolygon", "coordinates": [ [ [ [ -64.1745, -31.4115, 0.0 ], [ -64.1744, -31.4102, 0.0 ], [ -64.1745, -31.4095, 0.0 ], [ -64.1746, -31.4085, 0.0 ], [ -64.1748, -31.4077, 0.0 ], [ -64.175, -31.4072, 0.0 ], [ -64.1756, -31.4067, 0.0 ], [ -64.1767, -31.4058, 0.0 ], [ -64.1795, -31.4049, 0.0 ], [ -64.1809, -31.4048, 0.0 ], [ -64.1824, -31.4042, 0.0 ], [ -64.1827, -31.4042, 0.0 ], [ -64.1852, -31.4041, 0.0 ], [ -64.1864, -31.404, 0.0 ], [ -64.1875, -31.4038, 0.0 ], [ -64.1888, -31.4034, 0.0 ], [ -64.1888, -31.404, 0.0 ], [ -64.1889, -31.4043, 0.0 ], [ -64.1889, -31.4048, 0.0 ], [ -64.189, -31.4055, 0.0 ], [ -64.1892, -31.4062, 0.0 ], [ -64.1894, -31.4068, 0.0 ], [ -64.1897, -31.4077, 0.0 ], [ -64.1902, -31.409, 0.0 ], [ -64.1907, -31.4101, 0.0 ], [ -64.1895, -31.4105, 0.0 ], [ -64.1881, -31.4109, 0.0 ], [ -64.1868, -31.4113, 0.0 ], [ -64.1854, -31.4117, 0.0 ], [ -64.184, -31.4121, 0.0 ], [ -64.1827, -31.4125, 0.0 ], [ -64.1813, -31.4129, 0.0 ], [ -64.18, -31.4132, 0.0 ], [ -64.1786, -31.4136, 0.0 ], [ -64.1773, -31.414, 0.0 ], [ -64.1759, -31.4144, 0.0 ], [ -64.1753, -31.4146, 0.0 ], [ -64.1745, -31.4149, 0.0 ], [ -64.1745, -31.4144, 0.0 ], [ -64.1746, -31.413, 0.0 ], [ -64.1745, -31.4115, 0.0 ] ] ] ] } },
{ "type": "Feature", "properties": { "circuito": "00003", "codprov": "04", "coddepto": "001" }, "geometry": { "type": "MultiPolygon", "coordinates": [ [ [ [ -64.1919, -31.4124, 0.0 ], [ -64.1916, -31.4124, 0.0 ], [ -64.1915, -31.4117, 0.0 ], [ -64.1912, -31.4112, 0.0 ], [ -64.1907, -31.4101, 0.0 ], [ -64.1902, -31.409, 0.0 ], [ -64.1897, -31.4077, 0.0 ], [ -64.1894, -31.4068, 0.0 ], [ -64.1892, -31.4062, 0.0 ], [ -64.189, -31.4055, 0.0 ], [ -64.19, -31.4054, 0.0 ], [ -64.1912, -31.4054, 0.0 ], [ -64.1924, -31.4053, 0.0 ], [ -64.1935, -31.4052, 0.0 ], [ -64.1939, -31.4052, 0.0 ], [ -64.194, -31.4057, 0.0 ], [ -64.1965, -31.4053, 0.0 ], [ -64.1978, -31.405, 0.0 ], [ -64.1994, -31.4048, 0.0 ], [ -64.2006, -31.4044, 0.0 ], [ -64.2019, -31.404, 0.0 ], [ -64.2022, -31.4045, 0.0 ], [ -64.2026, -31.4044, 0.0 ], [ -64.2042, -31.4035, 0.0 ], [ -64.205, -31.403, 0.0 ], [ -64.205, -31.4029, 0.0 ], [ -64.2066, -31.4022, 0.0 ], [ -64.2068, -31.4027, 0.0 ], [ -64.207, -31.4032, 0.0 ], [ -64.2072, -31.4037, 0.0 ], [ -64.2074, -31.4042, 0.0 ], [ -64.2076, -31.4046, 0.0 ], [ -64.2078, -31.4051, 0.0 ], [ -64.2082, -31.4062, 0.0 ], [ -64.2084, -31.4068, 0.0 ], [ -64.2086, -31.4072, 0.0 ], [ -64.209, -31.4082, 0.0 ], [ -64.2095, -31.4091, 0.0 ], [ -64.2099, -31.4101, 0.0 ], [ -64.2103, -31.411, 0.0 ], [ -64.2091, -31.4114, 0.0 ], [ -64.2082, -31.4117, 0.0 ], [ -64.208, -31.4118, 0.0 ], [ -64.2068, -31.4123, 0.0 ], [ -64.2064, -31.4124, 0.0 ], [ -64.205, -31.4128, 0.0 ], [ -64.2043, -31.4131, 0.0 ], [ -64.2037, -31.4133, 0.0 ], [ -64.2026, -31.4138, 0.0 ], [ -64.2021, -31.4142, 0.0 ], [ -64.2014, -31.4145, 0.0 ], [ -64.2002, -31.4149, 0.0 ], [ -64.1988, -31.4154, 0.0 ], [ -64.1975, -31.4158, 0.0 ], [ -64.1965, -31.4161, 0.0 ], [ -64.1961, -31.4162, 0.0 ], [ -64.1954, -31.4166, 0.0 ], [ -64.1949, -31.4167, 0.0 ], [ -64.1947, -31.4167, 0.0 ], [ -64.1943, -31.4168, 0.0 ], [ -64.1942, -31.4169, 0.0 ], [ -64.1935, -31.4171, 0.0 ], [ -64.1931, -31.4158, 0.0 ], [ -64.1927, -31.4147, 0.0 ], [ -64.1922, -31.4135, 0.0 ], [ -64.1919, -31.4127, 0.0 ], [ -64.1919, -31.4124, 0.0 ] ] ] ] } },
{ "type": "Feature", "properties": { "circuito": "00004", "codprov": "04", "coddepto": "001" }, "geometry": { "type": "MultiPolygon", "coordinates": [ [ [ [ -64.1907, -31.4246, 0.0 ], [ -64.1912, -31.4258, 0.0 ], [ -64.1915, -31.4265, 0.0 ], [ -64.192, -31.4278, 0.0 ], [ -64.1925, -31.4289, 0.0 ], [ -64.1927, -31.4292, 0.0 ], [ -64.1931, -31.4302, 0.0 ], [ -64.1932, -31.4304, 0.0 ], [ -64.1934, -31.431, 0.0 ], [ -64.1936, -31.4315, 0.0 ], [ -64.1938, -31.4319, 0.0 ], [ -64.194, -31.4325, 0.0 ], [ -64.1944, -31.4324, 0.0 ], [ -64.1946, -31.4326, 0.0 ], [ -64.1947, -31.4329, 0.0 ], [ -64.1944, -31.4335, 0.0 ], [ -64.1951, -31.4356, 0.0 ], [ -64.1955, -31.4366, 0.0 ], [ -64.196, -31.4382, 0.0 ], [ -64.1964, -31.4394, 0.0 ], [ -64.1966, -31.4402, 0.0 ], [ -64.1975, -31.4428, 0.0 ], [ -64.1977, -31.4436, 0.0 ], [ -64.1979, -31.444, 0.0 ], [ -64.1952, -31.4436, 0.0 ], [ -64.1935, -31.4434, 0.0 ], [ -64.19, -31.443, 0.0 ], [ -64.1893, -31.4429, 0.0 ], [ -64.1881, -31.4428, 0.0 ], [ -64.1868, -31.4427, 0.0 ], [ -64.1846, -31.4426, 0.0 ], [ -64.1827, -31.4426, 0.0 ], [ -64.1826, -31.4421, 0.0 ], [ -64.1806, -31.4419, 0.0 ], [ -64.1798, -31.4418, 0.0 ], [ -64.179, -31.4418, 0.0 ], [ -64.1779, -31.4416, 0.0 ], [ -64.1766, -31.4415, 0.0 ], [ -64.1742, -31.4412, 0.0 ], [ -64.1733, -31.4411, 0.0 ], [ -64.1706, -31.4408, 0.0 ], [ -64.1697, -31.4407, 0.0 ], [ -64.1687, -31.4406, 0.0 ], [ -64.1687, -31.4403, 0.0 ], [ -64.1688, -31.4401, 0.0 ], [ -64.1688, -31.4398, 0.0 ], [ -64.1688, -31.4389, 0.0 ], [ -64.1688, -31.438, 0.0 ], [ -64.1688, -31.4371, 0.0 ], [ -64.1688, -31.4366, 0.0 ], [ -64.1688, -31.436, 0.0 ], [ -64.1688, -31.4354, 0.0 ], [ -64.1688, -31.4351, 0.0 ], [ -64.1688, -31.4347, 0.0 ], [ -64.1698, -31.4333, 0.0 ], [ -64.1698, -31.4313, 0.0 ], [ -64.1698, -31.4303, 0.0 ], [ -64.1698, -31.4302, 0.0 ], [ -64.1698, -31.4296, 0.0 ], [ -64.1699, -31.4292, 0.0 ], [ -64.1698, -31.429, 0.0 ], [ -64.1696, -31.4282, 0.0 ], [ -64.1694, -31.4274, 0.0 ], [ -64.1705, -31.4251, 0.0 ], [ -64.1692, -31.4253, 0.0 ], [ -64.169, -31.4248, 0.0 ], [ -64.1674, -31.424, 0.0 ], [ -64.1675, -31.4235, 0.0 ], [ -64.1688, -31.4238, 0.0 ], [ -64.1702, -31.4236, 0.0 ], [ -64.1706, -31.4235, 0.0 ], [ -64.1711, -31.4232, 0.0 ], [ -64.1716, -31.4228, 0.0 ], [ -64.1719, -31.4225, 0.0 ], [ -64.1741, -31.4234, 0.0 ], [ -64.1744, -31.4235, 0.0 ], [ -64.1748, -31.4237, 0.0 ], [ -64.1767, -31.4232, 0.0 ], [ -64.1779, -31.4229, 0.0 ], [ -64.1793, -31.4225, 0.0 ], [ -64.1807, -31.4221, 0.0 ], [ -64.1821, -31.4218, 0.0 ], [ -64.1834, -31.4215, 0.0 ], [ -64.1838, -31.4214, 0.0 ], [ -64.1844, -31.4212, 0.0 ], [ -64.1848, -31.4211, 0.0 ], [ -64.1861, -31.4208, 0.0 ], [ -64.1875, -31.4204, 0.0 ], [ -64.1889, -31.42, 0.0 ], [ -64.189, -31.4202, 0.0 ], [ -64.1894, -31.4212, 0.0 ], [ -64.1898, -31.4223, 0.0 ], [ -64.1903, -31.4235, 0.0 ], [ -64.1907, -31.4246, 0.0 ] ] ] ] } },
{ "type": "Feature", "properties": { "circuito": "0004A", "codprov": "04", "coddepto": "001" }, "geometry": { "type": "MultiPolygon", "coordinates": [ [ [ [ -64.2011, -31.4561, 0.0 ], [ -64.2007, -31.4572, 0.0 ], [ -64.2007, -31.4576, 0.0 ], [ -64.2011, -31.4589, 0.0 ], [ -64.2012, -31.4592, 0.0 ], [ -64.2016, -31.4604, 0.0 ], [ -64.202, -31.4616, 0.0 ], [ -64.2023, -31.4628, 0.0 ], [ -64.2023, -31.4632, 0.0 ], [ -64.203, -31.4657, 0.0 ], [ -64.1872, -31.4675, 0.0 ], [ -64.187, -31.467, 0.0 ], [ -64.1868, -31.4665, 0.0 ], [ -64.1868, -31.4664, 0.0 ], [ -64.1868, -31.4656, 0.0 ], [ -64.1867, -31.4646, 0.0 ], [ -64.1867, -31.4606, 0.0 ], [ -64.1867, -31.4594, 0.0 ], [ -64.1867, -31.4588, 0.0 ], [ -64.1867, -31.4582, 0.0 ], [ -64.1867, -31.4567, 0.0 ], [ -64.1867, -31.4541, 0.0 ], [ -64.1867, -31.4518, 0.0 ], [ -64.1867, -31.4506, 0.0 ], [ -64.1867, -31.45, 0.0 ], [ -64.1867, -31.4492, 0.0 ], [ -64.1867, -31.4479, 0.0 ], [ -64.1867, -31.4472, 0.0 ], [ -64.1867, -31.4464, 0.0 ], [ -64.1867, -31.4455, 0.0 ], [ -64.1867, -31.4453, 0.0 ], [ -64.1867, -31.4447, 0.0 ], [ -64.1867, -31.444, 0.0 ], [ -64.1867, -31.4436, 0.0 ], [ -64.1867, -31.4432, 0.0 ], [ -64.1868, -31.4427, 0.0 ], [ -64.1881, -31.4428, 0.0 ], [ -64.1893, -31.4429, 0.0 ], [ -64.19, -31.443, 0.0 ], [ -64.1935, -31.4434, 0.0 ], [ -64.1952, -31.4436, 0.0 ], [ -64.1979, -31.444, 0.0 ], [ -64.1983, -31.445, 0.0 ], [ -64.1986, -31.446, 0.0 ], [ -64.199, -31.4471, 0.0 ], [ -64.1993, -31.4481, 0.0 ], [ -64.1995, -31.4487, 0.0 ], [ -64.1997, -31.4491, 0.0 ], [ -64.2001, -31.4502, 0.0 ], [ -64.2004, -31.4512, 0.0 ], [ -64.2007, -31.452, 0.0 ], [ -64.2009, -31.453, 0.0 ], [ -64.2011, -31.4537, 0.0 ], [ -64.2012, -31.4543, 0.0 ], [ -64.2014, -31.4551, 0.0 ], [ -64.2011, -31.4561, 0.0 ] ] ] ] } },
{ "type": "Feature", "properties": { "circuito": "00009", "codprov": "04", "coddepto": "001" }, "geometry": { "type": "MultiPolygon", "coordinates": [ [ [ [ -64.2153, -31.3934, 0.0 ], [ -64.2145, -31.3928, 0.0 ], [ -64.2136, -31.3922, 0.0 ], [ -64.2127, -31.3919, 0.0 ], [ -64.2125, -31.3918, 0.0 ], [ -64.213, -31.3912, 0.0 ], [ -64.2141, -31.3902, 0.0 ], [ -64.2149, -31.3895, 0.0 ], [ -64.216, -31.3886, 0.0 ], [ -64.2165, -31.3882, 0.0 ], [ -64.217, -31.3877, 0.0 ], [ -64.2178, -31.3869, 0.0 ], [ -64.2191, -31.3857, 0.0 ], [ -64.2202, -31.3847, 0.0 ], [ -64.2205, -31.3846, 0.0 ], [ -64.2213, -31.3837, 0.0 ], [ -64.222, -31.3834, 0.0 ], [ -64.2225, -31.3831, 0.0 ], [ -64.223, -31.3827, 0.0 ], [ -64.2234, -31.3825, 0.0 ], [ -64.2245, -31.3837, 0.0 ], [ -64.2247, -31.384, 0.0 ], [ -64.2255, -31.3849, 0.0 ], [ -64.226, -31.3855, 0.0 ], [ -64.2265, -31.386, 0.0 ], [ -64.2275, -31.3865, 0.0 ], [ -64.2281, -31.3871, 0.0 ], [ -64.2291, -31.388, 0.0 ], [ -64.2305, -31.3887, 0.0 ], [ -64.2316, -31.389, 0.0 ], [ -64.2322, -31.3892, 0.0 ], [ -64.2325, -31.3893, 0.0 ], [ -64.2325, -31.3897, 0.0 ], [ -64.2327, -31.3905, 0.0 ], [ -64.2312, -31.3913, 0.0 ], [ -64.2303, -31.3919, 0.0 ], [ -64.2293, -31.3923, 0.0 ], [ -64.2257, -31.3936, 0.0 ], [ -64.2227, -31.3946, 0.0 ], [ -64.2218, -31.3948, 0.0 ], [ -64.2209, -31.395, 0.0 ], [ -64.22, -31.3951, 0.0 ], [ -64.2191, -31.3951, 0.0 ], [ -64.2182, -31.3949, 0.0 ], [ -64.2171, -31.3943, 0.0 ], [ -64.216, -31.3938, 0.0 ], [ -64.2153, -31.3934, 0.0 ] ] ] ] } },
{ "type": "Feature", "properties": { "circuito": "0004B", "codprov": "04", "coddepto": "001" }, "geometry": { "type": "MultiPolygon", "coordinates": [ [ [ [ -64.1867, -31.4506, 0.0 ], [ -64.1867, -31.4518, 0.0 ], [ -64.1867, -31.4541, 0.0 ], [ -64.1867, -31.4567, 0.0 ], [ -64.1867, -31.4582, 0.0 ], [ -64.1867, -31.4588, 0.0 ], [ -64.1867, -31.4594, 0.0 ], [ -64.1867, -31.4606, 0.0 ], [ -64.1867, -31.4646, 0.0 ], [ -64.1868, -31.4656, 0.0 ], [ -64.1868, -31.4664, 0.0 ], [ -64.1868, -31.4665, 0.0 ], [ -64.187, -31.467, 0.0 ], [ -64.1872, -31.4675, 0.0 ], [ -64.1856, -31.4677, 0.0 ], [ -64.1838, -31.4678, 0.0 ], [ -64.1833, -31.4678, 0.0 ], [ -64.178, -31.4681, 0.0 ], [ -64.1722, -31.4685, 0.0 ], [ -64.1715, -31.4684, 0.0 ], [ -64.1707, -31.4685, 0.0 ], [ -64.1693, -31.4686, 0.0 ], [ -64.168, -31.4686, 0.0 ], [ -64.1681, -31.4677, 0.0 ], [ -64.1685, -31.4664, 0.0 ], [ -64.1686, -31.4658, 0.0 ], [ -64.1686, -31.465, 0.0 ], [ -64.1686, -31.464, 0.0 ], [ -64.1686, -31.4631, 0.0 ], [ -64.1686, -31.4622, 0.0 ], [ -64.1686, -31.4582, 0.0 ], [ -64.1686, -31.4569, 0.0 ], [ -64.1686, -31.4555, 0.0 ], [ -64.1686, -31.4548, 0.0 ], [ -64.1686, -31.4541, 0.0 ], [ -64.1686, -31.4522, 0.0 ], [ -64.1686, -31.451, 0.0 ], [ -64.1686, -31.45, 0.0 ], [ -64.1687, -31.4497, 0.0 ], [ -64.1687, -31.4494, 0.0 ], [ -64.1687, -31.4485, 0.0 ], [ -64.1687, -31.4476, 0.0 ], [ -64.1687, -31.4471, 0.0 ], [ -64.1687, -31.4464, 0.0 ], [ -64.1687, -31.4457, 0.0 ], [ -64.1687, -31.4456, 0.0 ], [ -64.1687, -31.4451, 0.0 ], [ -64.1687, -31.4446, 0.0 ], [ -64.1687, -31.4442, 0.0 ], [ -64.1687, -31.4436, 0.0 ], [ -64.1687, -31.4425, 0.0 ], [ -64.1687, -31.4412, 0.0 ], [ -64.1687, -31.4406, 0.0 ], [ -64.1697, -31.4407, 0.0 ], [ -64.1706, -31.4408, 0.0 ], [ -64.1733, -31.4411, 0.0 ], [ -64.1742, -31.4412, 0.0 ], [ -64.1766, -31.4415, 0.0 ], [ -64.1779, -31.4416, 0.0 ], [ -64.179, -31.4418, 0.0 ], [ -64.1798, -31.4418, 0.0 ], [ -64.1806, -31.4419, 0.0 ], [ -64.1826, -31.4421, 0.0 ], [ -64.1827, -31.4426, 0.0 ], [ -64.1846, -31.4426, 0.0 ], [ -64.1868, -31.4427, 0.0 ], [ -64.1867, -31.4432, 0.0 ], [ -64.1867, -31.4436, 0.0 ], [ -64.1867, -31.444, 0.0 ], [ -64.1867, -31.4447, 0.0 ], [ -64.1867, -31.4453, 0.0 ], [ -64.1867, -31.4455, 0.0 ], [ -64.1867, -31.4464, 0.0 ], [ -64.1867, -31.4472, 0.0 ], [ -64.1867, -31.4479, 0.0 ], [ -64.1867, -31.4492, 0.0 ], [ -64.1867, -31.45, 0.0 ], [ -64.1867, -31.4506, 0.0 ] ] ] ] } },
{ "type": "Feature", "properties": { "circuito": "0004C", "codprov": "04", "coddepto": "001" }, "geometry": { "type": "MultiPolygon", "coordinates": [ [ [ [ -64.2046, -31.4864, 0.0 ], [ -64.1970008, -31.4892701, 0.0 ], [ -64.1925, -31.492244, 0.0 ], [ -64.1909, -31.4966, 0.0 ], [ -64.1902, -31.4905, 0.0 ], [ -64.1898, -31.4864, 0.0 ], [ -64.1884, -31.474, 0.0 ], [ -64.1881, -31.4701, 0.0 ], [ -64.1881, -31.4697, 0.0 ], [ -64.1881, -31.4691, 0.0 ], [ -64.188, -31.4691, 0.0 ], [ -64.1879, -31.4687, 0.0 ], [ -64.1876, -31.4682, 0.0 ], [ -64.1873, -31.4677, 0.0 ], [ -64.1872, -31.4675, 0.0 ], [ -64.203, -31.4657, 0.0 ], [ -64.203, -31.4659, 0.0 ], [ -64.2033, -31.4671, 0.0 ], [ -64.2045, -31.4715, 0.0 ], [ -64.2045, -31.4716, 0.0 ], [ -64.2045, -31.472, 0.0 ], [ -64.2036, -31.4729, 0.0 ], [ -64.202, -31.4745, 0.0 ], [ -64.2021, -31.4755, 0.0 ], [ -64.2022, -31.4766, 0.0 ], [ -64.2023, -31.4778, 0.0 ], [ -64.2024, -31.4788, 0.0 ], [ -64.2023, -31.4792, 0.0 ], [ -64.2025, -31.4796, 0.0 ], [ -64.2026, -31.48, 0.0 ], [ -64.2028, -31.4806, 0.0 ], [ -64.2028, -31.4808, 0.0 ], [ -64.2031, -31.4815, 0.0 ], [ -64.2034, -31.4826, 0.0 ], [ -64.2037, -31.4836, 0.0 ], [ -64.2041, -31.4847, 0.0 ], [ -64.2041, -31.4849, 0.0 ], [ -64.2044, -31.4856, 0.0 ], [ -64.2046, -31.4864, 0.0 ] ] ] ] } },
{ "type": "Feature", "properties": { "circuito": "0004D", "codprov": "04", "coddepto": "001" }, "geometry": { "type": "MultiPolygon", "coordinates": [ [ [ [ -64.1898, -31.4864, 0.0 ], [ -64.1902, -31.4905, 0.0 ], [ -64.1909, -31.4966, 0.0 ], [ -64.191, -31.4966, 0.0 ], [ -64.1913, -31.5251, 0.0 ], [ -64.1905, -31.5251, 0.0 ], [ -64.1904, -31.5251, 0.0 ], [ -64.1903, -31.5251, 0.0 ], [ -64.1896, -31.5251, 0.0 ], [ -64.1893, -31.5251, 0.0 ], [ -64.1814, -31.525, 0.0 ], [ -64.1795, -31.5249, 0.0 ], [ -64.178, -31.5249, 0.0 ], [ -64.1736, -31.5248, 0.0 ], [ -64.17, -31.5248, 0.0 ], [ -64.1681, -31.5248, 0.0 ], [ -64.1679, -31.5248, 0.0 ], [ -64.1684, -31.4866, 0.0 ], [ -64.1685, -31.4746, 0.0 ], [ -64.1683, -31.4746, 0.0 ], [ -64.1686, -31.4721, 0.0 ], [ -64.1686, -31.4712, 0.0 ], [ -64.1685, -31.4709, 0.0 ], [ -64.1683, -31.4705, 0.0 ], [ -64.1681, -31.47, 0.0 ], [ -64.1681, -31.4699, 0.0 ], [ -64.168, -31.4689, 0.0 ], [ -64.168, -31.4686, 0.0 ], [ -64.1693, -31.4686, 0.0 ], [ -64.1707, -31.4685, 0.0 ], [ -64.1715, -31.4684, 0.0 ], [ -64.1722, -31.4685, 0.0 ], [ -64.178, -31.4681, 0.0 ], [ -64.1833, -31.4678, 0.0 ], [ -64.1838, -31.4678, 0.0 ], [ -64.1856, -31.4677, 0.0 ], [ -64.1872, -31.4675, 0.0 ], [ -64.1873, -31.4677, 0.0 ], [ -64.1876, -31.4682, 0.0 ], [ -64.1879, -31.4687, 0.0 ], [ -64.1881, -31.4691, 0.0 ], [ -64.1881, -31.4697, 0.0 ], [ -64.1881, -31.4701, 0.0 ], [ -64.1884, -31.474, 0.0 ], [ -64.1898, -31.4864, 0.0 ] ] ] ] } },
{ "type": "Feature", "properties": { "circuito": "00005", "codprov": "04", "coddepto": "001" }, "geometry": { "type": "MultiPolygon", "coordinates": [ [ [ [ -64.1404, -31.4241, 0.0 ], [ -64.1407, -31.4262, 0.0 ], [ -64.1401, -31.4262, 0.0 ], [ -64.1395, -31.4263, 0.0 ], [ -64.1383, -31.4264, 0.0 ], [ -64.1372, -31.4265, 0.0 ], [ -64.1364, -31.4266, 0.0 ], [ -64.1358, -31.4266, 0.0 ], [ -64.1353, -31.4267, 0.0 ], [ -64.1345, -31.4267, 0.0 ], [ -64.1345, -31.4278, 0.0 ], [ -64.1347, -31.4278, 0.0 ], [ -64.1348, -31.4284, 0.0 ], [ -64.1347, -31.4287, 0.0 ], [ -64.1345, -31.4293, 0.0 ], [ -64.1345, -31.4298, 0.0 ], [ -64.1347, -31.4303, 0.0 ], [ -64.1334, -31.4303, 0.0 ], [ -64.133, -31.4304, 0.0 ], [ -64.1327, -31.4307, 0.0 ], [ -64.1325, -31.4309, 0.0 ], [ -64.1323, -31.4312, 0.0 ], [ -64.1312, -31.4304, 0.0 ], [ -64.1307, -31.43, 0.0 ], [ -64.1303, -31.4298, 0.0 ], [ -64.13, -31.4296, 0.0 ], [ -64.1293, -31.429, 0.0 ], [ -64.1289, -31.4287, 0.0 ], [ -64.1286, -31.4285, 0.0 ], [ -64.1278, -31.4279, 0.0 ], [ -64.1271, -31.4275, 0.0 ], [ -64.1271, -31.4276, 0.0 ], [ -64.1264, -31.4276, 0.0 ], [ -64.1257, -31.4276, 0.0 ], [ -64.1253, -31.4276, 0.0 ], [ -64.1251, -31.4275, 0.0 ], [ -64.1242, -31.4275, 0.0 ], [ -64.123, -31.4275, 0.0 ], [ -64.1217, -31.4275, 0.0 ], [ -64.1203, -31.4275, 0.0 ], [ -64.1191, -31.4274, 0.0 ], [ -64.119, -31.4265, 0.0 ], [ -64.119, -31.4255, 0.0 ], [ -64.119, -31.4246, 0.0 ], [ -64.119, -31.4236, 0.0 ], [ -64.119, -31.4227, 0.0 ], [ -64.119, -31.4217, 0.0 ], [ -64.1197, -31.4218, 0.0 ], [ -64.1206, -31.4218, 0.0 ], [ -64.1211, -31.4218, 0.0 ], [ -64.1218, -31.4218, 0.0 ], [ -64.1224, -31.4218, 0.0 ], [ -64.1231, -31.4218, 0.0 ], [ -64.1242, -31.4218, 0.0 ], [ -64.1253, -31.4218, 0.0 ], [ -64.1264, -31.4218, 0.0 ], [ -64.1276, -31.4218, 0.0 ], [ -64.1276, -31.4213, 0.0 ], [ -64.1276, -31.4207, 0.0 ], [ -64.1276, -31.4203, 0.0 ], [ -64.1276, -31.4198, 0.0 ], [ -64.1275, -31.4192, 0.0 ], [ -64.1275, -31.4189, 0.0 ], [ -64.1275, -31.4186, 0.0 ], [ -64.1275, -31.418, 0.0 ], [ -64.1286, -31.418, 0.0 ], [ -64.1295, -31.418, 0.0 ], [ -64.1298, -31.418, 0.0 ], [ -64.1307, -31.4179, 0.0 ], [ -64.131, -31.4179, 0.0 ], [ -64.1315, -31.4179, 0.0 ], [ -64.132, -31.4179, 0.0 ], [ -64.1322, -31.4179, 0.0 ], [ -64.1333, -31.4179, 0.0 ], [ -64.134, -31.4179, 0.0 ], [ -64.1341, -31.4202, 0.0 ], [ -64.134, -31.4202, 0.0 ], [ -64.1342, -31.4213, 0.0 ], [ -64.1343, -31.4223, 0.0 ], [ -64.1345, -31.4235, 0.0 ], [ -64.1353, -31.4235, 0.0 ], [ -64.1362, -31.4234, 0.0 ], [ -64.1369, -31.4233, 0.0 ], [ -64.139, -31.4231, 0.0 ], [ -64.1396, -31.4231, 0.0 ], [ -64.1403, -31.423, 0.0 ], [ -64.1404, -31.4241, 0.0 ] ] ] ] } },
{ "type": "Feature", "properties": { "circuito": "0005A", "codprov": "04", "coddepto": "001" }, "geometry": { "type": "MultiPolygon", "coordinates": [ [ [ [ -64.1117, -31.4215, 0.0 ], [ -64.1128, -31.4215, 0.0 ], [ -64.1139, -31.4215, 0.0 ], [ -64.1154, -31.4216, 0.0 ], [ -64.1158, -31.4216, 0.0 ], [ -64.1169, -31.4216, 0.0 ], [ -64.118, -31.4216, 0.0 ], [ -64.119, -31.4217, 0.0 ], [ -64.119, -31.4227, 0.0 ], [ -64.119, -31.4236, 0.0 ], [ -64.119, -31.4246, 0.0 ], [ -64.119, -31.4255, 0.0 ], [ -64.119, -31.4265, 0.0 ], [ -64.1191, -31.4274, 0.0 ], [ -64.1179, -31.4274, 0.0 ], [ -64.1167, -31.4274, 0.0 ], [ -64.1156, -31.4274, 0.0 ], [ -64.1154, -31.4274, 0.0 ], [ -64.1144, -31.4274, 0.0 ], [ -64.1138, -31.4273, 0.0 ], [ -64.1127, -31.4273, 0.0 ], [ -64.1116, -31.4273, 0.0 ], [ -64.1105, -31.4273, 0.0 ], [ -64.1093, -31.4272, 0.0 ], [ -64.0734, -31.4269, 0.0 ], [ -64.0734, -31.4216, 0.0 ], [ -64.0734, -31.4215, 0.0 ], [ -64.1099, -31.4215, 0.0 ], [ -64.1117, -31.4215, 0.0 ] ] ] ] } },
{ "type": "Feature", "properties": { "circuito": "0005B", "codprov": "04", "coddepto": "001" }, "geometry": { "type": "MultiPolygon", "coordinates": [ [ [ [ -64.1136, -31.441, 0.0 ], [ -64.114, -31.441, 0.0 ], [ -64.1152, -31.4409, 0.0 ], [ -64.1163, -31.4409, 0.0 ], [ -64.1168, -31.4409, 0.0 ], [ -64.1176, -31.4409, 0.0 ], [ -64.1183, -31.4409, 0.0 ], [ -64.12, -31.4409, 0.0 ], [ -64.1221, -31.4409, 0.0 ], [ -64.1231, -31.4409, 0.0 ], [ -64.1243, -31.4409, 0.0 ], [ -64.1255, -31.441, 0.0 ], [ -64.1267, -31.441, 0.0 ], [ -64.127, -31.441, 0.0 ], [ -64.1302, -31.4409, 0.0 ], [ -64.1316, -31.4409, 0.0 ], [ -64.1329, -31.4409, 0.0 ], [ -64.1332, -31.4409, 0.0 ], [ -64.1318, -31.4422, 0.0 ], [ -64.1302, -31.4438, 0.0 ], [ -64.1291, -31.445, 0.0 ], [ -64.1262, -31.449, 0.0 ], [ -64.125, -31.4509, 0.0 ], [ -64.1166, -31.4511, 0.0 ], [ -64.1135829, -31.4510387, 0.0 ], [ -64.1136, -31.441, 0.0 ] ] ] ] } },
{ "type": "Feature", "properties": { "circuito": "0005C", "codprov": "04", "coddepto": "001" }, "geometry": { "type": "MultiPolygon", "coordinates": [ [ [ [ -64.120332, -31.43916, 0.0 ], [ -64.1195595, -31.4384614, 0.0 ], [ -64.1163052, -31.4354307, 0.0 ], [ -64.1112841, -31.4305859, 0.0 ], [ -64.1094602, -31.4272254, 0.0 ], [ -64.1242, -31.4275, 0.0 ], [ -64.1251, -31.4275, 0.0 ], [ -64.1253, -31.4276, 0.0 ], [ -64.1257, -31.4276, 0.0 ], [ -64.1264, -31.4276, 0.0 ], [ -64.1271, -31.4276, 0.0 ], [ -64.1271, -31.4275, 0.0 ], [ -64.1278, -31.4279, 0.0 ], [ -64.1286, -31.4285, 0.0 ], [ -64.1289, -31.4287, 0.0 ], [ -64.1293, -31.429, 0.0 ], [ -64.13, -31.4296, 0.0 ], [ -64.1303, -31.4298, 0.0 ], [ -64.1307, -31.43, 0.0 ], [ -64.1312, -31.4304, 0.0 ], [ -64.1323, -31.4312, 0.0 ], [ -64.1325, -31.4309, 0.0 ], [ -64.1327, -31.4307, 0.0 ], [ -64.133, -31.4304, 0.0 ], [ -64.1334, -31.4303, 0.0 ], [ -64.1347, -31.4303, 0.0 ], [ -64.1345, -31.4298, 0.0 ], [ -64.1345, -31.4293, 0.0 ], [ -64.1347, -31.4287, 0.0 ], [ -64.1348, -31.4284, 0.0 ], [ -64.1347, -31.4278, 0.0 ], [ -64.1345, -31.4278, 0.0 ], [ -64.1345, -31.4267, 0.0 ], [ -64.1353, -31.4267, 0.0 ], [ -64.1358, -31.4266, 0.0 ], [ -64.1364, -31.4266, 0.0 ], [ -64.1372, -31.4265, 0.0 ], [ -64.1383, -31.4264, 0.0 ], [ -64.1395, -31.4263, 0.0 ], [ -64.1401, -31.4262, 0.0 ], [ -64.1407, -31.4262, 0.0 ], [ -64.1415, -31.4321, 0.0 ], [ -64.1416, -31.4327, 0.0 ], [ -64.1389, -31.4353, 0.0 ], [ -64.1364, -31.4378, 0.0 ], [ -64.1354, -31.4388, 0.0 ], [ -64.1332, -31.4409, 0.0 ], [ -64.1329, -31.4409, 0.0 ], [ -64.1316, -31.4409, 0.0 ], [ -64.1302, -31.4409, 0.0 ], [ -64.127, -31.441, 0.0 ], [ -64.1267, -31.441, 0.0 ], [ -64.1255, -31.441, 0.0 ], [ -64.1243, -31.4409, 0.0 ], [ -64.1216409, -31.4406986, 0.0 ], [ -64.120332, -31.43916, 0.0 ] ] ] ] } },
{ "type": "Feature", "properties": { "circuito": "0010K", "codprov": "04", "coddepto": "001" }, "geometry": { "type": "MultiPolygon", "coordinates": [ [ [ [ -64.2579, -31.526, 0.0 ], [ -64.258, -31.498, 0.0 ], [ -64.2581, -31.498, 0.0 ], [ -64.2578, -31.493, 0.0 ], [ -64.2579, -31.4897, 0.0 ], [ -64.2582, -31.482, 0.0 ], [ -64.2583, -31.482, 0.0 ], [ -64.2586, -31.4733, 0.0 ], [ -64.2613, -31.4733, 0.0 ], [ -64.2624, -31.4734, 0.0 ], [ -64.2641, -31.4734, 0.0 ], [ -64.2737, -31.4736, 0.0 ], [ -64.2734, -31.4976, 0.0 ], [ -64.2732, -31.5262, 0.0 ], [ -64.2696, -31.5262, 0.0 ], [ -64.2589, -31.526, 0.0 ], [ -64.2579, -31.526, 0.0 ] ] ] ] } },
{ "type": "Feature", "properties": { "circuito": "0005D", "codprov": "04", "coddepto": "001" }, "geometry": { "type": "MultiPolygon", "coordinates": [ [ [ [ -64.1231, -31.4218, 0.0 ], [ -64.1231, -31.4211, 0.0 ], [ -64.1231, -31.4207, 0.0 ], [ -64.1231, -31.4197, 0.0 ], [ -64.1231, -31.4195, 0.0 ], [ -64.1232, -31.415, 0.0 ], [ -64.1224, -31.415, 0.0 ], [ -64.1225, -31.4142, 0.0 ], [ -64.1228, -31.414, 0.0 ], [ -64.1239, -31.4131, 0.0 ], [ -64.1239, -31.4116, 0.0 ], [ -64.1258, -31.4111, 0.0 ], [ -64.1269, -31.411, 0.0 ], [ -64.1269, -31.4113, 0.0 ], [ -64.1275, -31.4112, 0.0 ], [ -64.1281, -31.4094, 0.0 ], [ -64.1287, -31.4073, 0.0 ], [ -64.131, -31.4072, 0.0 ], [ -64.1313, -31.4068, 0.0 ], [ -64.1335, -31.4053, 0.0 ], [ -64.1363, -31.4049, 0.0 ], [ -64.1384, -31.4052, 0.0 ], [ -64.1406, -31.4054, 0.0 ], [ -64.1417, -31.406, 0.0 ], [ -64.1422, -31.4066, 0.0 ], [ -64.1423, -31.4072, 0.0 ], [ -64.1422, -31.4079, 0.0 ], [ -64.1417, -31.4087, 0.0 ], [ -64.1409, -31.4093, 0.0 ], [ -64.1401, -31.4099, 0.0 ], [ -64.1399, -31.4105, 0.0 ], [ -64.1401, -31.4109, 0.0 ], [ -64.1405, -31.4115, 0.0 ], [ -64.1412, -31.4128, 0.0 ], [ -64.1417, -31.414, 0.0 ], [ -64.1425, -31.4151, 0.0 ], [ -64.1439, -31.4172, 0.0 ], [ -64.1438, -31.4176, 0.0 ], [ -64.1436, -31.4179, 0.0 ], [ -64.1434, -31.4182, 0.0 ], [ -64.1436, -31.4193, 0.0 ], [ -64.1385, -31.4198, 0.0 ], [ -64.1372, -31.4199, 0.0 ], [ -64.1367, -31.42, 0.0 ], [ -64.1361, -31.42, 0.0 ], [ -64.1341, -31.4202, 0.0 ], [ -64.134, -31.4179, 0.0 ], [ -64.1333, -31.4179, 0.0 ], [ -64.1322, -31.4179, 0.0 ], [ -64.132, -31.4179, 0.0 ], [ -64.1315, -31.4179, 0.0 ], [ -64.131, -31.4179, 0.0 ], [ -64.1307, -31.4179, 0.0 ], [ -64.1298, -31.418, 0.0 ], [ -64.1295, -31.418, 0.0 ], [ -64.1286, -31.418, 0.0 ], [ -64.1275, -31.418, 0.0 ], [ -64.1275, -31.4186, 0.0 ], [ -64.1275, -31.4189, 0.0 ], [ -64.1275, -31.4192, 0.0 ], [ -64.1276, -31.4198, 0.0 ], [ -64.1276, -31.4203, 0.0 ], [ -64.1276, -31.4207, 0.0 ], [ -64.1276, -31.4213, 0.0 ], [ -64.1276, -31.4218, 0.0 ], [ -64.1264, -31.4218, 0.0 ], [ -64.1253, -31.4218, 0.0 ], [ -64.1242, -31.4218, 0.0 ], [ -64.1231, -31.4218, 0.0 ] ] ] ] } },
{ "type": "Feature", "properties": { "circuito": "0007F", "codprov": "04", "coddepto": "001" }, "geometry": { "type": "MultiPolygon", "coordinates": [ [ [ [ -64.1842, -31.336, 0.0 ], [ -64.1857, -31.3466, 0.0 ], [ -64.1875, -31.355, 0.0 ], [ -64.1854, -31.3555, 0.0 ], [ -64.1852, -31.3556, 0.0 ], [ -64.1822, -31.3563, 0.0 ], [ -64.1785, -31.3571, 0.0 ], [ -64.176, -31.3575, 0.0 ], [ -64.1761, -31.3551, 0.0 ], [ -64.1761, -31.3543, 0.0 ], [ -64.1761, -31.3541, 0.0 ], [ -64.1761, -31.3533, 0.0 ], [ -64.1761, -31.3529, 0.0 ], [ -64.1761, -31.3523, 0.0 ], [ -64.176, -31.3513, 0.0 ], [ -64.1761, -31.3506, 0.0 ], [ -64.1761, -31.3498, 0.0 ], [ -64.1762, -31.3492, 0.0 ], [ -64.1761, -31.3477, 0.0 ], [ -64.1761, -31.3412, 0.0 ], [ -64.176, -31.3408, 0.0 ], [ -64.176, -31.3403, 0.0 ], [ -64.176, -31.3398, 0.0 ], [ -64.176, -31.3393, 0.0 ], [ -64.176, -31.3384, 0.0 ], [ -64.176, -31.3381, 0.0 ], [ -64.176, -31.3378, 0.0 ], [ -64.176, -31.3374, 0.0 ], [ -64.176, -31.337, 0.0 ], [ -64.176, -31.3364, 0.0 ], [ -64.1757, -31.336, 0.0 ], [ -64.1781, -31.336, 0.0 ], [ -64.1798, -31.336, 0.0 ], [ -64.1822, -31.3359, 0.0 ], [ -64.1826, -31.3359, 0.0 ], [ -64.1831, -31.3359, 0.0 ], [ -64.1841, -31.336, 0.0 ], [ -64.1842, -31.336, 0.0 ] ] ] ] } },
{ "type": "Feature", "properties": { "circuito": "0005E", "codprov": "04", "coddepto": "001" }, "geometry": { "type": "MultiPolygon", "coordinates": [ [ [ [ -64.0734, -31.4332, 0.0 ], [ -64.1126259, -31.4347983, 0.0 ], [ -64.1145384, -31.4347815, 0.0 ], [ -64.1208899, -31.440019, 0.0 ], [ -64.1207182, -31.4400402, 0.0 ], [ -64.1211474, -31.4405112, 0.0 ], [ -64.1211044, -31.4409, 0.0 ], [ -64.12, -31.4409, 0.0 ], [ -64.1183, -31.4409, 0.0 ], [ -64.1176, -31.4409, 0.0 ], [ -64.1168, -31.4409, 0.0 ], [ -64.1163, -31.4409, 0.0 ], [ -64.1152, -31.4409, 0.0 ], [ -64.114, -31.441, 0.0 ], [ -64.1136, -31.441, 0.0 ], [ -64.1093, -31.4409, 0.0 ], [ -64.1038, -31.4407, 0.0 ], [ -64.1038, -31.4408, 0.0 ], [ -64.0734, -31.4404, 0.0 ], [ -64.0734, -31.4403, 0.0 ], [ -64.0734, -31.4381, 0.0 ], [ -64.0734, -31.4379, 0.0 ], [ -64.0734, -31.4357, 0.0 ], [ -64.0734, -31.4349, 0.0 ], [ -64.0734, -31.4332, 0.0 ] ] ] ] } },
{ "type": "Feature", "properties": { "circuito": "0005F", "codprov": "04", "coddepto": "001" }, "geometry": { "type": "MultiPolygon", "coordinates": [ [ [ [ -64.1231, -31.4195, 0.0 ], [ -64.1231, -31.4197, 0.0 ], [ -64.1231, -31.4207, 0.0 ], [ -64.1231, -31.4211, 0.0 ], [ -64.1231, -31.4218, 0.0 ], [ -64.1224, -31.4218, 0.0 ], [ -64.1218, -31.4218, 0.0 ], [ -64.1211, -31.4218, 0.0 ], [ -64.1206, -31.4218, 0.0 ], [ -64.1197, -31.4218, 0.0 ], [ -64.119, -31.4217, 0.0 ], [ -64.118, -31.4216, 0.0 ], [ -64.1169, -31.4216, 0.0 ], [ -64.1158, -31.4216, 0.0 ], [ -64.1154, -31.4216, 0.0 ], [ -64.1139, -31.4215, 0.0 ], [ -64.1128, -31.4215, 0.0 ], [ -64.1117, -31.4215, 0.0 ], [ -64.1099, -31.4215, 0.0 ], [ -64.0734, -31.4215, 0.0 ], [ -64.0734, -31.4201, 0.0 ], [ -64.0734, -31.4164, 0.0 ], [ -64.0739, -31.4163, 0.0 ], [ -64.0743, -31.4164, 0.0 ], [ -64.0748, -31.4162, 0.0 ], [ -64.076, -31.4157, 0.0 ], [ -64.0772, -31.4143, 0.0 ], [ -64.0785, -31.4127, 0.0 ], [ -64.0804, -31.4114, 0.0 ], [ -64.0808, -31.4106, 0.0 ], [ -64.0818, -31.4097, 0.0 ], [ -64.0821, -31.4095, 0.0 ], [ -64.0832, -31.4091, 0.0 ], [ -64.0838, -31.4089, 0.0 ], [ -64.0845, -31.409, 0.0 ], [ -64.0848, -31.4092, 0.0 ], [ -64.086, -31.4102, 0.0 ], [ -64.087, -31.4111, 0.0 ], [ -64.0882, -31.4111, 0.0 ], [ -64.0899, -31.41, 0.0 ], [ -64.0904, -31.4097, 0.0 ], [ -64.0923, -31.4095, 0.0 ], [ -64.0934, -31.4113, 0.0 ], [ -64.0946, -31.4119, 0.0 ], [ -64.0978, -31.4112, 0.0 ], [ -64.0985, -31.4108, 0.0 ], [ -64.0994, -31.4102, 0.0 ], [ -64.0995, -31.4102, 0.0 ], [ -64.1021, -31.41, 0.0 ], [ -64.1041, -31.4098, 0.0 ], [ -64.1048, -31.4098, 0.0 ], [ -64.1059, -31.4098, 0.0 ], [ -64.1064, -31.4098, 0.0 ], [ -64.1072, -31.4093, 0.0 ], [ -64.1073, -31.4088, 0.0 ], [ -64.1078, -31.4072, 0.0 ], [ -64.1078, -31.4056, 0.0 ], [ -64.1093, -31.405, 0.0 ], [ -64.1115, -31.4046, 0.0 ], [ -64.1127, -31.4045, 0.0 ], [ -64.1137, -31.4052, 0.0 ], [ -64.1167, -31.4053, 0.0 ], [ -64.1188, -31.4053, 0.0 ], [ -64.1202, -31.4046, 0.0 ], [ -64.1227, -31.4053, 0.0 ], [ -64.1248, -31.406, 0.0 ], [ -64.1248, -31.4061, 0.0 ], [ -64.127, -31.407, 0.0 ], [ -64.1284, -31.4074, 0.0 ], [ -64.1287, -31.4073, 0.0 ], [ -64.1281, -31.4094, 0.0 ], [ -64.1275, -31.4112, 0.0 ], [ -64.1269, -31.4113, 0.0 ], [ -64.1269, -31.411, 0.0 ], [ -64.1258, -31.4111, 0.0 ], [ -64.1239, -31.4116, 0.0 ], [ -64.1239, -31.4131, 0.0 ], [ -64.1228, -31.414, 0.0 ], [ -64.1225, -31.4142, 0.0 ], [ -64.1224, -31.415, 0.0 ], [ -64.1232, -31.415, 0.0 ], [ -64.1231, -31.4195, 0.0 ] ] ] ] } },
{ "type": "Feature", "properties": { "circuito": "0005G", "codprov": "04", "coddepto": "001" }, "geometry": { "type": "MultiPolygon", "coordinates": [ [ [ [ -64.1369, -31.4233, 0.0 ], [ -64.1362, -31.4234, 0.0 ], [ -64.1353, -31.4235, 0.0 ], [ -64.1345, -31.4235, 0.0 ], [ -64.1343, -31.4223, 0.0 ], [ -64.1342, -31.4213, 0.0 ], [ -64.134, -31.4202, 0.0 ], [ -64.1341, -31.4202, 0.0 ], [ -64.1361, -31.42, 0.0 ], [ -64.1367, -31.42, 0.0 ], [ -64.1372, -31.4199, 0.0 ], [ -64.1385, -31.4198, 0.0 ], [ -64.1436, -31.4193, 0.0 ], [ -64.1434, -31.4182, 0.0 ], [ -64.1436, -31.4179, 0.0 ], [ -64.1438, -31.4176, 0.0 ], [ -64.1439, -31.4172, 0.0 ], [ -64.1449, -31.4179, 0.0 ], [ -64.1462, -31.4183, 0.0 ], [ -64.1476, -31.4185, 0.0 ], [ -64.1487, -31.4184, 0.0 ], [ -64.1496, -31.4183, 0.0 ], [ -64.1505, -31.4181, 0.0 ], [ -64.1513, -31.4179, 0.0 ], [ -64.1521, -31.4177, 0.0 ], [ -64.153, -31.4174, 0.0 ], [ -64.1537, -31.417, 0.0 ], [ -64.1543, -31.4165, 0.0 ], [ -64.1549, -31.416, 0.0 ], [ -64.1553, -31.4155, 0.0 ], [ -64.1559, -31.4157, 0.0 ], [ -64.1565, -31.4161, 0.0 ], [ -64.1569, -31.4164, 0.0 ], [ -64.1572, -31.4169, 0.0 ], [ -64.1574, -31.4171, 0.0 ], [ -64.1576, -31.4176, 0.0 ], [ -64.1577, -31.418, 0.0 ], [ -64.1579, -31.4195, 0.0 ], [ -64.1583, -31.4204, 0.0 ], [ -64.1587, -31.4211, 0.0 ], [ -64.1595, -31.4217, 0.0 ], [ -64.1603, -31.422, 0.0 ], [ -64.1613, -31.4222, 0.0 ], [ -64.1624, -31.4223, 0.0 ], [ -64.1632, -31.4224, 0.0 ], [ -64.1644, -31.4225, 0.0 ], [ -64.1659, -31.4228, 0.0 ], [ -64.166, -31.4229, 0.0 ], [ -64.1668, -31.4231, 0.0 ], [ -64.1672, -31.4234, 0.0 ], [ -64.1675, -31.4235, 0.0 ], [ -64.1674, -31.424, 0.0 ], [ -64.1664, -31.4251, 0.0 ], [ -64.1646, -31.4254, 0.0 ], [ -64.1635, -31.4259, 0.0 ], [ -64.1622, -31.4261, 0.0 ], [ -64.1616, -31.4262, 0.0 ], [ -64.161, -31.4262, 0.0 ], [ -64.1605, -31.4263, 0.0 ], [ -64.1597, -31.4265, 0.0 ], [ -64.1592, -31.4265, 0.0 ], [ -64.1585, -31.4266, 0.0 ], [ -64.1578, -31.4267, 0.0 ], [ -64.1573, -31.4268, 0.0 ], [ -64.157, -31.4271, 0.0 ], [ -64.1559, -31.4274, 0.0 ], [ -64.1546, -31.4279, 0.0 ], [ -64.1538, -31.4282, 0.0 ], [ -64.1534, -31.4283, 0.0 ], [ -64.1523, -31.4288, 0.0 ], [ -64.1512, -31.4293, 0.0 ], [ -64.1502, -31.4298, 0.0 ], [ -64.1492, -31.4301, 0.0 ], [ -64.148, -31.4307, 0.0 ], [ -64.1469, -31.4312, 0.0 ], [ -64.1465, -31.4315, 0.0 ], [ -64.1464, -31.4311, 0.0 ], [ -64.1452, -31.4313, 0.0 ], [ -64.1441, -31.4316, 0.0 ], [ -64.1429, -31.4319, 0.0 ], [ -64.1424, -31.432, 0.0 ], [ -64.1416, -31.4327, 0.0 ], [ -64.1415, -31.4321, 0.0 ], [ -64.1407, -31.4262, 0.0 ], [ -64.1404, -31.4241, 0.0 ], [ -64.1403, -31.423, 0.0 ], [ -64.1396, -31.4231, 0.0 ], [ -64.139, -31.4231, 0.0 ], [ -64.1369, -31.4233, 0.0 ] ] ] ] } },
{ "type": "Feature", "properties": { "circuito": "00006", "codprov": "04", "coddepto": "001" }, "geometry": { "type": "MultiPolygon", "coordinates": [ [ [ [ -64.1547, -31.4038, 0.0 ], [ -64.1561, -31.4042, 0.0 ], [ -64.1567, -31.4043, 0.0 ], [ -64.1592, -31.405, 0.0 ], [ -64.1589, -31.4059, 0.0 ], [ -64.1587, -31.4065, 0.0 ], [ -64.1585, -31.4071, 0.0 ], [ -64.1581, -31.4081, 0.0 ], [ -64.1577, -31.4091, 0.0 ], [ -64.1573, -31.4101, 0.0 ], [ -64.1569, -31.4112, 0.0 ], [ -64.1562, -31.411, 0.0 ], [ -64.1555, -31.4108, 0.0 ], [ -64.1547, -31.4106, 0.0 ], [ -64.1543, -31.4105, 0.0 ], [ -64.1539, -31.4104, 0.0 ], [ -64.1532, -31.4102, 0.0 ], [ -64.1523, -31.4099, 0.0 ], [ -64.1516, -31.4097, 0.0 ], [ -64.1498, -31.4093, 0.0 ], [ -64.1481, -31.4088, 0.0 ], [ -64.1481, -31.4089, 0.0 ], [ -64.1478, -31.4089, 0.0 ], [ -64.1478, -31.4098, 0.0 ], [ -64.1479, -31.4107, 0.0 ], [ -64.1479, -31.411, 0.0 ], [ -64.1479, -31.4114, 0.0 ], [ -64.1475, -31.4114, 0.0 ], [ -64.146, -31.4112, 0.0 ], [ -64.1459, -31.4115, 0.0 ], [ -64.145, -31.4114, 0.0 ], [ -64.1452, -31.4104, 0.0 ], [ -64.1453, -31.4094, 0.0 ], [ -64.1454, -31.4085, 0.0 ], [ -64.1457, -31.4061, 0.0 ], [ -64.1457, -31.4059, 0.0 ], [ -64.1456, -31.401, 0.0 ], [ -64.1463, -31.4002, 0.0 ], [ -64.148, -31.4008, 0.0 ], [ -64.1493, -31.4013, 0.0 ], [ -64.1513, -31.4022, 0.0 ], [ -64.1514, -31.4022, 0.0 ], [ -64.1547, -31.4038, 0.0 ] ] ] ] } },
{ "type": "Feature", "properties": { "circuito": "0013K", "codprov": "04", "coddepto": "001" }, "geometry": { "type": "MultiPolygon", "coordinates": [ [ [ [ -64.0933, -31.3416, 0.0 ], [ -64.0732, -31.3412, 0.0 ], [ -64.0732, -31.3405, 0.0 ], [ -64.0732, -31.3404, 0.0 ], [ -64.0731, -31.3378, 0.0 ], [ -64.0729, -31.3323, 0.0 ], [ -64.0729, -31.3304, 0.0 ], [ -64.0728, -31.3269, 0.0 ], [ -64.0727, -31.3235, 0.0 ], [ -64.0725, -31.3156, 0.0 ], [ -64.0724, -31.3128, 0.0 ], [ -64.0723, -31.3121, 0.0 ], [ -64.0723, -31.3118, 0.0 ], [ -64.0813, -31.3115, 0.0 ], [ -64.0874, -31.3113, 0.0 ], [ -64.0875, -31.3113, 0.0 ], [ -64.0916, -31.3112, 0.0 ], [ -64.0918, -31.3112, 0.0 ], [ -64.0947, -31.3111, 0.0 ], [ -64.0948, -31.3111, 0.0 ], [ -64.0968, -31.311, 0.0 ], [ -64.0969, -31.311, 0.0 ], [ -64.0965, -31.3375, 0.0 ], [ -64.0965, -31.3417, 0.0 ], [ -64.0933, -31.3416, 0.0 ] ] ] ] } },
{ "type": "Feature", "properties": { "circuito": "0006A", "codprov": "04", "coddepto": "001" }, "geometry": { "type": "MultiPolygon", "coordinates": [ [ [ [ -64.1454, -31.4085, 0.0 ], [ -64.1453, -31.4094, 0.0 ], [ -64.1452, -31.4104, 0.0 ], [ -64.145, -31.4114, 0.0 ], [ -64.1401, -31.4109, 0.0 ], [ -64.1399, -31.4105, 0.0 ], [ -64.1401, -31.4099, 0.0 ], [ -64.1409, -31.4093, 0.0 ], [ -64.1417, -31.4087, 0.0 ], [ -64.1422, -31.4079, 0.0 ], [ -64.1423, -31.4072, 0.0 ], [ -64.1422, -31.4066, 0.0 ], [ -64.1417, -31.406, 0.0 ], [ -64.1406, -31.4054, 0.0 ], [ -64.1384, -31.4052, 0.0 ], [ -64.1363, -31.4049, 0.0 ], [ -64.1335, -31.4053, 0.0 ], [ -64.1313, -31.4068, 0.0 ], [ -64.131, -31.4072, 0.0 ], [ -64.1287, -31.4073, 0.0 ], [ -64.1284, -31.4074, 0.0 ], [ -64.127, -31.407, 0.0 ], [ -64.1248, -31.4061, 0.0 ], [ -64.1248, -31.406, 0.0 ], [ -64.126, -31.4045, 0.0 ], [ -64.1268, -31.403, 0.0 ], [ -64.1278, -31.4001, 0.0 ], [ -64.1279, -31.399, 0.0 ], [ -64.1279, -31.3987, 0.0 ], [ -64.1279, -31.3976, 0.0 ], [ -64.1286, -31.3977, 0.0 ], [ -64.1311, -31.3978, 0.0 ], [ -64.1323, -31.3979, 0.0 ], [ -64.1334, -31.3979, 0.0 ], [ -64.1344, -31.398, 0.0 ], [ -64.1346, -31.398, 0.0 ], [ -64.1358, -31.3981, 0.0 ], [ -64.1361, -31.3982, 0.0 ], [ -64.1368, -31.3982, 0.0 ], [ -64.1378, -31.3984, 0.0 ], [ -64.138, -31.3984, 0.0 ], [ -64.1391, -31.3986, 0.0 ], [ -64.1412, -31.3989, 0.0 ], [ -64.1413, -31.3989, 0.0 ], [ -64.1426, -31.3992, 0.0 ], [ -64.1443, -31.3996, 0.0 ], [ -64.1463, -31.4002, 0.0 ], [ -64.1456, -31.401, 0.0 ], [ -64.1457, -31.4059, 0.0 ], [ -64.1457, -31.4061, 0.0 ], [ -64.1454, -31.4085, 0.0 ] ] ] ] } },
{ "type": "Feature", "properties": { "circuito": "0006B", "codprov": "04", "coddepto": "001" }, "geometry": { "type": "MultiPolygon", "coordinates": [ [ [ [ -64.0832, -31.4091, 0.0 ], [ -64.0807, -31.3886, 0.0 ], [ -64.0814, -31.3888, 0.0 ], [ -64.0816, -31.3888, 0.0 ], [ -64.0986, -31.3938, 0.0 ], [ -64.1076, -31.3964, 0.0 ], [ -64.1128, -31.3965, 0.0 ], [ -64.1128, -31.3966, 0.0 ], [ -64.1234, -31.3975, 0.0 ], [ -64.1279, -31.3976, 0.0 ], [ -64.1279, -31.3987, 0.0 ], [ -64.1279, -31.399, 0.0 ], [ -64.1278, -31.4001, 0.0 ], [ -64.1268, -31.403, 0.0 ], [ -64.126, -31.4045, 0.0 ], [ -64.1248, -31.406, 0.0 ], [ -64.1227, -31.4053, 0.0 ], [ -64.1202, -31.4046, 0.0 ], [ -64.1188, -31.4053, 0.0 ], [ -64.1167, -31.4053, 0.0 ], [ -64.1137, -31.4052, 0.0 ], [ -64.1127, -31.4045, 0.0 ], [ -64.1115, -31.4046, 0.0 ], [ -64.1093, -31.405, 0.0 ], [ -64.1078, -31.4056, 0.0 ], [ -64.1078, -31.4072, 0.0 ], [ -64.1073, -31.4088, 0.0 ], [ -64.1072, -31.4093, 0.0 ], [ -64.1064, -31.4098, 0.0 ], [ -64.1059, -31.4098, 0.0 ], [ -64.1048, -31.4098, 0.0 ], [ -64.1041, -31.4098, 0.0 ], [ -64.1021, -31.41, 0.0 ], [ -64.0995, -31.4102, 0.0 ], [ -64.0994, -31.4102, 0.0 ], [ -64.0985, -31.4108, 0.0 ], [ -64.0978, -31.4112, 0.0 ], [ -64.0946, -31.4119, 0.0 ], [ -64.0934, -31.4113, 0.0 ], [ -64.0923, -31.4095, 0.0 ], [ -64.0904, -31.4097, 0.0 ], [ -64.0899, -31.41, 0.0 ], [ -64.0882, -31.4111, 0.0 ], [ -64.087, -31.4111, 0.0 ], [ -64.086, -31.4102, 0.0 ], [ -64.0848, -31.4092, 0.0 ], [ -64.0845, -31.409, 0.0 ], [ -64.0838, -31.4089, 0.0 ], [ -64.0832, -31.4091, 0.0 ] ] ] ] } },
{ "type": "Feature", "properties": { "circuito": "0006C", "codprov": "04", "coddepto": "001" }, "geometry": { "type": "MultiPolygon", "coordinates": [ [ [ [ -64.1611, -31.4144, 0.0 ], [ -64.1609, -31.4149, 0.0 ], [ -64.1594, -31.4144, 0.0 ], [ -64.1579, -31.414, 0.0 ], [ -64.1579, -31.4137, 0.0 ], [ -64.157, -31.4134, 0.0 ], [ -64.1562, -31.4132, 0.0 ], [ -64.1565, -31.4122, 0.0 ], [ -64.1569, -31.4112, 0.0 ], [ -64.1573, -31.4101, 0.0 ], [ -64.1577, -31.4091, 0.0 ], [ -64.1581, -31.4081, 0.0 ], [ -64.1585, -31.4071, 0.0 ], [ -64.1587, -31.4065, 0.0 ], [ -64.1589, -31.4059, 0.0 ], [ -64.1592, -31.405, 0.0 ], [ -64.1606, -31.4054, 0.0 ], [ -64.1614, -31.4056, 0.0 ], [ -64.1626, -31.4059, 0.0 ], [ -64.1635, -31.4061, 0.0 ], [ -64.164, -31.4063, 0.0 ], [ -64.1646, -31.4064, 0.0 ], [ -64.1658, -31.4067, 0.0 ], [ -64.167, -31.407, 0.0 ], [ -64.1682, -31.4074, 0.0 ], [ -64.1692, -31.4076, 0.0 ], [ -64.1694, -31.4077, 0.0 ], [ -64.1706, -31.408, 0.0 ], [ -64.1718, -31.4083, 0.0 ], [ -64.1731, -31.4086, 0.0 ], [ -64.1735, -31.4087, 0.0 ], [ -64.1746, -31.4085, 0.0 ], [ -64.1745, -31.4095, 0.0 ], [ -64.1744, -31.4102, 0.0 ], [ -64.1745, -31.4115, 0.0 ], [ -64.1746, -31.413, 0.0 ], [ -64.1745, -31.4144, 0.0 ], [ -64.1745, -31.4149, 0.0 ], [ -64.1744, -31.416, 0.0 ], [ -64.1737, -31.4174, 0.0 ], [ -64.1735, -31.4179, 0.0 ], [ -64.1724, -31.4177, 0.0 ], [ -64.1711, -31.4174, 0.0 ], [ -64.1699, -31.417, 0.0 ], [ -64.1687, -31.4167, 0.0 ], [ -64.1675, -31.4164, 0.0 ], [ -64.1663, -31.416, 0.0 ], [ -64.1651, -31.4157, 0.0 ], [ -64.1638, -31.4154, 0.0 ], [ -64.1627, -31.4151, 0.0 ], [ -64.1615, -31.4147, 0.0 ], [ -64.1611, -31.4144, 0.0 ] ] ] ] } },
{ "type": "Feature", "properties": { "circuito": "0006D", "codprov": "04", "coddepto": "001" }, "geometry": { "type": "MultiPolygon", "coordinates": [ [ [ [ -64.1579, -31.414, 0.0 ], [ -64.1594, -31.4144, 0.0 ], [ -64.1609, -31.4149, 0.0 ], [ -64.1611, -31.4144, 0.0 ], [ -64.1615, -31.4147, 0.0 ], [ -64.1627, -31.4151, 0.0 ], [ -64.1638, -31.4154, 0.0 ], [ -64.1651, -31.4157, 0.0 ], [ -64.1663, -31.416, 0.0 ], [ -64.1675, -31.4164, 0.0 ], [ -64.1687, -31.4167, 0.0 ], [ -64.1699, -31.417, 0.0 ], [ -64.1711, -31.4174, 0.0 ], [ -64.1724, -31.4177, 0.0 ], [ -64.1735, -31.4179, 0.0 ], [ -64.1726, -31.4214, 0.0 ], [ -64.172, -31.4224, 0.0 ], [ -64.1719, -31.4225, 0.0 ], [ -64.1716, -31.4228, 0.0 ], [ -64.1711, -31.4232, 0.0 ], [ -64.1706, -31.4235, 0.0 ], [ -64.1702, -31.4236, 0.0 ], [ -64.1688, -31.4238, 0.0 ], [ -64.1675, -31.4235, 0.0 ], [ -64.1672, -31.4234, 0.0 ], [ -64.1668, -31.4231, 0.0 ], [ -64.166, -31.4229, 0.0 ], [ -64.1659, -31.4228, 0.0 ], [ -64.1644, -31.4225, 0.0 ], [ -64.1632, -31.4224, 0.0 ], [ -64.1624, -31.4223, 0.0 ], [ -64.1613, -31.4222, 0.0 ], [ -64.1603, -31.422, 0.0 ], [ -64.1595, -31.4217, 0.0 ], [ -64.1587, -31.4211, 0.0 ], [ -64.1583, -31.4204, 0.0 ], [ -64.1579, -31.4195, 0.0 ], [ -64.1577, -31.418, 0.0 ], [ -64.1576, -31.4176, 0.0 ], [ -64.1574, -31.4171, 0.0 ], [ -64.1572, -31.4169, 0.0 ], [ -64.1569, -31.4164, 0.0 ], [ -64.1565, -31.4161, 0.0 ], [ -64.1559, -31.4157, 0.0 ], [ -64.1553, -31.4155, 0.0 ], [ -64.1555, -31.4153, 0.0 ], [ -64.1558, -31.4143, 0.0 ], [ -64.1562, -31.4132, 0.0 ], [ -64.157, -31.4134, 0.0 ], [ -64.1579, -31.4137, 0.0 ], [ -64.1579, -31.414, 0.0 ] ] ] ] } },
{ "type": "Feature", "properties": { "circuito": "0006E", "codprov": "04", "coddepto": "001" }, "geometry": { "type": "MultiPolygon", "coordinates": [ [ [ [ -64.0725417, -31.4107239, 0.0 ], [ -64.0709397, -31.4021572, 0.0 ], [ -64.0666, -31.3907, 0.0 ], [ -64.0663048, -31.3853544, 0.0 ], [ -64.0807, -31.3886, 0.0 ], [ -64.0832, -31.4091, 0.0 ], [ -64.0821, -31.4095, 0.0 ], [ -64.0818, -31.4097, 0.0 ], [ -64.0808, -31.4106, 0.0 ], [ -64.0804, -31.4114, 0.0 ], [ -64.0785, -31.4127, 0.0 ], [ -64.0772, -31.4143, 0.0 ], [ -64.076, -31.4157, 0.0 ], [ -64.0748, -31.4162, 0.0 ], [ -64.0743, -31.4164, 0.0 ], [ -64.0739, -31.4163, 0.0 ], [ -64.0734, -31.4164, 0.0 ], [ -64.0734, -31.4127, 0.0 ], [ -64.0725417, -31.4107239, 0.0 ] ] ] ] } },
{ "type": "Feature", "properties": { "circuito": "0006F", "codprov": "04", "coddepto": "001" }, "geometry": { "type": "MultiPolygon", "coordinates": [ [ [ [ -64.1523, -31.4099, 0.0 ], [ -64.1532, -31.4102, 0.0 ], [ -64.1539, -31.4104, 0.0 ], [ -64.1543, -31.4105, 0.0 ], [ -64.1547, -31.4106, 0.0 ], [ -64.1555, -31.4108, 0.0 ], [ -64.1562, -31.411, 0.0 ], [ -64.1569, -31.4112, 0.0 ], [ -64.1565, -31.4122, 0.0 ], [ -64.1562, -31.4132, 0.0 ], [ -64.1558, -31.4143, 0.0 ], [ -64.1555, -31.4153, 0.0 ], [ -64.1553, -31.4155, 0.0 ], [ -64.1549, -31.416, 0.0 ], [ -64.1543, -31.4165, 0.0 ], [ -64.1537, -31.417, 0.0 ], [ -64.153, -31.4174, 0.0 ], [ -64.1521, -31.4177, 0.0 ], [ -64.1513, -31.4179, 0.0 ], [ -64.1505, -31.4181, 0.0 ], [ -64.1496, -31.4183, 0.0 ], [ -64.1487, -31.4184, 0.0 ], [ -64.1476, -31.4185, 0.0 ], [ -64.1462, -31.4183, 0.0 ], [ -64.1449, -31.4179, 0.0 ], [ -64.1439, -31.4172, 0.0 ], [ -64.1425, -31.4151, 0.0 ], [ -64.1417, -31.414, 0.0 ], [ -64.1412, -31.4128, 0.0 ], [ -64.1405, -31.4115, 0.0 ], [ -64.1401, -31.4109, 0.0 ], [ -64.145, -31.4114, 0.0 ], [ -64.1459, -31.4115, 0.0 ], [ -64.146, -31.4112, 0.0 ], [ -64.1475, -31.4114, 0.0 ], [ -64.1479, -31.4114, 0.0 ], [ -64.1479, -31.411, 0.0 ], [ -64.1479, -31.4107, 0.0 ], [ -64.1478, -31.4098, 0.0 ], [ -64.1478, -31.4089, 0.0 ], [ -64.1481, -31.4089, 0.0 ], [ -64.1481, -31.4088, 0.0 ], [ -64.1498, -31.4093, 0.0 ], [ -64.1516, -31.4097, 0.0 ], [ -64.1523, -31.4099, 0.0 ] ] ] ] } },
{ "type": "Feature", "properties": { "circuito": "00007", "codprov": "04", "coddepto": "001" }, "geometry": { "type": "MultiPolygon", "coordinates": [ [ [ [ -64.2079, -31.3346, 0.0 ], [ -64.1978, -31.3346, 0.0 ], [ -64.1977, -31.3353, 0.0 ], [ -64.1971, -31.3357, 0.0 ], [ -64.1958, -31.336, 0.0 ], [ -64.1917, -31.336, 0.0 ], [ -64.1915, -31.3227, 0.0 ], [ -64.1912, -31.3214, 0.0 ], [ -64.1918, -31.3204, 0.0 ], [ -64.193, -31.3197, 0.0 ], [ -64.193, -31.3192, 0.0 ], [ -64.1837, -31.3134, 0.0 ], [ -64.1837, -31.3133, 0.0 ], [ -64.1837, -31.3124, 0.0 ], [ -64.1837, -31.3116, 0.0 ], [ -64.1837, -31.311, 0.0 ], [ -64.1837, -31.3102, 0.0 ], [ -64.1837, -31.3093, 0.0 ], [ -64.1837, -31.3088, 0.0 ], [ -64.1846, -31.3088, 0.0 ], [ -64.1962, -31.3087, 0.0 ], [ -64.2073, -31.3085, 0.0 ], [ -64.2099, -31.3085, 0.0 ], [ -64.2097, -31.3134, 0.0 ], [ -64.2114, -31.3144, 0.0 ], [ -64.2131, -31.3161, 0.0 ], [ -64.2148, -31.318, 0.0 ], [ -64.2152, -31.3191, 0.0 ], [ -64.2161, -31.3213, 0.0 ], [ -64.2168, -31.3239, 0.0 ], [ -64.2166, -31.3267, 0.0 ], [ -64.2163, -31.3286, 0.0 ], [ -64.2158, -31.3297, 0.0 ], [ -64.2104, -31.3281, 0.0 ], [ -64.2095, -31.3278, 0.0 ], [ -64.2075, -31.3278, 0.0 ], [ -64.2064, -31.3277, 0.0 ], [ -64.2057, -31.3276, 0.0 ], [ -64.2035, -31.3284, 0.0 ], [ -64.2034, -31.3305, 0.0 ], [ -64.2043, -31.3324, 0.0 ], [ -64.2079, -31.3346, 0.0 ] ] ] ] } },
{ "type": "Feature", "properties": { "circuito": "0007A", "codprov": "04", "coddepto": "001" }, "geometry": { "type": "MultiPolygon", "coordinates": [ [ [ [ -64.1758, -31.3159, 0.0 ], [ -64.1758, -31.3137, 0.0 ], [ -64.1758, -31.3132, 0.0 ], [ -64.1763, -31.312, 0.0 ], [ -64.1761, -31.3111, 0.0 ], [ -64.1757, -31.3092, 0.0 ], [ -64.1756, -31.3088, 0.0 ], [ -64.1764, -31.3089, 0.0 ], [ -64.1775, -31.3089, 0.0 ], [ -64.1795, -31.3089, 0.0 ], [ -64.1828, -31.3088, 0.0 ], [ -64.1831, -31.3088, 0.0 ], [ -64.1836, -31.3088, 0.0 ], [ -64.1837, -31.3088, 0.0 ], [ -64.1837, -31.3093, 0.0 ], [ -64.1837, -31.3102, 0.0 ], [ -64.1837, -31.311, 0.0 ], [ -64.1837, -31.3116, 0.0 ], [ -64.1837, -31.3124, 0.0 ], [ -64.1837, -31.3133, 0.0 ], [ -64.1837, -31.3134, 0.0 ], [ -64.193, -31.3192, 0.0 ], [ -64.193, -31.3197, 0.0 ], [ -64.1918, -31.3204, 0.0 ], [ -64.1912, -31.3214, 0.0 ], [ -64.1915, -31.3227, 0.0 ], [ -64.1917, -31.336, 0.0 ], [ -64.1842, -31.336, 0.0 ], [ -64.1841, -31.336, 0.0 ], [ -64.1831, -31.3359, 0.0 ], [ -64.1826, -31.3359, 0.0 ], [ -64.1822, -31.3359, 0.0 ], [ -64.1798, -31.336, 0.0 ], [ -64.1781, -31.336, 0.0 ], [ -64.1757, -31.336, 0.0 ], [ -64.1755, -31.3357, 0.0 ], [ -64.1756, -31.3322, 0.0 ], [ -64.1756, -31.3304, 0.0 ], [ -64.1756, -31.3295, 0.0 ], [ -64.1756, -31.3284, 0.0 ], [ -64.1756, -31.3265, 0.0 ], [ -64.1757, -31.3262, 0.0 ], [ -64.1757, -31.3229, 0.0 ], [ -64.1757, -31.3197, 0.0 ], [ -64.1758, -31.3159, 0.0 ] ] ] ] } },
{ "type": "Feature", "properties": { "circuito": "0008C", "codprov": "04", "coddepto": "001" }, "geometry": { "type": "MultiPolygon", "coordinates": [ [ [ [ -64.1375, -31.3902, 0.0 ], [ -64.1382, -31.3903, 0.0 ], [ -64.1389, -31.3905, 0.0 ], [ -64.1395, -31.3906, 0.0 ], [ -64.14, -31.3907, 0.0 ], [ -64.1405, -31.3908, 0.0 ], [ -64.1415, -31.391, 0.0 ], [ -64.1423, -31.3912, 0.0 ], [ -64.1423, -31.3915, 0.0 ], [ -64.1423, -31.392, 0.0 ], [ -64.1423, -31.3925, 0.0 ], [ -64.1423, -31.3929, 0.0 ], [ -64.1423, -31.3934, 0.0 ], [ -64.1423, -31.3938, 0.0 ], [ -64.1423, -31.3943, 0.0 ], [ -64.1423, -31.396, 0.0 ], [ -64.1422, -31.3965, 0.0 ], [ -64.1413, -31.3989, 0.0 ], [ -64.1412, -31.3989, 0.0 ], [ -64.1391, -31.3986, 0.0 ], [ -64.138, -31.3984, 0.0 ], [ -64.1378, -31.3984, 0.0 ], [ -64.1368, -31.3982, 0.0 ], [ -64.1361, -31.3982, 0.0 ], [ -64.1358, -31.3981, 0.0 ], [ -64.1346, -31.398, 0.0 ], [ -64.1344, -31.398, 0.0 ], [ -64.1334, -31.3979, 0.0 ], [ -64.1323, -31.3979, 0.0 ], [ -64.1311, -31.3978, 0.0 ], [ -64.1286, -31.3977, 0.0 ], [ -64.1279, -31.3976, 0.0 ], [ -64.1279, -31.3971, 0.0 ], [ -64.1275, -31.3953, 0.0 ], [ -64.1271, -31.3937, 0.0 ], [ -64.1266, -31.3921, 0.0 ], [ -64.1261, -31.39, 0.0 ], [ -64.1259, -31.389, 0.0 ], [ -64.1258, -31.3881, 0.0 ], [ -64.1257, -31.3873, 0.0 ], [ -64.1268, -31.3877, 0.0 ], [ -64.1274, -31.3878, 0.0 ], [ -64.128, -31.3879, 0.0 ], [ -64.1285, -31.388, 0.0 ], [ -64.1292, -31.3882, 0.0 ], [ -64.1316, -31.3887, 0.0 ], [ -64.1324, -31.3889, 0.0 ], [ -64.1331, -31.3891, 0.0 ], [ -64.1338, -31.3893, 0.0 ], [ -64.1346, -31.3894, 0.0 ], [ -64.1355, -31.3897, 0.0 ], [ -64.1362, -31.3898, 0.0 ], [ -64.1368, -31.39, 0.0 ], [ -64.1375, -31.3902, 0.0 ] ] ] ] } },
{ "type": "Feature", "properties": { "circuito": "0007B", "codprov": "04", "coddepto": "001" }, "geometry": { "type": "MultiPolygon", "coordinates": [ [ [ [ -64.1931, -31.392, 0.0 ], [ -64.1926, -31.3921, 0.0 ], [ -64.1918, -31.3924, 0.0 ], [ -64.1906, -31.3931, 0.0 ], [ -64.1895, -31.394, 0.0 ], [ -64.1884, -31.3948, 0.0 ], [ -64.1872, -31.3952, 0.0 ], [ -64.1859, -31.3957, 0.0 ], [ -64.1852, -31.3959, 0.0 ], [ -64.1784, -31.3975, 0.0 ], [ -64.177, -31.3979, 0.0 ], [ -64.1759, -31.3981, 0.0 ], [ -64.1759, -31.3973, 0.0 ], [ -64.1759, -31.3962, 0.0 ], [ -64.1759, -31.3949, 0.0 ], [ -64.1759, -31.3937, 0.0 ], [ -64.1759, -31.3924, 0.0 ], [ -64.1759, -31.3914, 0.0 ], [ -64.1759, -31.3911, 0.0 ], [ -64.1759, -31.3906, 0.0 ], [ -64.1759, -31.3899, 0.0 ], [ -64.1759, -31.3898, 0.0 ], [ -64.1759, -31.3888, 0.0 ], [ -64.1759, -31.3886, 0.0 ], [ -64.1759, -31.3877, 0.0 ], [ -64.1759, -31.3869, 0.0 ], [ -64.1759, -31.3865, 0.0 ], [ -64.1759, -31.3855, 0.0 ], [ -64.1759, -31.3851, 0.0 ], [ -64.1759, -31.3844, 0.0 ], [ -64.1759, -31.3839, 0.0 ], [ -64.1759, -31.3833, 0.0 ], [ -64.176, -31.3828, 0.0 ], [ -64.176, -31.3822, 0.0 ], [ -64.176, -31.3816, 0.0 ], [ -64.176, -31.381, 0.0 ], [ -64.176, -31.3805, 0.0 ], [ -64.176, -31.3804, 0.0 ], [ -64.176, -31.3803, 0.0 ], [ -64.176, -31.3797, 0.0 ], [ -64.176, -31.3792, 0.0 ], [ -64.176, -31.3787, 0.0 ], [ -64.176, -31.3782, 0.0 ], [ -64.176, -31.3779, 0.0 ], [ -64.176, -31.3766, 0.0 ], [ -64.176, -31.376, 0.0 ], [ -64.176, -31.3751, 0.0 ], [ -64.176, -31.3748, 0.0 ], [ -64.176, -31.3747, 0.0 ], [ -64.1766, -31.3747, 0.0 ], [ -64.1779, -31.3756, 0.0 ], [ -64.1789, -31.376, 0.0 ], [ -64.181, -31.3761, 0.0 ], [ -64.1809, -31.3759, 0.0 ], [ -64.1816, -31.3759, 0.0 ], [ -64.1822, -31.3758, 0.0 ], [ -64.1828, -31.3757, 0.0 ], [ -64.1838, -31.3755, 0.0 ], [ -64.1852, -31.3754, 0.0 ], [ -64.1853, -31.375, 0.0 ], [ -64.1868, -31.3751, 0.0 ], [ -64.1879, -31.3751, 0.0 ], [ -64.1892, -31.3748, 0.0 ], [ -64.1895, -31.3748, 0.0 ], [ -64.1897, -31.3757, 0.0 ], [ -64.1898, -31.3763, 0.0 ], [ -64.1899, -31.377, 0.0 ], [ -64.19, -31.3781, 0.0 ], [ -64.1902, -31.3793, 0.0 ], [ -64.1905, -31.3804, 0.0 ], [ -64.1908, -31.3815, 0.0 ], [ -64.191, -31.3827, 0.0 ], [ -64.1912, -31.3839, 0.0 ], [ -64.1913, -31.3844, 0.0 ], [ -64.1916, -31.3851, 0.0 ], [ -64.1919, -31.3865, 0.0 ], [ -64.1921, -31.3868, 0.0 ], [ -64.1923, -31.3878, 0.0 ], [ -64.193, -31.3916, 0.0 ], [ -64.1931, -31.392, 0.0 ] ] ] ] } },
{ "type": "Feature", "properties": { "circuito": "0007C", "codprov": "04", "coddepto": "001" }, "geometry": { "type": "MultiPolygon", "coordinates": [ [ [ [ -64.2026, -31.3541, 0.0 ], [ -64.2022, -31.3541, 0.0 ], [ -64.1957, -31.3534, 0.0 ], [ -64.1921, -31.3539, 0.0 ], [ -64.1875, -31.355, 0.0 ], [ -64.1857, -31.3466, 0.0 ], [ -64.1842, -31.336, 0.0 ], [ -64.1917, -31.336, 0.0 ], [ -64.1958, -31.336, 0.0 ], [ -64.1971, -31.3357, 0.0 ], [ -64.1977, -31.3353, 0.0 ], [ -64.1978, -31.3346, 0.0 ], [ -64.2079, -31.3346, 0.0 ], [ -64.2077, -31.343, 0.0 ], [ -64.2074, -31.3439, 0.0 ], [ -64.205, -31.3479, 0.0 ], [ -64.2028, -31.3515, 0.0 ], [ -64.2024, -31.3527, 0.0 ], [ -64.2026, -31.3541, 0.0 ] ] ] ] } },
{ "type": "Feature", "properties": { "circuito": "0007D", "codprov": "04", "coddepto": "001" }, "geometry": { "type": "MultiPolygon", "coordinates": [ [ [ [ -64.1888, -31.4034, 0.0 ], [ -64.1875, -31.4038, 0.0 ], [ -64.1864, -31.404, 0.0 ], [ -64.1852, -31.4041, 0.0 ], [ -64.1827, -31.4042, 0.0 ], [ -64.1824, -31.4042, 0.0 ], [ -64.1809, -31.4048, 0.0 ], [ -64.1795, -31.4049, 0.0 ], [ -64.1767, -31.4058, 0.0 ], [ -64.1758, -31.4054, 0.0 ], [ -64.1758, -31.4049, 0.0 ], [ -64.1758, -31.4038, 0.0 ], [ -64.1758, -31.4026, 0.0 ], [ -64.1758, -31.4013, 0.0 ], [ -64.1758, -31.4, 0.0 ], [ -64.1759, -31.3995, 0.0 ], [ -64.1759, -31.3981, 0.0 ], [ -64.177, -31.3979, 0.0 ], [ -64.1784, -31.3975, 0.0 ], [ -64.1852, -31.3959, 0.0 ], [ -64.1859, -31.3957, 0.0 ], [ -64.1872, -31.3952, 0.0 ], [ -64.1884, -31.3948, 0.0 ], [ -64.1895, -31.394, 0.0 ], [ -64.1906, -31.3931, 0.0 ], [ -64.1918, -31.3924, 0.0 ], [ -64.1926, -31.3921, 0.0 ], [ -64.1931, -31.392, 0.0 ], [ -64.1932, -31.3928, 0.0 ], [ -64.1933, -31.3935, 0.0 ], [ -64.1934, -31.3941, 0.0 ], [ -64.1936, -31.3951, 0.0 ], [ -64.1936, -31.3953, 0.0 ], [ -64.1937, -31.3965, 0.0 ], [ -64.1937, -31.397, 0.0 ], [ -64.1936, -31.3977, 0.0 ], [ -64.1934, -31.3987, 0.0 ], [ -64.193, -31.3997, 0.0 ], [ -64.1927, -31.4001, 0.0 ], [ -64.1924, -31.4006, 0.0 ], [ -64.1917, -31.4014, 0.0 ], [ -64.1908, -31.4021, 0.0 ], [ -64.1898, -31.4029, 0.0 ], [ -64.1888, -31.4034, 0.0 ] ] ] ] } },
{ "type": "Feature", "properties": { "circuito": "0007E", "codprov": "04", "coddepto": "001" }, "geometry": { "type": "MultiPolygon", "coordinates": [ [ [ [ -64.1863, -31.3571, 0.0 ], [ -64.1857, -31.3571, 0.0 ], [ -64.1856, -31.3566, 0.0 ], [ -64.1855, -31.3562, 0.0 ], [ -64.1854, -31.3555, 0.0 ], [ -64.1875, -31.355, 0.0 ], [ -64.1921, -31.3539, 0.0 ], [ -64.1957, -31.3534, 0.0 ], [ -64.2022, -31.3541, 0.0 ], [ -64.2026, -31.3541, 0.0 ], [ -64.2034, -31.3573, 0.0 ], [ -64.2039, -31.36, 0.0 ], [ -64.2043, -31.3624, 0.0 ], [ -64.2045, -31.3636, 0.0 ], [ -64.2046, -31.364, 0.0 ], [ -64.2047, -31.3645, 0.0 ], [ -64.2048, -31.3653, 0.0 ], [ -64.2051, -31.3666, 0.0 ], [ -64.2051, -31.367, 0.0 ], [ -64.2055, -31.369, 0.0 ], [ -64.2056, -31.3694, 0.0 ], [ -64.2058, -31.3705, 0.0 ], [ -64.2046, -31.3708, 0.0 ], [ -64.2037, -31.3711, 0.0 ], [ -64.2026, -31.3714, 0.0 ], [ -64.2004, -31.372, 0.0 ], [ -64.1997, -31.3721, 0.0 ], [ -64.199, -31.3723, 0.0 ], [ -64.1982, -31.3725, 0.0 ], [ -64.1977, -31.3727, 0.0 ], [ -64.1974, -31.3727, 0.0 ], [ -64.197, -31.3728, 0.0 ], [ -64.1963, -31.373, 0.0 ], [ -64.1956, -31.3732, 0.0 ], [ -64.1954, -31.3732, 0.0 ], [ -64.1949, -31.3734, 0.0 ], [ -64.1944, -31.3735, 0.0 ], [ -64.1943, -31.3735, 0.0 ], [ -64.1938, -31.3736, 0.0 ], [ -64.1936, -31.3737, 0.0 ], [ -64.1929, -31.3739, 0.0 ], [ -64.1923, -31.374, 0.0 ], [ -64.1916, -31.3743, 0.0 ], [ -64.1912, -31.3744, 0.0 ], [ -64.1908, -31.3746, 0.0 ], [ -64.1904, -31.3748, 0.0 ], [ -64.1899, -31.3752, 0.0 ], [ -64.1897, -31.3757, 0.0 ], [ -64.1895, -31.3748, 0.0 ], [ -64.1892, -31.3731, 0.0 ], [ -64.189, -31.3718, 0.0 ], [ -64.1887, -31.3702, 0.0 ], [ -64.1886, -31.3697, 0.0 ], [ -64.1884, -31.3687, 0.0 ], [ -64.1881, -31.3674, 0.0 ], [ -64.1881, -31.3667, 0.0 ], [ -64.1876, -31.3643, 0.0 ], [ -64.1876, -31.3642, 0.0 ], [ -64.1874, -31.3631, 0.0 ], [ -64.1872, -31.362, 0.0 ], [ -64.1872, -31.3618, 0.0 ], [ -64.1867, -31.3595, 0.0 ], [ -64.1867, -31.3593, 0.0 ], [ -64.1863, -31.3573, 0.0 ], [ -64.1863, -31.3571, 0.0 ] ] ] ] } },
{ "type": "Feature", "properties": { "circuito": "0007G", "codprov": "04", "coddepto": "001" }, "geometry": { "type": "MultiPolygon", "coordinates": [ [ [ [ -64.1759, -31.3691, 0.0 ], [ -64.1759, -31.3679, 0.0 ], [ -64.1759, -31.3664, 0.0 ], [ -64.1758, -31.3648, 0.0 ], [ -64.1758, -31.3634, 0.0 ], [ -64.1758, -31.3626, 0.0 ], [ -64.1758, -31.3618, 0.0 ], [ -64.1759, -31.3611, 0.0 ], [ -64.176, -31.3575, 0.0 ], [ -64.1785, -31.3571, 0.0 ], [ -64.1822, -31.3563, 0.0 ], [ -64.1852, -31.3556, 0.0 ], [ -64.1854, -31.3555, 0.0 ], [ -64.1855, -31.3562, 0.0 ], [ -64.1856, -31.3566, 0.0 ], [ -64.1857, -31.3571, 0.0 ], [ -64.1863, -31.3571, 0.0 ], [ -64.1863, -31.3573, 0.0 ], [ -64.1867, -31.3593, 0.0 ], [ -64.1867, -31.3595, 0.0 ], [ -64.1872, -31.3618, 0.0 ], [ -64.1872, -31.362, 0.0 ], [ -64.1874, -31.3631, 0.0 ], [ -64.1876, -31.3642, 0.0 ], [ -64.1876, -31.3643, 0.0 ], [ -64.1881, -31.3667, 0.0 ], [ -64.1881, -31.3674, 0.0 ], [ -64.1884, -31.3687, 0.0 ], [ -64.1886, -31.3697, 0.0 ], [ -64.1887, -31.3702, 0.0 ], [ -64.189, -31.3718, 0.0 ], [ -64.1892, -31.3731, 0.0 ], [ -64.1895, -31.3748, 0.0 ], [ -64.1892, -31.3748, 0.0 ], [ -64.1879, -31.3751, 0.0 ], [ -64.1868, -31.3751, 0.0 ], [ -64.1853, -31.375, 0.0 ], [ -64.1852, -31.3754, 0.0 ], [ -64.1838, -31.3755, 0.0 ], [ -64.1828, -31.3757, 0.0 ], [ -64.1822, -31.3758, 0.0 ], [ -64.1816, -31.3759, 0.0 ], [ -64.1809, -31.3759, 0.0 ], [ -64.181, -31.3761, 0.0 ], [ -64.1789, -31.376, 0.0 ], [ -64.1779, -31.3756, 0.0 ], [ -64.1766, -31.3747, 0.0 ], [ -64.176, -31.3747, 0.0 ], [ -64.176, -31.3745, 0.0 ], [ -64.176, -31.3742, 0.0 ], [ -64.176, -31.3724, 0.0 ], [ -64.176, -31.372, 0.0 ], [ -64.1759, -31.3713, 0.0 ], [ -64.1759, -31.371, 0.0 ], [ -64.1759, -31.3702, 0.0 ], [ -64.1759, -31.3699, 0.0 ], [ -64.1759, -31.3691, 0.0 ] ] ] ] } },
{ "type": "Feature", "properties": { "circuito": "00008", "codprov": "04", "coddepto": "001" }, "geometry": { "type": "MultiPolygon", "coordinates": [ [ [ [ -64.0944, -31.3797, 0.0 ], [ -64.0973, -31.3902, 0.0 ], [ -64.0986, -31.3938, 0.0 ], [ -64.0816, -31.3888, 0.0 ], [ -64.0814, -31.3888, 0.0 ], [ -64.0807, -31.3886, 0.0 ], [ -64.0733, -31.3866, 0.0 ], [ -64.0733, -31.3864, 0.0 ], [ -64.0733, -31.3818, 0.0 ], [ -64.0733, -31.3756, 0.0 ], [ -64.0733, -31.3755, 0.0 ], [ -64.0733, -31.3751, 0.0 ], [ -64.0733, -31.3749, 0.0 ], [ -64.0782, -31.376, 0.0 ], [ -64.0916, -31.379, 0.0 ], [ -64.0933, -31.3794, 0.0 ], [ -64.0944, -31.3797, 0.0 ] ] ] ] } },
{ "type": "Feature", "properties": { "circuito": "0008A", "codprov": "04", "coddepto": "001" }, "geometry": { "type": "MultiPolygon", "coordinates": [ [ [ [ -64.1217, -31.386, 0.0 ], [ -64.1231, -31.3863, 0.0 ], [ -64.124, -31.3865, 0.0 ], [ -64.1257, -31.3869, 0.0 ], [ -64.1257, -31.3873, 0.0 ], [ -64.1258, -31.3881, 0.0 ], [ -64.1259, -31.389, 0.0 ], [ -64.1261, -31.39, 0.0 ], [ -64.1266, -31.3921, 0.0 ], [ -64.1271, -31.3937, 0.0 ], [ -64.1275, -31.3953, 0.0 ], [ -64.1279, -31.3971, 0.0 ], [ -64.1279, -31.3976, 0.0 ], [ -64.1234, -31.3975, 0.0 ], [ -64.1128, -31.3966, 0.0 ], [ -64.1128, -31.3965, 0.0 ], [ -64.1076, -31.3964, 0.0 ], [ -64.0986, -31.3938, 0.0 ], [ -64.0973, -31.3902, 0.0 ], [ -64.0944, -31.3797, 0.0 ], [ -64.0968, -31.3803, 0.0 ], [ -64.098, -31.3806, 0.0 ], [ -64.1044, -31.3821, 0.0 ], [ -64.105, -31.3822, 0.0 ], [ -64.1087, -31.383, 0.0 ], [ -64.1107, -31.3835, 0.0 ], [ -64.1181, -31.3852, 0.0 ], [ -64.1196, -31.3856, 0.0 ], [ -64.1217, -31.386, 0.0 ] ] ] ] } },
{ "type": "Feature", "properties": { "circuito": "0008B", "codprov": "04", "coddepto": "001" }, "geometry": { "type": "MultiPolygon", "coordinates": [ [ [ [ -64.1426, -31.3992, 0.0 ], [ -64.1413, -31.3989, 0.0 ], [ -64.1422, -31.3965, 0.0 ], [ -64.1423, -31.396, 0.0 ], [ -64.1423, -31.3943, 0.0 ], [ -64.1423, -31.3938, 0.0 ], [ -64.1423, -31.3934, 0.0 ], [ -64.1423, -31.3929, 0.0 ], [ -64.1423, -31.3925, 0.0 ], [ -64.1423, -31.392, 0.0 ], [ -64.1423, -31.3915, 0.0 ], [ -64.1423, -31.3912, 0.0 ], [ -64.1429, -31.3914, 0.0 ], [ -64.1436, -31.3915, 0.0 ], [ -64.1442, -31.3917, 0.0 ], [ -64.1448, -31.3918, 0.0 ], [ -64.1455, -31.392, 0.0 ], [ -64.1462, -31.3921, 0.0 ], [ -64.1469, -31.3923, 0.0 ], [ -64.1477, -31.3924, 0.0 ], [ -64.148, -31.3925, 0.0 ], [ -64.1487, -31.3927, 0.0 ], [ -64.1493, -31.3929, 0.0 ], [ -64.1499, -31.3931, 0.0 ], [ -64.1509, -31.3934, 0.0 ], [ -64.1519, -31.3937, 0.0 ], [ -64.1529, -31.394, 0.0 ], [ -64.154, -31.3943, 0.0 ], [ -64.155, -31.3947, 0.0 ], [ -64.1559, -31.395, 0.0 ], [ -64.1579, -31.3956, 0.0 ], [ -64.1585, -31.3958, 0.0 ], [ -64.1591, -31.396, 0.0 ], [ -64.1599, -31.3962, 0.0 ], [ -64.1618, -31.3968, 0.0 ], [ -64.1629, -31.3971, 0.0 ], [ -64.1639, -31.3975, 0.0 ], [ -64.1658, -31.398, 0.0 ], [ -64.1671, -31.3984, 0.0 ], [ -64.1678, -31.3987, 0.0 ], [ -64.1687, -31.399, 0.0 ], [ -64.1699, -31.3993, 0.0 ], [ -64.1711, -31.3996, 0.0 ], [ -64.1715, -31.3997, 0.0 ], [ -64.1721, -31.3997, 0.0 ], [ -64.1723, -31.3997, 0.0 ], [ -64.1732, -31.3998, 0.0 ], [ -64.1737, -31.3997, 0.0 ], [ -64.1742, -31.3997, 0.0 ], [ -64.175, -31.3996, 0.0 ], [ -64.1759, -31.3995, 0.0 ], [ -64.1758, -31.4, 0.0 ], [ -64.1758, -31.4013, 0.0 ], [ -64.1758, -31.4026, 0.0 ], [ -64.1758, -31.4038, 0.0 ], [ -64.1758, -31.4049, 0.0 ], [ -64.1758, -31.4054, 0.0 ], [ -64.1767, -31.4058, 0.0 ], [ -64.1756, -31.4067, 0.0 ], [ -64.175, -31.4072, 0.0 ], [ -64.1748, -31.4077, 0.0 ], [ -64.1746, -31.4085, 0.0 ], [ -64.1735, -31.4087, 0.0 ], [ -64.1731, -31.4086, 0.0 ], [ -64.1718, -31.4083, 0.0 ], [ -64.1706, -31.408, 0.0 ], [ -64.1694, -31.4077, 0.0 ], [ -64.1692, -31.4076, 0.0 ], [ -64.1682, -31.4074, 0.0 ], [ -64.167, -31.407, 0.0 ], [ -64.1658, -31.4067, 0.0 ], [ -64.1646, -31.4064, 0.0 ], [ -64.164, -31.4063, 0.0 ], [ -64.1635, -31.4061, 0.0 ], [ -64.1626, -31.4059, 0.0 ], [ -64.1614, -31.4056, 0.0 ], [ -64.1606, -31.4054, 0.0 ], [ -64.1592, -31.405, 0.0 ], [ -64.1567, -31.4043, 0.0 ], [ -64.1561, -31.4042, 0.0 ], [ -64.1547, -31.4038, 0.0 ], [ -64.1514, -31.4022, 0.0 ], [ -64.1513, -31.4022, 0.0 ], [ -64.1493, -31.4013, 0.0 ], [ -64.148, -31.4008, 0.0 ], [ -64.1463, -31.4002, 0.0 ], [ -64.1443, -31.3996, 0.0 ], [ -64.1426, -31.3992, 0.0 ] ] ] ] } },
{ "type": "Feature", "properties": { "circuito": "0009A", "codprov": "04", "coddepto": "001" }, "geometry": { "type": "MultiPolygon", "coordinates": [ [ [ [ -64.2146, -31.3676, 0.0 ], [ -64.2152, -31.3674, 0.0 ], [ -64.2158, -31.3669, 0.0 ], [ -64.2163, -31.3666, 0.0 ], [ -64.2176, -31.3656, 0.0 ], [ -64.2199, -31.3645, 0.0 ], [ -64.2201, -31.3649, 0.0 ], [ -64.2205, -31.3659, 0.0 ], [ -64.2207, -31.3665, 0.0 ], [ -64.2209, -31.3673, 0.0 ], [ -64.221, -31.3678, 0.0 ], [ -64.2212, -31.3687, 0.0 ], [ -64.2215, -31.3699, 0.0 ], [ -64.2217, -31.3711, 0.0 ], [ -64.2219, -31.3719, 0.0 ], [ -64.2208, -31.3723, 0.0 ], [ -64.2202, -31.3724, 0.0 ], [ -64.2198, -31.3726, 0.0 ], [ -64.2195, -31.3727, 0.0 ], [ -64.2192, -31.3728, 0.0 ], [ -64.2188, -31.3729, 0.0 ], [ -64.2179, -31.3732, 0.0 ], [ -64.2176, -31.3733, 0.0 ], [ -64.2171, -31.3735, 0.0 ], [ -64.2162, -31.3738, 0.0 ], [ -64.2157, -31.3739, 0.0 ], [ -64.2153, -31.374, 0.0 ], [ -64.2145, -31.3743, 0.0 ], [ -64.2138, -31.3745, 0.0 ], [ -64.2124, -31.375, 0.0 ], [ -64.2121, -31.3751, 0.0 ], [ -64.2117, -31.3752, 0.0 ], [ -64.211, -31.3754, 0.0 ], [ -64.2104, -31.3756, 0.0 ], [ -64.2097, -31.3757, 0.0 ], [ -64.2089, -31.3759, 0.0 ], [ -64.2083, -31.3761, 0.0 ], [ -64.2076, -31.3763, 0.0 ], [ -64.2069, -31.3765, 0.0 ], [ -64.2068, -31.3757, 0.0 ], [ -64.2066, -31.3751, 0.0 ], [ -64.2065, -31.3745, 0.0 ], [ -64.2064, -31.3739, 0.0 ], [ -64.2062, -31.3729, 0.0 ], [ -64.2061, -31.3722, 0.0 ], [ -64.206, -31.3717, 0.0 ], [ -64.2058, -31.3707, 0.0 ], [ -64.2058, -31.3705, 0.0 ], [ -64.2065, -31.3703, 0.0 ], [ -64.2071, -31.3701, 0.0 ], [ -64.2076, -31.3699, 0.0 ], [ -64.2082, -31.3697, 0.0 ], [ -64.2087, -31.3696, 0.0 ], [ -64.2093, -31.3694, 0.0 ], [ -64.2099, -31.3691, 0.0 ], [ -64.2105, -31.369, 0.0 ], [ -64.211, -31.3688, 0.0 ], [ -64.2116, -31.3686, 0.0 ], [ -64.2123, -31.3684, 0.0 ], [ -64.2128, -31.3682, 0.0 ], [ -64.2133, -31.3679, 0.0 ], [ -64.2139, -31.3678, 0.0 ], [ -64.2146, -31.3676, 0.0 ] ] ] ] } },
{ "type": "Feature", "properties": { "circuito": "0009B", "codprov": "04", "coddepto": "001" }, "geometry": { "type": "MultiPolygon", "coordinates": [ [ [ [ -64.2232, -31.3773, 0.0 ], [ -64.2233, -31.3781, 0.0 ], [ -64.2237, -31.3791, 0.0 ], [ -64.2231, -31.38, 0.0 ], [ -64.2235, -31.381, 0.0 ], [ -64.2238, -31.3819, 0.0 ], [ -64.2234, -31.3825, 0.0 ], [ -64.223, -31.3827, 0.0 ], [ -64.2225, -31.3831, 0.0 ], [ -64.2214, -31.3829, 0.0 ], [ -64.2209, -31.3828, 0.0 ], [ -64.2207, -31.3828, 0.0 ], [ -64.2192, -31.3825, 0.0 ], [ -64.2187, -31.3825, 0.0 ], [ -64.2175, -31.3822, 0.0 ], [ -64.2167, -31.3822, 0.0 ], [ -64.2162, -31.3823, 0.0 ], [ -64.2149, -31.3827, 0.0 ], [ -64.2139, -31.3829, 0.0 ], [ -64.2136, -31.3831, 0.0 ], [ -64.2132, -31.3831, 0.0 ], [ -64.2125, -31.3834, 0.0 ], [ -64.2122, -31.3834, 0.0 ], [ -64.2119, -31.3835, 0.0 ], [ -64.211, -31.3838, 0.0 ], [ -64.2101, -31.384, 0.0 ], [ -64.2097, -31.3842, 0.0 ], [ -64.2084, -31.3846, 0.0 ], [ -64.2072, -31.3851, 0.0 ], [ -64.2077, -31.3837, 0.0 ], [ -64.2078, -31.383, 0.0 ], [ -64.2073, -31.3821, 0.0 ], [ -64.2071, -31.3818, 0.0 ], [ -64.2074, -31.3803, 0.0 ], [ -64.2075, -31.3801, 0.0 ], [ -64.2075, -31.3795, 0.0 ], [ -64.2074, -31.3793, 0.0 ], [ -64.2074, -31.3789, 0.0 ], [ -64.2072, -31.3783, 0.0 ], [ -64.2071, -31.3775, 0.0 ], [ -64.2069, -31.3765, 0.0 ], [ -64.2076, -31.3763, 0.0 ], [ -64.2083, -31.3761, 0.0 ], [ -64.2089, -31.3759, 0.0 ], [ -64.2097, -31.3757, 0.0 ], [ -64.2104, -31.3756, 0.0 ], [ -64.211, -31.3754, 0.0 ], [ -64.2117, -31.3752, 0.0 ], [ -64.2121, -31.3751, 0.0 ], [ -64.2124, -31.375, 0.0 ], [ -64.2138, -31.3745, 0.0 ], [ -64.2145, -31.3743, 0.0 ], [ -64.2153, -31.374, 0.0 ], [ -64.2157, -31.3739, 0.0 ], [ -64.2162, -31.3738, 0.0 ], [ -64.2171, -31.3735, 0.0 ], [ -64.2176, -31.3733, 0.0 ], [ -64.2179, -31.3732, 0.0 ], [ -64.2188, -31.3729, 0.0 ], [ -64.2192, -31.3728, 0.0 ], [ -64.2195, -31.3727, 0.0 ], [ -64.2198, -31.3726, 0.0 ], [ -64.2202, -31.3724, 0.0 ], [ -64.2208, -31.3723, 0.0 ], [ -64.2219, -31.3719, 0.0 ], [ -64.2221, -31.3725, 0.0 ], [ -64.2224, -31.374, 0.0 ], [ -64.2225, -31.3742, 0.0 ], [ -64.2227, -31.3752, 0.0 ], [ -64.2229, -31.3761, 0.0 ], [ -64.2232, -31.3773, 0.0 ] ] ] ] } },
{ "type": "Feature", "properties": { "circuito": "0009C", "codprov": "04", "coddepto": "001" }, "geometry": { "type": "MultiPolygon", "coordinates": [ [ [ [ -64.1987, -31.3827, 0.0 ], [ -64.1978, -31.3834, 0.0 ], [ -64.1969, -31.3841, 0.0 ], [ -64.1963, -31.3846, 0.0 ], [ -64.1958, -31.3848, 0.0 ], [ -64.1955, -31.3849, 0.0 ], [ -64.1953, -31.385, 0.0 ], [ -64.1946, -31.3854, 0.0 ], [ -64.1935, -31.386, 0.0 ], [ -64.1929, -31.3863, 0.0 ], [ -64.1925, -31.3866, 0.0 ], [ -64.1921, -31.3868, 0.0 ], [ -64.1919, -31.3865, 0.0 ], [ -64.1916, -31.3851, 0.0 ], [ -64.1913, -31.3844, 0.0 ], [ -64.1912, -31.3839, 0.0 ], [ -64.191, -31.3827, 0.0 ], [ -64.1908, -31.3815, 0.0 ], [ -64.1905, -31.3804, 0.0 ], [ -64.1902, -31.3793, 0.0 ], [ -64.19, -31.3781, 0.0 ], [ -64.1899, -31.377, 0.0 ], [ -64.1898, -31.3763, 0.0 ], [ -64.1897, -31.3757, 0.0 ], [ -64.1899, -31.3752, 0.0 ], [ -64.1904, -31.3748, 0.0 ], [ -64.1908, -31.3746, 0.0 ], [ -64.1912, -31.3744, 0.0 ], [ -64.1916, -31.3743, 0.0 ], [ -64.1923, -31.374, 0.0 ], [ -64.1929, -31.3739, 0.0 ], [ -64.1936, -31.3737, 0.0 ], [ -64.1938, -31.3736, 0.0 ], [ -64.1943, -31.3735, 0.0 ], [ -64.1944, -31.3735, 0.0 ], [ -64.1949, -31.3734, 0.0 ], [ -64.1954, -31.3732, 0.0 ], [ -64.1956, -31.3732, 0.0 ], [ -64.1963, -31.373, 0.0 ], [ -64.197, -31.3728, 0.0 ], [ -64.1974, -31.3727, 0.0 ], [ -64.1977, -31.3727, 0.0 ], [ -64.1982, -31.3725, 0.0 ], [ -64.199, -31.3723, 0.0 ], [ -64.1997, -31.3721, 0.0 ], [ -64.2004, -31.372, 0.0 ], [ -64.2026, -31.3714, 0.0 ], [ -64.2037, -31.3711, 0.0 ], [ -64.2046, -31.3708, 0.0 ], [ -64.2058, -31.3705, 0.0 ], [ -64.2058, -31.3707, 0.0 ], [ -64.206, -31.3717, 0.0 ], [ -64.2061, -31.3722, 0.0 ], [ -64.2062, -31.3729, 0.0 ], [ -64.2064, -31.3739, 0.0 ], [ -64.2065, -31.3745, 0.0 ], [ -64.2066, -31.3751, 0.0 ], [ -64.2068, -31.3757, 0.0 ], [ -64.2069, -31.3765, 0.0 ], [ -64.2061, -31.3769, 0.0 ], [ -64.2051, -31.3777, 0.0 ], [ -64.2049, -31.3778, 0.0 ], [ -64.2046, -31.3781, 0.0 ], [ -64.2042, -31.3784, 0.0 ], [ -64.2031, -31.3792, 0.0 ], [ -64.2024, -31.3798, 0.0 ], [ -64.2017, -31.3803, 0.0 ], [ -64.2014, -31.3806, 0.0 ], [ -64.2006, -31.3812, 0.0 ], [ -64.2004, -31.3814, 0.0 ], [ -64.2001, -31.3816, 0.0 ], [ -64.1996, -31.382, 0.0 ], [ -64.1987, -31.3827, 0.0 ] ] ] ] } },
{ "type": "Feature", "properties": { "circuito": "0009D", "codprov": "04", "coddepto": "001" }, "geometry": { "type": "MultiPolygon", "coordinates": [ [ [ [ -64.2026, -31.3541, 0.0 ], [ -64.2142, -31.3552, 0.0 ], [ -64.2186, -31.3545, 0.0 ], [ -64.2197, -31.36, 0.0 ], [ -64.2199, -31.3612, 0.0 ], [ -64.2205, -31.3641, 0.0 ], [ -64.2199, -31.3645, 0.0 ], [ -64.2176, -31.3656, 0.0 ], [ -64.2163, -31.3666, 0.0 ], [ -64.2158, -31.3669, 0.0 ], [ -64.2152, -31.3674, 0.0 ], [ -64.2146, -31.3676, 0.0 ], [ -64.2139, -31.3678, 0.0 ], [ -64.2133, -31.3679, 0.0 ], [ -64.2128, -31.3682, 0.0 ], [ -64.2123, -31.3684, 0.0 ], [ -64.2116, -31.3686, 0.0 ], [ -64.211, -31.3688, 0.0 ], [ -64.2105, -31.369, 0.0 ], [ -64.2099, -31.3691, 0.0 ], [ -64.2093, -31.3694, 0.0 ], [ -64.2087, -31.3696, 0.0 ], [ -64.2082, -31.3697, 0.0 ], [ -64.2076, -31.3699, 0.0 ], [ -64.2071, -31.3701, 0.0 ], [ -64.2065, -31.3703, 0.0 ], [ -64.2058, -31.3705, 0.0 ], [ -64.2056, -31.3694, 0.0 ], [ -64.2055, -31.369, 0.0 ], [ -64.2051, -31.367, 0.0 ], [ -64.2051, -31.3666, 0.0 ], [ -64.2048, -31.3653, 0.0 ], [ -64.2047, -31.3645, 0.0 ], [ -64.2046, -31.364, 0.0 ], [ -64.2045, -31.3636, 0.0 ], [ -64.2043, -31.3624, 0.0 ], [ -64.2039, -31.36, 0.0 ], [ -64.2034, -31.3573, 0.0 ], [ -64.2026, -31.3541, 0.0 ] ] ] ] } },
{ "type": "Feature", "properties": { "circuito": "0009E", "codprov": "04", "coddepto": "001" }, "geometry": { "type": "MultiPolygon", "coordinates": [ [ [ [ -64.2019, -31.404, 0.0 ], [ -64.2006, -31.4044, 0.0 ], [ -64.1994, -31.4048, 0.0 ], [ -64.1978, -31.405, 0.0 ], [ -64.1965, -31.4053, 0.0 ], [ -64.194, -31.4057, 0.0 ], [ -64.1939, -31.4052, 0.0 ], [ -64.1935, -31.4052, 0.0 ], [ -64.1924, -31.4053, 0.0 ], [ -64.1912, -31.4054, 0.0 ], [ -64.19, -31.4054, 0.0 ], [ -64.189, -31.4055, 0.0 ], [ -64.1889, -31.4048, 0.0 ], [ -64.1889, -31.4043, 0.0 ], [ -64.1888, -31.404, 0.0 ], [ -64.1888, -31.4034, 0.0 ], [ -64.1898, -31.4029, 0.0 ], [ -64.1909, -31.4034, 0.0 ], [ -64.1913, -31.4036, 0.0 ], [ -64.1919, -31.4039, 0.0 ], [ -64.1923, -31.4039, 0.0 ], [ -64.1934, -31.4038, 0.0 ], [ -64.195, -31.4037, 0.0 ], [ -64.1954, -31.4032, 0.0 ], [ -64.1956, -31.4027, 0.0 ], [ -64.1959, -31.4023, 0.0 ], [ -64.1964, -31.4014, 0.0 ], [ -64.1971, -31.4006, 0.0 ], [ -64.1977, -31.3997, 0.0 ], [ -64.1981, -31.3987, 0.0 ], [ -64.1988, -31.3978, 0.0 ], [ -64.1996, -31.3971, 0.0 ], [ -64.2005, -31.3964, 0.0 ], [ -64.2013, -31.3956, 0.0 ], [ -64.2014, -31.3957, 0.0 ], [ -64.2036, -31.3916, 0.0 ], [ -64.2045, -31.3921, 0.0 ], [ -64.2052, -31.3926, 0.0 ], [ -64.2044, -31.3931, 0.0 ], [ -64.2039, -31.3936, 0.0 ], [ -64.2033, -31.3943, 0.0 ], [ -64.2028, -31.3953, 0.0 ], [ -64.2029, -31.3964, 0.0 ], [ -64.203, -31.3969, 0.0 ], [ -64.2026, -31.397, 0.0 ], [ -64.2027, -31.3976, 0.0 ], [ -64.203, -31.3981, 0.0 ], [ -64.2041, -31.3986, 0.0 ], [ -64.2044, -31.3987, 0.0 ], [ -64.2046, -31.3989, 0.0 ], [ -64.2049, -31.3999, 0.0 ], [ -64.2051, -31.4005, 0.0 ], [ -64.2051, -31.4013, 0.0 ], [ -64.2053, -31.4021, 0.0 ], [ -64.205, -31.4029, 0.0 ], [ -64.205, -31.403, 0.0 ], [ -64.2042, -31.4035, 0.0 ], [ -64.2026, -31.4044, 0.0 ], [ -64.2022, -31.4045, 0.0 ], [ -64.2019, -31.404, 0.0 ] ] ] ] } },
{ "type": "Feature", "properties": { "circuito": "0009F", "codprov": "04", "coddepto": "001" }, "geometry": { "type": "MultiPolygon", "coordinates": [ [ [ [ -64.1981, -31.3987, 0.0 ], [ -64.1977, -31.3997, 0.0 ], [ -64.1971, -31.4006, 0.0 ], [ -64.1964, -31.4014, 0.0 ], [ -64.1959, -31.4023, 0.0 ], [ -64.1956, -31.4027, 0.0 ], [ -64.1954, -31.4032, 0.0 ], [ -64.195, -31.4037, 0.0 ], [ -64.1934, -31.4038, 0.0 ], [ -64.1923, -31.4039, 0.0 ], [ -64.1919, -31.4039, 0.0 ], [ -64.1913, -31.4036, 0.0 ], [ -64.1909, -31.4034, 0.0 ], [ -64.1898, -31.4029, 0.0 ], [ -64.1908, -31.4021, 0.0 ], [ -64.1917, -31.4014, 0.0 ], [ -64.1924, -31.4006, 0.0 ], [ -64.1927, -31.4001, 0.0 ], [ -64.193, -31.3997, 0.0 ], [ -64.1934, -31.3987, 0.0 ], [ -64.1936, -31.3977, 0.0 ], [ -64.1937, -31.397, 0.0 ], [ -64.1937, -31.3965, 0.0 ], [ -64.1936, -31.3953, 0.0 ], [ -64.1936, -31.3951, 0.0 ], [ -64.1934, -31.3941, 0.0 ], [ -64.1933, -31.3935, 0.0 ], [ -64.1932, -31.3928, 0.0 ], [ -64.1931, -31.392, 0.0 ], [ -64.193, -31.3916, 0.0 ], [ -64.1923, -31.3878, 0.0 ], [ -64.1921, -31.3868, 0.0 ], [ -64.1925, -31.3866, 0.0 ], [ -64.1929, -31.3863, 0.0 ], [ -64.1935, -31.386, 0.0 ], [ -64.1946, -31.3854, 0.0 ], [ -64.1953, -31.385, 0.0 ], [ -64.1955, -31.3849, 0.0 ], [ -64.1958, -31.3848, 0.0 ], [ -64.1963, -31.3846, 0.0 ], [ -64.1969, -31.3841, 0.0 ], [ -64.1978, -31.3834, 0.0 ], [ -64.1987, -31.3827, 0.0 ], [ -64.1996, -31.382, 0.0 ], [ -64.2001, -31.3816, 0.0 ], [ -64.2004, -31.3814, 0.0 ], [ -64.2006, -31.3812, 0.0 ], [ -64.2014, -31.3806, 0.0 ], [ -64.2017, -31.3803, 0.0 ], [ -64.2024, -31.3798, 0.0 ], [ -64.2031, -31.3792, 0.0 ], [ -64.2042, -31.3784, 0.0 ], [ -64.2046, -31.3781, 0.0 ], [ -64.2049, -31.3778, 0.0 ], [ -64.2051, -31.3777, 0.0 ], [ -64.2061, -31.3769, 0.0 ], [ -64.2069, -31.3765, 0.0 ], [ -64.2071, -31.3775, 0.0 ], [ -64.2072, -31.3783, 0.0 ], [ -64.2074, -31.3789, 0.0 ], [ -64.2074, -31.3793, 0.0 ], [ -64.2075, -31.3795, 0.0 ], [ -64.2075, -31.3801, 0.0 ], [ -64.2074, -31.3803, 0.0 ], [ -64.2071, -31.3818, 0.0 ], [ -64.2073, -31.3821, 0.0 ], [ -64.2078, -31.383, 0.0 ], [ -64.2077, -31.3837, 0.0 ], [ -64.2072, -31.3851, 0.0 ], [ -64.2067, -31.3854, 0.0 ], [ -64.206, -31.3858, 0.0 ], [ -64.205, -31.3864, 0.0 ], [ -64.2041, -31.3875, 0.0 ], [ -64.2039, -31.388, 0.0 ], [ -64.2032, -31.3895, 0.0 ], [ -64.2023, -31.391, 0.0 ], [ -64.2035, -31.3915, 0.0 ], [ -64.2036, -31.3916, 0.0 ], [ -64.2014, -31.3957, 0.0 ], [ -64.2013, -31.3956, 0.0 ], [ -64.2005, -31.3964, 0.0 ], [ -64.1996, -31.3971, 0.0 ], [ -64.1988, -31.3978, 0.0 ], [ -64.1981, -31.3987, 0.0 ] ] ] ] } },
{ "type": "Feature", "properties": { "circuito": "0009G", "codprov": "04", "coddepto": "001" }, "geometry": { "type": "MultiPolygon", "coordinates": [ [ [ [ -64.217, -31.3877, 0.0 ], [ -64.2165, -31.3882, 0.0 ], [ -64.216, -31.3886, 0.0 ], [ -64.2149, -31.3895, 0.0 ], [ -64.2141, -31.3902, 0.0 ], [ -64.213, -31.3912, 0.0 ], [ -64.2125, -31.3918, 0.0 ], [ -64.2113, -31.3915, 0.0 ], [ -64.2106, -31.3914, 0.0 ], [ -64.2093, -31.3914, 0.0 ], [ -64.2087, -31.3914, 0.0 ], [ -64.2076, -31.3915, 0.0 ], [ -64.2067, -31.3918, 0.0 ], [ -64.2059, -31.3921, 0.0 ], [ -64.2052, -31.3926, 0.0 ], [ -64.2045, -31.3921, 0.0 ], [ -64.2036, -31.3916, 0.0 ], [ -64.2035, -31.3915, 0.0 ], [ -64.2023, -31.391, 0.0 ], [ -64.2032, -31.3895, 0.0 ], [ -64.2039, -31.388, 0.0 ], [ -64.2041, -31.3875, 0.0 ], [ -64.205, -31.3864, 0.0 ], [ -64.206, -31.3858, 0.0 ], [ -64.2067, -31.3854, 0.0 ], [ -64.2072, -31.3851, 0.0 ], [ -64.2084, -31.3846, 0.0 ], [ -64.2097, -31.3842, 0.0 ], [ -64.2101, -31.384, 0.0 ], [ -64.211, -31.3838, 0.0 ], [ -64.2119, -31.3835, 0.0 ], [ -64.2122, -31.3834, 0.0 ], [ -64.2125, -31.3834, 0.0 ], [ -64.2132, -31.3831, 0.0 ], [ -64.2136, -31.3831, 0.0 ], [ -64.2139, -31.3829, 0.0 ], [ -64.2149, -31.3827, 0.0 ], [ -64.2162, -31.3823, 0.0 ], [ -64.2167, -31.3822, 0.0 ], [ -64.2175, -31.3822, 0.0 ], [ -64.2187, -31.3825, 0.0 ], [ -64.2192, -31.3825, 0.0 ], [ -64.2207, -31.3828, 0.0 ], [ -64.2209, -31.3828, 0.0 ], [ -64.2214, -31.3829, 0.0 ], [ -64.2225, -31.3831, 0.0 ], [ -64.222, -31.3834, 0.0 ], [ -64.2213, -31.3837, 0.0 ], [ -64.2205, -31.3846, 0.0 ], [ -64.2202, -31.3847, 0.0 ], [ -64.2191, -31.3857, 0.0 ], [ -64.2178, -31.3869, 0.0 ], [ -64.217, -31.3877, 0.0 ] ] ] ] } },
{ "type": "Feature", "properties": { "circuito": "00010", "codprov": "04", "coddepto": "001" }, "geometry": { "type": "MultiPolygon", "coordinates": [ [ [ [ -64.196, -31.4382, 0.0 ], [ -64.1955, -31.4366, 0.0 ], [ -64.1951, -31.4356, 0.0 ], [ -64.1944, -31.4335, 0.0 ], [ -64.1947, -31.4329, 0.0 ], [ -64.1946, -31.4326, 0.0 ], [ -64.1944, -31.4324, 0.0 ], [ -64.194, -31.4325, 0.0 ], [ -64.1938, -31.4319, 0.0 ], [ -64.1936, -31.4315, 0.0 ], [ -64.1934, -31.431, 0.0 ], [ -64.1932, -31.4304, 0.0 ], [ -64.1931, -31.4302, 0.0 ], [ -64.1927, -31.4292, 0.0 ], [ -64.1925, -31.4289, 0.0 ], [ -64.192, -31.4278, 0.0 ], [ -64.1915, -31.4265, 0.0 ], [ -64.1923, -31.4263, 0.0 ], [ -64.1924, -31.4267, 0.0 ], [ -64.1937, -31.4264, 0.0 ], [ -64.1946, -31.4268, 0.0 ], [ -64.1947, -31.427, 0.0 ], [ -64.1949, -31.4269, 0.0 ], [ -64.1953, -31.4272, 0.0 ], [ -64.1968, -31.4279, 0.0 ], [ -64.1977, -31.4284, 0.0 ], [ -64.1986, -31.4286, 0.0 ], [ -64.1999, -31.4289, 0.0 ], [ -64.2014, -31.4287, 0.0 ], [ -64.2023, -31.4287, 0.0 ], [ -64.2031, -31.4286, 0.0 ], [ -64.2039, -31.4285, 0.0 ], [ -64.2045, -31.4285, 0.0 ], [ -64.2064, -31.428, 0.0 ], [ -64.2074, -31.4278, 0.0 ], [ -64.2082, -31.4278, 0.0 ], [ -64.2087, -31.4279, 0.0 ], [ -64.2093, -31.4283, 0.0 ], [ -64.2096, -31.4285, 0.0 ], [ -64.2103, -31.4291, 0.0 ], [ -64.2106, -31.4293, 0.0 ], [ -64.2108, -31.4293, 0.0 ], [ -64.2108, -31.4294, 0.0 ], [ -64.2109, -31.4298, 0.0 ], [ -64.2113, -31.4302, 0.0 ], [ -64.2116, -31.4315, 0.0 ], [ -64.2118, -31.4321, 0.0 ], [ -64.2119, -31.4324, 0.0 ], [ -64.2119, -31.4327, 0.0 ], [ -64.2121, -31.4332, 0.0 ], [ -64.2122, -31.4338, 0.0 ], [ -64.2124, -31.4345, 0.0 ], [ -64.2126, -31.435, 0.0 ], [ -64.2127, -31.4354, 0.0 ], [ -64.2136, -31.439, 0.0 ], [ -64.2137, -31.4393, 0.0 ], [ -64.2138, -31.4398, 0.0 ], [ -64.214, -31.4408, 0.0 ], [ -64.2141, -31.441, 0.0 ], [ -64.2142, -31.4413, 0.0 ], [ -64.2143, -31.4417, 0.0 ], [ -64.2144, -31.4423, 0.0 ], [ -64.2146, -31.4428, 0.0 ], [ -64.2147, -31.4432, 0.0 ], [ -64.2147, -31.4434, 0.0 ], [ -64.215, -31.4443, 0.0 ], [ -64.2151, -31.4448, 0.0 ], [ -64.2152, -31.445, 0.0 ], [ -64.2154, -31.4459, 0.0 ], [ -64.2156, -31.446, 0.0 ], [ -64.2155, -31.4461, 0.0 ], [ -64.214, -31.4459, 0.0 ], [ -64.2115, -31.4456, 0.0 ], [ -64.211, -31.4455, 0.0 ], [ -64.2093, -31.4453, 0.0 ], [ -64.2071, -31.4451, 0.0 ], [ -64.2049, -31.4448, 0.0 ], [ -64.2024, -31.4445, 0.0 ], [ -64.1979, -31.444, 0.0 ], [ -64.1977, -31.4436, 0.0 ], [ -64.1975, -31.4428, 0.0 ], [ -64.1966, -31.4402, 0.0 ], [ -64.1964, -31.4394, 0.0 ], [ -64.196, -31.4382, 0.0 ] ] ] ] } },
{ "type": "Feature", "properties": { "circuito": "0010A", "codprov": "04", "coddepto": "001" }, "geometry": { "type": "MultiPolygon", "coordinates": [ [ [ [ -64.2411, -31.5258, 0.0 ], [ -64.2335, -31.5257, 0.0 ], [ -64.2285, -31.5256, 0.0 ], [ -64.2284, -31.5256, 0.0 ], [ -64.2285, -31.4982, 0.0 ], [ -64.2293587, -31.4905783, 0.0 ], [ -64.2292, -31.4813, 0.0 ], [ -64.2312, -31.4813, 0.0 ], [ -64.2326, -31.4813, 0.0 ], [ -64.2341, -31.4814, 0.0 ], [ -64.2357, -31.4814, 0.0 ], [ -64.2372, -31.4815, 0.0 ], [ -64.2387, -31.4815, 0.0 ], [ -64.2398, -31.4815, 0.0 ], [ -64.2411, -31.4816, 0.0 ], [ -64.2413, -31.4816, 0.0 ], [ -64.2415, -31.4818, 0.0 ], [ -64.2417, -31.482, 0.0 ], [ -64.2419, -31.482, 0.0 ], [ -64.242, -31.4821, 0.0 ], [ -64.2424, -31.4825, 0.0 ], [ -64.2432, -31.4834, 0.0 ], [ -64.2445, -31.4845, 0.0 ], [ -64.2454, -31.4854, 0.0 ], [ -64.2463, -31.4862, 0.0 ], [ -64.2471, -31.4868, 0.0 ], [ -64.258, -31.498, 0.0 ], [ -64.2579, -31.526, 0.0 ], [ -64.2574, -31.526, 0.0 ], [ -64.246, -31.5259, 0.0 ], [ -64.2412, -31.5258, 0.0 ], [ -64.2411, -31.5258, 0.0 ] ] ] ] } },
{ "type": "Feature", "properties": { "circuito": "0010B", "codprov": "04", "coddepto": "001" }, "geometry": { "type": "MultiPolygon", "coordinates": [ [ [ [ -64.2009, -31.453, 0.0 ], [ -64.2007, -31.452, 0.0 ], [ -64.2004, -31.4512, 0.0 ], [ -64.2001, -31.4502, 0.0 ], [ -64.1997, -31.4491, 0.0 ], [ -64.1995, -31.4487, 0.0 ], [ -64.1993, -31.4481, 0.0 ], [ -64.199, -31.4471, 0.0 ], [ -64.1986, -31.446, 0.0 ], [ -64.1983, -31.445, 0.0 ], [ -64.1979, -31.444, 0.0 ], [ -64.2024, -31.4445, 0.0 ], [ -64.2049, -31.4448, 0.0 ], [ -64.2071, -31.4451, 0.0 ], [ -64.2093, -31.4453, 0.0 ], [ -64.211, -31.4455, 0.0 ], [ -64.2115, -31.4456, 0.0 ], [ -64.214, -31.4459, 0.0 ], [ -64.2155, -31.4461, 0.0 ], [ -64.2156, -31.446, 0.0 ], [ -64.2164, -31.4462, 0.0 ], [ -64.2195, -31.4469, 0.0 ], [ -64.2237, -31.4479, 0.0 ], [ -64.2267, -31.4485, 0.0 ], [ -64.2277, -31.4488, 0.0 ], [ -64.229, -31.4492, 0.0 ], [ -64.2321, -31.4503, 0.0 ], [ -64.2332, -31.4507, 0.0 ], [ -64.2341, -31.451, 0.0 ], [ -64.2348, -31.451, 0.0 ], [ -64.2355, -31.4511, 0.0 ], [ -64.2365, -31.4512, 0.0 ], [ -64.2427, -31.4515, 0.0 ], [ -64.2428, -31.4515, 0.0 ], [ -64.2427, -31.4557, 0.0 ], [ -64.2366, -31.4556, 0.0 ], [ -64.2178, -31.4554, 0.0 ], [ -64.217, -31.4556, 0.0 ], [ -64.2164, -31.4557, 0.0 ], [ -64.2146, -31.4561, 0.0 ], [ -64.2141, -31.4561, 0.0 ], [ -64.2135, -31.4563, 0.0 ], [ -64.2129, -31.4564, 0.0 ], [ -64.2113, -31.4567, 0.0 ], [ -64.2098, -31.457, 0.0 ], [ -64.2091, -31.4571, 0.0 ], [ -64.2086, -31.4557, 0.0 ], [ -64.208, -31.4558, 0.0 ], [ -64.2073, -31.4559, 0.0 ], [ -64.2066, -31.456, 0.0 ], [ -64.206, -31.4561, 0.0 ], [ -64.2053, -31.4563, 0.0 ], [ -64.2051, -31.4563, 0.0 ], [ -64.2046, -31.4564, 0.0 ], [ -64.2041, -31.4565, 0.0 ], [ -64.2034, -31.4566, 0.0 ], [ -64.2007, -31.4572, 0.0 ], [ -64.2011, -31.4561, 0.0 ], [ -64.2014, -31.4551, 0.0 ], [ -64.2012, -31.4543, 0.0 ], [ -64.2011, -31.4537, 0.0 ], [ -64.2009, -31.453, 0.0 ] ] ] ] } },
{ "type": "Feature", "properties": { "circuito": "0010C", "codprov": "04", "coddepto": "001" }, "geometry": { "type": "MultiPolygon", "coordinates": [ [ [ [ -64.2031, -31.4815, 0.0 ], [ -64.2028, -31.4808, 0.0 ], [ -64.2028, -31.4806, 0.0 ], [ -64.2026, -31.48, 0.0 ], [ -64.2025, -31.4796, 0.0 ], [ -64.2038, -31.4797, 0.0 ], [ -64.2051, -31.4797, 0.0 ], [ -64.2069, -31.4798, 0.0 ], [ -64.2079, -31.4798, 0.0 ], [ -64.2084, -31.4798, 0.0 ], [ -64.2086, -31.4803, 0.0 ], [ -64.2088, -31.4808, 0.0 ], [ -64.2091, -31.4817, 0.0 ], [ -64.2093, -31.4817, 0.0 ], [ -64.2096, -31.4817, 0.0 ], [ -64.2107, -31.4817, 0.0 ], [ -64.211, -31.4817, 0.0 ], [ -64.2116, -31.4817, 0.0 ], [ -64.2122, -31.4818, 0.0 ], [ -64.2128, -31.4818, 0.0 ], [ -64.2135, -31.4818, 0.0 ], [ -64.2141, -31.4818, 0.0 ], [ -64.2147, -31.4818, 0.0 ], [ -64.2158024, -31.482017, 0.0 ], [ -64.2157133, -31.4911699, 0.0 ], [ -64.2285, -31.4982, 0.0 ], [ -64.2284, -31.5256, 0.0 ], [ -64.2209, -31.5255, 0.0 ], [ -64.2133, -31.5254, 0.0 ], [ -64.213, -31.5254, 0.0 ], [ -64.2133, -31.4983, 0.0 ], [ -64.2132, -31.4983, 0.0 ], [ -64.2081, -31.4918, 0.0 ], [ -64.2046, -31.4864, 0.0 ], [ -64.2044, -31.4856, 0.0 ], [ -64.2041, -31.4849, 0.0 ], [ -64.2041, -31.4847, 0.0 ], [ -64.2037, -31.4836, 0.0 ], [ -64.2034, -31.4826, 0.0 ], [ -64.2031, -31.4815, 0.0 ] ] ] ] } },
{ "type": "Feature", "properties": { "circuito": "0010D", "codprov": "04", "coddepto": "001" }, "geometry": { "type": "MultiPolygon", "coordinates": [ [ [ [ -64.2524, -31.452, 0.0 ], [ -64.2588, -31.4647, 0.0 ], [ -64.2586, -31.4733, 0.0 ], [ -64.2428, -31.473, 0.0 ], [ -64.2415, -31.4729, 0.0 ], [ -64.2389, -31.4729, 0.0 ], [ -64.2388, -31.4727, 0.0 ], [ -64.2385, -31.4726, 0.0 ], [ -64.2383, -31.4726, 0.0 ], [ -64.2382, -31.4728, 0.0 ], [ -64.2364, -31.4713, 0.0 ], [ -64.2357, -31.4707, 0.0 ], [ -64.2353, -31.4704, 0.0 ], [ -64.2349, -31.47, 0.0 ], [ -64.2335, -31.4689, 0.0 ], [ -64.2333, -31.4688, 0.0 ], [ -64.2326, -31.4682, 0.0 ], [ -64.2325, -31.4681, 0.0 ], [ -64.2314, -31.4672, 0.0 ], [ -64.231, -31.4668, 0.0 ], [ -64.2308, -31.4667, 0.0 ], [ -64.2296, -31.4657, 0.0 ], [ -64.2295, -31.4656, 0.0 ], [ -64.2282, -31.4646, 0.0 ], [ -64.2275, -31.464, 0.0 ], [ -64.2293, -31.4641, 0.0 ], [ -64.2312, -31.4641, 0.0 ], [ -64.233, -31.4642, 0.0 ], [ -64.2332, -31.4641, 0.0 ], [ -64.2334, -31.4641, 0.0 ], [ -64.2344, -31.4642, 0.0 ], [ -64.2351, -31.4642, 0.0 ], [ -64.2358, -31.4642, 0.0 ], [ -64.2365, -31.4642, 0.0 ], [ -64.2372, -31.4642, 0.0 ], [ -64.2378, -31.4642, 0.0 ], [ -64.2384, -31.4642, 0.0 ], [ -64.2407, -31.4643, 0.0 ], [ -64.2429, -31.4643, 0.0 ], [ -64.2427, -31.4558, 0.0 ], [ -64.2427, -31.4557, 0.0 ], [ -64.2428, -31.4515, 0.0 ], [ -64.2439, -31.4515, 0.0 ], [ -64.2453, -31.4516, 0.0 ], [ -64.2473, -31.4517, 0.0 ], [ -64.2478, -31.4518, 0.0 ], [ -64.2524, -31.452, 0.0 ] ] ] ] } },
{ "type": "Feature", "properties": { "circuito": "0010E", "codprov": "04", "coddepto": "001" }, "geometry": { "type": "MultiPolygon", "coordinates": [ [ [ [ -64.248, -31.4327, 0.0 ], [ -64.2493, -31.4328, 0.0 ], [ -64.2503, -31.4328, 0.0 ], [ -64.2506, -31.4328, 0.0 ], [ -64.2516, -31.4329, 0.0 ], [ -64.2518, -31.4329, 0.0 ], [ -64.2524, -31.433, 0.0 ], [ -64.2527, -31.433, 0.0 ], [ -64.2616, -31.4335, 0.0 ], [ -64.2928, -31.4356, 0.0 ], [ -64.3175, -31.4372, 0.0 ], [ -64.3175, -31.4373, 0.0 ], [ -64.3175, -31.4402, 0.0 ], [ -64.3177, -31.4507, 0.0 ], [ -64.3177, -31.4532, 0.0 ], [ -64.3177, -31.4543, 0.0 ], [ -64.3178, -31.46, 0.0 ], [ -64.3179, -31.4677, 0.0 ], [ -64.318, -31.4738, 0.0 ], [ -64.318, -31.4766, 0.0 ], [ -64.3179, -31.4856, 0.0 ], [ -64.3179, -31.4875, 0.0 ], [ -64.3179, -31.4888, 0.0 ], [ -64.3178, -31.4934, 0.0 ], [ -64.3178, -31.4945, 0.0 ], [ -64.3178, -31.504, 0.0 ], [ -64.3177, -31.5062, 0.0 ], [ -64.3177, -31.5107, 0.0 ], [ -64.3177, -31.5148, 0.0 ], [ -64.3176, -31.5198, 0.0 ], [ -64.3176, -31.5238, 0.0 ], [ -64.3176, -31.5239, 0.0 ], [ -64.3176, -31.5256, 0.0 ], [ -64.3176, -31.5268, 0.0 ], [ -64.312, -31.5267, 0.0 ], [ -64.3006, -31.5266, 0.0 ], [ -64.2906, -31.5265, 0.0 ], [ -64.2808, -31.5263, 0.0 ], [ -64.2768, -31.5263, 0.0 ], [ -64.2732, -31.5262, 0.0 ], [ -64.2734, -31.4976, 0.0 ], [ -64.2737, -31.4736, 0.0 ], [ -64.2641, -31.4734, 0.0 ], [ -64.2624, -31.4734, 0.0 ], [ -64.2613, -31.4733, 0.0 ], [ -64.2586, -31.4733, 0.0 ], [ -64.2588, -31.4647, 0.0 ], [ -64.2524, -31.452, 0.0 ], [ -64.2478, -31.4518, 0.0 ], [ -64.2473, -31.4517, 0.0 ], [ -64.2453, -31.4516, 0.0 ], [ -64.2439, -31.4515, 0.0 ], [ -64.2428, -31.4515, 0.0 ], [ -64.2427, -31.4515, 0.0 ], [ -64.2428, -31.4506, 0.0 ], [ -64.2428, -31.4495, 0.0 ], [ -64.2427, -31.4484, 0.0 ], [ -64.2427, -31.4472, 0.0 ], [ -64.2427, -31.4461, 0.0 ], [ -64.2427, -31.4457, 0.0 ], [ -64.2427, -31.4452, 0.0 ], [ -64.2426, -31.4446, 0.0 ], [ -64.2427, -31.4442, 0.0 ], [ -64.2426, -31.4425, 0.0 ], [ -64.2427, -31.4413, 0.0 ], [ -64.2426, -31.4409, 0.0 ], [ -64.2427, -31.4405, 0.0 ], [ -64.2427, -31.4402, 0.0 ], [ -64.2427, -31.4397, 0.0 ], [ -64.2427, -31.4391, 0.0 ], [ -64.2427, -31.439, 0.0 ], [ -64.2427, -31.4382, 0.0 ], [ -64.2427, -31.4376, 0.0 ], [ -64.2427, -31.4368, 0.0 ], [ -64.2427, -31.4359, 0.0 ], [ -64.2427, -31.4356, 0.0 ], [ -64.2427, -31.4348, 0.0 ], [ -64.2427, -31.4345, 0.0 ], [ -64.2428, -31.4338, 0.0 ], [ -64.2428, -31.4334, 0.0 ], [ -64.2428, -31.4328, 0.0 ], [ -64.2426, -31.4323, 0.0 ], [ -64.2434, -31.4324, 0.0 ], [ -64.2438, -31.4324, 0.0 ], [ -64.2446, -31.4325, 0.0 ], [ -64.245, -31.4325, 0.0 ], [ -64.2458, -31.4325, 0.0 ], [ -64.247, -31.4326, 0.0 ], [ -64.248, -31.4327, 0.0 ] ] ] ] } },
{ "type": "Feature", "properties": { "circuito": "0013L", "codprov": "04", "coddepto": "001" }, "geometry": { "type": "MultiPolygon", "coordinates": [ [ [ [ -64.1474, -31.3096, 0.0 ], [ -64.147, -31.3086, 0.0 ], [ -64.1474, -31.3086, 0.0 ], [ -64.1586, -31.3079, 0.0 ], [ -64.1629, -31.3076, 0.0 ], [ -64.1639, -31.3075, 0.0 ], [ -64.1641, -31.3075, 0.0 ], [ -64.1667, -31.3077, 0.0 ], [ -64.168, -31.3078, 0.0 ], [ -64.1689, -31.3079, 0.0 ], [ -64.17, -31.308, 0.0 ], [ -64.1702, -31.308, 0.0 ], [ -64.1721, -31.3082, 0.0 ], [ -64.1756, -31.3088, 0.0 ], [ -64.1757, -31.3092, 0.0 ], [ -64.1761, -31.3111, 0.0 ], [ -64.1763, -31.312, 0.0 ], [ -64.1758, -31.3132, 0.0 ], [ -64.1758, -31.3137, 0.0 ], [ -64.1758, -31.3159, 0.0 ], [ -64.1757, -31.3197, 0.0 ], [ -64.1757, -31.3229, 0.0 ], [ -64.1757, -31.3262, 0.0 ], [ -64.1756, -31.3265, 0.0 ], [ -64.1756, -31.3284, 0.0 ], [ -64.1756, -31.3295, 0.0 ], [ -64.15, -31.3373, 0.0 ], [ -64.1473, -31.3381, 0.0 ], [ -64.1472, -31.3372, 0.0 ], [ -64.1472, -31.335, 0.0 ], [ -64.1472, -31.3349, 0.0 ], [ -64.1472, -31.3317, 0.0 ], [ -64.1472, -31.3284, 0.0 ], [ -64.1471, -31.3275, 0.0 ], [ -64.1471, -31.3205, 0.0 ], [ -64.1474, -31.3096, 0.0 ] ] ] ] } },
{ "type": "Feature", "properties": { "circuito": "0010F", "codprov": "04", "coddepto": "001" }, "geometry": { "type": "MultiPolygon", "coordinates": [ [ [ [ -64.2346, -31.4318, 0.0 ], [ -64.235, -31.4318, 0.0 ], [ -64.2357, -31.4319, 0.0 ], [ -64.2359, -31.4319, 0.0 ], [ -64.237, -31.432, 0.0 ], [ -64.2375, -31.432, 0.0 ], [ -64.2381, -31.432, 0.0 ], [ -64.2382, -31.432, 0.0 ], [ -64.2391, -31.4321, 0.0 ], [ -64.2394, -31.4321, 0.0 ], [ -64.2402, -31.4322, 0.0 ], [ -64.2406, -31.4322, 0.0 ], [ -64.2414, -31.4323, 0.0 ], [ -64.2418, -31.4323, 0.0 ], [ -64.2426, -31.4323, 0.0 ], [ -64.2428, -31.4328, 0.0 ], [ -64.2428, -31.4334, 0.0 ], [ -64.2428, -31.4338, 0.0 ], [ -64.2427, -31.4345, 0.0 ], [ -64.2427, -31.4348, 0.0 ], [ -64.2427, -31.4356, 0.0 ], [ -64.2427, -31.4359, 0.0 ], [ -64.2427, -31.4368, 0.0 ], [ -64.2427, -31.4376, 0.0 ], [ -64.2427, -31.4382, 0.0 ], [ -64.2427, -31.439, 0.0 ], [ -64.2427, -31.4391, 0.0 ], [ -64.2427, -31.4397, 0.0 ], [ -64.2427, -31.4402, 0.0 ], [ -64.2427, -31.4405, 0.0 ], [ -64.2426, -31.4409, 0.0 ], [ -64.2427, -31.4413, 0.0 ], [ -64.2426, -31.4425, 0.0 ], [ -64.2427, -31.4442, 0.0 ], [ -64.2426, -31.4446, 0.0 ], [ -64.2427, -31.4452, 0.0 ], [ -64.2427, -31.4457, 0.0 ], [ -64.2427, -31.4461, 0.0 ], [ -64.2427, -31.4472, 0.0 ], [ -64.2427, -31.4484, 0.0 ], [ -64.2428, -31.4495, 0.0 ], [ -64.2428, -31.4506, 0.0 ], [ -64.2427, -31.4515, 0.0 ], [ -64.2365, -31.4512, 0.0 ], [ -64.2355, -31.4511, 0.0 ], [ -64.2348, -31.451, 0.0 ], [ -64.2341, -31.451, 0.0 ], [ -64.2332, -31.4507, 0.0 ], [ -64.2321, -31.4503, 0.0 ], [ -64.2321, -31.45, 0.0 ], [ -64.2321, -31.4457, 0.0 ], [ -64.2321, -31.4449, 0.0 ], [ -64.2321, -31.4442, 0.0 ], [ -64.2322, -31.4435, 0.0 ], [ -64.2317, -31.4435, 0.0 ], [ -64.2317, -31.4421, 0.0 ], [ -64.2316, -31.4417, 0.0 ], [ -64.2312, -31.4412, 0.0 ], [ -64.2307, -31.4406, 0.0 ], [ -64.23, -31.4396, 0.0 ], [ -64.2293, -31.4386, 0.0 ], [ -64.2292, -31.4381, 0.0 ], [ -64.2293, -31.4374, 0.0 ], [ -64.2295, -31.4367, 0.0 ], [ -64.2294, -31.4367, 0.0 ], [ -64.2294, -31.4365, 0.0 ], [ -64.2291, -31.4349, 0.0 ], [ -64.229, -31.4339, 0.0 ], [ -64.2289, -31.4329, 0.0 ], [ -64.2287, -31.432, 0.0 ], [ -64.2286, -31.4314, 0.0 ], [ -64.2289, -31.4314, 0.0 ], [ -64.2297, -31.4315, 0.0 ], [ -64.2302, -31.4315, 0.0 ], [ -64.2305, -31.4315, 0.0 ], [ -64.2311, -31.4316, 0.0 ], [ -64.2315, -31.4316, 0.0 ], [ -64.2317, -31.4316, 0.0 ], [ -64.2323, -31.4316, 0.0 ], [ -64.2334, -31.4317, 0.0 ], [ -64.2338, -31.4317, 0.0 ], [ -64.2346, -31.4318, 0.0 ] ] ] ] } },
{ "type": "Feature", "properties": { "circuito": "0010G", "codprov": "04", "coddepto": "001" }, "geometry": { "type": "MultiPolygon", "coordinates": [ [ [ [ -64.2083, -31.4191, 0.0 ], [ -64.2085, -31.4198, 0.0 ], [ -64.2087, -31.4204, 0.0 ], [ -64.2089, -31.4211, 0.0 ], [ -64.209, -31.4217, 0.0 ], [ -64.2092, -31.4223, 0.0 ], [ -64.2093, -31.4228, 0.0 ], [ -64.2094, -31.4234, 0.0 ], [ -64.2095, -31.4241, 0.0 ], [ -64.2097, -31.4247, 0.0 ], [ -64.2098, -31.4254, 0.0 ], [ -64.2099, -31.4258, 0.0 ], [ -64.21, -31.4262, 0.0 ], [ -64.2101, -31.4269, 0.0 ], [ -64.2104, -31.4275, 0.0 ], [ -64.2104, -31.4276, 0.0 ], [ -64.2108, -31.4291, 0.0 ], [ -64.2108, -31.4293, 0.0 ], [ -64.2106, -31.4293, 0.0 ], [ -64.2103, -31.4291, 0.0 ], [ -64.2096, -31.4285, 0.0 ], [ -64.2093, -31.4283, 0.0 ], [ -64.2087, -31.4279, 0.0 ], [ -64.2082, -31.4278, 0.0 ], [ -64.2074, -31.4278, 0.0 ], [ -64.2064, -31.428, 0.0 ], [ -64.2045, -31.4285, 0.0 ], [ -64.2039, -31.4285, 0.0 ], [ -64.2031, -31.4286, 0.0 ], [ -64.2023, -31.4287, 0.0 ], [ -64.2014, -31.4287, 0.0 ], [ -64.1999, -31.4289, 0.0 ], [ -64.1986, -31.4286, 0.0 ], [ -64.1977, -31.4284, 0.0 ], [ -64.1968, -31.4279, 0.0 ], [ -64.1953, -31.4272, 0.0 ], [ -64.1949, -31.4269, 0.0 ], [ -64.1947, -31.427, 0.0 ], [ -64.1946, -31.4268, 0.0 ], [ -64.1937, -31.4264, 0.0 ], [ -64.1924, -31.4267, 0.0 ], [ -64.1923, -31.4263, 0.0 ], [ -64.1915, -31.4265, 0.0 ], [ -64.1912, -31.4258, 0.0 ], [ -64.1907, -31.4246, 0.0 ], [ -64.1903, -31.4235, 0.0 ], [ -64.1898, -31.4223, 0.0 ], [ -64.1894, -31.4212, 0.0 ], [ -64.189, -31.4202, 0.0 ], [ -64.1889, -31.42, 0.0 ], [ -64.1883, -31.4185, 0.0 ], [ -64.1897, -31.4181, 0.0 ], [ -64.1899, -31.4186, 0.0 ], [ -64.19, -31.4183, 0.0 ], [ -64.19, -31.4181, 0.0 ], [ -64.1903, -31.418, 0.0 ], [ -64.1909, -31.4179, 0.0 ], [ -64.1922, -31.4175, 0.0 ], [ -64.1935, -31.4171, 0.0 ], [ -64.1942, -31.4169, 0.0 ], [ -64.1943, -31.4168, 0.0 ], [ -64.1947, -31.4167, 0.0 ], [ -64.1949, -31.4167, 0.0 ], [ -64.1954, -31.4166, 0.0 ], [ -64.1961, -31.4162, 0.0 ], [ -64.1965, -31.4161, 0.0 ], [ -64.1975, -31.4158, 0.0 ], [ -64.1988, -31.4154, 0.0 ], [ -64.2002, -31.4149, 0.0 ], [ -64.2014, -31.4145, 0.0 ], [ -64.2021, -31.4142, 0.0 ], [ -64.2026, -31.4138, 0.0 ], [ -64.2037, -31.4133, 0.0 ], [ -64.2043, -31.4131, 0.0 ], [ -64.205, -31.4128, 0.0 ], [ -64.2064, -31.4124, 0.0 ], [ -64.2065, -31.4129, 0.0 ], [ -64.2068, -31.4137, 0.0 ], [ -64.207, -31.4144, 0.0 ], [ -64.2072, -31.4151, 0.0 ], [ -64.2072, -31.4154, 0.0 ], [ -64.2074, -31.416, 0.0 ], [ -64.2078, -31.417, 0.0 ], [ -64.2078, -31.4173, 0.0 ], [ -64.208, -31.418, 0.0 ], [ -64.2082, -31.4186, 0.0 ], [ -64.2083, -31.4191, 0.0 ] ] ] ] } },
{ "type": "Feature", "properties": { "circuito": "0010H", "codprov": "04", "coddepto": "001" }, "geometry": { "type": "MultiPolygon", "coordinates": [ [ [ [ -64.2266, -31.4313, 0.0 ], [ -64.2272, -31.4313, 0.0 ], [ -64.2274, -31.4313, 0.0 ], [ -64.2279, -31.4314, 0.0 ], [ -64.2282, -31.4314, 0.0 ], [ -64.2286, -31.4314, 0.0 ], [ -64.2287, -31.432, 0.0 ], [ -64.2289, -31.4329, 0.0 ], [ -64.229, -31.4339, 0.0 ], [ -64.2291, -31.4349, 0.0 ], [ -64.2294, -31.4365, 0.0 ], [ -64.2294, -31.4367, 0.0 ], [ -64.2295, -31.4367, 0.0 ], [ -64.2293, -31.4374, 0.0 ], [ -64.2292, -31.4381, 0.0 ], [ -64.2293, -31.4386, 0.0 ], [ -64.23, -31.4396, 0.0 ], [ -64.2307, -31.4406, 0.0 ], [ -64.2312, -31.4412, 0.0 ], [ -64.2316, -31.4417, 0.0 ], [ -64.2317, -31.4421, 0.0 ], [ -64.2317, -31.4435, 0.0 ], [ -64.2322, -31.4435, 0.0 ], [ -64.2321, -31.4442, 0.0 ], [ -64.2321, -31.4449, 0.0 ], [ -64.2321, -31.4457, 0.0 ], [ -64.2321, -31.45, 0.0 ], [ -64.2321, -31.4503, 0.0 ], [ -64.229, -31.4492, 0.0 ], [ -64.2277, -31.4488, 0.0 ], [ -64.2267, -31.4485, 0.0 ], [ -64.2237, -31.4479, 0.0 ], [ -64.2195, -31.4469, 0.0 ], [ -64.2164, -31.4462, 0.0 ], [ -64.2156, -31.446, 0.0 ], [ -64.2154, -31.4459, 0.0 ], [ -64.2152, -31.445, 0.0 ], [ -64.2151, -31.4448, 0.0 ], [ -64.215, -31.4443, 0.0 ], [ -64.2147, -31.4434, 0.0 ], [ -64.2147, -31.4432, 0.0 ], [ -64.2146, -31.4428, 0.0 ], [ -64.2144, -31.4423, 0.0 ], [ -64.2143, -31.4417, 0.0 ], [ -64.2142, -31.4413, 0.0 ], [ -64.2141, -31.441, 0.0 ], [ -64.214, -31.4408, 0.0 ], [ -64.2138, -31.4398, 0.0 ], [ -64.2137, -31.4393, 0.0 ], [ -64.2136, -31.439, 0.0 ], [ -64.2127, -31.4354, 0.0 ], [ -64.2126, -31.435, 0.0 ], [ -64.2124, -31.4345, 0.0 ], [ -64.2122, -31.4338, 0.0 ], [ -64.2121, -31.4332, 0.0 ], [ -64.2119, -31.4327, 0.0 ], [ -64.2119, -31.4324, 0.0 ], [ -64.2118, -31.4321, 0.0 ], [ -64.2116, -31.4315, 0.0 ], [ -64.2113, -31.4302, 0.0 ], [ -64.212, -31.4303, 0.0 ], [ -64.2135, -31.4304, 0.0 ], [ -64.2141, -31.4304, 0.0 ], [ -64.2145, -31.4305, 0.0 ], [ -64.2149, -31.4305, 0.0 ], [ -64.2157, -31.4305, 0.0 ], [ -64.2165, -31.4306, 0.0 ], [ -64.2177, -31.4307, 0.0 ], [ -64.2184, -31.4307, 0.0 ], [ -64.2197, -31.4308, 0.0 ], [ -64.2199, -31.4308, 0.0 ], [ -64.2204, -31.4309, 0.0 ], [ -64.2208, -31.4309, 0.0 ], [ -64.2211, -31.4309, 0.0 ], [ -64.2218, -31.431, 0.0 ], [ -64.2227, -31.431, 0.0 ], [ -64.2232, -31.431, 0.0 ], [ -64.2234, -31.4311, 0.0 ], [ -64.224, -31.4311, 0.0 ], [ -64.2243, -31.4311, 0.0 ], [ -64.2249, -31.4312, 0.0 ], [ -64.2257, -31.4312, 0.0 ], [ -64.2266, -31.4313, 0.0 ] ] ] ] } },
{ "type": "Feature", "properties": { "circuito": "0010I", "codprov": "04", "coddepto": "001" }, "geometry": { "type": "MultiPolygon", "coordinates": [ [ [ [ -64.2167, -31.4644, 0.0 ], [ -64.203, -31.4659, 0.0 ], [ -64.203, -31.4657, 0.0 ], [ -64.2023, -31.4632, 0.0 ], [ -64.2023, -31.4628, 0.0 ], [ -64.202, -31.4616, 0.0 ], [ -64.2016, -31.4604, 0.0 ], [ -64.2012, -31.4592, 0.0 ], [ -64.2011, -31.4589, 0.0 ], [ -64.2007, -31.4576, 0.0 ], [ -64.2007, -31.4572, 0.0 ], [ -64.2034, -31.4566, 0.0 ], [ -64.2041, -31.4565, 0.0 ], [ -64.2046, -31.4564, 0.0 ], [ -64.2051, -31.4563, 0.0 ], [ -64.2053, -31.4563, 0.0 ], [ -64.206, -31.4561, 0.0 ], [ -64.2066, -31.456, 0.0 ], [ -64.2073, -31.4559, 0.0 ], [ -64.208, -31.4558, 0.0 ], [ -64.2086, -31.4557, 0.0 ], [ -64.2091, -31.4571, 0.0 ], [ -64.2098, -31.457, 0.0 ], [ -64.2113, -31.4567, 0.0 ], [ -64.2129, -31.4564, 0.0 ], [ -64.2135, -31.4563, 0.0 ], [ -64.2141, -31.4561, 0.0 ], [ -64.2146, -31.4561, 0.0 ], [ -64.2164, -31.4557, 0.0 ], [ -64.217, -31.4556, 0.0 ], [ -64.2178, -31.4554, 0.0 ], [ -64.2366, -31.4556, 0.0 ], [ -64.2427, -31.4557, 0.0 ], [ -64.2427, -31.4558, 0.0 ], [ -64.2429, -31.4643, 0.0 ], [ -64.2407, -31.4643, 0.0 ], [ -64.2384, -31.4642, 0.0 ], [ -64.2378, -31.4642, 0.0 ], [ -64.2372, -31.4642, 0.0 ], [ -64.2365, -31.4642, 0.0 ], [ -64.2358, -31.4642, 0.0 ], [ -64.2351, -31.4642, 0.0 ], [ -64.2344, -31.4642, 0.0 ], [ -64.2334, -31.4641, 0.0 ], [ -64.2332, -31.4641, 0.0 ], [ -64.233, -31.4642, 0.0 ], [ -64.2312, -31.4641, 0.0 ], [ -64.2293, -31.4641, 0.0 ], [ -64.2275, -31.464, 0.0 ], [ -64.2273, -31.464, 0.0 ], [ -64.2265, -31.464, 0.0 ], [ -64.2254, -31.4639, 0.0 ], [ -64.2246, -31.4639, 0.0 ], [ -64.2237, -31.4639, 0.0 ], [ -64.2226, -31.4639, 0.0 ], [ -64.2217, -31.4638, 0.0 ], [ -64.2207, -31.4638, 0.0 ], [ -64.2199, -31.4638, 0.0 ], [ -64.2202, -31.4648, 0.0 ], [ -64.2203, -31.4653, 0.0 ], [ -64.2203, -31.4654, 0.0 ], [ -64.2205, -31.4659, 0.0 ], [ -64.2206, -31.4663, 0.0 ], [ -64.2208, -31.4669, 0.0 ], [ -64.2209, -31.4674, 0.0 ], [ -64.2211, -31.4679, 0.0 ], [ -64.2193, -31.4684, 0.0 ], [ -64.218, -31.4687, 0.0 ], [ -64.2178, -31.4681, 0.0 ], [ -64.2177, -31.4676, 0.0 ], [ -64.2175, -31.467, 0.0 ], [ -64.2174, -31.4665, 0.0 ], [ -64.2172, -31.4659, 0.0 ], [ -64.217, -31.4653, 0.0 ], [ -64.2167, -31.4644, 0.0 ] ] ] ] } },
{ "type": "Feature", "properties": { "circuito": "0010J", "codprov": "04", "coddepto": "001" }, "geometry": { "type": "MultiPolygon", "coordinates": [ [ [ [ -64.2231, -31.4761, 0.0 ], [ -64.223, -31.4755, 0.0 ], [ -64.2227, -31.4755, 0.0 ], [ -64.2226, -31.4754, 0.0 ], [ -64.2225, -31.475, 0.0 ], [ -64.2224, -31.4748, 0.0 ], [ -64.2224, -31.4746, 0.0 ], [ -64.2225, -31.4744, 0.0 ], [ -64.2226, -31.4743, 0.0 ], [ -64.2225, -31.4738, 0.0 ], [ -64.2219, -31.4714, 0.0 ], [ -64.2214, -31.4691, 0.0 ], [ -64.2211, -31.4679, 0.0 ], [ -64.2209, -31.4674, 0.0 ], [ -64.2208, -31.4669, 0.0 ], [ -64.2206, -31.4663, 0.0 ], [ -64.2205, -31.4659, 0.0 ], [ -64.2203, -31.4654, 0.0 ], [ -64.2203, -31.4653, 0.0 ], [ -64.2202, -31.4648, 0.0 ], [ -64.2199, -31.4638, 0.0 ], [ -64.2207, -31.4638, 0.0 ], [ -64.2217, -31.4638, 0.0 ], [ -64.2226, -31.4639, 0.0 ], [ -64.2237, -31.4639, 0.0 ], [ -64.2246, -31.4639, 0.0 ], [ -64.2254, -31.4639, 0.0 ], [ -64.2265, -31.464, 0.0 ], [ -64.2273, -31.464, 0.0 ], [ -64.2275, -31.464, 0.0 ], [ -64.2282, -31.4646, 0.0 ], [ -64.2295, -31.4656, 0.0 ], [ -64.2296, -31.4657, 0.0 ], [ -64.2308, -31.4667, 0.0 ], [ -64.231, -31.4668, 0.0 ], [ -64.2314, -31.4672, 0.0 ], [ -64.2325, -31.4681, 0.0 ], [ -64.2326, -31.4682, 0.0 ], [ -64.2333, -31.4688, 0.0 ], [ -64.2335, -31.4689, 0.0 ], [ -64.2349, -31.47, 0.0 ], [ -64.2353, -31.4704, 0.0 ], [ -64.2357, -31.4707, 0.0 ], [ -64.2364, -31.4713, 0.0 ], [ -64.2382, -31.4728, 0.0 ], [ -64.2383, -31.4726, 0.0 ], [ -64.2385, -31.4726, 0.0 ], [ -64.2388, -31.4727, 0.0 ], [ -64.2389, -31.4729, 0.0 ], [ -64.2415, -31.4729, 0.0 ], [ -64.2428, -31.473, 0.0 ], [ -64.2586, -31.4733, 0.0 ], [ -64.2583, -31.482, 0.0 ], [ -64.2582, -31.482, 0.0 ], [ -64.2579, -31.4897, 0.0 ], [ -64.2578, -31.493, 0.0 ], [ -64.2581, -31.498, 0.0 ], [ -64.258, -31.498, 0.0 ], [ -64.2471, -31.4868, 0.0 ], [ -64.2463, -31.4862, 0.0 ], [ -64.2454, -31.4854, 0.0 ], [ -64.2445, -31.4845, 0.0 ], [ -64.2432, -31.4834, 0.0 ], [ -64.2424, -31.4825, 0.0 ], [ -64.242, -31.4821, 0.0 ], [ -64.2419, -31.482, 0.0 ], [ -64.2417, -31.482, 0.0 ], [ -64.2415, -31.4818, 0.0 ], [ -64.2413, -31.4816, 0.0 ], [ -64.2411, -31.4816, 0.0 ], [ -64.2398, -31.4815, 0.0 ], [ -64.2387, -31.4815, 0.0 ], [ -64.2372, -31.4815, 0.0 ], [ -64.2357, -31.4814, 0.0 ], [ -64.2341, -31.4814, 0.0 ], [ -64.2326, -31.4813, 0.0 ], [ -64.2312, -31.4813, 0.0 ], [ -64.2292, -31.4813, 0.0 ], [ -64.2279, -31.4812, 0.0 ], [ -64.2268, -31.4812, 0.0 ], [ -64.2266, -31.4812, 0.0 ], [ -64.2258, -31.4812, 0.0 ], [ -64.2251, -31.4811, 0.0 ], [ -64.2243, -31.4811, 0.0 ], [ -64.2242, -31.4808, 0.0 ], [ -64.2239, -31.4796, 0.0 ], [ -64.2236, -31.4785, 0.0 ], [ -64.2234, -31.4773, 0.0 ], [ -64.2231, -31.4761, 0.0 ] ] ] ] } },
{ "type": "Feature", "properties": { "circuito": "0010L", "codprov": "04", "coddepto": "001" }, "geometry": { "type": "MultiPolygon", "coordinates": [ [ [ [ -64.218, -31.4687, 0.0 ], [ -64.2193, -31.4684, 0.0 ], [ -64.2211, -31.4679, 0.0 ], [ -64.2214, -31.4691, 0.0 ], [ -64.2219, -31.4714, 0.0 ], [ -64.2225, -31.4738, 0.0 ], [ -64.2226, -31.4743, 0.0 ], [ -64.2225, -31.4744, 0.0 ], [ -64.2224, -31.4746, 0.0 ], [ -64.2224, -31.4748, 0.0 ], [ -64.2225, -31.475, 0.0 ], [ -64.2226, -31.4754, 0.0 ], [ -64.2227, -31.4755, 0.0 ], [ -64.223, -31.4755, 0.0 ], [ -64.2231, -31.4761, 0.0 ], [ -64.2234, -31.4773, 0.0 ], [ -64.2236, -31.4785, 0.0 ], [ -64.2239, -31.4796, 0.0 ], [ -64.2242, -31.4808, 0.0 ], [ -64.2243, -31.4811, 0.0 ], [ -64.2246, -31.4822, 0.0 ], [ -64.217, -31.482, 0.0 ], [ -64.2147, -31.4818, 0.0 ], [ -64.2141, -31.4818, 0.0 ], [ -64.2135, -31.4818, 0.0 ], [ -64.2128, -31.4818, 0.0 ], [ -64.2122, -31.4818, 0.0 ], [ -64.2116, -31.4817, 0.0 ], [ -64.211, -31.4817, 0.0 ], [ -64.2107, -31.4817, 0.0 ], [ -64.2096, -31.4817, 0.0 ], [ -64.2093, -31.4817, 0.0 ], [ -64.2091, -31.4817, 0.0 ], [ -64.2088, -31.4808, 0.0 ], [ -64.2086, -31.4803, 0.0 ], [ -64.2084, -31.4798, 0.0 ], [ -64.2079, -31.4798, 0.0 ], [ -64.2069, -31.4798, 0.0 ], [ -64.2051, -31.4797, 0.0 ], [ -64.2038, -31.4797, 0.0 ], [ -64.2025, -31.4796, 0.0 ], [ -64.2023, -31.4792, 0.0 ], [ -64.2024, -31.4788, 0.0 ], [ -64.2023, -31.4778, 0.0 ], [ -64.2022, -31.4766, 0.0 ], [ -64.2021, -31.4755, 0.0 ], [ -64.202, -31.4745, 0.0 ], [ -64.2036, -31.4729, 0.0 ], [ -64.2045, -31.472, 0.0 ], [ -64.2045, -31.4716, 0.0 ], [ -64.2045, -31.4715, 0.0 ], [ -64.2033, -31.4671, 0.0 ], [ -64.203, -31.4659, 0.0 ], [ -64.2167, -31.4644, 0.0 ], [ -64.217, -31.4653, 0.0 ], [ -64.2172, -31.4659, 0.0 ], [ -64.2174, -31.4665, 0.0 ], [ -64.2175, -31.467, 0.0 ], [ -64.2177, -31.4676, 0.0 ], [ -64.2178, -31.4681, 0.0 ], [ -64.218, -31.4687, 0.0 ] ] ] ] } },
{ "type": "Feature", "properties": { "circuito": "00011", "codprov": "04", "coddepto": "001" }, "geometry": { "type": "MultiPolygon", "coordinates": [ [ [ [ -64.2615, -31.4204, 0.0 ], [ -64.2625, -31.4204, 0.0 ], [ -64.2638, -31.4204, 0.0 ], [ -64.2646, -31.4205, 0.0 ], [ -64.2654, -31.4205, 0.0 ], [ -64.2656, -31.4205, 0.0 ], [ -64.2661, -31.4205, 0.0 ], [ -64.2664, -31.4205, 0.0 ], [ -64.2668, -31.4205, 0.0 ], [ -64.2674, -31.4205, 0.0 ], [ -64.2677, -31.4205, 0.0 ], [ -64.2685, -31.4205, 0.0 ], [ -64.2694, -31.4205, 0.0 ], [ -64.2728, -31.4205, 0.0 ], [ -64.2825, -31.4205, 0.0 ], [ -64.2829, -31.4206, 0.0 ], [ -64.284, -31.4206, 0.0 ], [ -64.285, -31.4206, 0.0 ], [ -64.285, -31.4204, 0.0 ], [ -64.2866, -31.4204, 0.0 ], [ -64.288, -31.4204, 0.0 ], [ -64.2885, -31.4204, 0.0 ], [ -64.2895, -31.4204, 0.0 ], [ -64.2895, -31.4195, 0.0 ], [ -64.2895, -31.4186, 0.0 ], [ -64.2906, -31.4185, 0.0 ], [ -64.2924, -31.4186, 0.0 ], [ -64.3173, -31.4181, 0.0 ], [ -64.3173, -31.4216, 0.0 ], [ -64.3174, -31.4252, 0.0 ], [ -64.3175, -31.4372, 0.0 ], [ -64.2928, -31.4356, 0.0 ], [ -64.2616, -31.4335, 0.0 ], [ -64.2527, -31.433, 0.0 ], [ -64.2527, -31.4319, 0.0 ], [ -64.2528, -31.4308, 0.0 ], [ -64.2528, -31.4297, 0.0 ], [ -64.2528, -31.4287, 0.0 ], [ -64.2528, -31.4276, 0.0 ], [ -64.2528, -31.4266, 0.0 ], [ -64.2528, -31.4256, 0.0 ], [ -64.2529, -31.4247, 0.0 ], [ -64.2529, -31.4235, 0.0 ], [ -64.2529, -31.4225, 0.0 ], [ -64.2529, -31.4214, 0.0 ], [ -64.2529, -31.4202, 0.0 ], [ -64.2557, -31.4203, 0.0 ], [ -64.2569, -31.4203, 0.0 ], [ -64.258, -31.4204, 0.0 ], [ -64.2592, -31.4204, 0.0 ], [ -64.2604, -31.4204, 0.0 ], [ -64.2615, -31.4204, 0.0 ] ] ] ] } },
{ "type": "Feature", "properties": { "circuito": "0014K", "codprov": "04", "coddepto": "001" }, "geometry": { "type": "MultiPolygon", "coordinates": [ [ [ [ -64.2886, -31.3079, 0.0 ], [ -64.2887, -31.3088, 0.0 ], [ -64.2887, -31.3098, 0.0 ], [ -64.2887, -31.3107, 0.0 ], [ -64.2887, -31.3116, 0.0 ], [ -64.2888, -31.3132, 0.0 ], [ -64.2888, -31.3134, 0.0 ], [ -64.2888, -31.3141, 0.0 ], [ -64.2888, -31.3143, 0.0 ], [ -64.2888, -31.3152, 0.0 ], [ -64.2888, -31.3161, 0.0 ], [ -64.2889, -31.3169, 0.0 ], [ -64.2889, -31.3172, 0.0 ], [ -64.2889, -31.3178, 0.0 ], [ -64.2889, -31.3182, 0.0 ], [ -64.2889, -31.3186, 0.0 ], [ -64.2889, -31.3192, 0.0 ], [ -64.2889, -31.3195, 0.0 ], [ -64.2877, -31.3196, 0.0 ], [ -64.2867, -31.3196, 0.0 ], [ -64.2852, -31.3196, 0.0 ], [ -64.2838, -31.3197, 0.0 ], [ -64.283, -31.3193, 0.0 ], [ -64.2829, -31.3193, 0.0 ], [ -64.2816, -31.3187, 0.0 ], [ -64.2803, -31.3181, 0.0 ], [ -64.2778, -31.3171, 0.0 ], [ -64.2759, -31.3163, 0.0 ], [ -64.2751, -31.3159, 0.0 ], [ -64.2756, -31.3152, 0.0 ], [ -64.2765, -31.314, 0.0 ], [ -64.2774, -31.3128, 0.0 ], [ -64.2782, -31.3117, 0.0 ], [ -64.279, -31.3105, 0.0 ], [ -64.2795, -31.3098, 0.0 ], [ -64.2796, -31.3096, 0.0 ], [ -64.2799, -31.3093, 0.0 ], [ -64.2807073, -31.3078883, 0.0 ], [ -64.2830405, -31.30784, 0.0 ], [ -64.2886, -31.3079, 0.0 ] ] ] ] } },
{ "type": "Feature", "properties": { "circuito": "0011A", "codprov": "04", "coddepto": "001" }, "geometry": { "type": "MultiPolygon", "coordinates": [ [ [ [ -64.2237, -31.4069, 0.0 ], [ -64.2226, -31.4073, 0.0 ], [ -64.2215, -31.4076, 0.0 ], [ -64.2205, -31.408, 0.0 ], [ -64.2205, -31.4078, 0.0 ], [ -64.2193, -31.4082, 0.0 ], [ -64.2191, -31.4083, 0.0 ], [ -64.2182, -31.4086, 0.0 ], [ -64.2178, -31.4087, 0.0 ], [ -64.217, -31.4089, 0.0 ], [ -64.2165, -31.4091, 0.0 ], [ -64.2159, -31.4093, 0.0 ], [ -64.2147, -31.4096, 0.0 ], [ -64.2136, -31.41, 0.0 ], [ -64.2131, -31.4102, 0.0 ], [ -64.2126, -31.4103, 0.0 ], [ -64.2119, -31.4105, 0.0 ], [ -64.2114, -31.4107, 0.0 ], [ -64.2111, -31.4108, 0.0 ], [ -64.2103, -31.411, 0.0 ], [ -64.2099, -31.4101, 0.0 ], [ -64.2095, -31.4091, 0.0 ], [ -64.209, -31.4082, 0.0 ], [ -64.2086, -31.4072, 0.0 ], [ -64.2084, -31.4068, 0.0 ], [ -64.2082, -31.4062, 0.0 ], [ -64.2078, -31.4051, 0.0 ], [ -64.2076, -31.4046, 0.0 ], [ -64.2074, -31.4042, 0.0 ], [ -64.2072, -31.4037, 0.0 ], [ -64.207, -31.4032, 0.0 ], [ -64.2068, -31.4027, 0.0 ], [ -64.2066, -31.4022, 0.0 ], [ -64.205, -31.4029, 0.0 ], [ -64.2053, -31.4021, 0.0 ], [ -64.2051, -31.4013, 0.0 ], [ -64.2051, -31.4005, 0.0 ], [ -64.2049, -31.3999, 0.0 ], [ -64.2046, -31.3989, 0.0 ], [ -64.2044, -31.3987, 0.0 ], [ -64.2041, -31.3986, 0.0 ], [ -64.203, -31.3981, 0.0 ], [ -64.2027, -31.3976, 0.0 ], [ -64.2026, -31.397, 0.0 ], [ -64.203, -31.3969, 0.0 ], [ -64.2029, -31.3964, 0.0 ], [ -64.2028, -31.3953, 0.0 ], [ -64.2033, -31.3943, 0.0 ], [ -64.2039, -31.3936, 0.0 ], [ -64.2044, -31.3931, 0.0 ], [ -64.2052, -31.3926, 0.0 ], [ -64.2059, -31.3921, 0.0 ], [ -64.2067, -31.3918, 0.0 ], [ -64.2076, -31.3915, 0.0 ], [ -64.2087, -31.3914, 0.0 ], [ -64.2093, -31.3914, 0.0 ], [ -64.2106, -31.3914, 0.0 ], [ -64.2113, -31.3915, 0.0 ], [ -64.2125, -31.3918, 0.0 ], [ -64.2127, -31.3919, 0.0 ], [ -64.2136, -31.3922, 0.0 ], [ -64.2145, -31.3928, 0.0 ], [ -64.2153, -31.3934, 0.0 ], [ -64.216, -31.3938, 0.0 ], [ -64.2171, -31.3943, 0.0 ], [ -64.2182, -31.3949, 0.0 ], [ -64.2191, -31.3951, 0.0 ], [ -64.22, -31.3951, 0.0 ], [ -64.2209, -31.395, 0.0 ], [ -64.2218, -31.3948, 0.0 ], [ -64.2227, -31.3946, 0.0 ], [ -64.223, -31.3958, 0.0 ], [ -64.2234, -31.3967, 0.0 ], [ -64.2238, -31.3975, 0.0 ], [ -64.2239, -31.3978, 0.0 ], [ -64.2242, -31.3987, 0.0 ], [ -64.2246, -31.3997, 0.0 ], [ -64.2249, -31.4002, 0.0 ], [ -64.2251, -31.4007, 0.0 ], [ -64.2252, -31.401, 0.0 ], [ -64.2253, -31.4013, 0.0 ], [ -64.2255, -31.4017, 0.0 ], [ -64.2257, -31.4022, 0.0 ], [ -64.2259, -31.4026, 0.0 ], [ -64.2262, -31.4031, 0.0 ], [ -64.2264, -31.4037, 0.0 ], [ -64.2268, -31.4045, 0.0 ], [ -64.2273, -31.4057, 0.0 ], [ -64.227, -31.4057, 0.0 ], [ -64.2259, -31.4061, 0.0 ], [ -64.2256, -31.4062, 0.0 ], [ -64.2249, -31.4065, 0.0 ], [ -64.2247, -31.4065, 0.0 ], [ -64.2239, -31.4068, 0.0 ], [ -64.2237, -31.4069, 0.0 ] ] ] ] } },
{ "type": "Feature", "properties": { "circuito": "0011B", "codprov": "04", "coddepto": "001" }, "geometry": { "type": "MultiPolygon", "coordinates": [ [ [ [ -64.2808828, -31.3785582, 0.0 ], [ -64.2871924, -31.3743455, 0.0 ], [ -64.2877549, -31.3744623, 0.0 ], [ -64.3166081, -31.3786125, 0.0 ], [ -64.3166563, -31.3781163, 0.0 ], [ -64.3171, -31.3821, 0.0 ], [ -64.3171, -31.3848, 0.0 ], [ -64.3171, -31.3858, 0.0 ], [ -64.3171, -31.3867, 0.0 ], [ -64.317, -31.3978, 0.0 ], [ -64.317, -31.3993, 0.0 ], [ -64.317, -31.3996, 0.0 ], [ -64.3171, -31.4006, 0.0 ], [ -64.3171, -31.4016, 0.0 ], [ -64.3171, -31.4032, 0.0 ], [ -64.3171, -31.4034, 0.0 ], [ -64.3171, -31.4044, 0.0 ], [ -64.3171, -31.4073, 0.0 ], [ -64.3172, -31.4093, 0.0 ], [ -64.3172, -31.4113, 0.0 ], [ -64.3172, -31.4114, 0.0 ], [ -64.3172, -31.4146, 0.0 ], [ -64.3172, -31.4148, 0.0 ], [ -64.3172, -31.4157, 0.0 ], [ -64.3173, -31.418, 0.0 ], [ -64.3173, -31.4181, 0.0 ], [ -64.2924, -31.4186, 0.0 ], [ -64.2906, -31.4185, 0.0 ], [ -64.2895, -31.4186, 0.0 ], [ -64.2895, -31.4195, 0.0 ], [ -64.2895, -31.4204, 0.0 ], [ -64.2885, -31.4204, 0.0 ], [ -64.288, -31.4204, 0.0 ], [ -64.2866, -31.4204, 0.0 ], [ -64.285, -31.4204, 0.0 ], [ -64.285, -31.4206, 0.0 ], [ -64.284, -31.4206, 0.0 ], [ -64.2829, -31.4206, 0.0 ], [ -64.2825, -31.4205, 0.0 ], [ -64.2728, -31.4205, 0.0 ], [ -64.2726, -31.4089, 0.0 ], [ -64.2725, -31.4022, 0.0 ], [ -64.2695, -31.4021, 0.0 ], [ -64.2695, -31.402, 0.0 ], [ -64.2694, -31.4016, 0.0 ], [ -64.2692, -31.4014, 0.0 ], [ -64.269, -31.401, 0.0 ], [ -64.2686, -31.4006, 0.0 ], [ -64.2685, -31.4005, 0.0 ], [ -64.2681, -31.3997, 0.0 ], [ -64.2678, -31.3991, 0.0 ], [ -64.2677, -31.3988, 0.0 ], [ -64.2677, -31.3985, 0.0 ], [ -64.2675, -31.3979, 0.0 ], [ -64.2672, -31.3972, 0.0 ], [ -64.2671, -31.397, 0.0 ], [ -64.2667, -31.3962, 0.0 ], [ -64.2667, -31.396, 0.0 ], [ -64.2666, -31.3957, 0.0 ], [ -64.2667, -31.3952, 0.0 ], [ -64.2668, -31.3952, 0.0 ], [ -64.2655, -31.3943, 0.0 ], [ -64.2656, -31.3942, 0.0 ], [ -64.2657, -31.3938, 0.0 ], [ -64.2657, -31.3931, 0.0 ], [ -64.2657, -31.3924, 0.0 ], [ -64.2654, -31.3916, 0.0 ], [ -64.2651, -31.3911, 0.0 ], [ -64.2641, -31.3892, 0.0 ], [ -64.2625, -31.3865, 0.0 ], [ -64.2619, -31.3857, 0.0 ], [ -64.2611, -31.3843, 0.0 ], [ -64.2605, -31.3833, 0.0 ], [ -64.2566, -31.3789, 0.0 ], [ -64.2552, -31.3776, 0.0 ], [ -64.2547, -31.377, 0.0 ], [ -64.2544, -31.3763, 0.0 ], [ -64.2536, -31.3747, 0.0 ], [ -64.2522, -31.3721, 0.0 ], [ -64.253, -31.3727, 0.0 ], [ -64.2566, -31.3737, 0.0 ], [ -64.2592, -31.3735, 0.0 ], [ -64.2607, -31.3728, 0.0 ], [ -64.2613134, -31.3730805, 0.0 ], [ -64.2626866, -31.3785582, 0.0 ], [ -64.2808828, -31.3785582, 0.0 ] ] ] ] } },
{ "type": "Feature", "properties": { "circuito": "0011C", "codprov": "04", "coddepto": "001" }, "geometry": { "type": "MultiPolygon", "coordinates": [ [ [ [ -64.2275, -31.3999, 0.0 ], [ -64.2274, -31.3994, 0.0 ], [ -64.2272, -31.3988, 0.0 ], [ -64.227, -31.3981, 0.0 ], [ -64.2269, -31.3976, 0.0 ], [ -64.2268, -31.3973, 0.0 ], [ -64.2267, -31.397, 0.0 ], [ -64.2266, -31.3964, 0.0 ], [ -64.2277, -31.3962, 0.0 ], [ -64.2284, -31.396, 0.0 ], [ -64.2297, -31.3958, 0.0 ], [ -64.2307, -31.3956, 0.0 ], [ -64.2311, -31.3955, 0.0 ], [ -64.2313, -31.3954, 0.0 ], [ -64.2313, -31.3955, 0.0 ], [ -64.2329, -31.3951, 0.0 ], [ -64.2335, -31.398, 0.0 ], [ -64.2355, -31.3973, 0.0 ], [ -64.2371, -31.3968, 0.0 ], [ -64.2394, -31.3961, 0.0 ], [ -64.2406, -31.3958, 0.0 ], [ -64.2415, -31.3958, 0.0 ], [ -64.2418, -31.3964, 0.0 ], [ -64.2424, -31.3974, 0.0 ], [ -64.2434, -31.3994, 0.0 ], [ -64.2438, -31.4003, 0.0 ], [ -64.2443, -31.4013, 0.0 ], [ -64.2452, -31.4032, 0.0 ], [ -64.2457, -31.4044, 0.0 ], [ -64.2438, -31.4053, 0.0 ], [ -64.2435, -31.4064, 0.0 ], [ -64.2438, -31.4077, 0.0 ], [ -64.2439, -31.4084, 0.0 ], [ -64.2441, -31.409, 0.0 ], [ -64.2446, -31.4095, 0.0 ], [ -64.245, -31.4114, 0.0 ], [ -64.2442, -31.4114, 0.0 ], [ -64.2435, -31.4115, 0.0 ], [ -64.2428, -31.4115, 0.0 ], [ -64.2404, -31.4115, 0.0 ], [ -64.2395, -31.4115, 0.0 ], [ -64.2385, -31.4116, 0.0 ], [ -64.237, -31.4112, 0.0 ], [ -64.2356, -31.4114, 0.0 ], [ -64.2349, -31.4116, 0.0 ], [ -64.2346, -31.4116, 0.0 ], [ -64.2341, -31.4117, 0.0 ], [ -64.2334, -31.4118, 0.0 ], [ -64.2324, -31.412, 0.0 ], [ -64.2318, -31.4122, 0.0 ], [ -64.2309, -31.4123, 0.0 ], [ -64.2307, -31.4118, 0.0 ], [ -64.2306, -31.4112, 0.0 ], [ -64.2305, -31.4107, 0.0 ], [ -64.2303, -31.41, 0.0 ], [ -64.23, -31.4091, 0.0 ], [ -64.2296, -31.4076, 0.0 ], [ -64.2295, -31.4072, 0.0 ], [ -64.2294, -31.4066, 0.0 ], [ -64.2291, -31.4055, 0.0 ], [ -64.2289, -31.4054, 0.0 ], [ -64.2282, -31.4056, 0.0 ], [ -64.2279, -31.4056, 0.0 ], [ -64.2276, -31.4057, 0.0 ], [ -64.2273, -31.4057, 0.0 ], [ -64.2268, -31.4045, 0.0 ], [ -64.2264, -31.4037, 0.0 ], [ -64.2262, -31.4031, 0.0 ], [ -64.2259, -31.4026, 0.0 ], [ -64.2257, -31.4022, 0.0 ], [ -64.2255, -31.4017, 0.0 ], [ -64.2253, -31.4013, 0.0 ], [ -64.2252, -31.401, 0.0 ], [ -64.2251, -31.4007, 0.0 ], [ -64.2257, -31.4005, 0.0 ], [ -64.2265, -31.4002, 0.0 ], [ -64.2275, -31.3999, 0.0 ] ] ] ] } },
{ "type": "Feature", "properties": { "circuito": "0011D", "codprov": "04", "coddepto": "001" }, "geometry": { "type": "MultiPolygon", "coordinates": [ [ [ [ -64.2279, -31.4216, 0.0 ], [ -64.228, -31.4222, 0.0 ], [ -64.2281, -31.4226, 0.0 ], [ -64.2282, -31.4231, 0.0 ], [ -64.2285, -31.424, 0.0 ], [ -64.2288, -31.4254, 0.0 ], [ -64.2289, -31.4257, 0.0 ], [ -64.2289, -31.4258, 0.0 ], [ -64.2291, -31.4264, 0.0 ], [ -64.2293, -31.4271, 0.0 ], [ -64.2294, -31.4276, 0.0 ], [ -64.2297, -31.4286, 0.0 ], [ -64.2299, -31.4295, 0.0 ], [ -64.2301, -31.43, 0.0 ], [ -64.2302, -31.4305, 0.0 ], [ -64.2305, -31.4315, 0.0 ], [ -64.2302, -31.4315, 0.0 ], [ -64.2297, -31.4315, 0.0 ], [ -64.2289, -31.4314, 0.0 ], [ -64.2286, -31.4314, 0.0 ], [ -64.2282, -31.4314, 0.0 ], [ -64.2279, -31.4314, 0.0 ], [ -64.2274, -31.4313, 0.0 ], [ -64.2272, -31.4313, 0.0 ], [ -64.2266, -31.4313, 0.0 ], [ -64.2257, -31.4312, 0.0 ], [ -64.2249, -31.4312, 0.0 ], [ -64.2243, -31.4311, 0.0 ], [ -64.224, -31.4311, 0.0 ], [ -64.2234, -31.4311, 0.0 ], [ -64.2232, -31.431, 0.0 ], [ -64.2227, -31.431, 0.0 ], [ -64.2218, -31.431, 0.0 ], [ -64.2211, -31.4309, 0.0 ], [ -64.2208, -31.4309, 0.0 ], [ -64.2204, -31.4309, 0.0 ], [ -64.2199, -31.4308, 0.0 ], [ -64.2197, -31.4308, 0.0 ], [ -64.2184, -31.4307, 0.0 ], [ -64.2177, -31.4307, 0.0 ], [ -64.2165, -31.4306, 0.0 ], [ -64.2157, -31.4305, 0.0 ], [ -64.2149, -31.4305, 0.0 ], [ -64.2145, -31.4305, 0.0 ], [ -64.2141, -31.4304, 0.0 ], [ -64.2135, -31.4304, 0.0 ], [ -64.212, -31.4303, 0.0 ], [ -64.2113, -31.4302, 0.0 ], [ -64.2109, -31.4298, 0.0 ], [ -64.2108, -31.4294, 0.0 ], [ -64.2108, -31.4293, 0.0 ], [ -64.2108, -31.4291, 0.0 ], [ -64.2104, -31.4276, 0.0 ], [ -64.2104, -31.4275, 0.0 ], [ -64.2101, -31.4269, 0.0 ], [ -64.21, -31.4262, 0.0 ], [ -64.2099, -31.4258, 0.0 ], [ -64.2098, -31.4254, 0.0 ], [ -64.2097, -31.4247, 0.0 ], [ -64.2095, -31.4241, 0.0 ], [ -64.2094, -31.4234, 0.0 ], [ -64.2093, -31.4228, 0.0 ], [ -64.2092, -31.4223, 0.0 ], [ -64.2105, -31.422, 0.0 ], [ -64.2118, -31.4218, 0.0 ], [ -64.2129, -31.4216, 0.0 ], [ -64.2131, -31.4215, 0.0 ], [ -64.2138, -31.4214, 0.0 ], [ -64.2147, -31.4212, 0.0 ], [ -64.215, -31.4212, 0.0 ], [ -64.2155, -31.4211, 0.0 ], [ -64.2158, -31.421, 0.0 ], [ -64.2162, -31.4209, 0.0 ], [ -64.2165, -31.4209, 0.0 ], [ -64.217, -31.4208, 0.0 ], [ -64.2178, -31.4206, 0.0 ], [ -64.2185, -31.4205, 0.0 ], [ -64.2187, -31.4205, 0.0 ], [ -64.2192, -31.4203, 0.0 ], [ -64.22, -31.4202, 0.0 ], [ -64.2206, -31.4201, 0.0 ], [ -64.2213, -31.4199, 0.0 ], [ -64.2219, -31.4198, 0.0 ], [ -64.2221, -31.4204, 0.0 ], [ -64.2245, -31.4199, 0.0 ], [ -64.2272, -31.4193, 0.0 ], [ -64.2274, -31.4198, 0.0 ], [ -64.2274, -31.42, 0.0 ], [ -64.2277, -31.4211, 0.0 ], [ -64.2279, -31.4216, 0.0 ] ] ] ] } },
{ "type": "Feature", "properties": { "circuito": "0012D", "codprov": "04", "coddepto": "001" }, "geometry": { "type": "MultiPolygon", "coordinates": [ [ [ [ -64.1275, -31.46, 0.0 ], [ -64.1273, -31.46, 0.0 ], [ -64.12, -31.46, 0.0 ], [ -64.1164, -31.46, 0.0 ], [ -64.1196, -31.4571, 0.0 ], [ -64.1246, -31.4515, 0.0 ], [ -64.125, -31.4509, 0.0 ], [ -64.1262, -31.449, 0.0 ], [ -64.1291, -31.445, 0.0 ], [ -64.1302, -31.4438, 0.0 ], [ -64.1318, -31.4422, 0.0 ], [ -64.1332, -31.4409, 0.0 ], [ -64.1354, -31.4388, 0.0 ], [ -64.1364, -31.4378, 0.0 ], [ -64.1389, -31.4353, 0.0 ], [ -64.1416, -31.4327, 0.0 ], [ -64.1424, -31.432, 0.0 ], [ -64.1429, -31.4319, 0.0 ], [ -64.1441, -31.4316, 0.0 ], [ -64.1452, -31.4313, 0.0 ], [ -64.1464, -31.4311, 0.0 ], [ -64.1465, -31.4315, 0.0 ], [ -64.1459, -31.4319, 0.0 ], [ -64.1453, -31.4323, 0.0 ], [ -64.1449, -31.4329, 0.0 ], [ -64.1448, -31.433, 0.0 ], [ -64.1446, -31.4333, 0.0 ], [ -64.1443, -31.4338, 0.0 ], [ -64.1441, -31.4342, 0.0 ], [ -64.144, -31.4346, 0.0 ], [ -64.1438, -31.4352, 0.0 ], [ -64.1439, -31.4356, 0.0 ], [ -64.1439, -31.4361, 0.0 ], [ -64.1442, -31.4375, 0.0 ], [ -64.1445, -31.4378, 0.0 ], [ -64.1428, -31.4378, 0.0 ], [ -64.1428, -31.4393, 0.0 ], [ -64.1428, -31.4409, 0.0 ], [ -64.144, -31.4409, 0.0 ], [ -64.144, -31.4412, 0.0 ], [ -64.1451, -31.4412, 0.0 ], [ -64.1465, -31.4412, 0.0 ], [ -64.1482, -31.4412, 0.0 ], [ -64.1483, -31.4417, 0.0 ], [ -64.1482, -31.443, 0.0 ], [ -64.1482, -31.4436, 0.0 ], [ -64.1482, -31.4439, 0.0 ], [ -64.1482, -31.4451, 0.0 ], [ -64.1481, -31.4479, 0.0 ], [ -64.148, -31.4533, 0.0 ], [ -64.1479, -31.4552, 0.0 ], [ -64.1479, -31.4571, 0.0 ], [ -64.1479, -31.4577, 0.0 ], [ -64.1479, -31.4582, 0.0 ], [ -64.148, -31.4584, 0.0 ], [ -64.1481, -31.4588, 0.0 ], [ -64.148, -31.4589, 0.0 ], [ -64.1482, -31.4591, 0.0 ], [ -64.1483, -31.4593, 0.0 ], [ -64.1484, -31.4594, 0.0 ], [ -64.1484, -31.4598, 0.0 ], [ -64.1483, -31.46, 0.0 ], [ -64.148, -31.4602, 0.0 ], [ -64.1475, -31.4603, 0.0 ], [ -64.1474, -31.4603, 0.0 ], [ -64.1471, -31.4603, 0.0 ], [ -64.1466, -31.46, 0.0 ], [ -64.1465, -31.46, 0.0 ], [ -64.1461, -31.46, 0.0 ], [ -64.1456, -31.4599, 0.0 ], [ -64.1445, -31.4599, 0.0 ], [ -64.1407, -31.4599, 0.0 ], [ -64.1349, -31.46, 0.0 ], [ -64.1342, -31.46, 0.0 ], [ -64.1328, -31.46, 0.0 ], [ -64.132, -31.46, 0.0 ], [ -64.1313, -31.46, 0.0 ], [ -64.1307, -31.46, 0.0 ], [ -64.1289, -31.46, 0.0 ], [ -64.1275, -31.46, 0.0 ] ] ] ] } },
{ "type": "Feature", "properties": { "circuito": "0011E", "codprov": "04", "coddepto": "001" }, "geometry": { "type": "MultiPolygon", "coordinates": [ [ [ [ -64.2378, -31.4143, 0.0 ], [ -64.238, -31.4149, 0.0 ], [ -64.2382, -31.4156, 0.0 ], [ -64.2383, -31.4162, 0.0 ], [ -64.2385, -31.4167, 0.0 ], [ -64.2392, -31.4193, 0.0 ], [ -64.2394, -31.4203, 0.0 ], [ -64.2397, -31.4213, 0.0 ], [ -64.2398, -31.4217, 0.0 ], [ -64.24, -31.4223, 0.0 ], [ -64.2401, -31.4229, 0.0 ], [ -64.2403, -31.4235, 0.0 ], [ -64.2404, -31.4239, 0.0 ], [ -64.2406, -31.4245, 0.0 ], [ -64.2407, -31.425, 0.0 ], [ -64.2408, -31.4254, 0.0 ], [ -64.2409, -31.4256, 0.0 ], [ -64.2409, -31.4258, 0.0 ], [ -64.241, -31.4261, 0.0 ], [ -64.241, -31.4263, 0.0 ], [ -64.2413, -31.4273, 0.0 ], [ -64.2416, -31.4283, 0.0 ], [ -64.2418, -31.4294, 0.0 ], [ -64.2421, -31.4303, 0.0 ], [ -64.2423, -31.4313, 0.0 ], [ -64.2424, -31.4315, 0.0 ], [ -64.2426, -31.4323, 0.0 ], [ -64.2418, -31.4323, 0.0 ], [ -64.2414, -31.4323, 0.0 ], [ -64.2406, -31.4322, 0.0 ], [ -64.2402, -31.4322, 0.0 ], [ -64.2394, -31.4321, 0.0 ], [ -64.2391, -31.4321, 0.0 ], [ -64.2382, -31.432, 0.0 ], [ -64.2381, -31.432, 0.0 ], [ -64.2375, -31.432, 0.0 ], [ -64.237, -31.432, 0.0 ], [ -64.2359, -31.4319, 0.0 ], [ -64.2357, -31.4319, 0.0 ], [ -64.235, -31.4318, 0.0 ], [ -64.2346, -31.4318, 0.0 ], [ -64.2338, -31.4317, 0.0 ], [ -64.2334, -31.4317, 0.0 ], [ -64.2323, -31.4316, 0.0 ], [ -64.2317, -31.4316, 0.0 ], [ -64.2315, -31.4316, 0.0 ], [ -64.2311, -31.4316, 0.0 ], [ -64.2305, -31.4315, 0.0 ], [ -64.2302, -31.4305, 0.0 ], [ -64.2301, -31.43, 0.0 ], [ -64.2299, -31.4295, 0.0 ], [ -64.2297, -31.4286, 0.0 ], [ -64.2294, -31.4276, 0.0 ], [ -64.2293, -31.4271, 0.0 ], [ -64.2291, -31.4264, 0.0 ], [ -64.2289, -31.4258, 0.0 ], [ -64.2289, -31.4257, 0.0 ], [ -64.2288, -31.4254, 0.0 ], [ -64.2285, -31.424, 0.0 ], [ -64.2282, -31.4231, 0.0 ], [ -64.2281, -31.4226, 0.0 ], [ -64.228, -31.4222, 0.0 ], [ -64.2279, -31.4216, 0.0 ], [ -64.2277, -31.4211, 0.0 ], [ -64.2274, -31.42, 0.0 ], [ -64.2274, -31.4198, 0.0 ], [ -64.2272, -31.4193, 0.0 ], [ -64.227, -31.4187, 0.0 ], [ -64.2268, -31.4176, 0.0 ], [ -64.2265, -31.4164, 0.0 ], [ -64.2264, -31.4163, 0.0 ], [ -64.2262, -31.4156, 0.0 ], [ -64.2261, -31.4148, 0.0 ], [ -64.226, -31.4146, 0.0 ], [ -64.2259, -31.4141, 0.0 ], [ -64.2257, -31.4134, 0.0 ], [ -64.227, -31.4131, 0.0 ], [ -64.2282, -31.4129, 0.0 ], [ -64.2291, -31.4127, 0.0 ], [ -64.23, -31.4125, 0.0 ], [ -64.2309, -31.4123, 0.0 ], [ -64.2318, -31.4122, 0.0 ], [ -64.2324, -31.412, 0.0 ], [ -64.2334, -31.4118, 0.0 ], [ -64.2341, -31.4117, 0.0 ], [ -64.2346, -31.4116, 0.0 ], [ -64.2349, -31.4116, 0.0 ], [ -64.2356, -31.4114, 0.0 ], [ -64.237, -31.4112, 0.0 ], [ -64.2375, -31.413, 0.0 ], [ -64.2375, -31.4132, 0.0 ], [ -64.2377, -31.4138, 0.0 ], [ -64.2378, -31.4143, 0.0 ] ] ] ] } },
{ "type": "Feature", "properties": { "circuito": "0011F", "codprov": "04", "coddepto": "001" }, "geometry": { "type": "MultiPolygon", "coordinates": [ [ [ [ -64.2692, -31.4014, 0.0 ], [ -64.2657, -31.4021, 0.0 ], [ -64.2642, -31.4024, 0.0 ], [ -64.2608, -31.4029, 0.0 ], [ -64.2594, -31.403, 0.0 ], [ -64.2587, -31.403, 0.0 ], [ -64.2547, -31.4049, 0.0 ], [ -64.2537, -31.4058, 0.0 ], [ -64.2515, -31.4063, 0.0 ], [ -64.2503, -31.4067, 0.0 ], [ -64.2493, -31.4071, 0.0 ], [ -64.2486, -31.4077, 0.0 ], [ -64.2479, -31.4085, 0.0 ], [ -64.2472, -31.4096, 0.0 ], [ -64.2461, -31.4113, 0.0 ], [ -64.245, -31.4114, 0.0 ], [ -64.2446, -31.4095, 0.0 ], [ -64.2441, -31.409, 0.0 ], [ -64.2439, -31.4084, 0.0 ], [ -64.2438, -31.4077, 0.0 ], [ -64.2435, -31.4064, 0.0 ], [ -64.2438, -31.4053, 0.0 ], [ -64.2457, -31.4044, 0.0 ], [ -64.2452, -31.4032, 0.0 ], [ -64.2443, -31.4013, 0.0 ], [ -64.2438, -31.4003, 0.0 ], [ -64.2434, -31.3994, 0.0 ], [ -64.2424, -31.3974, 0.0 ], [ -64.2418, -31.3964, 0.0 ], [ -64.2415, -31.3958, 0.0 ], [ -64.2419, -31.3957, 0.0 ], [ -64.2451, -31.3959, 0.0 ], [ -64.2479, -31.3961, 0.0 ], [ -64.2494, -31.3962, 0.0 ], [ -64.2504, -31.3963, 0.0 ], [ -64.2513, -31.3963, 0.0 ], [ -64.2533, -31.396, 0.0 ], [ -64.2552, -31.3999, 0.0 ], [ -64.2554, -31.3998, 0.0 ], [ -64.2563, -31.3994, 0.0 ], [ -64.2574, -31.3989, 0.0 ], [ -64.2585, -31.3983, 0.0 ], [ -64.2596, -31.3978, 0.0 ], [ -64.2594, -31.3975, 0.0 ], [ -64.2591, -31.3969, 0.0 ], [ -64.2588, -31.3962, 0.0 ], [ -64.2585, -31.3956, 0.0 ], [ -64.2582, -31.3949, 0.0 ], [ -64.2579, -31.3944, 0.0 ], [ -64.2579, -31.3943, 0.0 ], [ -64.2629, -31.3944, 0.0 ], [ -64.2644, -31.3948, 0.0 ], [ -64.2654, -31.3951, 0.0 ], [ -64.2667, -31.3952, 0.0 ], [ -64.2666, -31.3957, 0.0 ], [ -64.2667, -31.396, 0.0 ], [ -64.2667, -31.3962, 0.0 ], [ -64.2671, -31.397, 0.0 ], [ -64.2672, -31.3972, 0.0 ], [ -64.2675, -31.3979, 0.0 ], [ -64.2677, -31.3985, 0.0 ], [ -64.2677, -31.3988, 0.0 ], [ -64.2678, -31.3991, 0.0 ], [ -64.2681, -31.3997, 0.0 ], [ -64.2685, -31.4005, 0.0 ], [ -64.2686, -31.4006, 0.0 ], [ -64.269, -31.401, 0.0 ], [ -64.2692, -31.4014, 0.0 ] ] ] ] } },
{ "type": "Feature", "properties": { "circuito": "0011G", "codprov": "04", "coddepto": "001" }, "geometry": { "type": "MultiPolygon", "coordinates": [ [ [ [ -64.2726, -31.4089, 0.0 ], [ -64.2728, -31.4205, 0.0 ], [ -64.2694, -31.4205, 0.0 ], [ -64.2685, -31.4205, 0.0 ], [ -64.2677, -31.4205, 0.0 ], [ -64.2674, -31.4205, 0.0 ], [ -64.2668, -31.4205, 0.0 ], [ -64.2664, -31.4205, 0.0 ], [ -64.2661, -31.4205, 0.0 ], [ -64.2656, -31.4205, 0.0 ], [ -64.2654, -31.4205, 0.0 ], [ -64.2646, -31.4205, 0.0 ], [ -64.2638, -31.4204, 0.0 ], [ -64.2625, -31.4204, 0.0 ], [ -64.2615, -31.4204, 0.0 ], [ -64.2604, -31.4204, 0.0 ], [ -64.2592, -31.4204, 0.0 ], [ -64.258, -31.4204, 0.0 ], [ -64.2569, -31.4203, 0.0 ], [ -64.2557, -31.4203, 0.0 ], [ -64.2529, -31.4202, 0.0 ], [ -64.2529, -31.4195, 0.0 ], [ -64.2529, -31.419, 0.0 ], [ -64.253, -31.4185, 0.0 ], [ -64.253, -31.4177, 0.0 ], [ -64.2531, -31.4174, 0.0 ], [ -64.2531, -31.4165, 0.0 ], [ -64.2533, -31.4155, 0.0 ], [ -64.2534, -31.4144, 0.0 ], [ -64.2535, -31.4134, 0.0 ], [ -64.2537, -31.4124, 0.0 ], [ -64.2538, -31.412, 0.0 ], [ -64.2539, -31.4117, 0.0 ], [ -64.254, -31.4112, 0.0 ], [ -64.2532, -31.4113, 0.0 ], [ -64.2525, -31.4114, 0.0 ], [ -64.2517, -31.4115, 0.0 ], [ -64.2508, -31.4115, 0.0 ], [ -64.2495, -31.4116, 0.0 ], [ -64.2481, -31.4118, 0.0 ], [ -64.2478, -31.4118, 0.0 ], [ -64.2461, -31.4113, 0.0 ], [ -64.2472, -31.4096, 0.0 ], [ -64.2479, -31.4085, 0.0 ], [ -64.2486, -31.4077, 0.0 ], [ -64.2493, -31.4071, 0.0 ], [ -64.2503, -31.4067, 0.0 ], [ -64.2515, -31.4063, 0.0 ], [ -64.2537, -31.4058, 0.0 ], [ -64.2547, -31.4049, 0.0 ], [ -64.2587, -31.403, 0.0 ], [ -64.2594, -31.403, 0.0 ], [ -64.2608, -31.4029, 0.0 ], [ -64.2642, -31.4024, 0.0 ], [ -64.2657, -31.4021, 0.0 ], [ -64.2692, -31.4014, 0.0 ], [ -64.2694, -31.4016, 0.0 ], [ -64.2695, -31.402, 0.0 ], [ -64.2695, -31.4021, 0.0 ], [ -64.2725, -31.4022, 0.0 ], [ -64.2726, -31.4089, 0.0 ] ] ] ] } },
{ "type": "Feature", "properties": { "circuito": "0013M", "codprov": "04", "coddepto": "001" }, "geometry": { "type": "MultiPolygon", "coordinates": [ [ [ [ -64.1237, -31.3459, 0.0 ], [ -64.1237, -31.3429, 0.0 ], [ -64.1238, -31.3099, 0.0 ], [ -64.131, -31.3095, 0.0 ], [ -64.1318, -31.3094, 0.0 ], [ -64.1365, -31.3092, 0.0 ], [ -64.1369, -31.3091, 0.0 ], [ -64.1371, -31.3091, 0.0 ], [ -64.1379, -31.3091, 0.0 ], [ -64.1426, -31.3088, 0.0 ], [ -64.147, -31.3086, 0.0 ], [ -64.1474, -31.3096, 0.0 ], [ -64.1471, -31.3205, 0.0 ], [ -64.1471, -31.3275, 0.0 ], [ -64.1472, -31.3284, 0.0 ], [ -64.1472, -31.3317, 0.0 ], [ -64.1472, -31.3349, 0.0 ], [ -64.1472, -31.335, 0.0 ], [ -64.1472, -31.3372, 0.0 ], [ -64.1473, -31.3381, 0.0 ], [ -64.1472, -31.341, 0.0 ], [ -64.1472, -31.3485, 0.0 ], [ -64.1473, -31.3552, 0.0 ], [ -64.1473, -31.3555, 0.0 ], [ -64.1474, -31.3592, 0.0 ], [ -64.1473, -31.3614, 0.0 ], [ -64.1473, -31.362, 0.0 ], [ -64.1464, -31.3621, 0.0 ], [ -64.1439, -31.3623, 0.0 ], [ -64.1433, -31.3624, 0.0 ], [ -64.1412, -31.3625, 0.0 ], [ -64.1391, -31.3626, 0.0 ], [ -64.1393879, -31.352632, 0.0 ], [ -64.1396061, -31.3523344, 0.0 ], [ -64.1330474, -31.3518216, 0.0 ], [ -64.1304535, -31.3508886, 0.0 ], [ -64.1237, -31.3459, 0.0 ] ] ] ] } },
{ "type": "Feature", "properties": { "circuito": "0011H", "codprov": "04", "coddepto": "001" }, "geometry": { "type": "MultiPolygon", "coordinates": [ [ [ [ -64.2655, -31.3943, 0.0 ], [ -64.2668, -31.3952, 0.0 ], [ -64.2667, -31.3952, 0.0 ], [ -64.2654, -31.3951, 0.0 ], [ -64.2644, -31.3948, 0.0 ], [ -64.2629, -31.3944, 0.0 ], [ -64.2579, -31.3943, 0.0 ], [ -64.2579, -31.3944, 0.0 ], [ -64.2582, -31.3949, 0.0 ], [ -64.2585, -31.3956, 0.0 ], [ -64.2588, -31.3962, 0.0 ], [ -64.2591, -31.3969, 0.0 ], [ -64.2594, -31.3975, 0.0 ], [ -64.2596, -31.3978, 0.0 ], [ -64.2585, -31.3983, 0.0 ], [ -64.2574, -31.3989, 0.0 ], [ -64.2563, -31.3994, 0.0 ], [ -64.2554, -31.3998, 0.0 ], [ -64.2552, -31.3999, 0.0 ], [ -64.2533, -31.396, 0.0 ], [ -64.2524, -31.3941, 0.0 ], [ -64.2521, -31.3934, 0.0 ], [ -64.2485, -31.3861, 0.0 ], [ -64.2483, -31.3856, 0.0 ], [ -64.248, -31.3852, 0.0 ], [ -64.2477, -31.3845, 0.0 ], [ -64.2474, -31.3839, 0.0 ], [ -64.2471, -31.3834, 0.0 ], [ -64.2476, -31.3831, 0.0 ], [ -64.2484, -31.3823, 0.0 ], [ -64.2493, -31.3807, 0.0 ], [ -64.2498, -31.3791, 0.0 ], [ -64.25, -31.3779, 0.0 ], [ -64.2498, -31.3762, 0.0 ], [ -64.249, -31.3751, 0.0 ], [ -64.2484, -31.3749, 0.0 ], [ -64.2474, -31.3747, 0.0 ], [ -64.2463, -31.375, 0.0 ], [ -64.2455, -31.3753, 0.0 ], [ -64.2447, -31.3755, 0.0 ], [ -64.2441, -31.3755, 0.0 ], [ -64.2434, -31.3755, 0.0 ], [ -64.2428, -31.3753, 0.0 ], [ -64.2425, -31.3751, 0.0 ], [ -64.2426, -31.3746, 0.0 ], [ -64.243, -31.3742, 0.0 ], [ -64.2433, -31.3733, 0.0 ], [ -64.2433, -31.3724, 0.0 ], [ -64.243, -31.3713, 0.0 ], [ -64.2428, -31.3704, 0.0 ], [ -64.242, -31.3689, 0.0 ], [ -64.2412, -31.3677, 0.0 ], [ -64.2403, -31.3667, 0.0 ], [ -64.2397, -31.3653, 0.0 ], [ -64.2395, -31.3641, 0.0 ], [ -64.2395, -31.3635, 0.0 ], [ -64.2394, -31.3621, 0.0 ], [ -64.24, -31.3613, 0.0 ], [ -64.2406, -31.3603, 0.0 ], [ -64.2435, -31.3631, 0.0 ], [ -64.2451, -31.3653, 0.0 ], [ -64.2473, -31.3678, 0.0 ], [ -64.2503, -31.3708, 0.0 ], [ -64.2522, -31.3721, 0.0 ], [ -64.2536, -31.3747, 0.0 ], [ -64.2544, -31.3763, 0.0 ], [ -64.2547, -31.377, 0.0 ], [ -64.2552, -31.3776, 0.0 ], [ -64.2566, -31.3789, 0.0 ], [ -64.2605, -31.3833, 0.0 ], [ -64.2611, -31.3843, 0.0 ], [ -64.2619, -31.3857, 0.0 ], [ -64.2625, -31.3865, 0.0 ], [ -64.2641, -31.3892, 0.0 ], [ -64.2651, -31.3911, 0.0 ], [ -64.2654, -31.3916, 0.0 ], [ -64.2657, -31.3924, 0.0 ], [ -64.2657, -31.3931, 0.0 ], [ -64.2657, -31.3938, 0.0 ], [ -64.2656, -31.3942, 0.0 ], [ -64.2655, -31.3943, 0.0 ] ] ] ] } },
{ "type": "Feature", "properties": { "circuito": "0011I", "codprov": "04", "coddepto": "001" }, "geometry": { "type": "MultiPolygon", "coordinates": [ [ [ [ -64.2403, -31.4235, 0.0 ], [ -64.2401, -31.4229, 0.0 ], [ -64.24, -31.4223, 0.0 ], [ -64.2398, -31.4217, 0.0 ], [ -64.2397, -31.4213, 0.0 ], [ -64.2394, -31.4203, 0.0 ], [ -64.2392, -31.4193, 0.0 ], [ -64.2385, -31.4167, 0.0 ], [ -64.2383, -31.4162, 0.0 ], [ -64.2382, -31.4156, 0.0 ], [ -64.238, -31.4149, 0.0 ], [ -64.2378, -31.4143, 0.0 ], [ -64.2377, -31.4138, 0.0 ], [ -64.2375, -31.4132, 0.0 ], [ -64.2375, -31.413, 0.0 ], [ -64.237, -31.4112, 0.0 ], [ -64.2385, -31.4116, 0.0 ], [ -64.2395, -31.4115, 0.0 ], [ -64.2404, -31.4115, 0.0 ], [ -64.2428, -31.4115, 0.0 ], [ -64.2435, -31.4115, 0.0 ], [ -64.2442, -31.4114, 0.0 ], [ -64.245, -31.4114, 0.0 ], [ -64.2461, -31.4113, 0.0 ], [ -64.2478, -31.4118, 0.0 ], [ -64.2481, -31.4118, 0.0 ], [ -64.2495, -31.4116, 0.0 ], [ -64.2508, -31.4115, 0.0 ], [ -64.2517, -31.4115, 0.0 ], [ -64.2525, -31.4114, 0.0 ], [ -64.2532, -31.4113, 0.0 ], [ -64.254, -31.4112, 0.0 ], [ -64.2539, -31.4117, 0.0 ], [ -64.2538, -31.412, 0.0 ], [ -64.2537, -31.4124, 0.0 ], [ -64.2535, -31.4134, 0.0 ], [ -64.2534, -31.4144, 0.0 ], [ -64.2533, -31.4155, 0.0 ], [ -64.2531, -31.4165, 0.0 ], [ -64.2531, -31.4174, 0.0 ], [ -64.253, -31.4177, 0.0 ], [ -64.253, -31.4185, 0.0 ], [ -64.2529, -31.419, 0.0 ], [ -64.2529, -31.4195, 0.0 ], [ -64.2529, -31.4202, 0.0 ], [ -64.2529, -31.4214, 0.0 ], [ -64.2529, -31.4225, 0.0 ], [ -64.2529, -31.4235, 0.0 ], [ -64.2529, -31.4247, 0.0 ], [ -64.2528, -31.4256, 0.0 ], [ -64.2528, -31.4266, 0.0 ], [ -64.2528, -31.4276, 0.0 ], [ -64.2528, -31.4287, 0.0 ], [ -64.2528, -31.4297, 0.0 ], [ -64.2528, -31.4308, 0.0 ], [ -64.2527, -31.4319, 0.0 ], [ -64.2527, -31.433, 0.0 ], [ -64.2524, -31.433, 0.0 ], [ -64.2518, -31.4329, 0.0 ], [ -64.2516, -31.4329, 0.0 ], [ -64.2506, -31.4328, 0.0 ], [ -64.2503, -31.4328, 0.0 ], [ -64.2493, -31.4328, 0.0 ], [ -64.248, -31.4327, 0.0 ], [ -64.247, -31.4326, 0.0 ], [ -64.2458, -31.4325, 0.0 ], [ -64.245, -31.4325, 0.0 ], [ -64.2446, -31.4325, 0.0 ], [ -64.2438, -31.4324, 0.0 ], [ -64.2434, -31.4324, 0.0 ], [ -64.2426, -31.4323, 0.0 ], [ -64.2424, -31.4315, 0.0 ], [ -64.2423, -31.4313, 0.0 ], [ -64.2421, -31.4303, 0.0 ], [ -64.2418, -31.4294, 0.0 ], [ -64.2416, -31.4283, 0.0 ], [ -64.2413, -31.4273, 0.0 ], [ -64.241, -31.4263, 0.0 ], [ -64.241, -31.4261, 0.0 ], [ -64.2409, -31.4258, 0.0 ], [ -64.2409, -31.4256, 0.0 ], [ -64.2408, -31.4254, 0.0 ], [ -64.2407, -31.425, 0.0 ], [ -64.2406, -31.4245, 0.0 ], [ -64.2404, -31.4239, 0.0 ], [ -64.2403, -31.4235, 0.0 ] ] ] ] } },
{ "type": "Feature", "properties": { "circuito": "0012E", "codprov": "04", "coddepto": "001" }, "geometry": { "type": "MultiPolygon", "coordinates": [ [ [ [ -64.0986, -31.469, 0.0 ], [ -64.1027, -31.4648, 0.0 ], [ -64.104, -31.4635, 0.0 ], [ -64.1044, -31.4631, 0.0 ], [ -64.105, -31.4625, 0.0 ], [ -64.1057, -31.4619, 0.0 ], [ -64.1063, -31.4612, 0.0 ], [ -64.107, -31.4606, 0.0 ], [ -64.1073, -31.4603, 0.0 ], [ -64.1078, -31.4598, 0.0 ], [ -64.1095, -31.4598, 0.0 ], [ -64.1102, -31.4599, 0.0 ], [ -64.111, -31.4599, 0.0 ], [ -64.1123, -31.4599, 0.0 ], [ -64.1137, -31.46, 0.0 ], [ -64.1149, -31.46, 0.0 ], [ -64.1164, -31.46, 0.0 ], [ -64.12, -31.46, 0.0 ], [ -64.1273, -31.46, 0.0 ], [ -64.1275, -31.46, 0.0 ], [ -64.1275, -31.4671, 0.0 ], [ -64.1268, -31.4671, 0.0 ], [ -64.1203, -31.4752, 0.0 ], [ -64.1188, -31.4752, 0.0 ], [ -64.1187, -31.4834, 0.0 ], [ -64.1123, -31.4833, 0.0 ], [ -64.1122, -31.4901, 0.0 ], [ -64.1114, -31.5239, 0.0 ], [ -64.1086, -31.5239, 0.0 ], [ -64.1081, -31.5239, 0.0 ], [ -64.108, -31.523022, 0.0 ], [ -64.1005929, -31.5230686, 0.0 ], [ -64.0931858, -31.5226757, 0.0 ], [ -64.074276, -31.521688, 0.0 ], [ -64.0736, -31.5218, 0.0 ], [ -64.0590946, -31.5209857, 0.0 ], [ -64.0628282, -31.504392, 0.0 ], [ -64.0977, -31.4703, 0.0 ], [ -64.0986, -31.469, 0.0 ] ] ] ] } },
{ "type": "Feature", "properties": { "circuito": "0011J", "codprov": "04", "coddepto": "001" }, "geometry": { "type": "MultiPolygon", "coordinates": [ [ [ [ -64.2262, -31.4156, 0.0 ], [ -64.2264, -31.4163, 0.0 ], [ -64.2265, -31.4164, 0.0 ], [ -64.2268, -31.4176, 0.0 ], [ -64.227, -31.4187, 0.0 ], [ -64.2272, -31.4193, 0.0 ], [ -64.2245, -31.4199, 0.0 ], [ -64.2221, -31.4204, 0.0 ], [ -64.2219, -31.4198, 0.0 ], [ -64.2213, -31.4199, 0.0 ], [ -64.2206, -31.4201, 0.0 ], [ -64.22, -31.4202, 0.0 ], [ -64.2192, -31.4203, 0.0 ], [ -64.2187, -31.4205, 0.0 ], [ -64.2185, -31.4205, 0.0 ], [ -64.2178, -31.4206, 0.0 ], [ -64.217, -31.4208, 0.0 ], [ -64.2165, -31.4209, 0.0 ], [ -64.2162, -31.4209, 0.0 ], [ -64.2158, -31.421, 0.0 ], [ -64.2155, -31.4211, 0.0 ], [ -64.215, -31.4212, 0.0 ], [ -64.2147, -31.4212, 0.0 ], [ -64.2138, -31.4214, 0.0 ], [ -64.2131, -31.4215, 0.0 ], [ -64.2129, -31.4216, 0.0 ], [ -64.2118, -31.4218, 0.0 ], [ -64.2105, -31.422, 0.0 ], [ -64.2092, -31.4223, 0.0 ], [ -64.209, -31.4217, 0.0 ], [ -64.2089, -31.4211, 0.0 ], [ -64.2087, -31.4204, 0.0 ], [ -64.2085, -31.4198, 0.0 ], [ -64.2083, -31.4191, 0.0 ], [ -64.2082, -31.4186, 0.0 ], [ -64.208, -31.418, 0.0 ], [ -64.2078, -31.4173, 0.0 ], [ -64.2078, -31.417, 0.0 ], [ -64.2074, -31.416, 0.0 ], [ -64.2072, -31.4154, 0.0 ], [ -64.2072, -31.4151, 0.0 ], [ -64.207, -31.4144, 0.0 ], [ -64.2068, -31.4137, 0.0 ], [ -64.2065, -31.4129, 0.0 ], [ -64.2064, -31.4124, 0.0 ], [ -64.2068, -31.4123, 0.0 ], [ -64.208, -31.4118, 0.0 ], [ -64.2082, -31.4117, 0.0 ], [ -64.2091, -31.4114, 0.0 ], [ -64.2103, -31.411, 0.0 ], [ -64.2111, -31.4108, 0.0 ], [ -64.2114, -31.4107, 0.0 ], [ -64.2119, -31.4105, 0.0 ], [ -64.2126, -31.4103, 0.0 ], [ -64.2131, -31.4102, 0.0 ], [ -64.2136, -31.41, 0.0 ], [ -64.2147, -31.4096, 0.0 ], [ -64.2159, -31.4093, 0.0 ], [ -64.2165, -31.4091, 0.0 ], [ -64.217, -31.4089, 0.0 ], [ -64.2178, -31.4087, 0.0 ], [ -64.2182, -31.4086, 0.0 ], [ -64.2191, -31.4083, 0.0 ], [ -64.2193, -31.4082, 0.0 ], [ -64.2205, -31.4078, 0.0 ], [ -64.2205, -31.408, 0.0 ], [ -64.2215, -31.4076, 0.0 ], [ -64.2226, -31.4073, 0.0 ], [ -64.2237, -31.4069, 0.0 ], [ -64.2239, -31.4068, 0.0 ], [ -64.2247, -31.4065, 0.0 ], [ -64.2249, -31.4065, 0.0 ], [ -64.2256, -31.4062, 0.0 ], [ -64.2259, -31.4061, 0.0 ], [ -64.227, -31.4057, 0.0 ], [ -64.2273, -31.4057, 0.0 ], [ -64.2276, -31.4057, 0.0 ], [ -64.2279, -31.4056, 0.0 ], [ -64.2282, -31.4056, 0.0 ], [ -64.2289, -31.4054, 0.0 ], [ -64.2291, -31.4055, 0.0 ], [ -64.2294, -31.4066, 0.0 ], [ -64.2295, -31.4072, 0.0 ], [ -64.2296, -31.4076, 0.0 ], [ -64.23, -31.4091, 0.0 ], [ -64.2303, -31.41, 0.0 ], [ -64.2305, -31.4107, 0.0 ], [ -64.2306, -31.4112, 0.0 ], [ -64.2307, -31.4118, 0.0 ], [ -64.2309, -31.4123, 0.0 ], [ -64.23, -31.4125, 0.0 ], [ -64.2291, -31.4127, 0.0 ], [ -64.2282, -31.4129, 0.0 ], [ -64.227, -31.4131, 0.0 ], [ -64.2257, -31.4134, 0.0 ], [ -64.2259, -31.4141, 0.0 ], [ -64.226, -31.4146, 0.0 ], [ -64.2261, -31.4148, 0.0 ], [ -64.2262, -31.4156, 0.0 ] ] ] ] } },
{ "type": "Feature", "properties": { "circuito": "0011K", "codprov": "04", "coddepto": "001" }, "geometry": { "type": "MultiPolygon", "coordinates": [ [ [ [ -64.2524, -31.3941, 0.0 ], [ -64.2533, -31.396, 0.0 ], [ -64.2513, -31.3963, 0.0 ], [ -64.2504, -31.3963, 0.0 ], [ -64.2494, -31.3962, 0.0 ], [ -64.2479, -31.3961, 0.0 ], [ -64.2451, -31.3959, 0.0 ], [ -64.2419, -31.3957, 0.0 ], [ -64.2415, -31.3958, 0.0 ], [ -64.2406, -31.3958, 0.0 ], [ -64.2394, -31.3961, 0.0 ], [ -64.2371, -31.3968, 0.0 ], [ -64.2355, -31.3973, 0.0 ], [ -64.2335, -31.398, 0.0 ], [ -64.2329, -31.3951, 0.0 ], [ -64.2313, -31.3955, 0.0 ], [ -64.2313, -31.3954, 0.0 ], [ -64.2311, -31.3955, 0.0 ], [ -64.2307, -31.3956, 0.0 ], [ -64.2297, -31.3958, 0.0 ], [ -64.2284, -31.396, 0.0 ], [ -64.2277, -31.3962, 0.0 ], [ -64.2266, -31.3964, 0.0 ], [ -64.2267, -31.397, 0.0 ], [ -64.2268, -31.3973, 0.0 ], [ -64.2269, -31.3976, 0.0 ], [ -64.227, -31.3981, 0.0 ], [ -64.2272, -31.3988, 0.0 ], [ -64.2274, -31.3994, 0.0 ], [ -64.2275, -31.3999, 0.0 ], [ -64.2265, -31.4002, 0.0 ], [ -64.2257, -31.4005, 0.0 ], [ -64.2251, -31.4007, 0.0 ], [ -64.2249, -31.4002, 0.0 ], [ -64.2246, -31.3997, 0.0 ], [ -64.2242, -31.3987, 0.0 ], [ -64.2239, -31.3978, 0.0 ], [ -64.2238, -31.3975, 0.0 ], [ -64.2234, -31.3967, 0.0 ], [ -64.223, -31.3958, 0.0 ], [ -64.2227, -31.3946, 0.0 ], [ -64.2257, -31.3936, 0.0 ], [ -64.2293, -31.3923, 0.0 ], [ -64.2303, -31.3919, 0.0 ], [ -64.2312, -31.3913, 0.0 ], [ -64.2327, -31.3905, 0.0 ], [ -64.2339, -31.39, 0.0 ], [ -64.2363, -31.3891, 0.0 ], [ -64.2395, -31.3879, 0.0 ], [ -64.2425, -31.3864, 0.0 ], [ -64.2437, -31.3851, 0.0 ], [ -64.2452, -31.3842, 0.0 ], [ -64.2471, -31.3834, 0.0 ], [ -64.2474, -31.3839, 0.0 ], [ -64.2477, -31.3845, 0.0 ], [ -64.248, -31.3852, 0.0 ], [ -64.2483, -31.3856, 0.0 ], [ -64.2485, -31.3861, 0.0 ], [ -64.2521, -31.3934, 0.0 ], [ -64.2524, -31.3941, 0.0 ] ] ] ] } },
{ "type": "Feature", "properties": { "circuito": "0013N", "codprov": "04", "coddepto": "001" }, "geometry": { "type": "MultiPolygon", "coordinates": [ [ [ [ -64.1369, -31.3873, 0.0 ], [ -64.1369, -31.3877, 0.0 ], [ -64.1369, -31.3883, 0.0 ], [ -64.1369, -31.3886, 0.0 ], [ -64.1369, -31.3895, 0.0 ], [ -64.1368, -31.39, 0.0 ], [ -64.1362, -31.3898, 0.0 ], [ -64.1355, -31.3897, 0.0 ], [ -64.1346, -31.3894, 0.0 ], [ -64.1338, -31.3893, 0.0 ], [ -64.1331, -31.3891, 0.0 ], [ -64.1324, -31.3889, 0.0 ], [ -64.1316, -31.3887, 0.0 ], [ -64.1292, -31.3882, 0.0 ], [ -64.1285, -31.388, 0.0 ], [ -64.128, -31.3879, 0.0 ], [ -64.1274, -31.3878, 0.0 ], [ -64.1268, -31.3877, 0.0 ], [ -64.1257, -31.3873, 0.0 ], [ -64.1257, -31.3869, 0.0 ], [ -64.124, -31.3865, 0.0 ], [ -64.1231, -31.3863, 0.0 ], [ -64.1217, -31.386, 0.0 ], [ -64.1196, -31.3856, 0.0 ], [ -64.1189, -31.3751, 0.0 ], [ -64.124, -31.3757, 0.0 ], [ -64.1241, -31.3759, 0.0 ], [ -64.1243, -31.3759, 0.0 ], [ -64.1268, -31.3764, 0.0 ], [ -64.1329, -31.3775, 0.0 ], [ -64.1347, -31.3778, 0.0 ], [ -64.1368, -31.3782, 0.0 ], [ -64.1369, -31.3784, 0.0 ], [ -64.1369, -31.3794, 0.0 ], [ -64.1368, -31.3803, 0.0 ], [ -64.1368, -31.3814, 0.0 ], [ -64.1368, -31.3824, 0.0 ], [ -64.1368, -31.3834, 0.0 ], [ -64.1368, -31.3844, 0.0 ], [ -64.1369, -31.3853, 0.0 ], [ -64.1369, -31.386, 0.0 ], [ -64.1369, -31.3863, 0.0 ], [ -64.1369, -31.3873, 0.0 ] ] ] ] } },
{ "type": "Feature", "properties": { "circuito": "0012A", "codprov": "04", "coddepto": "001" }, "geometry": { "type": "MultiPolygon", "coordinates": [ [ [ [ -64.1187, -31.4834, 0.0 ], [ -64.1188, -31.4752, 0.0 ], [ -64.1203, -31.4752, 0.0 ], [ -64.1268, -31.4671, 0.0 ], [ -64.1275, -31.4671, 0.0 ], [ -64.1275, -31.46, 0.0 ], [ -64.1289, -31.46, 0.0 ], [ -64.1307, -31.46, 0.0 ], [ -64.1313, -31.46, 0.0 ], [ -64.132, -31.46, 0.0 ], [ -64.1328, -31.46, 0.0 ], [ -64.1342, -31.46, 0.0 ], [ -64.1349, -31.46, 0.0 ], [ -64.1407, -31.4599, 0.0 ], [ -64.1445, -31.4599, 0.0 ], [ -64.1456, -31.4599, 0.0 ], [ -64.1461, -31.46, 0.0 ], [ -64.1465, -31.46, 0.0 ], [ -64.1468, -31.4606, 0.0 ], [ -64.1471, -31.4611, 0.0 ], [ -64.1472, -31.4614, 0.0 ], [ -64.1474, -31.4619, 0.0 ], [ -64.1477, -31.4624, 0.0 ], [ -64.1478, -31.4629, 0.0 ], [ -64.1478, -31.4632, 0.0 ], [ -64.1476, -31.4632, 0.0 ], [ -64.1476, -31.4645, 0.0 ], [ -64.1476, -31.4659, 0.0 ], [ -64.1476, -31.467, 0.0 ], [ -64.1476, -31.4682, 0.0 ], [ -64.1476, -31.4692, 0.0 ], [ -64.1476, -31.4704, 0.0 ], [ -64.1476, -31.4728, 0.0 ], [ -64.1476, -31.4732, 0.0 ], [ -64.1476, -31.474, 0.0 ], [ -64.1476, -31.4752, 0.0 ], [ -64.1475, -31.4752, 0.0 ], [ -64.1475, -31.4788, 0.0 ], [ -64.1466, -31.4788, 0.0 ], [ -64.1459, -31.4788, 0.0 ], [ -64.1451, -31.4788, 0.0 ], [ -64.1444, -31.4788, 0.0 ], [ -64.1436, -31.4788, 0.0 ], [ -64.1428, -31.4788, 0.0 ], [ -64.142, -31.4788, 0.0 ], [ -64.1413, -31.4788, 0.0 ], [ -64.1405, -31.4788, 0.0 ], [ -64.1398, -31.4788, 0.0 ], [ -64.139, -31.4788, 0.0 ], [ -64.1383, -31.4788, 0.0 ], [ -64.1375, -31.4788, 0.0 ], [ -64.1369, -31.4788, 0.0 ], [ -64.1361, -31.4788, 0.0 ], [ -64.1354, -31.4788, 0.0 ], [ -64.1277, -31.4788, 0.0 ], [ -64.1276, -31.4788, 0.0 ], [ -64.1275, -31.4788, 0.0 ], [ -64.1273, -31.4821, 0.0 ], [ -64.1273, -31.4823, 0.0 ], [ -64.1273, -31.4826, 0.0 ], [ -64.1272, -31.4835, 0.0 ], [ -64.1187, -31.4834, 0.0 ] ] ] ] } },
{ "type": "Feature", "properties": { "circuito": "0012B", "codprov": "04", "coddepto": "001" }, "geometry": { "type": "MultiPolygon", "coordinates": [ [ [ [ -64.1502, -31.4298, 0.0 ], [ -64.1512, -31.4293, 0.0 ], [ -64.1523, -31.4288, 0.0 ], [ -64.1534, -31.4283, 0.0 ], [ -64.1538, -31.4282, 0.0 ], [ -64.1546, -31.4279, 0.0 ], [ -64.1559, -31.4274, 0.0 ], [ -64.157, -31.4271, 0.0 ], [ -64.1573, -31.4268, 0.0 ], [ -64.1578, -31.4267, 0.0 ], [ -64.1585, -31.4266, 0.0 ], [ -64.1592, -31.4265, 0.0 ], [ -64.1597, -31.4265, 0.0 ], [ -64.1605, -31.4263, 0.0 ], [ -64.161, -31.4262, 0.0 ], [ -64.1616, -31.4262, 0.0 ], [ -64.1622, -31.4261, 0.0 ], [ -64.1635, -31.4259, 0.0 ], [ -64.1646, -31.4254, 0.0 ], [ -64.1664, -31.4251, 0.0 ], [ -64.1674, -31.424, 0.0 ], [ -64.169, -31.4248, 0.0 ], [ -64.1692, -31.4253, 0.0 ], [ -64.1705, -31.4251, 0.0 ], [ -64.1694, -31.4274, 0.0 ], [ -64.1696, -31.4282, 0.0 ], [ -64.1698, -31.429, 0.0 ], [ -64.1699, -31.4292, 0.0 ], [ -64.1698, -31.4296, 0.0 ], [ -64.1698, -31.4302, 0.0 ], [ -64.1698, -31.4303, 0.0 ], [ -64.1698, -31.4313, 0.0 ], [ -64.1698, -31.4333, 0.0 ], [ -64.1688, -31.4347, 0.0 ], [ -64.1688, -31.4351, 0.0 ], [ -64.1688, -31.4354, 0.0 ], [ -64.1688, -31.436, 0.0 ], [ -64.1688, -31.4366, 0.0 ], [ -64.1688, -31.4371, 0.0 ], [ -64.1688, -31.438, 0.0 ], [ -64.1688, -31.4389, 0.0 ], [ -64.1688, -31.4398, 0.0 ], [ -64.1688, -31.4401, 0.0 ], [ -64.1687, -31.4403, 0.0 ], [ -64.1687, -31.4406, 0.0 ], [ -64.1658, -31.4404, 0.0 ], [ -64.1646, -31.4403, 0.0 ], [ -64.1634, -31.4403, 0.0 ], [ -64.1619, -31.4402, 0.0 ], [ -64.1605, -31.4402, 0.0 ], [ -64.1597, -31.4402, 0.0 ], [ -64.159, -31.4402, 0.0 ], [ -64.1581, -31.4402, 0.0 ], [ -64.1567, -31.4402, 0.0 ], [ -64.1553, -31.4402, 0.0 ], [ -64.1536, -31.4404, 0.0 ], [ -64.1505, -31.441, 0.0 ], [ -64.1498, -31.4412, 0.0 ], [ -64.1495, -31.4413, 0.0 ], [ -64.1488, -31.4412, 0.0 ], [ -64.1482, -31.4412, 0.0 ], [ -64.1465, -31.4412, 0.0 ], [ -64.1451, -31.4412, 0.0 ], [ -64.144, -31.4412, 0.0 ], [ -64.144, -31.4409, 0.0 ], [ -64.1428, -31.4409, 0.0 ], [ -64.1428, -31.4393, 0.0 ], [ -64.1428, -31.4378, 0.0 ], [ -64.1445, -31.4378, 0.0 ], [ -64.1442, -31.4375, 0.0 ], [ -64.1439, -31.4361, 0.0 ], [ -64.1439, -31.4356, 0.0 ], [ -64.1438, -31.4352, 0.0 ], [ -64.144, -31.4346, 0.0 ], [ -64.1441, -31.4342, 0.0 ], [ -64.1443, -31.4338, 0.0 ], [ -64.1446, -31.4333, 0.0 ], [ -64.1448, -31.433, 0.0 ], [ -64.1449, -31.4329, 0.0 ], [ -64.1453, -31.4323, 0.0 ], [ -64.1459, -31.4319, 0.0 ], [ -64.1465, -31.4315, 0.0 ], [ -64.1469, -31.4312, 0.0 ], [ -64.148, -31.4307, 0.0 ], [ -64.1492, -31.4301, 0.0 ], [ -64.1502, -31.4298, 0.0 ] ] ] ] } },
{ "type": "Feature", "properties": { "circuito": "0012C", "codprov": "04", "coddepto": "001" }, "geometry": { "type": "MultiPolygon", "coordinates": [ [ [ [ -64.1114, -31.5239, 0.0 ], [ -64.1122, -31.4901, 0.0 ], [ -64.1123, -31.4833, 0.0 ], [ -64.1187, -31.4834, 0.0 ], [ -64.1272, -31.4835, 0.0 ], [ -64.1273, -31.4826, 0.0 ], [ -64.1273, -31.4823, 0.0 ], [ -64.1273, -31.4821, 0.0 ], [ -64.1275, -31.4788, 0.0 ], [ -64.1276, -31.4788, 0.0 ], [ -64.1277, -31.4788, 0.0 ], [ -64.1354, -31.4788, 0.0 ], [ -64.1361, -31.4788, 0.0 ], [ -64.1369, -31.4788, 0.0 ], [ -64.1375, -31.4788, 0.0 ], [ -64.1383, -31.4788, 0.0 ], [ -64.139, -31.4788, 0.0 ], [ -64.1398, -31.4788, 0.0 ], [ -64.1405, -31.4788, 0.0 ], [ -64.1413, -31.4788, 0.0 ], [ -64.142, -31.4788, 0.0 ], [ -64.1428, -31.4788, 0.0 ], [ -64.1436, -31.4788, 0.0 ], [ -64.1444, -31.4788, 0.0 ], [ -64.1451, -31.4788, 0.0 ], [ -64.1459, -31.4788, 0.0 ], [ -64.1466, -31.4788, 0.0 ], [ -64.1475, -31.4788, 0.0 ], [ -64.1475, -31.4823, 0.0 ], [ -64.1474, -31.4823, 0.0 ], [ -64.1474, -31.4868, 0.0 ], [ -64.1473, -31.4911, 0.0 ], [ -64.1467, -31.5245, 0.0 ], [ -64.1461, -31.5245, 0.0 ], [ -64.127, -31.5242, 0.0 ], [ -64.1265, -31.5242, 0.0 ], [ -64.1191, -31.5241, 0.0 ], [ -64.1114, -31.5239, 0.0 ] ] ] ] } },
{ "type": "Feature", "properties": { "circuito": "0012F", "codprov": "04", "coddepto": "001" }, "geometry": { "type": "MultiPolygon", "coordinates": [ [ [ [ -64.1687, -31.4476, 0.0 ], [ -64.1687, -31.4485, 0.0 ], [ -64.1687, -31.4494, 0.0 ], [ -64.1687, -31.4497, 0.0 ], [ -64.1686, -31.45, 0.0 ], [ -64.1686, -31.451, 0.0 ], [ -64.1686, -31.4522, 0.0 ], [ -64.1686, -31.4541, 0.0 ], [ -64.1686, -31.4548, 0.0 ], [ -64.1686, -31.4555, 0.0 ], [ -64.1686, -31.4569, 0.0 ], [ -64.1686, -31.4582, 0.0 ], [ -64.1632, -31.4583, 0.0 ], [ -64.1601, -31.4583, 0.0 ], [ -64.1595, -31.4583, 0.0 ], [ -64.1581, -31.4583, 0.0 ], [ -64.1517, -31.4583, 0.0 ], [ -64.148, -31.4584, 0.0 ], [ -64.1479, -31.4582, 0.0 ], [ -64.1479, -31.4577, 0.0 ], [ -64.1479, -31.4571, 0.0 ], [ -64.1479, -31.4552, 0.0 ], [ -64.148, -31.4533, 0.0 ], [ -64.1481, -31.4479, 0.0 ], [ -64.1482, -31.4451, 0.0 ], [ -64.1482, -31.4439, 0.0 ], [ -64.1482, -31.4436, 0.0 ], [ -64.1482, -31.443, 0.0 ], [ -64.1483, -31.4417, 0.0 ], [ -64.1482, -31.4412, 0.0 ], [ -64.1488, -31.4412, 0.0 ], [ -64.1495, -31.4413, 0.0 ], [ -64.1498, -31.4412, 0.0 ], [ -64.1505, -31.441, 0.0 ], [ -64.1536, -31.4404, 0.0 ], [ -64.1553, -31.4402, 0.0 ], [ -64.1567, -31.4402, 0.0 ], [ -64.1581, -31.4402, 0.0 ], [ -64.159, -31.4402, 0.0 ], [ -64.1597, -31.4402, 0.0 ], [ -64.1605, -31.4402, 0.0 ], [ -64.1619, -31.4402, 0.0 ], [ -64.1634, -31.4403, 0.0 ], [ -64.1646, -31.4403, 0.0 ], [ -64.1658, -31.4404, 0.0 ], [ -64.1687, -31.4406, 0.0 ], [ -64.1687, -31.4412, 0.0 ], [ -64.1687, -31.4425, 0.0 ], [ -64.1687, -31.4436, 0.0 ], [ -64.1687, -31.4442, 0.0 ], [ -64.1687, -31.4446, 0.0 ], [ -64.1687, -31.4451, 0.0 ], [ -64.1687, -31.4456, 0.0 ], [ -64.1687, -31.4457, 0.0 ], [ -64.1687, -31.4464, 0.0 ], [ -64.1687, -31.4471, 0.0 ], [ -64.1687, -31.4476, 0.0 ] ] ] ] } },
{ "type": "Feature", "properties": { "circuito": "0012H", "codprov": "04", "coddepto": "001" }, "geometry": { "type": "MultiPolygon", "coordinates": [ [ [ [ -64.1467, -31.5245, 0.0 ], [ -64.1473, -31.4911, 0.0 ], [ -64.1474, -31.4868, 0.0 ], [ -64.1474, -31.4823, 0.0 ], [ -64.1475, -31.4823, 0.0 ], [ -64.1475, -31.4788, 0.0 ], [ -64.1475, -31.4752, 0.0 ], [ -64.1476, -31.4752, 0.0 ], [ -64.1476, -31.474, 0.0 ], [ -64.1476, -31.4732, 0.0 ], [ -64.1476, -31.4728, 0.0 ], [ -64.1476, -31.4704, 0.0 ], [ -64.1476, -31.4692, 0.0 ], [ -64.1476, -31.4682, 0.0 ], [ -64.1476, -31.467, 0.0 ], [ -64.1476, -31.4659, 0.0 ], [ -64.1476, -31.4645, 0.0 ], [ -64.1476, -31.4632, 0.0 ], [ -64.1478, -31.4632, 0.0 ], [ -64.1478, -31.4629, 0.0 ], [ -64.1477, -31.4624, 0.0 ], [ -64.1474, -31.4619, 0.0 ], [ -64.1472, -31.4614, 0.0 ], [ -64.1471, -31.4611, 0.0 ], [ -64.1468, -31.4606, 0.0 ], [ -64.1465, -31.46, 0.0 ], [ -64.1466, -31.46, 0.0 ], [ -64.1471, -31.4603, 0.0 ], [ -64.1474, -31.4603, 0.0 ], [ -64.1475, -31.4603, 0.0 ], [ -64.148, -31.4602, 0.0 ], [ -64.1483, -31.46, 0.0 ], [ -64.1484, -31.4598, 0.0 ], [ -64.1484, -31.4594, 0.0 ], [ -64.1483, -31.4593, 0.0 ], [ -64.1482, -31.4591, 0.0 ], [ -64.148, -31.4589, 0.0 ], [ -64.1481, -31.4588, 0.0 ], [ -64.148, -31.4584, 0.0 ], [ -64.1517, -31.4583, 0.0 ], [ -64.1581, -31.4583, 0.0 ], [ -64.1595, -31.4583, 0.0 ], [ -64.1601, -31.4583, 0.0 ], [ -64.1632, -31.4583, 0.0 ], [ -64.1686, -31.4582, 0.0 ], [ -64.1686, -31.4622, 0.0 ], [ -64.1686, -31.4631, 0.0 ], [ -64.1686, -31.464, 0.0 ], [ -64.1686, -31.465, 0.0 ], [ -64.1686, -31.4658, 0.0 ], [ -64.1685, -31.4664, 0.0 ], [ -64.1681, -31.4677, 0.0 ], [ -64.168, -31.4686, 0.0 ], [ -64.168, -31.4689, 0.0 ], [ -64.1681, -31.4699, 0.0 ], [ -64.1681, -31.47, 0.0 ], [ -64.1683, -31.4705, 0.0 ], [ -64.1685, -31.4709, 0.0 ], [ -64.1686, -31.4712, 0.0 ], [ -64.1686, -31.4721, 0.0 ], [ -64.1683, -31.4746, 0.0 ], [ -64.1685, -31.4746, 0.0 ], [ -64.1684, -31.4866, 0.0 ], [ -64.1679, -31.5248, 0.0 ], [ -64.1674, -31.5248, 0.0 ], [ -64.1662, -31.5247, 0.0 ], [ -64.1548, -31.5246, 0.0 ], [ -64.1484, -31.5245, 0.0 ], [ -64.1483, -31.5245, 0.0 ], [ -64.1473, -31.5245, 0.0 ], [ -64.1467, -31.5245, 0.0 ] ] ] ] } },
{ "type": "Feature", "properties": { "circuito": "00013", "codprov": "04", "coddepto": "001" }, "geometry": { "type": "MultiPolygon", "coordinates": [ [ [ [ -64.153, -31.383, 0.0 ], [ -64.1531, -31.3831, 0.0 ], [ -64.1538, -31.3833, 0.0 ], [ -64.1541, -31.3834, 0.0 ], [ -64.1544, -31.3835, 0.0 ], [ -64.1551, -31.3837, 0.0 ], [ -64.1556, -31.3839, 0.0 ], [ -64.1562, -31.3841, 0.0 ], [ -64.1568, -31.3842, 0.0 ], [ -64.1574, -31.3844, 0.0 ], [ -64.1584, -31.3847, 0.0 ], [ -64.1597, -31.3861, 0.0 ], [ -64.1604, -31.3869, 0.0 ], [ -64.1612, -31.3878, 0.0 ], [ -64.162, -31.3887, 0.0 ], [ -64.1628, -31.3896, 0.0 ], [ -64.1635, -31.3904, 0.0 ], [ -64.1643, -31.3913, 0.0 ], [ -64.1651, -31.3921, 0.0 ], [ -64.1659, -31.393, 0.0 ], [ -64.1669, -31.3941, 0.0 ], [ -64.1677, -31.3951, 0.0 ], [ -64.1685, -31.3959, 0.0 ], [ -64.1694, -31.3969, 0.0 ], [ -64.1702, -31.3979, 0.0 ], [ -64.171, -31.3989, 0.0 ], [ -64.1713, -31.3993, 0.0 ], [ -64.1715, -31.3997, 0.0 ], [ -64.1711, -31.3996, 0.0 ], [ -64.1699, -31.3993, 0.0 ], [ -64.1687, -31.399, 0.0 ], [ -64.1678, -31.3987, 0.0 ], [ -64.1671, -31.3984, 0.0 ], [ -64.1658, -31.398, 0.0 ], [ -64.1639, -31.3975, 0.0 ], [ -64.1629, -31.3971, 0.0 ], [ -64.1618, -31.3968, 0.0 ], [ -64.1599, -31.3962, 0.0 ], [ -64.1591, -31.396, 0.0 ], [ -64.1585, -31.3958, 0.0 ], [ -64.1579, -31.3956, 0.0 ], [ -64.1559, -31.395, 0.0 ], [ -64.155, -31.3947, 0.0 ], [ -64.154, -31.3943, 0.0 ], [ -64.1529, -31.394, 0.0 ], [ -64.1519, -31.3937, 0.0 ], [ -64.1509, -31.3934, 0.0 ], [ -64.1499, -31.3931, 0.0 ], [ -64.1493, -31.3929, 0.0 ], [ -64.1487, -31.3927, 0.0 ], [ -64.148, -31.3925, 0.0 ], [ -64.1477, -31.3924, 0.0 ], [ -64.1478, -31.3921, 0.0 ], [ -64.1478, -31.3913, 0.0 ], [ -64.1478, -31.3911, 0.0 ], [ -64.1478, -31.3903, 0.0 ], [ -64.1478, -31.39, 0.0 ], [ -64.1478, -31.3898, 0.0 ], [ -64.1478, -31.3889, 0.0 ], [ -64.1478, -31.3886, 0.0 ], [ -64.1478, -31.3884, 0.0 ], [ -64.1478, -31.3879, 0.0 ], [ -64.1478, -31.3875, 0.0 ], [ -64.1478, -31.3871, 0.0 ], [ -64.1478, -31.3866, 0.0 ], [ -64.1477, -31.385, 0.0 ], [ -64.1477, -31.3847, 0.0 ], [ -64.1477, -31.3843, 0.0 ], [ -64.1477, -31.3839, 0.0 ], [ -64.1477, -31.3836, 0.0 ], [ -64.1477, -31.3832, 0.0 ], [ -64.1477, -31.3825, 0.0 ], [ -64.1477, -31.3824, 0.0 ], [ -64.1477, -31.3819, 0.0 ], [ -64.1477, -31.3814, 0.0 ], [ -64.1485, -31.3816, 0.0 ], [ -64.1493, -31.3819, 0.0 ], [ -64.1497, -31.382, 0.0 ], [ -64.1508, -31.3823, 0.0 ], [ -64.1514, -31.3825, 0.0 ], [ -64.1518, -31.3827, 0.0 ], [ -64.1521, -31.3828, 0.0 ], [ -64.153, -31.383, 0.0 ] ] ] ] } },
{ "type": "Feature", "properties": { "circuito": "0013A", "codprov": "04", "coddepto": "001" }, "geometry": { "type": "MultiPolygon", "coordinates": [ [ [ [ -64.1655, -31.3704, 0.0 ], [ -64.1635, -31.3697, 0.0 ], [ -64.164, -31.3693, 0.0 ], [ -64.1653, -31.3683, 0.0 ], [ -64.1658, -31.3678, 0.0 ], [ -64.1663, -31.3674, 0.0 ], [ -64.1669, -31.3669, 0.0 ], [ -64.1674, -31.3665, 0.0 ], [ -64.1677, -31.3661, 0.0 ], [ -64.1673, -31.3657, 0.0 ], [ -64.1668, -31.3652, 0.0 ], [ -64.1663, -31.3648, 0.0 ], [ -64.1659, -31.3644, 0.0 ], [ -64.1654, -31.364, 0.0 ], [ -64.1649, -31.3635, 0.0 ], [ -64.1643, -31.3629, 0.0 ], [ -64.1631, -31.3618, 0.0 ], [ -64.1625, -31.3613, 0.0 ], [ -64.1621, -31.3609, 0.0 ], [ -64.1603, -31.3599, 0.0 ], [ -64.176, -31.3575, 0.0 ], [ -64.1759, -31.3611, 0.0 ], [ -64.1758, -31.3618, 0.0 ], [ -64.1758, -31.3626, 0.0 ], [ -64.1758, -31.3634, 0.0 ], [ -64.1758, -31.3648, 0.0 ], [ -64.1759, -31.3664, 0.0 ], [ -64.1759, -31.3679, 0.0 ], [ -64.1759, -31.3691, 0.0 ], [ -64.1759, -31.3699, 0.0 ], [ -64.1759, -31.3702, 0.0 ], [ -64.1759, -31.371, 0.0 ], [ -64.1759, -31.3713, 0.0 ], [ -64.176, -31.372, 0.0 ], [ -64.176, -31.3724, 0.0 ], [ -64.176, -31.3742, 0.0 ], [ -64.176, -31.3745, 0.0 ], [ -64.176, -31.3747, 0.0 ], [ -64.176, -31.3748, 0.0 ], [ -64.176, -31.3751, 0.0 ], [ -64.176, -31.376, 0.0 ], [ -64.176, -31.3766, 0.0 ], [ -64.176, -31.3779, 0.0 ], [ -64.176, -31.3782, 0.0 ], [ -64.176, -31.3787, 0.0 ], [ -64.176, -31.3792, 0.0 ], [ -64.176, -31.3797, 0.0 ], [ -64.176, -31.3803, 0.0 ], [ -64.176, -31.3804, 0.0 ], [ -64.176, -31.3805, 0.0 ], [ -64.176, -31.381, 0.0 ], [ -64.1752, -31.3813, 0.0 ], [ -64.1744, -31.3815, 0.0 ], [ -64.1738, -31.3817, 0.0 ], [ -64.1732, -31.3819, 0.0 ], [ -64.1722, -31.3822, 0.0 ], [ -64.1714, -31.3825, 0.0 ], [ -64.1712, -31.3825, 0.0 ], [ -64.1706, -31.3827, 0.0 ], [ -64.1701, -31.3829, 0.0 ], [ -64.1695, -31.383, 0.0 ], [ -64.1689, -31.3832, 0.0 ], [ -64.1684, -31.3834, 0.0 ], [ -64.1679, -31.3836, 0.0 ], [ -64.1677, -31.3831, 0.0 ], [ -64.1675, -31.3826, 0.0 ], [ -64.1672, -31.382, 0.0 ], [ -64.167, -31.3815, 0.0 ], [ -64.1669, -31.3813, 0.0 ], [ -64.1665, -31.3803, 0.0 ], [ -64.1663, -31.3797, 0.0 ], [ -64.1659, -31.3792, 0.0 ], [ -64.1659, -31.379, 0.0 ], [ -64.1656, -31.3782, 0.0 ], [ -64.1654, -31.3779, 0.0 ], [ -64.1654, -31.3777, 0.0 ], [ -64.1678, -31.3771, 0.0 ], [ -64.1677, -31.3767, 0.0 ], [ -64.1676, -31.3767, 0.0 ], [ -64.1669, -31.3744, 0.0 ], [ -64.1667, -31.3739, 0.0 ], [ -64.1664, -31.373, 0.0 ], [ -64.1661, -31.3724, 0.0 ], [ -64.1655, -31.3704, 0.0 ] ] ] ] } },
{ "type": "Feature", "properties": { "circuito": "0013B", "codprov": "04", "coddepto": "001" }, "geometry": { "type": "MultiPolygon", "coordinates": [ [ [ [ -64.1178, -31.3595, 0.0 ], [ -64.0971, -31.3592, 0.0 ], [ -64.0964, -31.3426, 0.0 ], [ -64.0965, -31.3417, 0.0 ], [ -64.0965, -31.3375, 0.0 ], [ -64.0969, -31.311, 0.0 ], [ -64.1018, -31.3108, 0.0 ], [ -64.1023, -31.3108, 0.0 ], [ -64.1058, -31.3107, 0.0 ], [ -64.107, -31.3107, 0.0 ], [ -64.1082, -31.3106, 0.0 ], [ -64.1089, -31.3106, 0.0 ], [ -64.111, -31.3105, 0.0 ], [ -64.1141, -31.3104, 0.0 ], [ -64.1143, -31.3104, 0.0 ], [ -64.1146, -31.3104, 0.0 ], [ -64.1164, -31.3103, 0.0 ], [ -64.1238, -31.3099, 0.0 ], [ -64.1237, -31.3429, 0.0 ], [ -64.1237, -31.3459, 0.0 ], [ -64.1208, -31.3525, 0.0 ], [ -64.1189, -31.3569, 0.0 ], [ -64.1178, -31.3595, 0.0 ] ] ] ] } },
{ "type": "Feature", "properties": { "circuito": "0014J", "codprov": "04", "coddepto": "001" }, "geometry": { "type": "MultiPolygon", "coordinates": [ [ [ [ -64.2471, -31.3834, 0.0 ], [ -64.2452, -31.3842, 0.0 ], [ -64.2437, -31.3851, 0.0 ], [ -64.2425, -31.3864, 0.0 ], [ -64.2395, -31.3879, 0.0 ], [ -64.2363, -31.3891, 0.0 ], [ -64.2339, -31.39, 0.0 ], [ -64.2327, -31.3905, 0.0 ], [ -64.2325, -31.3897, 0.0 ], [ -64.2325, -31.3893, 0.0 ], [ -64.2322, -31.3892, 0.0 ], [ -64.2316, -31.389, 0.0 ], [ -64.2305, -31.3887, 0.0 ], [ -64.2291, -31.388, 0.0 ], [ -64.2281, -31.3871, 0.0 ], [ -64.2275, -31.3865, 0.0 ], [ -64.2265, -31.386, 0.0 ], [ -64.226, -31.3855, 0.0 ], [ -64.2268, -31.3851, 0.0 ], [ -64.2274, -31.3848, 0.0 ], [ -64.228, -31.3845, 0.0 ], [ -64.2285, -31.3842, 0.0 ], [ -64.23, -31.3834, 0.0 ], [ -64.2304, -31.3832, 0.0 ], [ -64.2313, -31.3827, 0.0 ], [ -64.232, -31.3823, 0.0 ], [ -64.2328, -31.3819, 0.0 ], [ -64.2338, -31.3813, 0.0 ], [ -64.2345, -31.3809, 0.0 ], [ -64.2362, -31.3799, 0.0 ], [ -64.2368, -31.3796, 0.0 ], [ -64.2373, -31.3793, 0.0 ], [ -64.238, -31.3789, 0.0 ], [ -64.2391, -31.3782, 0.0 ], [ -64.2398, -31.3779, 0.0 ], [ -64.2404, -31.3775, 0.0 ], [ -64.2414, -31.377, 0.0 ], [ -64.242, -31.3766, 0.0 ], [ -64.2426, -31.3763, 0.0 ], [ -64.2431, -31.376, 0.0 ], [ -64.2441, -31.3755, 0.0 ], [ -64.2447, -31.3755, 0.0 ], [ -64.2455, -31.3753, 0.0 ], [ -64.2463, -31.375, 0.0 ], [ -64.2474, -31.3747, 0.0 ], [ -64.2484, -31.3749, 0.0 ], [ -64.249, -31.3751, 0.0 ], [ -64.2498, -31.3762, 0.0 ], [ -64.25, -31.3779, 0.0 ], [ -64.2498, -31.3791, 0.0 ], [ -64.2493, -31.3807, 0.0 ], [ -64.2484, -31.3823, 0.0 ], [ -64.2476, -31.3831, 0.0 ], [ -64.2471, -31.3834, 0.0 ] ] ] ] } },
{ "type": "Feature", "properties": { "circuito": "0013C", "codprov": "04", "coddepto": "001" }, "geometry": { "type": "MultiPolygon", "coordinates": [ [ [ [ -64.1737, -31.3997, 0.0 ], [ -64.1732, -31.3998, 0.0 ], [ -64.1723, -31.3997, 0.0 ], [ -64.1721, -31.3997, 0.0 ], [ -64.1715, -31.3997, 0.0 ], [ -64.1713, -31.3993, 0.0 ], [ -64.171, -31.3989, 0.0 ], [ -64.1702, -31.3979, 0.0 ], [ -64.1694, -31.3969, 0.0 ], [ -64.1685, -31.3959, 0.0 ], [ -64.1677, -31.3951, 0.0 ], [ -64.1669, -31.3941, 0.0 ], [ -64.1659, -31.393, 0.0 ], [ -64.1651, -31.3921, 0.0 ], [ -64.1643, -31.3913, 0.0 ], [ -64.1635, -31.3904, 0.0 ], [ -64.1628, -31.3896, 0.0 ], [ -64.162, -31.3887, 0.0 ], [ -64.1612, -31.3878, 0.0 ], [ -64.1604, -31.3869, 0.0 ], [ -64.1597, -31.3861, 0.0 ], [ -64.1608, -31.3863, 0.0 ], [ -64.1615, -31.3865, 0.0 ], [ -64.163, -31.3861, 0.0 ], [ -64.1637, -31.3859, 0.0 ], [ -64.1652, -31.3855, 0.0 ], [ -64.1667, -31.385, 0.0 ], [ -64.1672, -31.3848, 0.0 ], [ -64.1678, -31.3847, 0.0 ], [ -64.1683, -31.3845, 0.0 ], [ -64.168, -31.3837, 0.0 ], [ -64.1679, -31.3836, 0.0 ], [ -64.1684, -31.3834, 0.0 ], [ -64.1689, -31.3832, 0.0 ], [ -64.1695, -31.383, 0.0 ], [ -64.1701, -31.3829, 0.0 ], [ -64.1706, -31.3827, 0.0 ], [ -64.1712, -31.3825, 0.0 ], [ -64.1714, -31.3825, 0.0 ], [ -64.1722, -31.3822, 0.0 ], [ -64.1732, -31.3819, 0.0 ], [ -64.1738, -31.3817, 0.0 ], [ -64.1744, -31.3815, 0.0 ], [ -64.1752, -31.3813, 0.0 ], [ -64.176, -31.381, 0.0 ], [ -64.176, -31.3816, 0.0 ], [ -64.176, -31.3822, 0.0 ], [ -64.176, -31.3828, 0.0 ], [ -64.1759, -31.3833, 0.0 ], [ -64.1759, -31.3839, 0.0 ], [ -64.1759, -31.3844, 0.0 ], [ -64.1759, -31.3851, 0.0 ], [ -64.1759, -31.3855, 0.0 ], [ -64.1759, -31.3865, 0.0 ], [ -64.1759, -31.3869, 0.0 ], [ -64.1759, -31.3877, 0.0 ], [ -64.1759, -31.3886, 0.0 ], [ -64.1759, -31.3888, 0.0 ], [ -64.1759, -31.3898, 0.0 ], [ -64.1759, -31.3899, 0.0 ], [ -64.1759, -31.3906, 0.0 ], [ -64.1759, -31.3911, 0.0 ], [ -64.1759, -31.3914, 0.0 ], [ -64.1759, -31.3924, 0.0 ], [ -64.1759, -31.3937, 0.0 ], [ -64.1759, -31.3949, 0.0 ], [ -64.1759, -31.3962, 0.0 ], [ -64.1759, -31.3973, 0.0 ], [ -64.1759, -31.3981, 0.0 ], [ -64.1759, -31.3995, 0.0 ], [ -64.175, -31.3996, 0.0 ], [ -64.1742, -31.3997, 0.0 ], [ -64.1737, -31.3997, 0.0 ] ] ] ] } },
{ "type": "Feature", "properties": { "circuito": "0013D", "codprov": "04", "coddepto": "001" }, "geometry": { "type": "MultiPolygon", "coordinates": [ [ [ [ -64.0732, -31.3412, 0.0 ], [ -64.0933, -31.3416, 0.0 ], [ -64.0965, -31.3417, 0.0 ], [ -64.0964, -31.3426, 0.0 ], [ -64.0971, -31.3592, 0.0 ], [ -64.098, -31.3806, 0.0 ], [ -64.0968, -31.3803, 0.0 ], [ -64.0944, -31.3797, 0.0 ], [ -64.0933, -31.3794, 0.0 ], [ -64.0916, -31.379, 0.0 ], [ -64.0782, -31.376, 0.0 ], [ -64.0733, -31.3749, 0.0 ], [ -64.0733, -31.3747, 0.0 ], [ -64.0732, -31.3636, 0.0 ], [ -64.0732, -31.3551, 0.0 ], [ -64.0732, -31.3536, 0.0 ], [ -64.0732, -31.3526, 0.0 ], [ -64.0732, -31.3506, 0.0 ], [ -64.0732, -31.3412, 0.0 ] ] ] ] } },
{ "type": "Feature", "properties": { "circuito": "0013F", "codprov": "04", "coddepto": "001" }, "geometry": { "type": "MultiPolygon", "coordinates": [ [ [ [ -64.1467, -31.3799, 0.0 ], [ -64.1477, -31.3797, 0.0 ], [ -64.1477, -31.3804, 0.0 ], [ -64.1477, -31.3806, 0.0 ], [ -64.1477, -31.3811, 0.0 ], [ -64.1477, -31.3813, 0.0 ], [ -64.1477, -31.3814, 0.0 ], [ -64.1477, -31.3819, 0.0 ], [ -64.1477, -31.3824, 0.0 ], [ -64.1477, -31.3825, 0.0 ], [ -64.1477, -31.3832, 0.0 ], [ -64.1477, -31.3836, 0.0 ], [ -64.1477, -31.3839, 0.0 ], [ -64.1477, -31.3843, 0.0 ], [ -64.1477, -31.3847, 0.0 ], [ -64.1477, -31.385, 0.0 ], [ -64.1478, -31.3866, 0.0 ], [ -64.1478, -31.3871, 0.0 ], [ -64.1478, -31.3875, 0.0 ], [ -64.1478, -31.3879, 0.0 ], [ -64.1478, -31.3884, 0.0 ], [ -64.1478, -31.3886, 0.0 ], [ -64.1478, -31.3889, 0.0 ], [ -64.1478, -31.3898, 0.0 ], [ -64.1478, -31.39, 0.0 ], [ -64.1478, -31.3903, 0.0 ], [ -64.1478, -31.3911, 0.0 ], [ -64.1478, -31.3913, 0.0 ], [ -64.1478, -31.3921, 0.0 ], [ -64.1477, -31.3924, 0.0 ], [ -64.1469, -31.3923, 0.0 ], [ -64.1462, -31.3921, 0.0 ], [ -64.1455, -31.392, 0.0 ], [ -64.1448, -31.3918, 0.0 ], [ -64.1442, -31.3917, 0.0 ], [ -64.1436, -31.3915, 0.0 ], [ -64.1429, -31.3914, 0.0 ], [ -64.1423, -31.3912, 0.0 ], [ -64.1415, -31.391, 0.0 ], [ -64.1405, -31.3908, 0.0 ], [ -64.14, -31.3907, 0.0 ], [ -64.1395, -31.3906, 0.0 ], [ -64.1389, -31.3905, 0.0 ], [ -64.1382, -31.3903, 0.0 ], [ -64.1375, -31.3902, 0.0 ], [ -64.1368, -31.39, 0.0 ], [ -64.1369, -31.3895, 0.0 ], [ -64.1369, -31.3886, 0.0 ], [ -64.1369, -31.3883, 0.0 ], [ -64.1369, -31.3877, 0.0 ], [ -64.1369, -31.3873, 0.0 ], [ -64.1369, -31.3863, 0.0 ], [ -64.1369, -31.386, 0.0 ], [ -64.1369, -31.3853, 0.0 ], [ -64.1368, -31.3844, 0.0 ], [ -64.1368, -31.3834, 0.0 ], [ -64.1368, -31.3824, 0.0 ], [ -64.1368, -31.3814, 0.0 ], [ -64.1368, -31.3803, 0.0 ], [ -64.1369, -31.3794, 0.0 ], [ -64.1369, -31.3784, 0.0 ], [ -64.1368, -31.3782, 0.0 ], [ -64.1379, -31.3784, 0.0 ], [ -64.1396, -31.3787, 0.0 ], [ -64.141, -31.379, 0.0 ], [ -64.1414, -31.379, 0.0 ], [ -64.142, -31.3791, 0.0 ], [ -64.1428, -31.3793, 0.0 ], [ -64.1442, -31.3795, 0.0 ], [ -64.1444, -31.3796, 0.0 ], [ -64.1461, -31.3798, 0.0 ], [ -64.1467, -31.3799, 0.0 ] ] ] ] } },
{ "type": "Feature", "properties": { "circuito": "0013G", "codprov": "04", "coddepto": "001" }, "geometry": { "type": "MultiPolygon", "coordinates": [ [ [ [ -64.1762, -31.3492, 0.0 ], [ -64.1761, -31.3498, 0.0 ], [ -64.1761, -31.3506, 0.0 ], [ -64.176, -31.3513, 0.0 ], [ -64.1761, -31.3523, 0.0 ], [ -64.1761, -31.3529, 0.0 ], [ -64.1761, -31.3533, 0.0 ], [ -64.1761, -31.3541, 0.0 ], [ -64.1761, -31.3543, 0.0 ], [ -64.1761, -31.3551, 0.0 ], [ -64.176, -31.3575, 0.0 ], [ -64.1603, -31.3599, 0.0 ], [ -64.1516, -31.3613, 0.0 ], [ -64.1473, -31.362, 0.0 ], [ -64.1473, -31.3614, 0.0 ], [ -64.1474, -31.3592, 0.0 ], [ -64.1473, -31.3555, 0.0 ], [ -64.1473, -31.3552, 0.0 ], [ -64.1472, -31.3485, 0.0 ], [ -64.1472, -31.341, 0.0 ], [ -64.1473, -31.3381, 0.0 ], [ -64.15, -31.3373, 0.0 ], [ -64.1756, -31.3295, 0.0 ], [ -64.1756, -31.3304, 0.0 ], [ -64.1756, -31.3322, 0.0 ], [ -64.1755, -31.3357, 0.0 ], [ -64.1757, -31.336, 0.0 ], [ -64.176, -31.3364, 0.0 ], [ -64.176, -31.337, 0.0 ], [ -64.176, -31.3374, 0.0 ], [ -64.176, -31.3378, 0.0 ], [ -64.176, -31.3381, 0.0 ], [ -64.176, -31.3384, 0.0 ], [ -64.176, -31.3393, 0.0 ], [ -64.176, -31.3398, 0.0 ], [ -64.176, -31.3403, 0.0 ], [ -64.176, -31.3408, 0.0 ], [ -64.1761, -31.3412, 0.0 ], [ -64.1761, -31.3477, 0.0 ], [ -64.1762, -31.3492, 0.0 ] ] ] ] } },
{ "type": "Feature", "properties": { "circuito": "0013H", "codprov": "04", "coddepto": "001" }, "geometry": { "type": "MultiPolygon", "coordinates": [ [ [ [ -64.1378, -31.3626, 0.0 ], [ -64.1391, -31.3626, 0.0 ], [ -64.1412, -31.3625, 0.0 ], [ -64.1433, -31.3624, 0.0 ], [ -64.1439, -31.3623, 0.0 ], [ -64.1464, -31.3621, 0.0 ], [ -64.1473, -31.362, 0.0 ], [ -64.1474, -31.362, 0.0 ], [ -64.1474, -31.3648, 0.0 ], [ -64.1474, -31.3649, 0.0 ], [ -64.1474, -31.3655, 0.0 ], [ -64.1475, -31.3669, 0.0 ], [ -64.1475, -31.3672, 0.0 ], [ -64.1475, -31.3677, 0.0 ], [ -64.1475, -31.3685, 0.0 ], [ -64.1475, -31.3689, 0.0 ], [ -64.1475, -31.3693, 0.0 ], [ -64.1475, -31.37, 0.0 ], [ -64.1475, -31.3701, 0.0 ], [ -64.1475, -31.3709, 0.0 ], [ -64.1475, -31.3718, 0.0 ], [ -64.1476, -31.3722, 0.0 ], [ -64.1476, -31.3726, 0.0 ], [ -64.1476, -31.3734, 0.0 ], [ -64.1476, -31.3745, 0.0 ], [ -64.1476, -31.3755, 0.0 ], [ -64.1476, -31.3766, 0.0 ], [ -64.1476, -31.3772, 0.0 ], [ -64.1476, -31.3775, 0.0 ], [ -64.1476, -31.3776, 0.0 ], [ -64.1476, -31.378, 0.0 ], [ -64.1476, -31.3787, 0.0 ], [ -64.1477, -31.3797, 0.0 ], [ -64.1467, -31.3799, 0.0 ], [ -64.1461, -31.3798, 0.0 ], [ -64.1444, -31.3796, 0.0 ], [ -64.1442, -31.3795, 0.0 ], [ -64.1428, -31.3793, 0.0 ], [ -64.142, -31.3791, 0.0 ], [ -64.1414, -31.379, 0.0 ], [ -64.141, -31.379, 0.0 ], [ -64.1396, -31.3787, 0.0 ], [ -64.1379, -31.3784, 0.0 ], [ -64.1368, -31.3782, 0.0 ], [ -64.1347, -31.3778, 0.0 ], [ -64.1329, -31.3775, 0.0 ], [ -64.1329, -31.3748, 0.0 ], [ -64.1329, -31.3742, 0.0 ], [ -64.1329, -31.3738, 0.0 ], [ -64.1329, -31.3733, 0.0 ], [ -64.1329, -31.3729, 0.0 ], [ -64.1329, -31.3724, 0.0 ], [ -64.1329, -31.3722, 0.0 ], [ -64.1329, -31.3717, 0.0 ], [ -64.1329, -31.3712, 0.0 ], [ -64.1329, -31.3707, 0.0 ], [ -64.1329, -31.3701, 0.0 ], [ -64.1329, -31.3696, 0.0 ], [ -64.1329, -31.3693, 0.0 ], [ -64.1329, -31.3691, 0.0 ], [ -64.1329, -31.3687, 0.0 ], [ -64.1329, -31.3685, 0.0 ], [ -64.1329, -31.3681, 0.0 ], [ -64.1329, -31.3679, 0.0 ], [ -64.1329, -31.3676, 0.0 ], [ -64.1328, -31.3676, 0.0 ], [ -64.1328, -31.3668, 0.0 ], [ -64.1328, -31.3667, 0.0 ], [ -64.1332, -31.3639, 0.0 ], [ -64.1344, -31.3633, 0.0 ], [ -64.1362, -31.3629, 0.0 ], [ -64.1378, -31.3626, 0.0 ] ] ] ] } },
{ "type": "Feature", "properties": { "circuito": "0013I", "codprov": "04", "coddepto": "001" }, "geometry": { "type": "MultiPolygon", "coordinates": [ [ [ [ -64.124, -31.3757, 0.0 ], [ -64.1189, -31.3751, 0.0 ], [ -64.1183, -31.3664, 0.0 ], [ -64.1226, -31.3665, 0.0 ], [ -64.1297, -31.3667, 0.0 ], [ -64.1302, -31.3667, 0.0 ], [ -64.1315, -31.3667, 0.0 ], [ -64.1328, -31.3667, 0.0 ], [ -64.1328, -31.3668, 0.0 ], [ -64.1328, -31.3676, 0.0 ], [ -64.1329, -31.3676, 0.0 ], [ -64.1329, -31.3679, 0.0 ], [ -64.1329, -31.3681, 0.0 ], [ -64.1329, -31.3685, 0.0 ], [ -64.1329, -31.3687, 0.0 ], [ -64.1329, -31.3691, 0.0 ], [ -64.1329, -31.3693, 0.0 ], [ -64.1329, -31.3696, 0.0 ], [ -64.1329, -31.3701, 0.0 ], [ -64.1329, -31.3707, 0.0 ], [ -64.1329, -31.3712, 0.0 ], [ -64.1329, -31.3717, 0.0 ], [ -64.1329, -31.3722, 0.0 ], [ -64.1329, -31.3724, 0.0 ], [ -64.1329, -31.3729, 0.0 ], [ -64.1329, -31.3733, 0.0 ], [ -64.1329, -31.3738, 0.0 ], [ -64.1329, -31.3742, 0.0 ], [ -64.1329, -31.3748, 0.0 ], [ -64.1329, -31.3775, 0.0 ], [ -64.1268, -31.3764, 0.0 ], [ -64.1243, -31.3759, 0.0 ], [ -64.1241, -31.3759, 0.0 ], [ -64.124, -31.3757, 0.0 ] ] ] ] } },
{ "type": "Feature", "properties": { "circuito": "0014A", "codprov": "04", "coddepto": "001" }, "geometry": { "type": "MultiPolygon", "coordinates": [ [ [ [ -64.2421, -31.3367, 0.0 ], [ -64.2406, -31.3368, 0.0 ], [ -64.2405, -31.3323, 0.0 ], [ -64.2405, -31.3314, 0.0 ], [ -64.2405, -31.3305, 0.0 ], [ -64.2405, -31.3295, 0.0 ], [ -64.2405, -31.329, 0.0 ], [ -64.2405, -31.3287, 0.0 ], [ -64.2405, -31.3278, 0.0 ], [ -64.2405, -31.3269, 0.0 ], [ -64.2405, -31.326, 0.0 ], [ -64.2405, -31.3251, 0.0 ], [ -64.2405, -31.3241, 0.0 ], [ -64.2405, -31.3232, 0.0 ], [ -64.2405, -31.3223, 0.0 ], [ -64.2405, -31.3215, 0.0 ], [ -64.2405, -31.3205, 0.0 ], [ -64.2405, -31.3203, 0.0 ], [ -64.2444, -31.3203, 0.0 ], [ -64.2462, -31.3203, 0.0 ], [ -64.2466, -31.3203, 0.0 ], [ -64.2475, -31.3203, 0.0 ], [ -64.2482, -31.3203, 0.0 ], [ -64.249, -31.3203, 0.0 ], [ -64.2498, -31.3203, 0.0 ], [ -64.2507, -31.3203, 0.0 ], [ -64.2517, -31.3203, 0.0 ], [ -64.2523, -31.3203, 0.0 ], [ -64.2527, -31.3203, 0.0 ], [ -64.2532, -31.3203, 0.0 ], [ -64.2542, -31.3203, 0.0 ], [ -64.255, -31.3203, 0.0 ], [ -64.2558, -31.3203, 0.0 ], [ -64.2567, -31.3203, 0.0 ], [ -64.2577, -31.3203, 0.0 ], [ -64.2586, -31.3204, 0.0 ], [ -64.2595, -31.3204, 0.0 ], [ -64.2613, -31.3204, 0.0 ], [ -64.2614, -31.3204, 0.0 ], [ -64.2605, -31.3217, 0.0 ], [ -64.261, -31.3218, 0.0 ], [ -64.2632, -31.3229, 0.0 ], [ -64.2633, -31.323, 0.0 ], [ -64.2642, -31.3237, 0.0 ], [ -64.2663, -31.3247, 0.0 ], [ -64.2672, -31.3254, 0.0 ], [ -64.2673, -31.3254, 0.0 ], [ -64.2683, -31.3255, 0.0 ], [ -64.2675, -31.3266, 0.0 ], [ -64.2667, -31.3277, 0.0 ], [ -64.2662, -31.3283, 0.0 ], [ -64.266, -31.3286, 0.0 ], [ -64.2655, -31.3293, 0.0 ], [ -64.2645, -31.3307, 0.0 ], [ -64.2635, -31.3315, 0.0 ], [ -64.2631, -31.3318, 0.0 ], [ -64.2625, -31.3321, 0.0 ], [ -64.2624, -31.3328, 0.0 ], [ -64.2624, -31.3337, 0.0 ], [ -64.2624, -31.334, 0.0 ], [ -64.2624, -31.3343, 0.0 ], [ -64.2623, -31.3345, 0.0 ], [ -64.2623, -31.3354, 0.0 ], [ -64.2615, -31.3358, 0.0 ], [ -64.2594, -31.337, 0.0 ], [ -64.2584, -31.3377, 0.0 ], [ -64.2564, -31.3392, 0.0 ], [ -64.2552, -31.3399, 0.0 ], [ -64.2551, -31.3399, 0.0 ], [ -64.2551, -31.3396, 0.0 ], [ -64.2539, -31.3398, 0.0 ], [ -64.2525, -31.3385, 0.0 ], [ -64.2501, -31.3385, 0.0 ], [ -64.25, -31.3385, 0.0 ], [ -64.2476, -31.3385, 0.0 ], [ -64.2464, -31.3381, 0.0 ], [ -64.2424, -31.3368, 0.0 ], [ -64.2421, -31.3367, 0.0 ] ] ] ] } },
{ "type": "Feature", "properties": { "circuito": "0013J", "codprov": "04", "coddepto": "001" }, "geometry": { "type": "MultiPolygon", "coordinates": [ [ [ [ -64.1652, -31.3855, 0.0 ], [ -64.1637, -31.3859, 0.0 ], [ -64.163, -31.3861, 0.0 ], [ -64.1615, -31.3865, 0.0 ], [ -64.1608, -31.3863, 0.0 ], [ -64.1597, -31.3861, 0.0 ], [ -64.1584, -31.3847, 0.0 ], [ -64.1574, -31.3844, 0.0 ], [ -64.1568, -31.3842, 0.0 ], [ -64.1562, -31.3841, 0.0 ], [ -64.1556, -31.3839, 0.0 ], [ -64.1551, -31.3837, 0.0 ], [ -64.1544, -31.3835, 0.0 ], [ -64.1541, -31.3834, 0.0 ], [ -64.1538, -31.3833, 0.0 ], [ -64.1531, -31.3831, 0.0 ], [ -64.153, -31.383, 0.0 ], [ -64.1521, -31.3828, 0.0 ], [ -64.1518, -31.3827, 0.0 ], [ -64.1514, -31.3825, 0.0 ], [ -64.1508, -31.3823, 0.0 ], [ -64.1497, -31.382, 0.0 ], [ -64.1493, -31.3819, 0.0 ], [ -64.1485, -31.3816, 0.0 ], [ -64.1477, -31.3814, 0.0 ], [ -64.1477, -31.3813, 0.0 ], [ -64.1477, -31.3811, 0.0 ], [ -64.1477, -31.3806, 0.0 ], [ -64.1477, -31.3804, 0.0 ], [ -64.1477, -31.3797, 0.0 ], [ -64.1476, -31.3787, 0.0 ], [ -64.1476, -31.378, 0.0 ], [ -64.1476, -31.3776, 0.0 ], [ -64.1476, -31.3775, 0.0 ], [ -64.1476, -31.3772, 0.0 ], [ -64.1476, -31.3766, 0.0 ], [ -64.1476, -31.3755, 0.0 ], [ -64.1476, -31.3745, 0.0 ], [ -64.1476, -31.3734, 0.0 ], [ -64.1476, -31.3726, 0.0 ], [ -64.1476, -31.3722, 0.0 ], [ -64.1475, -31.3718, 0.0 ], [ -64.1475, -31.3709, 0.0 ], [ -64.1475, -31.3701, 0.0 ], [ -64.1475, -31.37, 0.0 ], [ -64.1475, -31.3693, 0.0 ], [ -64.1475, -31.3689, 0.0 ], [ -64.1475, -31.3685, 0.0 ], [ -64.1475, -31.3677, 0.0 ], [ -64.1475, -31.3672, 0.0 ], [ -64.1475, -31.3669, 0.0 ], [ -64.1474, -31.3655, 0.0 ], [ -64.1474, -31.3649, 0.0 ], [ -64.1474, -31.3648, 0.0 ], [ -64.1474, -31.362, 0.0 ], [ -64.1473, -31.362, 0.0 ], [ -64.1516, -31.3613, 0.0 ], [ -64.1603, -31.3599, 0.0 ], [ -64.1621, -31.3609, 0.0 ], [ -64.1625, -31.3613, 0.0 ], [ -64.1631, -31.3618, 0.0 ], [ -64.1643, -31.3629, 0.0 ], [ -64.1649, -31.3635, 0.0 ], [ -64.1654, -31.364, 0.0 ], [ -64.1659, -31.3644, 0.0 ], [ -64.1663, -31.3648, 0.0 ], [ -64.1668, -31.3652, 0.0 ], [ -64.1673, -31.3657, 0.0 ], [ -64.1677, -31.3661, 0.0 ], [ -64.1674, -31.3665, 0.0 ], [ -64.1669, -31.3669, 0.0 ], [ -64.1663, -31.3674, 0.0 ], [ -64.1658, -31.3678, 0.0 ], [ -64.1653, -31.3683, 0.0 ], [ -64.164, -31.3693, 0.0 ], [ -64.1635, -31.3697, 0.0 ], [ -64.1655, -31.3704, 0.0 ], [ -64.1661, -31.3724, 0.0 ], [ -64.1664, -31.373, 0.0 ], [ -64.1667, -31.3739, 0.0 ], [ -64.1669, -31.3744, 0.0 ], [ -64.1676, -31.3767, 0.0 ], [ -64.1677, -31.3767, 0.0 ], [ -64.1678, -31.3771, 0.0 ], [ -64.1654, -31.3777, 0.0 ], [ -64.1654, -31.3779, 0.0 ], [ -64.1656, -31.3782, 0.0 ], [ -64.1659, -31.379, 0.0 ], [ -64.1659, -31.3792, 0.0 ], [ -64.1663, -31.3797, 0.0 ], [ -64.1665, -31.3803, 0.0 ], [ -64.1669, -31.3813, 0.0 ], [ -64.167, -31.3815, 0.0 ], [ -64.1672, -31.382, 0.0 ], [ -64.1675, -31.3826, 0.0 ], [ -64.1677, -31.3831, 0.0 ], [ -64.1679, -31.3836, 0.0 ], [ -64.168, -31.3837, 0.0 ], [ -64.1683, -31.3845, 0.0 ], [ -64.1678, -31.3847, 0.0 ], [ -64.1672, -31.3848, 0.0 ], [ -64.1667, -31.385, 0.0 ], [ -64.1652, -31.3855, 0.0 ] ] ] ] } },
{ "type": "Feature", "properties": { "circuito": "00014", "codprov": "04", "coddepto": "001" }, "geometry": { "type": "MultiPolygon", "coordinates": [ [ [ [ -64.269, -31.3594, 0.0 ], [ -64.262, -31.3578, 0.0 ], [ -64.2619785, -31.3577817, 0.0 ], [ -64.2614785, -31.3568817, 0.0 ], [ -64.2608785, -31.3559817, 0.0 ], [ -64.2603785, -31.3552817, 0.0 ], [ -64.2596785, -31.3542817, 0.0 ], [ -64.2589785, -31.3531817, 0.0 ], [ -64.2582785, -31.3520817, 0.0 ], [ -64.2576785, -31.3512817, 0.0 ], [ -64.2572785, -31.3506817, 0.0 ], [ -64.2568785, -31.3501817, 0.0 ], [ -64.2565785, -31.3495817, 0.0 ], [ -64.2555785, -31.3481817, 0.0 ], [ -64.2549785, -31.3483817, 0.0 ], [ -64.2545785, -31.3484817, 0.0 ], [ -64.2532785, -31.3488817, 0.0 ], [ -64.2524785, -31.3492817, 0.0 ], [ -64.2518785, -31.3496817, 0.0 ], [ -64.2512785, -31.3500817, 0.0 ], [ -64.2504785, -31.3506817, 0.0 ], [ -64.2502785, -31.3508817, 0.0 ], [ -64.2492785, -31.3518817, 0.0 ], [ -64.2480785, -31.3527817, 0.0 ], [ -64.2468785, -31.3537817, 0.0 ], [ -64.2464785, -31.3541817, 0.0 ], [ -64.2457785, -31.3547817, 0.0 ], [ -64.2435785, -31.3562817, 0.0 ], [ -64.2429785, -31.3565817, 0.0 ], [ -64.2409785, -31.3572817, 0.0 ], [ -64.2415785, -31.3566817, 0.0 ], [ -64.2422785, -31.3560817, 0.0 ], [ -64.2426785, -31.3556817, 0.0 ], [ -64.2439785, -31.3545817, 0.0 ], [ -64.2444785, -31.3540817, 0.0 ], [ -64.2452785, -31.3532817, 0.0 ], [ -64.2455785, -31.3530817, 0.0 ], [ -64.2466785, -31.3520817, 0.0 ], [ -64.2467785, -31.3518817, 0.0 ], [ -64.2476785, -31.3510817, 0.0 ], [ -64.2479785, -31.3505817, 0.0 ], [ -64.2484785, -31.3496817, 0.0 ], [ -64.2487785, -31.3491817, 0.0 ], [ -64.2492785, -31.3484817, 0.0 ], [ -64.2497785, -31.3476817, 0.0 ], [ -64.2506785, -31.3460817, 0.0 ], [ -64.2511785, -31.3453817, 0.0 ], [ -64.2516785, -31.3444817, 0.0 ], [ -64.2518785, -31.3440817, 0.0 ], [ -64.2522785, -31.3433817, 0.0 ], [ -64.2523785, -31.3431817, 0.0 ], [ -64.2526785, -31.3427817, 0.0 ], [ -64.2531785, -31.3419817, 0.0 ], [ -64.2550785, -31.3398817, 0.0 ], [ -64.2551785, -31.3398817, 0.0 ], [ -64.2563785, -31.3391817, 0.0 ], [ -64.2583785, -31.3376817, 0.0 ], [ -64.2593785, -31.3369817, 0.0 ], [ -64.2602785, -31.3380817, 0.0 ], [ -64.2607785, -31.3387817, 0.0 ], [ -64.2612785, -31.3393817, 0.0 ], [ -64.2614785, -31.3395817, 0.0 ], [ -64.2621785, -31.3404817, 0.0 ], [ -64.2628785, -31.3414817, 0.0 ], [ -64.2632785, -31.3421817, 0.0 ], [ -64.2640785, -31.3422817, 0.0 ], [ -64.2642785, -31.3436817, 0.0 ], [ -64.2643785, -31.3448817, 0.0 ], [ -64.2644785, -31.3459817, 0.0 ], [ -64.2645785, -31.3473817, 0.0 ], [ -64.2662785, -31.3472817, 0.0 ], [ -64.2675785, -31.3472817, 0.0 ], [ -64.2689785, -31.3471817, 0.0 ], [ -64.2697785, -31.3470817, 0.0 ], [ -64.2708785, -31.3469817, 0.0 ], [ -64.2722785, -31.3469817, 0.0 ], [ -64.2737785, -31.3468817, 0.0 ], [ -64.2750785, -31.3467817, 0.0 ], [ -64.2764785, -31.3466817, 0.0 ], [ -64.2778785, -31.3465817, 0.0 ], [ -64.2787785, -31.3464817, 0.0 ], [ -64.2797785, -31.3464817, 0.0 ], [ -64.2811785, -31.3463817, 0.0 ], [ -64.2842785, -31.3456817, 0.0 ], [ -64.2892785, -31.3428817, 0.0 ], [ -64.2906785, -31.3414817, 0.0 ], [ -64.2919785, -31.3417817, 0.0 ], [ -64.2914785, -31.3447817, 0.0 ], [ -64.2913785, -31.3459817, 0.0 ], [ -64.2911785, -31.3464817, 0.0 ], [ -64.2907785, -31.3497817, 0.0 ], [ -64.2910785, -31.3521817, 0.0 ], [ -64.2907785, -31.3528817, 0.0 ], [ -64.2907785, -31.3534817, 0.0 ], [ -64.2887222, -31.3602631, 0.0 ], [ -64.2852862, -31.3577638, 0.0 ], [ -64.2824105, -31.3547262, 0.0 ], [ -64.279727, -31.3544495, 0.0 ], [ -64.2689785, -31.3593817, 0.0 ], [ -64.269, -31.3594, 0.0 ] ] ] ] } },
{ "type": "Feature", "properties": { "circuito": "0014B", "codprov": "04", "coddepto": "001" }, "geometry": { "type": "MultiPolygon", "coordinates": [ [ [ [ -64.2673, -31.3346, 0.0 ], [ -64.2678, -31.3346, 0.0 ], [ -64.2686, -31.3345, 0.0 ], [ -64.2692, -31.3344, 0.0 ], [ -64.2697, -31.3343, 0.0 ], [ -64.2714, -31.334, 0.0 ], [ -64.2728, -31.3342, 0.0 ], [ -64.2737, -31.3347, 0.0 ], [ -64.2753, -31.3356, 0.0 ], [ -64.2757, -31.3358, 0.0 ], [ -64.2758, -31.3358, 0.0 ], [ -64.2763, -31.336, 0.0 ], [ -64.277, -31.3362, 0.0 ], [ -64.2775, -31.3364, 0.0 ], [ -64.278, -31.3365, 0.0 ], [ -64.278, -31.3387, 0.0 ], [ -64.278, -31.3406, 0.0 ], [ -64.278, -31.341, 0.0 ], [ -64.278, -31.3418, 0.0 ], [ -64.278, -31.3423, 0.0 ], [ -64.278, -31.3433, 0.0 ], [ -64.278, -31.3443, 0.0 ], [ -64.2779, -31.3454, 0.0 ], [ -64.2779, -31.3466, 0.0 ], [ -64.2765, -31.3467, 0.0 ], [ -64.2751, -31.3468, 0.0 ], [ -64.2738, -31.3469, 0.0 ], [ -64.2723, -31.347, 0.0 ], [ -64.2709, -31.347, 0.0 ], [ -64.2698, -31.3471, 0.0 ], [ -64.269, -31.3472, 0.0 ], [ -64.2676, -31.3473, 0.0 ], [ -64.2663, -31.3473, 0.0 ], [ -64.2646, -31.3474, 0.0 ], [ -64.2645, -31.346, 0.0 ], [ -64.2644, -31.3449, 0.0 ], [ -64.2643, -31.3437, 0.0 ], [ -64.2641, -31.3423, 0.0 ], [ -64.2633, -31.3422, 0.0 ], [ -64.2629, -31.3415, 0.0 ], [ -64.2622, -31.3405, 0.0 ], [ -64.2615, -31.3396, 0.0 ], [ -64.2613, -31.3394, 0.0 ], [ -64.2608, -31.3388, 0.0 ], [ -64.2603, -31.3381, 0.0 ], [ -64.2624, -31.3362, 0.0 ], [ -64.2651, -31.3348, 0.0 ], [ -64.2671, -31.3346, 0.0 ], [ -64.2673, -31.3346, 0.0 ] ] ] ] } },
{ "type": "Feature", "properties": { "circuito": "0014C", "codprov": "04", "coddepto": "001" }, "geometry": { "type": "MultiPolygon", "coordinates": [ [ [ [ -64.278, -31.3365, 0.0 ], [ -64.2775, -31.3364, 0.0 ], [ -64.277, -31.3362, 0.0 ], [ -64.2763, -31.336, 0.0 ], [ -64.2758, -31.3358, 0.0 ], [ -64.2758, -31.3326, 0.0 ], [ -64.2769, -31.3324, 0.0 ], [ -64.2779, -31.3321, 0.0 ], [ -64.2787, -31.3317, 0.0 ], [ -64.2789, -31.3315, 0.0 ], [ -64.2792, -31.3312, 0.0 ], [ -64.2795, -31.331, 0.0 ], [ -64.28, -31.3309, 0.0 ], [ -64.281, -31.3307, 0.0 ], [ -64.2821, -31.3305, 0.0 ], [ -64.2833, -31.3302, 0.0 ], [ -64.2847, -31.3298, 0.0 ], [ -64.2864, -31.3293, 0.0 ], [ -64.2874, -31.329, 0.0 ], [ -64.2885, -31.3287, 0.0 ], [ -64.2886, -31.3366, 0.0 ], [ -64.2891, -31.3363, 0.0 ], [ -64.2895, -31.336, 0.0 ], [ -64.2907, -31.3356, 0.0 ], [ -64.2915, -31.3351, 0.0 ], [ -64.292, -31.3347, 0.0 ], [ -64.2921, -31.3346, 0.0 ], [ -64.2924, -31.3344, 0.0 ], [ -64.2927, -31.3341, 0.0 ], [ -64.2929, -31.3336, 0.0 ], [ -64.2931, -31.333, 0.0 ], [ -64.2931, -31.3328, 0.0 ], [ -64.2931, -31.3326, 0.0 ], [ -64.2931, -31.332, 0.0 ], [ -64.2931, -31.3316, 0.0 ], [ -64.2934, -31.3309, 0.0 ], [ -64.294, -31.3301, 0.0 ], [ -64.2942, -31.3299, 0.0 ], [ -64.2953, -31.3294, 0.0 ], [ -64.2952, -31.3292, 0.0 ], [ -64.2977, -31.3287, 0.0 ], [ -64.2987, -31.3284, 0.0 ], [ -64.3034, -31.3274, 0.0 ], [ -64.3041, -31.3273, 0.0 ], [ -64.3045, -31.3272, 0.0 ], [ -64.3048, -31.327, 0.0 ], [ -64.3051, -31.3266, 0.0 ], [ -64.3052, -31.3263, 0.0 ], [ -64.3053, -31.326, 0.0 ], [ -64.3052, -31.3257, 0.0 ], [ -64.3049, -31.325, 0.0 ], [ -64.3051, -31.3247, 0.0 ], [ -64.3056, -31.3237, 0.0 ], [ -64.3058, -31.3234, 0.0 ], [ -64.3062, -31.3231, 0.0 ], [ -64.3065, -31.3229, 0.0 ], [ -64.307, -31.3227, 0.0 ], [ -64.3078, -31.3225, 0.0 ], [ -64.3088, -31.3223, 0.0 ], [ -64.309, -31.3222, 0.0 ], [ -64.3092, -31.3222, 0.0 ], [ -64.3092, -31.3221, 0.0 ], [ -64.3118, -31.3209, 0.0 ], [ -64.3161, -31.319, 0.0 ], [ -64.3193, -31.3182, 0.0 ], [ -64.3203, -31.3193, 0.0 ], [ -64.3203, -31.3198, 0.0 ], [ -64.3203, -31.3201, 0.0 ], [ -64.3162, -31.3216, 0.0 ], [ -64.3123, -31.3239, 0.0 ], [ -64.3103, -31.3259, 0.0 ], [ -64.3103, -31.3258, 0.0 ], [ -64.3086, -31.3268, 0.0 ], [ -64.3074, -31.3276, 0.0 ], [ -64.3065, -31.3287, 0.0 ], [ -64.3052, -31.3296, 0.0 ], [ -64.3029, -31.3319, 0.0 ], [ -64.3017, -31.3326, 0.0 ], [ -64.2996, -31.3353, 0.0 ], [ -64.2978, -31.3367, 0.0 ], [ -64.296, -31.3377, 0.0 ], [ -64.2922, -31.3407, 0.0 ], [ -64.2922, -31.3409, 0.0 ], [ -64.292, -31.3418, 0.0 ], [ -64.2907, -31.3415, 0.0 ], [ -64.2893, -31.3429, 0.0 ], [ -64.2843, -31.3457, 0.0 ], [ -64.2812, -31.3464, 0.0 ], [ -64.2798, -31.3465, 0.0 ], [ -64.2788, -31.3465, 0.0 ], [ -64.2779, -31.3466, 0.0 ], [ -64.2779, -31.3454, 0.0 ], [ -64.278, -31.3443, 0.0 ], [ -64.278, -31.3433, 0.0 ], [ -64.278, -31.3423, 0.0 ], [ -64.278, -31.3418, 0.0 ], [ -64.278, -31.341, 0.0 ], [ -64.278, -31.3406, 0.0 ], [ -64.278, -31.3387, 0.0 ], [ -64.278, -31.3365, 0.0 ] ] ] ] } },
{ "type": "Feature", "properties": { "circuito": "0014D", "codprov": "04", "coddepto": "001" }, "geometry": { "type": "MultiPolygon", "coordinates": [ [ [ [ -64.2245, -31.3837, 0.0 ], [ -64.2234, -31.3825, 0.0 ], [ -64.2238, -31.3819, 0.0 ], [ -64.2235, -31.381, 0.0 ], [ -64.2231, -31.38, 0.0 ], [ -64.2237, -31.3791, 0.0 ], [ -64.2243, -31.3784, 0.0 ], [ -64.225, -31.3776, 0.0 ], [ -64.2256, -31.3769, 0.0 ], [ -64.2265, -31.3759, 0.0 ], [ -64.2269, -31.3755, 0.0 ], [ -64.2271, -31.3753, 0.0 ], [ -64.2275, -31.3748, 0.0 ], [ -64.2278, -31.3745, 0.0 ], [ -64.2282, -31.3741, 0.0 ], [ -64.2284, -31.3738, 0.0 ], [ -64.2289, -31.3732, 0.0 ], [ -64.2292, -31.3729, 0.0 ], [ -64.2296, -31.3724, 0.0 ], [ -64.2299, -31.372, 0.0 ], [ -64.2305, -31.3714, 0.0 ], [ -64.2305, -31.3713, 0.0 ], [ -64.2311, -31.3707, 0.0 ], [ -64.2316, -31.3701, 0.0 ], [ -64.232, -31.3696, 0.0 ], [ -64.2326, -31.369, 0.0 ], [ -64.2334, -31.368, 0.0 ], [ -64.2341, -31.3672, 0.0 ], [ -64.2345, -31.3666, 0.0 ], [ -64.2347, -31.3663, 0.0 ], [ -64.2351, -31.3658, 0.0 ], [ -64.2355, -31.3651, 0.0 ], [ -64.2357, -31.3649, 0.0 ], [ -64.2363, -31.364, 0.0 ], [ -64.2366, -31.3636, 0.0 ], [ -64.2369, -31.3631, 0.0 ], [ -64.2372, -31.3626, 0.0 ], [ -64.2371, -31.3626, 0.0 ], [ -64.241, -31.3573, 0.0 ], [ -64.2409, -31.3588, 0.0 ], [ -64.2408, -31.3594, 0.0 ], [ -64.2406, -31.3603, 0.0 ], [ -64.24, -31.3613, 0.0 ], [ -64.2394, -31.3621, 0.0 ], [ -64.2395, -31.3635, 0.0 ], [ -64.2395, -31.3641, 0.0 ], [ -64.2397, -31.3653, 0.0 ], [ -64.2403, -31.3667, 0.0 ], [ -64.2412, -31.3677, 0.0 ], [ -64.242, -31.3689, 0.0 ], [ -64.2428, -31.3704, 0.0 ], [ -64.243, -31.3713, 0.0 ], [ -64.2433, -31.3724, 0.0 ], [ -64.2433, -31.3733, 0.0 ], [ -64.243, -31.3742, 0.0 ], [ -64.2426, -31.3746, 0.0 ], [ -64.2425, -31.3751, 0.0 ], [ -64.2428, -31.3753, 0.0 ], [ -64.2434, -31.3755, 0.0 ], [ -64.2441, -31.3755, 0.0 ], [ -64.2431, -31.376, 0.0 ], [ -64.2426, -31.3763, 0.0 ], [ -64.242, -31.3766, 0.0 ], [ -64.2414, -31.377, 0.0 ], [ -64.2404, -31.3775, 0.0 ], [ -64.2398, -31.3779, 0.0 ], [ -64.2391, -31.3782, 0.0 ], [ -64.238, -31.3789, 0.0 ], [ -64.2373, -31.3793, 0.0 ], [ -64.2368, -31.3796, 0.0 ], [ -64.2362, -31.3799, 0.0 ], [ -64.2345, -31.3809, 0.0 ], [ -64.2338, -31.3813, 0.0 ], [ -64.2328, -31.3819, 0.0 ], [ -64.232, -31.3823, 0.0 ], [ -64.2313, -31.3827, 0.0 ], [ -64.2304, -31.3832, 0.0 ], [ -64.23, -31.3834, 0.0 ], [ -64.2285, -31.3842, 0.0 ], [ -64.228, -31.3845, 0.0 ], [ -64.2274, -31.3848, 0.0 ], [ -64.2268, -31.3851, 0.0 ], [ -64.226, -31.3855, 0.0 ], [ -64.2255, -31.3849, 0.0 ], [ -64.2247, -31.384, 0.0 ], [ -64.2245, -31.3837, 0.0 ] ] ] ] } },
{ "type": "Feature", "properties": { "circuito": "0014E", "codprov": "04", "coddepto": "001" }, "geometry": { "type": "MultiPolygon", "coordinates": [ [ [ [ -64.2803, -31.3181, 0.0 ], [ -64.2816, -31.3187, 0.0 ], [ -64.2829, -31.3193, 0.0 ], [ -64.2831, -31.3252, 0.0 ], [ -64.2814, -31.3253, 0.0 ], [ -64.2808, -31.3253, 0.0 ], [ -64.2793, -31.3254, 0.0 ], [ -64.2787, -31.3254, 0.0 ], [ -64.2771, -31.3254, 0.0 ], [ -64.2763, -31.3255, 0.0 ], [ -64.2745, -31.3255, 0.0 ], [ -64.2741, -31.3255, 0.0 ], [ -64.2736, -31.3255, 0.0 ], [ -64.2731, -31.3256, 0.0 ], [ -64.2723, -31.3256, 0.0 ], [ -64.2718, -31.3256, 0.0 ], [ -64.271, -31.3256, 0.0 ], [ -64.2703, -31.3256, 0.0 ], [ -64.2695, -31.3256, 0.0 ], [ -64.2683, -31.3255, 0.0 ], [ -64.2673, -31.3254, 0.0 ], [ -64.2672, -31.3254, 0.0 ], [ -64.2663, -31.3247, 0.0 ], [ -64.2642, -31.3237, 0.0 ], [ -64.2633, -31.323, 0.0 ], [ -64.2632, -31.3229, 0.0 ], [ -64.261, -31.3218, 0.0 ], [ -64.2605, -31.3217, 0.0 ], [ -64.2614, -31.3204, 0.0 ], [ -64.2613, -31.3204, 0.0 ], [ -64.2633, -31.3171, 0.0 ], [ -64.2649, -31.3179, 0.0 ], [ -64.2653, -31.3182, 0.0 ], [ -64.2659, -31.3185, 0.0 ], [ -64.2713, -31.3213, 0.0 ], [ -64.272, -31.3204, 0.0 ], [ -64.2722, -31.32, 0.0 ], [ -64.2726, -31.3195, 0.0 ], [ -64.2726, -31.3194, 0.0 ], [ -64.273, -31.3189, 0.0 ], [ -64.2732, -31.3187, 0.0 ], [ -64.2738, -31.3178, 0.0 ], [ -64.2739, -31.3176, 0.0 ], [ -64.2747, -31.3165, 0.0 ], [ -64.2751, -31.3159, 0.0 ], [ -64.2759, -31.3163, 0.0 ], [ -64.2778, -31.3171, 0.0 ], [ -64.2803, -31.3181, 0.0 ] ] ] ] } },
{ "type": "Feature", "properties": { "circuito": "0014F", "codprov": "04", "coddepto": "001" }, "geometry": { "type": "MultiPolygon", "coordinates": [ [ [ [ -64.2409, -31.3431, 0.0 ], [ -64.2409, -31.3423, 0.0 ], [ -64.2409, -31.3409, 0.0 ], [ -64.2408, -31.3408, 0.0 ], [ -64.2406, -31.3407, 0.0 ], [ -64.2406, -31.3397, 0.0 ], [ -64.2406, -31.3385, 0.0 ], [ -64.2406, -31.3368, 0.0 ], [ -64.2421, -31.3367, 0.0 ], [ -64.2424, -31.3368, 0.0 ], [ -64.2464, -31.3381, 0.0 ], [ -64.2476, -31.3385, 0.0 ], [ -64.25, -31.3385, 0.0 ], [ -64.2501, -31.3385, 0.0 ], [ -64.2525, -31.3385, 0.0 ], [ -64.2539, -31.3398, 0.0 ], [ -64.2551, -31.3396, 0.0 ], [ -64.2551, -31.3399, 0.0 ], [ -64.2532, -31.342, 0.0 ], [ -64.2527, -31.3428, 0.0 ], [ -64.2524, -31.3432, 0.0 ], [ -64.2523, -31.3434, 0.0 ], [ -64.2519, -31.3441, 0.0 ], [ -64.2517, -31.3445, 0.0 ], [ -64.2512, -31.3454, 0.0 ], [ -64.2507, -31.3461, 0.0 ], [ -64.2498, -31.3477, 0.0 ], [ -64.2493, -31.3485, 0.0 ], [ -64.2488, -31.3492, 0.0 ], [ -64.2485, -31.3497, 0.0 ], [ -64.248, -31.3506, 0.0 ], [ -64.2477, -31.3511, 0.0 ], [ -64.2468, -31.3519, 0.0 ], [ -64.2467, -31.3521, 0.0 ], [ -64.2456, -31.3531, 0.0 ], [ -64.2453, -31.3533, 0.0 ], [ -64.2445, -31.3541, 0.0 ], [ -64.244, -31.3546, 0.0 ], [ -64.2427, -31.3557, 0.0 ], [ -64.2423, -31.3561, 0.0 ], [ -64.2416, -31.3567, 0.0 ], [ -64.2406, -31.3558, 0.0 ], [ -64.2406, -31.3546, 0.0 ], [ -64.2406, -31.3537, 0.0 ], [ -64.2406, -31.3525, 0.0 ], [ -64.2406, -31.3519, 0.0 ], [ -64.2406, -31.3499, 0.0 ], [ -64.2407, -31.349, 0.0 ], [ -64.2414, -31.3487, 0.0 ], [ -64.2412, -31.3456, 0.0 ], [ -64.2412, -31.3453, 0.0 ], [ -64.2412, -31.3446, 0.0 ], [ -64.2411, -31.3437, 0.0 ], [ -64.2409, -31.3431, 0.0 ] ] ] ] } },
{ "type": "Feature", "properties": { "circuito": "0014G", "codprov": "04", "coddepto": "001" }, "geometry": { "type": "MultiPolygon", "coordinates": [ [ [ [ -64.2077, -31.343, 0.0 ], [ -64.2079, -31.3346, 0.0 ], [ -64.2043, -31.3324, 0.0 ], [ -64.2034, -31.3305, 0.0 ], [ -64.2035, -31.3284, 0.0 ], [ -64.2057, -31.3276, 0.0 ], [ -64.2064, -31.3277, 0.0 ], [ -64.2075, -31.3278, 0.0 ], [ -64.2095, -31.3278, 0.0 ], [ -64.2104, -31.3281, 0.0 ], [ -64.2158, -31.3297, 0.0 ], [ -64.2163, -31.3286, 0.0 ], [ -64.2166, -31.3267, 0.0 ], [ -64.2168, -31.3239, 0.0 ], [ -64.2161, -31.3213, 0.0 ], [ -64.2152, -31.3191, 0.0 ], [ -64.2148, -31.318, 0.0 ], [ -64.2131, -31.3161, 0.0 ], [ -64.2114, -31.3144, 0.0 ], [ -64.2097, -31.3134, 0.0 ], [ -64.2099, -31.3085, 0.0 ], [ -64.2206, -31.3083, 0.0 ], [ -64.221, -31.3083, 0.0 ], [ -64.229, -31.3082, 0.0 ], [ -64.2336, -31.3082, 0.0 ], [ -64.2406, -31.3081, 0.0 ], [ -64.2408, -31.3081, 0.0 ], [ -64.2405, -31.3177, 0.0 ], [ -64.2405, -31.3187, 0.0 ], [ -64.2405, -31.3196, 0.0 ], [ -64.2405, -31.3203, 0.0 ], [ -64.2405, -31.3205, 0.0 ], [ -64.2405, -31.3215, 0.0 ], [ -64.2405, -31.3223, 0.0 ], [ -64.2405, -31.3232, 0.0 ], [ -64.2405, -31.3241, 0.0 ], [ -64.2405, -31.3251, 0.0 ], [ -64.2405, -31.326, 0.0 ], [ -64.2405, -31.3269, 0.0 ], [ -64.2405, -31.3278, 0.0 ], [ -64.2405, -31.3287, 0.0 ], [ -64.2405, -31.329, 0.0 ], [ -64.2405, -31.3295, 0.0 ], [ -64.2405, -31.3305, 0.0 ], [ -64.2405, -31.3314, 0.0 ], [ -64.2405, -31.3323, 0.0 ], [ -64.2406, -31.3368, 0.0 ], [ -64.2406, -31.3385, 0.0 ], [ -64.2406, -31.3397, 0.0 ], [ -64.2406, -31.3407, 0.0 ], [ -64.2408, -31.3408, 0.0 ], [ -64.2409, -31.3409, 0.0 ], [ -64.2409, -31.3423, 0.0 ], [ -64.2409, -31.3431, 0.0 ], [ -64.2411, -31.3437, 0.0 ], [ -64.2412, -31.3446, 0.0 ], [ -64.2412, -31.3453, 0.0 ], [ -64.2412, -31.3456, 0.0 ], [ -64.2405, -31.3456, 0.0 ], [ -64.2399, -31.3456, 0.0 ], [ -64.2393, -31.3456, 0.0 ], [ -64.2387, -31.3456, 0.0 ], [ -64.2366, -31.3456, 0.0 ], [ -64.2358, -31.3457, 0.0 ], [ -64.2351, -31.3458, 0.0 ], [ -64.234, -31.3458, 0.0 ], [ -64.2328, -31.3458, 0.0 ], [ -64.2316, -31.3458, 0.0 ], [ -64.2304, -31.3458, 0.0 ], [ -64.2294, -31.3458, 0.0 ], [ -64.2282, -31.3458, 0.0 ], [ -64.227, -31.3458, 0.0 ], [ -64.2259, -31.3458, 0.0 ], [ -64.2257, -31.3458, 0.0 ], [ -64.2244, -31.3458, 0.0 ], [ -64.2233, -31.3458, 0.0 ], [ -64.2221, -31.3458, 0.0 ], [ -64.221, -31.3458, 0.0 ], [ -64.2198, -31.3458, 0.0 ], [ -64.219, -31.3458, 0.0 ], [ -64.2186, -31.3545, 0.0 ], [ -64.2142, -31.3552, 0.0 ], [ -64.2026, -31.3541, 0.0 ], [ -64.2024, -31.3527, 0.0 ], [ -64.2028, -31.3515, 0.0 ], [ -64.205, -31.3479, 0.0 ], [ -64.2074, -31.3439, 0.0 ], [ -64.2077, -31.343, 0.0 ] ] ] ] } },
{ "type": "Feature", "properties": { "circuito": "0014H", "codprov": "04", "coddepto": "001" }, "geometry": { "type": "MultiPolygon", "coordinates": [ [ [ [ -64.2677, -31.3079, 0.0 ], [ -64.2655, -31.3132, 0.0 ], [ -64.2636, -31.3167, 0.0 ], [ -64.2633, -31.3171, 0.0 ], [ -64.2613, -31.3204, 0.0 ], [ -64.2595, -31.3204, 0.0 ], [ -64.2586, -31.3204, 0.0 ], [ -64.2577, -31.3203, 0.0 ], [ -64.2567, -31.3203, 0.0 ], [ -64.2558, -31.3203, 0.0 ], [ -64.255, -31.3203, 0.0 ], [ -64.2542, -31.3203, 0.0 ], [ -64.2532, -31.3203, 0.0 ], [ -64.2527, -31.3203, 0.0 ], [ -64.2523, -31.3203, 0.0 ], [ -64.2517, -31.3203, 0.0 ], [ -64.2507, -31.3203, 0.0 ], [ -64.2498, -31.3203, 0.0 ], [ -64.249, -31.3203, 0.0 ], [ -64.2482, -31.3203, 0.0 ], [ -64.2475, -31.3203, 0.0 ], [ -64.2466, -31.3203, 0.0 ], [ -64.2462, -31.3203, 0.0 ], [ -64.2444, -31.3203, 0.0 ], [ -64.2405, -31.3203, 0.0 ], [ -64.2405, -31.3196, 0.0 ], [ -64.2405, -31.3187, 0.0 ], [ -64.2405, -31.3177, 0.0 ], [ -64.2408, -31.3081, 0.0 ], [ -64.241, -31.3081, 0.0 ], [ -64.2546, -31.308, 0.0 ], [ -64.2558, -31.308, 0.0 ], [ -64.2594, -31.3079, 0.0 ], [ -64.26, -31.3079, 0.0 ], [ -64.261, -31.3079, 0.0 ], [ -64.2664, -31.3079, 0.0 ], [ -64.2677, -31.3079, 0.0 ] ] ] ] } },
{ "type": "Feature", "properties": { "circuito": "0014I", "codprov": "04", "coddepto": "001" }, "geometry": { "type": "MultiPolygon", "coordinates": [ [ [ [ -64.2412, -31.3456, 0.0 ], [ -64.2414, -31.3487, 0.0 ], [ -64.2407, -31.349, 0.0 ], [ -64.2406, -31.3499, 0.0 ], [ -64.2406, -31.3519, 0.0 ], [ -64.2406, -31.3525, 0.0 ], [ -64.2406, -31.3537, 0.0 ], [ -64.2406, -31.3546, 0.0 ], [ -64.2406, -31.3558, 0.0 ], [ -64.2416, -31.3567, 0.0 ], [ -64.241, -31.3573, 0.0 ], [ -64.24, -31.3575, 0.0 ], [ -64.2385, -31.3582, 0.0 ], [ -64.2378, -31.3585, 0.0 ], [ -64.2374, -31.3587, 0.0 ], [ -64.2364, -31.3591, 0.0 ], [ -64.2358, -31.3594, 0.0 ], [ -64.2351, -31.3597, 0.0 ], [ -64.2341, -31.3601, 0.0 ], [ -64.2338, -31.3602, 0.0 ], [ -64.2336, -31.3603, 0.0 ], [ -64.2326, -31.3607, 0.0 ], [ -64.2322, -31.3609, 0.0 ], [ -64.2314, -31.3612, 0.0 ], [ -64.2307, -31.3615, 0.0 ], [ -64.2302, -31.3617, 0.0 ], [ -64.2291, -31.3622, 0.0 ], [ -64.2287, -31.3623, 0.0 ], [ -64.2284, -31.3625, 0.0 ], [ -64.2278, -31.3627, 0.0 ], [ -64.2272, -31.363, 0.0 ], [ -64.2262, -31.3634, 0.0 ], [ -64.2252, -31.3638, 0.0 ], [ -64.225, -31.3639, 0.0 ], [ -64.2244, -31.3642, 0.0 ], [ -64.2237, -31.3645, 0.0 ], [ -64.2228, -31.3649, 0.0 ], [ -64.2223, -31.3651, 0.0 ], [ -64.2218, -31.3653, 0.0 ], [ -64.2205, -31.3659, 0.0 ], [ -64.2201, -31.3649, 0.0 ], [ -64.2199, -31.3645, 0.0 ], [ -64.2205, -31.3641, 0.0 ], [ -64.2199, -31.3612, 0.0 ], [ -64.2197, -31.36, 0.0 ], [ -64.2186, -31.3545, 0.0 ], [ -64.219, -31.3458, 0.0 ], [ -64.2198, -31.3458, 0.0 ], [ -64.221, -31.3458, 0.0 ], [ -64.2221, -31.3458, 0.0 ], [ -64.2233, -31.3458, 0.0 ], [ -64.2244, -31.3458, 0.0 ], [ -64.2257, -31.3458, 0.0 ], [ -64.2259, -31.3458, 0.0 ], [ -64.227, -31.3458, 0.0 ], [ -64.2282, -31.3458, 0.0 ], [ -64.2294, -31.3458, 0.0 ], [ -64.2304, -31.3458, 0.0 ], [ -64.2316, -31.3458, 0.0 ], [ -64.2328, -31.3458, 0.0 ], [ -64.234, -31.3458, 0.0 ], [ -64.2351, -31.3458, 0.0 ], [ -64.2358, -31.3457, 0.0 ], [ -64.2366, -31.3456, 0.0 ], [ -64.2387, -31.3456, 0.0 ], [ -64.2393, -31.3456, 0.0 ], [ -64.2399, -31.3456, 0.0 ], [ -64.2405, -31.3456, 0.0 ], [ -64.2412, -31.3456, 0.0 ] ] ] ] } },
{ "type": "Feature", "properties": { "circuito": "0014L", "codprov": "04", "coddepto": "001" }, "geometry": { "type": "MultiPolygon", "coordinates": [ [ [ [ -64.2406, -31.3603, 0.0 ], [ -64.2408, -31.3594, 0.0 ], [ -64.2409, -31.3588, 0.0 ], [ -64.241, -31.3573, 0.0 ], [ -64.243, -31.3566, 0.0 ], [ -64.2436, -31.3563, 0.0 ], [ -64.2458, -31.3548, 0.0 ], [ -64.2465, -31.3542, 0.0 ], [ -64.2469, -31.3538, 0.0 ], [ -64.2481, -31.3528, 0.0 ], [ -64.2493, -31.3519, 0.0 ], [ -64.2503, -31.3509, 0.0 ], [ -64.2505, -31.3507, 0.0 ], [ -64.2513, -31.3501, 0.0 ], [ -64.2519, -31.3497, 0.0 ], [ -64.2525, -31.3493, 0.0 ], [ -64.2533, -31.3489, 0.0 ], [ -64.2546, -31.3485, 0.0 ], [ -64.255, -31.3484, 0.0 ], [ -64.2556, -31.3482, 0.0 ], [ -64.2566, -31.3496, 0.0 ], [ -64.2569, -31.3502, 0.0 ], [ -64.2573, -31.3507, 0.0 ], [ -64.2577, -31.3513, 0.0 ], [ -64.2583, -31.3521, 0.0 ], [ -64.259, -31.3532, 0.0 ], [ -64.2597, -31.3543, 0.0 ], [ -64.2604, -31.3553, 0.0 ], [ -64.2609, -31.356, 0.0 ], [ -64.2615, -31.3569, 0.0 ], [ -64.262, -31.3578, 0.0 ], [ -64.2609, -31.3581, 0.0 ], [ -64.2598, -31.3587, 0.0 ], [ -64.2595, -31.3602, 0.0 ], [ -64.2601, -31.3614, 0.0 ], [ -64.2614, -31.3623, 0.0 ], [ -64.2625, -31.3638, 0.0 ], [ -64.2628, -31.3655, 0.0 ], [ -64.2622, -31.3694, 0.0 ], [ -64.2607, -31.3728, 0.0 ], [ -64.2592, -31.3735, 0.0 ], [ -64.2566, -31.3737, 0.0 ], [ -64.253, -31.3727, 0.0 ], [ -64.2522, -31.3721, 0.0 ], [ -64.2503, -31.3708, 0.0 ], [ -64.2473, -31.3678, 0.0 ], [ -64.2451, -31.3653, 0.0 ], [ -64.2435, -31.3631, 0.0 ], [ -64.2406, -31.3603, 0.0 ] ] ] ] } },
{ "type": "Feature", "properties": { "circuito": "0014M", "codprov": "04", "coddepto": "001" }, "geometry": { "type": "MultiPolygon", "coordinates": [ [ [ [ -64.241, -31.3573, 0.0 ], [ -64.2371, -31.3626, 0.0 ], [ -64.2372, -31.3626, 0.0 ], [ -64.2369, -31.3631, 0.0 ], [ -64.2366, -31.3636, 0.0 ], [ -64.2363, -31.364, 0.0 ], [ -64.2357, -31.3649, 0.0 ], [ -64.2355, -31.3651, 0.0 ], [ -64.2351, -31.3658, 0.0 ], [ -64.2347, -31.3663, 0.0 ], [ -64.2345, -31.3666, 0.0 ], [ -64.2341, -31.3672, 0.0 ], [ -64.2334, -31.368, 0.0 ], [ -64.2326, -31.369, 0.0 ], [ -64.232, -31.3696, 0.0 ], [ -64.2316, -31.3701, 0.0 ], [ -64.2311, -31.3707, 0.0 ], [ -64.2305, -31.3713, 0.0 ], [ -64.2305, -31.3714, 0.0 ], [ -64.2299, -31.372, 0.0 ], [ -64.2296, -31.3724, 0.0 ], [ -64.2292, -31.3729, 0.0 ], [ -64.2289, -31.3732, 0.0 ], [ -64.2284, -31.3738, 0.0 ], [ -64.2282, -31.3741, 0.0 ], [ -64.2278, -31.3745, 0.0 ], [ -64.2275, -31.3748, 0.0 ], [ -64.2271, -31.3753, 0.0 ], [ -64.2269, -31.3755, 0.0 ], [ -64.2265, -31.3759, 0.0 ], [ -64.2256, -31.3769, 0.0 ], [ -64.225, -31.3776, 0.0 ], [ -64.2243, -31.3784, 0.0 ], [ -64.2237, -31.3791, 0.0 ], [ -64.2233, -31.3781, 0.0 ], [ -64.2232, -31.3773, 0.0 ], [ -64.2229, -31.3761, 0.0 ], [ -64.2227, -31.3752, 0.0 ], [ -64.2225, -31.3742, 0.0 ], [ -64.2224, -31.374, 0.0 ], [ -64.2221, -31.3725, 0.0 ], [ -64.2219, -31.3719, 0.0 ], [ -64.2217, -31.3711, 0.0 ], [ -64.2215, -31.3699, 0.0 ], [ -64.2212, -31.3687, 0.0 ], [ -64.221, -31.3678, 0.0 ], [ -64.2209, -31.3673, 0.0 ], [ -64.2207, -31.3665, 0.0 ], [ -64.2205, -31.3659, 0.0 ], [ -64.2218, -31.3653, 0.0 ], [ -64.2223, -31.3651, 0.0 ], [ -64.2228, -31.3649, 0.0 ], [ -64.2237, -31.3645, 0.0 ], [ -64.2244, -31.3642, 0.0 ], [ -64.225, -31.3639, 0.0 ], [ -64.2252, -31.3638, 0.0 ], [ -64.2262, -31.3634, 0.0 ], [ -64.2272, -31.363, 0.0 ], [ -64.2278, -31.3627, 0.0 ], [ -64.2284, -31.3625, 0.0 ], [ -64.2287, -31.3623, 0.0 ], [ -64.2291, -31.3622, 0.0 ], [ -64.2302, -31.3617, 0.0 ], [ -64.2307, -31.3615, 0.0 ], [ -64.2314, -31.3612, 0.0 ], [ -64.2322, -31.3609, 0.0 ], [ -64.2326, -31.3607, 0.0 ], [ -64.2336, -31.3603, 0.0 ], [ -64.2338, -31.3602, 0.0 ], [ -64.2341, -31.3601, 0.0 ], [ -64.2351, -31.3597, 0.0 ], [ -64.2358, -31.3594, 0.0 ], [ -64.2364, -31.3591, 0.0 ], [ -64.2374, -31.3587, 0.0 ], [ -64.2378, -31.3585, 0.0 ], [ -64.2385, -31.3582, 0.0 ], [ -64.24, -31.3575, 0.0 ], [ -64.241, -31.3573, 0.0 ] ] ] ] } },
{ "type": "Feature", "properties": { "circuito": "0014N", "codprov": "04", "coddepto": "001" }, "geometry": { "type": "MultiPolygon", "coordinates": [ [ [ [ -64.2758, -31.3078, 0.0 ], [ -64.2759, -31.3078, 0.0 ], [ -64.2775, -31.3079, 0.0 ], [ -64.2807073, -31.3078883, 0.0 ], [ -64.2799, -31.3093, 0.0 ], [ -64.2796, -31.3096, 0.0 ], [ -64.2795, -31.3098, 0.0 ], [ -64.279, -31.3105, 0.0 ], [ -64.2782, -31.3117, 0.0 ], [ -64.2774, -31.3128, 0.0 ], [ -64.2765, -31.314, 0.0 ], [ -64.2756, -31.3152, 0.0 ], [ -64.2751, -31.3159, 0.0 ], [ -64.2747, -31.3165, 0.0 ], [ -64.2739, -31.3176, 0.0 ], [ -64.2738, -31.3178, 0.0 ], [ -64.2732, -31.3187, 0.0 ], [ -64.273, -31.3189, 0.0 ], [ -64.2726, -31.3194, 0.0 ], [ -64.2726, -31.3195, 0.0 ], [ -64.2722, -31.32, 0.0 ], [ -64.272, -31.3204, 0.0 ], [ -64.2713, -31.3213, 0.0 ], [ -64.2659, -31.3185, 0.0 ], [ -64.2653, -31.3182, 0.0 ], [ -64.2649, -31.3179, 0.0 ], [ -64.2633, -31.3171, 0.0 ], [ -64.2636, -31.3167, 0.0 ], [ -64.2655, -31.3132, 0.0 ], [ -64.2677, -31.3079, 0.0 ], [ -64.2721, -31.3078, 0.0 ], [ -64.2754, -31.3078, 0.0 ], [ -64.2758, -31.3078, 0.0 ] ] ] ] } },
{ "type": "Feature", "properties": { "circuito": "0014O", "codprov": "04", "coddepto": "001" }, "geometry": { "type": "MultiPolygon", "coordinates": [ [ [ [ -64.2891, -31.325, 0.0 ], [ -64.2891, -31.3254, 0.0 ], [ -64.2891, -31.3261, 0.0 ], [ -64.2891, -31.3265, 0.0 ], [ -64.2891, -31.3267, 0.0 ], [ -64.2888, -31.3274, 0.0 ], [ -64.2885, -31.3281, 0.0 ], [ -64.2885, -31.3287, 0.0 ], [ -64.2874, -31.329, 0.0 ], [ -64.2864, -31.3293, 0.0 ], [ -64.2847, -31.3298, 0.0 ], [ -64.2833, -31.3302, 0.0 ], [ -64.2821, -31.3305, 0.0 ], [ -64.281, -31.3307, 0.0 ], [ -64.28, -31.3309, 0.0 ], [ -64.2795, -31.331, 0.0 ], [ -64.2792, -31.3312, 0.0 ], [ -64.2789, -31.3315, 0.0 ], [ -64.2787, -31.3317, 0.0 ], [ -64.2779, -31.3321, 0.0 ], [ -64.2769, -31.3324, 0.0 ], [ -64.2758, -31.3326, 0.0 ], [ -64.2758, -31.3358, 0.0 ], [ -64.2757, -31.3358, 0.0 ], [ -64.2753, -31.3356, 0.0 ], [ -64.2737, -31.3347, 0.0 ], [ -64.2728, -31.3342, 0.0 ], [ -64.2714, -31.334, 0.0 ], [ -64.2697, -31.3343, 0.0 ], [ -64.2692, -31.3344, 0.0 ], [ -64.2686, -31.3345, 0.0 ], [ -64.2678, -31.3346, 0.0 ], [ -64.2673, -31.3346, 0.0 ], [ -64.2671, -31.3346, 0.0 ], [ -64.2651, -31.3348, 0.0 ], [ -64.2624, -31.3362, 0.0 ], [ -64.2603, -31.3381, 0.0 ], [ -64.2594, -31.337, 0.0 ], [ -64.2615, -31.3358, 0.0 ], [ -64.2623, -31.3354, 0.0 ], [ -64.2623, -31.3345, 0.0 ], [ -64.2624, -31.3343, 0.0 ], [ -64.2624, -31.334, 0.0 ], [ -64.2624, -31.3337, 0.0 ], [ -64.2624, -31.3328, 0.0 ], [ -64.2625, -31.3321, 0.0 ], [ -64.2631, -31.3318, 0.0 ], [ -64.2635, -31.3315, 0.0 ], [ -64.2645, -31.3307, 0.0 ], [ -64.2655, -31.3293, 0.0 ], [ -64.266, -31.3286, 0.0 ], [ -64.2662, -31.3283, 0.0 ], [ -64.2667, -31.3277, 0.0 ], [ -64.2675, -31.3266, 0.0 ], [ -64.2683, -31.3255, 0.0 ], [ -64.2695, -31.3256, 0.0 ], [ -64.2703, -31.3256, 0.0 ], [ -64.271, -31.3256, 0.0 ], [ -64.2718, -31.3256, 0.0 ], [ -64.2723, -31.3256, 0.0 ], [ -64.2731, -31.3256, 0.0 ], [ -64.2736, -31.3255, 0.0 ], [ -64.2741, -31.3255, 0.0 ], [ -64.2745, -31.3255, 0.0 ], [ -64.2763, -31.3255, 0.0 ], [ -64.2771, -31.3254, 0.0 ], [ -64.2787, -31.3254, 0.0 ], [ -64.2793, -31.3254, 0.0 ], [ -64.2808, -31.3253, 0.0 ], [ -64.2814, -31.3253, 0.0 ], [ -64.2831, -31.3252, 0.0 ], [ -64.2829, -31.3193, 0.0 ], [ -64.283, -31.3193, 0.0 ], [ -64.2838, -31.3197, 0.0 ], [ -64.2852, -31.3196, 0.0 ], [ -64.2867, -31.3196, 0.0 ], [ -64.2877, -31.3196, 0.0 ], [ -64.2889, -31.3195, 0.0 ], [ -64.2889, -31.3202, 0.0 ], [ -64.2889, -31.3204, 0.0 ], [ -64.289, -31.3213, 0.0 ], [ -64.289, -31.3223, 0.0 ], [ -64.289, -31.3233, 0.0 ], [ -64.289, -31.3243, 0.0 ], [ -64.2891, -31.325, 0.0 ] ] ] ] } },
{ "type": "Feature", "properties": { "circuito": "0014P", "codprov": "04", "coddepto": "001" }, "geometry": { "type": "MultiPolygon", "coordinates": [ [ [ [ -64.3092, -31.3072, 0.0 ], [ -64.3093, -31.3072, 0.0 ], [ -64.3138, -31.307, 0.0 ], [ -64.3152, -31.3081, 0.0 ], [ -64.3191, -31.3074, 0.0 ], [ -64.319, -31.3082, 0.0 ], [ -64.3187, -31.3107, 0.0 ], [ -64.3187, -31.311, 0.0 ], [ -64.3186, -31.3114, 0.0 ], [ -64.3185, -31.3124, 0.0 ], [ -64.318, -31.3169, 0.0 ], [ -64.3183, -31.3172, 0.0 ], [ -64.3186, -31.3175, 0.0 ], [ -64.3191, -31.318, 0.0 ], [ -64.3193, -31.3182, 0.0 ], [ -64.3161, -31.319, 0.0 ], [ -64.3118, -31.3209, 0.0 ], [ -64.3092, -31.3221, 0.0 ], [ -64.3092, -31.3222, 0.0 ], [ -64.309, -31.3222, 0.0 ], [ -64.3088, -31.3223, 0.0 ], [ -64.3078, -31.3225, 0.0 ], [ -64.307, -31.3227, 0.0 ], [ -64.3065, -31.3229, 0.0 ], [ -64.3062, -31.3231, 0.0 ], [ -64.3058, -31.3234, 0.0 ], [ -64.3056, -31.3237, 0.0 ], [ -64.3051, -31.3247, 0.0 ], [ -64.3049, -31.325, 0.0 ], [ -64.3052, -31.3257, 0.0 ], [ -64.3053, -31.326, 0.0 ], [ -64.3052, -31.3263, 0.0 ], [ -64.3051, -31.3266, 0.0 ], [ -64.3048, -31.327, 0.0 ], [ -64.3045, -31.3272, 0.0 ], [ -64.3041, -31.3273, 0.0 ], [ -64.3034, -31.3274, 0.0 ], [ -64.2987, -31.3284, 0.0 ], [ -64.2977, -31.3287, 0.0 ], [ -64.2952, -31.3292, 0.0 ], [ -64.2953, -31.3294, 0.0 ], [ -64.2942, -31.3299, 0.0 ], [ -64.294, -31.3301, 0.0 ], [ -64.2934, -31.3309, 0.0 ], [ -64.2931, -31.3316, 0.0 ], [ -64.2931, -31.332, 0.0 ], [ -64.2931, -31.3326, 0.0 ], [ -64.2931, -31.3328, 0.0 ], [ -64.2931, -31.333, 0.0 ], [ -64.2929, -31.3336, 0.0 ], [ -64.2927, -31.3341, 0.0 ], [ -64.2924, -31.3344, 0.0 ], [ -64.2921, -31.3346, 0.0 ], [ -64.292, -31.3347, 0.0 ], [ -64.2915, -31.3351, 0.0 ], [ -64.2907, -31.3356, 0.0 ], [ -64.2895, -31.336, 0.0 ], [ -64.2891, -31.3363, 0.0 ], [ -64.2886, -31.3366, 0.0 ], [ -64.2885, -31.3287, 0.0 ], [ -64.2885, -31.3281, 0.0 ], [ -64.2888, -31.3274, 0.0 ], [ -64.2891, -31.3267, 0.0 ], [ -64.2891, -31.3265, 0.0 ], [ -64.2891, -31.3261, 0.0 ], [ -64.2891, -31.3254, 0.0 ], [ -64.2891, -31.325, 0.0 ], [ -64.289, -31.3243, 0.0 ], [ -64.289, -31.3233, 0.0 ], [ -64.289, -31.3223, 0.0 ], [ -64.289, -31.3213, 0.0 ], [ -64.2889, -31.3204, 0.0 ], [ -64.2889, -31.3202, 0.0 ], [ -64.2889, -31.3195, 0.0 ], [ -64.2889, -31.3192, 0.0 ], [ -64.2889, -31.3186, 0.0 ], [ -64.2889, -31.3182, 0.0 ], [ -64.2889, -31.3178, 0.0 ], [ -64.2889, -31.3172, 0.0 ], [ -64.2889, -31.3169, 0.0 ], [ -64.2888, -31.3161, 0.0 ], [ -64.2888, -31.3152, 0.0 ], [ -64.2888, -31.3143, 0.0 ], [ -64.2888, -31.3141, 0.0 ], [ -64.2888, -31.3134, 0.0 ], [ -64.2888, -31.3132, 0.0 ], [ -64.2887, -31.3116, 0.0 ], [ -64.2887, -31.3107, 0.0 ], [ -64.2887, -31.3098, 0.0 ], [ -64.2887, -31.3088, 0.0 ], [ -64.2886, -31.3079, 0.0 ], [ -64.2923283, -31.3077133, 0.0 ], [ -64.2951, -31.3079, 0.0 ], [ -64.2957, -31.3078, 0.0 ], [ -64.296, -31.3078, 0.0 ], [ -64.2969, -31.3076, 0.0 ], [ -64.2972, -31.3076, 0.0 ], [ -64.2973, -31.3076, 0.0 ], [ -64.2992, -31.3074, 0.0 ], [ -64.3007, -31.3073, 0.0 ], [ -64.3035571, -31.30777, 0.0 ], [ -64.30815, -31.307424, 0.0 ], [ -64.3078, -31.3072, 0.0 ], [ -64.3091, -31.3072, 0.0 ], [ -64.3092, -31.3072, 0.0 ] ] ] ] } },
{ "type": "Feature", "properties": { "circuito": "0014Q", "codprov": "04", "coddepto": "001" }, "geometry": { "type": "MultiPolygon", "coordinates": [ [ [ [ -64.310092, -31.350204, 0.0 ], [ -64.3099749, -31.3384567, 0.0 ], [ -64.3051103, -31.3391438, 0.0 ], [ -64.301562, -31.3392673, 0.0 ], [ -64.2984855, -31.3447422, 0.0 ], [ -64.2959733, -31.3460425, 0.0 ], [ -64.2995666, -31.3519336, 0.0 ], [ -64.2976295, -31.3531933, 0.0 ], [ -64.2942148, -31.3532734, 0.0 ], [ -64.2908, -31.3535, 0.0 ], [ -64.2908, -31.3529, 0.0 ], [ -64.2911, -31.3522, 0.0 ], [ -64.2908, -31.3498, 0.0 ], [ -64.2912, -31.3465, 0.0 ], [ -64.2914, -31.346, 0.0 ], [ -64.2915, -31.3448, 0.0 ], [ -64.292, -31.3418, 0.0 ], [ -64.2922, -31.3409, 0.0 ], [ -64.2922, -31.3407, 0.0 ], [ -64.296, -31.3377, 0.0 ], [ -64.2978, -31.3367, 0.0 ], [ -64.2996, -31.3353, 0.0 ], [ -64.3017, -31.3326, 0.0 ], [ -64.3029, -31.3319, 0.0 ], [ -64.3052, -31.3296, 0.0 ], [ -64.3065, -31.3287, 0.0 ], [ -64.3074, -31.3276, 0.0 ], [ -64.3086, -31.3268, 0.0 ], [ -64.3103, -31.3258, 0.0 ], [ -64.3103, -31.3259, 0.0 ], [ -64.3123, -31.3239, 0.0 ], [ -64.3162, -31.3216, 0.0 ], [ -64.3203, -31.3201, 0.0 ], [ -64.3201, -31.331, 0.0 ], [ -64.3201, -31.3313, 0.0 ], [ -64.3201, -31.334, 0.0 ], [ -64.3201, -31.3348, 0.0 ], [ -64.32, -31.3353, 0.0 ], [ -64.32, -31.3363, 0.0 ], [ -64.32, -31.3369, 0.0 ], [ -64.32, -31.3373, 0.0 ], [ -64.3194, -31.3427, 0.0 ], [ -64.319, -31.3459, 0.0 ], [ -64.3184, -31.3506, 0.0 ], [ -64.310092, -31.350204, 0.0 ] ] ] ] } },
{ "type": "Feature", "properties": { "circuito": "00027", "codprov": "04", "coddepto": "003" }, "geometry": { "type": "MultiPolygon", "coordinates": [ [ [ [ -64.2511, -30.9607, 0.0 ], [ -64.2523, -30.96, 0.0 ], [ -64.2537, -30.9599, 0.0 ], [ -64.2554, -30.9588, 0.0 ], [ -64.2561, -30.9566, 0.0 ], [ -64.2569, -30.9548, 0.0 ], [ -64.2579, -30.9524, 0.0 ], [ -64.2582, -30.95, 0.0 ], [ -64.2591, -30.9472, 0.0 ], [ -64.2644, -30.9408, 0.0 ], [ -64.2758, -30.9378, 0.0 ], [ -64.281, -30.9408, 0.0 ], [ -64.2837, -30.947, 0.0 ], [ -64.288, -30.9475, 0.0 ], [ -64.2984, -30.941, 0.0 ], [ -64.3085, -30.9419, 0.0 ], [ -64.3255, -30.943, 0.0 ], [ -64.353, -30.9393, 0.0 ], [ -64.3697, -30.9281, 0.0 ], [ -64.3838, -30.9259, 0.0 ], [ -64.4173, -30.9231, 0.0 ], [ -64.4183, -30.9303, 0.0 ], [ -64.4134, -30.9616, 0.0 ], [ -64.4166, -30.9974, 0.0 ], [ -64.3885, -30.9974, 0.0 ], [ -64.3887, -31.0076, 0.0 ], [ -64.3157, -31.0076, 0.0 ], [ -64.3176, -31.0413, 0.0 ], [ -64.3159, -31.0406, 0.0 ], [ -64.3149, -31.0399, 0.0 ], [ -64.312, -31.04, 0.0 ], [ -64.3112, -31.0396, 0.0 ], [ -64.311, -31.0387, 0.0 ], [ -64.3097, -31.0384, 0.0 ], [ -64.3077, -31.0377, 0.0 ], [ -64.3071, -31.0377, 0.0 ], [ -64.3052, -31.037, 0.0 ], [ -64.3002, -31.0389, 0.0 ], [ -64.3002, -31.0381, 0.0 ], [ -64.2993, -31.037, 0.0 ], [ -64.2984, -31.0385, 0.0 ], [ -64.2978, -31.0407, 0.0 ], [ -64.296, -31.0413, 0.0 ], [ -64.2949, -31.0405, 0.0 ], [ -64.2944, -31.0427, 0.0 ], [ -64.2939, -31.0423, 0.0 ], [ -64.2927, -31.0423, 0.0 ], [ -64.2919, -31.0435, 0.0 ], [ -64.2906, -31.0435, 0.0 ], [ -64.2896, -31.0448, 0.0 ], [ -64.2887, -31.0442, 0.0 ], [ -64.2873, -31.0449, 0.0 ], [ -64.2871, -31.0463, 0.0 ], [ -64.2881, -31.0474, 0.0 ], [ -64.2867, -31.0477, 0.0 ], [ -64.2851, -31.0464, 0.0 ], [ -64.2804, -31.0459, 0.0 ], [ -64.277, -31.0444, 0.0 ], [ -64.2748, -31.0458, 0.0 ], [ -64.2758, -31.0481, 0.0 ], [ -64.2745, -31.0505, 0.0 ], [ -64.2695, -31.0597, 0.0 ], [ -64.2677, -31.0591, 0.0 ], [ -64.266, -31.0597, 0.0 ], [ -64.2644, -31.0577, 0.0 ], [ -64.2629, -31.0572, 0.0 ], [ -64.2621, -31.0565, 0.0 ], [ -64.2606, -31.0564, 0.0 ], [ -64.257, -31.0562, 0.0 ], [ -64.256, -31.0556, 0.0 ], [ -64.2555, -31.054, 0.0 ], [ -64.2535, -31.054, 0.0 ], [ -64.2504, -31.0561, 0.0 ], [ -64.2473, -31.054, 0.0 ], [ -64.2457, -31.0541, 0.0 ], [ -64.2416, -31.0581, 0.0 ], [ -64.2391, -31.06, 0.0 ], [ -64.238, -31.0589, 0.0 ], [ -64.2387, -31.0576, 0.0 ], [ -64.2395, -31.0572, 0.0 ], [ -64.2401, -31.0557, 0.0 ], [ -64.2398, -31.0546, 0.0 ], [ -64.238, -31.0534, 0.0 ], [ -64.2338, -31.0528, 0.0 ], [ -64.2324, -31.0516, 0.0 ], [ -64.2325, -31.0504, 0.0 ], [ -64.2309, -31.0494, 0.0 ], [ -64.2297, -31.0484, 0.0 ], [ -64.2279, -31.0489, 0.0 ], [ -64.2277, -31.05, 0.0 ], [ -64.2259, -31.0504, 0.0 ], [ -64.2252, -31.0512, 0.0 ], [ -64.2233, -31.0508, 0.0 ], [ -64.2231, -31.0492, 0.0 ], [ -64.2227, -31.0479, 0.0 ], [ -64.2247, -31.0468, 0.0 ], [ -64.2246, -31.0456, 0.0 ], [ -64.2232, -31.0449, 0.0 ], [ -64.2218, -31.0452, 0.0 ], [ -64.2208, -31.0469, 0.0 ], [ -64.2173, -31.0487, 0.0 ], [ -64.2116, -31.0504, 0.0 ], [ -64.2071, -31.0497, 0.0 ], [ -64.1994, -31.0494, 0.0 ], [ -64.1972, -31.0507, 0.0 ], [ -64.1964, -31.0494, 0.0 ], [ -64.1992, -31.0477, 0.0 ], [ -64.1982, -31.0459, 0.0 ], [ -64.1935, -31.0467, 0.0 ], [ -64.1786, -31.0382, 0.0 ], [ -64.1798, -31.0364, 0.0 ], [ -64.1761, -31.0333, 0.0 ], [ -64.1752, -31.0343, 0.0 ], [ -64.1731, -31.0303, 0.0 ], [ -64.1762, -31.0294, 0.0 ], [ -64.1797, -31.0283, 0.0 ], [ -64.1795, -31.0257, 0.0 ], [ -64.1827, -31.0262, 0.0 ], [ -64.1848, -31.0246, 0.0 ], [ -64.187, -31.025, 0.0 ], [ -64.1886, -31.0233, 0.0 ], [ -64.191, -31.0239, 0.0 ], [ -64.1917, -31.0228, 0.0 ], [ -64.1934, -31.0235, 0.0 ], [ -64.1947, -31.0217, 0.0 ], [ -64.1976, -31.0224, 0.0 ], [ -64.1989, -31.0241, 0.0 ], [ -64.208, -31.025, 0.0 ], [ -64.2135, -31.0228, 0.0 ], [ -64.2175, -31.0177, 0.0 ], [ -64.2201, -31.0096, 0.0 ], [ -64.2175, -31.0091, 0.0 ], [ -64.2181, -31.0065, 0.0 ], [ -64.2329, -31.003, 0.0 ], [ -64.237, -31.0048, 0.0 ], [ -64.2409, -31.0043, 0.0 ], [ -64.2455, -31.0036, 0.0 ], [ -64.2485, -31.0041, 0.0 ], [ -64.2485, -30.9613, 0.0 ], [ -64.2511, -30.9607, 0.0 ] ] ] ] } },
{ "type": "Feature", "properties": { "circuito": "00031", "codprov": "04", "coddepto": "003" }, "geometry": { "type": "MultiPolygon", "coordinates": [ [ [ [ -64.3092, -31.0747, 0.0 ], [ -64.3119, -31.0762, 0.0 ], [ -64.3151, -31.0814, 0.0 ], [ -64.31, -31.0845, 0.0 ], [ -64.3091, -31.0855, 0.0 ], [ -64.3053, -31.085, 0.0 ], [ -64.3053, -31.0857, 0.0 ], [ -64.3053, -31.0865, 0.0 ], [ -64.306, -31.088, 0.0 ], [ -64.3073, -31.0882, 0.0 ], [ -64.3072, -31.0897, 0.0 ], [ -64.3078, -31.0906, 0.0 ], [ -64.3078, -31.0912, 0.0 ], [ -64.3089, -31.0914, 0.0 ], [ -64.3089, -31.0928, 0.0 ], [ -64.3093, -31.0943, 0.0 ], [ -64.3085, -31.0952, 0.0 ], [ -64.3095, -31.0952, 0.0 ], [ -64.3089, -31.0964, 0.0 ], [ -64.3082, -31.0978, 0.0 ], [ -64.3052, -31.0986, 0.0 ], [ -64.3027, -31.1004, 0.0 ], [ -64.302, -31.1016, 0.0 ], [ -64.3013, -31.1022, 0.0 ], [ -64.301, -31.103, 0.0 ], [ -64.3003, -31.1029, 0.0 ], [ -64.299, -31.1035, 0.0 ], [ -64.2974, -31.1031, 0.0 ], [ -64.2961, -31.1036, 0.0 ], [ -64.2941, -31.1044, 0.0 ], [ -64.2921, -31.1047, 0.0 ], [ -64.2919, -31.1019, 0.0 ], [ -64.2911, -31.1, 0.0 ], [ -64.2911, -31.0986, 0.0 ], [ -64.2907, -31.0964, 0.0 ], [ -64.2861, -31.0973, 0.0 ], [ -64.2827, -31.0988, 0.0 ], [ -64.281, -31.0975, 0.0 ], [ -64.277, -31.0989, 0.0 ], [ -64.2763, -31.1013, 0.0 ], [ -64.2751, -31.1015, 0.0 ], [ -64.2746, -31.102, 0.0 ], [ -64.2741, -31.1014, 0.0 ], [ -64.2723, -31.1015, 0.0 ], [ -64.2707, -31.1014, 0.0 ], [ -64.2678, -31.1, 0.0 ], [ -64.2614, -31.102, 0.0 ], [ -64.2616, -31.1034, 0.0 ], [ -64.2585, -31.1035, 0.0 ], [ -64.2565, -31.1044, 0.0 ], [ -64.2545, -31.1068, 0.0 ], [ -64.2097, -31.1098, 0.0 ], [ -64.2094, -31.1091, 0.0 ], [ -64.1922, -31.1092, 0.0 ], [ -64.1923, -31.1075, 0.0 ], [ -64.1872, -31.1082, 0.0 ], [ -64.1872, -31.1057, 0.0 ], [ -64.1855, -31.1063, 0.0 ], [ -64.1834, -31.0954, 0.0 ], [ -64.2029, -31.0952, 0.0 ], [ -64.2032, -31.0948, 0.0 ], [ -64.2071, -31.0945, 0.0 ], [ -64.2072, -31.0888, 0.0 ], [ -64.2078, -31.087, 0.0 ], [ -64.2072, -31.0859, 0.0 ], [ -64.2068, -31.0825, 0.0 ], [ -64.207, -31.0816, 0.0 ], [ -64.2075, -31.0731, 0.0 ], [ -64.2066, -31.0727, 0.0 ], [ -64.2072, -31.0723, 0.0 ], [ -64.2071, -31.0497, 0.0 ], [ -64.2116, -31.0504, 0.0 ], [ -64.2173, -31.0487, 0.0 ], [ -64.2208, -31.0469, 0.0 ], [ -64.2218, -31.0452, 0.0 ], [ -64.2232, -31.0449, 0.0 ], [ -64.2246, -31.0456, 0.0 ], [ -64.2247, -31.0468, 0.0 ], [ -64.2227, -31.0479, 0.0 ], [ -64.2233, -31.0508, 0.0 ], [ -64.2252, -31.0512, 0.0 ], [ -64.2259, -31.0504, 0.0 ], [ -64.2277, -31.05, 0.0 ], [ -64.2279, -31.0489, 0.0 ], [ -64.2297, -31.0484, 0.0 ], [ -64.2309, -31.0494, 0.0 ], [ -64.2325, -31.0504, 0.0 ], [ -64.2324, -31.0516, 0.0 ], [ -64.2338, -31.0528, 0.0 ], [ -64.238, -31.0534, 0.0 ], [ -64.2398, -31.0546, 0.0 ], [ -64.2401, -31.0557, 0.0 ], [ -64.2395, -31.0572, 0.0 ], [ -64.2387, -31.0576, 0.0 ], [ -64.238, -31.0589, 0.0 ], [ -64.2391, -31.06, 0.0 ], [ -64.2457, -31.0541, 0.0 ], [ -64.2473, -31.054, 0.0 ], [ -64.2504, -31.0561, 0.0 ], [ -64.2535, -31.054, 0.0 ], [ -64.2555, -31.054, 0.0 ], [ -64.256, -31.0556, 0.0 ], [ -64.2567, -31.0561, 0.0 ], [ -64.2621, -31.0565, 0.0 ], [ -64.2629, -31.0572, 0.0 ], [ -64.2644, -31.0577, 0.0 ], [ -64.266, -31.0597, 0.0 ], [ -64.2677, -31.0591, 0.0 ], [ -64.2695, -31.0597, 0.0 ], [ -64.2689, -31.0608, 0.0 ], [ -64.2943, -31.0798, 0.0 ], [ -64.3008, -31.0791, 0.0 ], [ -64.3092, -31.0747, 0.0 ] ] ] ] } },
{ "type": "Feature", "properties": { "circuito": "0031A", "codprov": "04", "coddepto": "003" }, "geometry": { "type": "MultiPolygon", "coordinates": [ [ [ [ -64.3378, -31.0619, 0.0 ], [ -64.3361, -31.0603, 0.0 ], [ -64.3344, -31.0606, 0.0 ], [ -64.3331, -31.0609, 0.0 ], [ -64.3317, -31.0606, 0.0 ], [ -64.331, -31.06, 0.0 ], [ -64.3297, -31.0594, 0.0 ], [ -64.3285, -31.0596, 0.0 ], [ -64.3273, -31.0597, 0.0 ], [ -64.3261, -31.0605, 0.0 ], [ -64.3248, -31.0603, 0.0 ], [ -64.3229, -31.0608, 0.0 ], [ -64.3211, -31.0606, 0.0 ], [ -64.321, -31.0614, 0.0 ], [ -64.3207, -31.0618, 0.0 ], [ -64.3202, -31.063, 0.0 ], [ -64.3194, -31.0645, 0.0 ], [ -64.3182, -31.0659, 0.0 ], [ -64.3165, -31.0669, 0.0 ], [ -64.314, -31.0684, 0.0 ], [ -64.3118, -31.07, 0.0 ], [ -64.3096, -31.073, 0.0 ], [ -64.3108, -31.0756, 0.0 ], [ -64.3008, -31.0791, 0.0 ], [ -64.2943, -31.0798, 0.0 ], [ -64.2689, -31.0608, 0.0 ], [ -64.2758, -31.0481, 0.0 ], [ -64.2748, -31.0458, 0.0 ], [ -64.277, -31.0444, 0.0 ], [ -64.281, -31.046, 0.0 ], [ -64.2851, -31.0464, 0.0 ], [ -64.2867, -31.0477, 0.0 ], [ -64.2881, -31.0474, 0.0 ], [ -64.2871, -31.0463, 0.0 ], [ -64.2873, -31.0449, 0.0 ], [ -64.2887, -31.0442, 0.0 ], [ -64.2896, -31.0448, 0.0 ], [ -64.2906, -31.0435, 0.0 ], [ -64.2919, -31.0435, 0.0 ], [ -64.2927, -31.0423, 0.0 ], [ -64.2939, -31.0423, 0.0 ], [ -64.2944, -31.0427, 0.0 ], [ -64.2949, -31.0405, 0.0 ], [ -64.296, -31.0413, 0.0 ], [ -64.2978, -31.0407, 0.0 ], [ -64.2984, -31.0385, 0.0 ], [ -64.2993, -31.037, 0.0 ], [ -64.3002, -31.0381, 0.0 ], [ -64.3002, -31.0389, 0.0 ], [ -64.3028, -31.0379, 0.0 ], [ -64.3052, -31.037, 0.0 ], [ -64.3071, -31.0377, 0.0 ], [ -64.3077, -31.0377, 0.0 ], [ -64.311, -31.0387, 0.0 ], [ -64.3115, -31.0399, 0.0 ], [ -64.3149, -31.0399, 0.0 ], [ -64.3176, -31.0413, 0.0 ], [ -64.3159, -31.0076, 0.0 ], [ -64.3887, -31.0076, 0.0 ], [ -64.3885, -30.9974, 0.0 ], [ -64.4166, -30.9974, 0.0 ], [ -64.4201, -31.0309, 0.0 ], [ -64.4211, -31.0405, 0.0 ], [ -64.422, -31.0532, 0.0 ], [ -64.4238, -31.0774, 0.0 ], [ -64.4232, -31.0772, 0.0 ], [ -64.4228, -31.0775, 0.0 ], [ -64.4211, -31.077, 0.0 ], [ -64.4201, -31.0764, 0.0 ], [ -64.4196, -31.0748, 0.0 ], [ -64.4171, -31.0743, 0.0 ], [ -64.4164, -31.0749, 0.0 ], [ -64.4151, -31.0751, 0.0 ], [ -64.4136, -31.0747, 0.0 ], [ -64.4095, -31.077, 0.0 ], [ -64.4079, -31.0769, 0.0 ], [ -64.4054, -31.0772, 0.0 ], [ -64.4037, -31.0765, 0.0 ], [ -64.4023, -31.077, 0.0 ], [ -64.4025, -31.0777, 0.0 ], [ -64.4018, -31.0776, 0.0 ], [ -64.4006, -31.0781, 0.0 ], [ -64.4003, -31.0774, 0.0 ], [ -64.3998, -31.0772, 0.0 ], [ -64.3991, -31.0778, 0.0 ], [ -64.3987, -31.077, 0.0 ], [ -64.3972, -31.0768, 0.0 ], [ -64.3967, -31.0756, 0.0 ], [ -64.3951, -31.0759, 0.0 ], [ -64.3942, -31.0763, 0.0 ], [ -64.3929, -31.0762, 0.0 ], [ -64.3921, -31.0765, 0.0 ], [ -64.3911, -31.077, 0.0 ], [ -64.3901, -31.0765, 0.0 ], [ -64.3894, -31.0768, 0.0 ], [ -64.3883, -31.076, 0.0 ], [ -64.3882, -31.0757, 0.0 ], [ -64.3891, -31.0744, 0.0 ], [ -64.389, -31.0733, 0.0 ], [ -64.388, -31.0732, 0.0 ], [ -64.3873, -31.0734, 0.0 ], [ -64.3869, -31.0742, 0.0 ], [ -64.3851, -31.0735, 0.0 ], [ -64.3842, -31.0725, 0.0 ], [ -64.3832, -31.0726, 0.0 ], [ -64.3824, -31.0729, 0.0 ], [ -64.3818, -31.0734, 0.0 ], [ -64.3813, -31.0726, 0.0 ], [ -64.3803, -31.0721, 0.0 ], [ -64.3795, -31.072, 0.0 ], [ -64.379, -31.0731, 0.0 ], [ -64.3784, -31.0734, 0.0 ], [ -64.3768, -31.0741, 0.0 ], [ -64.3729, -31.0736, 0.0 ], [ -64.3716, -31.0779, 0.0 ], [ -64.3717, -31.0785, 0.0 ], [ -64.3702, -31.0796, 0.0 ], [ -64.3687, -31.0785, 0.0 ], [ -64.3677, -31.0787, 0.0 ], [ -64.3667, -31.0795, 0.0 ], [ -64.3656, -31.0795, 0.0 ], [ -64.3646, -31.0795, 0.0 ], [ -64.3615, -31.0786, 0.0 ], [ -64.3603, -31.0785, 0.0 ], [ -64.36, -31.079, 0.0 ], [ -64.3591, -31.0793, 0.0 ], [ -64.3586, -31.0789, 0.0 ], [ -64.3579, -31.0788, 0.0 ], [ -64.3576, -31.079, 0.0 ], [ -64.3573, -31.0805, 0.0 ], [ -64.3566, -31.0803, 0.0 ], [ -64.3558, -31.0802, 0.0 ], [ -64.3532, -31.0801, 0.0 ], [ -64.3531, -31.0796, 0.0 ], [ -64.3528, -31.0791, 0.0 ], [ -64.3523, -31.0796, 0.0 ], [ -64.3499, -31.0798, 0.0 ], [ -64.349, -31.08, 0.0 ], [ -64.3485, -31.0818, 0.0 ], [ -64.3471, -31.0822, 0.0 ], [ -64.3458, -31.0824, 0.0 ], [ -64.3442, -31.082, 0.0 ], [ -64.3428, -31.0817, 0.0 ], [ -64.3447, -31.0804, 0.0 ], [ -64.344, -31.08, 0.0 ], [ -64.3432, -31.0797, 0.0 ], [ -64.3423, -31.0801, 0.0 ], [ -64.3426, -31.0784, 0.0 ], [ -64.3435, -31.0774, 0.0 ], [ -64.3444, -31.0762, 0.0 ], [ -64.3449, -31.0761, 0.0 ], [ -64.3453, -31.0761, 0.0 ], [ -64.3452, -31.0751, 0.0 ], [ -64.3458, -31.0738, 0.0 ], [ -64.3463, -31.0726, 0.0 ], [ -64.3462, -31.0707, 0.0 ], [ -64.3466, -31.0705, 0.0 ], [ -64.3467, -31.069, 0.0 ], [ -64.3463, -31.068, 0.0 ], [ -64.3471, -31.0655, 0.0 ], [ -64.3471, -31.0637, 0.0 ], [ -64.3465, -31.0623, 0.0 ], [ -64.3447, -31.061, 0.0 ], [ -64.3432, -31.0607, 0.0 ], [ -64.3414, -31.0615, 0.0 ], [ -64.3385, -31.0612, 0.0 ], [ -64.3378, -31.0619, 0.0 ] ] ] ] } },
{ "type": "Feature", "properties": { "circuito": "00029", "codprov": "04", "coddepto": "003" }, "geometry": { "type": "MultiPolygon", "coordinates": [ [ [ [ -64.1262, -31.0621, 0.0 ], [ -64.1055, -31.0617, 0.0 ], [ -64.0944, -31.0646, 0.0 ], [ -64.0937, -31.0767, 0.0 ], [ -64.0962, -31.0839, 0.0 ], [ -64.0926, -31.0878, 0.0 ], [ -64.0679, -31.0778, 0.0 ], [ -64.0343, -31.1036, 0.0 ], [ -64.0318, -31.1146, 0.0 ], [ -64.0078, -31.1154, 0.0 ], [ -63.98, -31.0907, 0.0 ], [ -64.0221, -31.0556, 0.0 ], [ -64.0096, -31.0446, 0.0 ], [ -63.9996, -31.0356, 0.0 ], [ -64.0143, -31.0235, 0.0 ], [ -64.0189, -31.0206, 0.0 ], [ -63.9943, -30.9909, 0.0 ], [ -64.0089, -30.9856, 0.0 ], [ -64.0139, -30.9859, 0.0 ], [ -64.0232, -30.9838, 0.0 ], [ -64.0361, -30.9852, 0.0 ], [ -64.0436, -30.9831, 0.0 ], [ -64.0608, -30.9823, 0.0 ], [ -64.0772, -30.9816, 0.0 ], [ -64.0831, -30.9863, 0.0 ], [ -64.0842, -30.9943, 0.0 ], [ -64.0933, -31.0007, 0.0 ], [ -64.1016, -30.9938, 0.0 ], [ -64.1119, -31.017, 0.0 ], [ -64.1173, -31.0292, 0.0 ], [ -64.1262, -31.0621, 0.0 ] ] ] ] } },
{ "type": "Feature", "properties": { "circuito": "0033A", "codprov": "04", "coddepto": "003" }, "geometry": { "type": "MultiPolygon", "coordinates": [ [ [ [ -63.9943, -30.9909, 0.0 ], [ -64.0189, -31.0206, 0.0 ], [ -64.0143, -31.0235, 0.0 ], [ -63.9991, -31.0225, 0.0 ], [ -63.9624, -31.0206, 0.0 ], [ -63.9696, -30.9981, 0.0 ], [ -63.9746, -30.997, 0.0 ], [ -63.9739, -30.9936, 0.0 ], [ -63.9943, -30.9909, 0.0 ] ] ] ] } },
{ "type": "Feature", "properties": { "circuito": "00039", "codprov": "04", "coddepto": "003" }, "geometry": { "type": "MultiPolygon", "coordinates": [ [ [ [ -64.0143, -31.0235, 0.0 ], [ -63.9996, -31.0356, 0.0 ], [ -64.0221, -31.0556, 0.0 ], [ -64.0066, -31.0686, 0.0 ], [ -63.98, -31.0907, 0.0 ], [ -63.9757, -31.0946, 0.0 ], [ -63.9574, -31.0946, 0.0 ], [ -63.9474, -31.1025, 0.0 ], [ -63.9224, -31.1214, 0.0 ], [ -63.9152, -31.1211, 0.0 ], [ -63.9149, -31.0982, 0.0 ], [ -63.9149, -31.0574, 0.0 ], [ -63.9149, -31.0453, 0.0 ], [ -63.9152, -31.0202, 0.0 ], [ -63.9401, -31.0206, 0.0 ], [ -63.9624, -31.0206, 0.0 ], [ -63.9857, -31.0216, 0.0 ], [ -64.0143, -31.0235, 0.0 ] ] ] ] } },
{ "type": "Feature", "properties": { "circuito": "0029A", "codprov": "04", "coddepto": "003" }, "geometry": { "type": "MultiPolygon", "coordinates": [ [ [ [ -63.9152, -31.0202, 0.0 ], [ -63.9149, -31.0628, 0.0 ], [ -63.9149, -31.0982, 0.0 ], [ -63.9152, -31.1211, 0.0 ], [ -63.9233, -31.1208, 0.0 ], [ -63.9235, -31.1236, 0.0 ], [ -63.9006, -31.1282, 0.0 ], [ -63.8788, -31.1275, 0.0 ], [ -63.878, -31.1182, 0.0 ], [ -63.8627, -31.1171, 0.0 ], [ -63.8484, -31.0989, 0.0 ], [ -63.8555, -31.0792, 0.0 ], [ -63.8398, -31.0839, 0.0 ], [ -63.8398, -31.0581, 0.0 ], [ -63.8394, -31.0338, 0.0 ], [ -63.897, -31.0331, 0.0 ], [ -63.897, -31.0195, 0.0 ], [ -63.9152, -31.0202, 0.0 ] ] ] ] } },
{ "type": "Feature", "properties": { "circuito": "00035", "codprov": "04", "coddepto": "003" }, "geometry": { "type": "MultiPolygon", "coordinates": [ [ [ [ -64.0733, -31.3751, 0.0 ], [ -64.0733, -31.3866, 0.0 ], [ -64.0663048, -31.3853544, 0.0 ], [ -64.0666, -31.3907, 0.0 ], [ -64.0733121, -31.4135605, 0.0 ], [ -64.0734, -31.4381, 0.0 ], [ -64.0567, -31.4368, 0.0 ], [ -64.0502, -31.4379, 0.0 ], [ -64.0416, -31.4433, 0.0 ], [ -64.0144, -31.4467, 0.0 ], [ -63.9952, -31.4552, 0.0 ], [ -63.9829, -31.4554, 0.0 ], [ -63.978, -31.4583, 0.0 ], [ -63.9691, -31.4514, 0.0 ], [ -63.9655, -31.4418, 0.0 ], [ -63.9572, -31.4411, 0.0 ], [ -63.9555, -31.3936, 0.0 ], [ -63.954, -31.3539, 0.0 ], [ -63.9833, -31.3632, 0.0 ], [ -64.0167, -31.3729, 0.0 ], [ -64.0381, -31.3782, 0.0 ], [ -64.0349, -31.3715, 0.0 ], [ -64.0331, -31.3675, 0.0 ], [ -64.0502, -31.3624, 0.0 ], [ -64.0727645, -31.3591945, 0.0 ], [ -64.0733, -31.3751, 0.0 ] ] ] ] } },
{ "type": "Feature", "properties": { "circuito": "00030", "codprov": "04", "coddepto": "003" }, "geometry": { "type": "MultiPolygon", "coordinates": [ [ [ [ -64.0722645, -31.3112666, 0.0 ], [ -64.0721585, -31.3249392, 0.0 ], [ -64.0554, -31.326, 0.0 ], [ -64.0533, -31.3268, 0.0 ], [ -64.0529, -31.3243, 0.0 ], [ -64.0499, -31.3251, 0.0 ], [ -64.0466, -31.3226, 0.0 ], [ -64.0432, -31.3251, 0.0 ], [ -64.0432, -31.3213, 0.0 ], [ -64.0306, -31.3268, 0.0 ], [ -64.031, -31.3213, 0.0 ], [ -64.0188, -31.3205, 0.0 ], [ -63.9884, -31.3209, 0.0 ], [ -63.9551, -31.3209, 0.0 ], [ -63.9555, -31.2973, 0.0 ], [ -63.956, -31.2712, 0.0 ], [ -63.921, -31.2708, 0.0 ], [ -63.8784, -31.2699, 0.0 ], [ -63.8776, -31.2548, 0.0 ], [ -63.8772, -31.2261, 0.0 ], [ -63.8776, -31.1928, 0.0 ], [ -63.8831, -31.1937, 0.0 ], [ -63.8839, -31.2055, 0.0 ], [ -63.9016, -31.2055, 0.0 ], [ -63.9029, -31.2033, 0.0 ], [ -63.91, -31.205, 0.0 ], [ -63.9105, -31.2029, 0.0 ], [ -63.9223, -31.2012, 0.0 ], [ -63.9223, -31.2063, 0.0 ], [ -63.9737, -31.2071, 0.0 ], [ -64.0799, -31.2063, 0.0 ], [ -64.1148, -31.2067, 0.0 ], [ -64.1148, -31.2025, 0.0 ], [ -64.1414, -31.2033, 0.0 ], [ -64.1536, -31.2556, 0.0 ], [ -64.157, -31.2661, 0.0 ], [ -64.1616, -31.3083, 0.0 ], [ -64.0722645, -31.3112666, 0.0 ] ] ] ] } },
{ "type": "Feature", "properties": { "circuito": "0035A", "codprov": "04", "coddepto": "003" }, "geometry": { "type": "MultiPolygon", "coordinates": [ [ [ [ -63.9569883, -31.3209, 0.0 ], [ -63.9884, -31.3209, 0.0 ], [ -64.0175, -31.3205, 0.0 ], [ -64.031, -31.3213, 0.0 ], [ -64.0306, -31.3268, 0.0 ], [ -64.0432, -31.3213, 0.0 ], [ -64.0439, -31.3246, 0.0 ], [ -64.0466, -31.3226, 0.0 ], [ -64.0499, -31.3251, 0.0 ], [ -64.0529, -31.3243, 0.0 ], [ -64.0533, -31.3268, 0.0 ], [ -64.0725791, -31.3250534, 0.0 ], [ -64.0729303, -31.3410254, 0.0 ], [ -64.0727645, -31.3591945, 0.0 ], [ -64.0572283, -31.3613589, 0.0 ], [ -64.0381, -31.366, 0.0 ], [ -64.0365, -31.3678, 0.0 ], [ -64.0331, -31.3675, 0.0 ], [ -64.0381, -31.3782, 0.0 ], [ -64.0242, -31.375, 0.0 ], [ -64.0035, -31.3693, 0.0 ], [ -63.97, -31.359, 0.0 ], [ -63.9574, -31.354, 0.0 ], [ -63.9569883, -31.3209, 0.0 ] ] ] ] } },
{ "type": "Feature", "properties": { "circuito": "00036", "codprov": "04", "coddepto": "003" }, "geometry": { "type": "MultiPolygon", "coordinates": [ [ [ [ -64.1115, -31.0617, 0.0 ], [ -64.1174, -31.0915, 0.0 ], [ -64.1301, -31.1256, 0.0 ], [ -64.1328, -31.1443, 0.0 ], [ -64.136, -31.1725, 0.0 ], [ -64.1414, -31.2033, 0.0 ], [ -64.121, -31.2027, 0.0 ], [ -64.1148, -31.2025, 0.0 ], [ -64.1148, -31.2067, 0.0 ], [ -64.0992, -31.2065, 0.0 ], [ -64.0664, -31.2064, 0.0 ], [ -63.9737, -31.2071, 0.0 ], [ -63.9223, -31.2063, 0.0 ], [ -63.9223, -31.2012, 0.0 ], [ -63.9105, -31.2029, 0.0 ], [ -63.91, -31.205, 0.0 ], [ -63.9029, -31.2033, 0.0 ], [ -63.9016, -31.2055, 0.0 ], [ -63.8839, -31.2055, 0.0 ], [ -63.8831, -31.1937, 0.0 ], [ -63.8776, -31.1928, 0.0 ], [ -63.878, -31.152, 0.0 ], [ -63.8788, -31.1275, 0.0 ], [ -63.9006, -31.1282, 0.0 ], [ -63.9235, -31.1236, 0.0 ], [ -63.9681, -31.1197, 0.0 ], [ -63.9767, -31.1165, 0.0 ], [ -64.0069, -31.1145, 0.0 ], [ -64.0318, -31.1146, 0.0 ], [ -64.0343, -31.1036, 0.0 ], [ -64.0521, -31.09, 0.0 ], [ -64.0679, -31.0778, 0.0 ], [ -64.0819, -31.0835, 0.0 ], [ -64.0926, -31.0878, 0.0 ], [ -64.0962, -31.0839, 0.0 ], [ -64.0937, -31.0767, 0.0 ], [ -64.0944, -31.0646, 0.0 ], [ -64.1055, -31.0617, 0.0 ], [ -64.1115, -31.0617, 0.0 ] ] ] ] } },
{ "type": "Feature", "properties": { "circuito": "00038", "codprov": "04", "coddepto": "003" }, "geometry": { "type": "MultiPolygon", "coordinates": [ [ [ [ -64.4245, -31.0928, 0.0 ], [ -64.425, -31.0938, 0.0 ], [ -64.4245856, -31.0938093, 0.0 ], [ -64.4245, -31.0928, 0.0 ] ] ], [ [ [ -64.4245856, -31.0938093, 0.0 ], [ -64.4286, -31.1411, 0.0 ], [ -64.2927, -31.1434, 0.0 ], [ -64.2899, -31.1476, 0.0 ], [ -64.2834, -31.1464, 0.0 ], [ -64.2841, -31.1437, 0.0 ], [ -64.1778, -31.1447, 0.0 ], [ -64.1823, -31.1352, 0.0 ], [ -64.1855, -31.1288, 0.0 ], [ -64.1919, -31.1261, 0.0 ], [ -64.1923, -31.1215, 0.0 ], [ -64.1872, -31.1082, 0.0 ], [ -64.1923, -31.1075, 0.0 ], [ -64.1922, -31.1092, 0.0 ], [ -64.2034, -31.1091, 0.0 ], [ -64.2094, -31.1091, 0.0 ], [ -64.2097, -31.1098, 0.0 ], [ -64.2322, -31.1083, 0.0 ], [ -64.2545, -31.1068, 0.0 ], [ -64.2565, -31.1044, 0.0 ], [ -64.2585, -31.1035, 0.0 ], [ -64.2616, -31.1034, 0.0 ], [ -64.2614, -31.102, 0.0 ], [ -64.2678, -31.1, 0.0 ], [ -64.2707, -31.1014, 0.0 ], [ -64.2732, -31.1014, 0.0 ], [ -64.2741, -31.1014, 0.0 ], [ -64.2746, -31.102, 0.0 ], [ -64.2763, -31.1013, 0.0 ], [ -64.277, -31.0989, 0.0 ], [ -64.281, -31.0975, 0.0 ], [ -64.2827, -31.0988, 0.0 ], [ -64.2861, -31.0973, 0.0 ], [ -64.2907, -31.0964, 0.0 ], [ -64.2911, -31.0986, 0.0 ], [ -64.2911, -31.1, 0.0 ], [ -64.2919, -31.1019, 0.0 ], [ -64.2921, -31.1047, 0.0 ], [ -64.2941, -31.1044, 0.0 ], [ -64.2974, -31.1031, 0.0 ], [ -64.299, -31.1035, 0.0 ], [ -64.3003, -31.1029, 0.0 ], [ -64.3027, -31.1004, 0.0 ], [ -64.3052, -31.0986, 0.0 ], [ -64.3082, -31.0978, 0.0 ], [ -64.3095, -31.0952, 0.0 ], [ -64.329, -31.0949, 0.0 ], [ -64.3754, -31.0949, 0.0 ], [ -64.4245856, -31.0938093, 0.0 ] ] ] ] } },
{ "type": "Feature", "properties": { "circuito": "00037", "codprov": "04", "coddepto": "003" }, "geometry": { "type": "MultiPolygon", "coordinates": [ [ [ [ -64.4317, -31.1727, 0.0 ], [ -64.4316, -31.1727, 0.0 ], [ -64.4341, -31.193, 0.0 ], [ -64.3877, -31.193, 0.0 ], [ -64.387, -31.1939, 0.0 ], [ -64.3847, -31.1934, 0.0 ], [ -64.3804, -31.1909, 0.0 ], [ -64.3791, -31.1925, 0.0 ], [ -64.3791, -31.1914, 0.0 ], [ -64.3775, -31.1923, 0.0 ], [ -64.3759, -31.1916, 0.0 ], [ -64.3738, -31.1918, 0.0 ], [ -64.3716, -31.1939, 0.0 ], [ -64.3697, -31.1932, 0.0 ], [ -64.3677, -31.1952, 0.0 ], [ -64.3659, -31.1943, 0.0 ], [ -64.365, -31.1957, 0.0 ], [ -64.3593, -31.1957, 0.0 ], [ -64.3577, -31.1991, 0.0 ], [ -64.354, -31.2014, 0.0 ], [ -64.3506, -31.2012, 0.0 ], [ -64.3497, -31.2023, 0.0 ], [ -64.349, -31.2037, 0.0 ], [ -64.347, -31.2043, 0.0 ], [ -64.3465, -31.2053, 0.0 ], [ -64.3454, -31.2073, 0.0 ], [ -64.3474, -31.2123, 0.0 ], [ -64.3467, -31.2137, 0.0 ], [ -64.3445, -31.2141, 0.0 ], [ -64.3415, -31.2148, 0.0 ], [ -64.3406, -31.2162, 0.0 ], [ -64.3374, -31.2162, 0.0 ], [ -64.3356, -31.2173, 0.0 ], [ -64.3354, -31.2198, 0.0 ], [ -64.3317, -31.2185, 0.0 ], [ -64.3304, -31.2196, 0.0 ], [ -64.3265, -31.2216, 0.0 ], [ -64.3229, -31.223, 0.0 ], [ -64.3222, -31.2241, 0.0 ], [ -64.3197, -31.2235, 0.0 ], [ -64.3158, -31.2155, 0.0 ], [ -64.3138, -31.2141, 0.0 ], [ -64.3051, -31.2169, 0.0 ], [ -64.3008, -31.218, 0.0 ], [ -64.2812, -31.2187, 0.0 ], [ -64.2751, -31.2169, 0.0 ], [ -64.2208, -31.2214, 0.0 ], [ -64.2252, -31.2204, 0.0 ], [ -64.2275, -31.2194, 0.0 ], [ -64.2284, -31.2172, 0.0 ], [ -64.2305, -31.215, 0.0 ], [ -64.2347, -31.2095, 0.0 ], [ -64.2351, -31.2079, 0.0 ], [ -64.2346, -31.2054, 0.0 ], [ -64.2349, -31.2029, 0.0 ], [ -64.2358, -31.2008, 0.0 ], [ -64.2372, -31.1996, 0.0 ], [ -64.2389, -31.1993, 0.0 ], [ -64.2399, -31.1946, 0.0 ], [ -64.2396, -31.193, 0.0 ], [ -64.239, -31.1886, 0.0 ], [ -64.239, -31.1865, 0.0 ], [ -64.2399, -31.1855, 0.0 ], [ -64.239, -31.1834, 0.0 ], [ -64.24, -31.1823, 0.0 ], [ -64.24, -31.181, 0.0 ], [ -64.2408, -31.1797, 0.0 ], [ -64.2405, -31.1787, 0.0 ], [ -64.2428, -31.1774, 0.0 ], [ -64.2428, -31.1744, 0.0 ], [ -64.2444, -31.1744, 0.0 ], [ -64.2469, -31.1728, 0.0 ], [ -64.2519, -31.1744, 0.0 ], [ -64.256, -31.1728, 0.0 ], [ -64.259, -31.1745, 0.0 ], [ -64.2599, -31.1745, 0.0 ], [ -64.2598, -31.1739, 0.0 ], [ -64.2598, -31.1719, 0.0 ], [ -64.2611, -31.1715, 0.0 ], [ -64.2619, -31.1701, 0.0 ], [ -64.2628, -31.1694, 0.0 ], [ -64.2656, -31.1695, 0.0 ], [ -64.2685, -31.1692, 0.0 ], [ -64.2705, -31.1679, 0.0 ], [ -64.2724, -31.1657, 0.0 ], [ -64.2741, -31.164, 0.0 ], [ -64.2755, -31.164, 0.0 ], [ -64.2767, -31.1632, 0.0 ], [ -64.279, -31.1616, 0.0 ], [ -64.2812, -31.1589, 0.0 ], [ -64.2834, -31.158, 0.0 ], [ -64.2842, -31.1581, 0.0 ], [ -64.2852, -31.1595, 0.0 ], [ -64.2865, -31.1592, 0.0 ], [ -64.2874, -31.1586, 0.0 ], [ -64.2881, -31.1574, 0.0 ], [ -64.2875, -31.1564, 0.0 ], [ -64.2879, -31.1556, 0.0 ], [ -64.2878, -31.1542, 0.0 ], [ -64.289, -31.1538, 0.0 ], [ -64.2889, -31.1514, 0.0 ], [ -64.2899, -31.1509, 0.0 ], [ -64.2892, -31.1485, 0.0 ], [ -64.2899, -31.1476, 0.0 ], [ -64.2911, -31.1447, 0.0 ], [ -64.2921, -31.1442, 0.0 ], [ -64.292, -31.1429, 0.0 ], [ -64.2975, -31.1429, 0.0 ], [ -64.3357, -31.1426, 0.0 ], [ -64.3901, -31.1418, 0.0 ], [ -64.4286, -31.1411, 0.0 ], [ -64.4317, -31.1727, 0.0 ] ] ] ] } },
{ "type": "Feature", "properties": { "circuito": "00040", "codprov": "04", "coddepto": "003" }, "geometry": { "type": "MultiPolygon", "coordinates": [ [ [ [ -64.4341, -31.193, 0.0 ], [ -64.4356, -31.203, 0.0 ], [ -64.4347, -31.2207, 0.0 ], [ -64.4113, -31.2225, 0.0 ], [ -64.4058, -31.2251, 0.0 ], [ -64.3944, -31.2273, 0.0 ], [ -64.3708, -31.2337, 0.0 ], [ -64.3544, -31.2353, 0.0 ], [ -64.3373, -31.2371, 0.0 ], [ -64.3157, -31.2471, 0.0 ], [ -64.2938, -31.2599, 0.0 ], [ -64.2904, -31.2574, 0.0 ], [ -64.2875, -31.2583, 0.0 ], [ -64.2856, -31.2576, 0.0 ], [ -64.2788, -31.2565, 0.0 ], [ -64.2684, -31.2549, 0.0 ], [ -64.2486, -31.2517, 0.0 ], [ -64.2524, -31.2438, 0.0 ], [ -64.2547, -31.2389, 0.0 ], [ -64.2577, -31.2367, 0.0 ], [ -64.2608, -31.2291, 0.0 ], [ -64.2745, -31.2203, 0.0 ], [ -64.2751, -31.2169, 0.0 ], [ -64.2818, -31.2191, 0.0 ], [ -64.3012, -31.2179, 0.0 ], [ -64.3138, -31.2141, 0.0 ], [ -64.3158, -31.2155, 0.0 ], [ -64.3197, -31.2235, 0.0 ], [ -64.3222, -31.2241, 0.0 ], [ -64.3229, -31.223, 0.0 ], [ -64.3304, -31.2196, 0.0 ], [ -64.3317, -31.2185, 0.0 ], [ -64.3354, -31.2198, 0.0 ], [ -64.3356, -31.2173, 0.0 ], [ -64.3374, -31.2162, 0.0 ], [ -64.3406, -31.2162, 0.0 ], [ -64.3415, -31.2148, 0.0 ], [ -64.3467, -31.2137, 0.0 ], [ -64.3474, -31.2123, 0.0 ], [ -64.3454, -31.2073, 0.0 ], [ -64.347, -31.2043, 0.0 ], [ -64.349, -31.2037, 0.0 ], [ -64.3506, -31.2012, 0.0 ], [ -64.354, -31.2014, 0.0 ], [ -64.3577, -31.1991, 0.0 ], [ -64.3593, -31.1957, 0.0 ], [ -64.365, -31.1957, 0.0 ], [ -64.3659, -31.1943, 0.0 ], [ -64.3677, -31.1952, 0.0 ], [ -64.3697, -31.1932, 0.0 ], [ -64.3716, -31.1939, 0.0 ], [ -64.3738, -31.1918, 0.0 ], [ -64.3759, -31.1916, 0.0 ], [ -64.3775, -31.1923, 0.0 ], [ -64.3791, -31.1914, 0.0 ], [ -64.3791, -31.1925, 0.0 ], [ -64.3804, -31.1909, 0.0 ], [ -64.3847, -31.1934, 0.0 ], [ -64.387, -31.1939, 0.0 ], [ -64.3877, -31.193, 0.0 ], [ -64.4191, -31.193, 0.0 ], [ -64.4341, -31.193, 0.0 ] ] ] ] } },
{ "type": "Feature", "properties": { "circuito": "0040A", "codprov": "04", "coddepto": "003" }, "geometry": { "type": "MultiPolygon", "coordinates": [ [ [ [ -64.4280667, -31.2269778, 0.0 ], [ -64.427, -31.2276, 0.0 ], [ -64.4254, -31.2279, 0.0 ], [ -64.424, -31.2261, 0.0 ], [ -64.4243, -31.2282, 0.0 ], [ -64.4228, -31.2281, 0.0 ], [ -64.4221, -31.2285, 0.0 ], [ -64.4209, -31.2276, 0.0 ], [ -64.4193, -31.2283, 0.0 ], [ -64.4207, -31.2292, 0.0 ], [ -64.4203, -31.2304, 0.0 ], [ -64.419, -31.2304, 0.0 ], [ -64.4175, -31.2304, 0.0 ], [ -64.4168, -31.2292, 0.0 ], [ -64.4159, -31.23, 0.0 ], [ -64.4169, -31.231, 0.0 ], [ -64.4166, -31.2317, 0.0 ], [ -64.4166, -31.2333, 0.0 ], [ -64.4128, -31.2329, 0.0 ], [ -64.4116, -31.232, 0.0 ], [ -64.4109, -31.231, 0.0 ], [ -64.4107, -31.2298, 0.0 ], [ -64.41, -31.2307, 0.0 ], [ -64.4091, -31.2301, 0.0 ], [ -64.4082, -31.2308, 0.0 ], [ -64.4065, -31.2308, 0.0 ], [ -64.4053, -31.2319, 0.0 ], [ -64.4027, -31.2329, 0.0 ], [ -64.4015, -31.2345, 0.0 ], [ -64.3985, -31.2348, 0.0 ], [ -64.398, -31.2354, 0.0 ], [ -64.3966, -31.236, 0.0 ], [ -64.3944, -31.2355, 0.0 ], [ -64.3906, -31.2372, 0.0 ], [ -64.3881, -31.2383, 0.0 ], [ -64.3827, -31.2382, 0.0 ], [ -64.3816, -31.2397, 0.0 ], [ -64.3825, -31.2401, 0.0 ], [ -64.3831, -31.2414, 0.0 ], [ -64.3822, -31.2423, 0.0 ], [ -64.3755, -31.2442, 0.0 ], [ -64.3747, -31.2432, 0.0 ], [ -64.3739, -31.243, 0.0 ], [ -64.3733, -31.2439, 0.0 ], [ -64.3724, -31.2433, 0.0 ], [ -64.3727, -31.2426, 0.0 ], [ -64.3715, -31.2423, 0.0 ], [ -64.372, -31.2411, 0.0 ], [ -64.3709, -31.2405, 0.0 ], [ -64.3697, -31.2411, 0.0 ], [ -64.3687, -31.2411, 0.0 ], [ -64.3681, -31.2407, 0.0 ], [ -64.3658, -31.2408, 0.0 ], [ -64.364, -31.2423, 0.0 ], [ -64.3628, -31.2438, 0.0 ], [ -64.3583, -31.2451, 0.0 ], [ -64.3562, -31.2469, 0.0 ], [ -64.3551, -31.2463, 0.0 ], [ -64.3534, -31.2463, 0.0 ], [ -64.3505, -31.2502, 0.0 ], [ -64.3499, -31.2505, 0.0 ], [ -64.3474, -31.2538, 0.0 ], [ -64.3471, -31.2557, 0.0 ], [ -64.3467, -31.2577, 0.0 ], [ -64.3471, -31.2596, 0.0 ], [ -64.3467, -31.2601, 0.0 ], [ -64.3455, -31.2604, 0.0 ], [ -64.3455, -31.2611, 0.0 ], [ -64.3449, -31.263, 0.0 ], [ -64.3423, -31.2641, 0.0 ], [ -64.3394, -31.2658, 0.0 ], [ -64.3371, -31.2649, 0.0 ], [ -64.3344, -31.2658, 0.0 ], [ -64.3306, -31.2658, 0.0 ], [ -64.33, -31.267, 0.0 ], [ -64.3282, -31.2679, 0.0 ], [ -64.3256, -31.272, 0.0 ], [ -64.3209, -31.2743, 0.0 ], [ -64.3209, -31.2779, 0.0 ], [ -64.3197, -31.2814, 0.0 ], [ -64.3156, -31.2834, 0.0 ], [ -64.313, -31.2829, 0.0 ], [ -64.3115, -31.2834, 0.0 ], [ -64.3091, -31.2858, 0.0 ], [ -64.3071, -31.2849, 0.0 ], [ -64.3056, -31.2805, 0.0 ], [ -64.3065, -31.2784, 0.0 ], [ -64.2909, -31.2711, 0.0 ], [ -64.2886, -31.2735, 0.0 ], [ -64.2883, -31.2711, 0.0 ], [ -64.2921, -31.2611, 0.0 ], [ -64.2959, -31.2587, 0.0 ], [ -64.2986, -31.2571, 0.0 ], [ -64.3004, -31.2561, 0.0 ], [ -64.3157, -31.2471, 0.0 ], [ -64.3206, -31.2449, 0.0 ], [ -64.3373, -31.2371, 0.0 ], [ -64.3708, -31.2337, 0.0 ], [ -64.3784, -31.2316, 0.0 ], [ -64.3926, -31.2278, 0.0 ], [ -64.405, -31.2252, 0.0 ], [ -64.4113, -31.2225, 0.0 ], [ -64.4347, -31.2207, 0.0 ], [ -64.4341, -31.2208, 0.0 ], [ -64.434, -31.2289, 0.0 ], [ -64.4334, -31.2283, 0.0 ], [ -64.4312, -31.2276, 0.0 ], [ -64.4298, -31.2275, 0.0 ], [ -64.4293, -31.2283, 0.0 ], [ -64.4284, -31.2283, 0.0 ], [ -64.4272, -31.2289, 0.0 ], [ -64.4272, -31.2283, 0.0 ], [ -64.4281, -31.227, 0.0 ], [ -64.4280667, -31.2269778, 0.0 ] ], [ [ -64.4272, -31.2264, 0.0 ], [ -64.4282, -31.2269, 0.0 ], [ -64.4280667, -31.2269778, 0.0 ], [ -64.4272, -31.2264, 0.0 ] ] ] ] } },
{ "type": "Feature", "properties": { "circuito": "00041", "codprov": "04", "coddepto": "003" }, "geometry": { "type": "MultiPolygon", "coordinates": [ [ [ [ -64.2881, -31.3078, 0.0 ], [ -64.2641, -31.308, 0.0 ], [ -64.2341, -31.3086, 0.0 ], [ -64.2204, -31.3086, 0.0 ], [ -64.2213, -31.3068, 0.0 ], [ -64.2223, -31.3049, 0.0 ], [ -64.2305, -31.2889, 0.0 ], [ -64.241, -31.268, 0.0 ], [ -64.2486, -31.2517, 0.0 ], [ -64.2629, -31.254, 0.0 ], [ -64.2827, -31.2571, 0.0 ], [ -64.2856, -31.2576, 0.0 ], [ -64.2875, -31.2583, 0.0 ], [ -64.2904, -31.2574, 0.0 ], [ -64.2938, -31.2599, 0.0 ], [ -64.2921, -31.2611, 0.0 ], [ -64.2883, -31.2711, 0.0 ], [ -64.2886, -31.2735, 0.0 ], [ -64.2909, -31.2711, 0.0 ], [ -64.2972, -31.274, 0.0 ], [ -64.3029, -31.2768, 0.0 ], [ -64.3065, -31.2784, 0.0 ], [ -64.3056, -31.2805, 0.0 ], [ -64.3069, -31.2844, 0.0 ], [ -64.3091, -31.2858, 0.0 ], [ -64.3138, -31.2848, 0.0 ], [ -64.3103, -31.2876, 0.0 ], [ -64.309, -31.288, 0.0 ], [ -64.3068, -31.2898, 0.0 ], [ -64.3046, -31.2905, 0.0 ], [ -64.3003, -31.2948, 0.0 ], [ -64.3006, -31.2968, 0.0 ], [ -64.3019, -31.2998, 0.0 ], [ -64.3043, -31.3018, 0.0 ], [ -64.3059, -31.3043, 0.0 ], [ -64.3075, -31.3046, 0.0 ], [ -64.3078, -31.3061, 0.0 ], [ -64.3083, -31.3076, 0.0 ], [ -64.2985, -31.3077, 0.0 ], [ -64.2914, -31.3077, 0.0 ], [ -64.2881, -31.3078, 0.0 ] ] ] ] } },
{ "type": "Feature", "properties": { "circuito": "00028", "codprov": "04", "coddepto": "003" }, "geometry": { "type": "MultiPolygon", "coordinates": [ [ [ [ -64.4334, -31.2283, 0.0 ], [ -64.434, -31.2289, 0.0 ], [ -64.4333752, -31.2286918, 0.0 ], [ -64.4334, -31.2283, 0.0 ] ] ], [ [ [ -64.3091, -31.2858, 0.0 ], [ -64.313, -31.2829, 0.0 ], [ -64.3156, -31.2834, 0.0 ], [ -64.3091, -31.2858, 0.0 ] ] ], [ [ [ -64.4333752, -31.2286918, 0.0 ], [ -64.4317, -31.2552, 0.0 ], [ -64.4326, -31.2958, 0.0 ], [ -64.4328, -31.3075, 0.0 ], [ -64.4355, -31.3337, 0.0 ], [ -64.4425, -31.3663, 0.0 ], [ -64.4437, -31.3692, 0.0 ], [ -64.4523, -31.3913, 0.0 ], [ -64.4473, -31.3848, 0.0 ], [ -64.4337, -31.3728, 0.0 ], [ -64.4277, -31.3625, 0.0 ], [ -64.4114, -31.3543, 0.0 ], [ -64.3989, -31.3522, 0.0 ], [ -64.3918, -31.35, 0.0 ], [ -64.3869, -31.3543, 0.0 ], [ -64.3862, -31.3564, 0.0 ], [ -64.3848, -31.3668, 0.0 ], [ -64.3853, -31.3728, 0.0 ], [ -64.3776, -31.366, 0.0 ], [ -64.3726, -31.3687, 0.0 ], [ -64.3488, -31.3684, 0.0 ], [ -64.3485, -31.3613, 0.0 ], [ -64.3485, -31.3554, 0.0 ], [ -64.3447, -31.3554, 0.0 ], [ -64.3441, -31.3501, 0.0 ], [ -64.3412, -31.3493, 0.0 ], [ -64.3395, -31.3484, 0.0 ], [ -64.3417, -31.3465, 0.0 ], [ -64.343, -31.3477, 0.0 ], [ -64.3442, -31.3463, 0.0 ], [ -64.3414, -31.3437, 0.0 ], [ -64.3454, -31.3391, 0.0 ], [ -64.3442, -31.3372, 0.0 ], [ -64.3383, -31.3418, 0.0 ], [ -64.3362, -31.3396, 0.0 ], [ -64.3354, -31.3397, 0.0 ], [ -64.3351, -31.3374, 0.0 ], [ -64.334, -31.3369, 0.0 ], [ -64.3332, -31.3334, 0.0 ], [ -64.334, -31.3327, 0.0 ], [ -64.3323, -31.3291, 0.0 ], [ -64.3323, -31.3228, 0.0 ], [ -64.3305, -31.3199, 0.0 ], [ -64.3258, -31.3178, 0.0 ], [ -64.3223, -31.3175, 0.0 ], [ -64.3193, -31.3182, 0.0 ], [ -64.3183, -31.3172, 0.0 ], [ -64.3188, -31.3069, 0.0 ], [ -64.3152, -31.3081, 0.0 ], [ -64.3123, -31.3061, 0.0 ], [ -64.312, -31.3025, 0.0 ], [ -64.3126, -31.3005, 0.0 ], [ -64.3155, -31.2978, 0.0 ], [ -64.3152, -31.292, 0.0 ], [ -64.3154, -31.2861, 0.0 ], [ -64.3156, -31.2834, 0.0 ], [ -64.3197, -31.2814, 0.0 ], [ -64.3209, -31.2779, 0.0 ], [ -64.3209, -31.2743, 0.0 ], [ -64.3256, -31.272, 0.0 ], [ -64.3282, -31.2679, 0.0 ], [ -64.33, -31.267, 0.0 ], [ -64.3306, -31.2658, 0.0 ], [ -64.3344, -31.2658, 0.0 ], [ -64.3371, -31.2649, 0.0 ], [ -64.3394, -31.2658, 0.0 ], [ -64.3449, -31.263, 0.0 ], [ -64.3455, -31.2604, 0.0 ], [ -64.3471, -31.2596, 0.0 ], [ -64.3467, -31.2577, 0.0 ], [ -64.3471, -31.2557, 0.0 ], [ -64.3474, -31.2538, 0.0 ], [ -64.3499, -31.2505, 0.0 ], [ -64.3531, -31.2467, 0.0 ], [ -64.3562, -31.2469, 0.0 ], [ -64.3583, -31.2451, 0.0 ], [ -64.3628, -31.2438, 0.0 ], [ -64.3658, -31.2408, 0.0 ], [ -64.3681, -31.2407, 0.0 ], [ -64.3687, -31.2411, 0.0 ], [ -64.3709, -31.2405, 0.0 ], [ -64.372, -31.2411, 0.0 ], [ -64.3715, -31.2423, 0.0 ], [ -64.3727, -31.2426, 0.0 ], [ -64.3724, -31.2433, 0.0 ], [ -64.3733, -31.2439, 0.0 ], [ -64.3739, -31.243, 0.0 ], [ -64.3747, -31.2432, 0.0 ], [ -64.3755, -31.2442, 0.0 ], [ -64.3822, -31.2423, 0.0 ], [ -64.3831, -31.2414, 0.0 ], [ -64.3825, -31.2401, 0.0 ], [ -64.3816, -31.2397, 0.0 ], [ -64.3827, -31.2382, 0.0 ], [ -64.3881, -31.2383, 0.0 ], [ -64.3944, -31.2355, 0.0 ], [ -64.3966, -31.236, 0.0 ], [ -64.398, -31.2354, 0.0 ], [ -64.3983, -31.2351, 0.0 ], [ -64.4015, -31.2345, 0.0 ], [ -64.4027, -31.2329, 0.0 ], [ -64.4053, -31.2319, 0.0 ], [ -64.4065, -31.2308, 0.0 ], [ -64.4082, -31.2308, 0.0 ], [ -64.4091, -31.2301, 0.0 ], [ -64.41, -31.2307, 0.0 ], [ -64.4107, -31.2298, 0.0 ], [ -64.4113, -31.2315, 0.0 ], [ -64.4128, -31.2329, 0.0 ], [ -64.4166, -31.2333, 0.0 ], [ -64.4166, -31.2325, 0.0 ], [ -64.4169, -31.231, 0.0 ], [ -64.4159, -31.23, 0.0 ], [ -64.4168, -31.2292, 0.0 ], [ -64.4175, -31.2304, 0.0 ], [ -64.4203, -31.2304, 0.0 ], [ -64.4207, -31.2292, 0.0 ], [ -64.4193, -31.2283, 0.0 ], [ -64.4212, -31.2279, 0.0 ], [ -64.4221, -31.2285, 0.0 ], [ -64.4228, -31.2281, 0.0 ], [ -64.4243, -31.2282, 0.0 ], [ -64.4241, -31.2268, 0.0 ], [ -64.4259, -31.2278, 0.0 ], [ -64.4272, -31.2283, 0.0 ], [ -64.4272, -31.2289, 0.0 ], [ -64.4284, -31.2283, 0.0 ], [ -64.4293, -31.2283, 0.0 ], [ -64.4298, -31.2275, 0.0 ], [ -64.4333752, -31.2286918, 0.0 ] ] ] ] } },
{ "type": "Feature", "properties": { "circuito": "0028A", "codprov": "04", "coddepto": "003" }, "geometry": { "type": "MultiPolygon", "coordinates": [ [ [ [ -64.3175531, -31.3745482, 0.0 ], [ -64.3153, -31.3755, 0.0 ], [ -64.3175486, -31.3743382, 0.0 ], [ -64.3175531, -31.3745482, 0.0 ] ] ], [ [ [ -64.3175486, -31.3743382, 0.0 ], [ -64.3173, -31.3628, 0.0 ], [ -64.32, -31.3373, 0.0 ], [ -64.320168, -31.319236, 0.0 ], [ -64.3223, -31.3175, 0.0 ], [ -64.3258, -31.3178, 0.0 ], [ -64.3305, -31.3199, 0.0 ], [ -64.3323, -31.3228, 0.0 ], [ -64.3323, -31.3291, 0.0 ], [ -64.334, -31.3327, 0.0 ], [ -64.3332, -31.3334, 0.0 ], [ -64.334, -31.3369, 0.0 ], [ -64.3351, -31.3374, 0.0 ], [ -64.3354, -31.3397, 0.0 ], [ -64.3362, -31.3396, 0.0 ], [ -64.3383, -31.3418, 0.0 ], [ -64.3442, -31.3372, 0.0 ], [ -64.3454, -31.3391, 0.0 ], [ -64.3414, -31.3437, 0.0 ], [ -64.3442, -31.3463, 0.0 ], [ -64.343, -31.3477, 0.0 ], [ -64.3417, -31.3465, 0.0 ], [ -64.3401, -31.3487, 0.0 ], [ -64.3441, -31.3501, 0.0 ], [ -64.3447, -31.3554, 0.0 ], [ -64.3485, -31.3554, 0.0 ], [ -64.3488, -31.3684, 0.0 ], [ -64.3302, -31.3678, 0.0 ], [ -64.3175486, -31.3743382, 0.0 ] ] ] ] } },
{ "type": "Feature", "properties": { "circuito": "0041A", "codprov": "04", "coddepto": "003" }, "geometry": { "type": "MultiPolygon", "coordinates": [ [ [ [ -64.3081283, -31.3070867, 0.0 ], [ -64.3075, -31.3046, 0.0 ], [ -64.3059, -31.3043, 0.0 ], [ -64.3043, -31.3018, 0.0 ], [ -64.3021, -31.2999, 0.0 ], [ -64.3006, -31.2968, 0.0 ], [ -64.3003, -31.2948, 0.0 ], [ -64.3046, -31.2905, 0.0 ], [ -64.3068, -31.2898, 0.0 ], [ -64.309, -31.288, 0.0 ], [ -64.3103, -31.2876, 0.0 ], [ -64.3118, -31.2864, 0.0 ], [ -64.3138, -31.2848, 0.0 ], [ -64.3154, -31.2839, 0.0 ], [ -64.3152, -31.2894, 0.0 ], [ -64.3155, -31.2978, 0.0 ], [ -64.3126, -31.3005, 0.0 ], [ -64.312, -31.3025, 0.0 ], [ -64.3123, -31.3061, 0.0 ], [ -64.3138, -31.307, 0.0 ], [ -64.3107518, -31.3072769, 0.0 ], [ -64.3108, -31.3075, 0.0 ], [ -64.3081283, -31.3070867, 0.0 ] ] ] ] } },
{ "type": "Feature", "properties": { "circuito": "00032", "codprov": "04", "coddepto": "003" }, "geometry": { "type": "MultiPolygon", "coordinates": [ [ [ [ -64.1826, -31.1446, 0.0 ], [ -64.1823, -31.1527, 0.0 ], [ -64.1775, -31.154, 0.0 ], [ -64.1779, -31.1493, 0.0 ], [ -64.1772, -31.1476, 0.0 ], [ -64.1778, -31.1447, 0.0 ], [ -64.1819, -31.1446, 0.0 ], [ -64.1826, -31.1446, 0.0 ] ] ], [ [ [ -64.1778, -31.1447, 0.0 ], [ -64.1609, -31.1449, 0.0 ], [ -64.1329, -31.1447, 0.0 ], [ -64.1301, -31.1256, 0.0 ], [ -64.1174, -31.0915, 0.0 ], [ -64.1115, -31.0619, 0.0 ], [ -64.1334, -31.0617, 0.0 ], [ -64.1452, -31.0546, 0.0 ], [ -64.1423, -31.0503, 0.0 ], [ -64.1419, -31.041, 0.0 ], [ -64.1381, -31.0278, 0.0 ], [ -64.1396, -31.0263, 0.0 ], [ -64.1431, -31.0276, 0.0 ], [ -64.1463, -31.0293, 0.0 ], [ -64.1474, -31.0318, 0.0 ], [ -64.1504, -31.0331, 0.0 ], [ -64.1535, -31.0332, 0.0 ], [ -64.1566, -31.0312, 0.0 ], [ -64.1565, -31.0299, 0.0 ], [ -64.1602, -31.0271, 0.0 ], [ -64.1661, -31.0299, 0.0 ], [ -64.1699, -31.0279, 0.0 ], [ -64.1731, -31.0303, 0.0 ], [ -64.1752, -31.0343, 0.0 ], [ -64.1761, -31.0333, 0.0 ], [ -64.1801, -31.0363, 0.0 ], [ -64.1801, -31.0377, 0.0 ], [ -64.1786, -31.0382, 0.0 ], [ -64.1855, -31.0422, 0.0 ], [ -64.186, -31.0417, 0.0 ], [ -64.1935, -31.0467, 0.0 ], [ -64.1982, -31.0459, 0.0 ], [ -64.1992, -31.0477, 0.0 ], [ -64.1964, -31.0494, 0.0 ], [ -64.1972, -31.0507, 0.0 ], [ -64.1994, -31.0494, 0.0 ], [ -64.2071, -31.0497, 0.0 ], [ -64.2071, -31.0706, 0.0 ], [ -64.2073, -31.0757, 0.0 ], [ -64.2072, -31.0859, 0.0 ], [ -64.2078, -31.087, 0.0 ], [ -64.2072, -31.0888, 0.0 ], [ -64.2071, -31.0945, 0.0 ], [ -64.2015, -31.0949, 0.0 ], [ -64.1834, -31.0954, 0.0 ], [ -64.1855, -31.1063, 0.0 ], [ -64.1872, -31.1057, 0.0 ], [ -64.1872, -31.1082, 0.0 ], [ -64.1923, -31.1215, 0.0 ], [ -64.1921, -31.1276, 0.0 ], [ -64.1855, -31.1288, 0.0 ], [ -64.1778, -31.1447, 0.0 ] ] ] ] } },
{ "type": "Feature", "properties": { "circuito": "00034", "codprov": "04", "coddepto": "003" }, "geometry": { "type": "MultiPolygon", "coordinates": [ [ [ [ -64.2751, -31.2169, 0.0 ], [ -64.2745, -31.2203, 0.0 ], [ -64.2608, -31.2291, 0.0 ], [ -64.2577, -31.2367, 0.0 ], [ -64.2547, -31.2389, 0.0 ], [ -64.2486, -31.2517, 0.0 ], [ -64.2332, -31.2836, 0.0 ], [ -64.2233, -31.3029, 0.0 ], [ -64.2204, -31.3086, 0.0 ], [ -64.1933, -31.3093, 0.0 ], [ -64.1616, -31.3083, 0.0 ], [ -64.1577, -31.2731, 0.0 ], [ -64.157, -31.2661, 0.0 ], [ -64.1499, -31.2397, 0.0 ], [ -64.1414, -31.2033, 0.0 ], [ -64.136, -31.1725, 0.0 ], [ -64.1329, -31.1447, 0.0 ], [ -64.1709, -31.1448, 0.0 ], [ -64.1907, -31.1444, 0.0 ], [ -64.2251, -31.1436, 0.0 ], [ -64.2671, -31.1431, 0.0 ], [ -64.2699, -31.1444, 0.0 ], [ -64.279, -31.1439, 0.0 ], [ -64.2845, -31.1437, 0.0 ], [ -64.2831, -31.1464, 0.0 ], [ -64.2899, -31.1476, 0.0 ], [ -64.2899, -31.1509, 0.0 ], [ -64.2889, -31.1514, 0.0 ], [ -64.289, -31.1538, 0.0 ], [ -64.2878, -31.1542, 0.0 ], [ -64.2879, -31.1556, 0.0 ], [ -64.2875, -31.1564, 0.0 ], [ -64.2881, -31.1574, 0.0 ], [ -64.2874, -31.1586, 0.0 ], [ -64.2852, -31.1595, 0.0 ], [ -64.2842, -31.1581, 0.0 ], [ -64.2834, -31.158, 0.0 ], [ -64.2812, -31.1589, 0.0 ], [ -64.279, -31.1616, 0.0 ], [ -64.2755, -31.164, 0.0 ], [ -64.2741, -31.164, 0.0 ], [ -64.2719, -31.1662, 0.0 ], [ -64.2685, -31.1692, 0.0 ], [ -64.2628, -31.1694, 0.0 ], [ -64.2611, -31.1715, 0.0 ], [ -64.2598, -31.1719, 0.0 ], [ -64.2598, -31.1739, 0.0 ], [ -64.2599, -31.1745, 0.0 ], [ -64.2557, -31.173, 0.0 ], [ -64.2519, -31.1744, 0.0 ], [ -64.2464, -31.1731, 0.0 ], [ -64.2444, -31.1744, 0.0 ], [ -64.2428, -31.1744, 0.0 ], [ -64.2428, -31.1774, 0.0 ], [ -64.2405, -31.1787, 0.0 ], [ -64.2408, -31.1797, 0.0 ], [ -64.24, -31.181, 0.0 ], [ -64.24, -31.1823, 0.0 ], [ -64.239, -31.1834, 0.0 ], [ -64.2399, -31.1855, 0.0 ], [ -64.239, -31.1865, 0.0 ], [ -64.2391, -31.1896, 0.0 ], [ -64.2396, -31.193, 0.0 ], [ -64.2399, -31.1946, 0.0 ], [ -64.2395, -31.1965, 0.0 ], [ -64.2389, -31.1993, 0.0 ], [ -64.2375, -31.1995, 0.0 ], [ -64.2358, -31.2008, 0.0 ], [ -64.2352, -31.2021, 0.0 ], [ -64.2348, -31.2039, 0.0 ], [ -64.2346, -31.2054, 0.0 ], [ -64.2351, -31.2079, 0.0 ], [ -64.2333, -31.2113, 0.0 ], [ -64.2305, -31.215, 0.0 ], [ -64.2284, -31.2172, 0.0 ], [ -64.2273, -31.2209, 0.0 ], [ -64.2201, -31.2211, 0.0 ], [ -64.2237, -31.222, 0.0 ], [ -64.2293, -31.2207, 0.0 ], [ -64.2576, -31.2183, 0.0 ], [ -64.2751, -31.2169, 0.0 ] ] ] ] } },
{ "type": "Feature", "properties": { "circuito": "0031B", "codprov": "04", "coddepto": "003" }, "geometry": { "type": "MultiPolygon", "coordinates": [ [ [ [ -64.4238, -31.0774, 0.0 ], [ -64.4242, -31.085, 0.0 ], [ -64.425, -31.0938, 0.0 ], [ -64.3915, -31.0945, 0.0 ], [ -64.3632, -31.0949, 0.0 ], [ -64.3358, -31.0949, 0.0 ], [ -64.3141, -31.0951, 0.0 ], [ -64.3085, -31.0952, 0.0 ], [ -64.3093, -31.0943, 0.0 ], [ -64.3091, -31.0936, 0.0 ], [ -64.3089, -31.0928, 0.0 ], [ -64.3089, -31.092, 0.0 ], [ -64.3089, -31.0914, 0.0 ], [ -64.3078, -31.0912, 0.0 ], [ -64.3077, -31.0905, 0.0 ], [ -64.3072, -31.0897, 0.0 ], [ -64.3073, -31.0885, 0.0 ], [ -64.3072, -31.0882, 0.0 ], [ -64.306, -31.088, 0.0 ], [ -64.3053, -31.0865, 0.0 ], [ -64.3053, -31.085, 0.0 ], [ -64.3091, -31.0855, 0.0 ], [ -64.31, -31.0845, 0.0 ], [ -64.3104, -31.0843, 0.0 ], [ -64.3112, -31.0838, 0.0 ], [ -64.3125, -31.083, 0.0 ], [ -64.3142, -31.0819, 0.0 ], [ -64.3144, -31.0818, 0.0 ], [ -64.3151, -31.0814, 0.0 ], [ -64.3146, -31.0805, 0.0 ], [ -64.3138, -31.0792, 0.0 ], [ -64.3133, -31.0784, 0.0 ], [ -64.3121, -31.0764, 0.0 ], [ -64.3109, -31.0756, 0.0 ], [ -64.3099, -31.0738, 0.0 ], [ -64.3096, -31.073, 0.0 ], [ -64.3104, -31.0718, 0.0 ], [ -64.3116, -31.0701, 0.0 ], [ -64.3153, -31.0676, 0.0 ], [ -64.3182, -31.0659, 0.0 ], [ -64.3194, -31.0645, 0.0 ], [ -64.3202, -31.063, 0.0 ], [ -64.3205, -31.0615, 0.0 ], [ -64.3211, -31.0606, 0.0 ], [ -64.3219, -31.06, 0.0 ], [ -64.322, -31.0607, 0.0 ], [ -64.3229, -31.0608, 0.0 ], [ -64.3238, -31.0606, 0.0 ], [ -64.3241, -31.0605, 0.0 ], [ -64.3255, -31.0604, 0.0 ], [ -64.3261, -31.0605, 0.0 ], [ -64.3273, -31.0597, 0.0 ], [ -64.3285, -31.0596, 0.0 ], [ -64.3305, -31.0594, 0.0 ], [ -64.3317, -31.0606, 0.0 ], [ -64.3336, -31.0608, 0.0 ], [ -64.3351, -31.0606, 0.0 ], [ -64.3361, -31.0603, 0.0 ], [ -64.337, -31.0615, 0.0 ], [ -64.3378, -31.0619, 0.0 ], [ -64.3385, -31.0612, 0.0 ], [ -64.3397, -31.0616, 0.0 ], [ -64.3414, -31.0615, 0.0 ], [ -64.3427, -31.0609, 0.0 ], [ -64.3443, -31.0609, 0.0 ], [ -64.3456, -31.0613, 0.0 ], [ -64.3467, -31.0628, 0.0 ], [ -64.347, -31.0635, 0.0 ], [ -64.3471, -31.0655, 0.0 ], [ -64.3463, -31.068, 0.0 ], [ -64.3466, -31.0688, 0.0 ], [ -64.3466, -31.0705, 0.0 ], [ -64.3458, -31.0708, 0.0 ], [ -64.3461, -31.0715, 0.0 ], [ -64.3461, -31.0729, 0.0 ], [ -64.3458, -31.0738, 0.0 ], [ -64.3452, -31.0751, 0.0 ], [ -64.3453, -31.0761, 0.0 ], [ -64.3444, -31.0762, 0.0 ], [ -64.3435, -31.0774, 0.0 ], [ -64.343, -31.078, 0.0 ], [ -64.3426, -31.0784, 0.0 ], [ -64.3424, -31.0794, 0.0 ], [ -64.3435, -31.0798, 0.0 ], [ -64.3447, -31.0804, 0.0 ], [ -64.3428, -31.0817, 0.0 ], [ -64.3435, -31.0819, 0.0 ], [ -64.3463, -31.0823, 0.0 ], [ -64.3485, -31.0818, 0.0 ], [ -64.349, -31.0805, 0.0 ], [ -64.349, -31.08, 0.0 ], [ -64.3517, -31.0796, 0.0 ], [ -64.3525, -31.0793, 0.0 ], [ -64.3535, -31.0798, 0.0 ], [ -64.3555, -31.0802, 0.0 ], [ -64.3573, -31.0805, 0.0 ], [ -64.3575, -31.0794, 0.0 ], [ -64.3579, -31.0788, 0.0 ], [ -64.3586, -31.0789, 0.0 ], [ -64.3591, -31.0793, 0.0 ], [ -64.36, -31.079, 0.0 ], [ -64.3603, -31.0785, 0.0 ], [ -64.3619, -31.0787, 0.0 ], [ -64.3635, -31.0792, 0.0 ], [ -64.3646, -31.0795, 0.0 ], [ -64.3667, -31.0795, 0.0 ], [ -64.3677, -31.0787, 0.0 ], [ -64.3687, -31.0785, 0.0 ], [ -64.3702, -31.0796, 0.0 ], [ -64.3717, -31.0785, 0.0 ], [ -64.3729, -31.0736, 0.0 ], [ -64.3748, -31.0739, 0.0 ], [ -64.3768, -31.0741, 0.0 ], [ -64.3784, -31.0734, 0.0 ], [ -64.3795, -31.072, 0.0 ], [ -64.3813, -31.0726, 0.0 ], [ -64.3818, -31.0734, 0.0 ], [ -64.3829, -31.0728, 0.0 ], [ -64.3842, -31.0725, 0.0 ], [ -64.3857, -31.0737, 0.0 ], [ -64.3871, -31.0738, 0.0 ], [ -64.388, -31.0732, 0.0 ], [ -64.389, -31.0733, 0.0 ], [ -64.3891, -31.0744, 0.0 ], [ -64.3883, -31.076, 0.0 ], [ -64.3894, -31.0768, 0.0 ], [ -64.3901, -31.0765, 0.0 ], [ -64.3911, -31.077, 0.0 ], [ -64.3929, -31.0762, 0.0 ], [ -64.3942, -31.0763, 0.0 ], [ -64.3967, -31.0756, 0.0 ], [ -64.3971, -31.0766, 0.0 ], [ -64.3987, -31.077, 0.0 ], [ -64.3991, -31.0778, 0.0 ], [ -64.3998, -31.0772, 0.0 ], [ -64.4005, -31.0778, 0.0 ], [ -64.4018, -31.0776, 0.0 ], [ -64.4025, -31.0777, 0.0 ], [ -64.4023, -31.077, 0.0 ], [ -64.403, -31.0768, 0.0 ], [ -64.4037, -31.0765, 0.0 ], [ -64.4052, -31.0771, 0.0 ], [ -64.4067, -31.077, 0.0 ], [ -64.4095, -31.077, 0.0 ], [ -64.4126, -31.0753, 0.0 ], [ -64.4139, -31.0747, 0.0 ], [ -64.4151, -31.0751, 0.0 ], [ -64.4164, -31.0749, 0.0 ], [ -64.4171, -31.0743, 0.0 ], [ -64.4185, -31.0746, 0.0 ], [ -64.4196, -31.0748, 0.0 ], [ -64.4201, -31.0764, 0.0 ], [ -64.4228, -31.0775, 0.0 ], [ -64.4238, -31.0774, 0.0 ] ] ] ] } },
{ "type": "Feature", "properties": { "circuito": "00033", "codprov": "04", "coddepto": "003" }, "geometry": { "type": "MultiPolygon", "coordinates": [ [ [ [ -64.2485, -30.9624, 0.0 ], [ -64.2485, -31.0041, 0.0 ], [ -64.2455, -31.0036, 0.0 ], [ -64.2355, -31.0052, 0.0 ], [ -64.2329, -31.003, 0.0 ], [ -64.2181, -31.0065, 0.0 ], [ -64.2175, -31.0091, 0.0 ], [ -64.2201, -31.0096, 0.0 ], [ -64.2175, -31.0177, 0.0 ], [ -64.2135, -31.0228, 0.0 ], [ -64.208, -31.025, 0.0 ], [ -64.1989, -31.0241, 0.0 ], [ -64.1976, -31.0224, 0.0 ], [ -64.1947, -31.0217, 0.0 ], [ -64.1934, -31.0235, 0.0 ], [ -64.1917, -31.0228, 0.0 ], [ -64.191, -31.0239, 0.0 ], [ -64.1886, -31.0233, 0.0 ], [ -64.187, -31.025, 0.0 ], [ -64.1848, -31.0246, 0.0 ], [ -64.1827, -31.0262, 0.0 ], [ -64.1795, -31.0257, 0.0 ], [ -64.1797, -31.0283, 0.0 ], [ -64.1731, -31.0303, 0.0 ], [ -64.1699, -31.0279, 0.0 ], [ -64.1661, -31.0299, 0.0 ], [ -64.164, -31.0289, 0.0 ], [ -64.1624, -31.0283, 0.0 ], [ -64.1602, -31.0271, 0.0 ], [ -64.158, -31.029, 0.0 ], [ -64.1565, -31.0299, 0.0 ], [ -64.1566, -31.0312, 0.0 ], [ -64.1535, -31.0332, 0.0 ], [ -64.1504, -31.0331, 0.0 ], [ -64.1474, -31.0318, 0.0 ], [ -64.1463, -31.0293, 0.0 ], [ -64.1414, -31.027, 0.0 ], [ -64.1388, -31.0271, 0.0 ], [ -64.1381, -31.0278, 0.0 ], [ -64.139, -31.0308, 0.0 ], [ -64.1412, -31.0384, 0.0 ], [ -64.1422, -31.0464, 0.0 ], [ -64.1423, -31.0503, 0.0 ], [ -64.1452, -31.0546, 0.0 ], [ -64.1334, -31.0617, 0.0 ], [ -64.1262, -31.0621, 0.0 ], [ -64.1169, -31.0283, 0.0 ], [ -64.1119, -31.017, 0.0 ], [ -64.1056, -31.0029, 0.0 ], [ -64.1015, -30.9937, 0.0 ], [ -64.0933, -31.0007, 0.0 ], [ -64.0842, -30.9943, 0.0 ], [ -64.0831, -30.9863, 0.0 ], [ -64.0772, -30.9816, 0.0 ], [ -64.0436, -30.9831, 0.0 ], [ -64.0361, -30.9852, 0.0 ], [ -64.0225, -30.9839, 0.0 ], [ -64.0117, -30.9857, 0.0 ], [ -64.0089, -30.9856, 0.0 ], [ -63.9943, -30.9909, 0.0 ], [ -63.9786, -30.993, 0.0 ], [ -63.9736, -30.9937, 0.0 ], [ -63.9702, -30.9893, 0.0 ], [ -63.9669, -30.9813, 0.0 ], [ -63.9554, -30.9652, 0.0 ], [ -63.9534, -30.9612, 0.0 ], [ -63.9503, -30.9575, 0.0 ], [ -63.9488, -30.9491, 0.0 ], [ -63.9437, -30.9392, 0.0 ], [ -63.9512, -30.9363, 0.0 ], [ -63.984, -30.924, 0.0 ], [ -64.0033, -30.917, 0.0 ], [ -64.005, -30.9269, 0.0 ], [ -64.019, -30.9316, 0.0 ], [ -64.0315, -30.9385, 0.0 ], [ -64.0353, -30.9405, 0.0 ], [ -64.0534, -30.9526, 0.0 ], [ -64.0638, -30.9555, 0.0 ], [ -64.0832, -30.9637, 0.0 ], [ -64.0922, -30.9624, 0.0 ], [ -64.0966, -30.9614, 0.0 ], [ -64.1036, -30.9614, 0.0 ], [ -64.1165, -30.9657, 0.0 ], [ -64.1289, -30.9676, 0.0 ], [ -64.1427, -30.9701, 0.0 ], [ -64.1427, -30.9676, 0.0 ], [ -64.1582, -30.969, 0.0 ], [ -64.1625, -30.9724, 0.0 ], [ -64.1695, -30.9748, 0.0 ], [ -64.2092, -30.9625, 0.0 ], [ -64.2485, -30.9624, 0.0 ] ] ] ] } },
{ "type": "Feature", "properties": { "circuito": "sindatos", "codprov": "04", "coddepto": "nan" }, "geometry": { "type": "MultiPolygon", "coordinates": [ [ [ [ -63.9437, -30.9392, 0.0 ], [ -63.9488, -30.9491, 0.0 ], [ -63.9503, -30.9575, 0.0 ], [ -63.9543, -30.9629, 0.0 ], [ -63.9554, -30.9652, 0.0 ], [ -63.9636, -30.9767, 0.0 ], [ -63.9736, -30.9937, 0.0 ], [ -63.9746, -30.997, 0.0 ], [ -63.9696, -30.9981, 0.0 ], [ -63.9624, -31.0206, 0.0 ], [ -63.9237, -31.0206, 0.0 ], [ -63.897, -31.0195, 0.0 ], [ -63.9002, -30.9789, 0.0 ], [ -63.9007, -30.9555, 0.0 ], [ -63.9437, -30.9392, 0.0 ] ] ] ] } },
{ "type": "Feature", "properties": { "circuito": "sindatos", "codprov": "04", "coddepto": "nan" }, "geometry": { "type": "MultiPolygon", "coordinates": [ [ [ [ -64.0063, -31.1145, 0.0 ], [ -64.0065, -31.1145, 0.0 ], [ -63.9767, -31.1165, 0.0 ], [ -63.9681, -31.1197, 0.0 ], [ -63.9235, -31.1236, 0.0 ], [ -63.9235, -31.1206, 0.0 ], [ -63.9365, -31.1107, 0.0 ], [ -63.9574, -31.0946, 0.0 ], [ -63.9757, -31.0946, 0.0 ], [ -63.98, -31.0907, 0.0 ], [ -64.0063, -31.1145, 0.0 ] ] ] ] } },
{ "type": "Feature", "properties": { "circuito": "00151", "codprov": "04", "coddepto": "012" }, "geometry": { "type": "MultiPolygon", "coordinates": [ [ [ [ -64.5354, -30.8028, 0.0 ], [ -64.5335, -30.8014, 0.0 ], [ -64.5315, -30.8004, 0.0 ], [ -64.5291, -30.7984, 0.0 ], [ -64.5289, -30.7967, 0.0 ], [ -64.5272, -30.7956, 0.0 ], [ -64.5248, -30.7947, 0.0 ], [ -64.5218, -30.7954, 0.0 ], [ -64.5196, -30.7945, 0.0 ], [ -64.517, -30.7945, 0.0 ], [ -64.5141, -30.7945, 0.0 ], [ -64.5113, -30.7941, 0.0 ], [ -64.5094, -30.7928, 0.0 ], [ -64.5085, -30.7923, 0.0 ], [ -64.5074, -30.7921, 0.0 ], [ -64.5072, -30.7906, 0.0 ], [ -64.5057, -30.7895, 0.0 ], [ -64.5037, -30.7889, 0.0 ], [ -64.5033, -30.7871, 0.0 ], [ -64.5009, -30.7865, 0.0 ], [ -64.4998, -30.7852, 0.0 ], [ -64.4992, -30.7834, 0.0 ], [ -64.4987, -30.781, 0.0 ], [ -64.4976, -30.7799, 0.0 ], [ -64.4953, -30.7789, 0.0 ], [ -64.494, -30.7776, 0.0 ], [ -64.4922, -30.7769, 0.0 ], [ -64.4855, -30.7765, 0.0 ], [ -64.484, -30.7765, 0.0 ], [ -64.4835, -30.7684, 0.0 ], [ -64.4855, -30.7691, 0.0 ], [ -64.487, -30.7702, 0.0 ], [ -64.4885, -30.771, 0.0 ], [ -64.4898, -30.7721, 0.0 ], [ -64.4907, -30.7728, 0.0 ], [ -64.4918, -30.7747, 0.0 ], [ -64.4931, -30.7752, 0.0 ], [ -64.4937, -30.7763, 0.0 ], [ -64.5048, -30.7765, 0.0 ], [ -64.522, -30.7763, 0.0 ], [ -64.522, -30.7615, 0.0 ], [ -64.5228, -30.7413, 0.0 ], [ -64.5231, -30.7207, 0.0 ], [ -64.5237, -30.7022, 0.0 ], [ -64.5239, -30.6937, 0.0 ], [ -64.5359, -30.6929, 0.0 ], [ -64.5374, -30.6848, 0.0 ], [ -64.553, -30.6848, 0.0 ], [ -64.5708, -30.6848, 0.0 ], [ -64.581, -30.6846, 0.0 ], [ -64.581, -30.7309, 0.0 ], [ -64.5808, -30.7406, 0.0 ], [ -64.5808, -30.7417, 0.0 ], [ -64.576, -30.7452, 0.0 ], [ -64.5743, -30.748, 0.0 ], [ -64.573, -30.7513, 0.0 ], [ -64.5713, -30.7526, 0.0 ], [ -64.5717, -30.7578, 0.0 ], [ -64.5728, -30.7589, 0.0 ], [ -64.5756, -30.7606, 0.0 ], [ -64.5769, -30.7606, 0.0 ], [ -64.5791, -30.7634, 0.0 ], [ -64.5795, -30.7647, 0.0 ], [ -64.5778, -30.7658, 0.0 ], [ -64.578, -30.7678, 0.0 ], [ -64.5778, -30.7697, 0.0 ], [ -64.5776, -30.7728, 0.0 ], [ -64.5778, -30.7769, 0.0 ], [ -64.5771, -30.7802, 0.0 ], [ -64.576, -30.783, 0.0 ], [ -64.5765, -30.7856, 0.0 ], [ -64.5765, -30.7995, 0.0 ], [ -64.5743, -30.7997, 0.0 ], [ -64.5728, -30.8012, 0.0 ], [ -64.5717, -30.8019, 0.0 ], [ -64.5704, -30.8004, 0.0 ], [ -64.5689, -30.7997, 0.0 ], [ -64.5671, -30.7995, 0.0 ], [ -64.5641, -30.7997, 0.0 ], [ -64.563, -30.8008, 0.0 ], [ -64.5606, -30.8001, 0.0 ], [ -64.5589, -30.7993, 0.0 ], [ -64.5576, -30.7986, 0.0 ], [ -64.555, -30.7984, 0.0 ], [ -64.553, -30.7993, 0.0 ], [ -64.5504, -30.7997, 0.0 ], [ -64.5489, -30.7993, 0.0 ], [ -64.5476, -30.7984, 0.0 ], [ -64.5454, -30.7988, 0.0 ], [ -64.5415, -30.801, 0.0 ], [ -64.5404, -30.8021, 0.0 ], [ -64.5404, -30.803, 0.0 ], [ -64.5352, -30.803, 0.0 ], [ -64.5354, -30.8028, 0.0 ] ] ] ] } },
{ "type": "Feature", "properties": { "circuito": "00148", "codprov": "04", "coddepto": "012" }, "geometry": { "type": "MultiPolygon", "coordinates": [ [ [ [ -64.5765, -30.7995, 0.0 ], [ -64.5765, -30.7856, 0.0 ], [ -64.576, -30.783, 0.0 ], [ -64.5767, -30.7813, 0.0 ], [ -64.5773, -30.7794, 0.0 ], [ -64.5778, -30.7769, 0.0 ], [ -64.5776, -30.7743, 0.0 ], [ -64.5777, -30.7712, 0.0 ], [ -64.5778, -30.7697, 0.0 ], [ -64.5778, -30.7658, 0.0 ], [ -64.5795, -30.7647, 0.0 ], [ -64.5782, -30.7623, 0.0 ], [ -64.5769, -30.7606, 0.0 ], [ -64.5728, -30.7589, 0.0 ], [ -64.5717, -30.7578, 0.0 ], [ -64.5713, -30.7526, 0.0 ], [ -64.573, -30.7513, 0.0 ], [ -64.576, -30.7452, 0.0 ], [ -64.5806, -30.7419, 0.0 ], [ -64.581, -30.7159, 0.0 ], [ -64.581, -30.6952, 0.0 ], [ -64.581, -30.6846, 0.0 ], [ -64.5958, -30.6846, 0.0 ], [ -64.6182, -30.6846, 0.0 ], [ -64.6182, -30.7013, 0.0 ], [ -64.6182, -30.7111, 0.0 ], [ -64.6175, -30.7448, 0.0 ], [ -64.6073, -30.7684, 0.0 ], [ -64.6212, -30.7799, 0.0 ], [ -64.623, -30.7818, 0.0 ], [ -64.6241, -30.7821, 0.0 ], [ -64.6253, -30.7818, 0.0 ], [ -64.6281, -30.7824, 0.0 ], [ -64.629, -30.7798, 0.0 ], [ -64.6307, -30.7795, 0.0 ], [ -64.6322, -30.7802, 0.0 ], [ -64.6341, -30.7807, 0.0 ], [ -64.6351, -30.7804, 0.0 ], [ -64.6366, -30.7808, 0.0 ], [ -64.639, -30.7792, 0.0 ], [ -64.6402, -30.7779, 0.0 ], [ -64.6413, -30.7767, 0.0 ], [ -64.6424, -30.7764, 0.0 ], [ -64.6452, -30.7777, 0.0 ], [ -64.6461, -30.7776, 0.0 ], [ -64.6472, -30.7768, 0.0 ], [ -64.6479, -30.7764, 0.0 ], [ -64.6479, -30.7748, 0.0 ], [ -64.6531, -30.7781, 0.0 ], [ -64.6578, -30.7829, 0.0 ], [ -64.656, -30.7848, 0.0 ], [ -64.6549, -30.7846, 0.0 ], [ -64.6535, -30.7853, 0.0 ], [ -64.6514, -30.7858, 0.0 ], [ -64.6495, -30.7859, 0.0 ], [ -64.648, -30.786, 0.0 ], [ -64.6464, -30.7866, 0.0 ], [ -64.6444, -30.7868, 0.0 ], [ -64.641, -30.7869, 0.0 ], [ -64.6394, -30.7868, 0.0 ], [ -64.6375, -30.7869, 0.0 ], [ -64.6376, -30.7876, 0.0 ], [ -64.6378, -30.7885, 0.0 ], [ -64.6369, -30.7892, 0.0 ], [ -64.6366, -30.7898, 0.0 ], [ -64.6366, -30.7923, 0.0 ], [ -64.6367, -30.7932, 0.0 ], [ -64.6429, -30.7982, 0.0 ], [ -64.6599, -30.8126, 0.0 ], [ -64.6687, -30.8197, 0.0 ], [ -64.6668, -30.8299, 0.0 ], [ -64.664, -30.8438, 0.0 ], [ -64.6637, -30.8508, 0.0 ], [ -64.6644, -30.8679, 0.0 ], [ -64.6659, -30.8831, 0.0 ], [ -64.6666, -30.8885, 0.0 ], [ -64.667, -30.8931, 0.0 ], [ -64.5024, -30.8931, 0.0 ], [ -64.4394, -30.8931, 0.0 ], [ -64.4161, -30.8931, 0.0 ], [ -64.4194, -30.8759, 0.0 ], [ -64.4274, -30.8579, 0.0 ], [ -64.4314, -30.8441, 0.0 ], [ -64.4329, -30.8327, 0.0 ], [ -64.4331, -30.8225, 0.0 ], [ -64.4379, -30.8132, 0.0 ], [ -64.4413, -30.8068, 0.0 ], [ -64.4379, -30.7934, 0.0 ], [ -64.4437, -30.7901, 0.0 ], [ -64.4678, -30.7767, 0.0 ], [ -64.4845, -30.7772, 0.0 ], [ -64.494, -30.7776, 0.0 ], [ -64.4953, -30.7789, 0.0 ], [ -64.4987, -30.781, 0.0 ], [ -64.4992, -30.7834, 0.0 ], [ -64.4998, -30.7852, 0.0 ], [ -64.5009, -30.7865, 0.0 ], [ -64.5033, -30.7871, 0.0 ], [ -64.5037, -30.7889, 0.0 ], [ -64.5057, -30.7895, 0.0 ], [ -64.5072, -30.7906, 0.0 ], [ -64.5074, -30.7921, 0.0 ], [ -64.5089, -30.7925, 0.0 ], [ -64.5113, -30.7941, 0.0 ], [ -64.5146, -30.7945, 0.0 ], [ -64.5196, -30.7945, 0.0 ], [ -64.5218, -30.7954, 0.0 ], [ -64.5248, -30.7947, 0.0 ], [ -64.5289, -30.7967, 0.0 ], [ -64.5291, -30.7984, 0.0 ], [ -64.5315, -30.8004, 0.0 ], [ -64.5339, -30.8023, 0.0 ], [ -64.5354, -30.8028, 0.0 ], [ -64.5367, -30.8036, 0.0 ], [ -64.5395, -30.803, 0.0 ], [ -64.5404, -30.803, 0.0 ], [ -64.5404, -30.8021, 0.0 ], [ -64.5421, -30.8007, 0.0 ], [ -64.5454, -30.7988, 0.0 ], [ -64.5471, -30.7985, 0.0 ], [ -64.5484, -30.799, 0.0 ], [ -64.5504, -30.7997, 0.0 ], [ -64.553, -30.7993, 0.0 ], [ -64.555, -30.7984, 0.0 ], [ -64.5576, -30.7986, 0.0 ], [ -64.56, -30.7998, 0.0 ], [ -64.563, -30.8008, 0.0 ], [ -64.5641, -30.7997, 0.0 ], [ -64.5666, -30.7995, 0.0 ], [ -64.5689, -30.7997, 0.0 ], [ -64.5701, -30.8012, 0.0 ], [ -64.5717, -30.8019, 0.0 ], [ -64.5728, -30.8012, 0.0 ], [ -64.5743, -30.7997, 0.0 ], [ -64.5765, -30.7995, 0.0 ] ] ] ] } },
{ "type": "Feature", "properties": { "circuito": "0155A", "codprov": "04", "coddepto": "012" }, "geometry": { "type": "MultiPolygon", "coordinates": [ [ [ [ -64.4161, -30.8931, 0.0 ], [ -64.4562, -30.8931, 0.0 ], [ -64.5085, -30.8931, 0.0 ], [ -64.5253, -30.8931, 0.0 ], [ -64.522, -30.9211, 0.0 ], [ -64.5219, -30.9224, 0.0 ], [ -64.5217, -30.9238, 0.0 ], [ -64.5214, -30.926, 0.0 ], [ -64.5213, -30.9321, 0.0 ], [ -64.5209, -30.9347, 0.0 ], [ -64.5203, -30.9358, 0.0 ], [ -64.5123, -30.9356, 0.0 ], [ -64.5076, -30.9395, 0.0 ], [ -64.5065, -30.941, 0.0 ], [ -64.5055, -30.9422, 0.0 ], [ -64.4944, -30.9422, 0.0 ], [ -64.4723, -30.9422, 0.0 ], [ -64.4407, -30.9425, 0.0 ], [ -64.416, -30.9429, 0.0 ], [ -64.4173, -30.9341, 0.0 ], [ -64.4177, -30.9315, 0.0 ], [ -64.4168, -30.9087, 0.0 ], [ -64.4161, -30.8931, 0.0 ] ] ] ] } },
{ "type": "Feature", "properties": { "circuito": "00155", "codprov": "04", "coddepto": "012" }, "geometry": { "type": "MultiPolygon", "coordinates": [ [ [ [ -64.667, -30.8931, 0.0 ], [ -64.6697, -30.9082, 0.0 ], [ -64.6729, -30.924, 0.0 ], [ -64.6774, -30.942, 0.0 ], [ -64.6209, -30.942, 0.0 ], [ -64.5504, -30.942, 0.0 ], [ -64.5055, -30.9422, 0.0 ], [ -64.5065, -30.9403, 0.0 ], [ -64.5123, -30.9356, 0.0 ], [ -64.5203, -30.9358, 0.0 ], [ -64.5214, -30.927, 0.0 ], [ -64.5235, -30.9086, 0.0 ], [ -64.5249, -30.8931, 0.0 ], [ -64.5644, -30.8931, 0.0 ], [ -64.6144, -30.8931, 0.0 ], [ -64.6516, -30.8931, 0.0 ], [ -64.667, -30.8931, 0.0 ] ] ] ] } },
{ "type": "Feature", "properties": { "circuito": "00153", "codprov": "04", "coddepto": "012" }, "geometry": { "type": "MultiPolygon", "coordinates": [ [ [ [ -64.6774, -30.942, 0.0 ], [ -64.6789, -30.9481, 0.0 ], [ -64.6801, -30.9536, 0.0 ], [ -64.6833, -30.9637, 0.0 ], [ -64.687, -30.9656, 0.0 ], [ -64.6934, -30.9656, 0.0 ], [ -64.6947, -30.969, 0.0 ], [ -64.6947, -30.9754, 0.0 ], [ -64.6881, -30.9794, 0.0 ], [ -64.6944, -31.0015, 0.0 ], [ -64.6998, -31.0174, 0.0 ], [ -64.6974, -31.0241, 0.0 ], [ -64.6875, -31.0246, 0.0 ], [ -64.6756, -31.0272, 0.0 ], [ -64.6633, -31.0302, 0.0 ], [ -64.6476, -31.0363, 0.0 ], [ -64.6439, -31.0408, 0.0 ], [ -64.6338, -31.04, 0.0 ], [ -64.6202, -31.04, 0.0 ], [ -64.5846, -31.0403, 0.0 ], [ -64.5814, -31.0265, 0.0 ], [ -64.5671, -31.0222, 0.0 ], [ -64.5482, -31.0201, 0.0 ], [ -64.5458, -31.0068, 0.0 ], [ -64.5248, -31.007, 0.0 ], [ -64.5128, -31.011, 0.0 ], [ -64.478, -31.011, 0.0 ], [ -64.4516, -31.0116, 0.0 ], [ -64.4269, -31.007, 0.0 ], [ -64.4179, -31.0078, 0.0 ], [ -64.4155, -30.9913, 0.0 ], [ -64.4144, -30.9722, 0.0 ], [ -64.4134, -30.9624, 0.0 ], [ -64.4144, -30.9573, 0.0 ], [ -64.416, -30.9429, 0.0 ], [ -64.4604, -30.9421, 0.0 ], [ -64.5035, -30.9422, 0.0 ], [ -64.5583, -30.942, 0.0 ], [ -64.6157, -30.942, 0.0 ], [ -64.6774, -30.942, 0.0 ] ] ] ] } },
{ "type": "Feature", "properties": { "circuito": "0152A", "codprov": "04", "coddepto": "012" }, "geometry": { "type": "MultiPolygon", "coordinates": [ [ [ [ -64.4983, -31.0654, 0.0 ], [ -64.4983, -31.0655, 0.0 ], [ -64.4971, -31.0637, 0.0 ], [ -64.4972, -31.0631, 0.0 ], [ -64.4976, -31.0613, 0.0 ], [ -64.498, -31.0584, 0.0 ], [ -64.4994, -31.0566, 0.0 ], [ -64.4954, -31.0562, 0.0 ], [ -64.4911, -31.0558, 0.0 ], [ -64.4892, -31.0549, 0.0 ], [ -64.4865, -31.0546, 0.0 ], [ -64.4815, -31.0541, 0.0 ], [ -64.4218, -31.0522, 0.0 ], [ -64.4214, -31.0451, 0.0 ], [ -64.4203, -31.0376, 0.0 ], [ -64.4203, -31.0362, 0.0 ], [ -64.4203, -31.0344, 0.0 ], [ -64.4202, -31.0328, 0.0 ], [ -64.4198, -31.0296, 0.0 ], [ -64.4195, -31.0283, 0.0 ], [ -64.4195, -31.0272, 0.0 ], [ -64.4192, -31.0255, 0.0 ], [ -64.4191, -31.0238, 0.0 ], [ -64.4191, -31.0213, 0.0 ], [ -64.4186, -31.0185, 0.0 ], [ -64.4183, -31.0154, 0.0 ], [ -64.4179, -31.0078, 0.0 ], [ -64.4269, -31.007, 0.0 ], [ -64.4516, -31.0116, 0.0 ], [ -64.4563, -31.0115, 0.0 ], [ -64.4632, -31.0113, 0.0 ], [ -64.4701, -31.0112, 0.0 ], [ -64.4751, -31.0111, 0.0 ], [ -64.4824, -31.011, 0.0 ], [ -64.4915, -31.011, 0.0 ], [ -64.501, -31.011, 0.0 ], [ -64.5128, -31.011, 0.0 ], [ -64.5143, -31.0105, 0.0 ], [ -64.5185, -31.0091, 0.0 ], [ -64.5248, -31.007, 0.0 ], [ -64.5309, -31.007, 0.0 ], [ -64.5458, -31.0068, 0.0 ], [ -64.5482, -31.0201, 0.0 ], [ -64.5545, -31.0208, 0.0 ], [ -64.5677, -31.0224, 0.0 ], [ -64.571, -31.0227, 0.0 ], [ -64.5814, -31.0265, 0.0 ], [ -64.5846, -31.0403, 0.0 ], [ -64.6158, -31.04, 0.0 ], [ -64.6338, -31.04, 0.0 ], [ -64.6435, -31.0408, 0.0 ], [ -64.6465, -31.0469, 0.0 ], [ -64.65, -31.0512, 0.0 ], [ -64.6549, -31.0565, 0.0 ], [ -64.6566, -31.0585, 0.0 ], [ -64.6623, -31.0653, 0.0 ], [ -64.649, -31.0654, 0.0 ], [ -64.646, -31.0654, 0.0 ], [ -64.6431, -31.0654, 0.0 ], [ -64.6399, -31.0654, 0.0 ], [ -64.6364, -31.0654, 0.0 ], [ -64.634, -31.0654, 0.0 ], [ -64.6316, -31.0653, 0.0 ], [ -64.6289, -31.0652, 0.0 ], [ -64.6263, -31.0652, 0.0 ], [ -64.6234, -31.0652, 0.0 ], [ -64.6206, -31.0651, 0.0 ], [ -64.6184, -31.0651, 0.0 ], [ -64.6152, -31.0651, 0.0 ], [ -64.6132, -31.065, 0.0 ], [ -64.6106, -31.065, 0.0 ], [ -64.6069, -31.065, 0.0 ], [ -64.599, -31.065, 0.0 ], [ -64.5141, -31.0652, 0.0 ], [ -64.513, -31.0652, 0.0 ], [ -64.5125, -31.0651, 0.0 ], [ -64.512, -31.0651, 0.0 ], [ -64.5117, -31.0649, 0.0 ], [ -64.5114, -31.0648, 0.0 ], [ -64.5107, -31.0644, 0.0 ], [ -64.5099, -31.0643, 0.0 ], [ -64.5092, -31.0645, 0.0 ], [ -64.5072, -31.0645, 0.0 ], [ -64.5047, -31.0649, 0.0 ], [ -64.5041, -31.065, 0.0 ], [ -64.5031, -31.065, 0.0 ], [ -64.5027, -31.0653, 0.0 ], [ -64.4983, -31.0654, 0.0 ] ] ] ] } },
{ "type": "Feature", "properties": { "circuito": "00152", "codprov": "04", "coddepto": "012" }, "geometry": { "type": "MultiPolygon", "coordinates": [ [ [ [ -64.4983, -31.0655, 0.0 ], [ -64.5027, -31.0653, 0.0 ], [ -64.5029, -31.0652, 0.0 ], [ -64.5047, -31.0649, 0.0 ], [ -64.5072, -31.0645, 0.0 ], [ -64.5092, -31.0645, 0.0 ], [ -64.5099, -31.0643, 0.0 ], [ -64.5117, -31.0649, 0.0 ], [ -64.5203, -31.0652, 0.0 ], [ -64.5664, -31.0651, 0.0 ], [ -64.599, -31.065, 0.0 ], [ -64.6623, -31.0653, 0.0 ], [ -64.6641, -31.0674, 0.0 ], [ -64.6679, -31.0719, 0.0 ], [ -64.6702, -31.0814, 0.0 ], [ -64.6702, -31.083, 0.0 ], [ -64.6641, -31.083, 0.0 ], [ -64.6364, -31.083, 0.0 ], [ -64.5959, -31.083, 0.0 ], [ -64.5798, -31.083, 0.0 ], [ -64.4992, -31.0831, 0.0 ], [ -64.4972, -31.0827, 0.0 ], [ -64.4956, -31.0824, 0.0 ], [ -64.4948, -31.0824, 0.0 ], [ -64.494, -31.0824, 0.0 ], [ -64.4926, -31.0824, 0.0 ], [ -64.4925, -31.0828, 0.0 ], [ -64.4921, -31.0829, 0.0 ], [ -64.4907, -31.083, 0.0 ], [ -64.4888, -31.0833, 0.0 ], [ -64.4871, -31.0834, 0.0 ], [ -64.4871, -31.083, 0.0 ], [ -64.4868, -31.0824, 0.0 ], [ -64.4863, -31.0819, 0.0 ], [ -64.4851, -31.0817, 0.0 ], [ -64.4844, -31.0818, 0.0 ], [ -64.4837, -31.082, 0.0 ], [ -64.4835, -31.0824, 0.0 ], [ -64.4835, -31.083, 0.0 ], [ -64.4838, -31.0838, 0.0 ], [ -64.4833, -31.0836, 0.0 ], [ -64.4817, -31.0827, 0.0 ], [ -64.4807, -31.0822, 0.0 ], [ -64.4798, -31.0818, 0.0 ], [ -64.4786, -31.0814, 0.0 ], [ -64.4775, -31.0813, 0.0 ], [ -64.4572, -31.0813, 0.0 ], [ -64.4556, -31.0813, 0.0 ], [ -64.4549, -31.0811, 0.0 ], [ -64.454, -31.0814, 0.0 ], [ -64.4526, -31.0817, 0.0 ], [ -64.4518, -31.0817, 0.0 ], [ -64.4491, -31.0813, 0.0 ], [ -64.4477, -31.081, 0.0 ], [ -64.4468, -31.0807, 0.0 ], [ -64.4456, -31.081, 0.0 ], [ -64.4445, -31.0807, 0.0 ], [ -64.4433, -31.0796, 0.0 ], [ -64.4422, -31.0783, 0.0 ], [ -64.441, -31.0772, 0.0 ], [ -64.4394, -31.0775, 0.0 ], [ -64.4382, -31.0779, 0.0 ], [ -64.4357, -31.0767, 0.0 ], [ -64.4334, -31.0759, 0.0 ], [ -64.4314, -31.0756, 0.0 ], [ -64.4301, -31.0768, 0.0 ], [ -64.428, -31.0768, 0.0 ], [ -64.4262, -31.0774, 0.0 ], [ -64.425, -31.0774, 0.0 ], [ -64.4235, -31.077, 0.0 ], [ -64.4225, -31.062, 0.0 ], [ -64.4218, -31.0522, 0.0 ], [ -64.4306, -31.0525, 0.0 ], [ -64.4409, -31.0528, 0.0 ], [ -64.448, -31.0531, 0.0 ], [ -64.4613, -31.0535, 0.0 ], [ -64.4815, -31.0541, 0.0 ], [ -64.4819, -31.0542, 0.0 ], [ -64.4839, -31.0544, 0.0 ], [ -64.4854, -31.0542, 0.0 ], [ -64.4865, -31.0546, 0.0 ], [ -64.4887, -31.0549, 0.0 ], [ -64.4911, -31.0558, 0.0 ], [ -64.4931, -31.056, 0.0 ], [ -64.4961, -31.0563, 0.0 ], [ -64.4994, -31.0566, 0.0 ], [ -64.4986, -31.0576, 0.0 ], [ -64.498, -31.0584, 0.0 ], [ -64.4978, -31.0593, 0.0 ], [ -64.4977, -31.0607, 0.0 ], [ -64.4971, -31.0637, 0.0 ], [ -64.4983, -31.0655, 0.0 ] ] ] ] } },
{ "type": "Feature", "properties": { "circuito": "00154", "codprov": "04", "coddepto": "012" }, "geometry": { "type": "MultiPolygon", "coordinates": [ [ [ [ -64.4929, -31.1079, 0.0 ], [ -64.4919, -31.1085, 0.0 ], [ -64.4913, -31.1087, 0.0 ], [ -64.4908, -31.1085, 0.0 ], [ -64.4901, -31.1089, 0.0 ], [ -64.4869, -31.1087, 0.0 ], [ -64.4854, -31.1083, 0.0 ], [ -64.484, -31.1079, 0.0 ], [ -64.4837, -31.108, 0.0 ], [ -64.4836, -31.1075, 0.0 ], [ -64.4832, -31.1073, 0.0 ], [ -64.4828, -31.1077, 0.0 ], [ -64.4823, -31.1079, 0.0 ], [ -64.4824, -31.1085, 0.0 ], [ -64.4821, -31.1084, 0.0 ], [ -64.4817, -31.1089, 0.0 ], [ -64.4805, -31.108, 0.0 ], [ -64.4805, -31.1069, 0.0 ], [ -64.4775, -31.1068, 0.0 ], [ -64.4749, -31.1068, 0.0 ], [ -64.4718, -31.1066, 0.0 ], [ -64.4665, -31.1063, 0.0 ], [ -64.4573, -31.1063, 0.0 ], [ -64.4524, -31.1062, 0.0 ], [ -64.4257, -31.1063, 0.0 ], [ -64.4253, -31.099, 0.0 ], [ -64.4245, -31.0885, 0.0 ], [ -64.4235, -31.077, 0.0 ], [ -64.425, -31.0774, 0.0 ], [ -64.4262, -31.0774, 0.0 ], [ -64.428, -31.0768, 0.0 ], [ -64.4301, -31.0768, 0.0 ], [ -64.4314, -31.0756, 0.0 ], [ -64.4347, -31.0763, 0.0 ], [ -64.4382, -31.0779, 0.0 ], [ -64.4391, -31.0782, 0.0 ], [ -64.4394, -31.0776, 0.0 ], [ -64.4408, -31.0772, 0.0 ], [ -64.4422, -31.0783, 0.0 ], [ -64.4445, -31.0807, 0.0 ], [ -64.4456, -31.081, 0.0 ], [ -64.4465, -31.0808, 0.0 ], [ -64.4483, -31.0811, 0.0 ], [ -64.4518, -31.0817, 0.0 ], [ -64.4533, -31.0815, 0.0 ], [ -64.4549, -31.0811, 0.0 ], [ -64.4556, -31.0813, 0.0 ], [ -64.4641, -31.0813, 0.0 ], [ -64.4762, -31.0813, 0.0 ], [ -64.4786, -31.0814, 0.0 ], [ -64.4804, -31.0821, 0.0 ], [ -64.4828, -31.0833, 0.0 ], [ -64.4838, -31.0838, 0.0 ], [ -64.4835, -31.083, 0.0 ], [ -64.4841, -31.0819, 0.0 ], [ -64.4856, -31.0822, 0.0 ], [ -64.4863, -31.0828, 0.0 ], [ -64.4871, -31.0834, 0.0 ], [ -64.4925, -31.0828, 0.0 ], [ -64.4926, -31.0824, 0.0 ], [ -64.4956, -31.0824, 0.0 ], [ -64.4983, -31.0829, 0.0 ], [ -64.5001, -31.0831, 0.0 ], [ -64.5107, -31.0831, 0.0 ], [ -64.5284, -31.083, 0.0 ], [ -64.5744, -31.083, 0.0 ], [ -64.6121, -31.083, 0.0 ], [ -64.6702, -31.083, 0.0 ], [ -64.67, -31.0896, 0.0 ], [ -64.6695, -31.0953, 0.0 ], [ -64.6683, -31.1, 0.0 ], [ -64.6663, -31.1069, 0.0 ], [ -64.6629, -31.1077, 0.0 ], [ -64.6619, -31.1067, 0.0 ], [ -64.6594, -31.1067, 0.0 ], [ -64.6532, -31.106, 0.0 ], [ -64.6507, -31.1072, 0.0 ], [ -64.6485, -31.1077, 0.0 ], [ -64.6048, -31.1077, 0.0 ], [ -64.5339, -31.1077, 0.0 ], [ -64.505, -31.1078, 0.0 ], [ -64.4929, -31.1078, 0.0 ], [ -64.4929, -31.1079, 0.0 ] ] ] ] } },
{ "type": "Feature", "properties": { "circuito": "00159", "codprov": "04", "coddepto": "012" }, "geometry": { "type": "MultiPolygon", "coordinates": [ [ [ [ -64.4949, -31.1406, 0.0 ], [ -64.493, -31.1396, 0.0 ], [ -64.4922, -31.1394, 0.0 ], [ -64.49, -31.1391, 0.0 ], [ -64.4844, -31.139, 0.0 ], [ -64.4807, -31.1385, 0.0 ], [ -64.4794, -31.1384, 0.0 ], [ -64.4503, -31.1384, 0.0 ], [ -64.4393, -31.1386, 0.0 ], [ -64.4285, -31.1384, 0.0 ], [ -64.4277, -31.1298, 0.0 ], [ -64.4268, -31.1223, 0.0 ], [ -64.4264, -31.1125, 0.0 ], [ -64.4257, -31.1063, 0.0 ], [ -64.4524, -31.1062, 0.0 ], [ -64.4608, -31.1063, 0.0 ], [ -64.4718, -31.1066, 0.0 ], [ -64.4749, -31.1068, 0.0 ], [ -64.4775, -31.1068, 0.0 ], [ -64.4805, -31.1069, 0.0 ], [ -64.4805, -31.108, 0.0 ], [ -64.4817, -31.1089, 0.0 ], [ -64.4821, -31.1084, 0.0 ], [ -64.4824, -31.1085, 0.0 ], [ -64.4823, -31.1079, 0.0 ], [ -64.4828, -31.1077, 0.0 ], [ -64.4834, -31.1074, 0.0 ], [ -64.4837, -31.108, 0.0 ], [ -64.4869, -31.1087, 0.0 ], [ -64.4901, -31.1089, 0.0 ], [ -64.4908, -31.1085, 0.0 ], [ -64.4913, -31.1087, 0.0 ], [ -64.4919, -31.1085, 0.0 ], [ -64.4929, -31.1078, 0.0 ], [ -64.5028, -31.1078, 0.0 ], [ -64.5123, -31.1078, 0.0 ], [ -64.5737, -31.1077, 0.0 ], [ -64.5932, -31.1077, 0.0 ], [ -64.6048, -31.1077, 0.0 ], [ -64.6463, -31.1077, 0.0 ], [ -64.6485, -31.1077, 0.0 ], [ -64.6517, -31.1067, 0.0 ], [ -64.6532, -31.106, 0.0 ], [ -64.6594, -31.1067, 0.0 ], [ -64.6619, -31.1067, 0.0 ], [ -64.6638, -31.1075, 0.0 ], [ -64.6663, -31.1069, 0.0 ], [ -64.6677, -31.116, 0.0 ], [ -64.6685, -31.1227, 0.0 ], [ -64.6717, -31.1325, 0.0 ], [ -64.6736, -31.1406, 0.0 ], [ -64.594, -31.1406, 0.0 ], [ -64.5049, -31.1406, 0.0 ], [ -64.4945, -31.1406, 0.0 ], [ -64.4949, -31.1406, 0.0 ] ] ] ] } },
{ "type": "Feature", "properties": { "circuito": "00149", "codprov": "04", "coddepto": "012" }, "geometry": { "type": "MultiPolygon", "coordinates": [ [ [ [ -64.481, -31.1819, 0.0 ], [ -64.481, -31.1805, 0.0 ], [ -64.4809, -31.1797, 0.0 ], [ -64.4788, -31.1791, 0.0 ], [ -64.4758, -31.1781, 0.0 ], [ -64.4717, -31.1775, 0.0 ], [ -64.4696, -31.1774, 0.0 ], [ -64.4628, -31.1775, 0.0 ], [ -64.4525, -31.1774, 0.0 ], [ -64.4325, -31.1774, 0.0 ], [ -64.4303, -31.1582, 0.0 ], [ -64.4285, -31.1384, 0.0 ], [ -64.4537, -31.1384, 0.0 ], [ -64.4716, -31.1384, 0.0 ], [ -64.4794, -31.1384, 0.0 ], [ -64.4807, -31.1385, 0.0 ], [ -64.4838, -31.1389, 0.0 ], [ -64.4844, -31.139, 0.0 ], [ -64.4893, -31.1391, 0.0 ], [ -64.4917, -31.1393, 0.0 ], [ -64.4925, -31.1394, 0.0 ], [ -64.4938, -31.14, 0.0 ], [ -64.4945, -31.1406, 0.0 ], [ -64.506, -31.1406, 0.0 ], [ -64.5159, -31.1406, 0.0 ], [ -64.5949, -31.1406, 0.0 ], [ -64.5837, -31.1528, 0.0 ], [ -64.5674, -31.1675, 0.0 ], [ -64.5638, -31.1708, 0.0 ], [ -64.562, -31.1703, 0.0 ], [ -64.5583, -31.1712, 0.0 ], [ -64.5576, -31.173, 0.0 ], [ -64.5561, -31.1735, 0.0 ], [ -64.5545, -31.1737, 0.0 ], [ -64.5527, -31.1733, 0.0 ], [ -64.5507, -31.1739, 0.0 ], [ -64.548, -31.1757, 0.0 ], [ -64.5447, -31.1761, 0.0 ], [ -64.5301, -31.1777, 0.0 ], [ -64.5281, -31.1768, 0.0 ], [ -64.5266, -31.1754, 0.0 ], [ -64.5259, -31.1752, 0.0 ], [ -64.5249, -31.1752, 0.0 ], [ -64.5236, -31.1752, 0.0 ], [ -64.523, -31.1757, 0.0 ], [ -64.5221, -31.1764, 0.0 ], [ -64.521, -31.1762, 0.0 ], [ -64.5179, -31.1764, 0.0 ], [ -64.5169, -31.1764, 0.0 ], [ -64.5161, -31.1764, 0.0 ], [ -64.516, -31.1771, 0.0 ], [ -64.516, -31.1782, 0.0 ], [ -64.5161, -31.1787, 0.0 ], [ -64.5151, -31.1788, 0.0 ], [ -64.5141, -31.1795, 0.0 ], [ -64.5142, -31.1809, 0.0 ], [ -64.5134, -31.1818, 0.0 ], [ -64.4812, -31.1818, 0.0 ], [ -64.481, -31.1819, 0.0 ] ] ] ] } },
{ "type": "Feature", "properties": { "circuito": "00157", "codprov": "04", "coddepto": "012" }, "geometry": { "type": "MultiPolygon", "coordinates": [ [ [ [ -64.4883, -31.3093, 0.0 ], [ -64.4869, -31.3107, 0.0 ], [ -64.4869, -31.3119, 0.0 ], [ -64.4863, -31.3126, 0.0 ], [ -64.4851, -31.313, 0.0 ], [ -64.4838, -31.3137, 0.0 ], [ -64.4826, -31.3128, 0.0 ], [ -64.4822, -31.3121, 0.0 ], [ -64.4814, -31.3125, 0.0 ], [ -64.4807, -31.3133, 0.0 ], [ -64.4798, -31.3134, 0.0 ], [ -64.4792, -31.3127, 0.0 ], [ -64.4787, -31.3119, 0.0 ], [ -64.4775, -31.3124, 0.0 ], [ -64.4772, -31.3134, 0.0 ], [ -64.4762, -31.3127, 0.0 ], [ -64.4759, -31.3114, 0.0 ], [ -64.4747, -31.3107, 0.0 ], [ -64.4738, -31.3102, 0.0 ], [ -64.4737, -31.3088, 0.0 ], [ -64.4735, -31.3072, 0.0 ], [ -64.4729, -31.3067, 0.0 ], [ -64.4713, -31.3075, 0.0 ], [ -64.4705, -31.3069, 0.0 ], [ -64.47, -31.3062, 0.0 ], [ -64.4689, -31.3065, 0.0 ], [ -64.4681, -31.3068, 0.0 ], [ -64.4675, -31.307, 0.0 ], [ -64.4672, -31.3074, 0.0 ], [ -64.4672, -31.3082, 0.0 ], [ -64.4673, -31.3089, 0.0 ], [ -64.4672, -31.3097, 0.0 ], [ -64.4668, -31.3105, 0.0 ], [ -64.4663, -31.311, 0.0 ], [ -64.4653, -31.3108, 0.0 ], [ -64.4641, -31.3105, 0.0 ], [ -64.4633, -31.3101, 0.0 ], [ -64.4625, -31.31, 0.0 ], [ -64.4612, -31.31, 0.0 ], [ -64.4605, -31.3098, 0.0 ], [ -64.4599, -31.3086, 0.0 ], [ -64.4597, -31.3082, 0.0 ], [ -64.4595, -31.3075, 0.0 ], [ -64.4592, -31.3071, 0.0 ], [ -64.4587, -31.3071, 0.0 ], [ -64.4579, -31.3073, 0.0 ], [ -64.4576, -31.3077, 0.0 ], [ -64.4565, -31.3077, 0.0 ], [ -64.4559, -31.3079, 0.0 ], [ -64.4554, -31.3078, 0.0 ], [ -64.4547, -31.3078, 0.0 ], [ -64.4544, -31.308, 0.0 ], [ -64.4541, -31.308, 0.0 ], [ -64.4537, -31.3081, 0.0 ], [ -64.4531, -31.3082, 0.0 ], [ -64.4524, -31.3084, 0.0 ], [ -64.4376, -31.3083, 0.0 ], [ -64.4327, -31.3081, 0.0 ], [ -64.4324, -31.3055, 0.0 ], [ -64.4323, -31.2954, 0.0 ], [ -64.4323, -31.2841, 0.0 ], [ -64.432, -31.2727, 0.0 ], [ -64.432, -31.2629, 0.0 ], [ -64.4374, -31.2629, 0.0 ], [ -64.4451, -31.2629, 0.0 ], [ -64.4524, -31.2614, 0.0 ], [ -64.4525, -31.2599, 0.0 ], [ -64.4584, -31.2588, 0.0 ], [ -64.4603, -31.2585, 0.0 ], [ -64.4615, -31.2583, 0.0 ], [ -64.4617, -31.2581, 0.0 ], [ -64.4622, -31.2585, 0.0 ], [ -64.463, -31.2589, 0.0 ], [ -64.4639, -31.259, 0.0 ], [ -64.4642, -31.2595, 0.0 ], [ -64.4648, -31.26, 0.0 ], [ -64.466, -31.2601, 0.0 ], [ -64.466, -31.2595, 0.0 ], [ -64.466, -31.2593, 0.0 ], [ -64.4669, -31.2593, 0.0 ], [ -64.4684, -31.2592, 0.0 ], [ -64.4697, -31.2591, 0.0 ], [ -64.4704, -31.26, 0.0 ], [ -64.4712, -31.2605, 0.0 ], [ -64.4719, -31.2607, 0.0 ], [ -64.4732, -31.2606, 0.0 ], [ -64.474, -31.2605, 0.0 ], [ -64.4751, -31.2603, 0.0 ], [ -64.4763, -31.2599, 0.0 ], [ -64.4768, -31.2593, 0.0 ], [ -64.4774, -31.2591, 0.0 ], [ -64.4777, -31.2586, 0.0 ], [ -64.4788, -31.2585, 0.0 ], [ -64.4797, -31.2583, 0.0 ], [ -64.4798, -31.2575, 0.0 ], [ -64.4804, -31.2577, 0.0 ], [ -64.481, -31.2574, 0.0 ], [ -64.4819, -31.257, 0.0 ], [ -64.4824, -31.2563, 0.0 ], [ -64.4838, -31.2564, 0.0 ], [ -64.4873, -31.2562, 0.0 ], [ -64.5057, -31.2549, 0.0 ], [ -64.5187, -31.254, 0.0 ], [ -64.5195, -31.2545, 0.0 ], [ -64.5249, -31.2543, 0.0 ], [ -64.5258, -31.2559, 0.0 ], [ -64.5282, -31.2559, 0.0 ], [ -64.5334, -31.2575, 0.0 ], [ -64.5372, -31.2578, 0.0 ], [ -64.5402, -31.2591, 0.0 ], [ -64.5428, -31.2596, 0.0 ], [ -64.5432, -31.2586, 0.0 ], [ -64.5475, -31.2586, 0.0 ], [ -64.5482, -31.26, 0.0 ], [ -64.5497, -31.2613, 0.0 ], [ -64.5499, -31.2624, 0.0 ], [ -64.5521, -31.2625, 0.0 ], [ -64.5529, -31.2637, 0.0 ], [ -64.5551, -31.2637, 0.0 ], [ -64.5551, -31.2626, 0.0 ], [ -64.5559, -31.2618, 0.0 ], [ -64.5565, -31.2606, 0.0 ], [ -64.5592, -31.2602, 0.0 ], [ -64.5606, -31.2597, 0.0 ], [ -64.5628, -31.2603, 0.0 ], [ -64.5651, -31.261, 0.0 ], [ -64.5678, -31.2617, 0.0 ], [ -64.5699, -31.2609, 0.0 ], [ -64.5734, -31.2616, 0.0 ], [ -64.5749, -31.2628, 0.0 ], [ -64.5775, -31.2619, 0.0 ], [ -64.5794, -31.2609, 0.0 ], [ -64.581, -31.26, 0.0 ], [ -64.5835, -31.26, 0.0 ], [ -64.5841, -31.2604, 0.0 ], [ -64.5851, -31.2573, 0.0 ], [ -64.5876, -31.2564, 0.0 ], [ -64.5886, -31.2564, 0.0 ], [ -64.5908, -31.2562, 0.0 ], [ -64.5917, -31.2555, 0.0 ], [ -64.5937, -31.2557, 0.0 ], [ -64.5954, -31.2554, 0.0 ], [ -64.5965, -31.2548, 0.0 ], [ -64.6012, -31.2545, 0.0 ], [ -64.6025, -31.2538, 0.0 ], [ -64.6026, -31.2525, 0.0 ], [ -64.6034, -31.2507, 0.0 ], [ -64.6039, -31.248, 0.0 ], [ -64.6062, -31.2459, 0.0 ], [ -64.6072, -31.2453, 0.0 ], [ -64.6079, -31.244, 0.0 ], [ -64.6084, -31.2434, 0.0 ], [ -64.6094, -31.2431, 0.0 ], [ -64.6115, -31.2439, 0.0 ], [ -64.6134, -31.2449, 0.0 ], [ -64.6145, -31.2445, 0.0 ], [ -64.6156, -31.2434, 0.0 ], [ -64.6175, -31.2404, 0.0 ], [ -64.6189, -31.239, 0.0 ], [ -64.6199, -31.2378, 0.0 ], [ -64.6206, -31.2375, 0.0 ], [ -64.6222, -31.2382, 0.0 ], [ -64.6239, -31.2379, 0.0 ], [ -64.6277, -31.237, 0.0 ], [ -64.6295, -31.2366, 0.0 ], [ -64.6303, -31.2352, 0.0 ], [ -64.6314, -31.2347, 0.0 ], [ -64.6327, -31.2354, 0.0 ], [ -64.6347, -31.2371, 0.0 ], [ -64.6366, -31.236, 0.0 ], [ -64.638, -31.2371, 0.0 ], [ -64.6388, -31.2404, 0.0 ], [ -64.6407, -31.2407, 0.0 ], [ -64.6429, -31.2396, 0.0 ], [ -64.6444, -31.2398, 0.0 ], [ -64.6469, -31.2407, 0.0 ], [ -64.6469, -31.2431, 0.0 ], [ -64.6478, -31.244, 0.0 ], [ -64.6502, -31.2432, 0.0 ], [ -64.6513, -31.2431, 0.0 ], [ -64.6531, -31.2436, 0.0 ], [ -64.6546, -31.2422, 0.0 ], [ -64.654, -31.2415, 0.0 ], [ -64.655, -31.2405, 0.0 ], [ -64.6562, -31.2401, 0.0 ], [ -64.6566, -31.2412, 0.0 ], [ -64.6578, -31.2414, 0.0 ], [ -64.659, -31.2401, 0.0 ], [ -64.6603, -31.2397, 0.0 ], [ -64.6639, -31.2385, 0.0 ], [ -64.664, -31.2374, 0.0 ], [ -64.6649, -31.2361, 0.0 ], [ -64.6656, -31.2352, 0.0 ], [ -64.6672, -31.2345, 0.0 ], [ -64.6699, -31.234, 0.0 ], [ -64.672, -31.2338, 0.0 ], [ -64.6751, -31.2351, 0.0 ], [ -64.6757, -31.2361, 0.0 ], [ -64.6769, -31.2368, 0.0 ], [ -64.6787, -31.2368, 0.0 ], [ -64.6803, -31.2366, 0.0 ], [ -64.6849, -31.2354, 0.0 ], [ -64.6867, -31.2349, 0.0 ], [ -64.6878, -31.2311, 0.0 ], [ -64.7023, -31.2311, 0.0 ], [ -64.7113, -31.2311, 0.0 ], [ -64.7186, -31.2311, 0.0 ], [ -64.7196, -31.2329, 0.0 ], [ -64.7226, -31.2428, 0.0 ], [ -64.7233, -31.2449, 0.0 ], [ -64.7306, -31.2571, 0.0 ], [ -64.7392, -31.2822, 0.0 ], [ -64.6143, -31.2826, 0.0 ], [ -64.5636, -31.2826, 0.0 ], [ -64.5399, -31.2826, 0.0 ], [ -64.5379, -31.2833, 0.0 ], [ -64.5363, -31.2841, 0.0 ], [ -64.5363, -31.2859, 0.0 ], [ -64.5329, -31.2872, 0.0 ], [ -64.5303, -31.2881, 0.0 ], [ -64.5257, -31.288, 0.0 ], [ -64.5214, -31.2887, 0.0 ], [ -64.5181, -31.2891, 0.0 ], [ -64.5149, -31.2883, 0.0 ], [ -64.514, -31.2898, 0.0 ], [ -64.5124, -31.2905, 0.0 ], [ -64.5111, -31.2926, 0.0 ], [ -64.5087, -31.295, 0.0 ], [ -64.5061, -31.2954, 0.0 ], [ -64.5053, -31.2967, 0.0 ], [ -64.5038, -31.2974, 0.0 ], [ -64.5024, -31.298, 0.0 ], [ -64.5012, -31.3, 0.0 ], [ -64.4994, -31.3013, 0.0 ], [ -64.4964, -31.3039, 0.0 ], [ -64.4938, -31.3046, 0.0 ], [ -64.4912, -31.3052, 0.0 ], [ -64.4905, -31.3072, 0.0 ], [ -64.4894, -31.3094, 0.0 ], [ -64.4883, -31.3093, 0.0 ] ] ] ] } },
{ "type": "Feature", "properties": { "circuito": "00147", "codprov": "04", "coddepto": "012" }, "geometry": { "type": "MultiPolygon", "coordinates": [ [ [ [ -64.4592, -31.3071, 0.0 ], [ -64.4597, -31.3082, 0.0 ], [ -64.4606, -31.3099, 0.0 ], [ -64.4612, -31.3102, 0.0 ], [ -64.462, -31.31, 0.0 ], [ -64.4627, -31.31, 0.0 ], [ -64.4633, -31.3101, 0.0 ], [ -64.4641, -31.3105, 0.0 ], [ -64.465, -31.3107, 0.0 ], [ -64.4661, -31.3109, 0.0 ], [ -64.4668, -31.3105, 0.0 ], [ -64.4672, -31.3097, 0.0 ], [ -64.4672, -31.3085, 0.0 ], [ -64.4672, -31.3074, 0.0 ], [ -64.4675, -31.307, 0.0 ], [ -64.47, -31.3062, 0.0 ], [ -64.4713, -31.3075, 0.0 ], [ -64.4729, -31.3067, 0.0 ], [ -64.4736, -31.3075, 0.0 ], [ -64.4738, -31.3102, 0.0 ], [ -64.4747, -31.3107, 0.0 ], [ -64.4759, -31.3114, 0.0 ], [ -64.4764, -31.3129, 0.0 ], [ -64.4772, -31.3134, 0.0 ], [ -64.4775, -31.3124, 0.0 ], [ -64.4787, -31.3119, 0.0 ], [ -64.4798, -31.3134, 0.0 ], [ -64.4807, -31.3133, 0.0 ], [ -64.4814, -31.3125, 0.0 ], [ -64.4822, -31.3121, 0.0 ], [ -64.4826, -31.3128, 0.0 ], [ -64.4835, -31.3135, 0.0 ], [ -64.4851, -31.313, 0.0 ], [ -64.4863, -31.3126, 0.0 ], [ -64.4869, -31.3119, 0.0 ], [ -64.487, -31.3106, 0.0 ], [ -64.4883, -31.3093, 0.0 ], [ -64.4894, -31.3094, 0.0 ], [ -64.4912, -31.3052, 0.0 ], [ -64.4964, -31.3039, 0.0 ], [ -64.5009, -31.3002, 0.0 ], [ -64.5024, -31.298, 0.0 ], [ -64.5053, -31.2967, 0.0 ], [ -64.5061, -31.2954, 0.0 ], [ -64.5087, -31.295, 0.0 ], [ -64.5111, -31.2926, 0.0 ], [ -64.5124, -31.2905, 0.0 ], [ -64.514, -31.2898, 0.0 ], [ -64.5149, -31.2883, 0.0 ], [ -64.5185, -31.289, 0.0 ], [ -64.5252, -31.288, 0.0 ], [ -64.5303, -31.2881, 0.0 ], [ -64.5356, -31.2862, 0.0 ], [ -64.5356, -31.3109, 0.0 ], [ -64.535, -31.3117, 0.0 ], [ -64.535, -31.3125, 0.0 ], [ -64.5345, -31.3145, 0.0 ], [ -64.5316, -31.3138, 0.0 ], [ -64.5314, -31.3145, 0.0 ], [ -64.5309, -31.3163, 0.0 ], [ -64.5294, -31.3162, 0.0 ], [ -64.5287, -31.315, 0.0 ], [ -64.5279, -31.3137, 0.0 ], [ -64.5271, -31.3138, 0.0 ], [ -64.5273, -31.3154, 0.0 ], [ -64.5255, -31.3149, 0.0 ], [ -64.5235, -31.3137, 0.0 ], [ -64.5213, -31.3126, 0.0 ], [ -64.5193, -31.3126, 0.0 ], [ -64.518, -31.3135, 0.0 ], [ -64.5166, -31.3135, 0.0 ], [ -64.5159, -31.3128, 0.0 ], [ -64.5151, -31.3131, 0.0 ], [ -64.5149, -31.3143, 0.0 ], [ -64.5136, -31.3139, 0.0 ], [ -64.5125, -31.3135, 0.0 ], [ -64.5125, -31.3148, 0.0 ], [ -64.512, -31.3167, 0.0 ], [ -64.511, -31.3199, 0.0 ], [ -64.5104, -31.321, 0.0 ], [ -64.5095, -31.3229, 0.0 ], [ -64.5094, -31.3242, 0.0 ], [ -64.5085, -31.3267, 0.0 ], [ -64.507, -31.3284, 0.0 ], [ -64.5059, -31.33, 0.0 ], [ -64.505, -31.3312, 0.0 ], [ -64.5049, -31.3322, 0.0 ], [ -64.5049, -31.3334, 0.0 ], [ -64.5065, -31.3351, 0.0 ], [ -64.5055, -31.3368, 0.0 ], [ -64.5048, -31.3389, 0.0 ], [ -64.5044, -31.3401, 0.0 ], [ -64.5037, -31.3406, 0.0 ], [ -64.5023, -31.3395, 0.0 ], [ -64.5015, -31.3383, 0.0 ], [ -64.5002, -31.3379, 0.0 ], [ -64.4991, -31.3386, 0.0 ], [ -64.4976, -31.3391, 0.0 ], [ -64.4958, -31.3392, 0.0 ], [ -64.4937, -31.3394, 0.0 ], [ -64.493, -31.3393, 0.0 ], [ -64.4914, -31.3392, 0.0 ], [ -64.4905, -31.3388, 0.0 ], [ -64.4897, -31.3387, 0.0 ], [ -64.4892, -31.3387, 0.0 ], [ -64.4881, -31.3388, 0.0 ], [ -64.4876, -31.3395, 0.0 ], [ -64.4874, -31.34, 0.0 ], [ -64.4873, -31.3407, 0.0 ], [ -64.4871, -31.3419, 0.0 ], [ -64.4868, -31.3426, 0.0 ], [ -64.486, -31.3431, 0.0 ], [ -64.4852, -31.3427, 0.0 ], [ -64.4845, -31.342, 0.0 ], [ -64.4841, -31.3414, 0.0 ], [ -64.4837, -31.341, 0.0 ], [ -64.4826, -31.3408, 0.0 ], [ -64.4819, -31.3414, 0.0 ], [ -64.4816, -31.3421, 0.0 ], [ -64.481, -31.342, 0.0 ], [ -64.4807, -31.342, 0.0 ], [ -64.4797, -31.3415, 0.0 ], [ -64.4789, -31.341, 0.0 ], [ -64.477, -31.3399, 0.0 ], [ -64.4768, -31.3395, 0.0 ], [ -64.4763, -31.3386, 0.0 ], [ -64.4751, -31.3382, 0.0 ], [ -64.474, -31.3384, 0.0 ], [ -64.4732, -31.3389, 0.0 ], [ -64.4725, -31.3396, 0.0 ], [ -64.4717, -31.3401, 0.0 ], [ -64.4723, -31.3407, 0.0 ], [ -64.4711, -31.3407, 0.0 ], [ -64.4698, -31.3411, 0.0 ], [ -64.4661, -31.341, 0.0 ], [ -64.4628, -31.3395, 0.0 ], [ -64.4609, -31.3386, 0.0 ], [ -64.4592, -31.3387, 0.0 ], [ -64.4571, -31.3386, 0.0 ], [ -64.4535, -31.3384, 0.0 ], [ -64.4514, -31.3383, 0.0 ], [ -64.4488, -31.3382, 0.0 ], [ -64.4368, -31.3382, 0.0 ], [ -64.4365, -31.3373, 0.0 ], [ -64.4356, -31.3327, 0.0 ], [ -64.4346, -31.3238, 0.0 ], [ -64.4337, -31.3155, 0.0 ], [ -64.4327, -31.3081, 0.0 ], [ -64.4417, -31.3084, 0.0 ], [ -64.4524, -31.3084, 0.0 ], [ -64.4537, -31.3081, 0.0 ], [ -64.4541, -31.308, 0.0 ], [ -64.4547, -31.3078, 0.0 ], [ -64.4554, -31.3078, 0.0 ], [ -64.4559, -31.3079, 0.0 ], [ -64.4565, -31.3077, 0.0 ], [ -64.4576, -31.3077, 0.0 ], [ -64.4583, -31.3072, 0.0 ], [ -64.4592, -31.3071, 0.0 ] ] ] ] } },
{ "type": "Feature", "properties": { "circuito": "0147A", "codprov": "04", "coddepto": "012" }, "geometry": { "type": "MultiPolygon", "coordinates": [ [ [ [ -64.4597, -31.3387, 0.0 ], [ -64.4609, -31.3386, 0.0 ], [ -64.4661, -31.341, 0.0 ], [ -64.4669, -31.3447, 0.0 ], [ -64.467, -31.3466, 0.0 ], [ -64.4672, -31.3478, 0.0 ], [ -64.4672, -31.3481, 0.0 ], [ -64.4672, -31.3492, 0.0 ], [ -64.466, -31.3496, 0.0 ], [ -64.4662, -31.3518, 0.0 ], [ -64.464, -31.356, 0.0 ], [ -64.4632, -31.3586, 0.0 ], [ -64.4617, -31.3597, 0.0 ], [ -64.4594, -31.3596, 0.0 ], [ -64.4556, -31.3589, 0.0 ], [ -64.4543, -31.3588, 0.0 ], [ -64.4409, -31.3587, 0.0 ], [ -64.4396, -31.352, 0.0 ], [ -64.4378, -31.3437, 0.0 ], [ -64.4368, -31.3382, 0.0 ], [ -64.4465, -31.3382, 0.0 ], [ -64.4518, -31.3383, 0.0 ], [ -64.4595, -31.3387, 0.0 ], [ -64.4597, -31.3387, 0.0 ] ] ] ] } },
{ "type": "Feature", "properties": { "circuito": "00156", "codprov": "04", "coddepto": "012" }, "geometry": { "type": "MultiPolygon", "coordinates": [ [ [ [ -64.461, -31.3652, 0.0 ], [ -64.4611, -31.3662, 0.0 ], [ -64.4611, -31.3669, 0.0 ], [ -64.4613, -31.3675, 0.0 ], [ -64.4616, -31.368, 0.0 ], [ -64.462, -31.3686, 0.0 ], [ -64.4622, -31.3693, 0.0 ], [ -64.4625, -31.3698, 0.0 ], [ -64.4628, -31.3706, 0.0 ], [ -64.4631, -31.3712, 0.0 ], [ -64.4636, -31.3724, 0.0 ], [ -64.464, -31.3733, 0.0 ], [ -64.4642, -31.3741, 0.0 ], [ -64.4644, -31.3746, 0.0 ], [ -64.4647, -31.3761, 0.0 ], [ -64.465, -31.3774, 0.0 ], [ -64.4654, -31.3787, 0.0 ], [ -64.4657, -31.3801, 0.0 ], [ -64.466, -31.3812, 0.0 ], [ -64.4676, -31.3825, 0.0 ], [ -64.4689, -31.3833, 0.0 ], [ -64.47, -31.3843, 0.0 ], [ -64.4725, -31.3853, 0.0 ], [ -64.4739, -31.3873, 0.0 ], [ -64.4746, -31.3874, 0.0 ], [ -64.476, -31.3878, 0.0 ], [ -64.4763, -31.3881, 0.0 ], [ -64.4777, -31.3887, 0.0 ], [ -64.4782, -31.389, 0.0 ], [ -64.4796, -31.3891, 0.0 ], [ -64.4804, -31.3894, 0.0 ], [ -64.4806, -31.3895, 0.0 ], [ -64.4816, -31.3895, 0.0 ], [ -64.482, -31.3898, 0.0 ], [ -64.483, -31.3902, 0.0 ], [ -64.4841, -31.3908, 0.0 ], [ -64.4855, -31.3914, 0.0 ], [ -64.4862, -31.3918, 0.0 ], [ -64.4868, -31.3928, 0.0 ], [ -64.4872, -31.3939, 0.0 ], [ -64.4877, -31.3951, 0.0 ], [ -64.4885, -31.3973, 0.0 ], [ -64.4893, -31.3979, 0.0 ], [ -64.4902, -31.3985, 0.0 ], [ -64.4903, -31.3993, 0.0 ], [ -64.4912, -31.3996, 0.0 ], [ -64.4919, -31.3999, 0.0 ], [ -64.4931, -31.4003, 0.0 ], [ -64.494, -31.4006, 0.0 ], [ -64.4948, -31.4009, 0.0 ], [ -64.4952, -31.4011, 0.0 ], [ -64.4958, -31.4013, 0.0 ], [ -64.4964, -31.4015, 0.0 ], [ -64.4971, -31.4018, 0.0 ], [ -64.4975, -31.4013, 0.0 ], [ -64.5008, -31.4008, 0.0 ], [ -64.5038, -31.4006, 0.0 ], [ -64.5058, -31.3997, 0.0 ], [ -64.5065, -31.3986, 0.0 ], [ -64.5091, -31.3971, 0.0 ], [ -64.5104, -31.3978, 0.0 ], [ -64.5096, -31.4045, 0.0 ], [ -64.5105, -31.4042, 0.0 ], [ -64.512, -31.402, 0.0 ], [ -64.5144, -31.4013, 0.0 ], [ -64.5142, -31.3995, 0.0 ], [ -64.5147, -31.3983, 0.0 ], [ -64.5157, -31.3974, 0.0 ], [ -64.5164, -31.3971, 0.0 ], [ -64.5175, -31.397, 0.0 ], [ -64.5181, -31.3983, 0.0 ], [ -64.5193, -31.3991, 0.0 ], [ -64.5207, -31.3996, 0.0 ], [ -64.526, -31.3992, 0.0 ], [ -64.529, -31.4006, 0.0 ], [ -64.5301, -31.3976, 0.0 ], [ -64.5332, -31.3942, 0.0 ], [ -64.5361, -31.3918, 0.0 ], [ -64.5366, -31.3905, 0.0 ], [ -64.5377, -31.3923, 0.0 ], [ -64.5376, -31.3948, 0.0 ], [ -64.5355, -31.3965, 0.0 ], [ -64.5358, -31.3979, 0.0 ], [ -64.5368, -31.3979, 0.0 ], [ -64.5382, -31.3979, 0.0 ], [ -64.5395, -31.3979, 0.0 ], [ -64.5405, -31.3979, 0.0 ], [ -64.542, -31.3977, 0.0 ], [ -64.5431, -31.3978, 0.0 ], [ -64.5448, -31.398, 0.0 ], [ -64.5453, -31.3989, 0.0 ], [ -64.5459, -31.3998, 0.0 ], [ -64.5461, -31.4002, 0.0 ], [ -64.5464, -31.4006, 0.0 ], [ -64.5466, -31.4007, 0.0 ], [ -64.5472, -31.4007, 0.0 ], [ -64.5482, -31.4009, 0.0 ], [ -64.5516, -31.4013, 0.0 ], [ -64.5516, -31.4128, 0.0 ], [ -64.5516, -31.4627, 0.0 ], [ -64.5325, -31.4627, 0.0 ], [ -64.5311, -31.4627, 0.0 ], [ -64.5289, -31.4626, 0.0 ], [ -64.528, -31.4622, 0.0 ], [ -64.5261, -31.4621, 0.0 ], [ -64.5242, -31.4622, 0.0 ], [ -64.5233, -31.4628, 0.0 ], [ -64.5207, -31.4635, 0.0 ], [ -64.5176, -31.4638, 0.0 ], [ -64.5159, -31.4645, 0.0 ], [ -64.5146, -31.4649, 0.0 ], [ -64.5097, -31.4663, 0.0 ], [ -64.5078, -31.4665, 0.0 ], [ -64.5063, -31.4632, 0.0 ], [ -64.5052, -31.4599, 0.0 ], [ -64.5045, -31.4577, 0.0 ], [ -64.5031, -31.456, 0.0 ], [ -64.5, -31.4504, 0.0 ], [ -64.4974, -31.4465, 0.0 ], [ -64.493, -31.4397, 0.0 ], [ -64.4794, -31.4262, 0.0 ], [ -64.4753, -31.422, 0.0 ], [ -64.4675, -31.4114, 0.0 ], [ -64.4648, -31.4078, 0.0 ], [ -64.4634, -31.4058, 0.0 ], [ -64.462, -31.4042, 0.0 ], [ -64.455, -31.3948, 0.0 ], [ -64.4523, -31.3911, 0.0 ], [ -64.4479, -31.38, 0.0 ], [ -64.4454, -31.3741, 0.0 ], [ -64.4428, -31.3678, 0.0 ], [ -64.442, -31.3635, 0.0 ], [ -64.4409, -31.3587, 0.0 ], [ -64.4465, -31.3587, 0.0 ], [ -64.4519, -31.3588, 0.0 ], [ -64.4556, -31.3589, 0.0 ], [ -64.4594, -31.3596, 0.0 ], [ -64.4606, -31.3597, 0.0 ], [ -64.4618, -31.3597, 0.0 ], [ -64.4608, -31.3606, 0.0 ], [ -64.4608, -31.3631, 0.0 ], [ -64.4609, -31.3644, 0.0 ], [ -64.461, -31.3652, 0.0 ] ] ] ] } },
{ "type": "Feature", "properties": { "circuito": "0156C", "codprov": "04", "coddepto": "012" }, "geometry": { "type": "MultiPolygon", "coordinates": [ [ [ [ -64.5516, -31.4681, 0.0 ], [ -64.5516, -31.4708, 0.0 ], [ -64.549, -31.4719, 0.0 ], [ -64.5482, -31.4732, 0.0 ], [ -64.5466, -31.4747, 0.0 ], [ -64.5462, -31.4754, 0.0 ], [ -64.5449, -31.476, 0.0 ], [ -64.5443, -31.477, 0.0 ], [ -64.5445, -31.4783, 0.0 ], [ -64.5451, -31.4793, 0.0 ], [ -64.5446, -31.4802, 0.0 ], [ -64.5431, -31.4811, 0.0 ], [ -64.5418, -31.4811, 0.0 ], [ -64.5403, -31.4806, 0.0 ], [ -64.539, -31.48, 0.0 ], [ -64.5382, -31.4793, 0.0 ], [ -64.5377, -31.4786, 0.0 ], [ -64.537, -31.4776, 0.0 ], [ -64.5366, -31.477, 0.0 ], [ -64.536, -31.4761, 0.0 ], [ -64.5364, -31.4747, 0.0 ], [ -64.5369, -31.4744, 0.0 ], [ -64.5369, -31.4738, 0.0 ], [ -64.5368, -31.4727, 0.0 ], [ -64.5367, -31.4719, 0.0 ], [ -64.5374, -31.4711, 0.0 ], [ -64.5381, -31.4706, 0.0 ], [ -64.5388, -31.4703, 0.0 ], [ -64.5393, -31.4694, 0.0 ], [ -64.5398, -31.4685, 0.0 ], [ -64.5398, -31.4678, 0.0 ], [ -64.5391, -31.4674, 0.0 ], [ -64.5383, -31.4665, 0.0 ], [ -64.5379, -31.4651, 0.0 ], [ -64.5379, -31.4643, 0.0 ], [ -64.5379, -31.4627, 0.0 ], [ -64.5435, -31.4627, 0.0 ], [ -64.5501, -31.4626, 0.0 ], [ -64.5516, -31.4627, 0.0 ], [ -64.5516, -31.4681, 0.0 ] ] ] ] } },
{ "type": "Feature", "properties": { "circuito": "0156D", "codprov": "04", "coddepto": "012" }, "geometry": { "type": "MultiPolygon", "coordinates": [ [ [ [ -64.5822, -31.6671, 0.0 ], [ -64.5983, -31.6673, 0.0 ], [ -64.6157, -31.6672, 0.0 ], [ -64.6335, -31.6671, 0.0 ], [ -64.6335, -31.6956, 0.0 ], [ -64.6236, -31.6976, 0.0 ], [ -64.619, -31.6982, 0.0 ], [ -64.6057, -31.6991, 0.0 ], [ -64.6018, -31.7051, 0.0 ], [ -64.6, -31.7079, 0.0 ], [ -64.5901, -31.7077, 0.0 ], [ -64.5772, -31.7072, 0.0 ], [ -64.5739, -31.7071, 0.0 ], [ -64.5621, -31.7095, 0.0 ], [ -64.5541, -31.6999, 0.0 ], [ -64.543, -31.6961, 0.0 ], [ -64.535, -31.6976, 0.0 ], [ -64.5283, -31.6984, 0.0 ], [ -64.5246, -31.6987, 0.0 ], [ -64.5222, -31.6959, 0.0 ], [ -64.5269, -31.6927, 0.0 ], [ -64.5346, -31.6796, 0.0 ], [ -64.542, -31.6653, 0.0 ], [ -64.5453, -31.6517, 0.0 ], [ -64.5495, -31.6334, 0.0 ], [ -64.5499, -31.6288, 0.0 ], [ -64.5517, -31.6042, 0.0 ], [ -64.5525, -31.5949, 0.0 ], [ -64.5507, -31.5659, 0.0 ], [ -64.5499, -31.5623, 0.0 ], [ -64.5453, -31.545, 0.0 ], [ -64.5448, -31.5428, 0.0 ], [ -64.535, -31.5219, 0.0 ], [ -64.532, -31.5153, 0.0 ], [ -64.5253, -31.4995, 0.0 ], [ -64.5184, -31.4829, 0.0 ], [ -64.5165, -31.4786, 0.0 ], [ -64.5156, -31.476, 0.0 ], [ -64.5134, -31.4716, 0.0 ], [ -64.5097, -31.4663, 0.0 ], [ -64.5134, -31.4652, 0.0 ], [ -64.5169, -31.4641, 0.0 ], [ -64.5176, -31.4638, 0.0 ], [ -64.5195, -31.4636, 0.0 ], [ -64.5212, -31.4634, 0.0 ], [ -64.5233, -31.4628, 0.0 ], [ -64.5242, -31.4622, 0.0 ], [ -64.5264, -31.4621, 0.0 ], [ -64.5283, -31.4623, 0.0 ], [ -64.5289, -31.4626, 0.0 ], [ -64.5318, -31.4627, 0.0 ], [ -64.5361, -31.4627, 0.0 ], [ -64.5379, -31.4627, 0.0 ], [ -64.5379, -31.4651, 0.0 ], [ -64.5382, -31.4661, 0.0 ], [ -64.5389, -31.4672, 0.0 ], [ -64.5398, -31.4678, 0.0 ], [ -64.5398, -31.4685, 0.0 ], [ -64.5391, -31.4698, 0.0 ], [ -64.5388, -31.4703, 0.0 ], [ -64.5377, -31.4709, 0.0 ], [ -64.5367, -31.4719, 0.0 ], [ -64.5368, -31.4731, 0.0 ], [ -64.5369, -31.4744, 0.0 ], [ -64.5364, -31.4747, 0.0 ], [ -64.5362, -31.4754, 0.0 ], [ -64.536, -31.4761, 0.0 ], [ -64.5364, -31.4767, 0.0 ], [ -64.5368, -31.4773, 0.0 ], [ -64.537, -31.4776, 0.0 ], [ -64.5375, -31.4783, 0.0 ], [ -64.5378, -31.4788, 0.0 ], [ -64.5382, -31.4793, 0.0 ], [ -64.539, -31.48, 0.0 ], [ -64.5407, -31.4807, 0.0 ], [ -64.5418, -31.4811, 0.0 ], [ -64.5431, -31.4811, 0.0 ], [ -64.5431, -31.4821, 0.0 ], [ -64.542, -31.4829, 0.0 ], [ -64.5421, -31.4836, 0.0 ], [ -64.5418, -31.4841, 0.0 ], [ -64.5416, -31.4846, 0.0 ], [ -64.5415, -31.485, 0.0 ], [ -64.5417, -31.486, 0.0 ], [ -64.5418, -31.4864, 0.0 ], [ -64.5422, -31.4868, 0.0 ], [ -64.5437, -31.4869, 0.0 ], [ -64.5446, -31.4868, 0.0 ], [ -64.5459, -31.4865, 0.0 ], [ -64.5475, -31.4864, 0.0 ], [ -64.5477, -31.4871, 0.0 ], [ -64.5482, -31.4872, 0.0 ], [ -64.5486, -31.4881, 0.0 ], [ -64.5503, -31.4895, 0.0 ], [ -64.5504, -31.4902, 0.0 ], [ -64.5512, -31.4906, 0.0 ], [ -64.5513, -31.4913, 0.0 ], [ -64.5518, -31.4918, 0.0 ], [ -64.5524, -31.4919, 0.0 ], [ -64.5531, -31.4922, 0.0 ], [ -64.5538, -31.4923, 0.0 ], [ -64.5541, -31.4927, 0.0 ], [ -64.5545, -31.4932, 0.0 ], [ -64.555, -31.4938, 0.0 ], [ -64.5551, -31.4941, 0.0 ], [ -64.5553, -31.4945, 0.0 ], [ -64.5561, -31.4949, 0.0 ], [ -64.5566, -31.4952, 0.0 ], [ -64.5572, -31.4955, 0.0 ], [ -64.5576, -31.4961, 0.0 ], [ -64.5587, -31.5006, 0.0 ], [ -64.5606, -31.5083, 0.0 ], [ -64.5627, -31.5167, 0.0 ], [ -64.5635, -31.5197, 0.0 ], [ -64.5649, -31.5239, 0.0 ], [ -64.5671, -31.5299, 0.0 ], [ -64.5679, -31.532, 0.0 ], [ -64.5687, -31.5395, 0.0 ], [ -64.5705, -31.5532, 0.0 ], [ -64.5725, -31.5672, 0.0 ], [ -64.5734, -31.573, 0.0 ], [ -64.5743, -31.5802, 0.0 ], [ -64.5751, -31.5885, 0.0 ], [ -64.5753, -31.5915, 0.0 ], [ -64.5757, -31.6012, 0.0 ], [ -64.576, -31.6038, 0.0 ], [ -64.5778, -31.6163, 0.0 ], [ -64.5789, -31.6243, 0.0 ], [ -64.5798, -31.6336, 0.0 ], [ -64.5805, -31.6424, 0.0 ], [ -64.5815, -31.6549, 0.0 ], [ -64.5822, -31.6671, 0.0 ] ] ] ] } },
{ "type": "Feature", "properties": { "circuito": "0156E", "codprov": "04", "coddepto": "012" }, "geometry": { "type": "MultiPolygon", "coordinates": [ [ [ [ -64.5701, -31.4703, 0.0 ], [ -64.5721, -31.4721, 0.0 ], [ -64.5721, -31.4752, 0.0 ], [ -64.5705, -31.4764, 0.0 ], [ -64.5692, -31.4768, 0.0 ], [ -64.5664, -31.4764, 0.0 ], [ -64.5662, -31.4764, 0.0 ], [ -64.565, -31.4766, 0.0 ], [ -64.5643, -31.4774, 0.0 ], [ -64.5634, -31.4777, 0.0 ], [ -64.5623, -31.4778, 0.0 ], [ -64.5614, -31.4774, 0.0 ], [ -64.5612, -31.4764, 0.0 ], [ -64.5618, -31.4743, 0.0 ], [ -64.5622, -31.4732, 0.0 ], [ -64.5621, -31.4726, 0.0 ], [ -64.5616, -31.472, 0.0 ], [ -64.5606, -31.4718, 0.0 ], [ -64.5597, -31.4714, 0.0 ], [ -64.559, -31.4709, 0.0 ], [ -64.5588, -31.4703, 0.0 ], [ -64.5586, -31.4697, 0.0 ], [ -64.5586, -31.4683, 0.0 ], [ -64.5626, -31.4682, 0.0 ], [ -64.5679, -31.4682, 0.0 ], [ -64.5682, -31.4686, 0.0 ], [ -64.5691, -31.4693, 0.0 ], [ -64.5694, -31.4694, 0.0 ], [ -64.5701, -31.4703, 0.0 ] ] ] ] } },
{ "type": "Feature", "properties": { "circuito": "0156B", "codprov": "04", "coddepto": "012" }, "geometry": { "type": "MultiPolygon", "coordinates": [ [ [ [ -64.8254543, -31.4555326, 0.0 ], [ -64.8255, -31.4554, 0.0 ], [ -64.8258, -31.4555, 0.0 ], [ -64.8254543, -31.4555326, 0.0 ] ] ], [ [ [ -64.8254543, -31.4555326, 0.0 ], [ -64.8176, -31.4783, 0.0 ], [ -64.7973, -31.5292, 0.0 ], [ -64.7898, -31.5428, 0.0 ], [ -64.7757, -31.5681, 0.0 ], [ -64.7683, -31.5987, 0.0 ], [ -64.7593, -31.6309, 0.0 ], [ -64.7441, -31.6545, 0.0 ], [ -64.7318, -31.6761, 0.0 ], [ -64.7174, -31.6761, 0.0 ], [ -64.703, -31.6742, 0.0 ], [ -64.6912, -31.6761, 0.0 ], [ -64.6827, -31.682, 0.0 ], [ -64.6773, -31.6817, 0.0 ], [ -64.673, -31.6893, 0.0 ], [ -64.6644, -31.6964, 0.0 ], [ -64.6552, -31.6958, 0.0 ], [ -64.6388, -31.6951, 0.0 ], [ -64.6335, -31.6956, 0.0 ], [ -64.6335, -31.6671, 0.0 ], [ -64.6335, -31.5857, 0.0 ], [ -64.6334, -31.5301, 0.0 ], [ -64.6334, -31.4827, 0.0 ], [ -64.6246, -31.4886, 0.0 ], [ -64.62, -31.4905, 0.0 ], [ -64.6151, -31.4925, 0.0 ], [ -64.6142, -31.4906, 0.0 ], [ -64.6108, -31.4904, 0.0 ], [ -64.6055, -31.4935, 0.0 ], [ -64.6008, -31.4911, 0.0 ], [ -64.6001, -31.4887, 0.0 ], [ -64.6003, -31.4881, 0.0 ], [ -64.6009, -31.4866, 0.0 ], [ -64.6016, -31.4847, 0.0 ], [ -64.6017, -31.484, 0.0 ], [ -64.6042, -31.4825, 0.0 ], [ -64.6043, -31.4813, 0.0 ], [ -64.6049, -31.4804, 0.0 ], [ -64.6051, -31.4793, 0.0 ], [ -64.6021, -31.4786, 0.0 ], [ -64.5999, -31.4789, 0.0 ], [ -64.5955, -31.4794, 0.0 ], [ -64.5936, -31.4768, 0.0 ], [ -64.5922, -31.4756, 0.0 ], [ -64.5919, -31.4751, 0.0 ], [ -64.5902, -31.4725, 0.0 ], [ -64.5894, -31.4716, 0.0 ], [ -64.5881, -31.4702, 0.0 ], [ -64.5881, -31.4695, 0.0 ], [ -64.5882, -31.4681, 0.0 ], [ -64.5877, -31.4671, 0.0 ], [ -64.5864, -31.4671, 0.0 ], [ -64.583, -31.4675, 0.0 ], [ -64.5804, -31.468, 0.0 ], [ -64.5793, -31.4685, 0.0 ], [ -64.5778, -31.4696, 0.0 ], [ -64.5763, -31.4696, 0.0 ], [ -64.5744, -31.4699, 0.0 ], [ -64.5741, -31.4703, 0.0 ], [ -64.5729, -31.4715, 0.0 ], [ -64.5721, -31.4721, 0.0 ], [ -64.5679, -31.4682, 0.0 ], [ -64.5586, -31.4683, 0.0 ], [ -64.5586, -31.4697, 0.0 ], [ -64.5539, -31.4696, 0.0 ], [ -64.5516, -31.4708, 0.0 ], [ -64.5516, -31.4633, 0.0 ], [ -64.5516, -31.4561, 0.0 ], [ -64.5516, -31.4192, 0.0 ], [ -64.5549, -31.4191, 0.0 ], [ -64.5582, -31.4185, 0.0 ], [ -64.5631, -31.4158, 0.0 ], [ -64.57, -31.4158, 0.0 ], [ -64.572, -31.4157, 0.0 ], [ -64.5766, -31.4195, 0.0 ], [ -64.5782, -31.4232, 0.0 ], [ -64.5821, -31.4234, 0.0 ], [ -64.5851, -31.4244, 0.0 ], [ -64.592, -31.424, 0.0 ], [ -64.6371, -31.4224, 0.0 ], [ -64.639, -31.4534, 0.0 ], [ -64.6473, -31.4574, 0.0 ], [ -64.6627, -31.4574, 0.0 ], [ -64.7043, -31.4578, 0.0 ], [ -64.7076, -31.4617, 0.0 ], [ -64.7197, -31.4653, 0.0 ], [ -64.7282, -31.4673, 0.0 ], [ -64.7456, -31.4751, 0.0 ], [ -64.7554, -31.4755, 0.0 ], [ -64.7767, -31.4663, 0.0 ], [ -64.795, -31.4584, 0.0 ], [ -64.8254543, -31.4555326, 0.0 ] ] ] ] } },
{ "type": "Feature", "properties": { "circuito": "0158B", "codprov": "04", "coddepto": "012" }, "geometry": { "type": "MultiPolygon", "coordinates": [ [ [ [ -64.5366, -31.3747, 0.0 ], [ -64.5369, -31.3746, 0.0 ], [ -64.537, -31.3762, 0.0 ], [ -64.5371, -31.3802, 0.0 ], [ -64.5373, -31.3829, 0.0 ], [ -64.5373, -31.3854, 0.0 ], [ -64.5374, -31.3883, 0.0 ], [ -64.5361, -31.3919, 0.0 ], [ -64.5352, -31.3926, 0.0 ], [ -64.5327, -31.3948, 0.0 ], [ -64.5301, -31.3976, 0.0 ], [ -64.5299, -31.3983, 0.0 ], [ -64.529, -31.4006, 0.0 ], [ -64.5282, -31.4003, 0.0 ], [ -64.526, -31.3992, 0.0 ], [ -64.5245, -31.3993, 0.0 ], [ -64.5224, -31.3996, 0.0 ], [ -64.5207, -31.3996, 0.0 ], [ -64.5193, -31.3991, 0.0 ], [ -64.5181, -31.3983, 0.0 ], [ -64.5175, -31.397, 0.0 ], [ -64.5166, -31.397, 0.0 ], [ -64.5157, -31.3974, 0.0 ], [ -64.5148, -31.3981, 0.0 ], [ -64.5142, -31.3995, 0.0 ], [ -64.5144, -31.4013, 0.0 ], [ -64.512, -31.402, 0.0 ], [ -64.5105, -31.4042, 0.0 ], [ -64.5096, -31.4045, 0.0 ], [ -64.5097, -31.4025, 0.0 ], [ -64.51, -31.4012, 0.0 ], [ -64.5102, -31.3995, 0.0 ], [ -64.5104, -31.3978, 0.0 ], [ -64.5091, -31.3971, 0.0 ], [ -64.508, -31.3976, 0.0 ], [ -64.5065, -31.3986, 0.0 ], [ -64.5058, -31.3997, 0.0 ], [ -64.5038, -31.4006, 0.0 ], [ -64.5012, -31.4008, 0.0 ], [ -64.4987, -31.4011, 0.0 ], [ -64.4975, -31.4013, 0.0 ], [ -64.4972, -31.4018, 0.0 ], [ -64.4903, -31.3993, 0.0 ], [ -64.4902, -31.3985, 0.0 ], [ -64.4887, -31.3975, 0.0 ], [ -64.4879, -31.3956, 0.0 ], [ -64.4865, -31.3919, 0.0 ], [ -64.4816, -31.3895, 0.0 ], [ -64.4782, -31.389, 0.0 ], [ -64.476, -31.3878, 0.0 ], [ -64.4739, -31.3873, 0.0 ], [ -64.4725, -31.3853, 0.0 ], [ -64.4699, -31.3842, 0.0 ], [ -64.4695, -31.3838, 0.0 ], [ -64.4704, -31.3835, 0.0 ], [ -64.4725, -31.3831, 0.0 ], [ -64.475, -31.3827, 0.0 ], [ -64.4776, -31.3824, 0.0 ], [ -64.48, -31.382, 0.0 ], [ -64.484, -31.3814, 0.0 ], [ -64.5168, -31.3773, 0.0 ], [ -64.5192, -31.377, 0.0 ], [ -64.5228, -31.3765, 0.0 ], [ -64.5242, -31.3762, 0.0 ], [ -64.5247, -31.3765, 0.0 ], [ -64.5252, -31.3761, 0.0 ], [ -64.526, -31.3761, 0.0 ], [ -64.5275, -31.376, 0.0 ], [ -64.53, -31.3756, 0.0 ], [ -64.5331, -31.3752, 0.0 ], [ -64.5366, -31.3747, 0.0 ] ] ] ] } },
{ "type": "Feature", "properties": { "circuito": "00158", "codprov": "04", "coddepto": "012" }, "geometry": { "type": "MultiPolygon", "coordinates": [ [ [ [ -64.7621, -31.3698, 0.0 ], [ -64.7705, -31.3769, 0.0 ], [ -64.7945, -31.3993, 0.0 ], [ -64.7929, -31.4192, 0.0 ], [ -64.8122, -31.4176, 0.0 ], [ -64.842, -31.4134, 0.0 ], [ -64.8362, -31.4288, 0.0 ], [ -64.8258, -31.4555, 0.0 ], [ -64.795, -31.4584, 0.0 ], [ -64.7723, -31.4682, 0.0 ], [ -64.7554, -31.4755, 0.0 ], [ -64.7456, -31.4751, 0.0 ], [ -64.7282, -31.4673, 0.0 ], [ -64.7163, -31.4643, 0.0 ], [ -64.7076, -31.4617, 0.0 ], [ -64.7043, -31.4578, 0.0 ], [ -64.6835, -31.4576, 0.0 ], [ -64.6627, -31.4574, 0.0 ], [ -64.6332, -31.4574, 0.0 ], [ -64.6331, -31.4225, 0.0 ], [ -64.6152, -31.4232, 0.0 ], [ -64.5931, -31.424, 0.0 ], [ -64.5902, -31.4241, 0.0 ], [ -64.5847, -31.4242, 0.0 ], [ -64.5821, -31.4234, 0.0 ], [ -64.5784, -31.4232, 0.0 ], [ -64.5766, -31.4195, 0.0 ], [ -64.5741, -31.4173, 0.0 ], [ -64.572, -31.4157, 0.0 ], [ -64.5726, -31.4138, 0.0 ], [ -64.5713, -31.4115, 0.0 ], [ -64.572, -31.4106, 0.0 ], [ -64.5688, -31.407, 0.0 ], [ -64.5672, -31.4048, 0.0 ], [ -64.5665, -31.4033, 0.0 ], [ -64.5675, -31.4001, 0.0 ], [ -64.568, -31.3961, 0.0 ], [ -64.5668, -31.3944, 0.0 ], [ -64.5659, -31.3923, 0.0 ], [ -64.5665, -31.3902, 0.0 ], [ -64.5678, -31.3875, 0.0 ], [ -64.5683, -31.3847, 0.0 ], [ -64.5688, -31.3815, 0.0 ], [ -64.5668, -31.3796, 0.0 ], [ -64.5639, -31.3796, 0.0 ], [ -64.5611, -31.3802, 0.0 ], [ -64.5566, -31.3812, 0.0 ], [ -64.5535, -31.3826, 0.0 ], [ -64.5493, -31.3825, 0.0 ], [ -64.5474, -31.3791, 0.0 ], [ -64.5457, -31.3761, 0.0 ], [ -64.5461, -31.3738, 0.0 ], [ -64.5468, -31.3711, 0.0 ], [ -64.5474, -31.3681, 0.0 ], [ -64.5471, -31.3658, 0.0 ], [ -64.5463, -31.3639, 0.0 ], [ -64.545, -31.3597, 0.0 ], [ -64.5417, -31.3549, 0.0 ], [ -64.5412, -31.3515, 0.0 ], [ -64.5404, -31.3488, 0.0 ], [ -64.5399, -31.3461, 0.0 ], [ -64.5402, -31.3425, 0.0 ], [ -64.5415, -31.3397, 0.0 ], [ -64.5429, -31.3381, 0.0 ], [ -64.5465, -31.3363, 0.0 ], [ -64.5492, -31.336, 0.0 ], [ -64.5429, -31.3352, 0.0 ], [ -64.5378, -31.3336, 0.0 ], [ -64.5346, -31.332, 0.0 ], [ -64.5346, -31.3294, 0.0 ], [ -64.5333, -31.3271, 0.0 ], [ -64.5314, -31.3265, 0.0 ], [ -64.5311, -31.3223, 0.0 ], [ -64.5317, -31.3191, 0.0 ], [ -64.5333, -31.3162, 0.0 ], [ -64.5345, -31.3145, 0.0 ], [ -64.5359, -31.3169, 0.0 ], [ -64.5365, -31.3201, 0.0 ], [ -64.5381, -31.3217, 0.0 ], [ -64.54, -31.3207, 0.0 ], [ -64.5394, -31.3178, 0.0 ], [ -64.5404, -31.3169, 0.0 ], [ -64.5407, -31.3137, 0.0 ], [ -64.5429, -31.3127, 0.0 ], [ -64.5445, -31.3146, 0.0 ], [ -64.5436, -31.3172, 0.0 ], [ -64.5413, -31.3194, 0.0 ], [ -64.5468, -31.3188, 0.0 ], [ -64.5487, -31.3185, 0.0 ], [ -64.5535, -31.3201, 0.0 ], [ -64.5577, -31.3233, 0.0 ], [ -64.5612, -31.3246, 0.0 ], [ -64.5631, -31.3255, 0.0 ], [ -64.5654, -31.3278, 0.0 ], [ -64.567, -31.3259, 0.0 ], [ -64.5696, -31.3259, 0.0 ], [ -64.5718, -31.3255, 0.0 ], [ -64.5737, -31.3262, 0.0 ], [ -64.5763, -31.3243, 0.0 ], [ -64.5779, -31.3227, 0.0 ], [ -64.5792, -31.3207, 0.0 ], [ -64.5837, -31.3182, 0.0 ], [ -64.7425, -31.3182, 0.0 ], [ -64.7434, -31.3268, 0.0 ], [ -64.7438, -31.3387, 0.0 ], [ -64.7527, -31.349, 0.0 ], [ -64.7537, -31.3557, 0.0 ], [ -64.7624, -31.3698, 0.0 ], [ -64.7621, -31.3698, 0.0 ] ] ] ] } },
{ "type": "Feature", "properties": { "circuito": "0158A", "codprov": "04", "coddepto": "012" }, "geometry": { "type": "MultiPolygon", "coordinates": [ [ [ [ -64.5709, -31.4157, 0.0 ], [ -64.5674, -31.4158, 0.0 ], [ -64.5631, -31.4158, 0.0 ], [ -64.5619, -31.4165, 0.0 ], [ -64.559, -31.4181, 0.0 ], [ -64.5554, -31.4191, 0.0 ], [ -64.5516, -31.4191, 0.0 ], [ -64.5516, -31.4057, 0.0 ], [ -64.5516, -31.4013, 0.0 ], [ -64.5496, -31.401, 0.0 ], [ -64.5464, -31.4006, 0.0 ], [ -64.5448, -31.398, 0.0 ], [ -64.5431, -31.3978, 0.0 ], [ -64.5395, -31.3979, 0.0 ], [ -64.5358, -31.3979, 0.0 ], [ -64.5355, -31.3965, 0.0 ], [ -64.5376, -31.3948, 0.0 ], [ -64.5376, -31.3936, 0.0 ], [ -64.5377, -31.3923, 0.0 ], [ -64.5371, -31.3913, 0.0 ], [ -64.5366, -31.3905, 0.0 ], [ -64.5374, -31.3883, 0.0 ], [ -64.5373, -31.3854, 0.0 ], [ -64.5372, -31.3821, 0.0 ], [ -64.5371, -31.3793, 0.0 ], [ -64.5457, -31.3761, 0.0 ], [ -64.5474, -31.3791, 0.0 ], [ -64.5493, -31.3825, 0.0 ], [ -64.5535, -31.3826, 0.0 ], [ -64.556, -31.3815, 0.0 ], [ -64.5599, -31.3805, 0.0 ], [ -64.5633, -31.3797, 0.0 ], [ -64.5668, -31.3796, 0.0 ], [ -64.5682, -31.3809, 0.0 ], [ -64.5685, -31.3833, 0.0 ], [ -64.5681, -31.3859, 0.0 ], [ -64.5671, -31.3889, 0.0 ], [ -64.5663, -31.3908, 0.0 ], [ -64.5659, -31.3923, 0.0 ], [ -64.5674, -31.3952, 0.0 ], [ -64.568, -31.3961, 0.0 ], [ -64.5677, -31.3979, 0.0 ], [ -64.5675, -31.4001, 0.0 ], [ -64.5669, -31.402, 0.0 ], [ -64.5665, -31.4033, 0.0 ], [ -64.5672, -31.4048, 0.0 ], [ -64.5678, -31.4056, 0.0 ], [ -64.5691, -31.4074, 0.0 ], [ -64.572, -31.4106, 0.0 ], [ -64.5713, -31.4115, 0.0 ], [ -64.5726, -31.4138, 0.0 ], [ -64.572, -31.4157, 0.0 ], [ -64.5709, -31.4157, 0.0 ] ] ] ] } },
{ "type": "Feature", "properties": { "circuito": "0158C", "codprov": "04", "coddepto": "012" }, "geometry": { "type": "MultiPolygon", "coordinates": [ [ [ [ -64.5401, -31.3473, 0.0 ], [ -64.5412, -31.3515, 0.0 ], [ -64.5417, -31.3549, 0.0 ], [ -64.5447, -31.3592, 0.0 ], [ -64.5461, -31.3633, 0.0 ], [ -64.5471, -31.3658, 0.0 ], [ -64.5474, -31.3681, 0.0 ], [ -64.5463, -31.3732, 0.0 ], [ -64.5457, -31.3761, 0.0 ], [ -64.542, -31.3774, 0.0 ], [ -64.5371, -31.3788, 0.0 ], [ -64.5369, -31.3746, 0.0 ], [ -64.53, -31.3756, 0.0 ], [ -64.522, -31.3766, 0.0 ], [ -64.5092, -31.3782, 0.0 ], [ -64.4985, -31.3796, 0.0 ], [ -64.4907, -31.3805, 0.0 ], [ -64.484, -31.3814, 0.0 ], [ -64.4821, -31.3817, 0.0 ], [ -64.48, -31.382, 0.0 ], [ -64.4784, -31.3823, 0.0 ], [ -64.4765, -31.3826, 0.0 ], [ -64.475, -31.3827, 0.0 ], [ -64.4727, -31.383, 0.0 ], [ -64.4707, -31.3834, 0.0 ], [ -64.4694, -31.3838, 0.0 ], [ -64.4687, -31.3832, 0.0 ], [ -64.4676, -31.3825, 0.0 ], [ -64.466, -31.3812, 0.0 ], [ -64.4644, -31.3746, 0.0 ], [ -64.464, -31.3733, 0.0 ], [ -64.462, -31.3686, 0.0 ], [ -64.4614, -31.3677, 0.0 ], [ -64.4611, -31.3669, 0.0 ], [ -64.4621, -31.367, 0.0 ], [ -64.464, -31.3668, 0.0 ], [ -64.4657, -31.3667, 0.0 ], [ -64.4671, -31.3666, 0.0 ], [ -64.4693, -31.3663, 0.0 ], [ -64.4742, -31.3652, 0.0 ], [ -64.477, -31.3649, 0.0 ], [ -64.4783, -31.3644, 0.0 ], [ -64.483, -31.3632, 0.0 ], [ -64.4947, -31.3605, 0.0 ], [ -64.5025, -31.3583, 0.0 ], [ -64.5078, -31.3568, 0.0 ], [ -64.5135, -31.3553, 0.0 ], [ -64.5142, -31.3507, 0.0 ], [ -64.5147, -31.3467, 0.0 ], [ -64.5151, -31.3472, 0.0 ], [ -64.5223, -31.3473, 0.0 ], [ -64.5313, -31.3472, 0.0 ], [ -64.5401, -31.3472, 0.0 ], [ -64.5401, -31.3473, 0.0 ] ] ] ] } },
{ "type": "Feature", "properties": { "circuito": "0147B", "codprov": "04", "coddepto": "012" }, "geometry": { "type": "MultiPolygon", "coordinates": [ [ [ [ -64.5044, -31.3401, 0.0 ], [ -64.5048, -31.3389, 0.0 ], [ -64.5055, -31.3368, 0.0 ], [ -64.5065, -31.3351, 0.0 ], [ -64.5049, -31.3334, 0.0 ], [ -64.505, -31.3312, 0.0 ], [ -64.5067, -31.3288, 0.0 ], [ -64.5085, -31.3267, 0.0 ], [ -64.5094, -31.3242, 0.0 ], [ -64.5095, -31.3229, 0.0 ], [ -64.5104, -31.321, 0.0 ], [ -64.5115, -31.3184, 0.0 ], [ -64.5125, -31.3148, 0.0 ], [ -64.5125, -31.3135, 0.0 ], [ -64.5145, -31.3142, 0.0 ], [ -64.5151, -31.3131, 0.0 ], [ -64.5159, -31.3128, 0.0 ], [ -64.5166, -31.3135, 0.0 ], [ -64.518, -31.3135, 0.0 ], [ -64.5193, -31.3126, 0.0 ], [ -64.5213, -31.3126, 0.0 ], [ -64.5236, -31.3142, 0.0 ], [ -64.5255, -31.3149, 0.0 ], [ -64.5273, -31.3154, 0.0 ], [ -64.5271, -31.3138, 0.0 ], [ -64.5279, -31.3137, 0.0 ], [ -64.5294, -31.3162, 0.0 ], [ -64.5309, -31.3163, 0.0 ], [ -64.5316, -31.3138, 0.0 ], [ -64.5345, -31.3145, 0.0 ], [ -64.5342, -31.315, 0.0 ], [ -64.5341, -31.3162, 0.0 ], [ -64.5341, -31.3178, 0.0 ], [ -64.5337, -31.3185, 0.0 ], [ -64.5327, -31.3187, 0.0 ], [ -64.5322, -31.319, 0.0 ], [ -64.5315, -31.3203, 0.0 ], [ -64.5312, -31.3216, 0.0 ], [ -64.5311, -31.3234, 0.0 ], [ -64.5312, -31.3247, 0.0 ], [ -64.5313, -31.326, 0.0 ], [ -64.5315, -31.3266, 0.0 ], [ -64.5333, -31.3271, 0.0 ], [ -64.5339, -31.3283, 0.0 ], [ -64.5346, -31.3294, 0.0 ], [ -64.5346, -31.331, 0.0 ], [ -64.5346, -31.332, 0.0 ], [ -64.5365, -31.3329, 0.0 ], [ -64.5378, -31.3336, 0.0 ], [ -64.5402, -31.3343, 0.0 ], [ -64.5429, -31.3352, 0.0 ], [ -64.5438, -31.3353, 0.0 ], [ -64.5462, -31.3356, 0.0 ], [ -64.5492, -31.336, 0.0 ], [ -64.5465, -31.3363, 0.0 ], [ -64.5445, -31.3373, 0.0 ], [ -64.5428, -31.3382, 0.0 ], [ -64.5417, -31.3394, 0.0 ], [ -64.541, -31.3407, 0.0 ], [ -64.5402, -31.3425, 0.0 ], [ -64.5399, -31.3454, 0.0 ], [ -64.5401, -31.3472, 0.0 ], [ -64.5292, -31.3472, 0.0 ], [ -64.5151, -31.3472, 0.0 ], [ -64.5147, -31.3467, 0.0 ], [ -64.5146, -31.3471, 0.0 ], [ -64.5135, -31.3553, 0.0 ], [ -64.5112, -31.3559, 0.0 ], [ -64.505, -31.3576, 0.0 ], [ -64.4947, -31.3605, 0.0 ], [ -64.4836, -31.3631, 0.0 ], [ -64.477, -31.3649, 0.0 ], [ -64.4759, -31.365, 0.0 ], [ -64.4742, -31.3652, 0.0 ], [ -64.472, -31.3657, 0.0 ], [ -64.4698, -31.3662, 0.0 ], [ -64.4676, -31.3665, 0.0 ], [ -64.4657, -31.3667, 0.0 ], [ -64.4643, -31.3667, 0.0 ], [ -64.4629, -31.3669, 0.0 ], [ -64.4621, -31.367, 0.0 ], [ -64.4611, -31.3669, 0.0 ], [ -64.4609, -31.3644, 0.0 ], [ -64.4609, -31.3627, 0.0 ], [ -64.4608, -31.3605, 0.0 ], [ -64.4615, -31.3599, 0.0 ], [ -64.4632, -31.3586, 0.0 ], [ -64.464, -31.356, 0.0 ], [ -64.4652, -31.3537, 0.0 ], [ -64.4662, -31.3518, 0.0 ], [ -64.4661, -31.351, 0.0 ], [ -64.466, -31.3496, 0.0 ], [ -64.4672, -31.3492, 0.0 ], [ -64.4672, -31.3477, 0.0 ], [ -64.467, -31.3466, 0.0 ], [ -64.467, -31.3461, 0.0 ], [ -64.4669, -31.3452, 0.0 ], [ -64.4667, -31.3437, 0.0 ], [ -64.4664, -31.3425, 0.0 ], [ -64.4661, -31.341, 0.0 ], [ -64.4684, -31.3411, 0.0 ], [ -64.4698, -31.3411, 0.0 ], [ -64.4711, -31.3407, 0.0 ], [ -64.4723, -31.3407, 0.0 ], [ -64.4717, -31.3401, 0.0 ], [ -64.4725, -31.3396, 0.0 ], [ -64.4732, -31.3389, 0.0 ], [ -64.4737, -31.3386, 0.0 ], [ -64.4751, -31.3382, 0.0 ], [ -64.4764, -31.3388, 0.0 ], [ -64.477, -31.3399, 0.0 ], [ -64.4781, -31.3405, 0.0 ], [ -64.4807, -31.342, 0.0 ], [ -64.4816, -31.3421, 0.0 ], [ -64.4819, -31.3414, 0.0 ], [ -64.4826, -31.3408, 0.0 ], [ -64.4837, -31.341, 0.0 ], [ -64.4841, -31.3414, 0.0 ], [ -64.4851, -31.3426, 0.0 ], [ -64.486, -31.3431, 0.0 ], [ -64.4868, -31.3426, 0.0 ], [ -64.4871, -31.3419, 0.0 ], [ -64.4873, -31.3407, 0.0 ], [ -64.4874, -31.34, 0.0 ], [ -64.4881, -31.3388, 0.0 ], [ -64.4892, -31.3387, 0.0 ], [ -64.4905, -31.3388, 0.0 ], [ -64.4914, -31.3392, 0.0 ], [ -64.4923, -31.3393, 0.0 ], [ -64.4952, -31.3393, 0.0 ], [ -64.4976, -31.3391, 0.0 ], [ -64.4991, -31.3386, 0.0 ], [ -64.5002, -31.3379, 0.0 ], [ -64.5015, -31.3383, 0.0 ], [ -64.5023, -31.3395, 0.0 ], [ -64.5037, -31.3406, 0.0 ], [ -64.5044, -31.3401, 0.0 ] ] ] ] } },
{ "type": "Feature", "properties": { "circuito": "zonaincon", "codprov": "04", "coddepto": "nan" }, "geometry": { "type": "MultiPolygon", "coordinates": [ [ [ [ -64.7381, -31.2826, 0.0 ], [ -64.7404, -31.2944, 0.0 ], [ -64.7423, -31.3101, 0.0 ], [ -64.7425, -31.3182, 0.0 ], [ -64.6955, -31.3182, 0.0 ], [ -64.6297, -31.3182, 0.0 ], [ -64.5837, -31.3182, 0.0 ], [ -64.5779, -31.3227, 0.0 ], [ -64.5678, -31.3259, 0.0 ], [ -64.5631, -31.3255, 0.0 ], [ -64.5535, -31.3201, 0.0 ], [ -64.5454, -31.3175, 0.0 ], [ -64.5436, -31.3172, 0.0 ], [ -64.5454, -31.3127, 0.0 ], [ -64.5396, -31.3127, 0.0 ], [ -64.5404, -31.3169, 0.0 ], [ -64.5365, -31.3201, 0.0 ], [ -64.5359, -31.3169, 0.0 ], [ -64.5345, -31.3145, 0.0 ], [ -64.5356, -31.3092, 0.0 ], [ -64.5356, -31.2976, 0.0 ], [ -64.5363, -31.2859, 0.0 ], [ -64.5363, -31.2841, 0.0 ], [ -64.5399, -31.2826, 0.0 ], [ -64.5662, -31.2826, 0.0 ], [ -64.6166, -31.2826, 0.0 ], [ -64.6811, -31.2826, 0.0 ], [ -64.7381, -31.2826, 0.0 ] ] ] ] } },
{ "type": "Feature", "properties": { "circuito": "0043A", "codprov": "04", "coddepto": "004" }, "geometry": { "type": "MultiPolygon", "coordinates": [ [ [ [ -64.6683, -31.0989, 0.0 ], [ -64.6703, -31.0834, 0.0 ], [ -64.6673, -31.0708, 0.0 ], [ -64.6435, -31.0414, 0.0 ], [ -64.6485, -31.0354, 0.0 ], [ -64.6739, -31.0271, 0.0 ], [ -64.6885, -31.0242, 0.0 ], [ -64.6968, -31.0245, 0.0 ], [ -64.6994, -31.0169, 0.0 ], [ -64.6858, -30.9765, 0.0 ], [ -64.6713, -30.917, 0.0 ], [ -64.668, -30.8991, 0.0 ], [ -64.6792, -30.8998, 0.0 ], [ -64.6905, -30.9037, 0.0 ], [ -64.7487, -30.9117, 0.0 ], [ -64.8103, -30.9209, 0.0 ], [ -64.8235, -30.9223, 0.0 ], [ -64.8294, -30.9146, 0.0 ], [ -64.84, -30.9487, 0.0 ], [ -64.846, -30.9686, 0.0 ], [ -64.8586, -30.9871, 0.0 ], [ -64.8936, -30.9924, 0.0 ], [ -64.9049, -30.9964, 0.0 ], [ -64.9077, -30.9974, 0.0 ], [ -64.908, -31.0003, 0.0 ], [ -64.907, -31.0037, 0.0 ], [ -64.9037, -31.0066, 0.0 ], [ -64.9047, -31.008, 0.0 ], [ -64.9041, -31.0123, 0.0 ], [ -64.906, -31.0175, 0.0 ], [ -64.91, -31.0162, 0.0 ], [ -64.9103, -31.0185, 0.0 ], [ -64.9067, -31.0202, 0.0 ], [ -64.9067, -31.0228, 0.0 ], [ -64.9054, -31.0255, 0.0 ], [ -64.9087, -31.0271, 0.0 ], [ -64.9087, -31.0295, 0.0 ], [ -64.9127, -31.0324, 0.0 ], [ -64.913, -31.0351, 0.0 ], [ -64.9127, -31.0477, 0.0 ], [ -64.911, -31.0549, 0.0 ], [ -64.9146, -31.0543, 0.0 ], [ -64.9143, -31.0602, 0.0 ], [ -64.916, -31.0625, 0.0 ], [ -64.9127, -31.0639, 0.0 ], [ -64.911, -31.0659, 0.0 ], [ -64.9117, -31.0688, 0.0 ], [ -64.9117, -31.0721, 0.0 ], [ -64.9117, -31.0758, 0.0 ], [ -64.9117, -31.0778, 0.0 ], [ -64.9067, -31.0778, 0.0 ], [ -64.9031, -31.0768, 0.0 ], [ -64.8984, -31.0768, 0.0 ], [ -64.8981, -31.0784, 0.0 ], [ -64.8945, -31.0794, 0.0 ], [ -64.8928, -31.0814, 0.0 ], [ -64.8918, -31.0837, 0.0 ], [ -64.8882, -31.0831, 0.0 ], [ -64.8862, -31.0837, 0.0 ], [ -64.8783, -31.0864, 0.0 ], [ -64.8783, -31.0884, 0.0 ], [ -64.8758, -31.0885, 0.0 ], [ -64.8763, -31.0913, 0.0 ], [ -64.874, -31.0943, 0.0 ], [ -64.8687, -31.0936, 0.0 ], [ -64.864, -31.0927, 0.0 ], [ -64.8601, -31.092, 0.0 ], [ -64.8521, -31.0923, 0.0 ], [ -64.8508, -31.0927, 0.0 ], [ -64.8488, -31.0946, 0.0 ], [ -64.8311, -31.0946, 0.0 ], [ -64.8043, -31.0946, 0.0 ], [ -64.8013, -31.0989, 0.0 ], [ -64.7987, -31.1009, 0.0 ], [ -64.796, -31.1009, 0.0 ], [ -64.7947, -31.0993, 0.0 ], [ -64.7937, -31.1006, 0.0 ], [ -64.7911, -31.1019, 0.0 ], [ -64.7881, -31.0999, 0.0 ], [ -64.7858, -31.0989, 0.0 ], [ -64.7815, -31.0983, 0.0 ], [ -64.7788, -31.0973, 0.0 ], [ -64.7782, -31.0946, 0.0 ], [ -64.7762, -31.0923, 0.0 ], [ -64.7742, -31.0903, 0.0 ], [ -64.7719, -31.0897, 0.0 ], [ -64.7702, -31.091, 0.0 ], [ -64.7692, -31.0923, 0.0 ], [ -64.7663, -31.0953, 0.0 ], [ -64.7649, -31.0966, 0.0 ], [ -64.762, -31.0999, 0.0 ], [ -64.76, -31.1026, 0.0 ], [ -64.7593, -31.1046, 0.0 ], [ -64.7554, -31.1047, 0.0 ], [ -64.7539, -31.1054, 0.0 ], [ -64.7523, -31.1057, 0.0 ], [ -64.7505, -31.1062, 0.0 ], [ -64.7505, -31.1089, 0.0 ], [ -64.7501, -31.1095, 0.0 ], [ -64.75, -31.1117, 0.0 ], [ -64.7496, -31.1125, 0.0 ], [ -64.7481, -31.112, 0.0 ], [ -64.7466, -31.1123, 0.0 ], [ -64.7448, -31.1123, 0.0 ], [ -64.7422, -31.1117, 0.0 ], [ -64.7405, -31.1118, 0.0 ], [ -64.7385, -31.1115, 0.0 ], [ -64.7361, -31.1112, 0.0 ], [ -64.7349, -31.1107, 0.0 ], [ -64.7334, -31.1094, 0.0 ], [ -64.7313, -31.109, 0.0 ], [ -64.7301, -31.1084, 0.0 ], [ -64.7284, -31.1079, 0.0 ], [ -64.7276, -31.1077, 0.0 ], [ -64.7275, -31.1069, 0.0 ], [ -64.7263, -31.1074, 0.0 ], [ -64.7246, -31.1089, 0.0 ], [ -64.7235, -31.1094, 0.0 ], [ -64.7215, -31.1094, 0.0 ], [ -64.7179, -31.1085, 0.0 ], [ -64.7169, -31.1072, 0.0 ], [ -64.7174, -31.1057, 0.0 ], [ -64.7174, -31.1042, 0.0 ], [ -64.7164, -31.1042, 0.0 ], [ -64.7157, -31.1046, 0.0 ], [ -64.7149, -31.1034, 0.0 ], [ -64.7129, -31.1026, 0.0 ], [ -64.7109, -31.1018, 0.0 ], [ -64.7091, -31.1016, 0.0 ], [ -64.7086, -31.1014, 0.0 ], [ -64.7079, -31.0991, 0.0 ], [ -64.7081, -31.0978, 0.0 ], [ -64.7091, -31.0973, 0.0 ], [ -64.7083, -31.0965, 0.0 ], [ -64.7068, -31.0961, 0.0 ], [ -64.705, -31.0961, 0.0 ], [ -64.7031, -31.096, 0.0 ], [ -64.7023, -31.0968, 0.0 ], [ -64.701, -31.0968, 0.0 ], [ -64.6997, -31.0975, 0.0 ], [ -64.698, -31.0973, 0.0 ], [ -64.697, -31.0966, 0.0 ], [ -64.6955, -31.0965, 0.0 ], [ -64.694, -31.0961, 0.0 ], [ -64.6683, -31.0989, 0.0 ] ] ] ] } },
{ "type": "Feature", "properties": { "circuito": "00043", "codprov": "04", "coddepto": "004" }, "geometry": { "type": "MultiPolygon", "coordinates": [ [ [ [ -64.7438, -31.3398, 0.0 ], [ -64.7419, -31.3008, 0.0 ], [ -64.7392, -31.2822, 0.0 ], [ -64.7306, -31.2571, 0.0 ], [ -64.7233, -31.2445, 0.0 ], [ -64.7127, -31.2101, 0.0 ], [ -64.7055, -31.1962, 0.0 ], [ -64.6969, -31.1856, 0.0 ], [ -64.6916, -31.1777, 0.0 ], [ -64.6823, -31.1618, 0.0 ], [ -64.6763, -31.1486, 0.0 ], [ -64.6717, -31.1327, 0.0 ], [ -64.6671, -31.1135, 0.0 ], [ -64.6677, -31.1023, 0.0 ], [ -64.6683, -31.0989, 0.0 ], [ -64.6742, -31.0983, 0.0 ], [ -64.684, -31.0972, 0.0 ], [ -64.6955, -31.0965, 0.0 ], [ -64.6997, -31.0975, 0.0 ], [ -64.7023, -31.0968, 0.0 ], [ -64.7068, -31.0961, 0.0 ], [ -64.7083, -31.0965, 0.0 ], [ -64.7086, -31.1014, 0.0 ], [ -64.7109, -31.1018, 0.0 ], [ -64.7139, -31.103, 0.0 ], [ -64.7157, -31.1046, 0.0 ], [ -64.7169, -31.1072, 0.0 ], [ -64.7215, -31.1094, 0.0 ], [ -64.7235, -31.1094, 0.0 ], [ -64.7263, -31.1074, 0.0 ], [ -64.7301, -31.1084, 0.0 ], [ -64.7334, -31.1094, 0.0 ], [ -64.7361, -31.1112, 0.0 ], [ -64.7405, -31.1118, 0.0 ], [ -64.7448, -31.1123, 0.0 ], [ -64.7496, -31.1125, 0.0 ], [ -64.7503, -31.1138, 0.0 ], [ -64.7501, -31.1095, 0.0 ], [ -64.7505, -31.1062, 0.0 ], [ -64.7554, -31.1047, 0.0 ], [ -64.7593, -31.1046, 0.0 ], [ -64.762, -31.0999, 0.0 ], [ -64.7649, -31.0966, 0.0 ], [ -64.7692, -31.0923, 0.0 ], [ -64.7719, -31.0897, 0.0 ], [ -64.7742, -31.0903, 0.0 ], [ -64.7771, -31.0934, 0.0 ], [ -64.7771, -31.0963, 0.0 ], [ -64.7788, -31.0973, 0.0 ], [ -64.7815, -31.0983, 0.0 ], [ -64.7855, -31.0989, 0.0 ], [ -64.788, -31.0983, 0.0 ], [ -64.7911, -31.1019, 0.0 ], [ -64.7947, -31.0993, 0.0 ], [ -64.7987, -31.1009, 0.0 ], [ -64.8013, -31.0989, 0.0 ], [ -64.8032, -31.0962, 0.0 ], [ -64.8043, -31.0946, 0.0 ], [ -64.8221, -31.0946, 0.0 ], [ -64.8456, -31.0946, 0.0 ], [ -64.8488, -31.0946, 0.0 ], [ -64.8521, -31.0923, 0.0 ], [ -64.8558, -31.0922, 0.0 ], [ -64.8582, -31.0921, 0.0 ], [ -64.8621, -31.0923, 0.0 ], [ -64.864, -31.0927, 0.0 ], [ -64.8711, -31.0939, 0.0 ], [ -64.874, -31.0943, 0.0 ], [ -64.8754, -31.0924, 0.0 ], [ -64.8763, -31.0913, 0.0 ], [ -64.8758, -31.089, 0.0 ], [ -64.8783, -31.0884, 0.0 ], [ -64.8783, -31.0864, 0.0 ], [ -64.8813, -31.0854, 0.0 ], [ -64.8882, -31.0831, 0.0 ], [ -64.8904, -31.0835, 0.0 ], [ -64.8928, -31.0814, 0.0 ], [ -64.8945, -31.0794, 0.0 ], [ -64.8981, -31.0784, 0.0 ], [ -64.8984, -31.0768, 0.0 ], [ -64.9015, -31.0768, 0.0 ], [ -64.9031, -31.0768, 0.0 ], [ -64.9067, -31.0778, 0.0 ], [ -64.9117, -31.0778, 0.0 ], [ -64.9147, -31.0781, 0.0 ], [ -64.9147, -31.0834, 0.0 ], [ -64.9131, -31.0864, 0.0 ], [ -64.9108, -31.0877, 0.0 ], [ -64.9108, -31.0893, 0.0 ], [ -64.919, -31.0976, 0.0 ], [ -64.9184, -31.1016, 0.0 ], [ -64.9194, -31.1049, 0.0 ], [ -64.9194, -31.1075, 0.0 ], [ -64.919, -31.1109, 0.0 ], [ -64.918, -31.1135, 0.0 ], [ -64.918, -31.1161, 0.0 ], [ -64.9174, -31.1208, 0.0 ], [ -64.9174, -31.1248, 0.0 ], [ -64.9177, -31.1281, 0.0 ], [ -64.9213, -31.1291, 0.0 ], [ -64.9217, -31.1334, 0.0 ], [ -64.9217, -31.1377, 0.0 ], [ -64.9207, -31.1449, 0.0 ], [ -64.9207, -31.1486, 0.0 ], [ -64.9217, -31.1555, 0.0 ], [ -64.9237, -31.1605, 0.0 ], [ -64.923, -31.1648, 0.0 ], [ -64.9207, -31.1674, 0.0 ], [ -64.921, -31.1724, 0.0 ], [ -64.9217, -31.1777, 0.0 ], [ -64.9174, -31.1813, 0.0 ], [ -64.9161, -31.1843, 0.0 ], [ -64.9379, -31.1949, 0.0 ], [ -64.9402, -31.2121, 0.0 ], [ -64.9392, -31.2177, 0.0 ], [ -64.9286, -31.2333, 0.0 ], [ -64.9283, -31.2508, 0.0 ], [ -64.9283, -31.2627, 0.0 ], [ -64.9361, -31.2858, 0.0 ], [ -64.9352, -31.2965, 0.0 ], [ -64.932, -31.3339, 0.0 ], [ -64.8856261, -31.3112199, 0.0 ], [ -64.8294, -31.4153, 0.0 ], [ -64.7926, -31.4199, 0.0 ], [ -64.794, -31.4, 0.0 ], [ -64.7748, -31.3832, 0.0 ], [ -64.7602, -31.3676, 0.0 ], [ -64.7536, -31.3577, 0.0 ], [ -64.7529, -31.3484, 0.0 ], [ -64.7443, -31.3392, 0.0 ], [ -64.7438, -31.3398, 0.0 ] ] ] ] } },
{ "type": "Feature", "properties": { "circuito": "0043B", "codprov": "04", "coddepto": "004" }, "geometry": { "type": "MultiPolygon", "coordinates": [ [ [ [ -64.916, -31.0946, 0.0 ], [ -64.9125, -31.0911, 0.0 ], [ -64.9108, -31.0877, 0.0 ], [ -64.9131, -31.0864, 0.0 ], [ -64.9143, -31.0841, 0.0 ], [ -64.9147, -31.0821, 0.0 ], [ -64.9147, -31.0781, 0.0 ], [ -64.9117, -31.0778, 0.0 ], [ -64.9117, -31.0745, 0.0 ], [ -64.9117, -31.0705, 0.0 ], [ -64.9112, -31.0666, 0.0 ], [ -64.911, -31.0645, 0.0 ], [ -64.9133, -31.0636, 0.0 ], [ -64.9154, -31.0628, 0.0 ], [ -64.917, -31.0625, 0.0 ], [ -64.9163, -31.0612, 0.0 ], [ -64.915, -31.0612, 0.0 ], [ -64.9153, -31.0594, 0.0 ], [ -64.9145, -31.0566, 0.0 ], [ -64.9146, -31.0543, 0.0 ], [ -64.913, -31.0538, 0.0 ], [ -64.912, -31.0548, 0.0 ], [ -64.9114, -31.0549, 0.0 ], [ -64.911, -31.0549, 0.0 ], [ -64.9115, -31.0527, 0.0 ], [ -64.9123, -31.0494, 0.0 ], [ -64.9127, -31.0477, 0.0 ], [ -64.9129, -31.0387, 0.0 ], [ -64.9129, -31.0372, 0.0 ], [ -64.9138, -31.0364, 0.0 ], [ -64.9128, -31.0336, 0.0 ], [ -64.9108, -31.0319, 0.0 ], [ -64.9104, -31.0307, 0.0 ], [ -64.9087, -31.0295, 0.0 ], [ -64.9087, -31.0271, 0.0 ], [ -64.9062, -31.0268, 0.0 ], [ -64.9054, -31.0255, 0.0 ], [ -64.9067, -31.0228, 0.0 ], [ -64.9067, -31.0209, 0.0 ], [ -64.9096, -31.0189, 0.0 ], [ -64.9101, -31.0168, 0.0 ], [ -64.9079, -31.0161, 0.0 ], [ -64.906, -31.0175, 0.0 ], [ -64.9053, -31.0155, 0.0 ], [ -64.9054, -31.0137, 0.0 ], [ -64.9041, -31.0123, 0.0 ], [ -64.9036, -31.0109, 0.0 ], [ -64.9044, -31.0098, 0.0 ], [ -64.9047, -31.008, 0.0 ], [ -64.9037, -31.0066, 0.0 ], [ -64.9062, -31.0044, 0.0 ], [ -64.9075, -31.002, 0.0 ], [ -64.908, -30.9996, 0.0 ], [ -64.907, -30.9971, 0.0 ], [ -64.9135, -30.9992, 0.0 ], [ -64.9285, -31.0018, 0.0 ], [ -64.94, -31.0038, 0.0 ], [ -64.9608, -31.0048, 0.0 ], [ -64.9712, -31.005, 0.0 ], [ -65.0042, -31.027, 0.0 ], [ -65.0207, -31.0376, 0.0 ], [ -65.0288, -31.0352, 0.0 ], [ -65.0369, -31.0382, 0.0 ], [ -65.0362, -31.0419, 0.0 ], [ -65.0464, -31.0382, 0.0 ], [ -65.064, -31.0349, 0.0 ], [ -65.0354, -31.0541, 0.0 ], [ -65.0283, -31.0607, 0.0 ], [ -65.0142, -31.0723, 0.0 ], [ -65.0109, -31.0821, 0.0 ], [ -65.0, -31.0905, 0.0 ], [ -64.9843, -31.1032, 0.0 ], [ -64.9805, -31.1088, 0.0 ], [ -64.98, -31.1079, 0.0 ], [ -64.9776, -31.1079, 0.0 ], [ -64.9763, -31.1089, 0.0 ], [ -64.9753, -31.1075, 0.0 ], [ -64.974, -31.1071, 0.0 ], [ -64.9764, -31.0973, 0.0 ], [ -64.9716, -31.0958, 0.0 ], [ -64.9719, -31.0941, 0.0 ], [ -64.9696, -31.0934, 0.0 ], [ -64.968, -31.0927, 0.0 ], [ -64.966, -31.0907, 0.0 ], [ -64.9663, -31.089, 0.0 ], [ -64.9667, -31.0839, 0.0 ], [ -64.9668, -31.0809, 0.0 ], [ -64.9669, -31.0798, 0.0 ], [ -64.9637, -31.0781, 0.0 ], [ -64.9638, -31.0758, 0.0 ], [ -64.9604, -31.0758, 0.0 ], [ -64.9604, -31.0745, 0.0 ], [ -64.9544, -31.0738, 0.0 ], [ -64.9511, -31.0747, 0.0 ], [ -64.9485, -31.0751, 0.0 ], [ -64.9471, -31.0804, 0.0 ], [ -64.945, -31.0846, 0.0 ], [ -64.9416, -31.087, 0.0 ], [ -64.9366, -31.0897, 0.0 ], [ -64.9291, -31.0918, 0.0 ], [ -64.9189, -31.0943, 0.0 ], [ -64.9161, -31.0948, 0.0 ], [ -64.916, -31.0946, 0.0 ] ] ] ] } },
{ "type": "Feature", "properties": { "circuito": "00048", "codprov": "04", "coddepto": "004" }, "geometry": { "type": "MultiPolygon", "coordinates": [ [ [ [ -64.9712, -31.005, 0.0 ], [ -64.94, -31.0038, 0.0 ], [ -64.9113, -30.9985, 0.0 ], [ -64.8936, -30.9924, 0.0 ], [ -64.8586, -30.9871, 0.0 ], [ -64.846, -30.9686, 0.0 ], [ -64.8294, -30.9146, 0.0 ], [ -64.8333, -30.9105, 0.0 ], [ -64.8783, -30.8807, 0.0 ], [ -64.8783, -30.8642, 0.0 ], [ -64.8844, -30.8632, 0.0 ], [ -64.8854, -30.8615, 0.0 ], [ -64.887, -30.8602, 0.0 ], [ -64.8883, -30.8615, 0.0 ], [ -64.891, -30.8619, 0.0 ], [ -64.894, -30.8602, 0.0 ], [ -64.8983, -30.8602, 0.0 ], [ -65.029, -30.886, 0.0 ], [ -65.0644, -30.8857, 0.0 ], [ -65.065, -30.889, 0.0 ], [ -65.0861, -30.9044, 0.0 ], [ -65.0857, -30.9034, 0.0 ], [ -65.0922, -30.9089, 0.0 ], [ -65.0951, -30.9075, 0.0 ], [ -65.0998, -30.9118, 0.0 ], [ -65.1031, -30.9139, 0.0 ], [ -65.1057, -30.9155, 0.0 ], [ -65.114, -30.9155, 0.0 ], [ -65.116, -30.9155, 0.0 ], [ -65.1521, -30.9155, 0.0 ], [ -65.1487, -30.9353, 0.0 ], [ -65.1477, -30.9416, 0.0 ], [ -65.1355, -30.9552, 0.0 ], [ -65.1292, -30.9635, 0.0 ], [ -65.1219, -30.9687, 0.0 ], [ -65.1153, -30.9833, 0.0 ], [ -65.1117, -30.9929, 0.0 ], [ -65.1166, -30.9975, 0.0 ], [ -65.118, -31.0111, 0.0 ], [ -65.1216, -31.0121, 0.0 ], [ -65.1219, -31.0171, 0.0 ], [ -65.1183, -31.0177, 0.0 ], [ -65.1193, -31.0257, 0.0 ], [ -65.12, -31.0313, 0.0 ], [ -65.0961, -31.0389, 0.0 ], [ -65.0779, -31.0359, 0.0 ], [ -65.064, -31.0349, 0.0 ], [ -65.0617, -31.0356, 0.0 ], [ -65.0568, -31.0369, 0.0 ], [ -65.0519, -31.0372, 0.0 ], [ -65.0493, -31.0376, 0.0 ], [ -65.0464, -31.0382, 0.0 ], [ -65.0422, -31.0396, 0.0 ], [ -65.0386, -31.0409, 0.0 ], [ -65.0362, -31.0419, 0.0 ], [ -65.0369, -31.0382, 0.0 ], [ -65.0343, -31.0372, 0.0 ], [ -65.0319, -31.0366, 0.0 ], [ -65.0288, -31.0352, 0.0 ], [ -65.025, -31.0366, 0.0 ], [ -65.0207, -31.0376, 0.0 ], [ -65.019, -31.0369, 0.0 ], [ -64.9712, -31.005, 0.0 ] ] ] ] } },
{ "type": "Feature", "properties": { "circuito": "00052", "codprov": "04", "coddepto": "004" }, "geometry": { "type": "MultiPolygon", "coordinates": [ [ [ [ -65.182, -30.7863, 0.0 ], [ -65.1845, -30.7883, 0.0 ], [ -65.1864, -30.7897, 0.0 ], [ -65.1838, -30.7905, 0.0 ], [ -65.1832, -30.7911, 0.0 ], [ -65.1836, -30.7925, 0.0 ], [ -65.1861, -30.7941, 0.0 ], [ -65.1862, -30.7957, 0.0 ], [ -65.1844, -30.7974, 0.0 ], [ -65.1825, -30.7981, 0.0 ], [ -65.1802, -30.7988, 0.0 ], [ -65.1789, -30.7993, 0.0 ], [ -65.1774, -30.7999, 0.0 ], [ -65.1764, -30.8014, 0.0 ], [ -65.1756, -30.8028, 0.0 ], [ -65.174, -30.8059, 0.0 ], [ -65.171, -30.8072, 0.0 ], [ -65.1705, -30.8081, 0.0 ], [ -65.1715, -30.8118, 0.0 ], [ -65.1723, -30.8147, 0.0 ], [ -65.1727, -30.8184, 0.0 ], [ -65.1722, -30.8194, 0.0 ], [ -65.1721, -30.821, 0.0 ], [ -65.1721, -30.8228, 0.0 ], [ -65.1718, -30.8239, 0.0 ], [ -65.1734, -30.8256, 0.0 ], [ -65.1735, -30.8269, 0.0 ], [ -65.1721, -30.8282, 0.0 ], [ -65.1719, -30.8294, 0.0 ], [ -65.1735, -30.8297, 0.0 ], [ -65.1733, -30.8325, 0.0 ], [ -65.1729, -30.8335, 0.0 ], [ -65.1713, -30.8346, 0.0 ], [ -65.1721, -30.837, 0.0 ], [ -65.1721, -30.838, 0.0 ], [ -65.173, -30.8396, 0.0 ], [ -65.1713, -30.8401, 0.0 ], [ -65.1707, -30.8412, 0.0 ], [ -65.1713, -30.843, 0.0 ], [ -65.1701, -30.8452, 0.0 ], [ -65.1682, -30.846, 0.0 ], [ -65.1666, -30.8461, 0.0 ], [ -65.1666, -30.847, 0.0 ], [ -65.1649, -30.8487, 0.0 ], [ -65.167, -30.8511, 0.0 ], [ -65.1678, -30.8527, 0.0 ], [ -65.1666, -30.854, 0.0 ], [ -65.1661, -30.8538, 0.0 ], [ -65.1652, -30.8547, 0.0 ], [ -65.1664, -30.8559, 0.0 ], [ -65.1664, -30.8572, 0.0 ], [ -65.1661, -30.8588, 0.0 ], [ -65.1654, -30.8602, 0.0 ], [ -65.1654, -30.8621, 0.0 ], [ -65.1645, -30.8634, 0.0 ], [ -65.1645, -30.865, 0.0 ], [ -65.1649, -30.8662, 0.0 ], [ -65.1653, -30.8667, 0.0 ], [ -65.1654, -30.868, 0.0 ], [ -65.1657, -30.8691, 0.0 ], [ -65.1665, -30.8707, 0.0 ], [ -65.1694, -30.8743, 0.0 ], [ -65.171, -30.8762, 0.0 ], [ -65.1625, -30.8776, 0.0 ], [ -65.1569, -30.8786, 0.0 ], [ -65.1557, -30.8864, 0.0 ], [ -65.1555, -30.8889, 0.0 ], [ -65.1551, -30.8923, 0.0 ], [ -65.1542, -30.8956, 0.0 ], [ -65.1538, -30.8988, 0.0 ], [ -65.1534, -30.903, 0.0 ], [ -65.1527, -30.909, 0.0 ], [ -65.1521, -30.9155, 0.0 ], [ -65.1478, -30.9155, 0.0 ], [ -65.1381, -30.9155, 0.0 ], [ -65.1271, -30.9155, 0.0 ], [ -65.1057, -30.9155, 0.0 ], [ -65.0998, -30.9118, 0.0 ], [ -65.0951, -30.9075, 0.0 ], [ -65.0922, -30.9089, 0.0 ], [ -65.0857, -30.9034, 0.0 ], [ -65.0858, -30.8636, 0.0 ], [ -65.0853, -30.8229, 0.0 ], [ -65.1356, -30.7979, 0.0 ], [ -65.1501, -30.7917, 0.0 ], [ -65.1612, -30.7863, 0.0 ], [ -65.1632, -30.7854, 0.0 ], [ -65.182, -30.7863, 0.0 ] ] ] ] } },
{ "type": "Feature", "properties": { "circuito": "00056", "codprov": "04", "coddepto": "004" }, "geometry": { "type": "MultiPolygon", "coordinates": [ [ [ [ -65.0553, -30.8359, 0.0 ], [ -65.074, -30.8278, 0.0 ], [ -65.0853, -30.8229, 0.0 ], [ -65.0851, -30.8379, 0.0 ], [ -65.0858, -30.8542, 0.0 ], [ -65.0858, -30.8636, 0.0 ], [ -65.0857, -30.9041, 0.0 ], [ -65.0781, -30.8985, 0.0 ], [ -65.065, -30.889, 0.0 ], [ -65.0644, -30.8857, 0.0 ], [ -65.0484, -30.8858, 0.0 ], [ -65.029, -30.886, 0.0 ], [ -65.0055, -30.8814, 0.0 ], [ -64.9807, -30.8765, 0.0 ], [ -64.9429, -30.869, 0.0 ], [ -64.9079, -30.8621, 0.0 ], [ -64.8952, -30.8602, 0.0 ], [ -64.8899, -30.8617, 0.0 ], [ -64.8883, -30.8615, 0.0 ], [ -64.887, -30.8602, 0.0 ], [ -64.8854, -30.8615, 0.0 ], [ -64.8832, -30.8634, 0.0 ], [ -64.8797, -30.864, 0.0 ], [ -64.8783, -30.8642, 0.0 ], [ -64.8799, -30.8431, 0.0 ], [ -64.8814, -30.797, 0.0 ], [ -64.8821, -30.7671, 0.0 ], [ -64.8668, -30.7555, 0.0 ], [ -64.9206, -30.7552, 0.0 ], [ -65.0321, -30.7548, 0.0 ], [ -65.0317, -30.7673, 0.0 ], [ -65.0296, -30.7673, 0.0 ], [ -65.0293, -30.7822, 0.0 ], [ -65.0242, -30.7926, 0.0 ], [ -65.0252, -30.7958, 0.0 ], [ -65.0216, -30.7961, 0.0 ], [ -65.0216, -30.8048, 0.0 ], [ -65.0274, -30.8047, 0.0 ], [ -65.0318, -30.8046, 0.0 ], [ -65.0335, -30.8035, 0.0 ], [ -65.0357, -30.805, 0.0 ], [ -65.0553, -30.8048, 0.0 ], [ -65.0553, -30.8359, 0.0 ] ] ] ] } },
{ "type": "Feature", "properties": { "circuito": "0054A", "codprov": "04", "coddepto": "004" }, "geometry": { "type": "MultiPolygon", "coordinates": [ [ [ [ -64.668, -30.8991, 0.0 ], [ -64.6654, -30.8699, 0.0 ], [ -64.6636, -30.8516, 0.0 ], [ -64.6636, -30.8467, 0.0 ], [ -64.6684, -30.8205, 0.0 ], [ -64.6535, -30.8078, 0.0 ], [ -64.6584, -30.8054, 0.0 ], [ -64.6586, -30.8041, 0.0 ], [ -64.6608, -30.8039, 0.0 ], [ -64.6657, -30.802, 0.0 ], [ -64.6693, -30.799, 0.0 ], [ -64.6702, -30.7957, 0.0 ], [ -64.6717, -30.7947, 0.0 ], [ -64.6734, -30.7955, 0.0 ], [ -64.6749, -30.7968, 0.0 ], [ -64.6753, -30.799, 0.0 ], [ -64.6781, -30.7988, 0.0 ], [ -64.6807, -30.797, 0.0 ], [ -64.682, -30.7968, 0.0 ], [ -64.6829, -30.7975, 0.0 ], [ -64.685, -30.7973, 0.0 ], [ -64.6874, -30.796, 0.0 ], [ -64.6891, -30.7951, 0.0 ], [ -64.6925, -30.7951, 0.0 ], [ -64.6928, -30.797, 0.0 ], [ -64.6934, -30.7977, 0.0 ], [ -64.6945, -30.7972, 0.0 ], [ -64.6953, -30.7955, 0.0 ], [ -64.6975, -30.7919, 0.0 ], [ -64.7005, -30.7902, 0.0 ], [ -64.7022, -30.7886, 0.0 ], [ -64.7046, -30.7878, 0.0 ], [ -64.7065, -30.7875, 0.0 ], [ -64.7091, -30.7871, 0.0 ], [ -64.7106, -30.7861, 0.0 ], [ -64.7115, -30.7856, 0.0 ], [ -64.7122, -30.7842, 0.0 ], [ -64.7136, -30.7813, 0.0 ], [ -64.7138, -30.7783, 0.0 ], [ -64.7174, -30.7783, 0.0 ], [ -64.7197, -30.7785, 0.0 ], [ -64.7224, -30.7789, 0.0 ], [ -64.7243, -30.7791, 0.0 ], [ -64.7266, -30.7789, 0.0 ], [ -64.7294, -30.7791, 0.0 ], [ -64.7315, -30.7789, 0.0 ], [ -64.7328, -30.7785, 0.0 ], [ -64.7344, -30.7779, 0.0 ], [ -64.7374, -30.7781, 0.0 ], [ -64.7399, -30.7778, 0.0 ], [ -64.7414, -30.7776, 0.0 ], [ -64.7424, -30.7776, 0.0 ], [ -64.7446, -30.7774, 0.0 ], [ -64.7464, -30.777, 0.0 ], [ -64.7468, -30.7772, 0.0 ], [ -64.7492, -30.7771, 0.0 ], [ -64.7511, -30.7768, 0.0 ], [ -64.7542, -30.7768, 0.0 ], [ -64.756, -30.7777, 0.0 ], [ -64.7548, -30.7785, 0.0 ], [ -64.7526, -30.7797, 0.0 ], [ -64.7509, -30.7804, 0.0 ], [ -64.7502, -30.781, 0.0 ], [ -64.7483, -30.7824, 0.0 ], [ -64.7461, -30.7843, 0.0 ], [ -64.7442, -30.7866, 0.0 ], [ -64.7435, -30.7902, 0.0 ], [ -64.743, -30.7933, 0.0 ], [ -64.7443, -30.7954, 0.0 ], [ -64.7455, -30.7972, 0.0 ], [ -64.7461, -30.798, 0.0 ], [ -64.7479, -30.8003, 0.0 ], [ -64.751, -30.8034, 0.0 ], [ -64.754, -30.8062, 0.0 ], [ -64.7578, -30.8097, 0.0 ], [ -64.7594, -30.8111, 0.0 ], [ -64.7603, -30.8118, 0.0 ], [ -64.7618, -30.8136, 0.0 ], [ -64.7639, -30.8159, 0.0 ], [ -64.7664, -30.8181, 0.0 ], [ -64.7671, -30.8215, 0.0 ], [ -64.7672, -30.8245, 0.0 ], [ -64.7683, -30.8256, 0.0 ], [ -64.769, -30.828, 0.0 ], [ -64.7697, -30.8306, 0.0 ], [ -64.7706, -30.8331, 0.0 ], [ -64.7712, -30.8368, 0.0 ], [ -64.773, -30.8404, 0.0 ], [ -64.7751, -30.844, 0.0 ], [ -64.7789, -30.8492, 0.0 ], [ -64.7795, -30.8518, 0.0 ], [ -64.7814, -30.8547, 0.0 ], [ -64.7822, -30.8569, 0.0 ], [ -64.7849, -30.8605, 0.0 ], [ -64.7861, -30.8613, 0.0 ], [ -64.7872, -30.8641, 0.0 ], [ -64.7884, -30.8661, 0.0 ], [ -64.7885, -30.8677, 0.0 ], [ -64.7894, -30.8693, 0.0 ], [ -64.7906, -30.8717, 0.0 ], [ -64.7919, -30.8743, 0.0 ], [ -64.793, -30.8765, 0.0 ], [ -64.7956, -30.8787, 0.0 ], [ -64.7982, -30.8819, 0.0 ], [ -64.8013, -30.8838, 0.0 ], [ -64.8039, -30.8853, 0.0 ], [ -64.8061, -30.8868, 0.0 ], [ -64.8068, -30.8872, 0.0 ], [ -64.8116, -30.8883, 0.0 ], [ -64.8138, -30.8889, 0.0 ], [ -64.8154, -30.8894, 0.0 ], [ -64.8169, -30.89, 0.0 ], [ -64.8204, -30.8911, 0.0 ], [ -64.8241, -30.8924, 0.0 ], [ -64.8243, -30.896, 0.0 ], [ -64.8245, -30.9002, 0.0 ], [ -64.8246, -30.9036, 0.0 ], [ -64.8255, -30.905, 0.0 ], [ -64.8246, -30.9067, 0.0 ], [ -64.8252, -30.9088, 0.0 ], [ -64.8246, -30.9107, 0.0 ], [ -64.8246, -30.9114, 0.0 ], [ -64.8246, -30.9124, 0.0 ], [ -64.8246, -30.9133, 0.0 ], [ -64.8242, -30.9147, 0.0 ], [ -64.8243, -30.9159, 0.0 ], [ -64.8241, -30.9174, 0.0 ], [ -64.8239, -30.9191, 0.0 ], [ -64.8235, -30.9223, 0.0 ], [ -64.7986, -30.9192, 0.0 ], [ -64.7519, -30.9135, 0.0 ], [ -64.7132, -30.9068, 0.0 ], [ -64.6905, -30.9037, 0.0 ], [ -64.6776, -30.8997, 0.0 ], [ -64.668, -30.8991, 0.0 ] ] ] ] } },
{ "type": "Feature", "properties": { "circuito": "00054", "codprov": "04", "coddepto": "004" }, "geometry": { "type": "MultiPolygon", "coordinates": [ [ [ [ -64.7059, -30.7476, 0.0 ], [ -64.7132, -30.7484, 0.0 ], [ -64.7186, -30.7492, 0.0 ], [ -64.7223, -30.7498, 0.0 ], [ -64.7239, -30.7509, 0.0 ], [ -64.7215, -30.7534, 0.0 ], [ -64.7205, -30.7558, 0.0 ], [ -64.7192, -30.7569, 0.0 ], [ -64.7172, -30.7579, 0.0 ], [ -64.7173, -30.7596, 0.0 ], [ -64.7185, -30.7616, 0.0 ], [ -64.7198, -30.7626, 0.0 ], [ -64.7188, -30.7646, 0.0 ], [ -64.7173, -30.7657, 0.0 ], [ -64.7168, -30.7674, 0.0 ], [ -64.7172, -30.7687, 0.0 ], [ -64.7145, -30.7708, 0.0 ], [ -64.7136, -30.773, 0.0 ], [ -64.714, -30.7768, 0.0 ], [ -64.7136, -30.7813, 0.0 ], [ -64.7115, -30.7856, 0.0 ], [ -64.7091, -30.7871, 0.0 ], [ -64.7046, -30.7878, 0.0 ], [ -64.7034, -30.7882, 0.0 ], [ -64.7022, -30.7886, 0.0 ], [ -64.7013, -30.7893, 0.0 ], [ -64.6999, -30.7908, 0.0 ], [ -64.6975, -30.7919, 0.0 ], [ -64.696, -30.7949, 0.0 ], [ -64.6945, -30.7972, 0.0 ], [ -64.6934, -30.7977, 0.0 ], [ -64.6925, -30.7951, 0.0 ], [ -64.6891, -30.7951, 0.0 ], [ -64.6863, -30.7966, 0.0 ], [ -64.685, -30.7973, 0.0 ], [ -64.6829, -30.7975, 0.0 ], [ -64.682, -30.7968, 0.0 ], [ -64.6807, -30.797, 0.0 ], [ -64.6792, -30.798, 0.0 ], [ -64.6781, -30.7988, 0.0 ], [ -64.6758, -30.799, 0.0 ], [ -64.6749, -30.7968, 0.0 ], [ -64.6734, -30.7955, 0.0 ], [ -64.6717, -30.7947, 0.0 ], [ -64.6702, -30.7957, 0.0 ], [ -64.6697, -30.7974, 0.0 ], [ -64.6682, -30.7999, 0.0 ], [ -64.6627, -30.8032, 0.0 ], [ -64.6593, -30.804, 0.0 ], [ -64.6586, -30.8041, 0.0 ], [ -64.6574, -30.8059, 0.0 ], [ -64.6535, -30.8078, 0.0 ], [ -64.6453, -30.8002, 0.0 ], [ -64.6337, -30.7904, 0.0 ], [ -64.6232, -30.7822, 0.0 ], [ -64.6148, -30.7743, 0.0 ], [ -64.6073, -30.7687, 0.0 ], [ -64.6176, -30.7448, 0.0 ], [ -64.644, -30.745, 0.0 ], [ -64.644, -30.7435, 0.0 ], [ -64.6453, -30.7433, 0.0 ], [ -64.6463, -30.7442, 0.0 ], [ -64.6474, -30.7455, 0.0 ], [ -64.6494, -30.7465, 0.0 ], [ -64.65, -30.7481, 0.0 ], [ -64.6515, -30.7487, 0.0 ], [ -64.6545, -30.7485, 0.0 ], [ -64.6552, -30.7495, 0.0 ], [ -64.6573, -30.747, 0.0 ], [ -64.6603, -30.7448, 0.0 ], [ -64.6623, -30.7435, 0.0 ], [ -64.6687, -30.7377, 0.0 ], [ -64.6709, -30.7384, 0.0 ], [ -64.6721, -30.7388, 0.0 ], [ -64.6764, -30.7366, 0.0 ], [ -64.6812, -30.738, 0.0 ], [ -64.684, -30.7384, 0.0 ], [ -64.6874, -30.7403, 0.0 ], [ -64.6908, -30.7409, 0.0 ], [ -64.6924, -30.7416, 0.0 ], [ -64.6951, -30.7425, 0.0 ], [ -64.6977, -30.7433, 0.0 ], [ -64.7005, -30.7443, 0.0 ], [ -64.7023, -30.7449, 0.0 ], [ -64.706, -30.7475, 0.0 ], [ -64.7059, -30.7476, 0.0 ] ] ] ] } },
{ "type": "Feature", "properties": { "circuito": "00049", "codprov": "04", "coddepto": "004" }, "geometry": { "type": "MultiPolygon", "coordinates": [ [ [ [ -64.6924, -30.7416, 0.0 ], [ -64.6908, -30.7409, 0.0 ], [ -64.6891, -30.7406, 0.0 ], [ -64.6874, -30.7403, 0.0 ], [ -64.6835, -30.7383, 0.0 ], [ -64.6807, -30.7379, 0.0 ], [ -64.6783, -30.7377, 0.0 ], [ -64.6745, -30.7375, 0.0 ], [ -64.6721, -30.7388, 0.0 ], [ -64.6709, -30.7384, 0.0 ], [ -64.6696, -30.7369, 0.0 ], [ -64.6669, -30.7393, 0.0 ], [ -64.6611, -30.7443, 0.0 ], [ -64.6573, -30.747, 0.0 ], [ -64.6552, -30.7495, 0.0 ], [ -64.6545, -30.7485, 0.0 ], [ -64.6533, -30.7486, 0.0 ], [ -64.6515, -30.7487, 0.0 ], [ -64.65, -30.7481, 0.0 ], [ -64.6494, -30.7465, 0.0 ], [ -64.6474, -30.7455, 0.0 ], [ -64.6463, -30.7442, 0.0 ], [ -64.6453, -30.7433, 0.0 ], [ -64.644, -30.7435, 0.0 ], [ -64.644, -30.745, 0.0 ], [ -64.6294, -30.7449, 0.0 ], [ -64.6176, -30.7448, 0.0 ], [ -64.6173, -30.7372, 0.0 ], [ -64.6177, -30.7216, 0.0 ], [ -64.6176, -30.7108, 0.0 ], [ -64.6185, -30.7108, 0.0 ], [ -64.6192, -30.7109, 0.0 ], [ -64.6213, -30.712, 0.0 ], [ -64.6221, -30.7122, 0.0 ], [ -64.6227, -30.7128, 0.0 ], [ -64.6236, -30.7133, 0.0 ], [ -64.6251, -30.7133, 0.0 ], [ -64.6268, -30.7132, 0.0 ], [ -64.6289, -30.7131, 0.0 ], [ -64.631, -30.7117, 0.0 ], [ -64.6345, -30.7116, 0.0 ], [ -64.6389, -30.7122, 0.0 ], [ -64.6414, -30.7123, 0.0 ], [ -64.6433, -30.712, 0.0 ], [ -64.6466, -30.7114, 0.0 ], [ -64.6484, -30.7108, 0.0 ], [ -64.6503, -30.7104, 0.0 ], [ -64.6517, -30.7097, 0.0 ], [ -64.6535, -30.7108, 0.0 ], [ -64.6554, -30.7111, 0.0 ], [ -64.6559, -30.7115, 0.0 ], [ -64.656, -30.7123, 0.0 ], [ -64.6551, -30.7132, 0.0 ], [ -64.6545, -30.7143, 0.0 ], [ -64.6573, -30.716, 0.0 ], [ -64.6584, -30.7173, 0.0 ], [ -64.6615, -30.7167, 0.0 ], [ -64.6633, -30.7188, 0.0 ], [ -64.6646, -30.7216, 0.0 ], [ -64.6662, -30.721, 0.0 ], [ -64.6673, -30.721, 0.0 ], [ -64.6702, -30.7234, 0.0 ], [ -64.6729, -30.724, 0.0 ], [ -64.6734, -30.7256, 0.0 ], [ -64.6755, -30.7256, 0.0 ], [ -64.6778, -30.7266, 0.0 ], [ -64.6786, -30.727, 0.0 ], [ -64.68, -30.7276, 0.0 ], [ -64.6809, -30.7285, 0.0 ], [ -64.6813, -30.7296, 0.0 ], [ -64.6818, -30.7299, 0.0 ], [ -64.6823, -30.7299, 0.0 ], [ -64.6841, -30.7305, 0.0 ], [ -64.6854, -30.7313, 0.0 ], [ -64.6867, -30.7327, 0.0 ], [ -64.6886, -30.7334, 0.0 ], [ -64.6899, -30.735, 0.0 ], [ -64.6924, -30.7416, 0.0 ] ] ] ] } },
{ "type": "Feature", "properties": { "circuito": "0043B", "codprov": "04", "coddepto": "004" }, "geometry": { "type": "MultiPolygon", "coordinates": [ [ [ [ -64.689, -30.7339, 0.0 ], [ -64.6867, -30.7327, 0.0 ], [ -64.6854, -30.7313, 0.0 ], [ -64.6841, -30.7305, 0.0 ], [ -64.6831, -30.7302, 0.0 ], [ -64.6818, -30.7299, 0.0 ], [ -64.6807, -30.7283, 0.0 ], [ -64.6794, -30.7273, 0.0 ], [ -64.678, -30.7267, 0.0 ], [ -64.6764, -30.7266, 0.0 ], [ -64.6755, -30.7256, 0.0 ], [ -64.6734, -30.7256, 0.0 ], [ -64.6729, -30.724, 0.0 ], [ -64.6702, -30.7234, 0.0 ], [ -64.668, -30.7216, 0.0 ], [ -64.6673, -30.721, 0.0 ], [ -64.6662, -30.721, 0.0 ], [ -64.6646, -30.7216, 0.0 ], [ -64.6637, -30.7197, 0.0 ], [ -64.6626, -30.718, 0.0 ], [ -64.6615, -30.7167, 0.0 ], [ -64.6594, -30.7171, 0.0 ], [ -64.6581, -30.717, 0.0 ], [ -64.6573, -30.716, 0.0 ], [ -64.6557, -30.715, 0.0 ], [ -64.6545, -30.7143, 0.0 ], [ -64.6551, -30.7132, 0.0 ], [ -64.6559, -30.7115, 0.0 ], [ -64.6531, -30.7105, 0.0 ], [ -64.6517, -30.7097, 0.0 ], [ -64.6492, -30.7106, 0.0 ], [ -64.6466, -30.7114, 0.0 ], [ -64.6414, -30.7123, 0.0 ], [ -64.6395, -30.7123, 0.0 ], [ -64.6339, -30.7116, 0.0 ], [ -64.6314, -30.7117, 0.0 ], [ -64.6289, -30.7131, 0.0 ], [ -64.6268, -30.7132, 0.0 ], [ -64.6236, -30.7133, 0.0 ], [ -64.6222, -30.7131, 0.0 ], [ -64.6221, -30.7122, 0.0 ], [ -64.6213, -30.712, 0.0 ], [ -64.6185, -30.7108, 0.0 ], [ -64.6176, -30.7108, 0.0 ], [ -64.6179, -30.7011, 0.0 ], [ -64.6179, -30.6902, 0.0 ], [ -64.6184, -30.6843, 0.0 ], [ -64.6392, -30.6842, 0.0 ], [ -64.6698, -30.6842, 0.0 ], [ -64.7035, -30.6842, 0.0 ], [ -64.713, -30.684, 0.0 ], [ -64.712, -30.6968, 0.0 ], [ -64.7107, -30.7076, 0.0 ], [ -64.701, -30.7048, 0.0 ], [ -64.6978, -30.71, 0.0 ], [ -64.6938, -30.7162, 0.0 ], [ -64.6931, -30.7173, 0.0 ], [ -64.6933, -30.7194, 0.0 ], [ -64.6932, -30.7232, 0.0 ], [ -64.6924, -30.7261, 0.0 ], [ -64.6921, -30.7287, 0.0 ], [ -64.6915, -30.7299, 0.0 ], [ -64.6916, -30.7315, 0.0 ], [ -64.6904, -30.7332, 0.0 ], [ -64.6893, -30.7342, 0.0 ], [ -64.689, -30.7339, 0.0 ] ] ] ] } },
{ "type": "Feature", "properties": { "circuito": "00044", "codprov": "04", "coddepto": "004" }, "geometry": { "type": "MultiPolygon", "coordinates": [ [ [ [ -64.8012, -30.7556, 0.0 ], [ -64.7934, -30.7658, 0.0 ], [ -64.7896, -30.7697, 0.0 ], [ -64.7887, -30.7702, 0.0 ], [ -64.7842, -30.7725, 0.0 ], [ -64.7779, -30.7756, 0.0 ], [ -64.7764, -30.7792, 0.0 ], [ -64.7566, -30.7781, 0.0 ], [ -64.7544, -30.7767, 0.0 ], [ -64.7441, -30.7774, 0.0 ], [ -64.7406, -30.7777, 0.0 ], [ -64.7374, -30.7781, 0.0 ], [ -64.7344, -30.7779, 0.0 ], [ -64.7315, -30.7789, 0.0 ], [ -64.7294, -30.7791, 0.0 ], [ -64.7274, -30.779, 0.0 ], [ -64.7243, -30.7791, 0.0 ], [ -64.7187, -30.7784, 0.0 ], [ -64.7138, -30.7783, 0.0 ], [ -64.7139, -30.7773, 0.0 ], [ -64.7138, -30.7749, 0.0 ], [ -64.7136, -30.773, 0.0 ], [ -64.7145, -30.7708, 0.0 ], [ -64.7172, -30.7687, 0.0 ], [ -64.7168, -30.7674, 0.0 ], [ -64.7173, -30.7657, 0.0 ], [ -64.7188, -30.7646, 0.0 ], [ -64.7198, -30.7626, 0.0 ], [ -64.7185, -30.7616, 0.0 ], [ -64.718, -30.7607, 0.0 ], [ -64.7173, -30.7596, 0.0 ], [ -64.7172, -30.7579, 0.0 ], [ -64.7192, -30.7569, 0.0 ], [ -64.7205, -30.7558, 0.0 ], [ -64.721, -30.7547, 0.0 ], [ -64.7225, -30.7523, 0.0 ], [ -64.7239, -30.7509, 0.0 ], [ -64.7223, -30.7498, 0.0 ], [ -64.7198, -30.7493, 0.0 ], [ -64.7162, -30.7488, 0.0 ], [ -64.7132, -30.7484, 0.0 ], [ -64.71, -30.7477, 0.0 ], [ -64.706, -30.7475, 0.0 ], [ -64.7023, -30.7449, 0.0 ], [ -64.6969, -30.7431, 0.0 ], [ -64.6924, -30.7416, 0.0 ], [ -64.6898, -30.7338, 0.0 ], [ -64.6913, -30.7319, 0.0 ], [ -64.6915, -30.7299, 0.0 ], [ -64.6921, -30.7287, 0.0 ], [ -64.6923, -30.7269, 0.0 ], [ -64.6932, -30.7232, 0.0 ], [ -64.6931, -30.7177, 0.0 ], [ -64.6978, -30.71, 0.0 ], [ -64.701, -30.7048, 0.0 ], [ -64.7107, -30.7076, 0.0 ], [ -64.7111, -30.7043, 0.0 ], [ -64.7126, -30.69, 0.0 ], [ -64.714, -30.6712, 0.0 ], [ -64.7151, -30.6553, 0.0 ], [ -64.7159, -30.6447, 0.0 ], [ -64.7165, -30.64, 0.0 ], [ -64.7337, -30.6403, 0.0 ], [ -64.7648, -30.6401, 0.0 ], [ -64.7684, -30.6471, 0.0 ], [ -64.7703, -30.6504, 0.0 ], [ -64.7714, -30.652, 0.0 ], [ -64.7722, -30.6543, 0.0 ], [ -64.7739, -30.6575, 0.0 ], [ -64.7757, -30.6595, 0.0 ], [ -64.7771, -30.6628, 0.0 ], [ -64.7782, -30.666, 0.0 ], [ -64.788, -30.683, 0.0 ], [ -64.7925, -30.6919, 0.0 ], [ -64.7949, -30.6942, 0.0 ], [ -64.8019, -30.6993, 0.0 ], [ -64.8077, -30.7043, 0.0 ], [ -64.8101, -30.7054, 0.0 ], [ -64.8115, -30.7066, 0.0 ], [ -64.812, -30.7086, 0.0 ], [ -64.8112, -30.7105, 0.0 ], [ -64.8105, -30.7122, 0.0 ], [ -64.8109, -30.714, 0.0 ], [ -64.8137, -30.7155, 0.0 ], [ -64.8168, -30.717, 0.0 ], [ -64.8173, -30.719, 0.0 ], [ -64.8202, -30.7204, 0.0 ], [ -64.8821, -30.7671, 0.0 ], [ -64.8821, -30.7738, 0.0 ], [ -64.872, -30.7834, 0.0 ], [ -64.8618, -30.793, 0.0 ], [ -64.845, -30.7825, 0.0 ], [ -64.8179, -30.7658, 0.0 ], [ -64.8012, -30.7556, 0.0 ] ] ] ] } },
{ "type": "Feature", "properties": { "circuito": "0050A", "codprov": "04", "coddepto": "004" }, "geometry": { "type": "MultiPolygon", "coordinates": [ [ [ [ -65.0609, -30.4792, 0.0 ], [ -65.061, -30.479, 0.0 ], [ -65.06, -30.481, 0.0 ], [ -65.0584, -30.4846, 0.0 ], [ -65.0583, -30.4879, 0.0 ], [ -65.057, -30.4909, 0.0 ], [ -65.0555, -30.4949, 0.0 ], [ -65.0567, -30.4968, 0.0 ], [ -65.0569, -30.4995, 0.0 ], [ -65.0559, -30.503, 0.0 ], [ -65.0571, -30.5054, 0.0 ], [ -65.0578, -30.5077, 0.0 ], [ -65.0556, -30.5064, 0.0 ], [ -65.053, -30.509, 0.0 ], [ -65.0505, -30.5098, 0.0 ], [ -65.0491, -30.5083, 0.0 ], [ -65.0479, -30.508, 0.0 ], [ -65.0465, -30.5086, 0.0 ], [ -65.0456, -30.5108, 0.0 ], [ -65.0446, -30.5149, 0.0 ], [ -65.0416, -30.518, 0.0 ], [ -65.038, -30.521, 0.0 ], [ -65.0331, -30.5207, 0.0 ], [ -65.029, -30.52, 0.0 ], [ -65.0283, -30.5209, 0.0 ], [ -65.0286, -30.5215, 0.0 ], [ -65.0305, -30.5227, 0.0 ], [ -65.029, -30.525, 0.0 ], [ -65.026, -30.5265, 0.0 ], [ -65.0235, -30.5275, 0.0 ], [ -65.0218, -30.5282, 0.0 ], [ -65.0203, -30.5309, 0.0 ], [ -65.0192, -30.5327, 0.0 ], [ -65.017, -30.5351, 0.0 ], [ -65.0159, -30.5355, 0.0 ], [ -65.0159, -30.5365, 0.0 ], [ -65.0133, -30.5377, 0.0 ], [ -65.0128, -30.5385, 0.0 ], [ -65.0124, -30.5402, 0.0 ], [ -65.0116, -30.5418, 0.0 ], [ -65.0113, -30.5439, 0.0 ], [ -65.0099, -30.5457, 0.0 ], [ -65.0091, -30.5478, 0.0 ], [ -65.0072, -30.5483, 0.0 ], [ -65.0046, -30.5464, 0.0 ], [ -65.0025, -30.5461, 0.0 ], [ -65.0011, -30.5476, 0.0 ], [ -65.0011, -30.5492, 0.0 ], [ -65.0019, -30.5501, 0.0 ], [ -65.0017, -30.5508, 0.0 ], [ -64.999, -30.5511, 0.0 ], [ -64.9972, -30.5523, 0.0 ], [ -64.997, -30.5541, 0.0 ], [ -64.9967, -30.5563, 0.0 ], [ -64.9975, -30.5573, 0.0 ], [ -64.9975, -30.559, 0.0 ], [ -64.9967, -30.5606, 0.0 ], [ -64.9942, -30.5607, 0.0 ], [ -64.9919, -30.5605, 0.0 ], [ -64.9908, -30.5614, 0.0 ], [ -64.9895, -30.5623, 0.0 ], [ -64.9883, -30.5625, 0.0 ], [ -64.9883, -30.5634, 0.0 ], [ -64.9883, -30.5671, 0.0 ], [ -64.9872, -30.5688, 0.0 ], [ -64.9879, -30.5697, 0.0 ], [ -64.987, -30.5712, 0.0 ], [ -64.9843, -30.571, 0.0 ], [ -64.9825, -30.5701, 0.0 ], [ -64.9796, -30.5694, 0.0 ], [ -64.9779, -30.5694, 0.0 ], [ -64.9749, -30.573, 0.0 ], [ -64.9741, -30.5751, 0.0 ], [ -64.9709, -30.5781, 0.0 ], [ -64.9712, -30.5797, 0.0 ], [ -64.972, -30.5799, 0.0 ], [ -64.9724, -30.5808, 0.0 ], [ -64.971, -30.583, 0.0 ], [ -64.9692, -30.5831, 0.0 ], [ -64.9684, -30.5832, 0.0 ], [ -64.9673, -30.5838, 0.0 ], [ -64.9666, -30.5848, 0.0 ], [ -64.9666, -30.5871, 0.0 ], [ -64.9648, -30.5899, 0.0 ], [ -64.9634, -30.5913, 0.0 ], [ -64.9641, -30.5924, 0.0 ], [ -64.964, -30.5943, 0.0 ], [ -64.9637, -30.595, 0.0 ], [ -64.9637, -30.5969, 0.0 ], [ -64.9637, -30.5988, 0.0 ], [ -64.9629, -30.6015, 0.0 ], [ -64.9616, -30.602, 0.0 ], [ -64.9607, -30.6022, 0.0 ], [ -64.9608, -30.6035, 0.0 ], [ -64.9616, -30.6049, 0.0 ], [ -64.9616, -30.606, 0.0 ], [ -64.9605, -30.6073, 0.0 ], [ -64.9585, -30.6091, 0.0 ], [ -64.9549, -30.6102, 0.0 ], [ -64.9543, -30.611, 0.0 ], [ -64.9543, -30.6121, 0.0 ], [ -64.9546, -30.6131, 0.0 ], [ -64.9543, -30.6143, 0.0 ], [ -64.9536, -30.615, 0.0 ], [ -64.9507, -30.615, 0.0 ], [ -64.9496, -30.6161, 0.0 ], [ -64.9495, -30.6169, 0.0 ], [ -64.9491, -30.618, 0.0 ], [ -64.9482, -30.6184, 0.0 ], [ -64.9451, -30.6186, 0.0 ], [ -64.9423, -30.619, 0.0 ], [ -64.9416, -30.6184, 0.0 ], [ -64.9406, -30.6168, 0.0 ], [ -64.9378, -30.6167, 0.0 ], [ -64.9373, -30.6171, 0.0 ], [ -64.9351, -30.6176, 0.0 ], [ -64.9336, -30.6187, 0.0 ], [ -64.9307, -30.6209, 0.0 ], [ -64.9292, -30.6205, 0.0 ], [ -64.9277, -30.62, 0.0 ], [ -64.9263, -30.6196, 0.0 ], [ -64.9242, -30.6204, 0.0 ], [ -64.9233, -30.6212, 0.0 ], [ -64.9222, -30.6218, 0.0 ], [ -64.9204, -30.6219, 0.0 ], [ -64.9188, -30.6234, 0.0 ], [ -64.9188, -30.6248, 0.0 ], [ -64.9198, -30.6258, 0.0 ], [ -64.9213, -30.6259, 0.0 ], [ -64.9216, -30.6266, 0.0 ], [ -64.9205, -30.6288, 0.0 ], [ -64.9187, -30.6295, 0.0 ], [ -64.9169, -30.6292, 0.0 ], [ -64.9162, -30.6292, 0.0 ], [ -64.9153, -30.6305, 0.0 ], [ -64.9153, -30.636, 0.0 ], [ -64.9137, -30.6378, 0.0 ], [ -64.9141, -30.6389, 0.0 ], [ -64.9133, -30.6397, 0.0 ], [ -64.9125, -30.6404, 0.0 ], [ -64.9043, -30.6385, 0.0 ], [ -64.9038, -30.6367, 0.0 ], [ -64.903, -30.6365, 0.0 ], [ -64.9019, -30.6365, 0.0 ], [ -64.8995, -30.6374, 0.0 ], [ -64.8983, -30.6383, 0.0 ], [ -64.8974, -30.6393, 0.0 ], [ -64.897, -30.6409, 0.0 ], [ -64.8958, -30.6419, 0.0 ], [ -64.8955, -30.6473, 0.0 ], [ -64.8943, -30.6499, 0.0 ], [ -64.8933, -30.651, 0.0 ], [ -64.8932, -30.6524, 0.0 ], [ -64.894, -30.6542, 0.0 ], [ -64.8939, -30.655, 0.0 ], [ -64.8925, -30.6553, 0.0 ], [ -64.8879, -30.6552, 0.0 ], [ -64.885, -30.656, 0.0 ], [ -64.882, -30.6575, 0.0 ], [ -64.8806, -30.6599, 0.0 ], [ -64.8787, -30.661, 0.0 ], [ -64.8744, -30.6621, 0.0 ], [ -64.8707, -30.6651, 0.0 ], [ -64.8679, -30.6681, 0.0 ], [ -64.8676, -30.6727, 0.0 ], [ -64.8667, -30.676, 0.0 ], [ -64.8656, -30.6772, 0.0 ], [ -64.8629, -30.6799, 0.0 ], [ -64.8606, -30.6818, 0.0 ], [ -64.8577, -30.6848, 0.0 ], [ -64.8544, -30.6858, 0.0 ], [ -64.8483, -30.6872, 0.0 ], [ -64.8418, -30.687, 0.0 ], [ -64.8366, -30.687, 0.0 ], [ -64.8355, -30.6876, 0.0 ], [ -64.8339, -30.6908, 0.0 ], [ -64.8341, -30.6939, 0.0 ], [ -64.8345, -30.6943, 0.0 ], [ -64.8332, -30.696, 0.0 ], [ -64.8323, -30.6972, 0.0 ], [ -64.8314, -30.6984, 0.0 ], [ -64.8309, -30.6989, 0.0 ], [ -64.8303, -30.6997, 0.0 ], [ -64.8298, -30.7004, 0.0 ], [ -64.8292, -30.7011, 0.0 ], [ -64.8286, -30.7019, 0.0 ], [ -64.8281, -30.7026, 0.0 ], [ -64.8273, -30.7036, 0.0 ], [ -64.8261, -30.7051, 0.0 ], [ -64.8248, -30.7068, 0.0 ], [ -64.8238, -30.7081, 0.0 ], [ -64.8229, -30.7092, 0.0 ], [ -64.8219, -30.7106, 0.0 ], [ -64.8206, -30.7121, 0.0 ], [ -64.8198, -30.7132, 0.0 ], [ -64.8186, -30.7148, 0.0 ], [ -64.8176, -30.716, 0.0 ], [ -64.8168, -30.717, 0.0 ], [ -64.8109, -30.714, 0.0 ], [ -64.8105, -30.7122, 0.0 ], [ -64.812, -30.7086, 0.0 ], [ -64.8115, -30.7066, 0.0 ], [ -64.8087, -30.7048, 0.0 ], [ -64.7986, -30.6969, 0.0 ], [ -64.7922, -30.6911, 0.0 ], [ -64.7907, -30.6884, 0.0 ], [ -64.7823, -30.6732, 0.0 ], [ -64.7801, -30.6694, 0.0 ], [ -64.7771, -30.6628, 0.0 ], [ -64.7755, -30.6593, 0.0 ], [ -64.7731, -30.656, 0.0 ], [ -64.7708, -30.6511, 0.0 ], [ -64.7648, -30.6401, 0.0 ], [ -64.7976, -30.6398, 0.0 ], [ -64.8522, -30.6398, 0.0 ], [ -64.8735, -30.6189, 0.0 ], [ -64.8992, -30.6012, 0.0 ], [ -64.9157, -30.5904, 0.0 ], [ -64.9268, -30.5697, 0.0 ], [ -64.9654, -30.5305, 0.0 ], [ -64.9875, -30.5076, 0.0 ], [ -64.9961, -30.4949, 0.0 ], [ -65.0071, -30.477, 0.0 ], [ -65.0198, -30.4554, 0.0 ], [ -65.0383, -30.4662, 0.0 ], [ -65.0609, -30.4792, 0.0 ] ] ] ] } },
{ "type": "Feature", "properties": { "circuito": "0044A", "codprov": "04", "coddepto": "004" }, "geometry": { "type": "MultiPolygon", "coordinates": [ [ [ [ -64.8168, -30.717, 0.0 ], [ -64.8346, -30.6942, 0.0 ], [ -64.8354, -30.6955, 0.0 ], [ -64.8383, -30.696, 0.0 ], [ -64.8423, -30.6969, 0.0 ], [ -64.8465, -30.6977, 0.0 ], [ -64.8501, -30.6986, 0.0 ], [ -64.849, -30.7012, 0.0 ], [ -64.8488, -30.7031, 0.0 ], [ -64.8488, -30.7045, 0.0 ], [ -64.8484, -30.7059, 0.0 ], [ -64.8454, -30.7087, 0.0 ], [ -64.8398, -30.714, 0.0 ], [ -64.8375, -30.7163, 0.0 ], [ -64.834, -30.7173, 0.0 ], [ -64.8318, -30.7176, 0.0 ], [ -64.8312, -30.7176, 0.0 ], [ -64.8287, -30.7163, 0.0 ], [ -64.8273, -30.7156, 0.0 ], [ -64.8265, -30.7156, 0.0 ], [ -64.8256, -30.7157, 0.0 ], [ -64.823, -30.7189, 0.0 ], [ -64.8216, -30.7196, 0.0 ], [ -64.8207, -30.7202, 0.0 ], [ -64.8202, -30.7204, 0.0 ], [ -64.8173, -30.719, 0.0 ], [ -64.8168, -30.717, 0.0 ] ] ] ] } },
{ "type": "Feature", "properties": { "circuito": "00055", "codprov": "04", "coddepto": "004" }, "geometry": { "type": "MultiPolygon", "coordinates": [ [ [ [ -65.1976, -30.5178, 0.0 ], [ -65.2164, -30.5178, 0.0 ], [ -65.3067, -30.517, 0.0 ], [ -65.3704, -30.5162, 0.0 ], [ -65.4022, -30.5165, 0.0 ], [ -65.4552, -30.5178, 0.0 ], [ -65.4745, -30.5187, 0.0 ], [ -65.5137, -30.517, 0.0 ], [ -65.5259, -30.5167, 0.0 ], [ -65.5485, -30.562, 0.0 ], [ -65.557, -30.5791, 0.0 ], [ -65.5595, -30.5849, 0.0 ], [ -65.5615, -30.5899, 0.0 ], [ -65.5642, -30.5932, 0.0 ], [ -65.5714, -30.6089, 0.0 ], [ -65.5893, -30.6457, 0.0 ], [ -65.5303, -30.657, 0.0 ], [ -65.4532, -30.6724, 0.0 ], [ -65.3967, -30.684, 0.0 ], [ -65.3826, -30.6862, 0.0 ], [ -65.3809, -30.6962, 0.0 ], [ -65.3771, -30.6976, 0.0 ], [ -65.3265, -30.6479, 0.0 ], [ -65.324, -30.6454, 0.0 ], [ -65.3196, -30.6393, 0.0 ], [ -65.3155, -30.6346, 0.0 ], [ -65.3091, -30.6277, 0.0 ], [ -65.2998, -30.6186, 0.0 ], [ -65.2904, -30.6065, 0.0 ], [ -65.2744, -30.5866, 0.0 ], [ -65.2639, -30.588, 0.0 ], [ -65.2614, -30.5866, 0.0 ], [ -65.2589, -30.5838, 0.0 ], [ -65.2575, -30.58, 0.0 ], [ -65.2542, -30.5753, 0.0 ], [ -65.2542, -30.5722, 0.0 ], [ -65.2421, -30.5537, 0.0 ], [ -65.2398, -30.5499, 0.0 ], [ -65.2363, -30.5449, 0.0 ], [ -65.2335, -30.5416, 0.0 ], [ -65.2291, -30.5372, 0.0 ], [ -65.2271, -30.5358, 0.0 ], [ -65.2247, -30.5333, 0.0 ], [ -65.2211, -30.5314, 0.0 ], [ -65.2147, -30.5286, 0.0 ], [ -65.2117, -30.5264, 0.0 ], [ -65.2009, -30.5203, 0.0 ], [ -65.1976, -30.5181, 0.0 ], [ -65.1976, -30.5178, 0.0 ] ] ] ] } },
{ "type": "Feature", "properties": { "circuito": "00047", "codprov": "04", "coddepto": "004" }, "geometry": { "type": "MultiPolygon", "coordinates": [ [ [ [ -65.3273, -30.6486, 0.0 ], [ -65.325, -30.6495, 0.0 ], [ -65.3173, -30.6479, 0.0 ], [ -65.3137, -30.6506, 0.0 ], [ -65.3054, -30.6556, 0.0 ], [ -65.301, -30.6581, 0.0 ], [ -65.2985, -30.6589, 0.0 ], [ -65.2933, -30.6608, 0.0 ], [ -65.29, -30.6622, 0.0 ], [ -65.2877, -30.6636, 0.0 ], [ -65.2831, -30.6653, 0.0 ], [ -65.2803, -30.6661, 0.0 ], [ -65.2775, -30.6688, 0.0 ], [ -65.272, -30.6724, 0.0 ], [ -65.269, -30.6733, 0.0 ], [ -65.267, -30.6719, 0.0 ], [ -65.2648, -30.6691, 0.0 ], [ -65.2615, -30.6683, 0.0 ], [ -65.261, -30.6653, 0.0 ], [ -65.261, -30.6639, 0.0 ], [ -65.2596, -30.6614, 0.0 ], [ -65.2601, -30.66, 0.0 ], [ -65.259, -30.6589, 0.0 ], [ -65.2596, -30.6575, 0.0 ], [ -65.2651, -30.6484, 0.0 ], [ -65.2643, -30.6462, 0.0 ], [ -65.2632, -30.6454, 0.0 ], [ -65.2623, -30.6446, 0.0 ], [ -65.2626, -30.6434, 0.0 ], [ -65.2648, -30.6429, 0.0 ], [ -65.2723, -30.6451, 0.0 ], [ -65.2753, -30.6426, 0.0 ], [ -65.2806, -30.6396, 0.0 ], [ -65.2811, -30.6291, 0.0 ], [ -65.2803, -30.6197, 0.0 ], [ -65.2853, -30.6167, 0.0 ], [ -65.2883, -30.615, 0.0 ], [ -65.2902, -30.6142, 0.0 ], [ -65.2936, -30.6107, 0.0 ], [ -65.2998, -30.6186, 0.0 ], [ -65.3098, -30.6284, 0.0 ], [ -65.3265, -30.6479, 0.0 ], [ -65.3273, -30.6486, 0.0 ] ] ] ] } },
{ "type": "Feature", "properties": { "circuito": "00057", "codprov": "04", "coddepto": "004" }, "geometry": { "type": "MultiPolygon", "coordinates": [ [ [ [ -65.2687, -30.8839, 0.0 ], [ -65.2686, -30.8839, 0.0 ], [ -65.2686972, -30.8838867, 0.0 ], [ -65.2687, -30.8839, 0.0 ] ] ], [ [ [ -65.2686972, -30.8838867, 0.0 ], [ -65.2683, -30.882, 0.0 ], [ -65.2673, -30.882, 0.0 ], [ -65.2683, -30.8808, 0.0 ], [ -65.265, -30.8809, 0.0 ], [ -65.263, -30.8788, 0.0 ], [ -65.2627, -30.8771, 0.0 ], [ -65.2608, -30.8761, 0.0 ], [ -65.2591, -30.8762, 0.0 ], [ -65.2594, -30.8752, 0.0 ], [ -65.259, -30.8745, 0.0 ], [ -65.2576, -30.8748, 0.0 ], [ -65.2559, -30.8758, 0.0 ], [ -65.2554, -30.874, 0.0 ], [ -65.2512, -30.8736, 0.0 ], [ -65.2489, -30.8718, 0.0 ], [ -65.2496, -30.8694, 0.0 ], [ -65.2492, -30.8687, 0.0 ], [ -65.2485, -30.869, 0.0 ], [ -65.2469, -30.8699, 0.0 ], [ -65.2454, -30.8701, 0.0 ], [ -65.2427, -30.8681, 0.0 ], [ -65.2423, -30.8676, 0.0 ], [ -65.2418, -30.8665, 0.0 ], [ -65.2425, -30.8662, 0.0 ], [ -65.2435, -30.8664, 0.0 ], [ -65.2456, -30.8663, 0.0 ], [ -65.2452, -30.8651, 0.0 ], [ -65.2438, -30.8649, 0.0 ], [ -65.241, -30.8639, 0.0 ], [ -65.2388, -30.8632, 0.0 ], [ -65.238, -30.8614, 0.0 ], [ -65.2351, -30.8613, 0.0 ], [ -65.234, -30.8607, 0.0 ], [ -65.2349, -30.8588, 0.0 ], [ -65.2348, -30.8572, 0.0 ], [ -65.234, -30.8556, 0.0 ], [ -65.2334, -30.8538, 0.0 ], [ -65.233, -30.8512, 0.0 ], [ -65.2297, -30.8493, 0.0 ], [ -65.2287, -30.8493, 0.0 ], [ -65.2279, -30.8439, 0.0 ], [ -65.227, -30.8424, 0.0 ], [ -65.2264, -30.8414, 0.0 ], [ -65.224, -30.8388, 0.0 ], [ -65.2242, -30.8367, 0.0 ], [ -65.2257, -30.8367, 0.0 ], [ -65.2272, -30.8361, 0.0 ], [ -65.2283, -30.8355, 0.0 ], [ -65.2283, -30.8331, 0.0 ], [ -65.2283, -30.8309, 0.0 ], [ -65.2271, -30.8309, 0.0 ], [ -65.2265, -30.8303, 0.0 ], [ -65.2276, -30.8284, 0.0 ], [ -65.2279, -30.8237, 0.0 ], [ -65.2283, -30.8178, 0.0 ], [ -65.2304, -30.8147, 0.0 ], [ -65.2294, -30.8126, 0.0 ], [ -65.2294, -30.8112, 0.0 ], [ -65.2299, -30.8094, 0.0 ], [ -65.2291, -30.8085, 0.0 ], [ -65.2287, -30.8062, 0.0 ], [ -65.2266, -30.8041, 0.0 ], [ -65.2275, -30.8027, 0.0 ], [ -65.2275, -30.8016, 0.0 ], [ -65.2264, -30.8011, 0.0 ], [ -65.2243, -30.8012, 0.0 ], [ -65.2232, -30.7996, 0.0 ], [ -65.2233, -30.7974, 0.0 ], [ -65.2235, -30.7967, 0.0 ], [ -65.2202, -30.7941, 0.0 ], [ -65.2177, -30.7911, 0.0 ], [ -65.2147, -30.7905, 0.0 ], [ -65.2131, -30.7881, 0.0 ], [ -65.2118, -30.7852, 0.0 ], [ -65.2105, -30.7829, 0.0 ], [ -65.2108, -30.7787, 0.0 ], [ -65.2127, -30.7784, 0.0 ], [ -65.214, -30.7779, 0.0 ], [ -65.2142, -30.7753, 0.0 ], [ -65.213, -30.7735, 0.0 ], [ -65.213, -30.7728, 0.0 ], [ -65.2151, -30.7695, 0.0 ], [ -65.2124, -30.7644, 0.0 ], [ -65.2111, -30.7612, 0.0 ], [ -65.2111, -30.7584, 0.0 ], [ -65.2119, -30.7559, 0.0 ], [ -65.2151, -30.7533, 0.0 ], [ -65.2181, -30.7514, 0.0 ], [ -65.2181, -30.7471, 0.0 ], [ -65.2188, -30.7455, 0.0 ], [ -65.2221, -30.7423, 0.0 ], [ -65.2217, -30.7402, 0.0 ], [ -65.2195, -30.7372, 0.0 ], [ -65.217, -30.7373, 0.0 ], [ -65.2152, -30.7369, 0.0 ], [ -65.2152, -30.7354, 0.0 ], [ -65.2153, -30.7334, 0.0 ], [ -65.2162, -30.7325, 0.0 ], [ -65.2217, -30.7322, 0.0 ], [ -65.2265, -30.7283, 0.0 ], [ -65.2282, -30.725, 0.0 ], [ -65.2294, -30.7188, 0.0 ], [ -65.23, -30.7144, 0.0 ], [ -65.2311, -30.7123, 0.0 ], [ -65.2338, -30.7114, 0.0 ], [ -65.2354, -30.7108, 0.0 ], [ -65.2373, -30.7067, 0.0 ], [ -65.2349, -30.7031, 0.0 ], [ -65.2334, -30.702, 0.0 ], [ -65.2334, -30.7005, 0.0 ], [ -65.2351, -30.6974, 0.0 ], [ -65.2355, -30.6958, 0.0 ], [ -65.2344, -30.6952, 0.0 ], [ -65.2343, -30.694, 0.0 ], [ -65.2365, -30.6927, 0.0 ], [ -65.2383, -30.6911, 0.0 ], [ -65.2381, -30.6889, 0.0 ], [ -65.2323, -30.6826, 0.0 ], [ -65.2326, -30.68, 0.0 ], [ -65.2326, -30.6784, 0.0 ], [ -65.2316, -30.677, 0.0 ], [ -65.2347, -30.6759, 0.0 ], [ -65.2361, -30.6745, 0.0 ], [ -65.2377, -30.6717, 0.0 ], [ -65.2363, -30.6701, 0.0 ], [ -65.2577, -30.6693, 0.0 ], [ -65.2615, -30.6683, 0.0 ], [ -65.2648, -30.6691, 0.0 ], [ -65.2677, -30.6723, 0.0 ], [ -65.269, -30.6733, 0.0 ], [ -65.2722, -30.673, 0.0 ], [ -65.2761, -30.6698, 0.0 ], [ -65.2803, -30.6661, 0.0 ], [ -65.2858, -30.6643, 0.0 ], [ -65.2897, -30.6624, 0.0 ], [ -65.2964, -30.6597, 0.0 ], [ -65.301, -30.6581, 0.0 ], [ -65.3054, -30.6556, 0.0 ], [ -65.312, -30.6516, 0.0 ], [ -65.3137, -30.6506, 0.0 ], [ -65.3173, -30.6479, 0.0 ], [ -65.3244, -30.6494, 0.0 ], [ -65.3271, -30.6487, 0.0 ], [ -65.3273, -30.6486, 0.0 ], [ -65.3438, -30.6648, 0.0 ], [ -65.3637, -30.6844, 0.0 ], [ -65.3771, -30.6976, 0.0 ], [ -65.347, -30.7064, 0.0 ], [ -65.3417, -30.7381, 0.0 ], [ -65.3348, -30.7807, 0.0 ], [ -65.3235, -30.8513, 0.0 ], [ -65.318, -30.8836, 0.0 ], [ -65.2749, -30.8847, 0.0 ], [ -65.2708, -30.8836, 0.0 ], [ -65.2686972, -30.8838867, 0.0 ] ] ] ] } },
{ "type": "Feature", "properties": { "circuito": "0051A", "codprov": "04", "coddepto": "004" }, "geometry": { "type": "MultiPolygon", "coordinates": [ [ [ [ -65.2742, -30.8846, 0.0 ], [ -65.2749, -30.8847, 0.0 ], [ -65.2651, -30.8856, 0.0 ], [ -65.22, -30.8849, 0.0 ], [ -65.2179, -30.88, 0.0 ], [ -65.2001, -30.8772, 0.0 ], [ -65.1836, -30.8744, 0.0 ], [ -65.1707, -30.8758, 0.0 ], [ -65.1657, -30.8691, 0.0 ], [ -65.1654, -30.868, 0.0 ], [ -65.1653, -30.8667, 0.0 ], [ -65.1645, -30.865, 0.0 ], [ -65.1645, -30.8634, 0.0 ], [ -65.1654, -30.8621, 0.0 ], [ -65.1657, -30.8598, 0.0 ], [ -65.1661, -30.8588, 0.0 ], [ -65.1664, -30.8572, 0.0 ], [ -65.1664, -30.8559, 0.0 ], [ -65.1652, -30.8547, 0.0 ], [ -65.1661, -30.8538, 0.0 ], [ -65.1678, -30.8527, 0.0 ], [ -65.1653, -30.8492, 0.0 ], [ -65.1656, -30.848, 0.0 ], [ -65.1666, -30.8461, 0.0 ], [ -65.1682, -30.846, 0.0 ], [ -65.1701, -30.8452, 0.0 ], [ -65.1713, -30.843, 0.0 ], [ -65.1707, -30.8412, 0.0 ], [ -65.1704, -30.8403, 0.0 ], [ -65.173, -30.8396, 0.0 ], [ -65.1721, -30.838, 0.0 ], [ -65.1713, -30.8346, 0.0 ], [ -65.1729, -30.8335, 0.0 ], [ -65.1735, -30.8297, 0.0 ], [ -65.1719, -30.8294, 0.0 ], [ -65.1721, -30.8282, 0.0 ], [ -65.1735, -30.8269, 0.0 ], [ -65.1734, -30.8256, 0.0 ], [ -65.1718, -30.8239, 0.0 ], [ -65.1722, -30.8194, 0.0 ], [ -65.1726, -30.8168, 0.0 ], [ -65.1718, -30.8127, 0.0 ], [ -65.1706, -30.8087, 0.0 ], [ -65.171, -30.8072, 0.0 ], [ -65.174, -30.8059, 0.0 ], [ -65.1747, -30.8046, 0.0 ], [ -65.1774, -30.7999, 0.0 ], [ -65.1789, -30.7993, 0.0 ], [ -65.1825, -30.7981, 0.0 ], [ -65.1862, -30.7957, 0.0 ], [ -65.1861, -30.7941, 0.0 ], [ -65.1836, -30.7925, 0.0 ], [ -65.1832, -30.7911, 0.0 ], [ -65.1842, -30.79, 0.0 ], [ -65.1864, -30.7897, 0.0 ], [ -65.1895, -30.7883, 0.0 ], [ -65.1926, -30.7852, 0.0 ], [ -65.1954, -30.7847, 0.0 ], [ -65.1961, -30.7865, 0.0 ], [ -65.1953, -30.7882, 0.0 ], [ -65.1946, -30.7906, 0.0 ], [ -65.1954, -30.7918, 0.0 ], [ -65.1948, -30.7945, 0.0 ], [ -65.1927, -30.7957, 0.0 ], [ -65.1917, -30.7972, 0.0 ], [ -65.1902, -30.7995, 0.0 ], [ -65.1902, -30.8012, 0.0 ], [ -65.1948, -30.8034, 0.0 ], [ -65.1983, -30.8055, 0.0 ], [ -65.2027, -30.8077, 0.0 ], [ -65.2044, -30.808, 0.0 ], [ -65.2069, -30.8087, 0.0 ], [ -65.2076, -30.8097, 0.0 ], [ -65.2095, -30.8119, 0.0 ], [ -65.2122, -30.8144, 0.0 ], [ -65.2149, -30.8183, 0.0 ], [ -65.2152, -30.8192, 0.0 ], [ -65.2157, -30.8215, 0.0 ], [ -65.2162, -30.8254, 0.0 ], [ -65.2172, -30.8274, 0.0 ], [ -65.2189, -30.8327, 0.0 ], [ -65.2208, -30.8349, 0.0 ], [ -65.2204, -30.8361, 0.0 ], [ -65.2221, -30.8367, 0.0 ], [ -65.2232, -30.8384, 0.0 ], [ -65.224, -30.8388, 0.0 ], [ -65.2244, -30.8392, 0.0 ], [ -65.2264, -30.8414, 0.0 ], [ -65.228, -30.8441, 0.0 ], [ -65.2283, -30.846, 0.0 ], [ -65.2287, -30.8493, 0.0 ], [ -65.2297, -30.8493, 0.0 ], [ -65.233, -30.8512, 0.0 ], [ -65.2332, -30.8522, 0.0 ], [ -65.234, -30.8556, 0.0 ], [ -65.2348, -30.8573, 0.0 ], [ -65.2349, -30.8588, 0.0 ], [ -65.2346, -30.8595, 0.0 ], [ -65.234, -30.8607, 0.0 ], [ -65.238, -30.8614, 0.0 ], [ -65.2388, -30.8632, 0.0 ], [ -65.2404, -30.8637, 0.0 ], [ -65.2438, -30.8649, 0.0 ], [ -65.2452, -30.8651, 0.0 ], [ -65.2456, -30.8663, 0.0 ], [ -65.2435, -30.8664, 0.0 ], [ -65.2425, -30.8662, 0.0 ], [ -65.2418, -30.8665, 0.0 ], [ -65.2428, -30.8682, 0.0 ], [ -65.2454, -30.8701, 0.0 ], [ -65.2468, -30.8699, 0.0 ], [ -65.2485, -30.869, 0.0 ], [ -65.2492, -30.8687, 0.0 ], [ -65.2496, -30.8694, 0.0 ], [ -65.2489, -30.8718, 0.0 ], [ -65.2512, -30.8736, 0.0 ], [ -65.2554, -30.874, 0.0 ], [ -65.2559, -30.8758, 0.0 ], [ -65.2575, -30.8749, 0.0 ], [ -65.259, -30.8745, 0.0 ], [ -65.2594, -30.8752, 0.0 ], [ -65.2591, -30.8762, 0.0 ], [ -65.2606, -30.8761, 0.0 ], [ -65.2627, -30.8771, 0.0 ], [ -65.2633, -30.8791, 0.0 ], [ -65.265, -30.8809, 0.0 ], [ -65.267, -30.8809, 0.0 ], [ -65.2683, -30.8808, 0.0 ], [ -65.2673, -30.882, 0.0 ], [ -65.2683, -30.882, 0.0 ], [ -65.2687, -30.8839, 0.0 ], [ -65.2708, -30.8836, 0.0 ], [ -65.2717, -30.8829, 0.0 ], [ -65.2742, -30.8846, 0.0 ] ] ] ] } },
{ "type": "Feature", "properties": { "circuito": "0043C", "codprov": "04", "coddepto": "004" }, "geometry": { "type": "MultiPolygon", "coordinates": [ [ [ [ -65.1962, -30.7872, 0.0 ], [ -65.1977, -30.7866, 0.0 ], [ -65.2, -30.7856, 0.0 ], [ -65.2025, -30.7847, 0.0 ], [ -65.2038, -30.7844, 0.0 ], [ -65.2047, -30.7843, 0.0 ], [ -65.2059, -30.7841, 0.0 ], [ -65.2067, -30.7839, 0.0 ], [ -65.2072, -30.7839, 0.0 ], [ -65.2077, -30.7838, 0.0 ], [ -65.2084, -30.7838, 0.0 ], [ -65.2094, -30.7848, 0.0 ], [ -65.2101, -30.7853, 0.0 ], [ -65.2113, -30.7854, 0.0 ], [ -65.2118, -30.7852, 0.0 ], [ -65.2127, -30.7872, 0.0 ], [ -65.2139, -30.7893, 0.0 ], [ -65.2147, -30.7905, 0.0 ], [ -65.2177, -30.7911, 0.0 ], [ -65.2195, -30.7933, 0.0 ], [ -65.2201, -30.7941, 0.0 ], [ -65.2235, -30.7967, 0.0 ], [ -65.2233, -30.7975, 0.0 ], [ -65.2232, -30.7996, 0.0 ], [ -65.2243, -30.8012, 0.0 ], [ -65.2263, -30.8011, 0.0 ], [ -65.2275, -30.8016, 0.0 ], [ -65.2275, -30.8027, 0.0 ], [ -65.2266, -30.8041, 0.0 ], [ -65.2278, -30.8052, 0.0 ], [ -65.2284, -30.8059, 0.0 ], [ -65.2287, -30.8062, 0.0 ], [ -65.2291, -30.8085, 0.0 ], [ -65.2299, -30.8094, 0.0 ], [ -65.2294, -30.8112, 0.0 ], [ -65.2294, -30.8126, 0.0 ], [ -65.2299, -30.8138, 0.0 ], [ -65.2304, -30.8147, 0.0 ], [ -65.2295, -30.816, 0.0 ], [ -65.2283, -30.8178, 0.0 ], [ -65.2283, -30.8187, 0.0 ], [ -65.228, -30.8231, 0.0 ], [ -65.2277, -30.8275, 0.0 ], [ -65.2276, -30.8284, 0.0 ], [ -65.2271, -30.8294, 0.0 ], [ -65.2268, -30.8299, 0.0 ], [ -65.2265, -30.8303, 0.0 ], [ -65.2271, -30.8309, 0.0 ], [ -65.2283, -30.8309, 0.0 ], [ -65.2283, -30.8331, 0.0 ], [ -65.2283, -30.835, 0.0 ], [ -65.2283, -30.8355, 0.0 ], [ -65.2272, -30.8361, 0.0 ], [ -65.2265, -30.8364, 0.0 ], [ -65.2257, -30.8367, 0.0 ], [ -65.2242, -30.8367, 0.0 ], [ -65.224, -30.8388, 0.0 ], [ -65.2232, -30.8384, 0.0 ], [ -65.2221, -30.8367, 0.0 ], [ -65.2204, -30.8361, 0.0 ], [ -65.2208, -30.8349, 0.0 ], [ -65.2189, -30.8327, 0.0 ], [ -65.2172, -30.8274, 0.0 ], [ -65.2162, -30.8254, 0.0 ], [ -65.2157, -30.8215, 0.0 ], [ -65.215, -30.8187, 0.0 ], [ -65.214, -30.817, 0.0 ], [ -65.2126, -30.815, 0.0 ], [ -65.2118, -30.8141, 0.0 ], [ -65.2102, -30.8126, 0.0 ], [ -65.2091, -30.812, 0.0 ], [ -65.2068, -30.8091, 0.0 ], [ -65.2053, -30.8082, 0.0 ], [ -65.2027, -30.8077, 0.0 ], [ -65.1987, -30.8057, 0.0 ], [ -65.1948, -30.8034, 0.0 ], [ -65.1934, -30.8033, 0.0 ], [ -65.1925, -30.803, 0.0 ], [ -65.1916, -30.8019, 0.0 ], [ -65.1902, -30.8012, 0.0 ], [ -65.1902, -30.7997, 0.0 ], [ -65.1912, -30.7979, 0.0 ], [ -65.1927, -30.7957, 0.0 ], [ -65.1948, -30.7945, 0.0 ], [ -65.1951, -30.7933, 0.0 ], [ -65.1952, -30.7915, 0.0 ], [ -65.1945, -30.7912, 0.0 ], [ -65.1947, -30.7901, 0.0 ], [ -65.1952, -30.7886, 0.0 ], [ -65.196, -30.7867, 0.0 ], [ -65.1962, -30.7872, 0.0 ] ] ] ] } },
{ "type": "Feature", "properties": { "circuito": "00051", "codprov": "04", "coddepto": "004" }, "geometry": { "type": "MultiPolygon", "coordinates": [ [ [ [ -65.2041, -30.749, 0.0 ], [ -65.2168, -30.7522, 0.0 ], [ -65.2119, -30.7559, 0.0 ], [ -65.2111, -30.7584, 0.0 ], [ -65.2111, -30.7612, 0.0 ], [ -65.2124, -30.7644, 0.0 ], [ -65.2151, -30.7695, 0.0 ], [ -65.213, -30.7728, 0.0 ], [ -65.213, -30.7735, 0.0 ], [ -65.2142, -30.7753, 0.0 ], [ -65.214, -30.7779, 0.0 ], [ -65.2127, -30.7784, 0.0 ], [ -65.2107, -30.7796, 0.0 ], [ -65.2105, -30.7829, 0.0 ], [ -65.2118, -30.7852, 0.0 ], [ -65.2113, -30.7854, 0.0 ], [ -65.2101, -30.7853, 0.0 ], [ -65.2084, -30.7838, 0.0 ], [ -65.2067, -30.7839, 0.0 ], [ -65.2025, -30.7847, 0.0 ], [ -65.1962, -30.7872, 0.0 ], [ -65.1954, -30.7847, 0.0 ], [ -65.1926, -30.7852, 0.0 ], [ -65.1895, -30.7883, 0.0 ], [ -65.1864, -30.7897, 0.0 ], [ -65.182, -30.7863, 0.0 ], [ -65.1766, -30.7861, 0.0 ], [ -65.1632, -30.7854, 0.0 ], [ -65.1723, -30.776, 0.0 ], [ -65.1792, -30.769, 0.0 ], [ -65.1832, -30.7674, 0.0 ], [ -65.1863, -30.7662, 0.0 ], [ -65.1867, -30.7591, 0.0 ], [ -65.191, -30.7462, 0.0 ], [ -65.2041, -30.749, 0.0 ] ] ] ] } },
{ "type": "Feature", "properties": { "circuito": "00042", "codprov": "04", "coddepto": "004" }, "geometry": { "type": "MultiPolygon", "coordinates": [ [ [ [ -65.0553, -30.8359, 0.0 ], [ -65.0553, -30.8196, 0.0 ], [ -65.0553, -30.8048, 0.0 ], [ -65.0357, -30.805, 0.0 ], [ -65.0335, -30.8035, 0.0 ], [ -65.0318, -30.8046, 0.0 ], [ -65.0216, -30.8048, 0.0 ], [ -65.0216, -30.7961, 0.0 ], [ -65.0252, -30.7958, 0.0 ], [ -65.0242, -30.7926, 0.0 ], [ -65.0293, -30.7822, 0.0 ], [ -65.0297, -30.7724, 0.0 ], [ -65.0296, -30.7673, 0.0 ], [ -65.0468, -30.7674, 0.0 ], [ -65.0607, -30.7674, 0.0 ], [ -65.0628, -30.7655, 0.0 ], [ -65.0683, -30.7617, 0.0 ], [ -65.0672, -30.7595, 0.0 ], [ -65.0723, -30.766, 0.0 ], [ -65.0733, -30.7673, 0.0 ], [ -65.0743, -30.7686, 0.0 ], [ -65.0746, -30.7682, 0.0 ], [ -65.0751, -30.7674, 0.0 ], [ -65.0758, -30.7665, 0.0 ], [ -65.0765, -30.7654, 0.0 ], [ -65.0776, -30.7638, 0.0 ], [ -65.0787, -30.7622, 0.0 ], [ -65.0807, -30.7593, 0.0 ], [ -65.0827, -30.7562, 0.0 ], [ -65.0875, -30.7527, 0.0 ], [ -65.0892, -30.7514, 0.0 ], [ -65.0908, -30.7506, 0.0 ], [ -65.0934, -30.7494, 0.0 ], [ -65.0966, -30.7479, 0.0 ], [ -65.0995, -30.7465, 0.0 ], [ -65.1022, -30.7453, 0.0 ], [ -65.191, -30.7462, 0.0 ], [ -65.1867, -30.7591, 0.0 ], [ -65.1863, -30.7662, 0.0 ], [ -65.1792, -30.769, 0.0 ], [ -65.1632, -30.7854, 0.0 ], [ -65.1376, -30.798, 0.0 ], [ -65.101, -30.8151, 0.0 ], [ -65.0853, -30.8229, 0.0 ], [ -65.0553, -30.8359, 0.0 ] ] ] ] } },
{ "type": "Feature", "properties": { "circuito": "00045", "codprov": "04", "coddepto": "004" }, "geometry": { "type": "MultiPolygon", "coordinates": [ [ [ [ -64.999, -30.7548, 0.0 ], [ -64.9464, -30.7551, 0.0 ], [ -64.8668, -30.7555, 0.0 ], [ -64.844, -30.7384, 0.0 ], [ -64.8207, -30.7202, 0.0 ], [ -64.823, -30.7189, 0.0 ], [ -64.8256, -30.7157, 0.0 ], [ -64.8287, -30.7163, 0.0 ], [ -64.8312, -30.7176, 0.0 ], [ -64.8375, -30.7163, 0.0 ], [ -64.8484, -30.7059, 0.0 ], [ -64.8501, -30.6986, 0.0 ], [ -64.8423, -30.6969, 0.0 ], [ -64.8354, -30.6955, 0.0 ], [ -64.834, -30.6928, 0.0 ], [ -64.8339, -30.6908, 0.0 ], [ -64.8366, -30.687, 0.0 ], [ -64.8418, -30.687, 0.0 ], [ -64.8504, -30.6867, 0.0 ], [ -64.8563, -30.6852, 0.0 ], [ -64.8577, -30.6848, 0.0 ], [ -64.8656, -30.6772, 0.0 ], [ -64.8667, -30.676, 0.0 ], [ -64.8678, -30.6702, 0.0 ], [ -64.8679, -30.6681, 0.0 ], [ -64.8707, -30.6651, 0.0 ], [ -64.8744, -30.6621, 0.0 ], [ -64.8787, -30.661, 0.0 ], [ -64.8816, -30.6611, 0.0 ], [ -64.8829, -30.6571, 0.0 ], [ -64.8903, -30.6552, 0.0 ], [ -64.8925, -30.6553, 0.0 ], [ -64.894, -30.6542, 0.0 ], [ -64.8932, -30.6524, 0.0 ], [ -64.8955, -30.6473, 0.0 ], [ -64.8958, -30.6419, 0.0 ], [ -64.8983, -30.6383, 0.0 ], [ -64.9019, -30.6365, 0.0 ], [ -64.9043, -30.6385, 0.0 ], [ -64.9104, -30.6399, 0.0 ], [ -64.9133, -30.6397, 0.0 ], [ -64.9137, -30.6378, 0.0 ], [ -64.9153, -30.636, 0.0 ], [ -64.9272, -30.6444, 0.0 ], [ -64.9432, -30.6552, 0.0 ], [ -64.9436, -30.6597, 0.0 ], [ -64.9697, -30.6806, 0.0 ], [ -64.9993, -30.7036, 0.0 ], [ -64.9993, -30.7367, 0.0 ], [ -64.999, -30.7548, 0.0 ] ] ] ] } },
{ "type": "Feature", "properties": { "circuito": "00050", "codprov": "04", "coddepto": "004" }, "geometry": { "type": "MultiPolygon", "coordinates": [ [ [ [ -65.0607, -30.7674, 0.0 ], [ -65.0317, -30.7673, 0.0 ], [ -65.0321, -30.7548, 0.0 ], [ -64.999, -30.7548, 0.0 ], [ -64.9993, -30.7036, 0.0 ], [ -64.9436, -30.6597, 0.0 ], [ -64.9432, -30.6552, 0.0 ], [ -64.9272, -30.6444, 0.0 ], [ -64.9153, -30.636, 0.0 ], [ -64.9153, -30.6305, 0.0 ], [ -64.9162, -30.6292, 0.0 ], [ -64.9187, -30.6295, 0.0 ], [ -64.9205, -30.6288, 0.0 ], [ -64.9213, -30.6259, 0.0 ], [ -64.9188, -30.6248, 0.0 ], [ -64.9188, -30.6234, 0.0 ], [ -64.9204, -30.6219, 0.0 ], [ -64.9233, -30.6212, 0.0 ], [ -64.9263, -30.6196, 0.0 ], [ -64.9307, -30.6209, 0.0 ], [ -64.9336, -30.6187, 0.0 ], [ -64.9351, -30.6176, 0.0 ], [ -64.9406, -30.6168, 0.0 ], [ -64.9423, -30.619, 0.0 ], [ -64.9482, -30.6184, 0.0 ], [ -64.9495, -30.6169, 0.0 ], [ -64.9507, -30.615, 0.0 ], [ -64.9536, -30.615, 0.0 ], [ -64.9543, -30.6121, 0.0 ], [ -64.9543, -30.611, 0.0 ], [ -64.9585, -30.6091, 0.0 ], [ -64.9605, -30.6073, 0.0 ], [ -64.9616, -30.6049, 0.0 ], [ -64.9608, -30.6035, 0.0 ], [ -64.9616, -30.602, 0.0 ], [ -64.9637, -30.5988, 0.0 ], [ -64.9637, -30.5969, 0.0 ], [ -64.964, -30.5943, 0.0 ], [ -64.9641, -30.5924, 0.0 ], [ -64.9634, -30.5913, 0.0 ], [ -64.9666, -30.5871, 0.0 ], [ -64.9666, -30.5848, 0.0 ], [ -64.9692, -30.5831, 0.0 ], [ -64.9703, -30.5848, 0.0 ], [ -64.9748, -30.5848, 0.0 ], [ -64.9803, -30.5848, 0.0 ], [ -64.9856, -30.5848, 0.0 ], [ -64.9921, -30.5844, 0.0 ], [ -64.9986, -30.5846, 0.0 ], [ -65.0021, -30.5846, 0.0 ], [ -65.008, -30.5845, 0.0 ], [ -65.0129, -30.5845, 0.0 ], [ -65.022, -30.5847, 0.0 ], [ -65.0321, -30.5848, 0.0 ], [ -65.0389, -30.5847, 0.0 ], [ -65.0538, -30.5847, 0.0 ], [ -65.0698, -30.5847, 0.0 ], [ -65.0779, -30.5847, 0.0 ], [ -65.0883, -30.5847, 0.0 ], [ -65.1081, -30.5847, 0.0 ], [ -65.1257, -30.5846, 0.0 ], [ -65.1403, -30.5847, 0.0 ], [ -65.1564, -30.5848, 0.0 ], [ -65.1562, -30.6039, 0.0 ], [ -65.156, -30.6254, 0.0 ], [ -65.1505, -30.6512, 0.0 ], [ -65.1386, -30.6575, 0.0 ], [ -65.1159, -30.6631, 0.0 ], [ -65.1055, -30.6693, 0.0 ], [ -65.102, -30.6843, 0.0 ], [ -65.0966, -30.6927, 0.0 ], [ -65.0933, -30.7031, 0.0 ], [ -65.0818, -30.7111, 0.0 ], [ -65.0772, -30.7215, 0.0 ], [ -65.075, -30.7432, 0.0 ], [ -65.0719, -30.7513, 0.0 ], [ -65.0672, -30.7595, 0.0 ], [ -65.0683, -30.7617, 0.0 ], [ -65.0607, -30.7674, 0.0 ] ] ] ] } },
{ "type": "Feature", "properties": { "circuito": "0046B", "codprov": "04", "coddepto": "004" }, "geometry": { "type": "MultiPolygon", "coordinates": [ [ [ [ -65.1019, -30.4911, 0.0 ], [ -65.1021, -30.4908, 0.0 ], [ -65.1020024, -30.491099, 0.0 ], [ -65.1019, -30.4911, 0.0 ] ] ], [ [ [ -65.1020024, -30.491099, 0.0 ], [ -65.232, -30.4898, 0.0 ], [ -65.2317, -30.497, 0.0 ], [ -65.2278, -30.4976, 0.0 ], [ -65.2173, -30.5178, 0.0 ], [ -65.1578, -30.5195, 0.0 ], [ -65.1564, -30.5848, 0.0 ], [ -65.0567, -30.5847, 0.0 ], [ -64.9856, -30.5848, 0.0 ], [ -64.9703, -30.5848, 0.0 ], [ -64.971, -30.583, 0.0 ], [ -64.9724, -30.5808, 0.0 ], [ -64.9712, -30.5797, 0.0 ], [ -64.9709, -30.5781, 0.0 ], [ -64.9741, -30.5751, 0.0 ], [ -64.9749, -30.573, 0.0 ], [ -64.9779, -30.5694, 0.0 ], [ -64.9825, -30.5701, 0.0 ], [ -64.9843, -30.571, 0.0 ], [ -64.987, -30.5712, 0.0 ], [ -64.9879, -30.5697, 0.0 ], [ -64.9872, -30.5688, 0.0 ], [ -64.9883, -30.5671, 0.0 ], [ -64.9883, -30.5634, 0.0 ], [ -64.9919, -30.5605, 0.0 ], [ -64.9967, -30.5606, 0.0 ], [ -64.9975, -30.559, 0.0 ], [ -64.9967, -30.5563, 0.0 ], [ -64.9972, -30.5523, 0.0 ], [ -64.999, -30.5511, 0.0 ], [ -65.0017, -30.5508, 0.0 ], [ -65.0019, -30.5501, 0.0 ], [ -65.0011, -30.5476, 0.0 ], [ -65.0046, -30.5464, 0.0 ], [ -65.0072, -30.5483, 0.0 ], [ -65.0099, -30.5457, 0.0 ], [ -65.0113, -30.5439, 0.0 ], [ -65.0116, -30.5418, 0.0 ], [ -65.0124, -30.5402, 0.0 ], [ -65.0133, -30.5377, 0.0 ], [ -65.0159, -30.5365, 0.0 ], [ -65.0218, -30.5282, 0.0 ], [ -65.026, -30.5265, 0.0 ], [ -65.029, -30.525, 0.0 ], [ -65.0305, -30.5227, 0.0 ], [ -65.0286, -30.5215, 0.0 ], [ -65.0303, -30.5202, 0.0 ], [ -65.0351, -30.5208, 0.0 ], [ -65.038, -30.521, 0.0 ], [ -65.0438, -30.5157, 0.0 ], [ -65.0453, -30.5121, 0.0 ], [ -65.0465, -30.5086, 0.0 ], [ -65.0491, -30.5083, 0.0 ], [ -65.0505, -30.5098, 0.0 ], [ -65.0556, -30.5064, 0.0 ], [ -65.0578, -30.5077, 0.0 ], [ -65.0602, -30.5087, 0.0 ], [ -65.0615, -30.5077, 0.0 ], [ -65.0621, -30.5054, 0.0 ], [ -65.065, -30.5054, 0.0 ], [ -65.0728, -30.508, 0.0 ], [ -65.0745, -30.5074, 0.0 ], [ -65.0751, -30.5061, 0.0 ], [ -65.0784, -30.5058, 0.0 ], [ -65.0826, -30.5041, 0.0 ], [ -65.0826, -30.5022, 0.0 ], [ -65.0868, -30.5002, 0.0 ], [ -65.0966, -30.5002, 0.0 ], [ -65.0979, -30.4963, 0.0 ], [ -65.1005, -30.4957, 0.0 ], [ -65.1020024, -30.491099, 0.0 ] ] ] ] } },
{ "type": "Feature", "properties": { "circuito": "0053A", "codprov": "04", "coddepto": "004" }, "geometry": { "type": "MultiPolygon", "coordinates": [ [ [ [ -65.113, -30.3604, 0.0 ], [ -65.0785, -30.3598, 0.0 ], [ -65.0779, -30.3201, 0.0 ], [ -65.0772, -30.2571, 0.0 ], [ -64.9856, -30.2571, 0.0 ], [ -64.9846, -30.1595, 0.0 ], [ -64.9862, -30.0919, 0.0 ], [ -64.9882, -30.0022, 0.0 ], [ -64.9864, -29.9606, 0.0 ], [ -65.0493, -30.0145, 0.0 ], [ -65.1149, -30.0698, 0.0 ], [ -65.2071, -30.0883, 0.0 ], [ -65.2071, -30.2063, 0.0 ], [ -65.2071, -30.2948, 0.0 ], [ -65.2073, -30.3569, 0.0 ], [ -65.2048, -30.3569, 0.0 ], [ -65.2026, -30.3569, 0.0 ], [ -65.2002, -30.357, 0.0 ], [ -65.1987, -30.3572, 0.0 ], [ -65.195, -30.3572, 0.0 ], [ -65.1859, -30.3575, 0.0 ], [ -65.1654, -30.3578, 0.0 ], [ -65.1381, -30.3578, 0.0 ], [ -65.1126, -30.3603, 0.0 ], [ -65.113, -30.3604, 0.0 ] ] ] ] } },
{ "type": "Feature", "properties": { "circuito": "0053B", "codprov": "04", "coddepto": "004" }, "geometry": { "type": "MultiPolygon", "coordinates": [ [ [ [ -65.097, -30.3699, 0.0 ], [ -65.0996, -30.3666, 0.0 ], [ -65.1042, -30.3603, 0.0 ], [ -65.1126, -30.3603, 0.0 ], [ -65.1381, -30.3578, 0.0 ], [ -65.2073, -30.3569, 0.0 ], [ -65.2086, -30.3572, 0.0 ], [ -65.2115, -30.3569, 0.0 ], [ -65.2144, -30.3569, 0.0 ], [ -65.2161, -30.3556, 0.0 ], [ -65.2209, -30.3546, 0.0 ], [ -65.2288, -30.3538, 0.0 ], [ -65.2317, -30.3549, 0.0 ], [ -65.2388, -30.3554, 0.0 ], [ -65.2474, -30.356, 0.0 ], [ -65.2499, -30.3569, 0.0 ], [ -65.2518, -30.3569, 0.0 ], [ -65.2521, -30.3598, 0.0 ], [ -65.2547, -30.3591, 0.0 ], [ -65.2642, -30.3595, 0.0 ], [ -65.2645, -30.3621, 0.0 ], [ -65.2674, -30.3627, 0.0 ], [ -65.272, -30.366, 0.0 ], [ -65.2742, -30.3666, 0.0 ], [ -65.2739, -30.3647, 0.0 ], [ -65.2767, -30.3647, 0.0 ], [ -65.2764, -30.4612, 0.0 ], [ -65.2776, -30.5173, 0.0 ], [ -65.2173, -30.5178, 0.0 ], [ -65.2278, -30.4976, 0.0 ], [ -65.2317, -30.497, 0.0 ], [ -65.232, -30.4898, 0.0 ], [ -65.1443, -30.4907, 0.0 ], [ -65.1436, -30.4196, 0.0 ], [ -65.0853, -30.42, 0.0 ], [ -65.0833, -30.4024, 0.0 ], [ -65.0885, -30.3842, 0.0 ], [ -65.0957, -30.377, 0.0 ], [ -65.097, -30.3699, 0.0 ] ] ] ] } },
{ "type": "Feature", "properties": { "circuito": "00053", "codprov": "04", "coddepto": "004" }, "geometry": { "type": "MultiPolygon", "coordinates": [ [ [ [ -65.0437, -30.4186, 0.0 ], [ -64.9825, -30.4186, 0.0 ], [ -64.9856, -30.2571, 0.0 ], [ -65.0772, -30.2571, 0.0 ], [ -65.0785, -30.3598, 0.0 ], [ -65.1061, -30.3603, 0.0 ], [ -65.0996, -30.3666, 0.0 ], [ -65.0957, -30.377, 0.0 ], [ -65.0885, -30.3842, 0.0 ], [ -65.0844, -30.3985, 0.0 ], [ -65.0844, -30.412, 0.0 ], [ -65.085, -30.4175, 0.0 ], [ -65.042, -30.418, 0.0 ], [ -65.0437, -30.4186, 0.0 ] ] ] ] } },
{ "type": "Feature", "properties": { "circuito": "0055A", "codprov": "04", "coddepto": "004" }, "geometry": { "type": "MultiPolygon", "coordinates": [ [ [ [ -65.3938, -30.1234, 0.0 ], [ -65.4302, -30.2392, 0.0 ], [ -65.4666, -30.3497, 0.0 ], [ -65.5108, -30.4889, 0.0 ], [ -65.5259, -30.5167, 0.0 ], [ -65.3704, -30.5162, 0.0 ], [ -65.2742, -30.5173, 0.0 ], [ -65.2742, -30.3666, 0.0 ], [ -65.272, -30.366, 0.0 ], [ -65.2674, -30.3627, 0.0 ], [ -65.2642, -30.3595, 0.0 ], [ -65.2547, -30.3591, 0.0 ], [ -65.2521, -30.3598, 0.0 ], [ -65.2499, -30.3569, 0.0 ], [ -65.2388, -30.3554, 0.0 ], [ -65.2317, -30.3549, 0.0 ], [ -65.2257, -30.3541, 0.0 ], [ -65.214, -30.3569, 0.0 ], [ -65.2073, -30.3569, 0.0 ], [ -65.2071, -30.2203, 0.0 ], [ -65.2071, -30.1397, 0.0 ], [ -65.2071, -30.0883, 0.0 ], [ -65.3051, -30.1085, 0.0 ], [ -65.3941, -30.1254, 0.0 ], [ -65.3938, -30.1234, 0.0 ] ] ] ] } },
{ "type": "Feature", "properties": { "circuito": "00046", "codprov": "04", "coddepto": "004" }, "geometry": { "type": "MultiPolygon", "coordinates": [ [ [ [ -65.0198, -30.4554, 0.0 ], [ -65.0437, -30.4186, 0.0 ], [ -65.0853, -30.42, 0.0 ], [ -65.1436, -30.4196, 0.0 ], [ -65.1454, -30.4907, 0.0 ], [ -65.1019, -30.4911, 0.0 ], [ -65.1005, -30.4957, 0.0 ], [ -65.0979, -30.4963, 0.0 ], [ -65.0966, -30.5002, 0.0 ], [ -65.0868, -30.5002, 0.0 ], [ -65.0826, -30.5041, 0.0 ], [ -65.0784, -30.5058, 0.0 ], [ -65.0751, -30.5061, 0.0 ], [ -65.0686, -30.5066, 0.0 ], [ -65.0635, -30.5054, 0.0 ], [ -65.0615, -30.5077, 0.0 ], [ -65.0602, -30.5087, 0.0 ], [ -65.0571, -30.5054, 0.0 ], [ -65.0569, -30.4995, 0.0 ], [ -65.0567, -30.4968, 0.0 ], [ -65.057, -30.4909, 0.0 ], [ -65.0583, -30.4879, 0.0 ], [ -65.0609, -30.4792, 0.0 ], [ -65.0383, -30.4662, 0.0 ], [ -65.0198, -30.4554, 0.0 ] ] ] ] } },
{ "type": "Feature", "properties": { "circuito": "zonagris", "codprov": "04", "coddepto": "nan" }, "geometry": { "type": "MultiPolygon", "coordinates": [ [ [ [ -65.0672, -30.7595, 0.0 ], [ -65.075, -30.7432, 0.0 ], [ -65.0771, -30.7228, 0.0 ], [ -65.0818, -30.7111, 0.0 ], [ -65.0912, -30.7046, 0.0 ], [ -65.0944, -30.6902, 0.0 ], [ -65.102, -30.6843, 0.0 ], [ -65.1055, -30.6693, 0.0 ], [ -65.1159, -30.6631, 0.0 ], [ -65.1342, -30.6586, 0.0 ], [ -65.1505, -30.6512, 0.0 ], [ -65.1555, -30.6278, 0.0 ], [ -65.1564, -30.5848, 0.0 ], [ -65.1578, -30.5195, 0.0 ], [ -65.1962, -30.5184, 0.0 ], [ -65.2045, -30.5223, 0.0 ], [ -65.2117, -30.5264, 0.0 ], [ -65.2211, -30.5314, 0.0 ], [ -65.2363, -30.5449, 0.0 ], [ -65.2448, -30.5579, 0.0 ], [ -65.2542, -30.5722, 0.0 ], [ -65.2542, -30.5753, 0.0 ], [ -65.2589, -30.5838, 0.0 ], [ -65.2614, -30.5866, 0.0 ], [ -65.2639, -30.588, 0.0 ], [ -65.2744, -30.5866, 0.0 ], [ -65.2929, -30.6114, 0.0 ], [ -65.2803, -30.6197, 0.0 ], [ -65.2806, -30.6396, 0.0 ], [ -65.2753, -30.6426, 0.0 ], [ -65.2723, -30.6451, 0.0 ], [ -65.2626, -30.6434, 0.0 ], [ -65.2623, -30.6446, 0.0 ], [ -65.2651, -30.6484, 0.0 ], [ -65.2596, -30.6575, 0.0 ], [ -65.2615, -30.6683, 0.0 ], [ -65.252, -30.6695, 0.0 ], [ -65.2363, -30.6701, 0.0 ], [ -65.2347, -30.6759, 0.0 ], [ -65.2285, -30.6819, 0.0 ], [ -65.232, -30.6874, 0.0 ], [ -65.2365, -30.6927, 0.0 ], [ -65.2344, -30.6952, 0.0 ], [ -65.2349, -30.7031, 0.0 ], [ -65.2306, -30.7094, 0.0 ], [ -65.2299, -30.7153, 0.0 ], [ -65.2237, -30.7259, 0.0 ], [ -65.2182, -30.7294, 0.0 ], [ -65.2153, -30.7334, 0.0 ], [ -65.2221, -30.7423, 0.0 ], [ -65.2139, -30.7515, 0.0 ], [ -65.191, -30.7462, 0.0 ], [ -65.1488, -30.7457, 0.0 ], [ -65.1022, -30.7453, 0.0 ], [ -65.0896, -30.7512, 0.0 ], [ -65.0827, -30.7562, 0.0 ], [ -65.0743, -30.7686, 0.0 ], [ -65.0672, -30.7595, 0.0 ] ] ] ] } },
{ "type": "Feature", "properties": { "circuito": "zonagris/", "codprov": "04", "coddepto": "nan" }, "geometry": { "type": "MultiPolygon", "coordinates": [ [ [ [ -64.8802, -30.8339, 0.0 ], [ -64.8783, -30.8642, 0.0 ], [ -64.8783, -30.8807, 0.0 ], [ -64.8333, -30.9105, 0.0 ], [ -64.8235, -30.9223, 0.0 ], [ -64.8246, -30.9133, 0.0 ], [ -64.8246, -30.9036, 0.0 ], [ -64.8241, -30.8924, 0.0 ], [ -64.8138, -30.8889, 0.0 ], [ -64.8061, -30.8868, 0.0 ], [ -64.7982, -30.8819, 0.0 ], [ -64.793, -30.8765, 0.0 ], [ -64.7849, -30.8605, 0.0 ], [ -64.7712, -30.8368, 0.0 ], [ -64.7666, -30.819, 0.0 ], [ -64.7603, -30.8118, 0.0 ], [ -64.7532, -30.8056, 0.0 ], [ -64.7471, -30.7995, 0.0 ], [ -64.743, -30.7933, 0.0 ], [ -64.7444, -30.7858, 0.0 ], [ -64.7492, -30.7816, 0.0 ], [ -64.7558, -30.7779, 0.0 ], [ -64.7764, -30.7792, 0.0 ], [ -64.7779, -30.7756, 0.0 ], [ -64.7895, -30.7698, 0.0 ], [ -64.8012, -30.7556, 0.0 ], [ -64.8618, -30.793, 0.0 ], [ -64.8821, -30.7738, 0.0 ], [ -64.8802, -30.8339, 0.0 ] ] ] ] } },
{ "type": "Feature", "properties": { "circuito": "zonagris/", "codprov": "04", "coddepto": "nan" }, "geometry": { "type": "MultiPolygon", "coordinates": [ [ [ [ -64.9805, -31.1088, 0.0 ], [ -64.973, -31.1283, 0.0 ], [ -64.9679, -31.142, 0.0 ], [ -64.962, -31.151, 0.0 ], [ -64.96, -31.1651, 0.0 ], [ -64.9534, -31.174, 0.0 ], [ -64.9469, -31.1802, 0.0 ], [ -64.9442, -31.1867, 0.0 ], [ -64.9379, -31.1949, 0.0 ], [ -64.9161, -31.1843, 0.0 ], [ -64.9174, -31.1813, 0.0 ], [ -64.9217, -31.1777, 0.0 ], [ -64.9207, -31.1674, 0.0 ], [ -64.923, -31.1648, 0.0 ], [ -64.9235, -31.16, 0.0 ], [ -64.9217, -31.1555, 0.0 ], [ -64.9207, -31.1449, 0.0 ], [ -64.9213, -31.1291, 0.0 ], [ -64.9177, -31.1277, 0.0 ], [ -64.9194, -31.1049, 0.0 ], [ -64.9161, -31.0948, 0.0 ], [ -64.939, -31.0884, 0.0 ], [ -64.9466, -31.0814, 0.0 ], [ -64.9485, -31.0751, 0.0 ], [ -64.9561, -31.0734, 0.0 ], [ -64.9638, -31.0758, 0.0 ], [ -64.9669, -31.0798, 0.0 ], [ -64.966, -31.0907, 0.0 ], [ -64.9719, -31.0941, 0.0 ], [ -64.9762, -31.0979, 0.0 ], [ -64.974, -31.1071, 0.0 ], [ -64.9776, -31.1079, 0.0 ], [ -64.98, -31.1079, 0.0 ], [ -64.9805, -31.1088, 0.0 ] ] ] ] } },
{ "type": "Feature", "properties": { "circuito": "00070", "codprov": "04", "coddepto": "005" }, "geometry": { "type": "MultiPolygon", "coordinates": [ [ [ [ -65.1086, -35.0009, 0.0 ], [ -64.4777, -35.0027, 0.0 ], [ -64.4777, -34.9207, 0.0 ], [ -64.4795, -34.844, 0.0 ], [ -64.4795, -34.7388, 0.0 ], [ -64.3743, -34.7388, 0.0 ], [ -64.3743, -34.6479, 0.0 ], [ -64.3797, -34.5534, 0.0 ], [ -64.5401, -34.5534, 0.0 ], [ -65.1078, -34.5445, 0.0 ], [ -65.112, -34.7567, 0.0 ], [ -65.1086, -35.0009, 0.0 ] ] ] ] } },
{ "type": "Feature", "properties": { "circuito": "00059", "codprov": "04", "coddepto": "005" }, "geometry": { "type": "MultiPolygon", "coordinates": [ [ [ [ -63.609, -34.5371, 0.0 ], [ -63.6096, -34.5819, 0.0 ], [ -63.606, -34.721, 0.0 ], [ -63.6007, -34.828, 0.0 ], [ -63.5953, -35.0009, 0.0 ], [ -63.4848, -35.0009, 0.0 ], [ -63.3832, -34.9991, 0.0 ], [ -63.3849, -34.9135, 0.0 ], [ -63.3867, -34.819, 0.0 ], [ -63.3903, -34.6229, 0.0 ], [ -63.3871, -34.516, 0.0 ], [ -63.5044, -34.5071, 0.0 ], [ -63.499, -34.5338, 0.0 ], [ -63.609, -34.5371, 0.0 ] ] ] ] } },
{ "type": "Feature", "properties": { "circuito": "00067", "codprov": "04", "coddepto": "005" }, "geometry": { "type": "MultiPolygon", "coordinates": [ [ [ [ -63.7166, -34.5299, 0.0 ], [ -63.7183, -34.6158, 0.0 ], [ -63.7183, -34.6372, 0.0 ], [ -63.7147, -34.7281, 0.0 ], [ -63.7112, -34.8155, 0.0 ], [ -63.7076, -34.9278, 0.0 ], [ -63.7076, -34.9991, 0.0 ], [ -63.5953, -35.0009, 0.0 ], [ -63.6015, -34.8102, 0.0 ], [ -63.6084, -34.6281, 0.0 ], [ -63.6087, -34.5371, 0.0 ], [ -63.6167, -34.5374, 0.0 ], [ -63.6167, -34.5287, 0.0 ], [ -63.7166, -34.5299, 0.0 ] ] ] ] } },
{ "type": "Feature", "properties": { "circuito": "00062", "codprov": "04", "coddepto": "005" }, "geometry": { "type": "MultiPolygon", "coordinates": [ [ [ [ -63.7183, -34.6372, 0.0 ], [ -63.7967, -34.6372, 0.0 ], [ -63.836, -34.6354, 0.0 ], [ -63.8324, -34.6836, 0.0 ], [ -63.8342, -34.7246, 0.0 ], [ -63.8253, -34.7299, 0.0 ], [ -63.8217, -34.7709, 0.0 ], [ -63.8217, -34.8707, 0.0 ], [ -63.8164, -34.9973, 0.0 ], [ -63.7076, -34.9991, 0.0 ], [ -63.7127, -34.778, 0.0 ], [ -63.7183, -34.6372, 0.0 ] ] ] ] } },
{ "type": "Feature", "properties": { "circuito": "00068", "codprov": "04", "coddepto": "005" }, "geometry": { "type": "MultiPolygon", "coordinates": [ [ [ [ -63.8324, -34.6836, 0.0 ], [ -63.9322, -34.6818, 0.0 ], [ -63.9358, -34.7067, 0.0 ], [ -63.9857, -34.7067, 0.0 ], [ -63.9857, -34.778, 0.0 ], [ -63.9857, -34.8636, 0.0 ], [ -63.9821, -34.9991, 0.0 ], [ -63.9233, -34.9991, 0.0 ], [ -63.8164, -34.9973, 0.0 ], [ -63.8253, -34.7299, 0.0 ], [ -63.8342, -34.7246, 0.0 ], [ -63.8324, -34.6836, 0.0 ] ] ] ] } },
{ "type": "Feature", "properties": { "circuito": "00063", "codprov": "04", "coddepto": "005" }, "geometry": { "type": "MultiPolygon", "coordinates": [ [ [ [ -64.0517, -34.3734, 0.0 ], [ -64.0481, -34.5516, 0.0 ], [ -64.0463, -34.7067, 0.0 ], [ -63.9857, -34.7067, 0.0 ], [ -63.9358, -34.7067, 0.0 ], [ -63.9322, -34.6818, 0.0 ], [ -63.8324, -34.6836, 0.0 ], [ -63.836, -34.6354, 0.0 ], [ -63.7183, -34.6372, 0.0 ], [ -63.7165, -34.5267, 0.0 ], [ -63.8235, -34.5302, 0.0 ], [ -63.8235, -34.3502, 0.0 ], [ -64.0214, -34.3502, 0.0 ], [ -64.0231, -34.3573, 0.0 ], [ -64.0517, -34.3573, 0.0 ], [ -64.0517, -34.3734, 0.0 ] ] ] ] } },
{ "type": "Feature", "properties": { "circuito": "00069", "codprov": "04", "coddepto": "005" }, "geometry": { "type": "MultiPolygon", "coordinates": [ [ [ [ -63.9821, -34.9991, 0.0 ], [ -63.9857, -34.8244, 0.0 ], [ -63.9857, -34.7067, 0.0 ], [ -64.0463, -34.7067, 0.0 ], [ -64.0445, -34.7299, 0.0 ], [ -64.1048, -34.7319, 0.0 ], [ -64.1444, -34.7335, 0.0 ], [ -64.1497, -34.8654, 0.0 ], [ -64.1515, -34.9991, 0.0 ], [ -63.9821, -34.9991, 0.0 ] ] ] ] } },
{ "type": "Feature", "properties": { "circuito": "00061", "codprov": "04", "coddepto": "005" }, "geometry": { "type": "MultiPolygon", "coordinates": [ [ [ [ -64.1444, -34.7335, 0.0 ], [ -64.262, -34.7353, 0.0 ], [ -64.2678, -34.5522, 0.0 ], [ -64.3797, -34.5534, 0.0 ], [ -64.3743, -34.7323, 0.0 ], [ -64.4795, -34.7388, 0.0 ], [ -64.4777, -35.0027, 0.0 ], [ -64.2478, -35.0044, 0.0 ], [ -64.1515, -34.9991, 0.0 ], [ -64.1444, -34.7335, 0.0 ] ] ] ] } },
{ "type": "Feature", "properties": { "circuito": "00066", "codprov": "04", "coddepto": "005" }, "geometry": { "type": "MultiPolygon", "coordinates": [ [ [ [ -64.1568, -34.7337, 0.0 ], [ -64.0445, -34.7299, 0.0 ], [ -64.048, -34.5623, 0.0 ], [ -64.0517, -34.3573, 0.0 ], [ -64.1408, -34.3591, 0.0 ], [ -64.143, -34.3059, 0.0 ], [ -64.1432, -34.2916, 0.0 ], [ -64.144, -34.2808, 0.0 ], [ -64.1443, -34.2755, 0.0 ], [ -64.1447, -34.2703, 0.0 ], [ -64.1439, -34.2637, 0.0 ], [ -64.1582, -34.2566, 0.0 ], [ -64.1814, -34.2486, 0.0 ], [ -64.1975, -34.2419, 0.0 ], [ -64.2134, -34.2423, 0.0 ], [ -64.2306, -34.2401, 0.0 ], [ -64.2297, -34.2327, 0.0 ], [ -64.2322, -34.2324, 0.0 ], [ -64.2508, -34.2229, 0.0 ], [ -64.2548, -34.2211, 0.0 ], [ -64.2609, -34.2215, 0.0 ], [ -64.2655, -34.2218, 0.0 ], [ -64.2794, -34.2174, 0.0 ], [ -64.2741, -34.2798, 0.0 ], [ -64.2705, -34.4572, 0.0 ], [ -64.2687, -34.5347, 0.0 ], [ -64.2651, -34.6443, 0.0 ], [ -64.2651, -34.6898, 0.0 ], [ -64.262, -34.7353, 0.0 ], [ -64.1564, -34.7337, 0.0 ], [ -64.1568, -34.7337, 0.0 ] ] ] ] } },
{ "type": "Feature", "properties": { "circuito": "00058", "codprov": "04", "coddepto": "005" }, "geometry": { "type": "MultiPolygon", "coordinates": [ [ [ [ -64.3765, -34.5535, 0.0 ], [ -64.2678, -34.5522, 0.0 ], [ -64.2705, -34.4572, 0.0 ], [ -64.2723, -34.3689, 0.0 ], [ -64.2741, -34.2798, 0.0 ], [ -64.2794, -34.2174, 0.0 ], [ -64.2859, -34.2153, 0.0 ], [ -64.294, -34.2096, 0.0 ], [ -64.3204, -34.2091, 0.0 ], [ -64.3375, -34.2069, 0.0 ], [ -64.3458, -34.2058, 0.0 ], [ -64.3503, -34.2058, 0.0 ], [ -64.3673, -34.2047, 0.0 ], [ -64.3746, -34.2064, 0.0 ], [ -64.3826, -34.2042, 0.0 ], [ -64.3859, -34.2201, 0.0 ], [ -64.385, -34.2236, 0.0 ], [ -64.3824, -34.229, 0.0 ], [ -64.3824, -34.2548, 0.0 ], [ -64.3859, -34.2664, 0.0 ], [ -64.385, -34.2842, 0.0 ], [ -64.3797, -34.2958, 0.0 ], [ -64.3806, -34.3502, 0.0 ], [ -64.3779, -34.4242, 0.0 ], [ -64.3779, -34.4545, 0.0 ], [ -64.3734, -34.4714, 0.0 ], [ -64.3788, -34.4803, 0.0 ], [ -64.3788, -34.5151, 0.0 ], [ -64.3794, -34.5579, 0.0 ], [ -64.3765, -34.5535, 0.0 ] ] ] ] } },
{ "type": "Feature", "properties": { "circuito": "00060", "codprov": "04", "coddepto": "005" }, "geometry": { "type": "MultiPolygon", "coordinates": [ [ [ [ -64.7023, -34.5512, 0.0 ], [ -64.5401, -34.5534, 0.0 ], [ -64.3765, -34.5535, 0.0 ], [ -64.3788, -34.4803, 0.0 ], [ -64.3734, -34.4714, 0.0 ], [ -64.3779, -34.4545, 0.0 ], [ -64.3797, -34.3744, 0.0 ], [ -64.3797, -34.2958, 0.0 ], [ -64.385, -34.2842, 0.0 ], [ -64.3857, -34.2698, 0.0 ], [ -64.3824, -34.2548, 0.0 ], [ -64.3824, -34.229, 0.0 ], [ -64.3859, -34.2201, 0.0 ], [ -64.3826, -34.2042, 0.0 ], [ -64.3958, -34.2023, 0.0 ], [ -64.4072, -34.2039, 0.0 ], [ -64.4112, -34.208, 0.0 ], [ -64.4308, -34.2104, 0.0 ], [ -64.4349, -34.2129, 0.0 ], [ -64.4447, -34.2103, 0.0 ], [ -64.4547, -34.2073, 0.0 ], [ -64.4682, -34.2039, 0.0 ], [ -64.4745, -34.199, 0.0 ], [ -64.4792, -34.1957, 0.0 ], [ -64.4886, -34.1925, 0.0 ], [ -64.5057, -34.1893, 0.0 ], [ -64.5122, -34.186, 0.0 ], [ -64.5154, -34.1787, 0.0 ], [ -64.5228, -34.1787, 0.0 ], [ -64.5353, -34.1869, 0.0 ], [ -64.5415, -34.1876, 0.0 ], [ -64.541, -34.18, 0.0 ], [ -64.5647, -34.1738, 0.0 ], [ -64.5723, -34.1675, 0.0 ], [ -64.5775, -34.1632, 0.0 ], [ -64.5821, -34.1595, 0.0 ], [ -64.5889, -34.1583, 0.0 ], [ -64.595, -34.1575, 0.0 ], [ -64.6007, -34.1568, 0.0 ], [ -64.6086, -34.1558, 0.0 ], [ -64.6211, -34.1552, 0.0 ], [ -64.6281, -34.1548, 0.0 ], [ -64.6379, -34.1542, 0.0 ], [ -64.6379, -34.1491, 0.0 ], [ -64.6379, -34.1331, 0.0 ], [ -64.6591, -34.12, 0.0 ], [ -64.6695, -34.116, 0.0 ], [ -64.6837, -34.1105, 0.0 ], [ -64.6892, -34.1085, 0.0 ], [ -64.6947, -34.1074, 0.0 ], [ -64.6947, -34.2388, 0.0 ], [ -64.6981, -34.3786, 0.0 ], [ -64.7023, -34.5512, 0.0 ] ] ] ] } },
{ "type": "Feature", "properties": { "circuito": "00072", "codprov": "04", "coddepto": "005" }, "geometry": { "type": "MultiPolygon", "coordinates": [ [ [ [ -64.8172102, -34.4679002, 0.0 ], [ -64.6994, -34.4679, 0.0 ], [ -64.6978, -34.3778, 0.0 ], [ -64.8198, -34.3803, 0.0 ], [ -64.8189, -34.2877, 0.0 ], [ -64.8181, -34.2481, 0.0 ], [ -64.8189, -34.1967, 0.0 ], [ -64.7633, -34.1959, 0.0 ], [ -64.7642, -34.1613, 0.0 ], [ -64.7532, -34.1613, 0.0 ], [ -64.7445, -34.1339, 0.0 ], [ -64.733, -34.1327, 0.0 ], [ -64.7305, -34.1083, 0.0 ], [ -64.7343, -34.1037, 0.0 ], [ -64.7372, -34.1037, 0.0 ], [ -64.7682, -34.0858, 0.0 ], [ -64.7718, -34.0864, 0.0 ], [ -64.7819, -34.0889, 0.0 ], [ -64.7928, -34.0845, 0.0 ], [ -64.7974, -34.0821, 0.0 ], [ -64.8044, -34.0776, 0.0 ], [ -64.8099, -34.0714, 0.0 ], [ -64.813, -34.0683, 0.0 ], [ -64.8199, -34.0632, 0.0 ], [ -64.8251, -34.0598, 0.0 ], [ -64.829, -34.0578, 0.0 ], [ -64.8355, -34.0532, 0.0 ], [ -64.8413, -34.0496, 0.0 ], [ -64.8516, -34.0541, 0.0 ], [ -64.8598, -34.0492, 0.0 ], [ -64.8634, -34.0487, 0.0 ], [ -64.872, -34.0476, 0.0 ], [ -64.8806, -34.0454, 0.0 ], [ -64.8889, -34.0433, 0.0 ], [ -64.8989, -34.0405, 0.0 ], [ -64.9093, -34.0343, 0.0 ], [ -64.9249, -34.0354, 0.0 ], [ -64.9347, -34.0338, 0.0 ], [ -64.9451, -34.0321, 0.0 ], [ -64.952, -34.0308, 0.0 ], [ -64.9581, -34.0285, 0.0 ], [ -64.9677, -34.0252, 0.0 ], [ -64.9772, -34.0232, 0.0 ], [ -64.9851, -34.0272, 0.0 ], [ -64.9941, -34.0329, 0.0 ], [ -64.9975, -34.0299, 0.0 ], [ -65.0012, -34.0266, 0.0 ], [ -65.0069, -34.0216, 0.0 ], [ -65.0151, -34.016, 0.0 ], [ -65.0253, -34.0093, 0.0 ], [ -65.0341, -34.0045, 0.0 ], [ -65.0462, -33.9993, 0.0 ], [ -65.0543, -33.9963, 0.0 ], [ -65.0543, -33.9899, 0.0 ], [ -65.0523, -33.9835, 0.0 ], [ -65.0523, -33.9774, 0.0 ], [ -65.0527, -33.9735, 0.0 ], [ -65.0605, -33.9711, 0.0 ], [ -65.0657, -33.9694, 0.0 ], [ -65.0682, -33.9735, 0.0 ], [ -65.0698, -33.9768, 0.0 ], [ -65.0729, -33.9741, 0.0 ], [ -65.0775, -33.9703, 0.0 ], [ -65.0852, -33.9643, 0.0 ], [ -65.0948, -33.9568, 0.0 ], [ -65.0986, -33.9538, 0.0 ], [ -65.1048, -33.9491, 0.0 ], [ -65.1061, -34.0485, 0.0 ], [ -65.1061, -34.2001, 0.0 ], [ -65.1052, -34.2927, 0.0 ], [ -65.1061, -34.3811, 0.0 ], [ -65.1061, -34.4948, 0.0 ], [ -65.1078, -34.5445, 0.0 ], [ -65.0337, -34.5445, 0.0 ], [ -64.925, -34.547, 0.0 ], [ -64.9276, -34.4704, 0.0 ], [ -64.8172102, -34.4679002, 0.0 ] ], [ [ -64.8172, -34.4679, 0.0 ], [ -64.8177, -34.4679, 0.0 ], [ -64.8172102, -34.4679002, 0.0 ], [ -64.8172, -34.4679, 0.0 ] ] ] ] } },
{ "type": "Feature", "properties": { "circuito": "00071", "codprov": "04", "coddepto": "005" }, "geometry": { "type": "MultiPolygon", "coordinates": [ [ [ [ -64.7305, -34.1083, 0.0 ], [ -64.733, -34.1327, 0.0 ], [ -64.7445, -34.1339, 0.0 ], [ -64.7532, -34.1613, 0.0 ], [ -64.7642, -34.1613, 0.0 ], [ -64.7633, -34.1959, 0.0 ], [ -64.8189, -34.1967, 0.0 ], [ -64.8189, -34.2877, 0.0 ], [ -64.8198, -34.3803, 0.0 ], [ -64.7575, -34.379, 0.0 ], [ -64.6978, -34.3778, 0.0 ], [ -64.6954, -34.2683, 0.0 ], [ -64.6947, -34.1622, 0.0 ], [ -64.6947, -34.1077, 0.0 ], [ -64.7013, -34.1062, 0.0 ], [ -64.7059, -34.1054, 0.0 ], [ -64.7136, -34.1039, 0.0 ], [ -64.7349, -34.1037, 0.0 ], [ -64.7305, -34.1083, 0.0 ] ] ] ] } },
{ "type": "Feature", "properties": { "circuito": "00065", "codprov": "04", "coddepto": "005" }, "geometry": { "type": "MultiPolygon", "coordinates": [ [ [ [ -64.9276, -34.4704, 0.0 ], [ -64.925, -34.547, 0.0 ], [ -64.7987, -34.5504, 0.0 ], [ -64.7007, -34.5512, 0.0 ], [ -64.6994, -34.4679, 0.0 ], [ -64.8172, -34.4679, 0.0 ], [ -64.9276, -34.4704, 0.0 ] ] ] ] } },
{ "type": "Feature", "properties": { "circuito": "00076", "codprov": "04", "coddepto": "006" }, "geometry": { "type": "MultiPolygon", "coordinates": [ [ [ [ -63.4009, -33.0473, 0.0 ], [ -63.4641, -33.0375, 0.0 ], [ -63.4876, -33.1232, 0.0 ], [ -63.4205, -33.1355, 0.0 ], [ -63.3186, -33.1526, 0.0 ], [ -63.2985, -33.0919, 0.0 ], [ -63.2344, -33.1051, 0.0 ], [ -63.1893, -33.1139, 0.0 ], [ -63.1795, -33.0757, 0.0 ], [ -63.1702, -33.0444, 0.0 ], [ -63.2187, -33.0341, 0.0 ], [ -63.2398, -33.0311, 0.0 ], [ -63.2946, -33.0179, 0.0 ], [ -63.3808, -33.0018, 0.0 ], [ -63.3804, -33.0005, 0.0 ], [ -63.3878, -32.9993, 0.0 ], [ -63.4, -33.0475, 0.0 ], [ -63.4009, -33.0473, 0.0 ] ] ] ] } },
{ "type": "Feature", "properties": { "circuito": "00074", "codprov": "04", "coddepto": "006" }, "geometry": { "type": "MultiPolygon", "coordinates": [ [ [ [ -63.2928, -32.4351, 0.0 ], [ -63.2987, -32.4341, 0.0 ], [ -63.31, -32.4289, 0.0 ], [ -63.3021, -32.4209, 0.0 ], [ -63.3065, -32.4165, 0.0 ], [ -63.3094, -32.4174, 0.0 ], [ -63.3126, -32.4169, 0.0 ], [ -63.3155, -32.4152, 0.0 ], [ -63.3163, -32.4091, 0.0 ], [ -63.3187, -32.4062, 0.0 ], [ -63.3251, -32.4052, 0.0 ], [ -63.3291, -32.4037, 0.0 ], [ -63.332, -32.4023, 0.0 ], [ -63.3344, -32.3983, 0.0 ], [ -63.3383, -32.3983, 0.0 ], [ -63.3442, -32.3963, 0.0 ], [ -63.3586, -32.4005, 0.0 ], [ -63.3613, -32.4013, 0.0 ], [ -63.3696, -32.3987, 0.0 ], [ -63.375, -32.3937, 0.0 ], [ -63.3829, -32.3944, 0.0 ], [ -63.3922, -32.3954, 0.0 ], [ -63.3956, -32.3929, 0.0 ], [ -63.404, -32.3934, 0.0 ], [ -63.4074, -32.391, 0.0 ], [ -63.4108, -32.3915, 0.0 ], [ -63.4134, -32.3859, 0.0 ], [ -63.4167, -32.3812, 0.0 ], [ -63.4201, -32.3778, 0.0 ], [ -63.4314, -32.3758, 0.0 ], [ -63.4348, -32.3734, 0.0 ], [ -63.4392, -32.3748, 0.0 ], [ -63.4426, -32.3753, 0.0 ], [ -63.4451, -32.3773, 0.0 ], [ -63.4549, -32.3773, 0.0 ], [ -63.4565, -32.3758, 0.0 ], [ -63.4581, -32.3744, 0.0 ], [ -63.4564, -32.368, 0.0 ], [ -63.4588, -32.3631, 0.0 ], [ -63.4495, -32.3616, 0.0 ], [ -63.4495, -32.3577, 0.0 ], [ -63.4573, -32.3543, 0.0 ], [ -63.4613, -32.3533, 0.0 ], [ -63.4629, -32.3523, 0.0 ], [ -63.4625, -32.3447, 0.0 ], [ -63.4647, -32.3405, 0.0 ], [ -63.4745, -32.3396, 0.0 ], [ -63.4897, -32.329, 0.0 ], [ -63.4955, -32.3283, 0.0 ], [ -63.5009, -32.3312, 0.0 ], [ -63.5024, -32.3337, 0.0 ], [ -63.5073, -32.3342, 0.0 ], [ -63.5109, -32.3333, 0.0 ], [ -63.5333, -32.3229, 0.0 ], [ -63.5362, -32.3146, 0.0 ], [ -63.5416, -32.3146, 0.0 ], [ -63.544, -32.3161, 0.0 ], [ -63.5558, -32.3538, 0.0 ], [ -63.5646, -32.3832, 0.0 ], [ -63.5083, -32.3974, 0.0 ], [ -63.5205, -32.4488, 0.0 ], [ -63.5406, -32.536, 0.0 ], [ -63.5068, -32.5663, 0.0 ], [ -63.5029, -32.5516, 0.0 ], [ -63.5014, -32.5467, 0.0 ], [ -63.497, -32.5374, 0.0 ], [ -63.4936, -32.533, 0.0 ], [ -63.4877, -32.5242, 0.0 ], [ -63.4843, -32.512, 0.0 ], [ -63.4789, -32.509, 0.0 ], [ -63.4696, -32.5169, 0.0 ], [ -63.4691, -32.5365, 0.0 ], [ -63.4711, -32.5418, 0.0 ], [ -63.4696, -32.5502, 0.0 ], [ -63.4603, -32.5502, 0.0 ], [ -63.4519, -32.5481, 0.0 ], [ -63.4417, -32.5463, 0.0 ], [ -63.4299, -32.5458, 0.0 ], [ -63.4231, -32.5433, 0.0 ], [ -63.4201, -32.5399, 0.0 ], [ -63.4138, -32.5365, 0.0 ], [ -63.4049, -32.5379, 0.0 ], [ -63.3775, -32.5629, 0.0 ], [ -63.3687, -32.5595, 0.0 ], [ -63.3662, -32.5423, 0.0 ], [ -63.3569, -32.5208, 0.0 ], [ -63.354, -32.5076, 0.0 ], [ -63.379, -32.488, 0.0 ], [ -63.3547, -32.4725, 0.0 ], [ -63.3098, -32.446, 0.0 ], [ -63.297, -32.4391, 0.0 ], [ -63.2933, -32.4356, 0.0 ], [ -63.2928, -32.4351, 0.0 ] ] ] ] } },
{ "type": "Feature", "properties": { "circuito": "00081", "codprov": "04", "coddepto": "006" }, "geometry": { "type": "MultiPolygon", "coordinates": [ [ [ [ -63.3628, -32.2, 0.0 ], [ -63.299, -32.2727, 0.0 ], [ -63.2369, -32.343, 0.0 ], [ -63.2486, -32.3505, 0.0 ], [ -63.2316, -32.3572, 0.0 ], [ -63.2316, -32.3621, 0.0 ], [ -63.2134, -32.3743, 0.0 ], [ -63.2031, -32.3763, 0.0 ], [ -63.186, -32.3807, 0.0 ], [ -63.1644, -32.3841, 0.0 ], [ -63.1586, -32.3881, 0.0 ], [ -63.1204, -32.4057, 0.0 ], [ -63.0831, -32.4194, 0.0 ], [ -63.0699, -32.4307, 0.0 ], [ -63.0675, -32.4263, 0.0 ], [ -63.0572, -32.4365, 0.0 ], [ -63.0396, -32.4326, 0.0 ], [ -63.0249, -32.3841, 0.0 ], [ -62.9999, -32.3885, 0.0 ], [ -62.9965, -32.3768, 0.0 ], [ -62.9641, -32.3832, 0.0 ], [ -62.9666, -32.3876, 0.0 ], [ -62.9269, -32.3929, 0.0 ], [ -62.9181, -32.3577, 0.0 ], [ -62.9078, -32.3244, 0.0 ], [ -62.9155, -32.3221, 0.0 ], [ -62.9274, -32.3185, 0.0 ], [ -62.9529, -32.2881, 0.0 ], [ -62.9576, -32.2634, 0.0 ], [ -62.972, -32.2568, 0.0 ], [ -62.9798, -32.2793, 0.0 ], [ -63.0195, -32.2715, 0.0 ], [ -63.017, -32.2597, 0.0 ], [ -63.0802, -32.2494, 0.0 ], [ -63.0836, -32.2529, 0.0 ], [ -63.1162, -32.2476, 0.0 ], [ -63.14, -32.2441, 0.0 ], [ -63.1644, -32.2441, 0.0 ], [ -63.1892, -32.239, 0.0 ], [ -63.186, -32.2347, 0.0 ], [ -63.2176, -32.2292, 0.0 ], [ -63.2335, -32.2264, 0.0 ], [ -63.2295, -32.2081, 0.0 ], [ -63.235, -32.2112, 0.0 ], [ -63.2502, -32.2117, 0.0 ], [ -63.2619, -32.2137, 0.0 ], [ -63.2854, -32.199, 0.0 ], [ -63.3305, -32.198, 0.0 ], [ -63.3398, -32.1941, 0.0 ], [ -63.3555, -32.1941, 0.0 ], [ -63.3628, -32.2, 0.0 ] ] ] ] } },
{ "type": "Feature", "properties": { "circuito": "00080", "codprov": "04", "coddepto": "006" }, "geometry": { "type": "MultiPolygon", "coordinates": [ [ [ [ -63.5597, -32.6181, 0.0 ], [ -63.5592, -32.6158, 0.0 ], [ -63.5047, -32.6266, 0.0 ], [ -63.4407, -32.6366, 0.0 ], [ -63.4322, -32.5986, 0.0 ], [ -63.428, -32.5991, 0.0 ], [ -63.4248, -32.589, 0.0 ], [ -63.4109, -32.5369, 0.0 ], [ -63.4138, -32.5365, 0.0 ], [ -63.4201, -32.5399, 0.0 ], [ -63.4231, -32.5433, 0.0 ], [ -63.4299, -32.5458, 0.0 ], [ -63.4375, -32.5461, 0.0 ], [ -63.4476, -32.5471, 0.0 ], [ -63.4603, -32.5502, 0.0 ], [ -63.4696, -32.5502, 0.0 ], [ -63.4711, -32.5418, 0.0 ], [ -63.4691, -32.5365, 0.0 ], [ -63.4693, -32.5292, 0.0 ], [ -63.4696, -32.5169, 0.0 ], [ -63.4789, -32.509, 0.0 ], [ -63.4843, -32.512, 0.0 ], [ -63.4877, -32.5242, 0.0 ], [ -63.4904, -32.5282, 0.0 ], [ -63.4978, -32.5391, 0.0 ], [ -63.4995, -32.5427, 0.0 ], [ -63.5039, -32.5553, 0.0 ], [ -63.5077, -32.5655, 0.0 ], [ -63.5406, -32.536, 0.0 ], [ -63.5512, -32.5779, 0.0 ], [ -63.5597, -32.6181, 0.0 ] ] ] ] } },
{ "type": "Feature", "properties": { "circuito": "00082", "codprov": "04", "coddepto": "006" }, "geometry": { "type": "MultiPolygon", "coordinates": [ [ [ [ -63.4105, -32.537, 0.0 ], [ -63.4112, -32.5378, 0.0 ], [ -63.428, -32.5991, 0.0 ], [ -63.4322, -32.5986, 0.0 ], [ -63.4407, -32.6366, 0.0 ], [ -63.447, -32.661, 0.0 ], [ -63.4274, -32.6647, 0.0 ], [ -63.3835, -32.6728, 0.0 ], [ -63.3798, -32.6567, 0.0 ], [ -63.3682, -32.6113, 0.0 ], [ -63.3566, -32.5663, 0.0 ], [ -63.3775, -32.5629, 0.0 ], [ -63.4049, -32.5379, 0.0 ], [ -63.4105, -32.537, 0.0 ] ] ] ] } },
{ "type": "Feature", "properties": { "circuito": "00077", "codprov": "04", "coddepto": "006" }, "geometry": { "type": "MultiPolygon", "coordinates": [ [ [ [ -63.1702, -33.0444, 0.0 ], [ -63.1561, -32.9884, 0.0 ], [ -63.1393, -32.9193, 0.0 ], [ -63.1178, -32.9193, 0.0 ], [ -63.1162, -32.9125, 0.0 ], [ -63.1809, -32.9017, 0.0 ], [ -63.1831, -32.899, 0.0 ], [ -63.1921, -32.8969, 0.0 ], [ -63.1942, -32.9001, 0.0 ], [ -63.2, -32.898, 0.0 ], [ -63.2021, -32.8995, 0.0 ], [ -63.209, -32.898, 0.0 ], [ -63.245, -32.8943, 0.0 ], [ -63.2613, -32.8916, 0.0 ], [ -63.2613, -32.8895, 0.0 ], [ -63.292, -32.8826, 0.0 ], [ -63.3185, -32.872, 0.0 ], [ -63.3534, -32.8678, 0.0 ], [ -63.373, -32.9424, 0.0 ], [ -63.3878, -32.9993, 0.0 ], [ -63.3804, -33.0005, 0.0 ], [ -63.3808, -33.0018, 0.0 ], [ -63.33, -33.0113, 0.0 ], [ -63.2946, -33.0179, 0.0 ], [ -63.2607, -33.0261, 0.0 ], [ -63.2398, -33.0311, 0.0 ], [ -63.2187, -33.0341, 0.0 ], [ -63.1702, -33.0444, 0.0 ] ] ] ] } },
{ "type": "Feature", "properties": { "circuito": "00084", "codprov": "04", "coddepto": "006" }, "geometry": { "type": "MultiPolygon", "coordinates": [ [ [ [ -63.379, -32.488, 0.0 ], [ -63.354, -32.5076, 0.0 ], [ -63.3121, -32.5321, 0.0 ], [ -63.2878, -32.5467, 0.0 ], [ -63.2518, -32.5753, 0.0 ], [ -63.2243, -32.5991, 0.0 ], [ -63.227, -32.6345, 0.0 ], [ -63.1963, -32.6583, 0.0 ], [ -63.1852, -32.6208, 0.0 ], [ -63.1836, -32.6107, 0.0 ], [ -63.1778, -32.5885, 0.0 ], [ -63.1598, -32.6107, 0.0 ], [ -63.1164, -32.6224, 0.0 ], [ -63.1053, -32.6255, 0.0 ], [ -63.1016, -32.6266, 0.0 ], [ -63.0947, -32.6308, 0.0 ], [ -63.091, -32.6314, 0.0 ], [ -63.0815, -32.598, 0.0 ], [ -63.072, -32.5647, 0.0 ], [ -63.0545, -32.5351, 0.0 ], [ -63.0577, -32.5274, 0.0 ], [ -63.0922, -32.5242, 0.0 ], [ -63.104, -32.5188, 0.0 ], [ -63.1397, -32.5123, 0.0 ], [ -63.1519, -32.5033, 0.0 ], [ -63.1762, -32.4774, 0.0 ], [ -63.2095, -32.4494, 0.0 ], [ -63.2206, -32.4383, 0.0 ], [ -63.2402, -32.4356, 0.0 ], [ -63.2414, -32.4465, 0.0 ], [ -63.2427, -32.4465, 0.0 ], [ -63.2456, -32.4444, 0.0 ], [ -63.2469, -32.4452, 0.0 ], [ -63.2546, -32.4415, 0.0 ], [ -63.2554, -32.4383, 0.0 ], [ -63.258, -32.4378, 0.0 ], [ -63.2588, -32.4346, 0.0 ], [ -63.2713, -32.4327, 0.0 ], [ -63.28, -32.4285, 0.0 ], [ -63.2898, -32.4309, 0.0 ], [ -63.2964, -32.4388, 0.0 ], [ -63.3303, -32.457, 0.0 ], [ -63.3779, -32.4872, 0.0 ], [ -63.379, -32.488, 0.0 ] ] ] ] } },
{ "type": "Feature", "properties": { "circuito": "00087", "codprov": "04", "coddepto": "006" }, "geometry": { "type": "MultiPolygon", "coordinates": [ [ [ [ -63.3869, -32.7116, 0.0 ], [ -63.3855, -32.7058, 0.0 ], [ -63.3824, -32.6922, 0.0 ], [ -63.3876, -32.6901, 0.0 ], [ -63.3835, -32.6728, 0.0 ], [ -63.4058, -32.6687, 0.0 ], [ -63.4274, -32.6647, 0.0 ], [ -63.447, -32.661, 0.0 ], [ -63.4407, -32.6366, 0.0 ], [ -63.5047, -32.6266, 0.0 ], [ -63.5592, -32.6158, 0.0 ], [ -63.5685, -32.6546, 0.0 ], [ -63.5807, -32.7086, 0.0 ], [ -63.5596, -32.7123, 0.0 ], [ -63.576, -32.7768, 0.0 ], [ -63.5564, -32.826, 0.0 ], [ -63.5252, -32.8334, 0.0 ], [ -63.5358, -32.8789, 0.0 ], [ -63.4569, -32.9085, 0.0 ], [ -63.4268, -32.9159, 0.0 ], [ -63.4088, -32.8578, 0.0 ], [ -63.3903, -32.7763, 0.0 ], [ -63.3972, -32.7736, 0.0 ], [ -63.3882, -32.7393, 0.0 ], [ -63.3929, -32.7377, 0.0 ], [ -63.3893, -32.7221, 0.0 ], [ -63.3869, -32.7116, 0.0 ] ] ] ] } },
{ "type": "Feature", "properties": { "circuito": "00078", "codprov": "04", "coddepto": "006" }, "geometry": { "type": "MultiPolygon", "coordinates": [ [ [ [ -63.0938, -32.7393, 0.0 ], [ -63.1456, -32.7297, 0.0 ], [ -63.2165, -32.7165, 0.0 ], [ -63.2604, -32.7086, 0.0 ], [ -63.261, -32.7128, 0.0 ], [ -63.2467, -32.7313, 0.0 ], [ -63.2641, -32.7985, 0.0 ], [ -63.2668, -32.8075, 0.0 ], [ -63.2715, -32.825, 0.0 ], [ -63.2763, -32.8403, 0.0 ], [ -63.2795, -32.863, 0.0 ], [ -63.286, -32.884, 0.0 ], [ -63.2583, -32.8895, 0.0 ], [ -63.2613, -32.8916, 0.0 ], [ -63.2365, -32.8951, 0.0 ], [ -63.209, -32.898, 0.0 ], [ -63.2021, -32.8995, 0.0 ], [ -63.2, -32.898, 0.0 ], [ -63.1942, -32.9001, 0.0 ], [ -63.1921, -32.8969, 0.0 ], [ -63.1831, -32.899, 0.0 ], [ -63.1809, -32.9017, 0.0 ], [ -63.138, -32.9088, 0.0 ], [ -63.1162, -32.9125, 0.0 ], [ -63.1043, -32.8662, 0.0 ], [ -63.1, -32.8509, 0.0 ], [ -63.0665, -32.8566, 0.0 ], [ -63.0742, -32.817, 0.0 ], [ -63.1107, -32.8107, 0.0 ], [ -63.0938, -32.7393, 0.0 ] ] ] ] } },
{ "type": "Feature", "properties": { "circuito": "00075", "codprov": "04", "coddepto": "006" }, "geometry": { "type": "MultiPolygon", "coordinates": [ [ [ [ -63.0942, -32.7392, 0.0 ], [ -63.079, -32.6758, 0.0 ], [ -63.0695, -32.6372, 0.0 ], [ -63.091, -32.6314, 0.0 ], [ -63.0947, -32.6308, 0.0 ], [ -63.1053, -32.6255, 0.0 ], [ -63.1277, -32.6193, 0.0 ], [ -63.1598, -32.6107, 0.0 ], [ -63.1778, -32.5885, 0.0 ], [ -63.1852, -32.6208, 0.0 ], [ -63.1963, -32.6583, 0.0 ], [ -63.227, -32.6345, 0.0 ], [ -63.2243, -32.5991, 0.0 ], [ -63.2671, -32.5631, 0.0 ], [ -63.2902, -32.5452, 0.0 ], [ -63.3313, -32.5205, 0.0 ], [ -63.354, -32.5076, 0.0 ], [ -63.3569, -32.5208, 0.0 ], [ -63.3662, -32.5423, 0.0 ], [ -63.3687, -32.5595, 0.0 ], [ -63.3769, -32.563, 0.0 ], [ -63.3566, -32.5663, 0.0 ], [ -63.3682, -32.6113, 0.0 ], [ -63.377, -32.6455, 0.0 ], [ -63.3876, -32.6901, 0.0 ], [ -63.3824, -32.6922, 0.0 ], [ -63.3525, -32.698, 0.0 ], [ -63.2604, -32.7086, 0.0 ], [ -63.1706, -32.7251, 0.0 ], [ -63.0938, -32.7393, 0.0 ], [ -63.0942, -32.7392, 0.0 ] ] ] ] } },
{ "type": "Feature", "properties": { "circuito": "00083", "codprov": "04", "coddepto": "006" }, "geometry": { "type": "MultiPolygon", "coordinates": [ [ [ [ -63.3824, -32.6922, 0.0 ], [ -63.3929, -32.7377, 0.0 ], [ -63.3882, -32.7393, 0.0 ], [ -63.3972, -32.7736, 0.0 ], [ -63.3904, -32.7769, 0.0 ], [ -63.4093, -32.8593, 0.0 ], [ -63.3534, -32.8678, 0.0 ], [ -63.3185, -32.872, 0.0 ], [ -63.292, -32.8826, 0.0 ], [ -63.2858, -32.8833, 0.0 ], [ -63.2694, -32.8172, 0.0 ], [ -63.2467, -32.7313, 0.0 ], [ -63.261, -32.7128, 0.0 ], [ -63.2604, -32.7086, 0.0 ], [ -63.2949, -32.7046, 0.0 ], [ -63.3525, -32.698, 0.0 ], [ -63.3824, -32.6922, 0.0 ] ] ] ] } },
{ "type": "Feature", "properties": { "circuito": "00089", "codprov": "04", "coddepto": "006" }, "geometry": { "type": "MultiPolygon", "coordinates": [ [ [ [ -63.2199, -32.439, 0.0 ], [ -63.2197, -32.4392, 0.0 ], [ -63.2196986, -32.4391929, 0.0 ], [ -63.2199, -32.439, 0.0 ] ] ], [ [ [ -63.2196986, -32.4391929, 0.0 ], [ -63.2057, -32.4526, 0.0 ], [ -63.1822, -32.4724, 0.0 ], [ -63.179, -32.475, 0.0 ], [ -63.1596, -32.4951, 0.0 ], [ -63.1533, -32.5018, 0.0 ], [ -63.1422, -32.5105, 0.0 ], [ -63.1244, -32.4846, 0.0 ], [ -63.1038, -32.456, 0.0 ], [ -63.0892, -32.4362, 0.0 ], [ -63.0727, -32.4419, 0.0 ], [ -63.0696, -32.4314, 0.0 ], [ -63.0831, -32.4194, 0.0 ], [ -63.1219, -32.405, 0.0 ], [ -63.1632, -32.385, 0.0 ], [ -63.1929, -32.3789, 0.0 ], [ -63.2013, -32.3768, 0.0 ], [ -63.2134, -32.3743, 0.0 ], [ -63.231, -32.3624, 0.0 ], [ -63.2316, -32.3572, 0.0 ], [ -63.2486, -32.3505, 0.0 ], [ -63.2679, -32.3636, 0.0 ], [ -63.2804, -32.3715, 0.0 ], [ -63.2879, -32.3763, 0.0 ], [ -63.3031, -32.3861, 0.0 ], [ -63.332, -32.4023, 0.0 ], [ -63.3269, -32.4048, 0.0 ], [ -63.3206, -32.406, 0.0 ], [ -63.3187, -32.4062, 0.0 ], [ -63.3167, -32.4086, 0.0 ], [ -63.3158, -32.4127, 0.0 ], [ -63.3155, -32.4153, 0.0 ], [ -63.3126, -32.4169, 0.0 ], [ -63.3094, -32.4174, 0.0 ], [ -63.3065, -32.4165, 0.0 ], [ -63.3042, -32.4188, 0.0 ], [ -63.3021, -32.4209, 0.0 ], [ -63.3101, -32.4288, 0.0 ], [ -63.2987, -32.4341, 0.0 ], [ -63.2928, -32.4351, 0.0 ], [ -63.2898, -32.4309, 0.0 ], [ -63.282, -32.4288, 0.0 ], [ -63.2828, -32.4177, 0.0 ], [ -63.2817, -32.4157, 0.0 ], [ -63.28, -32.4158, 0.0 ], [ -63.2781, -32.4163, 0.0 ], [ -63.2763, -32.4174, 0.0 ], [ -63.2755, -32.4194, 0.0 ], [ -63.2733, -32.42, 0.0 ], [ -63.2711, -32.4199, 0.0 ], [ -63.2702, -32.4195, 0.0 ], [ -63.2693, -32.4182, 0.0 ], [ -63.2677, -32.4175, 0.0 ], [ -63.2664, -32.4182, 0.0 ], [ -63.2664, -32.4199, 0.0 ], [ -63.2665, -32.4219, 0.0 ], [ -63.2662, -32.4245, 0.0 ], [ -63.2639, -32.4262, 0.0 ], [ -63.2616, -32.4253, 0.0 ], [ -63.262, -32.4231, 0.0 ], [ -63.261, -32.4206, 0.0 ], [ -63.2603, -32.4192, 0.0 ], [ -63.2588, -32.4182, 0.0 ], [ -63.2567, -32.418, 0.0 ], [ -63.2549, -32.4187, 0.0 ], [ -63.2542, -32.4203, 0.0 ], [ -63.2534, -32.4219, 0.0 ], [ -63.252, -32.4232, 0.0 ], [ -63.2489, -32.4236, 0.0 ], [ -63.2464, -32.4236, 0.0 ], [ -63.2446, -32.4228, 0.0 ], [ -63.2423, -32.4225, 0.0 ], [ -63.2399, -32.4225, 0.0 ], [ -63.2378, -32.4239, 0.0 ], [ -63.2371, -32.4252, 0.0 ], [ -63.2345, -32.427, 0.0 ], [ -63.234, -32.4273, 0.0 ], [ -63.2289, -32.427, 0.0 ], [ -63.2279, -32.4265, 0.0 ], [ -63.2254, -32.4266, 0.0 ], [ -63.2231, -32.4296, 0.0 ], [ -63.2209, -32.4317, 0.0 ], [ -63.2206, -32.4338, 0.0 ], [ -63.2188, -32.4346, 0.0 ], [ -63.2196986, -32.4391929, 0.0 ] ] ] ] } },
{ "type": "Feature", "properties": { "circuito": "00090", "codprov": "04", "coddepto": "006" }, "geometry": { "type": "MultiPolygon", "coordinates": [ [ [ [ -63.2828, -32.4177, 0.0 ], [ -63.282, -32.429, 0.0 ], [ -63.28, -32.4285, 0.0 ], [ -63.2707, -32.4328, 0.0 ], [ -63.2588, -32.4346, 0.0 ], [ -63.258, -32.4378, 0.0 ], [ -63.2552, -32.439, 0.0 ], [ -63.2546, -32.4415, 0.0 ], [ -63.2469, -32.4452, 0.0 ], [ -63.2456, -32.4444, 0.0 ], [ -63.2427, -32.4465, 0.0 ], [ -63.2414, -32.4465, 0.0 ], [ -63.2409, -32.4421, 0.0 ], [ -63.2403, -32.4371, 0.0 ], [ -63.2198, -32.4401, 0.0 ], [ -63.2188, -32.4346, 0.0 ], [ -63.2206, -32.4346, 0.0 ], [ -63.2209, -32.4317, 0.0 ], [ -63.2226, -32.43, 0.0 ], [ -63.2254, -32.4266, 0.0 ], [ -63.2279, -32.4265, 0.0 ], [ -63.2289, -32.427, 0.0 ], [ -63.234, -32.4273, 0.0 ], [ -63.2369, -32.4253, 0.0 ], [ -63.2378, -32.4239, 0.0 ], [ -63.2395, -32.4228, 0.0 ], [ -63.2413, -32.4225, 0.0 ], [ -63.2433, -32.4227, 0.0 ], [ -63.2464, -32.4236, 0.0 ], [ -63.2477, -32.4236, 0.0 ], [ -63.2515, -32.4233, 0.0 ], [ -63.2534, -32.4219, 0.0 ], [ -63.2549, -32.4187, 0.0 ], [ -63.2573, -32.4181, 0.0 ], [ -63.2588, -32.4182, 0.0 ], [ -63.2603, -32.4192, 0.0 ], [ -63.261, -32.4206, 0.0 ], [ -63.262, -32.4231, 0.0 ], [ -63.2616, -32.4253, 0.0 ], [ -63.2639, -32.4262, 0.0 ], [ -63.2661, -32.4247, 0.0 ], [ -63.2664, -32.4225, 0.0 ], [ -63.2664, -32.4187, 0.0 ], [ -63.2677, -32.4175, 0.0 ], [ -63.2693, -32.4182, 0.0 ], [ -63.2702, -32.4195, 0.0 ], [ -63.2711, -32.4199, 0.0 ], [ -63.2733, -32.42, 0.0 ], [ -63.2755, -32.4194, 0.0 ], [ -63.2763, -32.4174, 0.0 ], [ -63.2781, -32.4163, 0.0 ], [ -63.2794, -32.416, 0.0 ], [ -63.2817, -32.4157, 0.0 ], [ -63.2828, -32.4177, 0.0 ] ] ] ] } },
{ "type": "Feature", "properties": { "circuito": "00086", "codprov": "04", "coddepto": "006" }, "geometry": { "type": "MultiPolygon", "coordinates": [ [ [ [ -62.9078, -32.3244, 0.0 ], [ -62.8919, -32.2614, 0.0 ], [ -62.8785, -32.2109, 0.0 ], [ -62.8742, -32.1949, 0.0 ], [ -62.8986, -32.1868, 0.0 ], [ -62.9007, -32.1909, 0.0 ], [ -62.9122, -32.1881, 0.0 ], [ -62.9115, -32.1759, 0.0 ], [ -62.9264, -32.1725, 0.0 ], [ -62.9298, -32.1807, 0.0 ], [ -62.9705, -32.1719, 0.0 ], [ -62.9949, -32.1685, 0.0 ], [ -62.9881, -32.2241, 0.0 ], [ -63.0139, -32.2214, 0.0 ], [ -63.0092, -32.2247, 0.0 ], [ -63.0111, -32.2411, 0.0 ], [ -62.996, -32.2441, 0.0 ], [ -62.9825, -32.2512, 0.0 ], [ -62.9576, -32.2634, 0.0 ], [ -62.9529, -32.2881, 0.0 ], [ -62.9274, -32.3185, 0.0 ], [ -62.9078, -32.3244, 0.0 ] ] ] ] } },
{ "type": "Feature", "properties": { "circuito": "00079", "codprov": "04", "coddepto": "006" }, "geometry": { "type": "MultiPolygon", "coordinates": [ [ [ [ -62.8742, -32.1949, 0.0 ], [ -62.8654, -32.161, 0.0 ], [ -62.8722, -32.157, 0.0 ], [ -62.8627, -32.1102, 0.0 ], [ -62.8539, -32.0709, 0.0 ], [ -62.9034, -32.0627, 0.0 ], [ -62.9373, -32.0559, 0.0 ], [ -62.9651, -32.0573, 0.0 ], [ -62.9583, -32.0417, 0.0 ], [ -63.0173, -32.0431, 0.0 ], [ -63.0193, -32.02, 0.0 ], [ -63.0905, -32.0044, 0.0 ], [ -63.1224, -31.997, 0.0 ], [ -63.1597, -32.0566, 0.0 ], [ -63.1854, -32.098, 0.0 ], [ -63.1814, -32.1109, 0.0 ], [ -63.1786, -32.1264, 0.0 ], [ -63.1583, -32.1407, 0.0 ], [ -63.1576, -32.1597, 0.0 ], [ -63.1576, -32.182, 0.0 ], [ -63.1594, -32.2015, 0.0 ], [ -63.1338, -32.2169, 0.0 ], [ -63.1116, -32.2303, 0.0 ], [ -63.091, -32.2367, 0.0 ], [ -63.0621, -32.2245, 0.0 ], [ -63.0562, -32.2201, 0.0 ], [ -63.0293, -32.2274, 0.0 ], [ -63.0111, -32.2411, 0.0 ], [ -63.0092, -32.2247, 0.0 ], [ -63.0139, -32.2214, 0.0 ], [ -62.9881, -32.2241, 0.0 ], [ -62.9917, -32.1689, 0.0 ], [ -62.9705, -32.1719, 0.0 ], [ -62.9298, -32.1807, 0.0 ], [ -62.9264, -32.1725, 0.0 ], [ -62.9115, -32.1759, 0.0 ], [ -62.9122, -32.1881, 0.0 ], [ -62.9007, -32.1909, 0.0 ], [ -62.8986, -32.1868, 0.0 ], [ -62.8742, -32.1949, 0.0 ] ] ] ] } },
{ "type": "Feature", "properties": { "circuito": "00073", "codprov": "04", "coddepto": "006" }, "geometry": { "type": "MultiPolygon", "coordinates": [ [ [ [ -63.1594, -32.2015, 0.0 ], [ -63.1576, -32.182, 0.0 ], [ -63.1576, -32.1597, 0.0 ], [ -63.1583, -32.1407, 0.0 ], [ -63.1786, -32.1264, 0.0 ], [ -63.1854, -32.098, 0.0 ], [ -63.1922, -32.1095, 0.0 ], [ -63.2064, -32.0661, 0.0 ], [ -63.2803, -32.0912, 0.0 ], [ -63.3014, -32.0878, 0.0 ], [ -63.3075, -32.081, 0.0 ], [ -63.3203, -32.0803, 0.0 ], [ -63.3407, -32.0864, 0.0 ], [ -63.3637, -32.0831, 0.0 ], [ -63.3834, -32.0878, 0.0 ], [ -63.4044, -32.0878, 0.0 ], [ -63.4119, -32.0885, 0.0 ], [ -63.4173, -32.0905, 0.0 ], [ -63.4254, -32.0959, 0.0 ], [ -63.4675, -32.0925, 0.0 ], [ -63.4275, -32.1386, 0.0 ], [ -63.3881, -32.1881, 0.0 ], [ -63.3767, -32.2005, 0.0 ], [ -63.3628, -32.2, 0.0 ], [ -63.3555, -32.1941, 0.0 ], [ -63.3398, -32.1941, 0.0 ], [ -63.3305, -32.198, 0.0 ], [ -63.2854, -32.199, 0.0 ], [ -63.2619, -32.2137, 0.0 ], [ -63.2502, -32.2117, 0.0 ], [ -63.235, -32.2112, 0.0 ], [ -63.2295, -32.2081, 0.0 ], [ -63.2335, -32.2264, 0.0 ], [ -63.2176, -32.2292, 0.0 ], [ -63.186, -32.2347, 0.0 ], [ -63.1892, -32.239, 0.0 ], [ -63.1644, -32.2441, 0.0 ], [ -63.14, -32.2441, 0.0 ], [ -63.1162, -32.2476, 0.0 ], [ -63.0836, -32.2529, 0.0 ], [ -63.0811, -32.2504, 0.0 ], [ -63.017, -32.2597, 0.0 ], [ -63.0195, -32.2715, 0.0 ], [ -62.9798, -32.2793, 0.0 ], [ -62.972, -32.2568, 0.0 ], [ -62.996, -32.2441, 0.0 ], [ -63.0111, -32.2411, 0.0 ], [ -63.0293, -32.2274, 0.0 ], [ -63.0562, -32.2201, 0.0 ], [ -63.0621, -32.2245, 0.0 ], [ -63.091, -32.2367, 0.0 ], [ -63.1116, -32.2303, 0.0 ], [ -63.1594, -32.2015, 0.0 ] ] ] ] } },
{ "type": "Feature", "properties": { "circuito": "0088A", "codprov": "04", "coddepto": "006" }, "geometry": { "type": "MultiPolygon", "coordinates": [ [ [ [ -63.2369, -32.343, 0.0 ], [ -63.2825, -32.2914, 0.0 ], [ -63.3628, -32.2, 0.0 ], [ -63.3767, -32.2005, 0.0 ], [ -63.3731, -32.2049, 0.0 ], [ -63.3861, -32.2123, 0.0 ], [ -63.4085, -32.225, 0.0 ], [ -63.4235, -32.2348, 0.0 ], [ -63.3412, -32.3217, 0.0 ], [ -63.3216, -32.3423, 0.0 ], [ -63.2977, -32.3676, 0.0 ], [ -63.2889, -32.3769, 0.0 ], [ -63.2584, -32.3572, 0.0 ], [ -63.2369, -32.343, 0.0 ] ] ] ] } },
{ "type": "Feature", "properties": { "circuito": "00088", "codprov": "04", "coddepto": "006" }, "geometry": { "type": "MultiPolygon", "coordinates": [ [ [ [ -63.424, -32.2344, 0.0 ], [ -63.4587, -32.2552, 0.0 ], [ -63.4821, -32.2445, 0.0 ], [ -63.5081, -32.2328, 0.0 ], [ -63.5182, -32.2666, 0.0 ], [ -63.4916, -32.2793, 0.0 ], [ -63.4572, -32.2935, 0.0 ], [ -63.4518, -32.2954, 0.0 ], [ -63.4442, -32.2913, 0.0 ], [ -63.43, -32.2802, 0.0 ], [ -63.4243, -32.2859, 0.0 ], [ -63.4037, -32.2717, 0.0 ], [ -63.3938, -32.2662, 0.0 ], [ -63.424, -32.2344, 0.0 ] ] ] ] } },
{ "type": "Feature", "properties": { "circuito": "0088B", "codprov": "04", "coddepto": "006" }, "geometry": { "type": "MultiPolygon", "coordinates": [ [ [ [ -63.332, -32.4023, 0.0 ], [ -63.3031, -32.3861, 0.0 ], [ -63.2889, -32.3769, 0.0 ], [ -63.3247, -32.339, 0.0 ], [ -63.3426, -32.3202, 0.0 ], [ -63.3596, -32.3022, 0.0 ], [ -63.3772, -32.2837, 0.0 ], [ -63.3938, -32.2662, 0.0 ], [ -63.4155, -32.2798, 0.0 ], [ -63.4243, -32.2859, 0.0 ], [ -63.43, -32.2802, 0.0 ], [ -63.4518, -32.2954, 0.0 ], [ -63.4916, -32.2793, 0.0 ], [ -63.5182, -32.2666, 0.0 ], [ -63.5302, -32.3058, 0.0 ], [ -63.5327, -32.3153, 0.0 ], [ -63.5359, -32.3153, 0.0 ], [ -63.5333, -32.3229, 0.0 ], [ -63.5103, -32.3334, 0.0 ], [ -63.5073, -32.3342, 0.0 ], [ -63.5024, -32.3337, 0.0 ], [ -63.5009, -32.3312, 0.0 ], [ -63.4955, -32.3283, 0.0 ], [ -63.489, -32.3296, 0.0 ], [ -63.4794, -32.3362, 0.0 ], [ -63.4745, -32.3396, 0.0 ], [ -63.4684, -32.3402, 0.0 ], [ -63.4647, -32.3405, 0.0 ], [ -63.4625, -32.3447, 0.0 ], [ -63.4651, -32.3479, 0.0 ], [ -63.4644, -32.3517, 0.0 ], [ -63.4621, -32.3528, 0.0 ], [ -63.4584, -32.354, 0.0 ], [ -63.4573, -32.3543, 0.0 ], [ -63.4555, -32.3551, 0.0 ], [ -63.4503, -32.3573, 0.0 ], [ -63.4495, -32.3616, 0.0 ], [ -63.4588, -32.3631, 0.0 ], [ -63.4564, -32.368, 0.0 ], [ -63.4581, -32.3744, 0.0 ], [ -63.4549, -32.3773, 0.0 ], [ -63.4451, -32.3773, 0.0 ], [ -63.4426, -32.3753, 0.0 ], [ -63.4392, -32.3748, 0.0 ], [ -63.4348, -32.3734, 0.0 ], [ -63.4314, -32.3758, 0.0 ], [ -63.4227, -32.3773, 0.0 ], [ -63.4201, -32.3778, 0.0 ], [ -63.4167, -32.3812, 0.0 ], [ -63.4123, -32.3882, 0.0 ], [ -63.4108, -32.3915, 0.0 ], [ -63.4074, -32.391, 0.0 ], [ -63.404, -32.3934, 0.0 ], [ -63.3987, -32.3931, 0.0 ], [ -63.3956, -32.3929, 0.0 ], [ -63.3922, -32.3954, 0.0 ], [ -63.3866, -32.3948, 0.0 ], [ -63.3829, -32.3944, 0.0 ], [ -63.375, -32.3937, 0.0 ], [ -63.3696, -32.3987, 0.0 ], [ -63.3641, -32.4004, 0.0 ], [ -63.3613, -32.4013, 0.0 ], [ -63.3515, -32.3985, 0.0 ], [ -63.3481, -32.3974, 0.0 ], [ -63.3442, -32.3963, 0.0 ], [ -63.3383, -32.3983, 0.0 ], [ -63.3344, -32.3983, 0.0 ], [ -63.3327, -32.4011, 0.0 ], [ -63.332, -32.4023, 0.0 ] ] ] ] } },
{ "type": "Feature", "properties": { "circuito": "00100", "codprov": "04", "coddepto": "007" }, "geometry": { "type": "MultiPolygon", "coordinates": [ [ [ [ -64.3722, -30.3208, 0.0 ], [ -64.3675, -30.2986, 0.0 ], [ -64.3605, -30.2998, 0.0 ], [ -64.343, -30.2168, 0.0 ], [ -64.2894, -30.2184, 0.0 ], [ -64.2775, -30.128, 0.0 ], [ -64.2987, -30.1263, 0.0 ], [ -64.2975, -30.1018, 0.0 ], [ -64.4563, -30.0836, 0.0 ], [ -64.6129, -30.0614, 0.0 ], [ -64.6129, -30.2753, 0.0 ], [ -64.5393, -30.2846, 0.0 ], [ -64.5147, -30.2928, 0.0 ], [ -64.4785, -30.2951, 0.0 ], [ -64.4411, -30.3068, 0.0 ], [ -64.4236, -30.3103, 0.0 ], [ -64.4119, -30.3115, 0.0 ], [ -64.3722, -30.3208, 0.0 ] ] ] ] } },
{ "type": "Feature", "properties": { "circuito": "00099", "codprov": "04", "coddepto": "007" }, "geometry": { "type": "MultiPolygon", "coordinates": [ [ [ [ -64.6129, -30.0614, 0.0 ], [ -64.818, -30.0343, 0.0 ], [ -64.9868, -30.0159, 0.0 ], [ -64.9845, -30.1666, 0.0 ], [ -64.9833, -30.343, 0.0 ], [ -64.9821, -30.419, 0.0 ], [ -64.8267, -30.4201, 0.0 ], [ -64.7624, -30.4225, 0.0 ], [ -64.7635, -30.2776, 0.0 ], [ -64.6129, -30.2753, 0.0 ], [ -64.6129, -30.1818, 0.0 ], [ -64.6129, -30.0614, 0.0 ] ] ] ] } },
{ "type": "Feature", "properties": { "circuito": "00094", "codprov": "04", "coddepto": "007" }, "geometry": { "type": "MultiPolygon", "coordinates": [ [ [ [ -64.6164, -30.4237, 0.0 ], [ -64.6129, -30.2753, 0.0 ], [ -64.7635, -30.2776, 0.0 ], [ -64.7624, -30.4225, 0.0 ], [ -64.7636, -30.6422, 0.0 ], [ -64.7157, -30.6422, 0.0 ], [ -64.7134, -30.648, 0.0 ], [ -64.6736, -30.5931, 0.0 ], [ -64.6503, -30.565, 0.0 ], [ -64.6362, -30.565, 0.0 ], [ -64.561, -30.5308, 0.0 ], [ -64.5131, -30.5266, 0.0 ], [ -64.4853, -30.5177, 0.0 ], [ -64.4855, -30.4704, 0.0 ], [ -64.496, -30.4716, 0.0 ], [ -64.4984, -30.447, 0.0 ], [ -64.6129, -30.4459, 0.0 ], [ -64.6164, -30.4237, 0.0 ] ] ] ] } },
{ "type": "Feature", "properties": { "circuito": "0096A", "codprov": "04", "coddepto": "007" }, "geometry": { "type": "MultiPolygon", "coordinates": [ [ [ [ -64.7624, -30.4225, 0.0 ], [ -64.8851, -30.4197, 0.0 ], [ -64.9821, -30.419, 0.0 ], [ -65.0408, -30.4199, 0.0 ], [ -65.0187, -30.4588, 0.0 ], [ -64.9903, -30.504, 0.0 ], [ -64.9587, -30.5376, 0.0 ], [ -64.9346, -30.5608, 0.0 ], [ -64.9264, -30.5702, 0.0 ], [ -64.9154, -30.5902, 0.0 ], [ -64.8938, -30.6049, 0.0 ], [ -64.8738, -30.6186, 0.0 ], [ -64.8523, -30.6407, 0.0 ], [ -64.8013, -30.6407, 0.0 ], [ -64.7636, -30.6396, 0.0 ], [ -64.7631, -30.5455, 0.0 ], [ -64.7627, -30.464, 0.0 ], [ -64.7624, -30.4225, 0.0 ] ] ] ] } },
{ "type": "Feature", "properties": { "circuito": "00098", "codprov": "04", "coddepto": "007" }, "geometry": { "type": "MultiPolygon", "coordinates": [ [ [ [ -64.3759, -30.3815, 0.0 ], [ -64.3801, -30.3489, 0.0 ], [ -64.3722, -30.3208, 0.0 ], [ -64.4119, -30.3115, 0.0 ], [ -64.4285, -30.3093, 0.0 ], [ -64.4785, -30.2951, 0.0 ], [ -64.5147, -30.2928, 0.0 ], [ -64.5425, -30.2842, 0.0 ], [ -64.6011, -30.2768, 0.0 ], [ -64.6129, -30.2753, 0.0 ], [ -64.6138, -30.3162, 0.0 ], [ -64.616, -30.4088, 0.0 ], [ -64.6129, -30.4459, 0.0 ], [ -64.5515, -30.4465, 0.0 ], [ -64.4984, -30.447, 0.0 ], [ -64.4968, -30.3815, 0.0 ], [ -64.3759, -30.3815, 0.0 ] ] ] ] } },
{ "type": "Feature", "properties": { "circuito": "00101", "codprov": "04", "coddepto": "007" }, "geometry": { "type": "MultiPolygon", "coordinates": [ [ [ [ -64.4968, -30.3815, 0.0 ], [ -64.4984, -30.447, 0.0 ], [ -64.496, -30.4716, 0.0 ], [ -64.4855, -30.4704, 0.0 ], [ -64.4853, -30.5177, 0.0 ], [ -64.4597, -30.5187, 0.0 ], [ -64.4235, -30.5182, 0.0 ], [ -64.4077, -30.5187, 0.0 ], [ -64.4077, -30.3815, 0.0 ], [ -64.4608, -30.3815, 0.0 ], [ -64.4968, -30.3815, 0.0 ] ] ] ] } },
{ "type": "Feature", "properties": { "circuito": "00095", "codprov": "04", "coddepto": "007" }, "geometry": { "type": "MultiPolygon", "coordinates": [ [ [ [ -64.3583, -30.5198, 0.0 ], [ -64.3499, -30.5098, 0.0 ], [ -64.333, -30.5014, 0.0 ], [ -64.3241, -30.4956, 0.0 ], [ -64.3046, -30.4809, 0.0 ], [ -64.3025, -30.4761, 0.0 ], [ -64.2969, -30.4716, 0.0 ], [ -64.2968, -30.4055, 0.0 ], [ -64.2958, -30.3823, 0.0 ], [ -64.3525, -30.3809, 0.0 ], [ -64.3759, -30.3815, 0.0 ], [ -64.4077, -30.3815, 0.0 ], [ -64.4077, -30.4251, 0.0 ], [ -64.4066, -30.4614, 0.0 ], [ -64.4077, -30.5187, 0.0 ], [ -64.3583, -30.5198, 0.0 ] ] ] ] } },
{ "type": "Feature", "properties": { "circuito": "00097", "codprov": "04", "coddepto": "007" }, "geometry": { "type": "MultiPolygon", "coordinates": [ [ [ [ -64.3583, -30.5198, 0.0 ], [ -64.4077, -30.5187, 0.0 ], [ -64.4683, -30.5184, 0.0 ], [ -64.4994, -30.5182, 0.0 ], [ -64.5, -30.5592, 0.0 ], [ -64.5016, -30.606, 0.0 ], [ -64.5105, -30.6139, 0.0 ], [ -64.5173, -30.6286, 0.0 ], [ -64.5142, -30.6307, 0.0 ], [ -64.5126, -30.636, 0.0 ], [ -64.4895, -30.6365, 0.0 ], [ -64.4511, -30.6381, 0.0 ], [ -64.409, -30.6386, 0.0 ], [ -64.3943, -30.6559, 0.0 ], [ -64.3848, -30.6665, 0.0 ], [ -64.3743, -30.6675, 0.0 ], [ -64.3659, -30.668, 0.0 ], [ -64.3491, -30.6638, 0.0 ], [ -64.3307, -30.6538, 0.0 ], [ -64.3212, -30.6407, 0.0 ], [ -64.3233, -30.6255, 0.0 ], [ -64.3196, -30.6175, 0.0 ], [ -64.2857, -30.6011, 0.0 ], [ -64.2513, -30.5834, 0.0 ], [ -64.2372, -30.5763, 0.0 ], [ -64.2733, -30.5308, 0.0 ], [ -64.3145, -30.4883, 0.0 ], [ -64.333, -30.5014, 0.0 ], [ -64.3391, -30.5044, 0.0 ], [ -64.3499, -30.5098, 0.0 ], [ -64.3583, -30.5198, 0.0 ] ] ] ] } },
{ "type": "Feature", "properties": { "circuito": "0091A", "codprov": "04", "coddepto": "007" }, "geometry": { "type": "MultiPolygon", "coordinates": [ [ [ [ -64.2618, -30.5077, 0.0 ], [ -64.266, -30.504, 0.0 ], [ -64.257, -30.494, 0.0 ], [ -64.2623, -30.4866, 0.0 ], [ -64.2644, -30.4719, 0.0 ], [ -64.2989, -30.4719, 0.0 ], [ -64.3025, -30.4761, 0.0 ], [ -64.3046, -30.4809, 0.0 ], [ -64.3153, -30.4889, 0.0 ], [ -64.2861, -30.5177, 0.0 ], [ -64.2691, -30.5092, 0.0 ], [ -64.2618, -30.5077, 0.0 ] ] ] ] } },
{ "type": "Feature", "properties": { "circuito": "0091B", "codprov": "04", "coddepto": "007" }, "geometry": { "type": "MultiPolygon", "coordinates": [ [ [ [ -64.2618, -30.5077, 0.0 ], [ -64.2691, -30.5092, 0.0 ], [ -64.2855, -30.5175, 0.0 ], [ -64.2733, -30.5308, 0.0 ], [ -64.2372, -30.5763, 0.0 ], [ -64.2239, -30.5692, 0.0 ], [ -64.2292, -30.5587, 0.0 ], [ -64.2344, -30.5466, 0.0 ], [ -64.235, -30.5292, 0.0 ], [ -64.2544, -30.514, 0.0 ], [ -64.2618, -30.5077, 0.0 ] ] ] ] } },
{ "type": "Feature", "properties": { "circuito": "00093", "codprov": "04", "coddepto": "007" }, "geometry": { "type": "MultiPolygon", "coordinates": [ [ [ [ -64.5126, -30.636, 0.0 ], [ -64.5142, -30.6307, 0.0 ], [ -64.5173, -30.6286, 0.0 ], [ -64.5105, -30.6139, 0.0 ], [ -64.5016, -30.606, 0.0 ], [ -64.4999, -30.5544, 0.0 ], [ -64.4995, -30.5234, 0.0 ], [ -64.5096, -30.5255, 0.0 ], [ -64.5501, -30.5298, 0.0 ], [ -64.5732, -30.5364, 0.0 ], [ -64.6362, -30.565, 0.0 ], [ -64.6503, -30.565, 0.0 ], [ -64.681, -30.6033, 0.0 ], [ -64.7156, -30.6512, 0.0 ], [ -64.7135, -30.6849, 0.0 ], [ -64.6388, -30.6849, 0.0 ], [ -64.5836, -30.6849, 0.0 ], [ -64.5357, -30.6849, 0.0 ], [ -64.5357, -30.6938, 0.0 ], [ -64.5236, -30.6943, 0.0 ], [ -64.5221, -30.7501, 0.0 ], [ -64.5221, -30.7758, 0.0 ], [ -64.4947, -30.7774, 0.0 ], [ -64.4679, -30.7769, 0.0 ], [ -64.4516, -30.7864, 0.0 ], [ -64.4436, -30.7898, 0.0 ], [ -64.4331, -30.7811, 0.0 ], [ -64.4267, -30.7794, 0.0 ], [ -64.4279, -30.769, 0.0 ], [ -64.412, -30.7589, 0.0 ], [ -64.3874, -30.7496, 0.0 ], [ -64.3727, -30.7443, 0.0 ], [ -64.3617, -30.7406, 0.0 ], [ -64.3391, -30.729, 0.0 ], [ -64.3402, -30.7242, 0.0 ], [ -64.3622, -30.6938, 0.0 ], [ -64.3756, -30.6778, 0.0 ], [ -64.3848, -30.6665, 0.0 ], [ -64.409, -30.6386, 0.0 ], [ -64.4595, -30.6377, 0.0 ], [ -64.5126, -30.636, 0.0 ] ] ] ] } },
{ "type": "Feature", "properties": { "circuito": "00092", "codprov": "04", "coddepto": "007" }, "geometry": { "type": "MultiPolygon", "coordinates": [ [ [ [ -64.3307, -30.6538, 0.0 ], [ -64.3491, -30.6638, 0.0 ], [ -64.3659, -30.668, 0.0 ], [ -64.3848, -30.6665, 0.0 ], [ -64.3658, -30.6898, 0.0 ], [ -64.3402, -30.7241, 0.0 ], [ -64.3391, -30.729, 0.0 ], [ -64.3567, -30.738, 0.0 ], [ -64.4119, -30.7589, 0.0 ], [ -64.4279, -30.769, 0.0 ], [ -64.4267, -30.7794, 0.0 ], [ -64.4051, -30.784, 0.0 ], [ -64.3777, -30.7835, 0.0 ], [ -64.3357, -30.7969, 0.0 ], [ -64.2983, -30.8048, 0.0 ], [ -64.281, -30.8048, 0.0 ], [ -64.2694, -30.8011, 0.0 ], [ -64.2284, -30.8021, 0.0 ], [ -64.2162, -30.7945, 0.0 ], [ -64.2057, -30.7934, 0.0 ], [ -64.1945, -30.7964, 0.0 ], [ -64.1812, -30.7986, 0.0 ], [ -64.1648, -30.7934, 0.0 ], [ -64.1625, -30.7881, 0.0 ], [ -64.1514, -30.784, 0.0 ], [ -64.1376, -30.7868, 0.0 ], [ -64.1011, -30.7995, 0.0 ], [ -64.0943, -30.7979, 0.0 ], [ -64.0933, -30.7932, 0.0 ], [ -64.1011, -30.7711, 0.0 ], [ -64.1043, -30.7643, 0.0 ], [ -64.1117, -30.7559, 0.0 ], [ -64.122, -30.7514, 0.0 ], [ -64.136, -30.7244, 0.0 ], [ -64.1403, -30.7157, 0.0 ], [ -64.1412, -30.7133, 0.0 ], [ -64.151, -30.7154, 0.0 ], [ -64.1562, -30.7159, 0.0 ], [ -64.161, -30.7159, 0.0 ], [ -64.1673, -30.7156, 0.0 ], [ -64.1712, -30.7156, 0.0 ], [ -64.1794, -30.7117, 0.0 ], [ -64.1867, -30.7123, 0.0 ], [ -64.1926, -30.7123, 0.0 ], [ -64.1975, -30.7119, 0.0 ], [ -64.2017, -30.7106, 0.0 ], [ -64.2059, -30.7117, 0.0 ], [ -64.2078, -30.7126, 0.0 ], [ -64.2098, -30.7137, 0.0 ], [ -64.2112, -30.7143, 0.0 ], [ -64.2131, -30.713, 0.0 ], [ -64.2146, -30.7119, 0.0 ], [ -64.2188, -30.7141, 0.0 ], [ -64.2208, -30.7154, 0.0 ], [ -64.2288, -30.7168, 0.0 ], [ -64.2351, -30.7177, 0.0 ], [ -64.2417, -30.7169, 0.0 ], [ -64.2443, -30.7175, 0.0 ], [ -64.2467, -30.718, 0.0 ], [ -64.2487, -30.7157, 0.0 ], [ -64.2506, -30.7135, 0.0 ], [ -64.2527, -30.7109, 0.0 ], [ -64.2538, -30.7107, 0.0 ], [ -64.2549, -30.7105, 0.0 ], [ -64.2567, -30.7101, 0.0 ], [ -64.2578, -30.7095, 0.0 ], [ -64.2588, -30.7091, 0.0 ], [ -64.2598, -30.708, 0.0 ], [ -64.2616, -30.7051, 0.0 ], [ -64.2641, -30.7033, 0.0 ], [ -64.2661, -30.7017, 0.0 ], [ -64.2694, -30.6982, 0.0 ], [ -64.2702, -30.6974, 0.0 ], [ -64.271, -30.6965, 0.0 ], [ -64.2731, -30.6943, 0.0 ], [ -64.2745, -30.6928, 0.0 ], [ -64.2801, -30.6878, 0.0 ], [ -64.284, -30.6845, 0.0 ], [ -64.2857, -30.683, 0.0 ], [ -64.2839, -30.6822, 0.0 ], [ -64.2836, -30.6778, 0.0 ], [ -64.2849, -30.6769, 0.0 ], [ -64.2862, -30.6759, 0.0 ], [ -64.2872, -30.6728, 0.0 ], [ -64.2881, -30.6699, 0.0 ], [ -64.2896, -30.6652, 0.0 ], [ -64.2889, -30.6628, 0.0 ], [ -64.2862, -30.6609, 0.0 ], [ -64.2865, -30.6589, 0.0 ], [ -64.2868, -30.6567, 0.0 ], [ -64.3111, -30.6132, 0.0 ], [ -64.3197, -30.6177, 0.0 ], [ -64.3233, -30.6255, 0.0 ], [ -64.3212, -30.6407, 0.0 ], [ -64.33, -30.6527, 0.0 ], [ -64.3307, -30.6538, 0.0 ] ] ] ] } },
{ "type": "Feature", "properties": { "circuito": "0091C", "codprov": "04", "coddepto": "007" }, "geometry": { "type": "MultiPolygon", "coordinates": [ [ [ [ -64.1385, -30.7138, 0.0 ], [ -64.1519, -30.687, 0.0 ], [ -64.1529, -30.6712, 0.0 ], [ -64.1613, -30.6528, 0.0 ], [ -64.2013, -30.6701, 0.0 ], [ -64.2616, -30.7051, 0.0 ], [ -64.2588, -30.7091, 0.0 ], [ -64.2567, -30.7101, 0.0 ], [ -64.2527, -30.7109, 0.0 ], [ -64.2506, -30.7135, 0.0 ], [ -64.2467, -30.718, 0.0 ], [ -64.2417, -30.7169, 0.0 ], [ -64.2351, -30.7177, 0.0 ], [ -64.2229, -30.7159, 0.0 ], [ -64.2188, -30.7141, 0.0 ], [ -64.2146, -30.7119, 0.0 ], [ -64.2112, -30.7143, 0.0 ], [ -64.2059, -30.7117, 0.0 ], [ -64.2017, -30.7106, 0.0 ], [ -64.1954, -30.7123, 0.0 ], [ -64.1831, -30.7123, 0.0 ], [ -64.1794, -30.7117, 0.0 ], [ -64.1712, -30.7156, 0.0 ], [ -64.1562, -30.7159, 0.0 ], [ -64.1412, -30.7133, 0.0 ], [ -64.1385, -30.7138, 0.0 ] ] ] ] } },
{ "type": "Feature", "properties": { "circuito": "00091", "codprov": "04", "coddepto": "007" }, "geometry": { "type": "MultiPolygon", "coordinates": [ [ [ [ -64.2616, -30.7051, 0.0 ], [ -64.2197, -30.6808, 0.0 ], [ -64.2013, -30.6701, 0.0 ], [ -64.1773, -30.6597, 0.0 ], [ -64.1613, -30.6528, 0.0 ], [ -64.1824, -30.6181, 0.0 ], [ -64.2109, -30.5752, 0.0 ], [ -64.2203, -30.5764, 0.0 ], [ -64.2239, -30.5692, 0.0 ], [ -64.2643, -30.5901, 0.0 ], [ -64.311, -30.6134, 0.0 ], [ -64.2868, -30.6567, 0.0 ], [ -64.2862, -30.6609, 0.0 ], [ -64.2889, -30.6628, 0.0 ], [ -64.2896, -30.6652, 0.0 ], [ -64.2862, -30.6759, 0.0 ], [ -64.2836, -30.6778, 0.0 ], [ -64.2839, -30.6822, 0.0 ], [ -64.2857, -30.683, 0.0 ], [ -64.2745, -30.6928, 0.0 ], [ -64.2661, -30.7017, 0.0 ], [ -64.2616, -30.7051, 0.0 ] ] ] ] } },
{ "type": "Feature", "properties": { "circuito": "00120", "codprov": "04", "coddepto": "009" }, "geometry": { "type": "MultiPolygon", "coordinates": [ [ [ [ -62.2886, -33.607, 0.0 ], [ -62.335, -33.5942, 0.0 ], [ -62.3686, -33.587, 0.0 ], [ -62.4318, -33.575, 0.0 ], [ -62.5751, -33.5461, 0.0 ], [ -62.5847, -33.5854, 0.0 ], [ -62.5919, -33.6142, 0.0 ], [ -62.5999, -33.6414, 0.0 ], [ -62.6215, -33.731, 0.0 ], [ -62.6391, -33.7998, 0.0 ], [ -62.6425, -33.8038, 0.0 ], [ -62.6425, -33.807, 0.0 ], [ -62.6433, -33.8142, 0.0 ], [ -62.6589, -33.8762, 0.0 ], [ -62.6689, -33.9198, 0.0 ], [ -62.6021, -33.933, 0.0 ], [ -62.5472, -33.9442, 0.0 ], [ -62.5084, -33.8922, 0.0 ], [ -62.4588, -33.8302, 0.0 ], [ -62.4288, -33.791, 0.0 ], [ -62.3604, -33.701, 0.0 ], [ -62.3144, -33.641, 0.0 ], [ -62.2892, -33.6078, 0.0 ], [ -62.2886, -33.607, 0.0 ] ] ] ] } },
{ "type": "Feature", "properties": { "circuito": "00119", "codprov": "04", "coddepto": "009" }, "geometry": { "type": "MultiPolygon", "coordinates": [ [ [ [ -62.5999, -33.6414, 0.0 ], [ -62.5847, -33.5854, 0.0 ], [ -62.5751, -33.5461, 0.0 ], [ -62.6933, -33.5229, 0.0 ], [ -62.7173, -33.6206, 0.0 ], [ -62.7413, -33.7118, 0.0 ], [ -62.7597, -33.7814, 0.0 ], [ -62.7949, -33.7774, 0.0 ], [ -62.8213, -33.8886, 0.0 ], [ -62.7605, -33.8998, 0.0 ], [ -62.6689, -33.9198, 0.0 ], [ -62.6589, -33.8762, 0.0 ], [ -62.6215, -33.731, 0.0 ], [ -62.5999, -33.6414, 0.0 ] ] ] ] } },
{ "type": "Feature", "properties": { "circuito": "00135", "codprov": "04", "coddepto": "009" }, "geometry": { "type": "MultiPolygon", "coordinates": [ [ [ [ -62.3119165, -33.1638595, 0.0 ], [ -62.3118, -33.1633, 0.0 ], [ -62.3128, -33.1637, 0.0 ], [ -62.3119165, -33.1638595, 0.0 ] ] ], [ [ [ -62.3119165, -33.1638595, 0.0 ], [ -62.3138, -33.1729, 0.0 ], [ -62.3206, -33.2153, 0.0 ], [ -62.3294, -33.2625, 0.0 ], [ -62.2762, -33.2765, 0.0 ], [ -62.249, -33.2829, 0.0 ], [ -62.2454, -33.2701, 0.0 ], [ -62.243, -33.2593, 0.0 ], [ -62.2398, -33.2469, 0.0 ], [ -62.2338, -33.2245, 0.0 ], [ -62.224, -33.1789, 0.0 ], [ -62.264, -33.1725, 0.0 ], [ -62.3119165, -33.1638595, 0.0 ] ] ] ] } },
{ "type": "Feature", "properties": { "circuito": "00123", "codprov": "04", "coddepto": "009" }, "geometry": { "type": "MultiPolygon", "coordinates": [ [ [ [ -62.3118, -33.1633, 0.0 ], [ -62.224, -33.1789, 0.0 ], [ -62.1821, -33.1863, 0.0 ], [ -62.0549, -33.2091, 0.0 ], [ -62.0377, -33.1372, 0.0 ], [ -62.0197, -33.066, 0.0 ], [ -62.1151, -33.0425, 0.0 ], [ -62.1897, -33.0266, 0.0 ], [ -62.2934, -33.0031, 0.0 ], [ -62.3259, -33.0964, 0.0 ], [ -62.3038, -33.1012, 0.0 ], [ -62.2907, -33.1075, 0.0 ], [ -62.3118, -33.1633, 0.0 ] ] ] ] } },
{ "type": "Feature", "properties": { "circuito": "00125", "codprov": "04", "coddepto": "009" }, "geometry": { "type": "MultiPolygon", "coordinates": [ [ [ [ -62.0549, -33.2091, 0.0 ], [ -62.224, -33.1789, 0.0 ], [ -62.249, -33.2829, 0.0 ], [ -62.2442, -33.2838, 0.0 ], [ -62.2535, -33.3249, 0.0 ], [ -62.2345, -33.3308, 0.0 ], [ -62.219, -33.3342, 0.0 ], [ -62.2062, -33.338, 0.0 ], [ -62.1972, -33.3031, 0.0 ], [ -62.1844, -33.3055, 0.0 ], [ -62.1699, -33.3086, 0.0 ], [ -62.1149, -33.318, 0.0 ], [ -62.0765, -33.3252, 0.0 ], [ -62.0641, -33.3086, 0.0 ], [ -62.0209, -33.2502, 0.0 ], [ -62.0084, -33.2336, 0.0 ], [ -62.0613, -33.2336, 0.0 ], [ -62.0549, -33.2091, 0.0 ] ] ] ] } },
{ "type": "Feature", "properties": { "circuito": "00130", "codprov": "04", "coddepto": "009" }, "geometry": { "type": "MultiPolygon", "coordinates": [ [ [ [ -62.2062, -33.338, 0.0 ], [ -62.2044, -33.3391, 0.0 ], [ -62.2152, -33.3909, 0.0 ], [ -62.1408, -33.4113, 0.0 ], [ -62.1242, -33.3888, 0.0 ], [ -62.1004, -33.357, 0.0 ], [ -62.0765, -33.3252, 0.0 ], [ -62.1149, -33.318, 0.0 ], [ -62.1699, -33.3086, 0.0 ], [ -62.1972, -33.3031, 0.0 ], [ -62.2062, -33.338, 0.0 ] ] ] ] } },
{ "type": "Feature", "properties": { "circuito": "00121", "codprov": "04", "coddepto": "009" }, "geometry": { "type": "MultiPolygon", "coordinates": [ [ [ [ -62.5247, -33.1342, 0.0 ], [ -62.5198, -33.1367, 0.0 ], [ -62.4255, -33.1529, 0.0 ], [ -62.3491, -33.1666, 0.0 ], [ -62.3138, -33.1729, 0.0 ], [ -62.3118, -33.1633, 0.0 ], [ -62.2907, -33.1075, 0.0 ], [ -62.3038, -33.1012, 0.0 ], [ -62.3259, -33.0964, 0.0 ], [ -62.2983, -33.017, 0.0 ], [ -62.3748, -33.0036, 0.0 ], [ -62.4189, -32.9948, 0.0 ], [ -62.4377, -33.0639, 0.0 ], [ -62.5395, -33.0448, 0.0 ], [ -62.5373, -33.0429, 0.0 ], [ -62.5489, -33.0408, 0.0 ], [ -62.5645, -33.0492, 0.0 ], [ -62.5725, -33.0566, 0.0 ], [ -62.578, -33.0611, 0.0 ], [ -62.5897, -33.0789, 0.0 ], [ -62.6005, -33.0868, 0.0 ], [ -62.6103, -33.0935, 0.0 ], [ -62.6156, -33.095, 0.0 ], [ -62.6223, -33.097, 0.0 ], [ -62.6353, -33.1017, 0.0 ], [ -62.6356, -33.1055, 0.0 ], [ -62.6376, -33.112, 0.0 ], [ -62.5924, -33.1209, 0.0 ], [ -62.5247, -33.1342, 0.0 ] ] ] ] } },
{ "type": "Feature", "properties": { "circuito": "00128", "codprov": "04", "coddepto": "009" }, "geometry": { "type": "MultiPolygon", "coordinates": [ [ [ [ -62.2934, -33.0031, 0.0 ], [ -62.2187, -33.02, 0.0 ], [ -62.1897, -33.0266, 0.0 ], [ -62.1311, -33.0391, 0.0 ], [ -62.1233, -33.0078, 0.0 ], [ -62.1101, -32.9625, 0.0 ], [ -62.1275, -32.9625, 0.0 ], [ -62.1477, -32.9451, 0.0 ], [ -62.1707, -32.9402, 0.0 ], [ -62.1784, -32.9207, 0.0 ], [ -62.1937, -32.9089, 0.0 ], [ -62.2209, -32.9047, 0.0 ], [ -62.2425, -32.9082, 0.0 ], [ -62.2627, -32.913, 0.0 ], [ -62.2689, -32.9165, 0.0 ], [ -62.2731, -32.9319, 0.0 ], [ -62.2815, -32.9709, 0.0 ], [ -62.2864, -32.9953, 0.0 ], [ -62.2934, -33.0031, 0.0 ] ] ] ] } },
{ "type": "Feature", "properties": { "circuito": "0128A", "codprov": "04", "coddepto": "009" }, "geometry": { "type": "MultiPolygon", "coordinates": [ [ [ [ -62.3214, -33.013, 0.0 ], [ -62.2983, -33.017, 0.0 ], [ -62.2934, -33.0031, 0.0 ], [ -62.2864, -32.9953, 0.0 ], [ -62.2772, -32.9508, 0.0 ], [ -62.2689, -32.9165, 0.0 ], [ -62.274, -32.9179, 0.0 ], [ -62.2865, -32.9144, 0.0 ], [ -62.297, -32.9015, 0.0 ], [ -62.3109, -32.9005, 0.0 ], [ -62.321, -32.9085, 0.0 ], [ -62.3294, -32.9106, 0.0 ], [ -62.3389, -32.9038, 0.0 ], [ -62.3594, -32.887, 0.0 ], [ -62.3771, -32.8712, 0.0 ], [ -62.3869, -32.8674, 0.0 ], [ -62.3865, -32.8723, 0.0 ], [ -62.3945, -32.8698, 0.0 ], [ -62.4088, -32.9259, 0.0 ], [ -62.4203, -32.9705, 0.0 ], [ -62.4262, -32.9932, 0.0 ], [ -62.4081, -32.9972, 0.0 ], [ -62.3548, -33.0074, 0.0 ], [ -62.3214, -33.013, 0.0 ] ] ] ] } },
{ "type": "Feature", "properties": { "circuito": "00134", "codprov": "04", "coddepto": "009" }, "geometry": { "type": "MultiPolygon", "coordinates": [ [ [ [ -62.5428, -33.0442, 0.0 ], [ -62.5389, -33.045, 0.0 ], [ -62.5388452, -33.0449399, 0.0 ], [ -62.5428, -33.0442, 0.0 ] ] ], [ [ [ -62.5388452, -33.0449399, 0.0 ], [ -62.4716, -33.0575, 0.0 ], [ -62.4377, -33.0639, 0.0 ], [ -62.4249, -33.0169, 0.0 ], [ -62.4189, -32.9948, 0.0 ], [ -62.4262, -32.9932, 0.0 ], [ -62.4203, -32.9705, 0.0 ], [ -62.4088, -32.9259, 0.0 ], [ -62.3945, -32.8698, 0.0 ], [ -62.3865, -32.8723, 0.0 ], [ -62.3869, -32.8674, 0.0 ], [ -62.3966, -32.8636, 0.0 ], [ -62.4174, -32.848, 0.0 ], [ -62.431, -32.838, 0.0 ], [ -62.4294, -32.8104, 0.0 ], [ -62.4218, -32.7956, 0.0 ], [ -62.4378, -32.7772, 0.0 ], [ -62.443, -32.752, 0.0 ], [ -62.4506, -32.7312, 0.0 ], [ -62.4602, -32.7068, 0.0 ], [ -62.4722, -32.7012, 0.0 ], [ -62.4894, -32.7016, 0.0 ], [ -62.4913, -32.7108, 0.0 ], [ -62.4991, -32.7522, 0.0 ], [ -62.5067, -32.7522, 0.0 ], [ -62.5055, -32.7715, 0.0 ], [ -62.4992, -32.7722, 0.0 ], [ -62.4915, -32.7661, 0.0 ], [ -62.4738, -32.818, 0.0 ], [ -62.4649, -32.8155, 0.0 ], [ -62.4497, -32.8547, 0.0 ], [ -62.5242, -32.842, 0.0 ], [ -62.5498, -32.9456, 0.0 ], [ -62.5146, -32.9536, 0.0 ], [ -62.5302, -33.0188, 0.0 ], [ -62.5358, -33.0416, 0.0 ], [ -62.5388452, -33.0449399, 0.0 ] ] ] ] } },
{ "type": "Feature", "properties": { "circuito": "00124", "codprov": "04", "coddepto": "009" }, "geometry": { "type": "MultiPolygon", "coordinates": [ [ [ [ -62.2886, -33.607, 0.0 ], [ -62.257, -33.5629, 0.0 ], [ -62.2082, -33.5021, 0.0 ], [ -62.1408, -33.4113, 0.0 ], [ -62.2152, -33.3909, 0.0 ], [ -62.211, -33.371, 0.0 ], [ -62.2962, -33.3581, 0.0 ], [ -62.3642, -33.3445, 0.0 ], [ -62.3842, -33.4629, 0.0 ], [ -62.3906, -33.4957, 0.0 ], [ -62.3954, -33.5173, 0.0 ], [ -62.4034, -33.5525, 0.0 ], [ -62.4101, -33.5791, 0.0 ], [ -62.3636, -33.588, 0.0 ], [ -62.2886, -33.607, 0.0 ] ] ] ] } },
{ "type": "Feature", "properties": { "circuito": "00127", "codprov": "04", "coddepto": "009" }, "geometry": { "type": "MultiPolygon", "coordinates": [ [ [ [ -62.4105, -33.579, 0.0 ], [ -62.3954, -33.5173, 0.0 ], [ -62.3858, -33.4712, 0.0 ], [ -62.3723, -33.3926, 0.0 ], [ -62.3642, -33.3445, 0.0 ], [ -62.4194, -33.3349, 0.0 ], [ -62.5146, -33.3181, 0.0 ], [ -62.601, -33.3013, 0.0 ], [ -62.6474, -33.3493, 0.0 ], [ -62.6933, -33.5229, 0.0 ], [ -62.5751, -33.5461, 0.0 ], [ -62.4683, -33.5676, 0.0 ], [ -62.4106, -33.579, 0.0 ], [ -62.4105, -33.579, 0.0 ] ] ] ] } },
{ "type": "Feature", "properties": { "circuito": "00129", "codprov": "04", "coddepto": "009" }, "geometry": { "type": "MultiPolygon", "coordinates": [ [ [ [ -62.5146, -33.3181, 0.0 ], [ -62.4166, -33.3354, 0.0 ], [ -62.3642, -33.3445, 0.0 ], [ -62.2962, -33.3581, 0.0 ], [ -62.211, -33.371, 0.0 ], [ -62.2062, -33.338, 0.0 ], [ -62.2535, -33.3249, 0.0 ], [ -62.2442, -33.2838, 0.0 ], [ -62.3294, -33.2625, 0.0 ], [ -62.3138, -33.1729, 0.0 ], [ -62.5217, -33.1357, 0.0 ], [ -62.5247, -33.1342, 0.0 ], [ -62.5377, -33.1587, 0.0 ], [ -62.5674, -33.2117, 0.0 ], [ -62.505, -33.2245, 0.0 ], [ -62.4922, -33.2277, 0.0 ], [ -62.5146, -33.3181, 0.0 ] ] ] ] } },
{ "type": "Feature", "properties": { "circuito": "00122", "codprov": "04", "coddepto": "009" }, "geometry": { "type": "MultiPolygon", "coordinates": [ [ [ [ -62.6858, -33.2893, 0.0 ], [ -62.601, -33.3013, 0.0 ], [ -62.5146, -33.3181, 0.0 ], [ -62.5026, -33.2697, 0.0 ], [ -62.4922, -33.2277, 0.0 ], [ -62.5674, -33.2117, 0.0 ], [ -62.5714, -33.2157, 0.0 ], [ -62.6402, -33.2605, 0.0 ], [ -62.6858, -33.2893, 0.0 ] ] ] ] } },
{ "type": "Feature", "properties": { "circuito": "00126", "codprov": "04", "coddepto": "009" }, "geometry": { "type": "MultiPolygon", "coordinates": [ [ [ [ -62.0197, -33.066, 0.0 ], [ -62.0377, -33.1372, 0.0 ], [ -62.0613, -33.2336, 0.0 ], [ -62.0084, -33.2336, 0.0 ], [ -61.9705, -33.1845, 0.0 ], [ -61.9513, -33.1597, 0.0 ], [ -61.9249, -33.1213, 0.0 ], [ -61.9169, -33.1213, 0.0 ], [ -61.9105, -33.1181, 0.0 ], [ -61.9049, -33.1165, 0.0 ], [ -61.8865, -33.0957, 0.0 ], [ -61.8769, -33.0845, 0.0 ], [ -61.8745, -33.0757, 0.0 ], [ -61.8697, -33.066, 0.0 ], [ -61.8633, -33.0628, 0.0 ], [ -61.8569, -33.0572, 0.0 ], [ -61.8569, -33.0516, 0.0 ], [ -61.8513, -33.0476, 0.0 ], [ -61.8249, -33.0316, 0.0 ], [ -61.8121, -33.0188, 0.0 ], [ -61.8061, -33.018, 0.0 ], [ -61.8017, -33.0132, 0.0 ], [ -61.7985, -33.012, 0.0 ], [ -61.7981, -33.0088, 0.0 ], [ -61.7961, -33.0084, 0.0 ], [ -61.7945, -33.004, 0.0 ], [ -61.7965, -33.0036, 0.0 ], [ -61.7957, -33.0016, 0.0 ], [ -61.7949, -32.9988, 0.0 ], [ -61.7949, -32.9956, 0.0 ], [ -61.7949, -32.9924, 0.0 ], [ -61.7949, -32.988, 0.0 ], [ -61.7949, -32.984, 0.0 ], [ -61.7949, -32.9788, 0.0 ], [ -61.7949, -32.9748, 0.0 ], [ -61.8029, -32.9723, 0.0 ], [ -61.807, -32.9676, 0.0 ], [ -61.8101, -32.946, 0.0 ], [ -61.8245, -32.9268, 0.0 ], [ -61.8485, -32.9048, 0.0 ], [ -61.8721, -32.904, 0.0 ], [ -61.9069, -32.9112, 0.0 ], [ -61.9257, -32.9256, 0.0 ], [ -61.9613, -32.948, 0.0 ], [ -61.9609, -32.9548, 0.0 ], [ -61.9665, -32.9796, 0.0 ], [ -61.9789, -33.0256, 0.0 ], [ -61.9933, -33.0232, 0.0 ], [ -61.9941, -33.0308, 0.0 ], [ -61.9909, -33.0316, 0.0 ], [ -61.9977, -33.0624, 0.0 ], [ -62.0109, -33.0596, 0.0 ], [ -62.0185, -33.058, 0.0 ], [ -62.0197, -33.066, 0.0 ] ] ] ] } },
{ "type": "Feature", "properties": { "circuito": "00132", "codprov": "04", "coddepto": "009" }, "geometry": { "type": "MultiPolygon", "coordinates": [ [ [ [ -62.0673, -32.8632, 0.0 ], [ -62.0873, -32.944, 0.0 ], [ -62.0929, -32.9648, 0.0 ], [ -62.1101, -32.9625, 0.0 ], [ -62.1311, -33.0391, 0.0 ], [ -62.0197, -33.066, 0.0 ], [ -62.0146, -33.0589, 0.0 ], [ -61.9977, -33.0624, 0.0 ], [ -61.9909, -33.0316, 0.0 ], [ -61.9941, -33.0308, 0.0 ], [ -61.9933, -33.0232, 0.0 ], [ -61.9789, -33.0256, 0.0 ], [ -61.9638, -32.9679, 0.0 ], [ -61.9609, -32.9548, 0.0 ], [ -61.9595, -32.9469, 0.0 ], [ -61.9457, -32.896, 0.0 ], [ -61.9409, -32.8728, 0.0 ], [ -62.0097, -32.8608, 0.0 ], [ -62.0105, -32.8712, 0.0 ], [ -62.0673, -32.8632, 0.0 ] ] ] ] } },
{ "type": "Feature", "properties": { "circuito": "00136", "codprov": "04", "coddepto": "009" }, "geometry": { "type": "MultiPolygon", "coordinates": [ [ [ [ -62.0097, -32.8608, 0.0 ], [ -61.9409, -32.8728, 0.0 ], [ -61.9526, -32.9214, 0.0 ], [ -61.959, -32.9466, 0.0 ], [ -61.9257, -32.9256, 0.0 ], [ -61.9069, -32.9112, 0.0 ], [ -61.8709, -32.9041, 0.0 ], [ -61.8485, -32.9048, 0.0 ], [ -61.8263, -32.9251, 0.0 ], [ -61.8143, -32.9404, 0.0 ], [ -61.8101, -32.946, 0.0 ], [ -61.8071, -32.9671, 0.0 ], [ -61.8029, -32.9723, 0.0 ], [ -61.7949, -32.9748, 0.0 ], [ -61.7933, -32.9696, 0.0 ], [ -61.7921, -32.9648, 0.0 ], [ -61.7941, -32.956, 0.0 ], [ -61.7941, -32.9516, 0.0 ], [ -61.7893, -32.9356, 0.0 ], [ -61.7873, -32.9312, 0.0 ], [ -61.7845, -32.9244, 0.0 ], [ -61.7813, -32.9188, 0.0 ], [ -61.7801, -32.9116, 0.0 ], [ -61.7805, -32.9012, 0.0 ], [ -61.7833, -32.8912, 0.0 ], [ -61.7885, -32.8828, 0.0 ], [ -61.7909, -32.8776, 0.0 ], [ -61.7921, -32.8756, 0.0 ], [ -61.7933, -32.8732, 0.0 ], [ -61.7921, -32.8648, 0.0 ], [ -61.7909, -32.8636, 0.0 ], [ -61.7909, -32.8616, 0.0 ], [ -61.7881, -32.8456, 0.0 ], [ -61.7865, -32.8376, 0.0 ], [ -61.7873, -32.8292, 0.0 ], [ -61.7885, -32.8244, 0.0 ], [ -61.7893, -32.8168, 0.0 ], [ -61.7917, -32.8092, 0.0 ], [ -61.7917, -32.8052, 0.0 ], [ -61.7945, -32.7996, 0.0 ], [ -61.7953, -32.792, 0.0 ], [ -61.7965, -32.788, 0.0 ], [ -61.7985, -32.7796, 0.0 ], [ -61.8017, -32.7756, 0.0 ], [ -61.8025, -32.7736, 0.0 ], [ -61.8053, -32.7712, 0.0 ], [ -61.8121, -32.7688, 0.0 ], [ -61.8149, -32.7676, 0.0 ], [ -61.8201, -32.7652, 0.0 ], [ -61.8241, -32.7652, 0.0 ], [ -61.8261, -32.7644, 0.0 ], [ -61.8345, -32.7556, 0.0 ], [ -61.8365, -32.7536, 0.0 ], [ -61.8401, -32.7472, 0.0 ], [ -61.8413, -32.744, 0.0 ], [ -61.8445, -32.7412, 0.0 ], [ -61.8457, -32.7392, 0.0 ], [ -61.8517, -32.7292, 0.0 ], [ -61.8521, -32.7268, 0.0 ], [ -61.8533, -32.7244, 0.0 ], [ -61.8589, -32.7164, 0.0 ], [ -61.8601, -32.7136, 0.0 ], [ -61.8613, -32.7108, 0.0 ], [ -61.8637, -32.7044, 0.0 ], [ -61.8661, -32.7028, 0.0 ], [ -61.8681, -32.7, 0.0 ], [ -61.8705, -32.6984, 0.0 ], [ -61.8741, -32.6984, 0.0 ], [ -61.8809, -32.696, 0.0 ], [ -61.8845, -32.6956, 0.0 ], [ -61.8885, -32.6968, 0.0 ], [ -61.8929, -32.6968, 0.0 ], [ -61.8973, -32.696, 0.0 ], [ -61.9073, -32.696, 0.0 ], [ -61.9109, -32.6972, 0.0 ], [ -61.9181, -32.698, 0.0 ], [ -61.9205, -32.6964, 0.0 ], [ -61.9221, -32.6948, 0.0 ], [ -61.9293, -32.6952, 0.0 ], [ -61.9329, -32.6944, 0.0 ], [ -61.9337, -32.6928, 0.0 ], [ -61.9365, -32.6928, 0.0 ], [ -61.9385, -32.692, 0.0 ], [ -61.9421, -32.6896, 0.0 ], [ -61.9437, -32.686, 0.0 ], [ -61.9453, -32.6832, 0.0 ], [ -61.9469, -32.682, 0.0 ], [ -61.9509, -32.6812, 0.0 ], [ -61.9545, -32.6812, 0.0 ], [ -61.9565, -32.678, 0.0 ], [ -61.9573, -32.6736, 0.0 ], [ -61.9669, -32.7116, 0.0 ], [ -61.9805, -32.7092, 0.0 ], [ -61.9893, -32.7444, 0.0 ], [ -61.9945, -32.7664, 0.0 ], [ -62.0121, -32.7636, 0.0 ], [ -62.0213, -32.8056, 0.0 ], [ -62.0277, -32.8332, 0.0 ], [ -62.0325, -32.8332, 0.0 ], [ -62.0409, -32.8669, 0.0 ], [ -62.0105, -32.8712, 0.0 ], [ -62.0097, -32.8608, 0.0 ] ] ] ] } },
{ "type": "Feature", "properties": { "circuito": "0131A", "codprov": "04", "coddepto": "009" }, "geometry": { "type": "MultiPolygon", "coordinates": [ [ [ [ -62.3562, -32.88, 0.0 ], [ -62.3587, -32.8876, 0.0 ], [ -62.3469, -32.8981, 0.0 ], [ -62.3294, -32.9106, 0.0 ], [ -62.321, -32.9085, 0.0 ], [ -62.3109, -32.9005, 0.0 ], [ -62.3049, -32.901, 0.0 ], [ -62.297, -32.9015, 0.0 ], [ -62.2865, -32.9144, 0.0 ], [ -62.274, -32.9179, 0.0 ], [ -62.2689, -32.9165, 0.0 ], [ -62.2627, -32.913, 0.0 ], [ -62.2264, -32.9056, 0.0 ], [ -62.2242, -32.888, 0.0 ], [ -62.2178, -32.8632, 0.0 ], [ -62.2082, -32.828, 0.0 ], [ -62.2298, -32.82, 0.0 ], [ -62.2394, -32.8176, 0.0 ], [ -62.285, -32.8032, 0.0 ], [ -62.2882, -32.8104, 0.0 ], [ -62.3258, -32.7624, 0.0 ], [ -62.3402, -32.8192, 0.0 ], [ -62.349, -32.8584, 0.0 ], [ -62.3562, -32.88, 0.0 ] ] ] ] } },
{ "type": "Feature", "properties": { "circuito": "00133", "codprov": "04", "coddepto": "009" }, "geometry": { "type": "MultiPolygon", "coordinates": [ [ [ [ -62.1733, -32.6361, 0.0 ], [ -62.1846, -32.6735, 0.0 ], [ -62.1874, -32.6876, 0.0 ], [ -62.1987, -32.7306, 0.0 ], [ -62.2015, -32.7299, 0.0 ], [ -62.2107, -32.7772, 0.0 ], [ -62.2213, -32.8231, 0.0 ], [ -62.2082, -32.828, 0.0 ], [ -62.2136, -32.8479, 0.0 ], [ -62.2227, -32.8823, 0.0 ], [ -62.2264, -32.9052, 0.0 ], [ -62.2209, -32.9047, 0.0 ], [ -62.1937, -32.9089, 0.0 ], [ -62.1784, -32.9207, 0.0 ], [ -62.1707, -32.9402, 0.0 ], [ -62.1477, -32.9451, 0.0 ], [ -62.1275, -32.9625, 0.0 ], [ -62.1101, -32.9625, 0.0 ], [ -62.0929, -32.9648, 0.0 ], [ -62.0729, -32.8855, 0.0 ], [ -62.0673, -32.8632, 0.0 ], [ -62.0413, -32.8669, 0.0 ], [ -62.0325, -32.8332, 0.0 ], [ -62.0277, -32.8332, 0.0 ], [ -62.0213, -32.8056, 0.0 ], [ -62.0121, -32.7636, 0.0 ], [ -61.9945, -32.7664, 0.0 ], [ -61.9839, -32.7226, 0.0 ], [ -61.9805, -32.7092, 0.0 ], [ -61.9669, -32.7116, 0.0 ], [ -61.9573, -32.6736, 0.0 ], [ -61.956, -32.6608, 0.0 ], [ -61.9574, -32.6538, 0.0 ], [ -61.9574, -32.6488, 0.0 ], [ -61.9532, -32.6474, 0.0 ], [ -61.949, -32.6453, 0.0 ], [ -61.9405, -32.6396, 0.0 ], [ -61.9313, -32.6312, 0.0 ], [ -61.925, -32.6284, 0.0 ], [ -61.92, -32.6262, 0.0 ], [ -61.9109, -32.6157, 0.0 ], [ -61.9017, -32.6121, 0.0 ], [ -61.901, -32.6058, 0.0 ], [ -61.9017, -32.5966, 0.0 ], [ -61.9102, -32.5938, 0.0 ], [ -61.9158, -32.5952, 0.0 ], [ -61.9243, -32.5959, 0.0 ], [ -61.932, -32.5924, 0.0 ], [ -61.9264, -32.5762, 0.0 ], [ -61.9221, -32.5649, 0.0 ], [ -61.9257, -32.5585, 0.0 ], [ -61.9341, -32.5479, 0.0 ], [ -61.9377, -32.543, 0.0 ], [ -61.9412, -32.5388, 0.0 ], [ -61.9398, -32.5296, 0.0 ], [ -61.9327, -32.5183, 0.0 ], [ -61.9849, -32.5268, 0.0 ], [ -61.9906, -32.5254, 0.0 ], [ -61.9962, -32.5275, 0.0 ], [ -62.0329, -32.5338, 0.0 ], [ -62.0435, -32.5769, 0.0 ], [ -62.0816, -32.5684, 0.0 ], [ -62.0809, -32.5564, 0.0 ], [ -62.1493, -32.543, 0.0 ], [ -62.1592, -32.5874, 0.0 ], [ -62.174, -32.6361, 0.0 ], [ -62.1733, -32.6361, 0.0 ] ] ] ] } },
{ "type": "Feature", "properties": { "circuito": "00131", "codprov": "04", "coddepto": "009" }, "geometry": { "type": "MultiPolygon", "coordinates": [ [ [ [ -62.1359, -32.4993, 0.0 ], [ -62.2064, -32.4866, 0.0 ], [ -62.2459, -32.4795, 0.0 ], [ -62.3052, -32.4696, 0.0 ], [ -62.3588, -32.4584, 0.0 ], [ -62.3546, -32.4457, 0.0 ], [ -62.3757, -32.4428, 0.0 ], [ -62.4089, -32.4435, 0.0 ], [ -62.4315, -32.5282, 0.0 ], [ -62.4484, -32.5931, 0.0 ], [ -62.4724, -32.682, 0.0 ], [ -62.4822, -32.6799, 0.0 ], [ -62.4865, -32.6827, 0.0 ], [ -62.4872, -32.6911, 0.0 ], [ -62.4883, -32.6967, 0.0 ], [ -62.4894, -32.7016, 0.0 ], [ -62.4722, -32.7012, 0.0 ], [ -62.4602, -32.7068, 0.0 ], [ -62.4519, -32.7279, 0.0 ], [ -62.4425, -32.7545, 0.0 ], [ -62.4378, -32.7772, 0.0 ], [ -62.4218, -32.7956, 0.0 ], [ -62.4294, -32.8104, 0.0 ], [ -62.431, -32.838, 0.0 ], [ -62.4109, -32.8528, 0.0 ], [ -62.3966, -32.8636, 0.0 ], [ -62.3771, -32.8712, 0.0 ], [ -62.3587, -32.8876, 0.0 ], [ -62.349, -32.8584, 0.0 ], [ -62.3258, -32.7624, 0.0 ], [ -62.2882, -32.8104, 0.0 ], [ -62.285, -32.8032, 0.0 ], [ -62.2213, -32.8231, 0.0 ], [ -62.2107, -32.7772, 0.0 ], [ -62.2015, -32.7299, 0.0 ], [ -62.1987, -32.7306, 0.0 ], [ -62.1846, -32.6735, 0.0 ], [ -62.1637, -32.6022, 0.0 ], [ -62.1493, -32.543, 0.0 ], [ -62.138, -32.4993, 0.0 ], [ -62.1359, -32.4993, 0.0 ] ] ] ] } },
{ "type": "Feature", "properties": { "circuito": "00137", "codprov": "04", "coddepto": "009" }, "geometry": { "type": "MultiPolygon", "coordinates": [ [ [ [ -62.3274, -32.3663, 0.0 ], [ -62.3556, -32.3621, 0.0 ], [ -62.3634, -32.3952, 0.0 ], [ -62.3733, -32.4432, 0.0 ], [ -62.3546, -32.4457, 0.0 ], [ -62.3588, -32.4584, 0.0 ], [ -62.3275, -32.4649, 0.0 ], [ -62.3012, -32.4703, 0.0 ], [ -62.2459, -32.4795, 0.0 ], [ -62.1899, -32.4895, 0.0 ], [ -62.138, -32.4993, 0.0 ], [ -62.1493, -32.543, 0.0 ], [ -62.1117, -32.5504, 0.0 ], [ -62.0809, -32.5564, 0.0 ], [ -62.0816, -32.5684, 0.0 ], [ -62.0435, -32.5769, 0.0 ], [ -62.0316, -32.5336, 0.0 ], [ -61.9939, -32.5266, 0.0 ], [ -61.9906, -32.5254, 0.0 ], [ -61.9849, -32.5268, 0.0 ], [ -61.9327, -32.5183, 0.0 ], [ -61.9292, -32.5141, 0.0 ], [ -61.9274, -32.512, 0.0 ], [ -61.9267, -32.506, 0.0 ], [ -61.9253, -32.5007, 0.0 ], [ -61.9264, -32.4971, 0.0 ], [ -61.9394, -32.4686, 0.0 ], [ -61.9542, -32.4365, 0.0 ], [ -61.9832, -32.404, 0.0 ], [ -62.0103, -32.367, 0.0 ], [ -62.0269, -32.3363, 0.0 ], [ -62.0378, -32.2996, 0.0 ], [ -62.0491, -32.2531, 0.0 ], [ -62.0632, -32.2436, 0.0 ], [ -62.095, -32.2249, 0.0 ], [ -62.1179, -32.2111, 0.0 ], [ -62.1242, -32.2065, 0.0 ], [ -62.1366, -32.1973, 0.0 ], [ -62.1507, -32.1861, 0.0 ], [ -62.1574, -32.1815, 0.0 ], [ -62.1669, -32.1695, 0.0 ], [ -62.1786, -32.1564, 0.0 ], [ -62.1913, -32.1561, 0.0 ], [ -62.1969, -32.1399, 0.0 ], [ -62.2075, -32.112, 0.0 ], [ -62.2036, -32.0989, 0.0 ], [ -62.1976, -32.0732, 0.0 ], [ -62.2265, -32.0683, 0.0 ], [ -62.2897, -32.0563, 0.0 ], [ -62.2978, -32.0873, 0.0 ], [ -62.3115, -32.1388, 0.0 ], [ -62.3383, -32.1353, 0.0 ], [ -62.3549, -32.2037, 0.0 ], [ -62.3662, -32.2527, 0.0 ], [ -62.3736, -32.2869, 0.0 ], [ -62.3048, -32.3042, 0.0 ], [ -62.3154, -32.3599, 0.0 ], [ -62.3098, -32.3589, 0.0 ], [ -62.307, -32.3614, 0.0 ], [ -62.307, -32.3645, 0.0 ], [ -62.3017, -32.3656, 0.0 ], [ -62.3034, -32.3719, 0.0 ], [ -62.3041, -32.3755, 0.0 ], [ -62.3137, -32.3741, 0.0 ], [ -62.3182, -32.3698, 0.0 ], [ -62.3271, -32.3681, 0.0 ], [ -62.3274, -32.3666, 0.0 ], [ -62.3274, -32.3663, 0.0 ] ] ] ] } },
{ "type": "Feature", "properties": { "circuito": "0141A", "codprov": "04", "coddepto": "010" }, "geometry": { "type": "MultiPolygon", "coordinates": [ [ [ [ -65.5482, -30.8062, 0.0 ], [ -65.5012, -30.663, 0.0 ], [ -65.5361, -30.6564, 0.0 ], [ -65.5728, -30.6485, 0.0 ], [ -65.5895, -30.6457, 0.0 ], [ -65.6049, -30.6768, 0.0 ], [ -65.6505, -30.7699, 0.0 ], [ -65.6791, -30.8258, 0.0 ], [ -65.7181, -30.9057, 0.0 ], [ -65.7453, -30.9623, 0.0 ], [ -65.7824, -31.0377, 0.0 ], [ -65.7377, -31.039, 0.0 ], [ -65.6013, -31.0433, 0.0 ], [ -65.581, -30.9526, 0.0 ], [ -65.5655, -30.8761, 0.0 ], [ -65.5529, -30.8258, 0.0 ], [ -65.5482, -30.8062, 0.0 ] ] ] ] } },
{ "type": "Feature", "properties": { "circuito": "0138B", "codprov": "04", "coddepto": "010" }, "geometry": { "type": "MultiPolygon", "coordinates": [ [ [ [ -65.1661, -30.9681, 0.0 ], [ -65.1697, -30.9662, 0.0 ], [ -65.1719, -30.9646, 0.0 ], [ -65.1736, -30.9643, 0.0 ], [ -65.1751, -30.9642, 0.0 ], [ -65.1768, -30.964, 0.0 ], [ -65.1778, -30.9639, 0.0 ], [ -65.1815, -30.9635, 0.0 ], [ -65.1829, -30.9624, 0.0 ], [ -65.1869, -30.9591, 0.0 ], [ -65.1876, -30.9585, 0.0 ], [ -65.1892, -30.9583, 0.0 ], [ -65.1916, -30.958, 0.0 ], [ -65.192, -30.9579, 0.0 ], [ -65.1926, -30.956, 0.0 ], [ -65.1928, -30.9549, 0.0 ], [ -65.1931, -30.9539, 0.0 ], [ -65.1933, -30.953, 0.0 ], [ -65.1934, -30.9525, 0.0 ], [ -65.1937, -30.9515, 0.0 ], [ -65.194, -30.9501, 0.0 ], [ -65.1942, -30.9491, 0.0 ], [ -65.1949, -30.9488, 0.0 ], [ -65.1957, -30.9491, 0.0 ], [ -65.1981, -30.9487, 0.0 ], [ -65.2007, -30.9484, 0.0 ], [ -65.2014, -30.9474, 0.0 ], [ -65.2025, -30.9457, 0.0 ], [ -65.2032, -30.9447, 0.0 ], [ -65.2036, -30.944, 0.0 ], [ -65.2041, -30.9433, 0.0 ], [ -65.2043, -30.9428, 0.0 ], [ -65.2051, -30.9418, 0.0 ], [ -65.205, -30.9409, 0.0 ], [ -65.205, -30.94, 0.0 ], [ -65.2048, -30.938, 0.0 ], [ -65.2048, -30.9369, 0.0 ], [ -65.2047, -30.9352, 0.0 ], [ -65.2046, -30.934, 0.0 ], [ -65.2045, -30.9327, 0.0 ], [ -65.2045, -30.9319, 0.0 ], [ -65.2045, -30.931, 0.0 ], [ -65.2057, -30.9305, 0.0 ], [ -65.2071, -30.9301, 0.0 ], [ -65.2079, -30.9295, 0.0 ], [ -65.2087, -30.929, 0.0 ], [ -65.2097, -30.9283, 0.0 ], [ -65.2107, -30.9276, 0.0 ], [ -65.2113, -30.9272, 0.0 ], [ -65.2124, -30.9264, 0.0 ], [ -65.2133, -30.9258, 0.0 ], [ -65.2159, -30.9272, 0.0 ], [ -65.2181, -30.9291, 0.0 ], [ -65.2191, -30.9308, 0.0 ], [ -65.2208, -30.9316, 0.0 ], [ -65.2221, -30.9315, 0.0 ], [ -65.2243, -30.931, 0.0 ], [ -65.2247, -30.9319, 0.0 ], [ -65.2247, -30.9332, 0.0 ], [ -65.2246, -30.9348, 0.0 ], [ -65.2241, -30.9359, 0.0 ], [ -65.2232, -30.9363, 0.0 ], [ -65.2232, -30.9374, 0.0 ], [ -65.224, -30.9387, 0.0 ], [ -65.2247, -30.9389, 0.0 ], [ -65.2268, -30.9384, 0.0 ], [ -65.2276, -30.9389, 0.0 ], [ -65.2281, -30.9397, 0.0 ], [ -65.2284, -30.94, 0.0 ], [ -65.2296, -30.9411, 0.0 ], [ -65.23, -30.9416, 0.0 ], [ -65.2312, -30.9426, 0.0 ], [ -65.2329, -30.9445, 0.0 ], [ -65.2337, -30.9452, 0.0 ], [ -65.2348, -30.9462, 0.0 ], [ -65.2345, -30.9477, 0.0 ], [ -65.2354, -30.9486, 0.0 ], [ -65.2367, -30.9499, 0.0 ], [ -65.2384, -30.95, 0.0 ], [ -65.2383, -30.9517, 0.0 ], [ -65.2373, -30.9524, 0.0 ], [ -65.2356, -30.9525, 0.0 ], [ -65.2348, -30.9525, 0.0 ], [ -65.235, -30.9536, 0.0 ], [ -65.2359, -30.9543, 0.0 ], [ -65.237, -30.9561, 0.0 ], [ -65.2375, -30.9568, 0.0 ], [ -65.2381, -30.959, 0.0 ], [ -65.2379, -30.9609, 0.0 ], [ -65.2367, -30.9628, 0.0 ], [ -65.2353, -30.9635, 0.0 ], [ -65.2342, -30.9643, 0.0 ], [ -65.234, -30.9657, 0.0 ], [ -65.232, -30.9664, 0.0 ], [ -65.2306, -30.967, 0.0 ], [ -65.2299, -30.9675, 0.0 ], [ -65.2298, -30.9694, 0.0 ], [ -65.2296, -30.9712, 0.0 ], [ -65.2295, -30.9723, 0.0 ], [ -65.2287, -30.973, 0.0 ], [ -65.2284, -30.9745, 0.0 ], [ -65.228, -30.9766, 0.0 ], [ -65.228, -30.9778, 0.0 ], [ -65.2282, -30.9791, 0.0 ], [ -65.2277, -30.9805, 0.0 ], [ -65.226, -30.9808, 0.0 ], [ -65.2241, -30.9807, 0.0 ], [ -65.2233, -30.9816, 0.0 ], [ -65.2224, -30.9832, 0.0 ], [ -65.2219, -30.984, 0.0 ], [ -65.22, -30.9844, 0.0 ], [ -65.2186, -30.9846, 0.0 ], [ -65.2173, -30.9852, 0.0 ], [ -65.217, -30.9865, 0.0 ], [ -65.2172, -30.9879, 0.0 ], [ -65.218, -30.9888, 0.0 ], [ -65.2175, -30.9899, 0.0 ], [ -65.2172, -30.9918, 0.0 ], [ -65.2183, -30.9926, 0.0 ], [ -65.219, -30.9929, 0.0 ], [ -65.2205, -30.9934, 0.0 ], [ -65.2214, -30.9947, 0.0 ], [ -65.2224, -30.9964, 0.0 ], [ -65.223, -30.9978, 0.0 ], [ -65.2254, -30.9989, 0.0 ], [ -65.2265, -30.9995, 0.0 ], [ -65.2269, -31.0013, 0.0 ], [ -65.2268, -31.003, 0.0 ], [ -65.2262, -31.0041, 0.0 ], [ -65.2251, -31.0049, 0.0 ], [ -65.2243, -31.0057, 0.0 ], [ -65.2229, -31.0063, 0.0 ], [ -65.2222, -31.0074, 0.0 ], [ -65.2218, -31.008, 0.0 ], [ -65.2224, -31.0093, 0.0 ], [ -65.2233, -31.0099, 0.0 ], [ -65.2238, -31.0109, 0.0 ], [ -65.2236, -31.012, 0.0 ], [ -65.224, -31.0132, 0.0 ], [ -65.2249, -31.0138, 0.0 ], [ -65.2254, -31.0151, 0.0 ], [ -65.2257, -31.016, 0.0 ], [ -65.2255, -31.017, 0.0 ], [ -65.2269, -31.0179, 0.0 ], [ -65.228, -31.0192, 0.0 ], [ -65.2287, -31.0201, 0.0 ], [ -65.2282, -31.0214, 0.0 ], [ -65.2279, -31.0223, 0.0 ], [ -65.2285, -31.0234, 0.0 ], [ -65.2291, -31.0248, 0.0 ], [ -65.2293, -31.0262, 0.0 ], [ -65.2295, -31.027, 0.0 ], [ -65.231, -31.0283, 0.0 ], [ -65.2329, -31.0292, 0.0 ], [ -65.2336, -31.0298, 0.0 ], [ -65.2351, -31.0308, 0.0 ], [ -65.2342, -31.0326, 0.0 ], [ -65.2328, -31.0352, 0.0 ], [ -65.2324, -31.0365, 0.0 ], [ -65.2321, -31.0385, 0.0 ], [ -65.2302, -31.0393, 0.0 ], [ -65.2277, -31.0395, 0.0 ], [ -65.2268, -31.0403, 0.0 ], [ -65.2257, -31.0412, 0.0 ], [ -65.2225, -31.0406, 0.0 ], [ -65.2195, -31.038, 0.0 ], [ -65.2172, -31.0359, 0.0 ], [ -65.2152, -31.0342, 0.0 ], [ -65.2137, -31.0329, 0.0 ], [ -65.2124, -31.0318, 0.0 ], [ -65.2105, -31.0302, 0.0 ], [ -65.209, -31.0289, 0.0 ], [ -65.2078, -31.0289, 0.0 ], [ -65.2061, -31.0288, 0.0 ], [ -65.2045, -31.0287, 0.0 ], [ -65.2024, -31.0286, 0.0 ], [ -65.2007, -31.0285, 0.0 ], [ -65.1985, -31.0252, 0.0 ], [ -65.1966, -31.0226, 0.0 ], [ -65.1951, -31.0223, 0.0 ], [ -65.1935, -31.022, 0.0 ], [ -65.1927, -31.023, 0.0 ], [ -65.1916, -31.0233, 0.0 ], [ -65.1911, -31.0222, 0.0 ], [ -65.1883, -31.0206, 0.0 ], [ -65.1864, -31.018, 0.0 ], [ -65.1846, -31.0155, 0.0 ], [ -65.1826, -31.0127, 0.0 ], [ -65.181, -31.0105, 0.0 ], [ -65.1803, -31.0096, 0.0 ], [ -65.179, -31.0077, 0.0 ], [ -65.1777, -31.006, 0.0 ], [ -65.1754, -31.0024, 0.0 ], [ -65.174, -31.0003, 0.0 ], [ -65.1704, -30.9947, 0.0 ], [ -65.1704, -30.9925, 0.0 ], [ -65.1704, -30.9899, 0.0 ], [ -65.1704, -30.988, 0.0 ], [ -65.1704, -30.9863, 0.0 ], [ -65.1704, -30.9828, 0.0 ], [ -65.1703, -30.9805, 0.0 ], [ -65.1696, -30.9783, 0.0 ], [ -65.1688, -30.9759, 0.0 ], [ -65.1679, -30.9734, 0.0 ], [ -65.1673, -30.9716, 0.0 ], [ -65.1661, -30.9695, 0.0 ], [ -65.1661, -30.9683, 0.0 ], [ -65.1661, -30.9681, 0.0 ] ] ] ] } },
{ "type": "Feature", "properties": { "circuito": "00141", "codprov": "04", "coddepto": "010" }, "geometry": { "type": "MultiPolygon", "coordinates": [ [ [ [ -65.5012, -30.663, 0.0 ], [ -65.5482, -30.8062, 0.0 ], [ -65.6013, -31.0433, 0.0 ], [ -65.7824, -31.0377, 0.0 ], [ -65.7801, -31.2526, 0.0 ], [ -65.4257, -31.2547, 0.0 ], [ -65.4257, -31.1254, 0.0 ], [ -65.3701, -31.1259, 0.0 ], [ -65.3716, -31.1066, 0.0 ], [ -65.4249, -31.1062, 0.0 ], [ -65.4244, -31.0472, 0.0 ], [ -65.3792, -30.6976, 0.0 ], [ -65.3804, -30.6866, 0.0 ], [ -65.3975, -30.683, 0.0 ], [ -65.4587, -30.6707, 0.0 ], [ -65.5012, -30.663, 0.0 ] ] ] ] } },
{ "type": "Feature", "properties": { "circuito": "0139A", "codprov": "04", "coddepto": "010" }, "geometry": { "type": "MultiPolygon", "coordinates": [ [ [ [ -65.3792, -30.6976, 0.0 ], [ -65.3894, -30.7763, 0.0 ], [ -65.4023, -30.876, 0.0 ], [ -65.4086, -30.9252, 0.0 ], [ -65.3208, -30.925, 0.0 ], [ -65.3202, -30.9201, 0.0 ], [ -65.3202, -30.9036, 0.0 ], [ -65.3178, -30.8828, 0.0 ], [ -65.3233, -30.851, 0.0 ], [ -65.3294, -30.8168, 0.0 ], [ -65.3355, -30.7789, 0.0 ], [ -65.3465, -30.7062, 0.0 ], [ -65.3792, -30.6976, 0.0 ] ] ] ] } },
{ "type": "Feature", "properties": { "circuito": "0139B", "codprov": "04", "coddepto": "010" }, "geometry": { "type": "MultiPolygon", "coordinates": [ [ [ [ -65.4076, -30.9252, 0.0 ], [ -65.4086, -30.9246, 0.0 ], [ -65.4132, -30.9604, 0.0 ], [ -65.418, -30.9978, 0.0 ], [ -65.4244, -31.0472, 0.0 ], [ -65.4244, -31.0547, 0.0 ], [ -65.3834, -31.0547, 0.0 ], [ -65.3421, -31.0547, 0.0 ], [ -65.3341, -31.0582, 0.0 ], [ -65.3305, -31.0561, 0.0 ], [ -65.3237, -31.0526, 0.0 ], [ -65.3225, -31.0514, 0.0 ], [ -65.321, -31.052, 0.0 ], [ -65.318, -31.0511, 0.0 ], [ -65.3165, -31.0529, 0.0 ], [ -65.3137, -31.0523, 0.0 ], [ -65.3167, -31.0416, 0.0 ], [ -65.3209, -31.0321, 0.0 ], [ -65.3298, -31.0148, 0.0 ], [ -65.3345, -31.0018, 0.0 ], [ -65.3381, -30.9846, 0.0 ], [ -65.3339, -30.9667, 0.0 ], [ -65.3286, -30.9495, 0.0 ], [ -65.3208, -30.925, 0.0 ], [ -65.3547, -30.925, 0.0 ], [ -65.4076, -30.9252, 0.0 ] ] ] ] } },
{ "type": "Feature", "properties": { "circuito": "00139", "codprov": "04", "coddepto": "010" }, "geometry": { "type": "MultiPolygon", "coordinates": [ [ [ [ -65.4238, -31.0547, 0.0 ], [ -65.4244, -31.074, 0.0 ], [ -65.4248, -31.1031, 0.0 ], [ -65.4257, -31.1254, 0.0 ], [ -65.3866, -31.1256, 0.0 ], [ -65.3409, -31.1262, 0.0 ], [ -65.3243, -31.1271, 0.0 ], [ -65.2913, -31.1277, 0.0 ], [ -65.2934, -31.1164, 0.0 ], [ -65.2952, -31.1084, 0.0 ], [ -65.3002, -31.0909, 0.0 ], [ -65.307, -31.0757, 0.0 ], [ -65.3137, -31.0523, 0.0 ], [ -65.3165, -31.0529, 0.0 ], [ -65.318, -31.0511, 0.0 ], [ -65.321, -31.052, 0.0 ], [ -65.3237, -31.0526, 0.0 ], [ -65.3341, -31.0582, 0.0 ], [ -65.3421, -31.0547, 0.0 ], [ -65.3457, -31.0547, 0.0 ], [ -65.3834, -31.0547, 0.0 ], [ -65.4238, -31.0547, 0.0 ] ] ] ] } },
{ "type": "Feature", "properties": { "circuito": "00140", "codprov": "04", "coddepto": "010" }, "geometry": { "type": "MultiPolygon", "coordinates": [ [ [ [ -65.3396, -31.1263, 0.0 ], [ -65.3409, -31.1262, 0.0 ], [ -65.3408581, -31.1262801, 0.0 ], [ -65.3396, -31.1263, 0.0 ] ] ], [ [ [ -65.3408581, -31.1262801, 0.0 ], [ -65.371, -31.1258, 0.0 ], [ -65.4049, -31.1255, 0.0 ], [ -65.4257, -31.1254, 0.0 ], [ -65.4257, -31.1539, 0.0 ], [ -65.4257, -31.1703, 0.0 ], [ -65.4257, -31.1949, 0.0 ], [ -65.4257, -31.2294, 0.0 ], [ -65.4257, -31.2547, 0.0 ], [ -65.3217, -31.2548, 0.0 ], [ -65.3309, -31.2675, 0.0 ], [ -65.282, -31.268, 0.0 ], [ -65.2819, -31.2554, 0.0 ], [ -65.289, -31.2298, 0.0 ], [ -65.2969, -31.2059, 0.0 ], [ -65.3086, -31.182, 0.0 ], [ -65.3307, -31.1457, 0.0 ], [ -65.3408581, -31.1262801, 0.0 ] ] ] ] } },
{ "type": "Feature", "properties": { "circuito": "0140A", "codprov": "04", "coddepto": "010" }, "geometry": { "type": "MultiPolygon", "coordinates": [ [ [ [ -65.2819, -31.2554, 0.0 ], [ -65.2569, -31.2554, 0.0 ], [ -65.2274, -31.2554, 0.0 ], [ -65.2145, -31.2558, 0.0 ], [ -65.2127, -31.2529, 0.0 ], [ -65.2131, -31.248, 0.0 ], [ -65.2113, -31.243, 0.0 ], [ -65.2081, -31.239, 0.0 ], [ -65.2003, -31.233, 0.0 ], [ -65.1978, -31.2294, 0.0 ], [ -65.1931, -31.2255, 0.0 ], [ -65.1928, -31.2123, 0.0 ], [ -65.1924, -31.1799, 0.0 ], [ -65.1924, -31.1624, 0.0 ], [ -65.2512, -31.1624, 0.0 ], [ -65.3201, -31.1631, 0.0 ], [ -65.3104, -31.1791, 0.0 ], [ -65.2988, -31.2019, 0.0 ], [ -65.289, -31.2298, 0.0 ], [ -65.2819, -31.2554, 0.0 ] ] ] ] } },
{ "type": "Feature", "properties": { "circuito": "0138A", "codprov": "04", "coddepto": "010" }, "geometry": { "type": "MultiPolygon", "coordinates": [ [ [ [ -65.3356, -30.8824, 0.0 ], [ -65.3338, -30.8997, 0.0 ], [ -65.2991, -30.8997, 0.0 ], [ -65.2994, -30.9461, 0.0 ], [ -65.2348, -30.9462, 0.0 ], [ -65.232, -30.9435, 0.0 ], [ -65.2268, -30.9384, 0.0 ], [ -65.224, -30.9387, 0.0 ], [ -65.2232, -30.9363, 0.0 ], [ -65.2246, -30.9348, 0.0 ], [ -65.2243, -30.931, 0.0 ], [ -65.2208, -30.9316, 0.0 ], [ -65.2191, -30.9308, 0.0 ], [ -65.2133, -30.9258, 0.0 ], [ -65.1817, -30.9268, 0.0 ], [ -65.1778, -30.928, 0.0 ], [ -65.173, -30.9295, 0.0 ], [ -65.1678, -30.931, 0.0 ], [ -65.164, -30.9322, 0.0 ], [ -65.1616, -30.9329, 0.0 ], [ -65.1602, -30.9355, 0.0 ], [ -65.1565, -30.9417, 0.0 ], [ -65.1534, -30.9472, 0.0 ], [ -65.1527, -30.9486, 0.0 ], [ -65.1496, -30.9486, 0.0 ], [ -65.1466, -30.9486, 0.0 ], [ -65.1448, -30.9487, 0.0 ], [ -65.146, -30.9436, 0.0 ], [ -65.1477, -30.9416, 0.0 ], [ -65.1483, -30.938, 0.0 ], [ -65.149, -30.934, 0.0 ], [ -65.1482, -30.9343, 0.0 ], [ -65.1518, -30.9179, 0.0 ], [ -65.1554, -30.888, 0.0 ], [ -65.1564, -30.879, 0.0 ], [ -65.1707, -30.8758, 0.0 ], [ -65.1824, -30.8744, 0.0 ], [ -65.2179, -30.8799, 0.0 ], [ -65.3037, -30.8839, 0.0 ], [ -65.3356, -30.8824, 0.0 ] ] ] ] } },
{ "type": "Feature", "properties": { "circuito": "0138C", "codprov": "04", "coddepto": "010" }, "geometry": { "type": "MultiPolygon", "coordinates": [ [ [ [ -65.1924, -31.1624, 0.0 ], [ -65.1135, -31.1624, 0.0 ], [ -65.1137, -31.1311, 0.0 ], [ -65.1094, -31.1234, 0.0 ], [ -65.113, -31.1082, 0.0 ], [ -65.1191, -31.1016, 0.0 ], [ -65.1191, -31.097, 0.0 ], [ -65.1736, -31.0967, 0.0 ], [ -65.1748, -31.0972, 0.0 ], [ -65.1776, -31.098, 0.0 ], [ -65.1802, -31.098, 0.0 ], [ -65.1827, -31.0993, 0.0 ], [ -65.1865, -31.1005, 0.0 ], [ -65.1886, -31.1, 0.0 ], [ -65.1914, -31.099, 0.0 ], [ -65.1934, -31.097, 0.0 ], [ -65.1967, -31.0962, 0.0 ], [ -65.1993, -31.0942, 0.0 ], [ -65.2003, -31.0944, 0.0 ], [ -65.2023, -31.0967, 0.0 ], [ -65.2046, -31.096, 0.0 ], [ -65.2042, -31.0975, 0.0 ], [ -65.2983, -31.0975, 0.0 ], [ -65.2934, -31.1164, 0.0 ], [ -65.2913, -31.1277, 0.0 ], [ -65.3409, -31.1262, 0.0 ], [ -65.3193, -31.1631, 0.0 ], [ -65.2536, -31.1624, 0.0 ], [ -65.1924, -31.1624, 0.0 ] ] ] ] } },
{ "type": "Feature", "properties": { "circuito": "00142", "codprov": "04", "coddepto": "010" }, "geometry": { "type": "MultiPolygon", "coordinates": [ [ [ [ -65.1182, -31.0165, 0.0 ], [ -65.1192, -31.017, 0.0 ], [ -65.1202, -31.0183, 0.0 ], [ -65.121, -31.0198, 0.0 ], [ -65.1228, -31.0206, 0.0 ], [ -65.1309, -31.0209, 0.0 ], [ -65.1355, -31.0211, 0.0 ], [ -65.1386, -31.0211, 0.0 ], [ -65.1393, -31.0221, 0.0 ], [ -65.1419, -31.0214, 0.0 ], [ -65.1449, -31.0221, 0.0 ], [ -65.147, -31.0229, 0.0 ], [ -65.1492, -31.0229, 0.0 ], [ -65.1508, -31.0249, 0.0 ], [ -65.1528, -31.0267, 0.0 ], [ -65.1533, -31.0293, 0.0 ], [ -65.1532, -31.0317, 0.0 ], [ -65.1531, -31.0341, 0.0 ], [ -65.1536, -31.0369, 0.0 ], [ -65.1548, -31.0382, 0.0 ], [ -65.1574, -31.041, 0.0 ], [ -65.1597, -31.0425, 0.0 ], [ -65.1589, -31.045, 0.0 ], [ -65.1586, -31.047, 0.0 ], [ -65.1589, -31.0484, 0.0 ], [ -65.1599, -31.0505, 0.0 ], [ -65.1611, -31.0531, 0.0 ], [ -65.1641, -31.0596, 0.0 ], [ -65.1668, -31.0657, 0.0 ], [ -65.1666, -31.0695, 0.0 ], [ -65.1658, -31.0738, 0.0 ], [ -65.1668, -31.076, 0.0 ], [ -65.1683, -31.079, 0.0 ], [ -65.1699, -31.0825, 0.0 ], [ -65.1709, -31.0855, 0.0 ], [ -65.1726, -31.0905, 0.0 ], [ -65.1748, -31.0972, 0.0 ], [ -65.1736, -31.0967, 0.0 ], [ -65.175, -31.1008, 0.0 ], [ -65.1732, -31.1049, 0.0 ], [ -65.1709, -31.1059, 0.0 ], [ -65.1701, -31.1079, 0.0 ], [ -65.1727, -31.1107, 0.0 ], [ -65.1742, -31.1181, 0.0 ], [ -65.1734, -31.1239, 0.0 ], [ -65.1757, -31.1301, 0.0 ], [ -65.1602, -31.1303, 0.0 ], [ -65.1337, -31.1311, 0.0 ], [ -65.1137, -31.1311, 0.0 ], [ -65.1137, -31.1382, 0.0 ], [ -65.1135, -31.1568, 0.0 ], [ -65.1135, -31.1624, 0.0 ], [ -65.1523, -31.1624, 0.0 ], [ -65.1864, -31.1624, 0.0 ], [ -65.1924, -31.1624, 0.0 ], [ -65.1924, -31.1777, 0.0 ], [ -65.1928, -31.2123, 0.0 ], [ -65.1931, -31.2255, 0.0 ], [ -65.1462, -31.225, 0.0 ], [ -65.1398, -31.225, 0.0 ], [ -65.1408, -31.2466, 0.0 ], [ -65.1368, -31.2533, 0.0 ], [ -65.136, -31.2566, 0.0 ], [ -65.0663, -31.2571, 0.0 ], [ -64.9996, -31.2578, 0.0 ], [ -64.9561, -31.2578, 0.0 ], [ -64.9285, -31.2579, 0.0 ], [ -64.9276, -31.2339, 0.0 ], [ -64.9375, -31.2184, 0.0 ], [ -64.94, -31.212, 0.0 ], [ -64.9377, -31.1937, 0.0 ], [ -64.9433, -31.1883, 0.0 ], [ -64.9477, -31.1789, 0.0 ], [ -64.9538, -31.1736, 0.0 ], [ -64.9594, -31.1657, 0.0 ], [ -64.9617, -31.1512, 0.0 ], [ -64.966, -31.1446, 0.0 ], [ -64.98, -31.1092, 0.0 ], [ -64.9838, -31.1041, 0.0 ], [ -65.0105, -31.0822, 0.0 ], [ -65.0136, -31.0723, 0.0 ], [ -65.0373, -31.0524, 0.0 ], [ -65.0446, -31.0476, 0.0 ], [ -65.052, -31.0435, 0.0 ], [ -65.0635, -31.0351, 0.0 ], [ -65.0777, -31.0359, 0.0 ], [ -65.0953, -31.0389, 0.0 ], [ -65.1197, -31.0308, 0.0 ], [ -65.1187, -31.017, 0.0 ], [ -65.1182, -31.0165, 0.0 ] ] ] ] } },
{ "type": "Feature", "properties": { "circuito": "0142A", "codprov": "04", "coddepto": "010" }, "geometry": { "type": "MultiPolygon", "coordinates": [ [ [ [ -65.2145, -31.2558, 0.0 ], [ -65.1691, -31.2563, 0.0 ], [ -65.1508, -31.2568, 0.0 ], [ -65.136, -31.2566, 0.0 ], [ -65.1368, -31.2533, 0.0 ], [ -65.1408, -31.2466, 0.0 ], [ -65.1404, -31.2367, 0.0 ], [ -65.1398, -31.225, 0.0 ], [ -65.1671, -31.2252, 0.0 ], [ -65.1931, -31.2255, 0.0 ], [ -65.1965, -31.2284, 0.0 ], [ -65.1988, -31.231, 0.0 ], [ -65.2004, -31.2347, 0.0 ], [ -65.2032, -31.2367, 0.0 ], [ -65.2051, -31.2367, 0.0 ], [ -65.2081, -31.239, 0.0 ], [ -65.2113, -31.243, 0.0 ], [ -65.2131, -31.248, 0.0 ], [ -65.2127, -31.2529, 0.0 ], [ -65.2145, -31.2558, 0.0 ] ] ] ] } },
{ "type": "Feature", "properties": { "circuito": "00138", "codprov": "04", "coddepto": "010" }, "geometry": { "type": "MultiPolygon", "coordinates": [ [ [ [ -65.2983, -31.0975, 0.0 ], [ -65.2764, -31.0975, 0.0 ], [ -65.2448, -31.0975, 0.0 ], [ -65.2232, -31.0975, 0.0 ], [ -65.227, -31.0952, 0.0 ], [ -65.2273, -31.0939, 0.0 ], [ -65.2276, -31.0928, 0.0 ], [ -65.2278, -31.092, 0.0 ], [ -65.2282, -31.0906, 0.0 ], [ -65.2286, -31.0888, 0.0 ], [ -65.2291, -31.0871, 0.0 ], [ -65.2294, -31.0859, 0.0 ], [ -65.2301, -31.0832, 0.0 ], [ -65.2285, -31.0809, 0.0 ], [ -65.2267, -31.0758, 0.0 ], [ -65.2252, -31.0733, 0.0 ], [ -65.2252, -31.0718, 0.0 ], [ -65.2242, -31.0708, 0.0 ], [ -65.222, -31.0652, 0.0 ], [ -65.2206, -31.0616, 0.0 ], [ -65.2199, -31.0606, 0.0 ], [ -65.2196, -31.0583, 0.0 ], [ -65.2194, -31.056, 0.0 ], [ -65.2201, -31.054, 0.0 ], [ -65.2212, -31.0529, 0.0 ], [ -65.2219, -31.0456, 0.0 ], [ -65.2225, -31.0406, 0.0 ], [ -65.2257, -31.0412, 0.0 ], [ -65.2277, -31.0395, 0.0 ], [ -65.2315, -31.0388, 0.0 ], [ -65.2328, -31.0352, 0.0 ], [ -65.2351, -31.0308, 0.0 ], [ -65.2295, -31.027, 0.0 ], [ -65.2291, -31.0248, 0.0 ], [ -65.2279, -31.0223, 0.0 ], [ -65.2287, -31.0201, 0.0 ], [ -65.2255, -31.017, 0.0 ], [ -65.2254, -31.0151, 0.0 ], [ -65.224, -31.0132, 0.0 ], [ -65.2238, -31.0109, 0.0 ], [ -65.2224, -31.0093, 0.0 ], [ -65.2218, -31.008, 0.0 ], [ -65.2229, -31.0063, 0.0 ], [ -65.2251, -31.0049, 0.0 ], [ -65.2268, -31.003, 0.0 ], [ -65.2265, -30.9995, 0.0 ], [ -65.223, -30.9978, 0.0 ], [ -65.2205, -30.9934, 0.0 ], [ -65.2183, -30.9926, 0.0 ], [ -65.2172, -30.9918, 0.0 ], [ -65.2175, -30.9899, 0.0 ], [ -65.218, -30.9888, 0.0 ], [ -65.2171, -30.9872, 0.0 ], [ -65.2173, -30.9852, 0.0 ], [ -65.22, -30.9844, 0.0 ], [ -65.2219, -30.984, 0.0 ], [ -65.2241, -30.9807, 0.0 ], [ -65.2277, -30.9805, 0.0 ], [ -65.2287, -30.973, 0.0 ], [ -65.2295, -30.9723, 0.0 ], [ -65.2298, -30.9694, 0.0 ], [ -65.2299, -30.9675, 0.0 ], [ -65.2331, -30.966, 0.0 ], [ -65.234, -30.9657, 0.0 ], [ -65.2342, -30.9643, 0.0 ], [ -65.2367, -30.9628, 0.0 ], [ -65.2379, -30.9609, 0.0 ], [ -65.2381, -30.959, 0.0 ], [ -65.2375, -30.9568, 0.0 ], [ -65.2359, -30.9543, 0.0 ], [ -65.2348, -30.9525, 0.0 ], [ -65.2373, -30.9524, 0.0 ], [ -65.2383, -30.9517, 0.0 ], [ -65.2384, -30.95, 0.0 ], [ -65.2367, -30.9499, 0.0 ], [ -65.2345, -30.9477, 0.0 ], [ -65.2348, -30.9462, 0.0 ], [ -65.2606, -30.9462, 0.0 ], [ -65.2932, -30.9461, 0.0 ], [ -65.2994, -30.9461, 0.0 ], [ -65.3008, -30.945, 0.0 ], [ -65.3272, -30.9452, 0.0 ], [ -65.3309, -30.9571, 0.0 ], [ -65.3343, -30.9683, 0.0 ], [ -65.3378, -30.986, 0.0 ], [ -65.333, -31.0059, 0.0 ], [ -65.3301, -31.014, 0.0 ], [ -65.3167, -31.0416, 0.0 ], [ -65.3084, -31.0709, 0.0 ], [ -65.3002, -31.0909, 0.0 ], [ -65.2983, -31.0975, 0.0 ] ] ] ] } },
{ "type": "Feature", "properties": { "circuito": "0138D", "codprov": "04", "coddepto": "010" }, "geometry": { "type": "MultiPolygon", "coordinates": [ [ [ [ -65.3338, -30.8997, 0.0 ], [ -65.3199, -30.9009, 0.0 ], [ -65.3204, -30.9216, 0.0 ], [ -65.3221, -30.9291, 0.0 ], [ -65.327, -30.9445, 0.0 ], [ -65.3026, -30.945, 0.0 ], [ -65.2993, -30.9445, 0.0 ], [ -65.2992, -30.9191, 0.0 ], [ -65.2994, -30.8837, 0.0 ], [ -65.3356, -30.8824, 0.0 ], [ -65.3338, -30.8997, 0.0 ] ] ] ] } },
{ "type": "Feature", "properties": { "circuito": "00144", "codprov": "04", "coddepto": "011" }, "geometry": { "type": "MultiPolygon", "coordinates": [ [ [ [ -65.3988, -31.5274, 0.0 ], [ -65.399, -31.5278, 0.0 ], [ -65.3145, -31.5472, 0.0 ], [ -65.324, -31.5338, 0.0 ], [ -65.349, -31.4881, 0.0 ], [ -65.4021, -31.4851, 0.0 ], [ -65.3917, -31.4726, 0.0 ], [ -65.3936, -31.4722, 0.0 ], [ -65.4238, -31.473, 0.0 ], [ -65.423, -31.4851, 0.0 ], [ -65.435, -31.4894, 0.0 ], [ -65.4954, -31.4877, 0.0 ], [ -65.4816, -31.4704, 0.0 ], [ -65.4678, -31.4411, 0.0 ], [ -65.4376, -31.4429, 0.0 ], [ -65.3678, -31.442, 0.0 ], [ -65.3876, -31.3765, 0.0 ], [ -65.4074, -31.3187, 0.0 ], [ -65.4264, -31.254, 0.0 ], [ -65.5247, -31.2532, 0.0 ], [ -65.6764, -31.2523, 0.0 ], [ -65.7799, -31.2497, 0.0 ], [ -65.7799, -31.2765, 0.0 ], [ -65.779, -31.3368, 0.0 ], [ -65.7782, -31.3928, 0.0 ], [ -65.7773, -31.5161, 0.0 ], [ -65.7204, -31.5161, 0.0 ], [ -65.6152, -31.5187, 0.0 ], [ -65.504, -31.5299, 0.0 ], [ -65.4428, -31.5317, 0.0 ], [ -65.3988, -31.5274, 0.0 ] ] ] ] } },
{ "type": "Feature", "properties": { "circuito": "00145", "codprov": "04", "coddepto": "011" }, "geometry": { "type": "MultiPolygon", "coordinates": [ [ [ [ -65.3678, -31.442, 0.0 ], [ -65.4111, -31.4425, 0.0 ], [ -65.4376, -31.4429, 0.0 ], [ -65.4678, -31.4411, 0.0 ], [ -65.4711, -31.4483, 0.0 ], [ -65.4809, -31.469, 0.0 ], [ -65.4816, -31.4704, 0.0 ], [ -65.4832, -31.4725, 0.0 ], [ -65.4954, -31.4877, 0.0 ], [ -65.435, -31.4894, 0.0 ], [ -65.423, -31.4851, 0.0 ], [ -65.4184, -31.4853, 0.0 ], [ -65.4238, -31.473, 0.0 ], [ -65.4127, -31.4727, 0.0 ], [ -65.3917, -31.4726, 0.0 ], [ -65.4021, -31.4851, 0.0 ], [ -65.3877, -31.4859, 0.0 ], [ -65.349, -31.4881, 0.0 ], [ -65.324, -31.5338, 0.0 ], [ -65.3145, -31.5472, 0.0 ], [ -65.2989, -31.5748, 0.0 ], [ -65.2705, -31.6205, 0.0 ], [ -65.2585, -31.6182, 0.0 ], [ -65.2456, -31.6162, 0.0 ], [ -65.2306, -31.6115, 0.0 ], [ -65.2171, -31.6032, 0.0 ], [ -65.2052, -31.5975, 0.0 ], [ -65.1861, -31.5815, 0.0 ], [ -65.1825, -31.5748, 0.0 ], [ -65.1675, -31.5577, 0.0 ], [ -65.1649, -31.5536, 0.0 ], [ -65.1514, -31.5261, 0.0 ], [ -65.1478, -31.5122, 0.0 ], [ -65.1623, -31.5034, 0.0 ], [ -65.1814, -31.4677, 0.0 ], [ -65.1995, -31.4372, 0.0 ], [ -65.2006, -31.4087, 0.0 ], [ -65.2626, -31.4304, 0.0 ], [ -65.2725, -31.4315, 0.0 ], [ -65.2942, -31.4475, 0.0 ], [ -65.3678, -31.442, 0.0 ] ] ] ] } },
{ "type": "Feature", "properties": { "circuito": "0145A", "codprov": "04", "coddepto": "011" }, "geometry": { "type": "MultiPolygon", "coordinates": [ [ [ [ -65.4264, -31.254, 0.0 ], [ -65.4129, -31.3001, 0.0 ], [ -65.3876, -31.3765, 0.0 ], [ -65.3685, -31.4396, 0.0 ], [ -65.3678, -31.442, 0.0 ], [ -65.2942, -31.4475, 0.0 ], [ -65.287, -31.4422, 0.0 ], [ -65.2725, -31.4315, 0.0 ], [ -65.2606, -31.4297, 0.0 ], [ -65.2412, -31.4229, 0.0 ], [ -65.2006, -31.4087, 0.0 ], [ -65.2016, -31.3916, 0.0 ], [ -65.2011, -31.3632, 0.0 ], [ -65.2037, -31.3218, 0.0 ], [ -65.2042, -31.3192, 0.0 ], [ -65.1928, -31.2856, 0.0 ], [ -65.1887, -31.2566, 0.0 ], [ -65.259, -31.2561, 0.0 ], [ -65.318, -31.2546, 0.0 ], [ -65.3609, -31.2546, 0.0 ], [ -65.4264, -31.254, 0.0 ] ] ] ] } },
{ "type": "Feature", "properties": { "circuito": "00146", "codprov": "04", "coddepto": "011" }, "geometry": { "type": "MultiPolygon", "coordinates": [ [ [ [ -65.2016, -31.3916, 0.0 ], [ -65.2006, -31.4087, 0.0 ], [ -65.2001, -31.4389, 0.0 ], [ -65.1807, -31.4691, 0.0 ], [ -65.1775, -31.4749, 0.0 ], [ -65.173, -31.4835, 0.0 ], [ -65.1666, -31.4953, 0.0 ], [ -65.1623, -31.5034, 0.0 ], [ -65.1488, -31.5116, 0.0 ], [ -65.1462, -31.498, 0.0 ], [ -65.1445, -31.4747, 0.0 ], [ -65.1418, -31.4583, 0.0 ], [ -65.1264, -31.441, 0.0 ], [ -65.1207, -31.4336, 0.0 ], [ -65.1103, -31.4246, 0.0 ], [ -65.0952, -31.4172, 0.0 ], [ -65.077, -31.4121, 0.0 ], [ -65.0658, -31.4092, 0.0 ], [ -65.061, -31.4089, 0.0 ], [ -65.0543, -31.4085, 0.0 ], [ -65.0497, -31.4079, 0.0 ], [ -65.0516, -31.4052, 0.0 ], [ -65.0468, -31.3956, 0.0 ], [ -65.0496, -31.3951, 0.0 ], [ -65.0477, -31.3912, 0.0 ], [ -65.0472, -31.3887, 0.0 ], [ -65.0471, -31.3854, 0.0 ], [ -65.0479, -31.384, 0.0 ], [ -65.0479, -31.3816, 0.0 ], [ -65.0499, -31.382, 0.0 ], [ -65.0499, -31.3803, 0.0 ], [ -65.0469, -31.3766, 0.0 ], [ -65.0469, -31.3374, 0.0 ], [ -65.0409, -31.336, 0.0 ], [ -65.0362, -31.3354, 0.0 ], [ -65.0358, -31.3317, 0.0 ], [ -65.0409, -31.3297, 0.0 ], [ -65.0415, -31.3263, 0.0 ], [ -65.0469, -31.3256, 0.0 ], [ -65.0466, -31.2569, 0.0 ], [ -65.1089, -31.2576, 0.0 ], [ -65.1636, -31.2566, 0.0 ], [ -65.1887, -31.2566, 0.0 ], [ -65.1925, -31.2833, 0.0 ], [ -65.2037, -31.3218, 0.0 ], [ -65.2011, -31.3624, 0.0 ], [ -65.2016, -31.3916, 0.0 ] ] ] ] } },
{ "type": "Feature", "properties": { "circuito": "0146A", "codprov": "04", "coddepto": "011" }, "geometry": { "type": "MultiPolygon", "coordinates": [ [ [ [ -65.027, -31.406, 0.0 ], [ -65.0231, -31.4055, 0.0 ], [ -65.0001, -31.4027, 0.0 ], [ -64.9937, -31.4031, 0.0 ], [ -64.9474, -31.3904, 0.0 ], [ -64.9336, -31.3868, 0.0 ], [ -64.9264, -31.3883, 0.0 ], [ -64.9314, -31.3401, 0.0 ], [ -64.9361, -31.2858, 0.0 ], [ -64.9282, -31.2637, 0.0 ], [ -64.9275, -31.2579, 0.0 ], [ -64.9894, -31.2579, 0.0 ], [ -65.0466, -31.2569, 0.0 ], [ -65.0467, -31.2898, 0.0 ], [ -65.0469, -31.3256, 0.0 ], [ -65.0415, -31.3263, 0.0 ], [ -65.0409, -31.3297, 0.0 ], [ -65.0358, -31.3317, 0.0 ], [ -65.0361, -31.3343, 0.0 ], [ -65.0368, -31.3356, 0.0 ], [ -65.0413, -31.3361, 0.0 ], [ -65.0434, -31.3366, 0.0 ], [ -65.0469, -31.3374, 0.0 ], [ -65.0469, -31.3381, 0.0 ], [ -65.0469, -31.3595, 0.0 ], [ -65.0469, -31.3759, 0.0 ], [ -65.0337, -31.3759, 0.0 ], [ -65.0332, -31.3814, 0.0 ], [ -65.033, -31.3845, 0.0 ], [ -65.033, -31.3872, 0.0 ], [ -65.0319, -31.3902, 0.0 ], [ -65.0317, -31.3926, 0.0 ], [ -65.0315, -31.395, 0.0 ], [ -65.0312, -31.3969, 0.0 ], [ -65.0312, -31.3986, 0.0 ], [ -65.0312, -31.3997, 0.0 ], [ -65.0312, -31.4007, 0.0 ], [ -65.0305, -31.4022, 0.0 ], [ -65.0302, -31.4032, 0.0 ], [ -65.0305, -31.4039, 0.0 ], [ -65.0299, -31.4057, 0.0 ], [ -65.0298, -31.4062, 0.0 ], [ -65.027, -31.406, 0.0 ] ] ] ] } },
{ "type": "Feature", "properties": { "circuito": "0146C", "codprov": "04", "coddepto": "011" }, "geometry": { "type": "MultiPolygon", "coordinates": [ [ [ [ -65.0497, -31.4079, 0.0 ], [ -65.0467, -31.4077, 0.0 ], [ -65.0374, -31.4071, 0.0 ], [ -65.0307, -31.4068, 0.0 ], [ -65.0298, -31.4062, 0.0 ], [ -65.0302, -31.4049, 0.0 ], [ -65.0308, -31.4047, 0.0 ], [ -65.0302, -31.4032, 0.0 ], [ -65.0295, -31.4023, 0.0 ], [ -65.0286, -31.4019, 0.0 ], [ -65.0286, -31.4015, 0.0 ], [ -65.0292, -31.4008, 0.0 ], [ -65.0289, -31.4003, 0.0 ], [ -65.0285, -31.3994, 0.0 ], [ -65.0282, -31.3986, 0.0 ], [ -65.0282, -31.3977, 0.0 ], [ -65.029, -31.3974, 0.0 ], [ -65.0298, -31.397, 0.0 ], [ -65.0304, -31.3967, 0.0 ], [ -65.031, -31.3959, 0.0 ], [ -65.0304, -31.3954, 0.0 ], [ -65.0297, -31.3944, 0.0 ], [ -65.0297, -31.3759, 0.0 ], [ -65.0385, -31.3759, 0.0 ], [ -65.0469, -31.3763, 0.0 ], [ -65.0471, -31.3781, 0.0 ], [ -65.0484, -31.3784, 0.0 ], [ -65.0484, -31.379, 0.0 ], [ -65.0487, -31.3794, 0.0 ], [ -65.0491, -31.3793, 0.0 ], [ -65.0497, -31.38, 0.0 ], [ -65.0506, -31.3804, 0.0 ], [ -65.0499, -31.382, 0.0 ], [ -65.0479, -31.3816, 0.0 ], [ -65.0474, -31.3815, 0.0 ], [ -65.0474, -31.3821, 0.0 ], [ -65.0474, -31.3826, 0.0 ], [ -65.0479, -31.383, 0.0 ], [ -65.0484, -31.3839, 0.0 ], [ -65.0481, -31.3849, 0.0 ], [ -65.0475, -31.3848, 0.0 ], [ -65.0471, -31.3854, 0.0 ], [ -65.0471, -31.3862, 0.0 ], [ -65.0477, -31.3865, 0.0 ], [ -65.0479, -31.3876, 0.0 ], [ -65.0472, -31.3887, 0.0 ], [ -65.0473, -31.3911, 0.0 ], [ -65.0482, -31.3912, 0.0 ], [ -65.0491, -31.3919, 0.0 ], [ -65.0497, -31.3931, 0.0 ], [ -65.0492, -31.3943, 0.0 ], [ -65.0496, -31.3951, 0.0 ], [ -65.0479, -31.3958, 0.0 ], [ -65.047, -31.396, 0.0 ], [ -65.0468, -31.3969, 0.0 ], [ -65.0477, -31.3974, 0.0 ], [ -65.0484, -31.3988, 0.0 ], [ -65.0487, -31.4001, 0.0 ], [ -65.0495, -31.4011, 0.0 ], [ -65.0501, -31.4022, 0.0 ], [ -65.051, -31.4039, 0.0 ], [ -65.0517, -31.4043, 0.0 ], [ -65.0519, -31.4047, 0.0 ], [ -65.0511, -31.4052, 0.0 ], [ -65.0503, -31.4058, 0.0 ], [ -65.0499, -31.406, 0.0 ], [ -65.0497, -31.4079, 0.0 ] ] ] ] } },
{ "type": "Feature", "properties": { "circuito": "0144B", "codprov": "04", "coddepto": "011" }, "geometry": { "type": "MultiPolygon", "coordinates": [ [ [ [ -65.4742, -31.6925, 0.0 ], [ -65.473, -31.6163, 0.0 ], [ -65.402, -31.6169, 0.0 ], [ -65.4025, -31.6461, 0.0 ], [ -65.2804, -31.6443, 0.0 ], [ -65.2784, -31.6238, 0.0 ], [ -65.2735, -31.6218, 0.0 ], [ -65.2705, -31.6205, 0.0 ], [ -65.3026, -31.5682, 0.0 ], [ -65.3145, -31.5472, 0.0 ], [ -65.3988, -31.5274, 0.0 ], [ -65.4428, -31.5317, 0.0 ], [ -65.504, -31.5299, 0.0 ], [ -65.6152, -31.5187, 0.0 ], [ -65.6149, -31.5297, 0.0 ], [ -65.6149, -31.5496, 0.0 ], [ -65.6155, -31.5764, 0.0 ], [ -65.6149, -31.7464, 0.0 ], [ -65.6205, -31.7594, 0.0 ], [ -65.5066, -31.7601, 0.0 ], [ -65.4924, -31.6937, 0.0 ], [ -65.4742, -31.6925, 0.0 ] ] ] ] } },
{ "type": "Feature", "properties": { "circuito": "0144A", "codprov": "04", "coddepto": "011" }, "geometry": { "type": "MultiPolygon", "coordinates": [ [ [ [ -65.7773, -31.5161, 0.0 ], [ -65.7774, -31.5546, 0.0 ], [ -65.7755, -31.6412, 0.0 ], [ -65.7743, -31.7445, 0.0 ], [ -65.6877, -31.7457, 0.0 ], [ -65.6149, -31.7464, 0.0 ], [ -65.6152, -31.6548, 0.0 ], [ -65.6155, -31.5783, 0.0 ], [ -65.6152, -31.5187, 0.0 ], [ -65.6628, -31.5176, 0.0 ], [ -65.7326, -31.5161, 0.0 ], [ -65.7773, -31.5161, 0.0 ] ] ] ] } },
{ "type": "Feature", "properties": { "circuito": "0146B", "codprov": "04", "coddepto": "011" }, "geometry": { "type": "MultiPolygon", "coordinates": [ [ [ [ -64.9319, -31.3343, 0.0 ], [ -64.9306, -31.3522, 0.0 ], [ -64.9254596, -31.4019318, 0.0 ], [ -64.8294, -31.4153, 0.0 ], [ -64.8856261, -31.3112199, 0.0 ], [ -64.9319, -31.3343, 0.0 ] ] ] ] } },
{ "type": "Feature", "properties": { "circuito": "00173", "codprov": "04", "coddepto": "013" }, "geometry": { "type": "MultiPolygon", "coordinates": [ [ [ [ -64.5415, -34.1876, 0.0 ], [ -64.535, -34.1868, 0.0 ], [ -64.5268, -34.1811, 0.0 ], [ -64.5228, -34.1787, 0.0 ], [ -64.5154, -34.1787, 0.0 ], [ -64.5122, -34.186, 0.0 ], [ -64.5057, -34.1893, 0.0 ], [ -64.4951, -34.1917, 0.0 ], [ -64.4886, -34.1925, 0.0 ], [ -64.4788, -34.1958, 0.0 ], [ -64.4723, -34.2007, 0.0 ], [ -64.4682, -34.2039, 0.0 ], [ -64.4576, -34.2064, 0.0 ], [ -64.4471, -34.2096, 0.0 ], [ -64.4389, -34.2121, 0.0 ], [ -64.4349, -34.2129, 0.0 ], [ -64.4308, -34.2104, 0.0 ], [ -64.4186, -34.2096, 0.0 ], [ -64.4112, -34.208, 0.0 ], [ -64.4072, -34.2039, 0.0 ], [ -64.3958, -34.2023, 0.0 ], [ -64.3881, -34.2034, 0.0 ], [ -64.3746, -34.2064, 0.0 ], [ -64.3673, -34.2047, 0.0 ], [ -64.3526, -34.2056, 0.0 ], [ -64.3339, -34.2072, 0.0 ], [ -64.3168, -34.2096, 0.0 ], [ -64.3079, -34.2096, 0.0 ], [ -64.294, -34.2096, 0.0 ], [ -64.2859, -34.2153, 0.0 ], [ -64.2729, -34.2194, 0.0 ], [ -64.2655, -34.2218, 0.0 ], [ -64.255, -34.221, 0.0 ], [ -64.2476, -34.2243, 0.0 ], [ -64.2322, -34.2324, 0.0 ], [ -64.2175, -34.2316, 0.0 ], [ -64.2069, -34.2194, 0.0 ], [ -64.1939, -34.2113, 0.0 ], [ -64.1719, -34.2015, 0.0 ], [ -64.1565, -34.1901, 0.0 ], [ -64.1394, -34.1811, 0.0 ], [ -64.1158, -34.1762, 0.0 ], [ -64.1003, -34.1762, 0.0 ], [ -64.0832, -34.1697, 0.0 ], [ -64.0531, -34.1583, 0.0 ], [ -64.0523, -34.125, 0.0 ], [ -64.0531, -34.0891, 0.0 ], [ -64.0856, -34.0908, 0.0 ], [ -64.1996, -34.09, 0.0 ], [ -64.2004, -34.125, 0.0 ], [ -64.2566, -34.1331, 0.0 ], [ -64.3119, -34.1421, 0.0 ], [ -64.3136, -34.1193, 0.0 ], [ -64.3754, -34.1185, 0.0 ], [ -64.4275, -34.1201, 0.0 ], [ -64.4829, -34.1209, 0.0 ], [ -64.5008, -34.1185, 0.0 ], [ -64.5405, -34.1183, 0.0 ], [ -64.5415, -34.1876, 0.0 ] ] ] ] } },
{ "type": "Feature", "properties": { "circuito": "00180", "codprov": "04", "coddepto": "013" }, "geometry": { "type": "MultiPolygon", "coordinates": [ [ [ [ -64.3138, -32.6691, 0.0 ], [ -64.2967, -32.617, 0.0 ], [ -64.2617, -32.6227, 0.0 ], [ -64.2528, -32.6552, 0.0 ], [ -64.1925, -32.6601, 0.0 ], [ -64.2047, -32.7366, 0.0 ], [ -64.1925, -32.7342, 0.0 ], [ -64.1819, -32.7317, 0.0 ], [ -64.1591, -32.7303, 0.0 ], [ -64.1592, -32.7203, 0.0 ], [ -64.1541, -32.7143, 0.0 ], [ -64.1502, -32.7098, 0.0 ], [ -64.1388, -32.7098, 0.0 ], [ -64.1331, -32.7155, 0.0 ], [ -64.1111, -32.7155, 0.0 ], [ -64.1038, -32.7089, 0.0 ], [ -64.1022, -32.7008, 0.0 ], [ -64.0965, -32.6956, 0.0 ], [ -64.0916, -32.691, 0.0 ], [ -64.0721, -32.6894, 0.0 ], [ -64.0598, -32.6862, 0.0 ], [ -64.0501, -32.6862, 0.0 ], [ -64.0419, -32.678, 0.0 ], [ -64.0289, -32.6715, 0.0 ], [ -64.0151, -32.6642, 0.0 ], [ -64.0043, -32.6569, 0.0 ], [ -63.9906, -32.6012, 0.0 ], [ -63.9727, -32.5274, 0.0 ], [ -63.9616, -32.4886, 0.0 ], [ -63.9399, -32.4783, 0.0 ], [ -63.9215, -32.4688, 0.0 ], [ -63.9109, -32.4265, 0.0 ], [ -63.9003, -32.3825, 0.0 ], [ -63.9793, -32.3654, 0.0 ], [ -63.975, -32.3356, 0.0 ], [ -64.0354, -32.328, 0.0 ], [ -64.0615, -32.3182, 0.0 ], [ -64.1298, -32.3158, 0.0 ], [ -64.1901, -32.315, 0.0 ], [ -64.2381, -32.3117, 0.0 ], [ -64.2406, -32.3418, 0.0 ], [ -64.2438, -32.3597, 0.0 ], [ -64.2601, -32.3597, 0.0 ], [ -64.2601, -32.3801, 0.0 ], [ -64.2568, -32.3996, 0.0 ], [ -64.2804, -32.3947, 0.0 ], [ -64.3122, -32.3874, 0.0 ], [ -64.3203, -32.4086, 0.0 ], [ -64.326, -32.4257, 0.0 ], [ -64.348, -32.5771, 0.0 ], [ -64.3391, -32.6251, 0.0 ], [ -64.3382, -32.6642, 0.0 ], [ -64.3146, -32.6691, 0.0 ], [ -64.3138, -32.6691, 0.0 ] ] ] ] } },
{ "type": "Feature", "properties": { "circuito": "00166", "codprov": "04", "coddepto": "013" }, "geometry": { "type": "MultiPolygon", "coordinates": [ [ [ [ -64.3371, -32.5017, 0.0 ], [ -64.326, -32.4257, 0.0 ], [ -64.3741, -32.4167, 0.0 ], [ -64.427, -32.4045, 0.0 ], [ -64.4327, -32.4126, 0.0 ], [ -64.4359, -32.4419, 0.0 ], [ -64.4367, -32.4623, 0.0 ], [ -64.44, -32.481, 0.0 ], [ -64.4465, -32.4892, 0.0 ], [ -64.4693, -32.4867, 0.0 ], [ -64.4742, -32.5006, 0.0 ], [ -64.4164, -32.5128, 0.0 ], [ -64.4148, -32.5095, 0.0 ], [ -64.3936, -32.512, 0.0 ], [ -64.34, -32.5221, 0.0 ], [ -64.337, -32.5014, 0.0 ], [ -64.3371, -32.5017, 0.0 ] ] ] ] } },
{ "type": "Feature", "properties": { "circuito": "00170", "codprov": "04", "coddepto": "013" }, "geometry": { "type": "MultiPolygon", "coordinates": [ [ [ [ -64.348, -32.5771, 0.0 ], [ -64.3399, -32.5209, 0.0 ], [ -64.3936, -32.512, 0.0 ], [ -64.4148, -32.5095, 0.0 ], [ -64.4164, -32.5128, 0.0 ], [ -64.4484, -32.506, 0.0 ], [ -64.4742, -32.5006, 0.0 ], [ -64.4869, -32.5419, 0.0 ], [ -64.5124, -32.6178, 0.0 ], [ -64.4555, -32.6316, 0.0 ], [ -64.3765, -32.6536, 0.0 ], [ -64.3383, -32.6617, 0.0 ], [ -64.3387, -32.6431, 0.0 ], [ -64.339, -32.6284, 0.0 ], [ -64.348, -32.5771, 0.0 ] ] ] ] } },
{ "type": "Feature", "properties": { "circuito": "00162", "codprov": "04", "coddepto": "013" }, "geometry": { "type": "MultiPolygon", "coordinates": [ [ [ [ -64.0536041, -32.9314261, 0.0 ], [ -64.0301, -32.9374, 0.0 ], [ -64.028, -32.9277, 0.0 ], [ -64.015, -32.9293, 0.0 ], [ -64.0097, -32.9032, 0.0 ], [ -64.0219, -32.9028, 0.0 ], [ -64.0056, -32.8243, 0.0 ], [ -63.9865, -32.7408, 0.0 ], [ -64.0288, -32.7547, 0.0 ], [ -64.0061, -32.6593, 0.0 ], [ -64.0419, -32.678, 0.0 ], [ -64.0501, -32.6862, 0.0 ], [ -64.0598, -32.6862, 0.0 ], [ -64.0721, -32.6894, 0.0 ], [ -64.0916, -32.691, 0.0 ], [ -64.1022, -32.7008, 0.0 ], [ -64.1038, -32.7089, 0.0 ], [ -64.1111, -32.7155, 0.0 ], [ -64.1331, -32.7155, 0.0 ], [ -64.1388, -32.7098, 0.0 ], [ -64.1502, -32.7098, 0.0 ], [ -64.1592, -32.7203, 0.0 ], [ -64.1591, -32.7303, 0.0 ], [ -64.1674, -32.7304, 0.0 ], [ -64.1787, -32.7314, 0.0 ], [ -64.1925, -32.7342, 0.0 ], [ -64.2047, -32.7366, 0.0 ], [ -64.1925, -32.6601, 0.0 ], [ -64.2492, -32.6555, 0.0 ], [ -64.2528, -32.6552, 0.0 ], [ -64.2617, -32.6227, 0.0 ], [ -64.2967, -32.617, 0.0 ], [ -64.3138, -32.6691, 0.0 ], [ -64.3631, -32.6564, 0.0 ], [ -64.4422, -32.6353, 0.0 ], [ -64.5124, -32.6178, 0.0 ], [ -64.5132, -32.622, 0.0 ], [ -64.5181, -32.6236, 0.0 ], [ -64.5181, -32.6651, 0.0 ], [ -64.5181, -32.6814, 0.0 ], [ -64.5181, -32.7058, 0.0 ], [ -64.5181, -32.7164, 0.0 ], [ -64.527, -32.7417, 0.0 ], [ -64.492, -32.749, 0.0 ], [ -64.4025, -32.7669, 0.0 ], [ -64.3422, -32.7775, 0.0 ], [ -64.3317, -32.7816, 0.0 ], [ -64.3268, -32.7816, 0.0 ], [ -64.3072, -32.81, 0.0 ], [ -64.273, -32.863, 0.0 ], [ -64.2568, -32.9053, 0.0 ], [ -64.2429, -32.9281, 0.0 ], [ -64.0736, -32.9468, 0.0 ], [ -64.0536041, -32.9314261, 0.0 ] ], [ [ -64.0524, -32.9305, 0.0 ], [ -64.0541, -32.9313, 0.0 ], [ -64.0536041, -32.9314261, 0.0 ], [ -64.0524, -32.9305, 0.0 ] ] ] ] } },
{ "type": "Feature", "properties": { "circuito": "00169", "codprov": "04", "coddepto": "013" }, "geometry": { "type": "MultiPolygon", "coordinates": [ [ [ [ -64.0759, -33.0448, 0.0 ], [ -64.0722, -33.035, 0.0 ], [ -64.0634, -33.0048, 0.0 ], [ -64.0434, -33.0032, 0.0 ], [ -64.0301, -32.9374, 0.0 ], [ -64.0541, -32.9313, 0.0 ], [ -64.0736, -32.9468, 0.0 ], [ -64.102, -32.9437, 0.0 ], [ -64.1331, -32.9402, 0.0 ], [ -64.1743, -32.9357, 0.0 ], [ -64.1981, -32.933, 0.0 ], [ -64.2445, -32.9254, 0.0 ], [ -64.2513, -32.9142, 0.0 ], [ -64.2616, -32.9598, 0.0 ], [ -64.2649, -32.9728, 0.0 ], [ -64.2641, -32.9802, 0.0 ], [ -64.2608, -32.9802, 0.0 ], [ -64.2568, -32.9834, 0.0 ], [ -64.2511, -32.9826, 0.0 ], [ -64.2429, -32.9834, 0.0 ], [ -64.2389, -32.9851, 0.0 ], [ -64.2299, -32.9842, 0.0 ], [ -64.225, -32.9867, 0.0 ], [ -64.2193, -32.9932, 0.0 ], [ -64.2152, -33.0005, 0.0 ], [ -64.2079, -33.0119, 0.0 ], [ -64.1957, -33.0168, 0.0 ], [ -64.1851, -33.0258, 0.0 ], [ -64.1737, -33.0347, 0.0 ], [ -64.1526, -33.0347, 0.0 ], [ -64.1355, -33.0372, 0.0 ], [ -64.1249, -33.042, 0.0 ], [ -64.1094, -33.0453, 0.0 ], [ -64.0964, -33.051, 0.0 ], [ -64.0796, -33.0504, 0.0 ], [ -64.0759, -33.0448, 0.0 ] ] ] ] } },
{ "type": "Feature", "properties": { "circuito": "00163", "codprov": "04", "coddepto": "013" }, "geometry": { "type": "MultiPolygon", "coordinates": [ [ [ [ -64.5928, -32.7404, 0.0 ], [ -64.5761, -32.7433, 0.0 ], [ -64.5753, -32.7457, 0.0 ], [ -64.5586, -32.7478, 0.0 ], [ -64.533, -32.7516, 0.0 ], [ -64.527, -32.7417, 0.0 ], [ -64.5181, -32.7159, 0.0 ], [ -64.5181, -32.6733, 0.0 ], [ -64.5183, -32.6226, 0.0 ], [ -64.5399, -32.6234, 0.0 ], [ -64.5453, -32.6194, 0.0 ], [ -64.6078, -32.6208, 0.0 ], [ -64.6212, -32.6253, 0.0 ], [ -64.6326, -32.6253, 0.0 ], [ -64.6522, -32.6305, 0.0 ], [ -64.6815, -32.6248, 0.0 ], [ -64.7177, -32.6179, 0.0 ], [ -64.7275, -32.6175, 0.0 ], [ -64.7333, -32.6806, 0.0 ], [ -64.7384, -32.715, 0.0 ], [ -64.6582, -32.7297, 0.0 ], [ -64.5935, -32.7402, 0.0 ], [ -64.5928, -32.7404, 0.0 ] ] ] ] } },
{ "type": "Feature", "properties": { "circuito": "00181", "codprov": "04", "coddepto": "013" }, "geometry": { "type": "MultiPolygon", "coordinates": [ [ [ [ -64.7269, -32.6166, 0.0 ], [ -64.798, -32.6029, 0.0 ], [ -64.8573, -32.5913, 0.0 ], [ -64.8836, -32.5861, 0.0 ], [ -64.8877, -32.5896, 0.0 ], [ -64.893, -32.5957, 0.0 ], [ -64.8991, -32.6006, 0.0 ], [ -64.9044, -32.6023, 0.0 ], [ -64.9097, -32.6051, 0.0 ], [ -64.9138, -32.6051, 0.0 ], [ -64.917, -32.6104, 0.0 ], [ -64.9166, -32.6137, 0.0 ], [ -64.915, -32.6173, 0.0 ], [ -64.9138, -32.6226, 0.0 ], [ -64.9146, -32.6287, 0.0 ], [ -64.915, -32.634, 0.0 ], [ -64.9183, -32.6381, 0.0 ], [ -64.9199, -32.643, 0.0 ], [ -64.9223, -32.6515, 0.0 ], [ -64.9203, -32.6592, 0.0 ], [ -64.9191, -32.6662, 0.0 ], [ -64.9183, -32.6686, 0.0 ], [ -64.9195, -32.6763, 0.0 ], [ -64.9236, -32.6816, 0.0 ], [ -64.7384, -32.715, 0.0 ], [ -64.7333, -32.6806, 0.0 ], [ -64.7299, -32.6438, 0.0 ], [ -64.7269, -32.6166, 0.0 ] ] ] ] } },
{ "type": "Feature", "properties": { "circuito": "00171", "codprov": "04", "coddepto": "013" }, "geometry": { "type": "MultiPolygon", "coordinates": [ [ [ [ -64.348, -33.0475, 0.0 ], [ -64.3204, -33.0467, 0.0 ], [ -64.3204, -33.0036, 0.0 ], [ -64.3155, -33.0052, 0.0 ], [ -64.2993, -32.9501, 0.0 ], [ -64.3208, -32.9438, 0.0 ], [ -64.3624, -32.9355, 0.0 ], [ -64.391, -32.9303, 0.0 ], [ -64.4129, -32.9284, 0.0 ], [ -64.4632, -32.9212, 0.0 ], [ -64.4994, -32.89, 0.0 ], [ -64.5514, -32.8906, 0.0 ], [ -64.5507, -32.914, 0.0 ], [ -64.5271, -32.9148, 0.0 ], [ -64.5076, -32.9238, 0.0 ], [ -64.4986, -32.9303, 0.0 ], [ -64.488, -32.9393, 0.0 ], [ -64.4872, -32.949, 0.0 ], [ -64.4758, -32.9596, 0.0 ], [ -64.4604, -32.9653, 0.0 ], [ -64.4596, -32.971, 0.0 ], [ -64.4425, -32.98, 0.0 ], [ -64.4286, -32.9873, 0.0 ], [ -64.4205, -33.0011, 0.0 ], [ -64.4099, -33.0247, 0.0 ], [ -64.3936, -33.0361, 0.0 ], [ -64.3814, -33.0484, 0.0 ], [ -64.3684, -33.0549, 0.0 ], [ -64.348, -33.0475, 0.0 ] ] ] ] } },
{ "type": "Feature", "properties": { "circuito": "00182", "codprov": "04", "coddepto": "013" }, "geometry": { "type": "MultiPolygon", "coordinates": [ [ [ [ -64.4107, -33.2722, 0.0 ], [ -64.4213, -33.2633, 0.0 ], [ -64.4254, -33.2567, 0.0 ], [ -64.4319, -33.251, 0.0 ], [ -64.4416, -33.2429, 0.0 ], [ -64.449, -33.2388, 0.0 ], [ -64.453, -33.2478, 0.0 ], [ -64.4604, -33.2453, 0.0 ], [ -64.4775, -33.2494, 0.0 ], [ -64.4946, -33.2502, 0.0 ], [ -64.5108, -33.2478, 0.0 ], [ -64.5328, -33.2445, 0.0 ], [ -64.5524, -33.2445, 0.0 ], [ -64.5784, -33.2445, 0.0 ], [ -64.5922, -33.2396, 0.0 ], [ -64.6077, -33.2364, 0.0 ], [ -64.6224, -33.2364, 0.0 ], [ -64.6272, -33.2364, 0.0 ], [ -64.6256, -33.2966, 0.0 ], [ -64.6248, -33.3829, 0.0 ], [ -64.624, -33.4155, 0.0 ], [ -64.6256, -33.4472, 0.0 ], [ -64.6224, -33.466, 0.0 ], [ -64.58, -33.4692, 0.0 ], [ -64.5149, -33.47, 0.0 ], [ -64.4775, -33.4708, 0.0 ], [ -64.4197, -33.4708, 0.0 ], [ -64.3594, -33.4708, 0.0 ], [ -64.3147, -33.4716, 0.0 ], [ -64.3122, -33.4212, 0.0 ], [ -64.3155, -33.4179, 0.0 ], [ -64.3195, -33.4155, 0.0 ], [ -64.3195, -33.3259, 0.0 ], [ -64.3195, -33.2966, 0.0 ], [ -64.3374, -33.2878, 0.0 ], [ -64.3521, -33.2852, 0.0 ], [ -64.3854, -33.28, 0.0 ], [ -64.3969, -33.2763, 0.0 ], [ -64.4107, -33.2722, 0.0 ] ] ] ] } },
{ "type": "Feature", "properties": { "circuito": "00172", "codprov": "04", "coddepto": "013" }, "geometry": { "type": "MultiPolygon", "coordinates": [ [ [ [ -64.3147, -33.4716, 0.0 ], [ -64.2406, -33.4733, 0.0 ], [ -64.1527, -33.4733, 0.0 ], [ -64.0477, -33.4741, 0.0 ], [ -64.046, -33.4676, 0.0 ], [ -64.0371, -33.4676, 0.0 ], [ -64.0371, -33.4269, 0.0 ], [ -64.0387, -33.3976, 0.0 ], [ -64.0778, -33.3968, 0.0 ], [ -64.125, -33.3976, 0.0 ], [ -64.1795, -33.3976, 0.0 ], [ -64.1803, -33.387, 0.0 ], [ -64.1803, -33.3723, 0.0 ], [ -64.1852, -33.3609, 0.0 ], [ -64.2038, -33.3423, 0.0 ], [ -64.2033, -33.3145, 0.0 ], [ -64.2023, -33.2624, 0.0 ], [ -64.2642, -33.2527, 0.0 ], [ -64.2922, -33.241, 0.0 ], [ -64.3492, -33.2401, 0.0 ], [ -64.3492, -33.2303, 0.0 ], [ -64.37, -33.2247, 0.0 ], [ -64.3916, -33.2192, 0.0 ], [ -64.3839, -33.1941, 0.0 ], [ -64.383, -33.1802, 0.0 ], [ -64.3969, -33.177, 0.0 ], [ -64.4262, -33.177, 0.0 ], [ -64.4236, -33.1718, 0.0 ], [ -64.4278, -33.1639, 0.0 ], [ -64.4272, -33.1583, 0.0 ], [ -64.4197, -33.1517, 0.0 ], [ -64.4205, -33.142, 0.0 ], [ -64.427, -33.1289, 0.0 ], [ -64.4351, -33.12, 0.0 ], [ -64.4457, -33.1143, 0.0 ], [ -64.4571, -33.1094, 0.0 ], [ -64.4718, -33.1045, 0.0 ], [ -64.4856, -33.1004, 0.0 ], [ -64.5068, -33.0996, 0.0 ], [ -64.5167, -33.0982, 0.0 ], [ -64.5361, -33.0931, 0.0 ], [ -64.5475, -33.0858, 0.0 ], [ -64.5556, -33.0793, 0.0 ], [ -64.5648, -33.0798, 0.0 ], [ -64.5786, -33.0795, 0.0 ], [ -64.5879, -33.0707, 0.0 ], [ -64.5914, -33.0939, 0.0 ], [ -64.5988, -33.1216, 0.0 ], [ -64.6142, -33.1802, 0.0 ], [ -64.6256, -33.2283, 0.0 ], [ -64.6272, -33.2364, 0.0 ], [ -64.6142, -33.2364, 0.0 ], [ -64.5979, -33.2385, 0.0 ], [ -64.5842, -33.2425, 0.0 ], [ -64.5646, -33.2445, 0.0 ], [ -64.5442, -33.2445, 0.0 ], [ -64.5145, -33.2473, 0.0 ], [ -64.5041, -33.2488, 0.0 ], [ -64.4775, -33.2494, 0.0 ], [ -64.453, -33.2478, 0.0 ], [ -64.4425, -33.238, 0.0 ], [ -64.4343, -33.2535, 0.0 ], [ -64.4254, -33.2567, 0.0 ], [ -64.4213, -33.2633, 0.0 ], [ -64.4107, -33.2722, 0.0 ], [ -64.3854, -33.28, 0.0 ], [ -64.3602, -33.284, 0.0 ], [ -64.3521, -33.2852, 0.0 ], [ -64.3373, -33.2878, 0.0 ], [ -64.3195, -33.2966, 0.0 ], [ -64.3195, -33.3259, 0.0 ], [ -64.3195, -33.4155, 0.0 ], [ -64.3122, -33.4212, 0.0 ], [ -64.3147, -33.4716, 0.0 ] ] ] ] } },
{ "type": "Feature", "properties": { "circuito": "00177", "codprov": "04", "coddepto": "013" }, "geometry": { "type": "MultiPolygon", "coordinates": [ [ [ [ -64.0371, -33.4309, 0.0 ], [ -63.9703, -33.4383, 0.0 ], [ -63.8865, -33.4415, 0.0 ], [ -63.8881, -33.3479, 0.0 ], [ -63.8897, -33.269, 0.0 ], [ -63.8889, -33.216, 0.0 ], [ -63.8897, -33.2038, 0.0 ], [ -63.8971, -33.1989, 0.0 ], [ -63.9028, -33.1981, 0.0 ], [ -63.9109, -33.203, 0.0 ], [ -63.9207, -33.203, 0.0 ], [ -63.9223, -33.2063, 0.0 ], [ -63.9277, -33.2028, 0.0 ], [ -63.9337, -33.2006, 0.0 ], [ -63.9443, -33.2006, 0.0 ], [ -63.9516, -33.2055, 0.0 ], [ -63.9624, -33.2078, 0.0 ], [ -63.9692, -33.2035, 0.0 ], [ -63.9785, -33.203, 0.0 ], [ -63.9931, -33.2038, 0.0 ], [ -63.9956, -33.1998, 0.0 ], [ -63.9964, -33.1908, 0.0 ], [ -63.9998, -33.1885, 0.0 ], [ -64.0121, -33.1891, 0.0 ], [ -64.018, -33.1854, 0.0 ], [ -64.0217, -33.1805, 0.0 ], [ -64.0314, -33.19, 0.0 ], [ -64.0399, -33.1875, 0.0 ], [ -64.0435, -33.1889, 0.0 ], [ -64.042, -33.2, 0.0 ], [ -64.042, -33.2828, 0.0 ], [ -64.0387, -33.3235, 0.0 ], [ -64.0387, -33.3976, 0.0 ], [ -64.0371, -33.4309, 0.0 ] ] ] ] } },
{ "type": "Feature", "properties": { "circuito": "00190", "codprov": "04", "coddepto": "013" }, "geometry": { "type": "MultiPolygon", "coordinates": [ [ [ [ -64.2048, -33.1892, 0.0 ], [ -64.204, -33.2234, 0.0 ], [ -64.2023, -33.2624, 0.0 ], [ -64.2039, -33.3446, 0.0 ], [ -64.1887, -33.357, 0.0 ], [ -64.1819, -33.3686, 0.0 ], [ -64.1803, -33.3805, 0.0 ], [ -64.1795, -33.3976, 0.0 ], [ -64.125, -33.3976, 0.0 ], [ -64.0387, -33.3976, 0.0 ], [ -64.0387, -33.3316, 0.0 ], [ -64.042, -33.2828, 0.0 ], [ -64.042, -33.2006, 0.0 ], [ -64.0435, -33.1889, 0.0 ], [ -64.0485, -33.1908, 0.0 ], [ -64.0509, -33.1973, 0.0 ], [ -64.0558, -33.1941, 0.0 ], [ -64.0637, -33.1965, 0.0 ], [ -64.0713, -33.1988, 0.0 ], [ -64.0732, -33.1927, 0.0 ], [ -64.0744, -33.1915, 0.0 ], [ -64.0793, -33.1907, 0.0 ], [ -64.0842, -33.1825, 0.0 ], [ -64.089, -33.1806, 0.0 ], [ -64.0997, -33.1764, 0.0 ], [ -64.1132, -33.179, 0.0 ], [ -64.1294, -33.1764, 0.0 ], [ -64.1289, -33.1817, 0.0 ], [ -64.1359, -33.1768, 0.0 ], [ -64.1576, -33.1705, 0.0 ], [ -64.1755, -33.168, 0.0 ], [ -64.1834, -33.1669, 0.0 ], [ -64.2002, -33.164, 0.0 ], [ -64.2055, -33.1641, 0.0 ], [ -64.2048, -33.1892, 0.0 ] ] ] ] } },
{ "type": "Feature", "properties": { "circuito": "00174", "codprov": "04", "coddepto": "013" }, "geometry": { "type": "MultiPolygon", "coordinates": [ [ [ [ -64.1996, -34.09, 0.0 ], [ -64.0856, -34.0908, 0.0 ], [ -64.0531, -34.0891, 0.0 ], [ -64.056, -33.9369, 0.0 ], [ -64.056, -33.8294, 0.0 ], [ -64.054, -33.7423, 0.0 ], [ -64.2058, -33.7431, 0.0 ], [ -64.2042, -33.8327, 0.0 ], [ -64.2009, -33.9532, 0.0 ], [ -64.1996, -34.09, 0.0 ] ] ] ] } },
{ "type": "Feature", "properties": { "circuito": "00187", "codprov": "04", "coddepto": "013" }, "geometry": { "type": "MultiPolygon", "coordinates": [ [ [ [ -64.2006, -33.9817, 0.0 ], [ -64.2483, -33.9666, 0.0 ], [ -64.3167, -33.9434, 0.0 ], [ -64.3541, -33.9308, 0.0 ], [ -64.381, -33.9308, 0.0 ], [ -64.3977, -33.9312, 0.0 ], [ -64.4648, -33.9308, 0.0 ], [ -64.5393, -33.9312, 0.0 ], [ -64.5389, -33.9877, 0.0 ], [ -64.5393, -34.0447, 0.0 ], [ -64.5399, -34.0693, 0.0 ], [ -64.5405, -34.1183, 0.0 ], [ -64.5008, -34.1185, 0.0 ], [ -64.4811, -34.1209, 0.0 ], [ -64.4514, -34.1204, 0.0 ], [ -64.414, -34.1197, 0.0 ], [ -64.3733, -34.1185, 0.0 ], [ -64.3136, -34.1193, 0.0 ], [ -64.3119, -34.1421, 0.0 ], [ -64.2383, -34.1305, 0.0 ], [ -64.2004, -34.125, 0.0 ], [ -64.1996, -34.09, 0.0 ], [ -64.2003, -34.0214, 0.0 ], [ -64.2006, -33.9817, 0.0 ] ] ] ] } },
{ "type": "Feature", "properties": { "circuito": "00183", "codprov": "04", "coddepto": "013" }, "geometry": { "type": "MultiPolygon", "coordinates": [ [ [ [ -64.5377, -33.8599, 0.0 ], [ -64.5377, -33.886, 0.0 ], [ -64.5377, -33.9312, 0.0 ], [ -64.4648, -33.9308, 0.0 ], [ -64.4197, -33.931, 0.0 ], [ -64.3541, -33.9308, 0.0 ], [ -64.2855, -33.954, 0.0 ], [ -64.2275, -33.973, 0.0 ], [ -64.2006, -33.9812, 0.0 ], [ -64.2015, -33.9307, 0.0 ], [ -64.2025, -33.8949, 0.0 ], [ -64.2034, -33.86, 0.0 ], [ -64.3725, -33.8599, 0.0 ], [ -64.4848, -33.8608, 0.0 ], [ -64.5377, -33.8599, 0.0 ] ] ] ] } },
{ "type": "Feature", "properties": { "circuito": "00193", "codprov": "04", "coddepto": "013" }, "geometry": { "type": "MultiPolygon", "coordinates": [ [ [ [ -64.5442, -33.6629, 0.0 ], [ -64.5418, -33.7077, 0.0 ], [ -64.5418, -33.7818, 0.0 ], [ -64.5377, -33.8599, 0.0 ], [ -64.4848, -33.8608, 0.0 ], [ -64.427, -33.8603, 0.0 ], [ -64.3725, -33.8599, 0.0 ], [ -64.3147, -33.8599, 0.0 ], [ -64.2046, -33.86, 0.0 ], [ -64.2058, -33.7431, 0.0 ], [ -64.1604, -33.7423, 0.0 ], [ -64.1722, -33.737, 0.0 ], [ -64.1828, -33.7281, 0.0 ], [ -64.1893, -33.7142, 0.0 ], [ -64.1983, -33.6947, 0.0 ], [ -64.2048, -33.6768, 0.0 ], [ -64.2121, -33.6613, 0.0 ], [ -64.2284, -33.654, 0.0 ], [ -64.2544, -33.6516, 0.0 ], [ -64.2674, -33.6483, 0.0 ], [ -64.3114, -33.6491, 0.0 ], [ -64.3537, -33.6491, 0.0 ], [ -64.4221, -33.6491, 0.0 ], [ -64.4416, -33.6499, 0.0 ], [ -64.4433, -33.6564, 0.0 ], [ -64.4824, -33.6581, 0.0 ], [ -64.4824, -33.6629, 0.0 ], [ -64.541, -33.6621, 0.0 ], [ -64.5442, -33.6629, 0.0 ] ] ] ] } },
{ "type": "Feature", "properties": { "circuito": "0191A", "codprov": "04", "coddepto": "013" }, "geometry": { "type": "MultiPolygon", "coordinates": [ [ [ [ -64.5426, -33.5555, 0.0 ], [ -64.5418, -33.6117, 0.0 ], [ -64.5442, -33.6629, 0.0 ], [ -64.4824, -33.6629, 0.0 ], [ -64.4824, -33.6581, 0.0 ], [ -64.4392, -33.6564, 0.0 ], [ -64.4416, -33.6499, 0.0 ], [ -64.3651, -33.6491, 0.0 ], [ -64.3651, -33.5294, 0.0 ], [ -64.3651, -33.4969, 0.0 ], [ -64.3659, -33.4839, 0.0 ], [ -64.3659, -33.4708, 0.0 ], [ -64.4197, -33.4708, 0.0 ], [ -64.5305, -33.4698, 0.0 ], [ -64.5312, -33.5091, 0.0 ], [ -64.5328, -33.5563, 0.0 ], [ -64.5426, -33.5555, 0.0 ] ] ] ] } },
{ "type": "Feature", "properties": { "circuito": "00191", "codprov": "04", "coddepto": "013" }, "geometry": { "type": "MultiPolygon", "coordinates": [ [ [ [ -64.1649, -33.4733, 0.0 ], [ -64.2406, -33.4733, 0.0 ], [ -64.2739, -33.4725, 0.0 ], [ -64.3171, -33.4716, 0.0 ], [ -64.3655, -33.4708, 0.0 ], [ -64.3651, -33.5254, 0.0 ], [ -64.3651, -33.5929, 0.0 ], [ -64.3643, -33.6491, 0.0 ], [ -64.2674, -33.6483, 0.0 ], [ -64.2613, -33.6498, 0.0 ], [ -64.2423, -33.6527, 0.0 ], [ -64.2284, -33.654, 0.0 ], [ -64.2142, -33.6604, 0.0 ], [ -64.2048, -33.6768, 0.0 ], [ -64.1994, -33.6916, 0.0 ], [ -64.193, -33.7062, 0.0 ], [ -64.1828, -33.7281, 0.0 ], [ -64.1722, -33.737, 0.0 ], [ -64.1592, -33.7429, 0.0 ], [ -64.1543, -33.7429, 0.0 ], [ -64.1502, -33.7387, 0.0 ], [ -64.1429, -33.7354, 0.0 ], [ -64.1348, -33.7134, 0.0 ], [ -64.1291, -33.7004, 0.0 ], [ -64.1242, -33.6923, 0.0 ], [ -64.1274, -33.6833, 0.0 ], [ -64.1307, -33.6735, 0.0 ], [ -64.1323, -33.6662, 0.0 ], [ -64.1282, -33.6621, 0.0 ], [ -64.1315, -33.6467, 0.0 ], [ -64.1323, -33.6361, 0.0 ], [ -64.1299, -33.6133, 0.0 ], [ -64.1258, -33.5938, 0.0 ], [ -64.1299, -33.5815, 0.0 ], [ -64.1323, -33.571, 0.0 ], [ -64.1258, -33.5588, 0.0 ], [ -64.1291, -33.5482, 0.0 ], [ -64.1339, -33.5303, 0.0 ], [ -64.1339, -33.5172, 0.0 ], [ -64.1421, -33.5067, 0.0 ], [ -64.151, -33.5001, 0.0 ], [ -64.1592, -33.4904, 0.0 ], [ -64.1624, -33.4782, 0.0 ], [ -64.1649, -33.4733, 0.0 ] ] ] ] } },
{ "type": "Feature", "properties": { "circuito": "00161", "codprov": "04", "coddepto": "013" }, "geometry": { "type": "MultiPolygon", "coordinates": [ [ [ [ -64.1258, -33.5588, 0.0 ], [ -64.1323, -33.571, 0.0 ], [ -64.1311, -33.5762, 0.0 ], [ -64.1281, -33.5868, 0.0 ], [ -64.1258, -33.5938, 0.0 ], [ -64.1276, -33.6025, 0.0 ], [ -64.129, -33.6093, 0.0 ], [ -64.1303, -33.6177, 0.0 ], [ -64.1314, -33.6271, 0.0 ], [ -64.1323, -33.6361, 0.0 ], [ -64.1317, -33.6445, 0.0 ], [ -64.1298, -33.6546, 0.0 ], [ -64.1282, -33.6621, 0.0 ], [ -64.1323, -33.6662, 0.0 ], [ -64.1287, -33.6793, 0.0 ], [ -64.1246, -33.6898, 0.0 ], [ -64.1251, -33.6939, 0.0 ], [ -64.1299, -33.7022, 0.0 ], [ -64.1348, -33.7134, 0.0 ], [ -64.1387, -33.7241, 0.0 ], [ -64.145, -33.7334, 0.0 ], [ -64.1543, -33.7429, 0.0 ], [ -64.1495, -33.7428, 0.0 ], [ -64.119, -33.7427, 0.0 ], [ -64.075, -33.7424, 0.0 ], [ -64.0563, -33.7423, 0.0 ], [ -64.0555, -33.6552, 0.0 ], [ -64.0315, -33.6552, 0.0 ], [ -64.0022, -33.6556, 0.0 ], [ -63.9798, -33.6556, 0.0 ], [ -63.9802, -33.6446, 0.0 ], [ -63.9733, -33.6434, 0.0 ], [ -63.9736, -33.6341, 0.0 ], [ -63.9739, -33.6268, 0.0 ], [ -63.9737, -33.6153, 0.0 ], [ -63.9753, -33.5966, 0.0 ], [ -63.9753, -33.564, 0.0 ], [ -63.9745, -33.5307, 0.0 ], [ -63.9766, -33.5225, 0.0 ], [ -63.9778, -33.468, 0.0 ], [ -63.9727, -33.4655, 0.0 ], [ -63.9703, -33.4383, 0.0 ], [ -64.0371, -33.4309, 0.0 ], [ -64.0371, -33.4676, 0.0 ], [ -64.046, -33.4676, 0.0 ], [ -64.0475, -33.4725, 0.0 ], [ -64.1649, -33.4733, 0.0 ], [ -64.1592, -33.4904, 0.0 ], [ -64.1493, -33.5014, 0.0 ], [ -64.1421, -33.5067, 0.0 ], [ -64.1339, -33.5172, 0.0 ], [ -64.1339, -33.5195, 0.0 ], [ -64.1339, -33.5303, 0.0 ], [ -64.1291, -33.5482, 0.0 ], [ -64.1258, -33.5588, 0.0 ] ] ] ] } },
{ "type": "Feature", "properties": { "circuito": "0184A", "codprov": "04", "coddepto": "013" }, "geometry": { "type": "MultiPolygon", "coordinates": [ [ [ [ -63.9733, -33.6434, 0.0 ], [ -63.9802, -33.6446, 0.0 ], [ -63.9798, -33.6556, 0.0 ], [ -63.9257, -33.656, 0.0 ], [ -63.885, -33.6552, 0.0 ], [ -63.8858, -33.6064, 0.0 ], [ -63.8858, -33.5722, 0.0 ], [ -63.8866, -33.5185, 0.0 ], [ -63.8865, -33.4415, 0.0 ], [ -63.9606, -33.4387, 0.0 ], [ -63.9703, -33.4383, 0.0 ], [ -63.9727, -33.4655, 0.0 ], [ -63.9778, -33.468, 0.0 ], [ -63.9766, -33.5225, 0.0 ], [ -63.9745, -33.5307, 0.0 ], [ -63.9751, -33.5551, 0.0 ], [ -63.9753, -33.586, 0.0 ], [ -63.9733, -33.6434, 0.0 ] ] ] ] } },
{ "type": "Feature", "properties": { "circuito": "00194", "codprov": "04", "coddepto": "013" }, "geometry": { "type": "MultiPolygon", "coordinates": [ [ [ [ -64.5415, -34.1876, 0.0 ], [ -64.541, -34.18, 0.0 ], [ -64.5413922, -34.1798974, 0.0 ], [ -64.5415, -34.1876, 0.0 ] ] ], [ [ [ -64.5413922, -34.1798974, 0.0 ], [ -64.5391, -34.0158, 0.0 ], [ -64.5377, -33.886, 0.0 ], [ -64.5385, -33.8446, 0.0 ], [ -64.5418, -33.7818, 0.0 ], [ -64.679, -33.7842, 0.0 ], [ -64.7638, -33.7831, 0.0 ], [ -64.7645, -33.8123, 0.0 ], [ -64.7682, -33.8129, 0.0 ], [ -64.7682, -34.0858, 0.0 ], [ -64.7372, -34.1037, 0.0 ], [ -64.7145, -34.1037, 0.0 ], [ -64.6884, -34.1086, 0.0 ], [ -64.6591, -34.12, 0.0 ], [ -64.6379, -34.1331, 0.0 ], [ -64.6379, -34.1542, 0.0 ], [ -64.6086, -34.1558, 0.0 ], [ -64.5826, -34.1591, 0.0 ], [ -64.5647, -34.1738, 0.0 ], [ -64.5413922, -34.1798974, 0.0 ] ] ] ] } },
{ "type": "Feature", "properties": { "circuito": "00185", "codprov": "04", "coddepto": "013" }, "geometry": { "type": "MultiPolygon", "coordinates": [ [ [ [ -64.7682, -33.8107, 0.0 ], [ -64.8467, -33.8115, 0.0 ], [ -65.1113, -33.8107, 0.0 ], [ -65.1064, -33.8783, 0.0 ], [ -65.1048, -33.9491, 0.0 ], [ -65.0869, -33.9629, 0.0 ], [ -65.0755, -33.9719, 0.0 ], [ -65.0698, -33.9768, 0.0 ], [ -65.0657, -33.9694, 0.0 ], [ -65.0527, -33.9735, 0.0 ], [ -65.0519, -33.9825, 0.0 ], [ -65.0543, -33.989, 0.0 ], [ -65.0543, -33.9963, 0.0 ], [ -65.0413, -34.0012, 0.0 ], [ -65.0291, -34.0069, 0.0 ], [ -65.0079, -34.0207, 0.0 ], [ -64.9941, -34.0329, 0.0 ], [ -64.9851, -34.0272, 0.0 ], [ -64.9762, -34.0232, 0.0 ], [ -64.9688, -34.0248, 0.0 ], [ -64.9501, -34.0313, 0.0 ], [ -64.9249, -34.0354, 0.0 ], [ -64.9102, -34.0337, 0.0 ], [ -64.898, -34.0411, 0.0 ], [ -64.872, -34.0476, 0.0 ], [ -64.8598, -34.0492, 0.0 ], [ -64.8516, -34.0541, 0.0 ], [ -64.8418, -34.0492, 0.0 ], [ -64.8264, -34.059, 0.0 ], [ -64.815, -34.0663, 0.0 ], [ -64.8011, -34.0801, 0.0 ], [ -64.7841, -34.0891, 0.0 ], [ -64.7682, -34.0858, 0.0 ], [ -64.7682, -33.9979, 0.0 ], [ -64.7682, -33.9051, 0.0 ], [ -64.7682, -33.862, 0.0 ], [ -64.7682, -33.8107, 0.0 ] ] ] ] } },
{ "type": "Feature", "properties": { "circuito": "00168", "codprov": "04", "coddepto": "013" }, "geometry": { "type": "MultiPolygon", "coordinates": [ [ [ [ -64.8655, -33.49, 0.0 ], [ -64.9298, -33.4883, 0.0 ], [ -64.9819, -33.4892, 0.0 ], [ -65.0258, -33.4892, 0.0 ], [ -65.1162, -33.4867, 0.0 ], [ -65.1292, -33.4867, 0.0 ], [ -65.1235, -33.5681, 0.0 ], [ -65.1186, -33.6528, 0.0 ], [ -65.1146, -33.726, 0.0 ], [ -65.1113, -33.8107, 0.0 ], [ -64.8972, -33.8114, 0.0 ], [ -64.8117, -33.8111, 0.0 ], [ -64.7645, -33.8123, 0.0 ], [ -64.7638, -33.7831, 0.0 ], [ -64.6967, -33.7844, 0.0 ], [ -64.7075, -33.7749, 0.0 ], [ -64.7165, -33.7724, 0.0 ], [ -64.7336, -33.77, 0.0 ], [ -64.7401, -33.7684, 0.0 ], [ -64.7409, -33.7627, 0.0 ], [ -64.756, -33.7555, 0.0 ], [ -64.7624, -33.7514, 0.0 ], [ -64.7736, -33.7391, 0.0 ], [ -64.7775, -33.7244, 0.0 ], [ -64.7849, -33.7076, 0.0 ], [ -64.7873, -33.691, 0.0 ], [ -64.7915, -33.6736, 0.0 ], [ -64.7982, -33.6635, 0.0 ], [ -64.8028, -33.6585, 0.0 ], [ -64.8077, -33.6536, 0.0 ], [ -64.8131, -33.644, 0.0 ], [ -64.8125, -33.6292, 0.0 ], [ -64.8093, -33.5583, 0.0 ], [ -64.8095, -33.4906, 0.0 ], [ -64.8655, -33.49, 0.0 ] ] ] ] } },
{ "type": "Feature", "properties": { "circuito": "00167", "codprov": "04", "coddepto": "013" }, "geometry": { "type": "MultiPolygon", "coordinates": [ [ [ [ -64.5426, -33.5555, 0.0 ], [ -64.5328, -33.5563, 0.0 ], [ -64.531, -33.5047, 0.0 ], [ -64.5311, -33.4698, 0.0 ], [ -64.5895, -33.4685, 0.0 ], [ -64.6224, -33.466, 0.0 ], [ -64.6847, -33.4672, 0.0 ], [ -64.7328, -33.4664, 0.0 ], [ -64.7328, -33.49, 0.0 ], [ -64.7604, -33.4908, 0.0 ], [ -64.8095, -33.4906, 0.0 ], [ -64.8093, -33.5469, 0.0 ], [ -64.8093, -33.5593, 0.0 ], [ -64.7425, -33.5575, 0.0 ], [ -64.6416, -33.5583, 0.0 ], [ -64.5426, -33.5555, 0.0 ] ] ] ] } },
{ "type": "Feature", "properties": { "circuito": "00184", "codprov": "04", "coddepto": "013" }, "geometry": { "type": "MultiPolygon", "coordinates": [ [ [ [ -64.5426, -33.5555, 0.0 ], [ -64.6416, -33.5583, 0.0 ], [ -64.7409, -33.5575, 0.0 ], [ -64.8093, -33.5583, 0.0 ], [ -64.8121, -33.6185, 0.0 ], [ -64.8131, -33.6438, 0.0 ], [ -64.8077, -33.6536, 0.0 ], [ -64.7981, -33.6636, 0.0 ], [ -64.7915, -33.6736, 0.0 ], [ -64.7872, -33.6922, 0.0 ], [ -64.7856, -33.706, 0.0 ], [ -64.7775, -33.7244, 0.0 ], [ -64.7736, -33.7391, 0.0 ], [ -64.7615, -33.7525, 0.0 ], [ -64.7472, -33.7603, 0.0 ], [ -64.7409, -33.7627, 0.0 ], [ -64.7401, -33.7684, 0.0 ], [ -64.7247, -33.7713, 0.0 ], [ -64.7075, -33.7749, 0.0 ], [ -64.6962, -33.7844, 0.0 ], [ -64.6319, -33.7835, 0.0 ], [ -64.57, -33.7824, 0.0 ], [ -64.5418, -33.7818, 0.0 ], [ -64.541, -33.6621, 0.0 ], [ -64.542, -33.595, 0.0 ], [ -64.5426, -33.5555, 0.0 ] ] ] ] } },
{ "type": "Feature", "properties": { "circuito": "00189", "codprov": "04", "coddepto": "013" }, "geometry": { "type": "MultiPolygon", "coordinates": [ [ [ [ -64.7604, -33.4908, 0.0 ], [ -64.7328, -33.49, 0.0 ], [ -64.7328, -33.4664, 0.0 ], [ -64.6994, -33.4669, 0.0 ], [ -64.6224, -33.466, 0.0 ], [ -64.6241, -33.411, 0.0 ], [ -64.6248, -33.3829, 0.0 ], [ -64.6253, -33.3312, 0.0 ], [ -64.6262, -33.2767, 0.0 ], [ -64.6603, -33.293, 0.0 ], [ -64.6652, -33.2889, 0.0 ], [ -64.666, -33.2702, 0.0 ], [ -64.7083, -33.2718, 0.0 ], [ -64.7092, -33.2824, 0.0 ], [ -64.7377, -33.2824, 0.0 ], [ -64.7653, -33.2824, 0.0 ], [ -64.7735, -33.2824, 0.0 ], [ -64.7914, -33.2775, 0.0 ], [ -64.7995, -33.2848, 0.0 ], [ -64.8231, -33.2759, 0.0 ], [ -64.8305, -33.2685, 0.0 ], [ -64.8451, -33.2677, 0.0 ], [ -64.8557, -33.2702, 0.0 ], [ -64.8573, -33.2767, 0.0 ], [ -64.8695, -33.2775, 0.0 ], [ -64.8581, -33.3263, 0.0 ], [ -64.8296, -33.3687, 0.0 ], [ -64.815, -33.3784, 0.0 ], [ -64.7792, -33.4061, 0.0 ], [ -64.78, -33.4911, 0.0 ], [ -64.7604, -33.4908, 0.0 ] ] ] ] } },
{ "type": "Feature", "properties": { "circuito": "0160A", "codprov": "04", "coddepto": "013" }, "geometry": { "type": "MultiPolygon", "coordinates": [ [ [ [ -64.8663, -33.2773, 0.0 ], [ -64.8573, -33.2767, 0.0 ], [ -64.8557, -33.2702, 0.0 ], [ -64.8451, -33.2677, 0.0 ], [ -64.8338, -33.2684, 0.0 ], [ -64.8205, -33.2769, 0.0 ], [ -64.7995, -33.2848, 0.0 ], [ -64.793, -33.279, 0.0 ], [ -64.7735, -33.2824, 0.0 ], [ -64.7531, -33.2824, 0.0 ], [ -64.7344, -33.2824, 0.0 ], [ -64.7092, -33.2824, 0.0 ], [ -64.7083, -33.2718, 0.0 ], [ -64.666, -33.2702, 0.0 ], [ -64.6652, -33.2889, 0.0 ], [ -64.6603, -33.293, 0.0 ], [ -64.6271, -33.2771, 0.0 ], [ -64.6265, -33.2629, 0.0 ], [ -64.6272, -33.2364, 0.0 ], [ -64.6212, -33.2095, 0.0 ], [ -64.6108, -33.1671, 0.0 ], [ -64.5988, -33.1216, 0.0 ], [ -64.5921, -33.0963, 0.0 ], [ -64.5887, -33.0748, 0.0 ], [ -64.5879, -33.0707, 0.0 ], [ -64.6115, -33.0471, 0.0 ], [ -64.6424, -33.0577, 0.0 ], [ -64.6481, -33.0634, 0.0 ], [ -64.6913, -33.0642, 0.0 ], [ -64.7222, -33.0504, 0.0 ], [ -64.7417, -33.1326, 0.0 ], [ -64.7547, -33.1814, 0.0 ], [ -64.7889, -33.1831, 0.0 ], [ -64.8264, -33.1766, 0.0 ], [ -64.8443, -33.1709, 0.0 ], [ -64.8663, -33.2773, 0.0 ] ] ] ] } },
{ "type": "Feature", "properties": { "circuito": "00160", "codprov": "04", "coddepto": "013" }, "geometry": { "type": "MultiPolygon", "coordinates": [ [ [ [ -65.1308, -33.3215, 0.0 ], [ -65.0722, -33.3231, 0.0 ], [ -64.9892, -33.3239, 0.0 ], [ -64.9729, -33.3239, 0.0 ], [ -64.9721, -33.3345, 0.0 ], [ -64.9607, -33.3329, 0.0 ], [ -64.9591, -33.328, 0.0 ], [ -64.9403, -33.3353, 0.0 ], [ -64.9355, -33.3182, 0.0 ], [ -64.9005, -33.3247, 0.0 ], [ -64.8581, -33.3263, 0.0 ], [ -64.8663, -33.2773, 0.0 ], [ -64.8588, -33.2413, 0.0 ], [ -64.8443, -33.1709, 0.0 ], [ -64.8264, -33.1766, 0.0 ], [ -64.7889, -33.1831, 0.0 ], [ -64.7547, -33.1814, 0.0 ], [ -64.7417, -33.1326, 0.0 ], [ -64.7329, -33.0953, 0.0 ], [ -64.7286, -33.0773, 0.0 ], [ -64.7229, -33.0533, 0.0 ], [ -64.7303, -33.0504, 0.0 ], [ -64.7385, -33.0504, 0.0 ], [ -64.7482, -33.0536, 0.0 ], [ -64.7784, -33.0488, 0.0 ], [ -64.7963, -33.0479, 0.0 ], [ -64.8215, -33.0357, 0.0 ], [ -64.8402, -33.0276, 0.0 ], [ -64.8484, -33.0284, 0.0 ], [ -64.8565, -33.0243, 0.0 ], [ -64.872, -33.026, 0.0 ], [ -64.8882, -33.0325, 0.0 ], [ -64.8931, -33.0349, 0.0 ], [ -64.9053, -33.0357, 0.0 ], [ -64.9208, -33.0284, 0.0 ], [ -64.9412, -33.0268, 0.0 ], [ -64.9623, -33.0219, 0.0 ], [ -64.9705, -33.0195, 0.0 ], [ -64.9819, -33.0195, 0.0 ], [ -64.999, -33.0162, 0.0 ], [ -65.025, -33.0121, 0.0 ], [ -65.0291, -33.0178, 0.0 ], [ -65.0454, -33.0341, 0.0 ], [ -65.0511, -33.0422, 0.0 ], [ -65.0633, -33.0585, 0.0 ], [ -65.0714, -33.0748, 0.0 ], [ -65.0763, -33.087, 0.0 ], [ -65.0804, -33.0968, 0.0 ], [ -65.0804, -33.1114, 0.0 ], [ -65.0698, -33.1188, 0.0 ], [ -65.0641, -33.1253, 0.0 ], [ -65.0698, -33.1302, 0.0 ], [ -65.0836, -33.1318, 0.0 ], [ -65.0934, -33.1302, 0.0 ], [ -65.1015, -33.1432, 0.0 ], [ -65.1089, -33.153, 0.0 ], [ -65.1048, -33.1627, 0.0 ], [ -65.1137, -33.1709, 0.0 ], [ -65.1316, -33.179, 0.0 ], [ -65.1447, -33.1888, 0.0 ], [ -65.1422, -33.2384, 0.0 ], [ -65.143, -33.2628, 0.0 ], [ -65.1341, -33.2637, 0.0 ], [ -65.1308, -33.3215, 0.0 ] ] ] ] } },
{ "type": "Feature", "properties": { "circuito": "00192", "codprov": "04", "coddepto": "013" }, "geometry": { "type": "MultiPolygon", "coordinates": [ [ [ [ -65.1308, -33.3215, 0.0 ], [ -65.1316, -33.3272, 0.0 ], [ -65.1382, -33.3288, 0.0 ], [ -65.1365, -33.4045, 0.0 ], [ -65.1316, -33.4061, 0.0 ], [ -65.1268, -33.4867, 0.0 ], [ -64.9908, -33.4892, 0.0 ], [ -64.8859, -33.4894, 0.0 ], [ -64.7775, -33.4911, 0.0 ], [ -64.7792, -33.4061, 0.0 ], [ -64.8206, -33.3747, 0.0 ], [ -64.827, -33.3704, 0.0 ], [ -64.8581, -33.3263, 0.0 ], [ -64.9005, -33.3247, 0.0 ], [ -64.9355, -33.3182, 0.0 ], [ -64.9403, -33.3353, 0.0 ], [ -64.9591, -33.328, 0.0 ], [ -64.9607, -33.3329, 0.0 ], [ -64.9721, -33.3345, 0.0 ], [ -64.9729, -33.3239, 0.0 ], [ -65.0291, -33.3235, 0.0 ], [ -65.0974, -33.3224, 0.0 ], [ -65.1308, -33.3215, 0.0 ] ] ] ] } },
{ "type": "Feature", "properties": { "circuito": "00186", "codprov": "04", "coddepto": "013" }, "geometry": { "type": "MultiPolygon", "coordinates": [ [ [ [ -64.3552, -33.1962, 0.0 ], [ -64.3551, -33.2014, 0.0 ], [ -64.3504, -33.2042, 0.0 ], [ -64.349, -33.207, 0.0 ], [ -64.3492, -33.2179, 0.0 ], [ -64.3492, -33.2303, 0.0 ], [ -64.3492, -33.2401, 0.0 ], [ -64.3213, -33.2405, 0.0 ], [ -64.3115, -33.2407, 0.0 ], [ -64.3111, -33.2193, 0.0 ], [ -64.3109, -33.1965, 0.0 ], [ -64.3113, -33.1755, 0.0 ], [ -64.3114, -33.1542, 0.0 ], [ -64.3115, -33.1399, 0.0 ], [ -64.3115, -33.1302, 0.0 ], [ -64.3119, -33.1269, 0.0 ], [ -64.3129, -33.13, 0.0 ], [ -64.3166, -33.1302, 0.0 ], [ -64.3196, -33.1283, 0.0 ], [ -64.3226, -33.1273, 0.0 ], [ -64.326, -33.1259, 0.0 ], [ -64.3287, -33.1245, 0.0 ], [ -64.3312, -33.1258, 0.0 ], [ -64.3324, -33.1292, 0.0 ], [ -64.3327, -33.1305, 0.0 ], [ -64.3336, -33.1302, 0.0 ], [ -64.3338, -33.1316, 0.0 ], [ -64.3375, -33.1304, 0.0 ], [ -64.3423, -33.1349, 0.0 ], [ -64.3435, -33.1352, 0.0 ], [ -64.3442, -33.1382, 0.0 ], [ -64.3469, -33.1466, 0.0 ], [ -64.3477, -33.1496, 0.0 ], [ -64.3495, -33.1549, 0.0 ], [ -64.3501, -33.1562, 0.0 ], [ -64.3507, -33.1582, 0.0 ], [ -64.356, -33.1588, 0.0 ], [ -64.3559, -33.1635, 0.0 ], [ -64.3558, -33.1667, 0.0 ], [ -64.3557, -33.1706, 0.0 ], [ -64.3556, -33.1772, 0.0 ], [ -64.3553, -33.1886, 0.0 ], [ -64.3552, -33.1962, 0.0 ] ] ] ] } },
{ "type": "Feature", "properties": { "circuito": "00175", "codprov": "04", "coddepto": "013" }, "geometry": { "type": "MultiPolygon", "coordinates": [ [ [ [ -64.3113, -33.175, 0.0 ], [ -64.311, -33.2139, 0.0 ], [ -64.3111, -33.2202, 0.0 ], [ -64.3115, -33.2407, 0.0 ], [ -64.2922, -33.241, 0.0 ], [ -64.2642, -33.2527, 0.0 ], [ -64.2474, -33.2602, 0.0 ], [ -64.2325, -33.2613, 0.0 ], [ -64.2023, -33.2624, 0.0 ], [ -64.204, -33.2234, 0.0 ], [ -64.2048, -33.1881, 0.0 ], [ -64.2056, -33.1639, 0.0 ], [ -64.2129, -33.1643, 0.0 ], [ -64.2148, -33.1649, 0.0 ], [ -64.2169, -33.1663, 0.0 ], [ -64.2211, -33.1684, 0.0 ], [ -64.2247, -33.1687, 0.0 ], [ -64.2284, -33.1691, 0.0 ], [ -64.2301, -33.166, 0.0 ], [ -64.2301, -33.163, 0.0 ], [ -64.2319, -33.1644, 0.0 ], [ -64.2333, -33.1656, 0.0 ], [ -64.2349, -33.1668, 0.0 ], [ -64.2369, -33.1684, 0.0 ], [ -64.2413, -33.1691, 0.0 ], [ -64.2422, -33.1667, 0.0 ], [ -64.243, -33.1645, 0.0 ], [ -64.2453, -33.1653, 0.0 ], [ -64.2468, -33.1658, 0.0 ], [ -64.248, -33.1662, 0.0 ], [ -64.2517, -33.1662, 0.0 ], [ -64.2536, -33.1651, 0.0 ], [ -64.2568, -33.1632, 0.0 ], [ -64.2613, -33.1611, 0.0 ], [ -64.2635, -33.1601, 0.0 ], [ -64.2701, -33.1599, 0.0 ], [ -64.2729, -33.1575, 0.0 ], [ -64.2708, -33.1525, 0.0 ], [ -64.2722, -33.1483, 0.0 ], [ -64.2739, -33.1474, 0.0 ], [ -64.2767, -33.1457, 0.0 ], [ -64.2805, -33.1436, 0.0 ], [ -64.283, -33.1422, 0.0 ], [ -64.2814, -33.1357, 0.0 ], [ -64.2806, -33.1324, 0.0 ], [ -64.2797, -33.1305, 0.0 ], [ -64.2785, -33.1279, 0.0 ], [ -64.2775, -33.1258, 0.0 ], [ -64.2808, -33.1254, 0.0 ], [ -64.2856, -33.1245, 0.0 ], [ -64.2898, -33.1226, 0.0 ], [ -64.2946, -33.1203, 0.0 ], [ -64.2972, -33.1203, 0.0 ], [ -64.3016, -33.1227, 0.0 ], [ -64.304, -33.1241, 0.0 ], [ -64.3099, -33.1241, 0.0 ], [ -64.3119, -33.1269, 0.0 ], [ -64.3115, -33.1324, 0.0 ], [ -64.3113, -33.1755, 0.0 ], [ -64.3113, -33.175, 0.0 ] ] ] ] } },
{ "type": "Feature", "properties": { "circuito": "00188", "codprov": "04", "coddepto": "013" }, "geometry": { "type": "MultiPolygon", "coordinates": [ [ [ [ -64.4234, -33.1361, 0.0 ], [ -64.4204, -33.1429, 0.0 ], [ -64.42, -33.1473, 0.0 ], [ -64.4197, -33.1517, 0.0 ], [ -64.4211, -33.1537, 0.0 ], [ -64.4241, -33.1561, 0.0 ], [ -64.4272, -33.1583, 0.0 ], [ -64.4278, -33.1639, 0.0 ], [ -64.4263, -33.1674, 0.0 ], [ -64.4232, -33.1687, 0.0 ], [ -64.4221, -33.1703, 0.0 ], [ -64.4245, -33.1742, 0.0 ], [ -64.4262, -33.177, 0.0 ], [ -64.383, -33.1802, 0.0 ], [ -64.3916, -33.2192, 0.0 ], [ -64.3492, -33.2303, 0.0 ], [ -64.349, -33.2073, 0.0 ], [ -64.3504, -33.2042, 0.0 ], [ -64.3551, -33.2014, 0.0 ], [ -64.356, -33.1588, 0.0 ], [ -64.3507, -33.1582, 0.0 ], [ -64.3435, -33.1352, 0.0 ], [ -64.3423, -33.1349, 0.0 ], [ -64.3375, -33.1304, 0.0 ], [ -64.3338, -33.1316, 0.0 ], [ -64.3336, -33.1302, 0.0 ], [ -64.3323, -33.1305, 0.0 ], [ -64.3318, -33.1275, 0.0 ], [ -64.3312, -33.1258, 0.0 ], [ -64.3298, -33.1244, 0.0 ], [ -64.3324, -33.122, 0.0 ], [ -64.3354, -33.1192, 0.0 ], [ -64.3376, -33.1178, 0.0 ], [ -64.3404, -33.1155, 0.0 ], [ -64.3431, -33.1132, 0.0 ], [ -64.345, -33.1109, 0.0 ], [ -64.3468, -33.1082, 0.0 ], [ -64.3492, -33.1057, 0.0 ], [ -64.3526, -33.1038, 0.0 ], [ -64.355, -33.1015, 0.0 ], [ -64.3569, -33.0999, 0.0 ], [ -64.3595, -33.0941, 0.0 ], [ -64.3599, -33.0921, 0.0 ], [ -64.3611, -33.0908, 0.0 ], [ -64.3606, -33.088, 0.0 ], [ -64.4239, -33.088, 0.0 ], [ -64.4241, -33.1348, 0.0 ], [ -64.4234, -33.1361, 0.0 ] ] ] ] } },
{ "type": "Feature", "properties": { "circuito": "00165", "codprov": "04", "coddepto": "013" }, "geometry": { "type": "MultiPolygon", "coordinates": [ [ [ [ -64.2952, -33.1203, 0.0 ], [ -64.295, -33.1184, 0.0 ], [ -64.294, -33.1114, 0.0 ], [ -64.2975, -33.1104, 0.0 ], [ -64.3089, -33.1059, 0.0 ], [ -64.3095, -33.1031, 0.0 ], [ -64.3051, -33.0995, 0.0 ], [ -64.3014, -33.0967, 0.0 ], [ -64.297, -33.094, 0.0 ], [ -64.295, -33.0928, 0.0 ], [ -64.2967, -33.0928, 0.0 ], [ -64.3047, -33.0928, 0.0 ], [ -64.3149, -33.0927, 0.0 ], [ -64.3235, -33.0922, 0.0 ], [ -64.327, -33.0898, 0.0 ], [ -64.3271, -33.088, 0.0 ], [ -64.327, -33.0745, 0.0 ], [ -64.3196, -33.0745, 0.0 ], [ -64.3204, -33.0467, 0.0 ], [ -64.348, -33.0475, 0.0 ], [ -64.3684, -33.0549, 0.0 ], [ -64.3679, -33.0615, 0.0 ], [ -64.3603, -33.0653, 0.0 ], [ -64.3571, -33.0708, 0.0 ], [ -64.3581, -33.0759, 0.0 ], [ -64.3557, -33.081, 0.0 ], [ -64.3606, -33.088, 0.0 ], [ -64.3611, -33.0908, 0.0 ], [ -64.3599, -33.0921, 0.0 ], [ -64.3592, -33.0948, 0.0 ], [ -64.3569, -33.0999, 0.0 ], [ -64.3546, -33.1019, 0.0 ], [ -64.3528, -33.1036, 0.0 ], [ -64.3492, -33.1057, 0.0 ], [ -64.3468, -33.1082, 0.0 ], [ -64.3448, -33.1101, 0.0 ], [ -64.3436, -33.1126, 0.0 ], [ -64.3402, -33.1157, 0.0 ], [ -64.3384, -33.1166, 0.0 ], [ -64.3361, -33.1182, 0.0 ], [ -64.3344, -33.1193, 0.0 ], [ -64.332, -33.1215, 0.0 ], [ -64.3287, -33.1245, 0.0 ], [ -64.3272, -33.1253, 0.0 ], [ -64.3232, -33.1271, 0.0 ], [ -64.3196, -33.1283, 0.0 ], [ -64.3166, -33.1302, 0.0 ], [ -64.3129, -33.13, 0.0 ], [ -64.3117, -33.1266, 0.0 ], [ -64.3099, -33.1241, 0.0 ], [ -64.3036, -33.1239, 0.0 ], [ -64.2998, -33.1218, 0.0 ], [ -64.2972, -33.1203, 0.0 ], [ -64.2952, -33.1203, 0.0 ] ] ] ] } },
{ "type": "Feature", "properties": { "circuito": "00179", "codprov": "04", "coddepto": "013" }, "geometry": { "type": "MultiPolygon", "coordinates": [ [ [ [ -64.2944236, -33.1203823, 0.0 ], [ -64.2856, -33.1245, 0.0 ], [ -64.2775, -33.1258, 0.0 ], [ -64.2806, -33.1324, 0.0 ], [ -64.283, -33.1422, 0.0 ], [ -64.2722, -33.1483, 0.0 ], [ -64.2708, -33.1525, 0.0 ], [ -64.2729, -33.1575, 0.0 ], [ -64.2701, -33.1599, 0.0 ], [ -64.2635, -33.1601, 0.0 ], [ -64.2568, -33.1632, 0.0 ], [ -64.2517, -33.1662, 0.0 ], [ -64.248, -33.1662, 0.0 ], [ -64.243, -33.1645, 0.0 ], [ -64.2413, -33.1691, 0.0 ], [ -64.2369, -33.1684, 0.0 ], [ -64.2301, -33.163, 0.0 ], [ -64.2305, -33.1653, 0.0 ], [ -64.2284, -33.1691, 0.0 ], [ -64.2211, -33.1684, 0.0 ], [ -64.2129, -33.1643, 0.0 ], [ -64.2002, -33.164, 0.0 ], [ -64.1911, -33.1659, 0.0 ], [ -64.1734, -33.1683, 0.0 ], [ -64.1576, -33.1705, 0.0 ], [ -64.1514, -33.1725, 0.0 ], [ -64.1359, -33.1768, 0.0 ], [ -64.1289, -33.1817, 0.0 ], [ -64.1294, -33.1764, 0.0 ], [ -64.1132, -33.179, 0.0 ], [ -64.0997, -33.1764, 0.0 ], [ -64.0842, -33.1825, 0.0 ], [ -64.0793, -33.1907, 0.0 ], [ -64.0744, -33.1915, 0.0 ], [ -64.0732, -33.1927, 0.0 ], [ -64.0713, -33.1988, 0.0 ], [ -64.0558, -33.1941, 0.0 ], [ -64.0509, -33.1973, 0.0 ], [ -64.0485, -33.1908, 0.0 ], [ -64.0492, -33.1329, 0.0 ], [ -64.0484, -33.1109, 0.0 ], [ -63.9918, -33.1137, 0.0 ], [ -63.9788, -33.1145, 0.0 ], [ -63.9658, -33.0665, 0.0 ], [ -64.0024, -33.0531, 0.0 ], [ -64.0386, -33.0506, 0.0 ], [ -64.0397, -33.0415, 0.0 ], [ -64.0744, -33.0424, 0.0 ], [ -64.0796, -33.0504, 0.0 ], [ -64.0964, -33.051, 0.0 ], [ -64.1068, -33.0464, 0.0 ], [ -64.1201, -33.043, 0.0 ], [ -64.1259, -33.0416, 0.0 ], [ -64.1355, -33.0372, 0.0 ], [ -64.1437, -33.0365, 0.0 ], [ -64.1526, -33.0347, 0.0 ], [ -64.1653, -33.0347, 0.0 ], [ -64.1737, -33.0347, 0.0 ], [ -64.1874, -33.0238, 0.0 ], [ -64.1957, -33.0168, 0.0 ], [ -64.2024, -33.0141, 0.0 ], [ -64.2088, -33.0106, 0.0 ], [ -64.2193, -32.9932, 0.0 ], [ -64.225, -32.9867, 0.0 ], [ -64.2299, -32.9842, 0.0 ], [ -64.2373, -32.9849, 0.0 ], [ -64.2429, -32.9834, 0.0 ], [ -64.2511, -32.9826, 0.0 ], [ -64.2561, -32.9833, 0.0 ], [ -64.2608, -32.9802, 0.0 ], [ -64.2642, -32.9795, 0.0 ], [ -64.2645, -32.9766, 0.0 ], [ -64.2641, -32.9698, 0.0 ], [ -64.2627, -32.9641, 0.0 ], [ -64.2755, -32.9607, 0.0 ], [ -64.3024, -32.9542, 0.0 ], [ -64.3094, -32.9845, 0.0 ], [ -64.3155, -33.0052, 0.0 ], [ -64.3204, -33.0036, 0.0 ], [ -64.3204, -33.0258, 0.0 ], [ -64.32, -33.0612, 0.0 ], [ -64.3196, -33.0745, 0.0 ], [ -64.327, -33.0745, 0.0 ], [ -64.327, -33.0898, 0.0 ], [ -64.3235, -33.0922, 0.0 ], [ -64.3183, -33.0925, 0.0 ], [ -64.3059, -33.0928, 0.0 ], [ -64.295, -33.0928, 0.0 ], [ -64.297, -33.094, 0.0 ], [ -64.304, -33.0987, 0.0 ], [ -64.3095, -33.1031, 0.0 ], [ -64.3089, -33.1059, 0.0 ], [ -64.294, -33.1114, 0.0 ], [ -64.2952, -33.1201, 0.0 ], [ -64.2944236, -33.1203823, 0.0 ] ], [ [ -64.2941, -33.1205, 0.0 ], [ -64.2946, -33.1203, 0.0 ], [ -64.2944236, -33.1203823, 0.0 ], [ -64.2941, -33.1205, 0.0 ] ] ] ] } },
{ "type": "Feature", "properties": { "circuito": "00164", "codprov": "04", "coddepto": "013" }, "geometry": { "type": "MultiPolygon", "coordinates": [ [ [ [ -64.2627, -32.9641, 0.0 ], [ -64.2519, -32.9166, 0.0 ], [ -64.273, -32.863, 0.0 ], [ -64.3268, -32.7816, 0.0 ], [ -64.3317, -32.7816, 0.0 ], [ -64.3503, -32.7761, 0.0 ], [ -64.3908, -32.769, 0.0 ], [ -64.492, -32.749, 0.0 ], [ -64.527, -32.7417, 0.0 ], [ -64.533, -32.7516, 0.0 ], [ -64.5409, -32.7793, 0.0 ], [ -64.5475, -32.8051, 0.0 ], [ -64.5554, -32.8358, 0.0 ], [ -64.5531, -32.8533, 0.0 ], [ -64.5514, -32.8906, 0.0 ], [ -64.4994, -32.89, 0.0 ], [ -64.4632, -32.9212, 0.0 ], [ -64.4088, -32.9288, 0.0 ], [ -64.3876, -32.9309, 0.0 ], [ -64.3584, -32.9363, 0.0 ], [ -64.2993, -32.9501, 0.0 ], [ -64.3024, -32.9542, 0.0 ], [ -64.2627, -32.9641, 0.0 ] ] ] ] } },
{ "type": "Feature", "properties": { "circuito": "0178B", "codprov": "04", "coddepto": "013" }, "geometry": { "type": "MultiPolygon", "coordinates": [ [ [ [ -65.025, -33.0121, 0.0 ], [ -65.0103, -33.0144, 0.0 ], [ -64.9854, -33.0188, 0.0 ], [ -64.9623, -33.0219, 0.0 ], [ -64.9528, -33.0241, 0.0 ], [ -64.9363, -33.0272, 0.0 ], [ -64.918, -33.0297, 0.0 ], [ -64.8453, -32.6957, 0.0 ], [ -64.8581, -32.6934, 0.0 ], [ -64.8758, -32.6902, 0.0 ], [ -64.8913, -32.6874, 0.0 ], [ -64.9236, -32.6816, 0.0 ], [ -64.9309, -32.6946, 0.0 ], [ -64.939, -32.6987, 0.0 ], [ -64.9451, -32.7062, 0.0 ], [ -64.9526, -32.7312, 0.0 ], [ -64.956, -32.7577, 0.0 ], [ -64.9627, -32.7618, 0.0 ], [ -64.9695, -32.7787, 0.0 ], [ -64.9689, -32.7943, 0.0 ], [ -64.9756, -32.8099, 0.0 ], [ -64.9756, -32.8262, 0.0 ], [ -64.9851, -32.8424, 0.0 ], [ -64.9939, -32.8696, 0.0 ], [ -64.9946, -32.8987, 0.0 ], [ -64.9953, -32.9021, 0.0 ], [ -64.9966, -32.9306, 0.0 ], [ -65.0048, -32.9455, 0.0 ], [ -65.0048, -32.955, 0.0 ], [ -65.0034, -32.9631, 0.0 ], [ -65.0075, -32.9651, 0.0 ], [ -65.015, -32.9692, 0.0 ], [ -65.0231, -32.9868, 0.0 ], [ -65.0231, -32.9984, 0.0 ], [ -65.025, -33.0121, 0.0 ] ] ] ] } },
{ "type": "Feature", "properties": { "circuito": "00176", "codprov": "04", "coddepto": "013" }, "geometry": { "type": "MultiPolygon", "coordinates": [ [ [ [ -64.5526, -32.9697, 0.0 ], [ -64.5507, -32.914, 0.0 ], [ -64.5556, -32.8346, 0.0 ], [ -64.5435, -32.7908, 0.0 ], [ -64.533, -32.7516, 0.0 ], [ -64.5753, -32.7457, 0.0 ], [ -64.5761, -32.7433, 0.0 ], [ -64.5935, -32.7402, 0.0 ], [ -64.6344, -32.7335, 0.0 ], [ -64.6402, -32.7797, 0.0 ], [ -64.6531, -32.8238, 0.0 ], [ -64.6694, -32.9038, 0.0 ], [ -64.6768, -32.939, 0.0 ], [ -64.6924, -32.9363, 0.0 ], [ -64.6978, -32.9492, 0.0 ], [ -64.7053, -32.9648, 0.0 ], [ -64.6904, -32.9668, 0.0 ], [ -64.7066, -33.0197, 0.0 ], [ -64.7222, -33.0504, 0.0 ], [ -64.6913, -33.0642, 0.0 ], [ -64.6481, -33.0634, 0.0 ], [ -64.6424, -33.0577, 0.0 ], [ -64.6115, -33.0471, 0.0 ], [ -64.5879, -33.0707, 0.0 ], [ -64.5786, -33.0795, 0.0 ], [ -64.5556, -33.0793, 0.0 ], [ -64.5583, -33.0184, 0.0 ], [ -64.5554, -33.0112, 0.0 ], [ -64.5392, -33.0096, 0.0 ], [ -64.5355, -32.9998, 0.0 ], [ -64.5523, -32.9669, 0.0 ], [ -64.5526, -32.9697, 0.0 ] ] ] ] } },
{ "type": "Feature", "properties": { "circuito": "0178A", "codprov": "04", "coddepto": "013" }, "geometry": { "type": "MultiPolygon", "coordinates": [ [ [ [ -64.6768, -32.939, 0.0 ], [ -64.6694, -32.9038, 0.0 ], [ -64.6544, -32.9058, 0.0 ], [ -64.6477, -32.897, 0.0 ], [ -64.6497, -32.8916, 0.0 ], [ -64.6517, -32.8835, 0.0 ], [ -64.6585, -32.8807, 0.0 ], [ -64.6714, -32.878, 0.0 ], [ -64.6755, -32.8726, 0.0 ], [ -64.6883, -32.8658, 0.0 ], [ -64.6931, -32.8848, 0.0 ], [ -64.7039, -32.8855, 0.0 ], [ -64.7066, -32.899, 0.0 ], [ -64.6999, -32.9018, 0.0 ], [ -64.7134, -32.9051, 0.0 ], [ -64.7243, -32.9051, 0.0 ], [ -64.7324, -32.8997, 0.0 ], [ -64.7385, -32.8997, 0.0 ], [ -64.7466, -32.9045, 0.0 ], [ -64.7589, -32.9079, 0.0 ], [ -64.765, -32.899, 0.0 ], [ -64.7751, -32.9065, 0.0 ], [ -64.7839, -32.9031, 0.0 ], [ -64.807, -32.8984, 0.0 ], [ -64.8009, -32.8638, 0.0 ], [ -64.8429, -32.8543, 0.0 ], [ -64.8551, -32.8529, 0.0 ], [ -64.8639, -32.8428, 0.0 ], [ -64.8646, -32.8346, 0.0 ], [ -64.8755, -32.8343, 0.0 ], [ -64.8788, -32.8496, 0.0 ], [ -64.8826, -32.8671, 0.0 ], [ -64.8865, -32.8849, 0.0 ], [ -64.9005, -32.9491, 0.0 ], [ -64.9179, -33.0293, 0.0 ], [ -64.9053, -33.0357, 0.0 ], [ -64.8964, -33.0351, 0.0 ], [ -64.8931, -33.0349, 0.0 ], [ -64.872, -33.026, 0.0 ], [ -64.8565, -33.0243, 0.0 ], [ -64.8484, -33.0284, 0.0 ], [ -64.8402, -33.0276, 0.0 ], [ -64.8251, -33.0342, 0.0 ], [ -64.7935, -33.0481, 0.0 ], [ -64.786, -33.0484, 0.0 ], [ -64.7739, -33.0495, 0.0 ], [ -64.7482, -33.0536, 0.0 ], [ -64.7303, -33.0504, 0.0 ], [ -64.7229, -33.0533, 0.0 ], [ -64.7066, -33.0197, 0.0 ], [ -64.7007, -33.0003, 0.0 ], [ -64.6904, -32.9668, 0.0 ], [ -64.7053, -32.9648, 0.0 ], [ -64.6924, -32.9363, 0.0 ], [ -64.6768, -32.939, 0.0 ] ] ] ] } },
{ "type": "Feature", "properties": { "circuito": "00178", "codprov": "04", "coddepto": "013" }, "geometry": { "type": "MultiPolygon", "coordinates": [ [ [ [ -64.8453, -32.6957, 0.0 ], [ -64.8642, -32.7828, 0.0 ], [ -64.875, -32.832, 0.0 ], [ -64.8646, -32.8346, 0.0 ], [ -64.8612, -32.8414, 0.0 ], [ -64.8551, -32.8529, 0.0 ], [ -64.8429, -32.8543, 0.0 ], [ -64.8009, -32.8638, 0.0 ], [ -64.807, -32.8984, 0.0 ], [ -64.7839, -32.9031, 0.0 ], [ -64.7751, -32.9065, 0.0 ], [ -64.7634, -32.9012, 0.0 ], [ -64.7589, -32.9079, 0.0 ], [ -64.7466, -32.9045, 0.0 ], [ -64.7385, -32.8997, 0.0 ], [ -64.7291, -32.9019, 0.0 ], [ -64.7216, -32.9051, 0.0 ], [ -64.7094, -32.9042, 0.0 ], [ -64.7066, -32.899, 0.0 ], [ -64.7004, -32.8853, 0.0 ], [ -64.6928, -32.8835, 0.0 ], [ -64.6889, -32.8682, 0.0 ], [ -64.6755, -32.8726, 0.0 ], [ -64.6646, -32.8795, 0.0 ], [ -64.6571, -32.8437, 0.0 ], [ -64.6531, -32.8238, 0.0 ], [ -64.648, -32.8065, 0.0 ], [ -64.641, -32.7826, 0.0 ], [ -64.6344, -32.7335, 0.0 ], [ -64.7384, -32.715, 0.0 ], [ -64.8453, -32.6957, 0.0 ] ] ] ] } },
{ "type": "Feature", "properties": { "circuito": "0266A", "codprov": "04", "coddepto": "018" }, "geometry": { "type": "MultiPolygon", "coordinates": [ [ [ [ -65.5078, -31.8501, 0.0 ], [ -65.5059, -31.8138, 0.0 ], [ -65.5039, -31.7942, 0.0 ], [ -65.5069, -31.758, 0.0 ], [ -65.6215, -31.7599, 0.0 ], [ -65.6166, -31.7492, 0.0 ], [ -65.7772, -31.7472, 0.0 ], [ -65.7723, -31.8853, 0.0 ], [ -65.693, -31.8912, 0.0 ], [ -65.6254, -31.8932, 0.0 ], [ -65.6087, -31.901, 0.0 ], [ -65.6078, -31.8893, 0.0 ], [ -65.5549, -31.8834, 0.0 ], [ -65.5539, -31.8961, 0.0 ], [ -65.5078, -31.8971, 0.0 ], [ -65.5078, -31.8501, 0.0 ] ] ] ] } },
{ "type": "Feature", "properties": { "circuito": "00260", "codprov": "04", "coddepto": "018" }, "geometry": { "type": "MultiPolygon", "coordinates": [ [ [ [ -65.0888, -31.4151, 0.0 ], [ -65.0829, -31.492, 0.0 ], [ -65.0775, -31.5199, 0.0 ], [ -65.078, -31.542, 0.0 ], [ -65.0755, -31.5826, 0.0 ], [ -65.0707, -31.5782, 0.0 ], [ -65.0682, -31.5777, 0.0 ], [ -65.0599, -31.5782, 0.0 ], [ -65.0564, -31.5792, 0.0 ], [ -65.0525, -31.5782, 0.0 ], [ -65.0427, -31.5782, 0.0 ], [ -65.0251, -31.5782, 0.0 ], [ -64.9923, -31.5787, 0.0 ], [ -64.9918, -31.4469, 0.0 ], [ -64.9923, -31.4019, 0.0 ], [ -65.0658, -31.4092, 0.0 ], [ -65.0888, -31.4151, 0.0 ] ] ] ] } },
{ "type": "Feature", "properties": { "circuito": "0260A", "codprov": "04", "coddepto": "018" }, "geometry": { "type": "MultiPolygon", "coordinates": [ [ [ [ -64.9923, -31.4019, 0.0 ], [ -64.992, -31.4905, 0.0 ], [ -64.9921, -31.5327, 0.0 ], [ -64.9859, -31.5331, 0.0 ], [ -64.9776, -31.5282, 0.0 ], [ -64.9668, -31.5268, 0.0 ], [ -64.9609, -31.5268, 0.0 ], [ -64.9551, -31.5287, 0.0 ], [ -64.9497, -31.5322, 0.0 ], [ -64.9433, -31.5361, 0.0 ], [ -64.9359, -31.5395, 0.0 ], [ -64.9335, -31.5439, 0.0 ], [ -64.9276, -31.5478, 0.0 ], [ -64.9217, -31.5503, 0.0 ], [ -64.9134, -31.5498, 0.0 ], [ -64.91, -31.5473, 0.0 ], [ -64.911, -31.5415, 0.0 ], [ -64.9105, -31.538, 0.0 ], [ -64.907, -31.5356, 0.0 ], [ -64.8977, -31.5375, 0.0 ], [ -64.8948, -31.5371, 0.0 ], [ -64.887, -31.5371, 0.0 ], [ -64.8777, -31.5341, 0.0 ], [ -64.8713, -31.5322, 0.0 ], [ -64.8649, -31.5317, 0.0 ], [ -64.8533, -31.532, 0.0 ], [ -64.8497, -31.5346, 0.0 ], [ -64.834, -31.5319, 0.0 ], [ -64.8208, -31.5351, 0.0 ], [ -64.8135, -31.531, 0.0 ], [ -64.7973, -31.5292, 0.0 ], [ -64.8238, -31.4626, 0.0 ], [ -64.8419, -31.4136, 0.0 ], [ -64.9266, -31.4019, 0.0 ], [ -64.9276, -31.3877, 0.0 ], [ -64.9345, -31.3867, 0.0 ], [ -64.9923, -31.4019, 0.0 ] ] ] ] } },
{ "type": "Feature", "properties": { "circuito": "0263A", "codprov": "04", "coddepto": "018" }, "geometry": { "type": "MultiPolygon", "coordinates": [ [ [ [ -64.9923, -31.5787, 0.0 ], [ -64.9918, -31.6051, 0.0 ], [ -64.9917, -31.6196, 0.0 ], [ -64.9935, -31.6276, 0.0 ], [ -64.9964, -31.6335, 0.0 ], [ -65.0, -31.6433, 0.0 ], [ -64.9849, -31.6369, 0.0 ], [ -64.9749, -31.6346, 0.0 ], [ -64.9636, -31.6323, 0.0 ], [ -64.9547, -31.6263, 0.0 ], [ -64.9468, -31.6201, 0.0 ], [ -64.9371, -31.6126, 0.0 ], [ -64.9331, -31.6117, 0.0 ], [ -64.9249, -31.6115, 0.0 ], [ -64.9181, -31.6114, 0.0 ], [ -64.9126, -31.6113, 0.0 ], [ -64.9075, -31.6115, 0.0 ], [ -64.9017, -31.613, 0.0 ], [ -64.8728, -31.612, 0.0 ], [ -64.8546, -31.61, 0.0 ], [ -64.8429, -31.6027, 0.0 ], [ -64.767, -31.6042, 0.0 ], [ -64.7763, -31.5669, 0.0 ], [ -64.7973, -31.5292, 0.0 ], [ -64.8071, -31.5302, 0.0 ], [ -64.8151, -31.5312, 0.0 ], [ -64.8208, -31.5351, 0.0 ], [ -64.8346, -31.532, 0.0 ], [ -64.8404, -31.5322, 0.0 ], [ -64.8497, -31.5346, 0.0 ], [ -64.8533, -31.532, 0.0 ], [ -64.8576, -31.5317, 0.0 ], [ -64.8649, -31.5317, 0.0 ], [ -64.8713, -31.5322, 0.0 ], [ -64.884, -31.5361, 0.0 ], [ -64.8948, -31.5371, 0.0 ], [ -64.9026, -31.5365, 0.0 ], [ -64.907, -31.5356, 0.0 ], [ -64.911, -31.5415, 0.0 ], [ -64.9103, -31.5452, 0.0 ], [ -64.9119, -31.5487, 0.0 ], [ -64.9179, -31.5501, 0.0 ], [ -64.9237, -31.5495, 0.0 ], [ -64.9276, -31.5478, 0.0 ], [ -64.932, -31.5424, 0.0 ], [ -64.9387, -31.5382, 0.0 ], [ -64.9428, -31.5331, 0.0 ], [ -64.9487, -31.5328, 0.0 ], [ -64.9551, -31.5287, 0.0 ], [ -64.9609, -31.5268, 0.0 ], [ -64.9673, -31.5248, 0.0 ], [ -64.9741, -31.5278, 0.0 ], [ -64.9806, -31.53, 0.0 ], [ -64.9859, -31.5331, 0.0 ], [ -64.9921, -31.5331, 0.0 ], [ -64.9923, -31.5787, 0.0 ] ] ] ] } },
{ "type": "Feature", "properties": { "circuito": "00265", "codprov": "04", "coddepto": "018" }, "geometry": { "type": "MultiPolygon", "coordinates": [ [ [ [ -65.0775, -31.5199, 0.0 ], [ -65.0829, -31.492, 0.0 ], [ -65.0864, -31.4468, 0.0 ], [ -65.0888, -31.4151, 0.0 ], [ -65.095, -31.4174, 0.0 ], [ -65.1103, -31.4251, 0.0 ], [ -65.1238, -31.4368, 0.0 ], [ -65.142, -31.4586, 0.0 ], [ -65.145, -31.478, 0.0 ], [ -65.1462, -31.498, 0.0 ], [ -65.1509, -31.5232, 0.0 ], [ -65.1579, -31.5391, 0.0 ], [ -65.1156, -31.5391, 0.0 ], [ -65.1109, -31.5391, 0.0 ], [ -65.1109, -31.5432, 0.0 ], [ -65.1021, -31.5432, 0.0 ], [ -65.0944, -31.545, 0.0 ], [ -65.0868, -31.5432, 0.0 ], [ -65.0778, -31.5455, 0.0 ], [ -65.0775, -31.5199, 0.0 ] ] ] ] } },
{ "type": "Feature", "properties": { "circuito": "0264A", "codprov": "04", "coddepto": "018" }, "geometry": { "type": "MultiPolygon", "coordinates": [ [ [ [ -65.0757, -31.5802, 0.0 ], [ -65.0777, -31.5462, 0.0 ], [ -65.0862, -31.5434, 0.0 ], [ -65.0964, -31.5445, 0.0 ], [ -65.0995, -31.5438, 0.0 ], [ -65.1109, -31.5432, 0.0 ], [ -65.1109, -31.5391, 0.0 ], [ -65.1569, -31.5368, 0.0 ], [ -65.1661, -31.5568, 0.0 ], [ -65.1783, -31.5706, 0.0 ], [ -65.2008, -31.5944, 0.0 ], [ -65.2285, -31.6091, 0.0 ], [ -65.2455, -31.6155, 0.0 ], [ -65.2655, -31.6185, 0.0 ], [ -65.2784, -31.6238, 0.0 ], [ -65.279, -31.6373, 0.0 ], [ -65.262, -31.6449, 0.0 ], [ -65.2361, -31.6602, 0.0 ], [ -65.2367, -31.6773, 0.0 ], [ -65.2473, -31.7037, 0.0 ], [ -65.2597, -31.7174, 0.0 ], [ -65.269, -31.7272, 0.0 ], [ -65.2762, -31.7493, 0.0 ], [ -65.2733, -31.7645, 0.0 ], [ -65.2333, -31.7645, 0.0 ], [ -65.2039, -31.7645, 0.0 ], [ -65.1861, -31.7637, 0.0 ], [ -65.1802, -31.7603, 0.0 ], [ -65.1767, -31.7584, 0.0 ], [ -65.175, -31.7484, 0.0 ], [ -65.1708, -31.7466, 0.0 ], [ -65.1584, -31.7463, 0.0 ], [ -65.155, -31.756, 0.0 ], [ -65.1444, -31.7566, 0.0 ], [ -65.1391, -31.756, 0.0 ], [ -65.1397, -31.709, 0.0 ], [ -65.1044, -31.709, 0.0 ], [ -65.1028, -31.7037, 0.0 ], [ -65.1034, -31.6972, 0.0 ], [ -65.109, -31.6949, 0.0 ], [ -65.1102, -31.6952, 0.0 ], [ -65.1281, -31.6908, 0.0 ], [ -65.1393, -31.6875, 0.0 ], [ -65.1398, -31.6858, 0.0 ], [ -65.1522, -31.6858, 0.0 ], [ -65.1601, -31.6855, 0.0 ], [ -65.1757, -31.6869, 0.0 ], [ -65.1763, -31.6834, 0.0 ], [ -65.1745, -31.6787, 0.0 ], [ -65.1766, -31.6728, 0.0 ], [ -65.1795, -31.6681, 0.0 ], [ -65.1816, -31.664, 0.0 ], [ -65.1813, -31.6623, 0.0 ], [ -65.1807, -31.6176, 0.0 ], [ -65.1598, -31.6205, 0.0 ], [ -65.1093, -31.6217, 0.0 ], [ -65.111, -31.5841, 0.0 ], [ -65.0756, -31.5888, 0.0 ], [ -65.0755, -31.5826, 0.0 ], [ -65.0757, -31.5802, 0.0 ] ] ] ] } },
{ "type": "Feature", "properties": { "circuito": "00264", "codprov": "04", "coddepto": "018" }, "geometry": { "type": "MultiPolygon", "coordinates": [ [ [ [ -64.9918, -31.6051, 0.0 ], [ -64.9923, -31.5787, 0.0 ], [ -65.0525, -31.5782, 0.0 ], [ -65.0647, -31.5779, 0.0 ], [ -65.0758, -31.5788, 0.0 ], [ -65.0756, -31.5888, 0.0 ], [ -65.0945, -31.5863, 0.0 ], [ -65.1029, -31.5852, 0.0 ], [ -65.111, -31.5841, 0.0 ], [ -65.1102, -31.6011, 0.0 ], [ -65.1097, -31.6134, 0.0 ], [ -65.1093, -31.6217, 0.0 ], [ -65.1316, -31.6212, 0.0 ], [ -65.1598, -31.6205, 0.0 ], [ -65.1807, -31.6176, 0.0 ], [ -65.1809, -31.634, 0.0 ], [ -65.1811, -31.6464, 0.0 ], [ -65.1812, -31.6558, 0.0 ], [ -65.1722, -31.654, 0.0 ], [ -65.1569, -31.6534, 0.0 ], [ -65.1181, -31.654, 0.0 ], [ -65.1099, -31.6529, 0.0 ], [ -65.1093, -31.6564, 0.0 ], [ -65.0975, -31.6552, 0.0 ], [ -65.0869, -31.654, 0.0 ], [ -65.0758, -31.6482, 0.0 ], [ -65.0751, -31.6441, 0.0 ], [ -65.0643, -31.6446, 0.0 ], [ -65.0531, -31.644, 0.0 ], [ -65.0232, -31.6435, 0.0 ], [ -65.0, -31.6433, 0.0 ], [ -64.9964, -31.6335, 0.0 ], [ -64.9917, -31.6211, 0.0 ], [ -64.9918, -31.6051, 0.0 ] ] ] ] } },
{ "type": "Feature", "properties": { "circuito": "00259", "codprov": "04", "coddepto": "018" }, "geometry": { "type": "MultiPolygon", "coordinates": [ [ [ [ -65.0781, -31.7875, 0.0 ], [ -65.1398, -31.7869, 0.0 ], [ -65.1391, -31.7572, 0.0 ], [ -65.155, -31.756, 0.0 ], [ -65.1584, -31.7463, 0.0 ], [ -65.1708, -31.7466, 0.0 ], [ -65.175, -31.7484, 0.0 ], [ -65.1761, -31.7547, 0.0 ], [ -65.1767, -31.7584, 0.0 ], [ -65.1861, -31.7637, 0.0 ], [ -65.2095, -31.7645, 0.0 ], [ -65.2733, -31.7645, 0.0 ], [ -65.2683, -31.7975, 0.0 ], [ -65.2606, -31.8227, 0.0 ], [ -65.2577, -31.8333, 0.0 ], [ -65.2569, -31.8394, 0.0 ], [ -65.2556, -31.844, 0.0 ], [ -65.2301, -31.8421, 0.0 ], [ -65.2245, -31.8471, 0.0 ], [ -65.2165, -31.8486, 0.0 ], [ -65.2066, -31.8468, 0.0 ], [ -65.1954, -31.8439, 0.0 ], [ -65.1883, -31.8433, 0.0 ], [ -65.1742, -31.8421, 0.0 ], [ -65.1654, -31.8433, 0.0 ], [ -65.1495, -31.848, 0.0 ], [ -65.1301, -31.8415, 0.0 ], [ -65.1149, -31.8333, 0.0 ], [ -65.0949, -31.8251, 0.0 ], [ -65.0749, -31.8169, 0.0 ], [ -65.0781, -31.7875, 0.0 ] ] ] ] } },
{ "type": "Feature", "properties": { "circuito": "0261A", "codprov": "04", "coddepto": "018" }, "geometry": { "type": "MultiPolygon", "coordinates": [ [ [ [ -65.0533, -31.6768, 0.0 ], [ -65.0533, -31.6902, 0.0 ], [ -65.0533, -31.699, 0.0 ], [ -65.0526, -31.6988, 0.0 ], [ -65.0524, -31.698, 0.0 ], [ -65.0522, -31.6973, 0.0 ], [ -65.0521, -31.6963, 0.0 ], [ -65.0516, -31.6958, 0.0 ], [ -65.0513, -31.694, 0.0 ], [ -65.0508, -31.6932, 0.0 ], [ -65.0497, -31.6928, 0.0 ], [ -65.0483, -31.6926, 0.0 ], [ -65.0466, -31.6923, 0.0 ], [ -65.0453, -31.6927, 0.0 ], [ -65.0447, -31.6934, 0.0 ], [ -65.0438, -31.6941, 0.0 ], [ -65.043, -31.695, 0.0 ], [ -65.0423, -31.696, 0.0 ], [ -65.04, -31.6971, 0.0 ], [ -65.0375, -31.6981, 0.0 ], [ -65.0359, -31.7011, 0.0 ], [ -65.033, -31.7024, 0.0 ], [ -65.0293, -31.7038, 0.0 ], [ -65.028, -31.7036, 0.0 ], [ -65.0247, -31.7047, 0.0 ], [ -65.0245, -31.703, 0.0 ], [ -65.0252, -31.7011, 0.0 ], [ -65.0237, -31.7009, 0.0 ], [ -65.0236, -31.7004, 0.0 ], [ -65.0222, -31.7002, 0.0 ], [ -65.0199, -31.6995, 0.0 ], [ -65.0188, -31.6991, 0.0 ], [ -65.0182, -31.6985, 0.0 ], [ -65.0168, -31.6981, 0.0 ], [ -65.0173, -31.6971, 0.0 ], [ -65.0179, -31.6952, 0.0 ], [ -65.0181, -31.6933, 0.0 ], [ -65.0176, -31.6926, 0.0 ], [ -65.0151, -31.692, 0.0 ], [ -65.0135, -31.6917, 0.0 ], [ -65.0126, -31.6914, 0.0 ], [ -65.0113, -31.6913, 0.0 ], [ -65.0076, -31.6903, 0.0 ], [ -65.0059, -31.6897, 0.0 ], [ -65.0053, -31.6892, 0.0 ], [ -65.0046, -31.6893, 0.0 ], [ -64.9977, -31.688, 0.0 ], [ -64.9917, -31.6866, 0.0 ], [ -64.9906, -31.6865, 0.0 ], [ -64.9901, -31.6858, 0.0 ], [ -64.9887, -31.6856, 0.0 ], [ -64.9881, -31.6702, 0.0 ], [ -64.9941, -31.6554, 0.0 ], [ -65.0, -31.6433, 0.0 ], [ -65.0023, -31.6435, 0.0 ], [ -65.0081, -31.6435, 0.0 ], [ -65.0326, -31.6436, 0.0 ], [ -65.0531, -31.644, 0.0 ], [ -65.0533, -31.6768, 0.0 ] ] ] ] } },
{ "type": "Feature", "properties": { "circuito": "00261", "codprov": "04", "coddepto": "018" }, "geometry": { "type": "MultiPolygon", "coordinates": [ [ [ [ -65.0025, -31.7122, 0.0 ], [ -65.0021, -31.7118, 0.0 ], [ -65.0022912, -31.7119, 0.0 ], [ -65.0025, -31.7122, 0.0 ] ] ], [ [ [ -65.0022912, -31.7119, 0.0 ], [ -64.989, -31.6928, 0.0 ], [ -64.9887, -31.6856, 0.0 ], [ -64.9906, -31.6865, 0.0 ], [ -65.0053, -31.6892, 0.0 ], [ -65.0113, -31.6913, 0.0 ], [ -65.0176, -31.6926, 0.0 ], [ -65.0179, -31.6952, 0.0 ], [ -65.0168, -31.6981, 0.0 ], [ -65.0182, -31.6985, 0.0 ], [ -65.0199, -31.6995, 0.0 ], [ -65.0236, -31.7004, 0.0 ], [ -65.0237, -31.7009, 0.0 ], [ -65.0244, -31.701, 0.0 ], [ -65.0248, -31.7021, 0.0 ], [ -65.0247, -31.7047, 0.0 ], [ -65.028, -31.7036, 0.0 ], [ -65.0293, -31.7038, 0.0 ], [ -65.0359, -31.7011, 0.0 ], [ -65.0372, -31.6986, 0.0 ], [ -65.0423, -31.696, 0.0 ], [ -65.0447, -31.6934, 0.0 ], [ -65.0466, -31.6923, 0.0 ], [ -65.0484, -31.6936, 0.0 ], [ -65.0491, -31.6936, 0.0 ], [ -65.0502, -31.695, 0.0 ], [ -65.051, -31.6969, 0.0 ], [ -65.0526, -31.6988, 0.0 ], [ -65.0533, -31.699, 0.0 ], [ -65.0532, -31.6678, 0.0 ], [ -65.0532, -31.6477, 0.0 ], [ -65.0531, -31.644, 0.0 ], [ -65.0751, -31.6441, 0.0 ], [ -65.0758, -31.6482, 0.0 ], [ -65.0869, -31.654, 0.0 ], [ -65.1077, -31.6562, 0.0 ], [ -65.1093, -31.6564, 0.0 ], [ -65.1099, -31.6529, 0.0 ], [ -65.1181, -31.654, 0.0 ], [ -65.1455, -31.6536, 0.0 ], [ -65.1679, -31.6539, 0.0 ], [ -65.1722, -31.654, 0.0 ], [ -65.1812, -31.6539, 0.0 ], [ -65.1812, -31.6558, 0.0 ], [ -65.1813, -31.6604, 0.0 ], [ -65.1816, -31.664, 0.0 ], [ -65.1795, -31.6681, 0.0 ], [ -65.1766, -31.6728, 0.0 ], [ -65.1748, -31.6779, 0.0 ], [ -65.1763, -31.6834, 0.0 ], [ -65.1757, -31.6869, 0.0 ], [ -65.1601, -31.6855, 0.0 ], [ -65.1398, -31.6858, 0.0 ], [ -65.1393, -31.6875, 0.0 ], [ -65.1154, -31.6939, 0.0 ], [ -65.1102, -31.6952, 0.0 ], [ -65.108, -31.6953, 0.0 ], [ -65.1034, -31.6972, 0.0 ], [ -65.1028, -31.7037, 0.0 ], [ -65.1044, -31.709, 0.0 ], [ -65.1397, -31.709, 0.0 ], [ -65.1394, -31.73, 0.0 ], [ -65.1391, -31.756, 0.0 ], [ -65.1398, -31.7869, 0.0 ], [ -65.123, -31.787, 0.0 ], [ -65.1053, -31.7872, 0.0 ], [ -65.0806, -31.7874, 0.0 ], [ -65.0765, -31.7629, 0.0 ], [ -65.0697, -31.7435, 0.0 ], [ -65.0556, -31.7306, 0.0 ], [ -65.0239, -31.7232, 0.0 ], [ -65.0022912, -31.7119, 0.0 ] ] ] ] } },
{ "type": "Feature", "properties": { "circuito": "0261B", "codprov": "04", "coddepto": "018" }, "geometry": { "type": "MultiPolygon", "coordinates": [ [ [ [ -64.9361, -31.6117, 0.0 ], [ -64.9619, -31.632, 0.0 ], [ -64.9837, -31.6364, 0.0 ], [ -65.0, -31.6433, 0.0 ], [ -64.9941, -31.6554, 0.0 ], [ -64.9881, -31.6702, 0.0 ], [ -64.9887, -31.6856, 0.0 ], [ -64.9828, -31.6867, 0.0 ], [ -64.9787, -31.6852, 0.0 ], [ -64.9749, -31.6814, 0.0 ], [ -64.899, -31.6746, 0.0 ], [ -64.892, -31.6743, 0.0 ], [ -64.8826, -31.6734, 0.0 ], [ -64.8711, -31.6714, 0.0 ], [ -64.8614, -31.6723, 0.0 ], [ -64.7839, -31.6737, 0.0 ], [ -64.7785, -31.6767, 0.0 ], [ -64.7737, -31.6788, 0.0 ], [ -64.7696, -31.6797, 0.0 ], [ -64.768, -31.6782, 0.0 ], [ -64.7644, -31.6764, 0.0 ], [ -64.7604, -31.6759, 0.0 ], [ -64.7576, -31.6755, 0.0 ], [ -64.7536, -31.6771, 0.0 ], [ -64.7498, -31.6811, 0.0 ], [ -64.7464, -31.682, 0.0 ], [ -64.7418, -31.683, 0.0 ], [ -64.7395, -31.6827, 0.0 ], [ -64.7383, -31.6825, 0.0 ], [ -64.737, -31.681, 0.0 ], [ -64.7359, -31.6795, 0.0 ], [ -64.7336, -31.6793, 0.0 ], [ -64.7294, -31.679, 0.0 ], [ -64.7471, -31.6496, 0.0 ], [ -64.7594, -31.6305, 0.0 ], [ -64.765, -31.6111, 0.0 ], [ -64.767, -31.6042, 0.0 ], [ -64.8014, -31.6035, 0.0 ], [ -64.8429, -31.6027, 0.0 ], [ -64.8546, -31.61, 0.0 ], [ -64.874, -31.612, 0.0 ], [ -64.9087, -31.6112, 0.0 ], [ -64.9355, -31.6117, 0.0 ], [ -64.9596, -31.6302, 0.0 ], [ -64.9361, -31.6117, 0.0 ] ] ] ] } },
{ "type": "Feature", "properties": { "circuito": "00266", "codprov": "04", "coddepto": "018" }, "geometry": { "type": "MultiPolygon", "coordinates": [ [ [ [ -65.2505, -31.7078, 0.0 ], [ -65.4548, -31.7025, 0.0 ], [ -65.4736, -31.6884, 0.0 ], [ -65.4742, -31.6925, 0.0 ], [ -65.4924, -31.6937, 0.0 ], [ -65.5069, -31.758, 0.0 ], [ -65.5039, -31.7942, 0.0 ], [ -65.5059, -31.8138, 0.0 ], [ -65.5078, -31.8554, 0.0 ], [ -65.5078, -31.8971, 0.0 ], [ -65.4466, -31.8989, 0.0 ], [ -65.4466, -31.8936, 0.0 ], [ -65.4207, -31.8936, 0.0 ], [ -65.3895, -31.893, 0.0 ], [ -65.389, -31.8518, 0.0 ], [ -65.2549, -31.8465, 0.0 ], [ -65.2683, -31.7975, 0.0 ], [ -65.2762, -31.7493, 0.0 ], [ -65.269, -31.7272, 0.0 ], [ -65.2505, -31.7078, 0.0 ] ] ] ] } },
{ "type": "Feature", "properties": { "circuito": "0265B", "codprov": "04", "coddepto": "018" }, "geometry": { "type": "MultiPolygon", "coordinates": [ [ [ [ -65.279, -31.6373, 0.0 ], [ -65.2808, -31.6443, 0.0 ], [ -65.4025, -31.6461, 0.0 ], [ -65.4025, -31.6173, 0.0 ], [ -65.473, -31.6167, 0.0 ], [ -65.4736, -31.6884, 0.0 ], [ -65.4548, -31.7025, 0.0 ], [ -65.4025, -31.7072, 0.0 ], [ -65.2505, -31.7078, 0.0 ], [ -65.2456, -31.6997, 0.0 ], [ -65.2367, -31.6773, 0.0 ], [ -65.2361, -31.6602, 0.0 ], [ -65.262, -31.6449, 0.0 ], [ -65.279, -31.6373, 0.0 ] ] ] ] } },
{ "type": "Feature", "properties": { "circuito": "00265", "codprov": "04", "coddepto": "018" }, "geometry": { "type": "MultiPolygon", "coordinates": [ [ [ [ -65.2549, -31.8465, 0.0 ], [ -65.2974, -31.8482, 0.0 ], [ -65.3224, -31.8492, 0.0 ], [ -65.3497, -31.8503, 0.0 ], [ -65.389, -31.8518, 0.0 ], [ -65.3895, -31.893, 0.0 ], [ -65.3544, -31.8915, 0.0 ], [ -65.3547, -31.9106, 0.0 ], [ -65.3512, -31.9127, 0.0 ], [ -65.3436, -31.9135, 0.0 ], [ -65.3403, -31.9141, 0.0 ], [ -65.3371, -31.9153, 0.0 ], [ -65.3327, -31.9163, 0.0 ], [ -65.323, -31.9209, 0.0 ], [ -65.3153, -31.923, 0.0 ], [ -65.3106, -31.9274, 0.0 ], [ -65.3056, -31.9321, 0.0 ], [ -65.2986, -31.9362, 0.0 ], [ -65.2924, -31.9394, 0.0 ], [ -65.278, -31.945, 0.0 ], [ -65.2713, -31.9462, 0.0 ], [ -65.2645, -31.9462, 0.0 ], [ -65.2574, -31.9432, 0.0 ], [ -65.2545, -31.9471, 0.0 ], [ -65.2504, -31.9465, 0.0 ], [ -65.2466, -31.9447, 0.0 ], [ -65.2442, -31.9456, 0.0 ], [ -65.2398, -31.9441, 0.0 ], [ -65.236, -31.9447, 0.0 ], [ -65.2298, -31.9456, 0.0 ], [ -65.2269, -31.9447, 0.0 ], [ -65.2254, -31.9423, 0.0 ], [ -65.2225, -31.9409, 0.0 ], [ -65.2178, -31.9415, 0.0 ], [ -65.2128, -31.9421, 0.0 ], [ -65.2113, -31.9388, 0.0 ], [ -65.2098, -31.9356, 0.0 ], [ -65.206, -31.9329, 0.0 ], [ -65.2057, -31.8466, 0.0 ], [ -65.2146, -31.8483, 0.0 ], [ -65.2245, -31.8471, 0.0 ], [ -65.2301, -31.8421, 0.0 ], [ -65.2522, -31.8422, 0.0 ], [ -65.2554, -31.8447, 0.0 ], [ -65.2549, -31.8465, 0.0 ] ] ] ] } },
{ "type": "Feature", "properties": { "circuito": "0265A", "codprov": "04", "coddepto": "018" }, "geometry": { "type": "MultiPolygon", "coordinates": [ [ [ [ -65.1668, -31.8431, 0.0 ], [ -65.1742, -31.8421, 0.0 ], [ -65.1851, -31.843, 0.0 ], [ -65.1947, -31.8438, 0.0 ], [ -65.2055, -31.8466, 0.0 ], [ -65.2058, -31.8711, 0.0 ], [ -65.2059, -31.8916, 0.0 ], [ -65.206, -31.9187, 0.0 ], [ -65.206, -31.9329, 0.0 ], [ -65.2048, -31.9328, 0.0 ], [ -65.2038, -31.9338, 0.0 ], [ -65.2022, -31.934, 0.0 ], [ -65.201, -31.934, 0.0 ], [ -65.1995, -31.9331, 0.0 ], [ -65.1982, -31.9344, 0.0 ], [ -65.1963, -31.9368, 0.0 ], [ -65.1956, -31.9387, 0.0 ], [ -65.1938, -31.9399, 0.0 ], [ -65.1904, -31.941, 0.0 ], [ -65.1885, -31.9415, 0.0 ], [ -65.1866, -31.9415, 0.0 ], [ -65.186, -31.9396, 0.0 ], [ -65.1865, -31.9382, 0.0 ], [ -65.1853, -31.9293, 0.0 ], [ -65.1838, -31.924, 0.0 ], [ -65.1856, -31.9206, 0.0 ], [ -65.1851, -31.9014, 0.0 ], [ -65.1846, -31.883, 0.0 ], [ -65.1804, -31.8774, 0.0 ], [ -65.1776, -31.8758, 0.0 ], [ -65.1759, -31.8748, 0.0 ], [ -65.1747, -31.8739, 0.0 ], [ -65.1744, -31.8733, 0.0 ], [ -65.1738, -31.8699, 0.0 ], [ -65.1732, -31.8696, 0.0 ], [ -65.1721, -31.8699, 0.0 ], [ -65.1721, -31.869, 0.0 ], [ -65.1716, -31.8664, 0.0 ], [ -65.1707, -31.8649, 0.0 ], [ -65.1693, -31.863, 0.0 ], [ -65.1684, -31.8587, 0.0 ], [ -65.1688, -31.8529, 0.0 ], [ -65.1678, -31.8499, 0.0 ], [ -65.1678, -31.8476, 0.0 ], [ -65.1666, -31.8431, 0.0 ], [ -65.1668, -31.8431, 0.0 ] ] ] ] } },
{ "type": "Feature", "properties": { "circuito": "0263B", "codprov": "04", "coddepto": "018" }, "geometry": { "type": "MultiPolygon", "coordinates": [ [ [ [ -64.91, -31.9016, 0.0 ], [ -64.8985, -31.9012, 0.0 ], [ -64.8886, -31.8774, 0.0 ], [ -64.8761, -31.8644, 0.0 ], [ -64.8554, -31.8503, 0.0 ], [ -64.8354, -31.8424, 0.0 ], [ -64.7907, -31.8258, 0.0 ], [ -64.7476, -31.8174, 0.0 ], [ -64.7582, -31.7714, 0.0 ], [ -64.7513, -31.7667, 0.0 ], [ -64.828, -31.7645, 0.0 ], [ -64.8984, -31.764, 0.0 ], [ -64.91, -31.7656, 0.0 ], [ -64.91, -31.9016, 0.0 ] ] ] ] } },
{ "type": "Feature", "properties": { "circuito": "0263E", "codprov": "04", "coddepto": "018" }, "geometry": { "type": "MultiPolygon", "coordinates": [ [ [ [ -65.0021, -31.8367, 0.0 ], [ -65.0043, -31.8362, 0.0 ], [ -65.0053, -31.8361, 0.0 ], [ -65.0078, -31.8358, 0.0 ], [ -65.0126, -31.8365, 0.0 ], [ -65.0126, -31.8372, 0.0 ], [ -65.0126, -31.8402, 0.0 ], [ -65.0111, -31.8427, 0.0 ], [ -65.01, -31.8447, 0.0 ], [ -65.0092, -31.8461, 0.0 ], [ -65.0084, -31.8473, 0.0 ], [ -65.0071, -31.8493, 0.0 ], [ -65.006, -31.8512, 0.0 ], [ -65.0052, -31.8524, 0.0 ], [ -65.0057, -31.8543, 0.0 ], [ -65.006, -31.8555, 0.0 ], [ -65.0073, -31.8569, 0.0 ], [ -65.0089, -31.8565, 0.0 ], [ -65.0109, -31.8589, 0.0 ], [ -65.0124, -31.8614, 0.0 ], [ -65.0141, -31.8654, 0.0 ], [ -65.0153, -31.8688, 0.0 ], [ -65.0179, -31.8755, 0.0 ], [ -65.018, -31.8809, 0.0 ], [ -65.0067, -31.8797, 0.0 ], [ -65.001, -31.8791, 0.0 ], [ -64.9983, -31.8791, 0.0 ], [ -64.9933, -31.8818, 0.0 ], [ -64.989, -31.8836, 0.0 ], [ -64.9805, -31.8838, 0.0 ], [ -64.9742, -31.8841, 0.0 ], [ -64.9684, -31.8844, 0.0 ], [ -64.9639, -31.8852, 0.0 ], [ -64.9551, -31.8857, 0.0 ], [ -64.9509, -31.8862, 0.0 ], [ -64.9472, -31.8862, 0.0 ], [ -64.9424, -31.8862, 0.0 ], [ -64.9372, -31.8897, 0.0 ], [ -64.9353, -31.8918, 0.0 ], [ -64.9324, -31.8949, 0.0 ], [ -64.9297, -31.8984, 0.0 ], [ -64.9223, -31.9002, 0.0 ], [ -64.9184, -31.9013, 0.0 ], [ -64.91, -31.9016, 0.0 ], [ -64.91, -31.8682, 0.0 ], [ -64.91, -31.859, 0.0 ], [ -64.9121, -31.8568, 0.0 ], [ -64.9149, -31.8541, 0.0 ], [ -64.9174, -31.8522, 0.0 ], [ -64.9205, -31.8514, 0.0 ], [ -64.9239, -31.8482, 0.0 ], [ -64.9266, -31.8458, 0.0 ], [ -64.9289, -31.8439, 0.0 ], [ -64.9324, -31.8424, 0.0 ], [ -64.936, -31.8416, 0.0 ], [ -64.9401, -31.8403, 0.0 ], [ -64.9431, -31.8384, 0.0 ], [ -64.947, -31.8375, 0.0 ], [ -64.9524, -31.8365, 0.0 ], [ -64.9584, -31.8356, 0.0 ], [ -64.9641, -31.8348, 0.0 ], [ -64.9679, -31.835, 0.0 ], [ -64.9711, -31.8368, 0.0 ], [ -64.9806, -31.8358, 0.0 ], [ -64.9825, -31.8333, 0.0 ], [ -64.9866, -31.8324, 0.0 ], [ -64.9908, -31.8331, 0.0 ], [ -64.9944, -31.8332, 0.0 ], [ -64.9963, -31.8352, 0.0 ], [ -64.9993, -31.8378, 0.0 ], [ -65.0021, -31.8367, 0.0 ] ] ] ] } },
{ "type": "Feature", "properties": { "circuito": "0263D", "codprov": "04", "coddepto": "018" }, "geometry": { "type": "MultiPolygon", "coordinates": [ [ [ [ -65.0053, -31.8361, 0.0 ], [ -65.0043, -31.8362, 0.0 ], [ -65.0037, -31.8364, 0.0 ], [ -65.0008, -31.8372, 0.0 ], [ -64.9993, -31.8378, 0.0 ], [ -64.998, -31.8366, 0.0 ], [ -64.9972, -31.836, 0.0 ], [ -64.9963, -31.8352, 0.0 ], [ -64.9954, -31.8343, 0.0 ], [ -64.9944, -31.8332, 0.0 ], [ -64.9925, -31.8331, 0.0 ], [ -64.9904, -31.833, 0.0 ], [ -64.9884, -31.8327, 0.0 ], [ -64.9861, -31.8325, 0.0 ], [ -64.9843, -31.8329, 0.0 ], [ -64.9825, -31.8333, 0.0 ], [ -64.9821, -31.8338, 0.0 ], [ -64.9806, -31.8358, 0.0 ], [ -64.9779, -31.8361, 0.0 ], [ -64.9759, -31.8363, 0.0 ], [ -64.9732, -31.8365, 0.0 ], [ -64.9711, -31.8368, 0.0 ], [ -64.9695, -31.8359, 0.0 ], [ -64.9679, -31.835, 0.0 ], [ -64.9657, -31.8349, 0.0 ], [ -64.9629, -31.835, 0.0 ], [ -64.961, -31.8352, 0.0 ], [ -64.9593, -31.8355, 0.0 ], [ -64.9564, -31.8359, 0.0 ], [ -64.9532, -31.8364, 0.0 ], [ -64.9502, -31.8369, 0.0 ], [ -64.947, -31.8375, 0.0 ], [ -64.9448, -31.838, 0.0 ], [ -64.9424, -31.8389, 0.0 ], [ -64.9401, -31.8403, 0.0 ], [ -64.9373, -31.8412, 0.0 ], [ -64.9346, -31.8419, 0.0 ], [ -64.9316, -31.8427, 0.0 ], [ -64.9289, -31.8439, 0.0 ], [ -64.9266, -31.8458, 0.0 ], [ -64.9249, -31.8473, 0.0 ], [ -64.9237, -31.8485, 0.0 ], [ -64.9217, -31.8502, 0.0 ], [ -64.9202, -31.8515, 0.0 ], [ -64.918, -31.852, 0.0 ], [ -64.9169, -31.8526, 0.0 ], [ -64.9154, -31.8537, 0.0 ], [ -64.9143, -31.8547, 0.0 ], [ -64.9121, -31.8568, 0.0 ], [ -64.91, -31.859, 0.0 ], [ -64.91, -31.8469, 0.0 ], [ -64.91, -31.8135, 0.0 ], [ -64.91, -31.795, 0.0 ], [ -64.91, -31.7771, 0.0 ], [ -64.91, -31.7656, 0.0 ], [ -64.9208, -31.7692, 0.0 ], [ -64.9442, -31.7779, 0.0 ], [ -64.9891, -31.7958, 0.0 ], [ -64.9936, -31.7977, 0.0 ], [ -64.9977, -31.7993, 0.0 ], [ -64.9977, -31.8008, 0.0 ], [ -64.9977, -31.8078, 0.0 ], [ -65.0098, -31.8073, 0.0 ], [ -65.0225, -31.8071, 0.0 ], [ -65.0409, -31.8135, 0.0 ], [ -65.0597, -31.8151, 0.0 ], [ -65.0682, -31.8145, 0.0 ], [ -65.0708, -31.8161, 0.0 ], [ -65.0703, -31.8304, 0.0 ], [ -65.0745, -31.8325, 0.0 ], [ -65.0766, -31.836, 0.0 ], [ -65.0795, -31.8391, 0.0 ], [ -65.0758, -31.8473, 0.0 ], [ -65.0721, -31.8497, 0.0 ], [ -65.0647, -31.8545, 0.0 ], [ -65.0581, -31.8582, 0.0 ], [ -65.0552, -31.8608, 0.0 ], [ -65.0483, -31.8624, 0.0 ], [ -65.0383, -31.869, 0.0 ], [ -65.0356, -31.8696, 0.0 ], [ -65.034, -31.8717, 0.0 ], [ -65.0314, -31.873, 0.0 ], [ -65.0288, -31.8767, 0.0 ], [ -65.0276, -31.8767, 0.0 ], [ -65.0242, -31.8787, 0.0 ], [ -65.0206, -31.8803, 0.0 ], [ -65.018, -31.8809, 0.0 ], [ -65.0179, -31.8755, 0.0 ], [ -65.0173, -31.8738, 0.0 ], [ -65.0158, -31.8702, 0.0 ], [ -65.015, -31.868, 0.0 ], [ -65.0141, -31.8654, 0.0 ], [ -65.0126, -31.8617, 0.0 ], [ -65.0111, -31.8592, 0.0 ], [ -65.0089, -31.8565, 0.0 ], [ -65.0073, -31.8569, 0.0 ], [ -65.006, -31.8555, 0.0 ], [ -65.0052, -31.8524, 0.0 ], [ -65.0076, -31.8487, 0.0 ], [ -65.0094, -31.8457, 0.0 ], [ -65.0126, -31.8402, 0.0 ], [ -65.0126, -31.8365, 0.0 ], [ -65.0112, -31.8363, 0.0 ], [ -65.0101, -31.8361, 0.0 ], [ -65.0095, -31.836, 0.0 ], [ -65.0089, -31.8359, 0.0 ], [ -65.0083, -31.8359, 0.0 ], [ -65.0078, -31.8358, 0.0 ], [ -65.0072, -31.8359, 0.0 ], [ -65.0064, -31.836, 0.0 ], [ -65.0053, -31.8361, 0.0 ] ] ] ] } },
{ "type": "Feature", "properties": { "circuito": "00263", "codprov": "04", "coddepto": "018" }, "geometry": { "type": "MultiPolygon", "coordinates": [ [ [ [ -65.0002, -31.7786, 0.0 ], [ -65.0039, -31.7778, 0.0 ], [ -65.079, -31.778, 0.0 ], [ -65.0793, -31.7875, 0.0 ], [ -65.0785, -31.7958, 0.0 ], [ -65.0759, -31.8074, 0.0 ], [ -65.0749, -31.8169, 0.0 ], [ -65.0708, -31.8161, 0.0 ], [ -65.0682, -31.8145, 0.0 ], [ -65.0515, -31.8144, 0.0 ], [ -65.0409, -31.8135, 0.0 ], [ -65.0225, -31.8071, 0.0 ], [ -65.0137, -31.8072, 0.0 ], [ -64.9977, -31.8078, 0.0 ], [ -64.9977, -31.7993, 0.0 ], [ -64.9715, -31.7885, 0.0 ], [ -64.9565, -31.7829, 0.0 ], [ -64.9485, -31.7799, 0.0 ], [ -64.9444, -31.7783, 0.0 ], [ -65.0002, -31.7786, 0.0 ] ] ] ] } },
{ "type": "Feature", "properties": { "circuito": "0263C", "codprov": "04", "coddepto": "018" }, "geometry": { "type": "MultiPolygon", "coordinates": [ [ [ [ -65.0114, -31.7503, 0.0 ], [ -65.0104, -31.7497, 0.0 ], [ -65.072, -31.7501, 0.0 ], [ -65.0726, -31.7518, 0.0 ], [ -65.072, -31.7502, 0.0 ], [ -65.0766, -31.7639, 0.0 ], [ -65.0783, -31.778, 0.0 ], [ -65.0469, -31.7779, 0.0 ], [ -65.0039, -31.7778, 0.0 ], [ -65.0002, -31.7786, 0.0 ], [ -64.9453, -31.7783, 0.0 ], [ -64.9219, -31.7696, 0.0 ], [ -64.91, -31.7656, 0.0 ], [ -64.8966, -31.764, 0.0 ], [ -64.8329, -31.7645, 0.0 ], [ -64.7513, -31.7667, 0.0 ], [ -64.7474, -31.7618, 0.0 ], [ -64.7448, -31.7574, 0.0 ], [ -64.7406, -31.75, 0.0 ], [ -64.8429, -31.7503, 0.0 ], [ -64.9503, -31.75, 0.0 ], [ -65.0032, -31.75, 0.0 ], [ -65.0114, -31.7503, 0.0 ] ] ] ] } },
{ "type": "Feature", "properties": { "circuito": "00262", "codprov": "04", "coddepto": "018" }, "geometry": { "type": "MultiPolygon", "coordinates": [ [ [ [ -64.9749, -31.6814, 0.0 ], [ -64.9787, -31.6852, 0.0 ], [ -64.9838, -31.6865, 0.0 ], [ -64.9887, -31.6867, 0.0 ], [ -64.989, -31.6928, 0.0 ], [ -65.0025, -31.7122, 0.0 ], [ -65.0125, -31.7173, 0.0 ], [ -65.0239, -31.7232, 0.0 ], [ -65.0445, -31.728, 0.0 ], [ -65.0556, -31.7306, 0.0 ], [ -65.0697, -31.7435, 0.0 ], [ -65.0717, -31.7501, 0.0 ], [ -65.0114, -31.7503, 0.0 ], [ -64.9881, -31.75, 0.0 ], [ -64.9638, -31.75, 0.0 ], [ -64.9305, -31.75, 0.0 ], [ -64.8628, -31.7502, 0.0 ], [ -64.8159, -31.7502, 0.0 ], [ -64.7913, -31.7501, 0.0 ], [ -64.7406, -31.75, 0.0 ], [ -64.7379, -31.7452, 0.0 ], [ -64.7326, -31.7267, 0.0 ], [ -64.7289, -31.7034, 0.0 ], [ -64.727, -31.6836, 0.0 ], [ -64.7294, -31.679, 0.0 ], [ -64.7359, -31.6795, 0.0 ], [ -64.7383, -31.6825, 0.0 ], [ -64.7418, -31.683, 0.0 ], [ -64.7444, -31.6826, 0.0 ], [ -64.7498, -31.6811, 0.0 ], [ -64.7536, -31.6771, 0.0 ], [ -64.7576, -31.6755, 0.0 ], [ -64.7621, -31.6761, 0.0 ], [ -64.7656, -31.6765, 0.0 ], [ -64.768, -31.6782, 0.0 ], [ -64.7696, -31.6797, 0.0 ], [ -64.7737, -31.6788, 0.0 ], [ -64.7776, -31.6772, 0.0 ], [ -64.7839, -31.6737, 0.0 ], [ -64.8294, -31.6728, 0.0 ], [ -64.8614, -31.6723, 0.0 ], [ -64.8711, -31.6714, 0.0 ], [ -64.8826, -31.6734, 0.0 ], [ -64.899, -31.6746, 0.0 ], [ -64.9495, -31.6791, 0.0 ], [ -64.9749, -31.6814, 0.0 ] ] ] ] } },
{ "type": "Feature", "properties": { "circuito": "0265C", "codprov": "04", "coddepto": "018" }, "geometry": { "type": "MultiPolygon", "coordinates": [ [ [ [ -65.1654, -31.8433, 0.0 ], [ -65.1678, -31.8476, 0.0 ], [ -65.1678, -31.8499, 0.0 ], [ -65.1688, -31.8529, 0.0 ], [ -65.1684, -31.8587, 0.0 ], [ -65.1693, -31.863, 0.0 ], [ -65.1716, -31.8664, 0.0 ], [ -65.1721, -31.869, 0.0 ], [ -65.1738, -31.8699, 0.0 ], [ -65.1747, -31.8739, 0.0 ], [ -65.1804, -31.8774, 0.0 ], [ -65.1846, -31.883, 0.0 ], [ -65.1849, -31.8944, 0.0 ], [ -65.1855, -31.918, 0.0 ], [ -65.1851, -31.9215, 0.0 ], [ -65.1838, -31.924, 0.0 ], [ -65.1853, -31.9293, 0.0 ], [ -65.1817, -31.9292, 0.0 ], [ -65.1795, -31.926, 0.0 ], [ -65.1776, -31.9247, 0.0 ], [ -65.1753, -31.9231, 0.0 ], [ -65.1732, -31.9215, 0.0 ], [ -65.1701, -31.919, 0.0 ], [ -65.1636, -31.9193, 0.0 ], [ -65.1577, -31.9188, 0.0 ], [ -65.151, -31.9187, 0.0 ], [ -65.1475, -31.9187, 0.0 ], [ -65.1417, -31.9182, 0.0 ], [ -65.1382, -31.9182, 0.0 ], [ -65.134, -31.9177, 0.0 ], [ -65.1314, -31.9172, 0.0 ], [ -65.1278, -31.9167, 0.0 ], [ -65.1242, -31.9181, 0.0 ], [ -65.1221, -31.9182, 0.0 ], [ -65.1193, -31.9188, 0.0 ], [ -65.116, -31.9172, 0.0 ], [ -65.1107, -31.9166, 0.0 ], [ -65.1084, -31.9172, 0.0 ], [ -65.1025, -31.9158, 0.0 ], [ -65.101, -31.915, 0.0 ], [ -65.097, -31.9143, 0.0 ], [ -65.0916, -31.9116, 0.0 ], [ -65.0907, -31.9105, 0.0 ], [ -65.0844, -31.9069, 0.0 ], [ -65.0804, -31.9045, 0.0 ], [ -65.0766, -31.8997, 0.0 ], [ -65.0766, -31.8974, 0.0 ], [ -65.0761, -31.895, 0.0 ], [ -65.0779, -31.892, 0.0 ], [ -65.0776, -31.8897, 0.0 ], [ -65.0774, -31.8877, 0.0 ], [ -65.0753, -31.8854, 0.0 ], [ -65.0739, -31.8849, 0.0 ], [ -65.0714, -31.8848, 0.0 ], [ -65.0655, -31.8833, 0.0 ], [ -65.0629, -31.8822, 0.0 ], [ -65.06, -31.8799, 0.0 ], [ -65.056, -31.8781, 0.0 ], [ -65.0527, -31.878, 0.0 ], [ -65.0529, -31.879, 0.0 ], [ -65.0491, -31.8807, 0.0 ], [ -65.0438, -31.8809, 0.0 ], [ -65.0409, -31.8801, 0.0 ], [ -65.0383, -31.8783, 0.0 ], [ -65.0356, -31.8772, 0.0 ], [ -65.0335, -31.8767, 0.0 ], [ -65.029, -31.8767, 0.0 ], [ -65.0314, -31.873, 0.0 ], [ -65.034, -31.8717, 0.0 ], [ -65.0356, -31.8696, 0.0 ], [ -65.0383, -31.869, 0.0 ], [ -65.0424, -31.8663, 0.0 ], [ -65.0457, -31.8641, 0.0 ], [ -65.0483, -31.8624, 0.0 ], [ -65.0547, -31.8609, 0.0 ], [ -65.0581, -31.8582, 0.0 ], [ -65.0664, -31.8534, 0.0 ], [ -65.0758, -31.8473, 0.0 ], [ -65.0778, -31.843, 0.0 ], [ -65.0788, -31.8407, 0.0 ], [ -65.0776, -31.837, 0.0 ], [ -65.0759, -31.8348, 0.0 ], [ -65.0748, -31.8331, 0.0 ], [ -65.0703, -31.8304, 0.0 ], [ -65.0705, -31.8243, 0.0 ], [ -65.0708, -31.8161, 0.0 ], [ -65.0749, -31.8169, 0.0 ], [ -65.0842, -31.8207, 0.0 ], [ -65.0978, -31.8251, 0.0 ], [ -65.1031, -31.8264, 0.0 ], [ -65.1104, -31.8315, 0.0 ], [ -65.1289, -31.8409, 0.0 ], [ -65.1488, -31.8478, 0.0 ], [ -65.1654, -31.8433, 0.0 ] ] ] ] } },
{ "type": "Feature", "properties": { "circuito": "00106", "codprov": "04", "coddepto": "008" }, "geometry": { "type": "MultiPolygon", "coordinates": [ [ [ [ -63.9791, -32.7459, 0.0 ], [ -63.9888, -32.7508, 0.0 ], [ -64.0243, -32.9073, 0.0 ], [ -63.926, -32.903, 0.0 ], [ -63.9132, -32.9009, 0.0 ], [ -63.9078, -32.903, 0.0 ], [ -63.8651, -32.9051, 0.0 ], [ -63.8619, -32.8987, 0.0 ], [ -63.8704, -32.8945, 0.0 ], [ -63.8262, -32.7218, 0.0 ], [ -63.9135, -32.7172, 0.0 ], [ -63.9791, -32.7459, 0.0 ] ] ] ] } },
{ "type": "Feature", "properties": { "circuito": "00107", "codprov": "04", "coddepto": "008" }, "geometry": { "type": "MultiPolygon", "coordinates": [ [ [ [ -64.0395, -32.9854, 0.0 ], [ -63.9344, -33.0056, 0.0 ], [ -63.9078, -32.903, 0.0 ], [ -63.9132, -32.9009, 0.0 ], [ -63.926, -32.903, 0.0 ], [ -64.0243, -32.9073, 0.0 ], [ -64.033, -32.9089, 0.0 ], [ -64.0289, -32.9126, 0.0 ], [ -64.0289, -32.9185, 0.0 ], [ -64.0257, -32.9188, 0.0 ], [ -64.0395, -32.9854, 0.0 ] ] ] ] } },
{ "type": "Feature", "properties": { "circuito": "00108", "codprov": "04", "coddepto": "008" }, "geometry": { "type": "MultiPolygon", "coordinates": [ [ [ [ -63.9448, -33.0518, 0.0 ], [ -63.9344, -33.0056, 0.0 ], [ -63.9849, -32.996, 0.0 ], [ -64.0395, -32.9854, 0.0 ], [ -64.0434, -33.0032, 0.0 ], [ -64.0634, -33.0048, 0.0 ], [ -64.0744, -33.0424, 0.0 ], [ -64.0397, -33.0415, 0.0 ], [ -64.0386, -33.0506, 0.0 ], [ -64.0043, -33.053, 0.0 ], [ -63.9658, -33.0665, 0.0 ], [ -63.9669, -33.0707, 0.0 ], [ -63.962, -33.0725, 0.0 ], [ -63.9603, -33.0731, 0.0 ], [ -63.9574, -33.0766, 0.0 ], [ -63.9526, -33.0822, 0.0 ], [ -63.9448, -33.0518, 0.0 ] ] ] ] } },
{ "type": "Feature", "properties": { "circuito": "00109", "codprov": "04", "coddepto": "008" }, "geometry": { "type": "MultiPolygon", "coordinates": [ [ [ [ -63.5252, -32.8334, 0.0 ], [ -63.5564, -32.826, 0.0 ], [ -63.5627, -32.8238, 0.0 ], [ -63.5709, -32.822, 0.0 ], [ -63.7181, -32.7899, 0.0 ], [ -63.703, -32.7295, 0.0 ], [ -63.8259, -32.7218, 0.0 ], [ -63.869, -32.8888, 0.0 ], [ -63.8704, -32.8945, 0.0 ], [ -63.8664, -32.8965, 0.0 ], [ -63.8619, -32.8987, 0.0 ], [ -63.8651, -32.9051, 0.0 ], [ -63.8131, -32.9086, 0.0 ], [ -63.7893, -32.9029, 0.0 ], [ -63.7683, -32.8969, 0.0 ], [ -63.7329, -32.8904, 0.0 ], [ -63.725, -32.8947, 0.0 ], [ -63.7078, -32.904, 0.0 ], [ -63.7031, -32.9108, 0.0 ], [ -63.6999, -32.915, 0.0 ], [ -63.6871, -32.9172, 0.0 ], [ -63.6796, -32.9086, 0.0 ], [ -63.6681, -32.9054, 0.0 ], [ -63.6454, -32.9054, 0.0 ], [ -63.6273, -32.8969, 0.0 ], [ -63.6027, -32.8851, 0.0 ], [ -63.5781, -32.8734, 0.0 ], [ -63.5664, -32.8655, 0.0 ], [ -63.5575, -32.8596, 0.0 ], [ -63.5252, -32.8334, 0.0 ] ] ] ] } },
{ "type": "Feature", "properties": { "circuito": "00114", "codprov": "04", "coddepto": "008" }, "geometry": { "type": "MultiPolygon", "coordinates": [ [ [ [ -63.7683, -32.8969, 0.0 ], [ -63.7907, -32.9033, 0.0 ], [ -63.8131, -32.9086, 0.0 ], [ -63.8546, -32.9058, 0.0 ], [ -63.8825, -32.9043, 0.0 ], [ -63.9078, -32.903, 0.0 ], [ -63.9344, -33.0056, 0.0 ], [ -63.9526, -33.0822, 0.0 ], [ -63.9456, -33.0902, 0.0 ], [ -63.9413, -33.0934, 0.0 ], [ -63.9366, -33.1021, 0.0 ], [ -63.9253, -33.1148, 0.0 ], [ -63.9166, -33.1145, 0.0 ], [ -63.9085, -33.1143, 0.0 ], [ -63.9018, -33.1201, 0.0 ], [ -63.8848, -33.1279, 0.0 ], [ -63.8812, -33.1331, 0.0 ], [ -63.8769, -33.139, 0.0 ], [ -63.8698, -33.1447, 0.0 ], [ -63.8617, -33.1569, 0.0 ], [ -63.8537, -33.164, 0.0 ], [ -63.8495, -33.1736, 0.0 ], [ -63.842, -33.1789, 0.0 ], [ -63.7683, -32.8969, 0.0 ] ] ] ] } },
{ "type": "Feature", "properties": { "circuito": "00105", "codprov": "04", "coddepto": "008" }, "geometry": { "type": "MultiPolygon", "coordinates": [ [ [ [ -63.7683, -32.8969, 0.0 ], [ -63.842, -33.1789, 0.0 ], [ -63.8302, -33.181, 0.0 ], [ -63.8163, -33.18, 0.0 ], [ -63.8046, -33.1746, 0.0 ], [ -63.7922, -33.1731, 0.0 ], [ -63.7661, -33.1704, 0.0 ], [ -63.7501, -33.1586, 0.0 ], [ -63.7426, -33.1533, 0.0 ], [ -63.7283, -33.1172, 0.0 ], [ -63.7141, -33.1143, 0.0 ], [ -63.7066, -33.1228, 0.0 ], [ -63.6948, -33.1255, 0.0 ], [ -63.6931, -33.1182, 0.0 ], [ -63.6906, -33.1079, 0.0 ], [ -63.6919, -33.0969, 0.0 ], [ -63.6787, -33.0918, 0.0 ], [ -63.6433, -33.0966, 0.0 ], [ -63.6219, -33.0999, 0.0 ], [ -63.607, -33.0336, 0.0 ], [ -63.6091, -33.0037, 0.0 ], [ -63.6016, -32.9781, 0.0 ], [ -63.5867, -32.9791, 0.0 ], [ -63.5781, -32.9642, 0.0 ], [ -63.5781, -32.9353, 0.0 ], [ -63.5571, -32.8583, 0.0 ], [ -63.5781, -32.8734, 0.0 ], [ -63.6027, -32.8851, 0.0 ], [ -63.6273, -32.8969, 0.0 ], [ -63.6454, -32.9054, 0.0 ], [ -63.6711, -32.9061, 0.0 ], [ -63.6796, -32.9086, 0.0 ], [ -63.6871, -32.9172, 0.0 ], [ -63.6999, -32.915, 0.0 ], [ -63.7078, -32.904, 0.0 ], [ -63.7329, -32.8904, 0.0 ], [ -63.7683, -32.8969, 0.0 ] ] ] ] } },
{ "type": "Feature", "properties": { "circuito": "00118", "codprov": "04", "coddepto": "008" }, "geometry": { "type": "MultiPolygon", "coordinates": [ [ [ [ -63.4876, -33.1232, 0.0 ], [ -63.4641, -33.0375, 0.0 ], [ -63.4, -33.0475, 0.0 ], [ -63.3534, -32.8678, 0.0 ], [ -63.4088, -32.8578, 0.0 ], [ -63.4268, -32.9159, 0.0 ], [ -63.5358, -32.8789, 0.0 ], [ -63.5252, -32.8334, 0.0 ], [ -63.5575, -32.8596, 0.0 ], [ -63.5666, -32.893, 0.0 ], [ -63.5765, -32.9294, 0.0 ], [ -63.5781, -32.9353, 0.0 ], [ -63.5781, -32.961, 0.0 ], [ -63.5867, -32.9791, 0.0 ], [ -63.6016, -32.9781, 0.0 ], [ -63.6091, -33.0037, 0.0 ], [ -63.6073, -33.0292, 0.0 ], [ -63.616, -33.0737, 0.0 ], [ -63.6219, -33.0999, 0.0 ], [ -63.4876, -33.1232, 0.0 ] ] ] ] } },
{ "type": "Feature", "properties": { "circuito": "0116A", "codprov": "04", "coddepto": "008" }, "geometry": { "type": "MultiPolygon", "coordinates": [ [ [ [ -63.9619, -33.2076, 0.0 ], [ -63.9603, -33.1372, 0.0 ], [ -63.9512, -33.1367, 0.0 ], [ -63.9507, -33.1105, 0.0 ], [ -63.9478, -33.0965, 0.0 ], [ -63.9464, -33.0893, 0.0 ], [ -63.9526, -33.0822, 0.0 ], [ -63.9574, -33.0766, 0.0 ], [ -63.9603, -33.0731, 0.0 ], [ -63.9669, -33.0706, 0.0 ], [ -63.9788, -33.1145, 0.0 ], [ -64.026, -33.112, 0.0 ], [ -64.0484, -33.1109, 0.0 ], [ -64.0491, -33.1442, 0.0 ], [ -64.0485, -33.1908, 0.0 ], [ -64.0399, -33.1875, 0.0 ], [ -64.0356, -33.1887, 0.0 ], [ -64.0314, -33.19, 0.0 ], [ -64.0258, -33.1845, 0.0 ], [ -64.0217, -33.1805, 0.0 ], [ -64.018, -33.1854, 0.0 ], [ -64.0121, -33.1891, 0.0 ], [ -64.0084, -33.1891, 0.0 ], [ -64.0036, -33.1885, 0.0 ], [ -63.9998, -33.1885, 0.0 ], [ -63.9964, -33.1908, 0.0 ], [ -63.9961, -33.194, 0.0 ], [ -63.9956, -33.1998, 0.0 ], [ -63.9931, -33.2038, 0.0 ], [ -63.9833, -33.2033, 0.0 ], [ -63.9688, -33.2036, 0.0 ], [ -63.9624, -33.2078, 0.0 ], [ -63.9619, -33.2076, 0.0 ] ] ] ] } },
{ "type": "Feature", "properties": { "circuito": "00116", "codprov": "04", "coddepto": "008" }, "geometry": { "type": "MultiPolygon", "coordinates": [ [ [ [ -63.9463, -33.0894, 0.0 ], [ -63.9507, -33.1105, 0.0 ], [ -63.9512, -33.1367, 0.0 ], [ -63.9603, -33.1372, 0.0 ], [ -63.9606, -33.1559, 0.0 ], [ -63.9612, -33.1766, 0.0 ], [ -63.9619, -33.2076, 0.0 ], [ -63.959, -33.2074, 0.0 ], [ -63.9516, -33.2055, 0.0 ], [ -63.9478, -33.203, 0.0 ], [ -63.9443, -33.2006, 0.0 ], [ -63.9411, -33.2006, 0.0 ], [ -63.9393, -33.2006, 0.0 ], [ -63.9373, -33.2006, 0.0 ], [ -63.9307, -33.2017, 0.0 ], [ -63.9253, -33.2043, 0.0 ], [ -63.9223, -33.2063, 0.0 ], [ -63.9207, -33.203, 0.0 ], [ -63.9154, -33.203, 0.0 ], [ -63.9144, -33.2056, 0.0 ], [ -63.9096, -33.2051, 0.0 ], [ -63.9072, -33.2008, 0.0 ], [ -63.9028, -33.1981, 0.0 ], [ -63.8897, -33.2038, 0.0 ], [ -63.8891, -33.2259, 0.0 ], [ -63.8896, -33.2622, 0.0 ], [ -63.7456, -33.3076, 0.0 ], [ -63.7333, -33.2703, 0.0 ], [ -63.7146, -33.2767, 0.0 ], [ -63.6964, -33.2852, 0.0 ], [ -63.6884, -33.2905, 0.0 ], [ -63.6601, -33.2959, 0.0 ], [ -63.6339, -33.3034, 0.0 ], [ -63.6131, -33.3034, 0.0 ], [ -63.5981, -33.3058, 0.0 ], [ -63.5762, -33.3194, 0.0 ], [ -63.5607, -33.2606, 0.0 ], [ -63.5538, -33.2291, 0.0 ], [ -63.557, -33.2232, 0.0 ], [ -63.5223, -33.1148, 0.0 ], [ -63.6219, -33.0999, 0.0 ], [ -63.6783, -33.0916, 0.0 ], [ -63.6918, -33.0969, 0.0 ], [ -63.6906, -33.1079, 0.0 ], [ -63.6948, -33.1255, 0.0 ], [ -63.7066, -33.1228, 0.0 ], [ -63.7141, -33.1143, 0.0 ], [ -63.7283, -33.1172, 0.0 ], [ -63.7426, -33.1533, 0.0 ], [ -63.7656, -33.1699, 0.0 ], [ -63.8046, -33.1746, 0.0 ], [ -63.8135, -33.1787, 0.0 ], [ -63.8311, -33.1809, 0.0 ], [ -63.842, -33.1789, 0.0 ], [ -63.8495, -33.1736, 0.0 ], [ -63.8505, -33.1712, 0.0 ], [ -63.8537, -33.164, 0.0 ], [ -63.8616, -33.157, 0.0 ], [ -63.8686, -33.1466, 0.0 ], [ -63.8698, -33.1447, 0.0 ], [ -63.8771, -33.1392, 0.0 ], [ -63.8848, -33.1279, 0.0 ], [ -63.9014, -33.1203, 0.0 ], [ -63.9085, -33.1143, 0.0 ], [ -63.9253, -33.1148, 0.0 ], [ -63.9365, -33.1024, 0.0 ], [ -63.9405, -33.095, 0.0 ], [ -63.9454, -33.087, 0.0 ], [ -63.9463, -33.0894, 0.0 ] ] ] ] } },
{ "type": "Feature", "properties": { "circuito": "00117", "codprov": "04", "coddepto": "008" }, "geometry": { "type": "MultiPolygon", "coordinates": [ [ [ [ -63.2067, -33.1105, 0.0 ], [ -63.2985, -33.0919, 0.0 ], [ -63.3186, -33.1526, 0.0 ], [ -63.4876, -33.1232, 0.0 ], [ -63.5244, -33.1168, 0.0 ], [ -63.557, -33.2232, 0.0 ], [ -63.5538, -33.2291, 0.0 ], [ -63.5607, -33.2606, 0.0 ], [ -63.3952, -33.2932, 0.0 ], [ -63.3588, -33.2975, 0.0 ], [ -63.3364, -33.3028, 0.0 ], [ -63.2937, -33.306, 0.0 ], [ -63.2531, -33.3146, 0.0 ], [ -63.252, -33.3221, 0.0 ], [ -63.236, -33.3285, 0.0 ], [ -63.2306, -33.3231, 0.0 ], [ -63.1943, -33.3306, 0.0 ], [ -63.1708, -33.3338, 0.0 ], [ -63.111, -33.3402, 0.0 ], [ -63.1025, -33.3023, 0.0 ], [ -63.0962, -33.2739, 0.0 ], [ -63.2242, -33.2441, 0.0 ], [ -63.2165, -33.1979, 0.0 ], [ -63.2292, -33.1979, 0.0 ], [ -63.2088, -33.1101, 0.0 ], [ -63.2067, -33.1105, 0.0 ] ] ] ] } },
{ "type": "Feature", "properties": { "circuito": "00102", "codprov": "04", "coddepto": "008" }, "geometry": { "type": "MultiPolygon", "coordinates": [ [ [ [ -63.7456, -33.3076, 0.0 ], [ -63.8896, -33.2612, 0.0 ], [ -63.885, -33.6552, 0.0 ], [ -64.0555, -33.6552, 0.0 ], [ -64.056, -33.8359, 0.0 ], [ -63.9603, -33.8338, 0.0 ], [ -63.9432, -33.8338, 0.0 ], [ -63.8642, -33.8413, 0.0 ], [ -63.7926, -33.8381, 0.0 ], [ -63.6793, -33.8349, 0.0 ], [ -63.643, -33.8327, 0.0 ], [ -63.6419, -33.7013, 0.0 ], [ -63.6417, -33.6992, 0.0 ], [ -63.6438, -33.6976, 0.0 ], [ -63.6406, -33.6944, 0.0 ], [ -63.6433, -33.6511, 0.0 ], [ -63.624, -33.6399, 0.0 ], [ -63.6257, -33.5801, 0.0 ], [ -63.6145, -33.5752, 0.0 ], [ -63.6078, -33.5753, 0.0 ], [ -63.6032, -33.3504, 0.0 ], [ -63.584, -33.344, 0.0 ], [ -63.5762, -33.3194, 0.0 ], [ -63.5954, -33.3075, 0.0 ], [ -63.6131, -33.3034, 0.0 ], [ -63.631, -33.3034, 0.0 ], [ -63.6531, -33.2979, 0.0 ], [ -63.685, -33.2912, 0.0 ], [ -63.7146, -33.2767, 0.0 ], [ -63.7333, -33.2703, 0.0 ], [ -63.7456, -33.3076, 0.0 ] ] ] ] } },
{ "type": "Feature", "properties": { "circuito": "00111", "codprov": "04", "coddepto": "008" }, "geometry": { "type": "MultiPolygon", "coordinates": [ [ [ [ -63.643, -33.8327, 0.0 ], [ -63.615, -33.8333, 0.0 ], [ -63.5893, -33.8343, 0.0 ], [ -63.587, -33.6432, 0.0 ], [ -63.5843, -33.6447, 0.0 ], [ -63.5833, -33.5944, 0.0 ], [ -63.5797, -33.5908, 0.0 ], [ -63.5815, -33.5753, 0.0 ], [ -63.6151, -33.5754, 0.0 ], [ -63.6257, -33.5801, 0.0 ], [ -63.624, -33.6399, 0.0 ], [ -63.6433, -33.6511, 0.0 ], [ -63.6406, -33.6944, 0.0 ], [ -63.6438, -33.6976, 0.0 ], [ -63.6419, -33.7013, 0.0 ], [ -63.643, -33.8327, 0.0 ] ] ] ] } },
{ "type": "Feature", "properties": { "circuito": "00110", "codprov": "04", "coddepto": "008" }, "geometry": { "type": "MultiPolygon", "coordinates": [ [ [ [ -63.5893, -33.8343, 0.0 ], [ -63.5519, -33.8333, 0.0 ], [ -63.5188, -33.829, 0.0 ], [ -63.5167, -33.7382, 0.0 ], [ -63.5185, -33.7366, 0.0 ], [ -63.5185, -33.6917, 0.0 ], [ -63.5111, -33.6917, 0.0 ], [ -63.5132, -33.6789, 0.0 ], [ -63.4651, -33.6784, 0.0 ], [ -63.4577, -33.665, 0.0 ], [ -63.37, -33.6404, 0.0 ], [ -63.3679, -33.6388, 0.0 ], [ -63.3679, -33.6335, 0.0 ], [ -63.3695, -33.5827, 0.0 ], [ -63.3652, -33.5705, 0.0 ], [ -63.4502, -33.5651, 0.0 ], [ -63.5815, -33.5753, 0.0 ], [ -63.5797, -33.5908, 0.0 ], [ -63.5833, -33.5944, 0.0 ], [ -63.5843, -33.6447, 0.0 ], [ -63.587, -33.6432, 0.0 ], [ -63.5893, -33.8343, 0.0 ] ] ] ] } },
{ "type": "Feature", "properties": { "circuito": "0110A", "codprov": "04", "coddepto": "008" }, "geometry": { "type": "MultiPolygon", "coordinates": [ [ [ [ -63.5174, -33.8304, 0.0 ], [ -63.4651, -33.8317, 0.0 ], [ -63.3714, -33.833, 0.0 ], [ -63.348, -33.8329, 0.0 ], [ -63.3492, -33.6784, 0.0 ], [ -63.4651, -33.6784, 0.0 ], [ -63.5132, -33.6789, 0.0 ], [ -63.5111, -33.6917, 0.0 ], [ -63.5185, -33.6917, 0.0 ], [ -63.5185, -33.7366, 0.0 ], [ -63.5167, -33.7382, 0.0 ], [ -63.5174, -33.8304, 0.0 ] ] ] ] } },
{ "type": "Feature", "properties": { "circuito": "00103", "codprov": "04", "coddepto": "008" }, "geometry": { "type": "MultiPolygon", "coordinates": [ [ [ [ -63.3652, -33.5705, 0.0 ], [ -63.3695, -33.5827, 0.0 ], [ -63.3679, -33.6388, 0.0 ], [ -63.4577, -33.665, 0.0 ], [ -63.4651, -33.6784, 0.0 ], [ -63.3492, -33.6784, 0.0 ], [ -63.3475, -33.8329, 0.0 ], [ -63.2541, -33.8307, 0.0 ], [ -63.2363, -33.8103, 0.0 ], [ -63.2357, -33.8013, 0.0 ], [ -63.1815, -33.6009, 0.0 ], [ -63.2942, -33.5811, 0.0 ], [ -63.346, -33.5726, 0.0 ], [ -63.3652, -33.5705, 0.0 ] ] ] ] } },
{ "type": "Feature", "properties": { "circuito": "00113", "codprov": "04", "coddepto": "008" }, "geometry": { "type": "MultiPolygon", "coordinates": [ [ [ [ -63.3952, -33.2932, 0.0 ], [ -63.5607, -33.2606, 0.0 ], [ -63.5762, -33.3194, 0.0 ], [ -63.584, -33.344, 0.0 ], [ -63.6032, -33.3504, 0.0 ], [ -63.6049, -33.4369, 0.0 ], [ -63.6078, -33.5753, 0.0 ], [ -63.5815, -33.5753, 0.0 ], [ -63.4901, -33.5682, 0.0 ], [ -63.4687, -33.5665, 0.0 ], [ -63.4502, -33.5651, 0.0 ], [ -63.4472, -33.5074, 0.0 ], [ -63.4451, -33.4946, 0.0 ], [ -63.4312, -33.4508, 0.0 ], [ -63.4109, -33.3739, 0.0 ], [ -63.3952, -33.2932, 0.0 ] ] ] ] } },
{ "type": "Feature", "properties": { "circuito": "00112", "codprov": "04", "coddepto": "008" }, "geometry": { "type": "MultiPolygon", "coordinates": [ [ [ [ -63.4502, -33.5651, 0.0 ], [ -63.3652, -33.5705, 0.0 ], [ -63.3533, -33.5718, 0.0 ], [ -63.3026, -33.5798, 0.0 ], [ -63.2284, -33.5927, 0.0 ], [ -63.1815, -33.6009, 0.0 ], [ -63.1673, -33.6025, 0.0 ], [ -63.1534, -33.5576, 0.0 ], [ -63.146, -33.5309, 0.0 ], [ -63.1331, -33.4839, 0.0 ], [ -63.1161, -33.422, 0.0 ], [ -63.1299, -33.4177, 0.0 ], [ -63.1193, -33.3717, 0.0 ], [ -63.111, -33.3402, 0.0 ], [ -63.1708, -33.3338, 0.0 ], [ -63.2306, -33.3231, 0.0 ], [ -63.236, -33.3285, 0.0 ], [ -63.252, -33.3221, 0.0 ], [ -63.2531, -33.3146, 0.0 ], [ -63.275, -33.31, 0.0 ], [ -63.2937, -33.306, 0.0 ], [ -63.3952, -33.2932, 0.0 ], [ -63.4284, -33.44, 0.0 ], [ -63.4451, -33.4946, 0.0 ], [ -63.4502, -33.5651, 0.0 ] ] ] ] } },
{ "type": "Feature", "properties": { "circuito": "00219", "codprov": "04", "coddepto": "014" }, "geometry": { "type": "MultiPolygon", "coordinates": [ [ [ [ -63.3776, -31.3687, 0.0 ], [ -63.3789, -31.3338, 0.0 ], [ -63.3789, -31.3068, 0.0 ], [ -63.3152, -31.3199, 0.0 ], [ -63.2607, -31.3321, 0.0 ], [ -63.2415, -31.2719, 0.0 ], [ -63.2559, -31.2701, 0.0 ], [ -63.289, -31.2636, 0.0 ], [ -63.2999, -31.2618, 0.0 ], [ -63.3549, -31.2496, 0.0 ], [ -63.399, -31.2278, 0.0 ], [ -63.4304, -31.2112, 0.0 ], [ -63.4496, -31.223, 0.0 ], [ -63.4862, -31.1929, 0.0 ], [ -63.5176, -31.1663, 0.0 ], [ -63.5246, -31.2187, 0.0 ], [ -63.5312, -31.2584, 0.0 ], [ -63.5364, -31.2967, 0.0 ], [ -63.498, -31.336, 0.0 ], [ -63.4867, -31.3478, 0.0 ], [ -63.4648, -31.367, 0.0 ], [ -63.4457, -31.3836, 0.0 ], [ -63.4217, -31.3796, 0.0 ], [ -63.4124, -31.3833, 0.0 ], [ -63.4043, -31.3731, 0.0 ], [ -63.3777, -31.3681, 0.0 ], [ -63.3776, -31.3687, 0.0 ] ] ] ] } },
{ "type": "Feature", "properties": { "circuito": "00220", "codprov": "04", "coddepto": "014" }, "geometry": { "type": "MultiPolygon", "coordinates": [ [ [ [ -63.4902, -31.0975, 0.0 ], [ -63.5042, -31.1111, 0.0 ], [ -63.5417, -31.1454, 0.0 ], [ -63.516, -31.1677, 0.0 ], [ -63.4686, -31.2074, 0.0 ], [ -63.4496, -31.223, 0.0 ], [ -63.4304, -31.2112, 0.0 ], [ -63.3967, -31.2289, 0.0 ], [ -63.3637, -31.2453, 0.0 ], [ -63.3523, -31.2502, 0.0 ], [ -63.2999, -31.2618, 0.0 ], [ -63.2721, -31.2669, 0.0 ], [ -63.2415, -31.2719, 0.0 ], [ -63.2247, -31.2748, 0.0 ], [ -63.1939, -31.2802, 0.0 ], [ -63.1803, -31.2382, 0.0 ], [ -63.2052, -31.2327, 0.0 ], [ -63.2238, -31.2291, 0.0 ], [ -63.2396, -31.2219, 0.0 ], [ -63.2369, -31.2042, 0.0 ], [ -63.2696, -31.1861, 0.0 ], [ -63.2712, -31.1513, 0.0 ], [ -63.2984, -31.1463, 0.0 ], [ -63.335, -31.1368, 0.0 ], [ -63.354, -31.1242, 0.0 ], [ -63.3816, -31.0966, 0.0 ], [ -63.3979, -31.0694, 0.0 ], [ -63.4047, -31.0658, 0.0 ], [ -63.4128, -31.0726, 0.0 ], [ -63.4214, -31.0717, 0.0 ], [ -63.4305, -31.0622, 0.0 ], [ -63.4341, -31.0495, 0.0 ], [ -63.4377, -31.0464, 0.0 ], [ -63.4775, -31.0391, 0.0 ], [ -63.4784, -31.0586, 0.0 ], [ -63.4843, -31.0708, 0.0 ], [ -63.4893, -31.0979, 0.0 ], [ -63.4902, -31.0975, 0.0 ] ] ] ] } },
{ "type": "Feature", "properties": { "circuito": "00200", "codprov": "04", "coddepto": "014" }, "geometry": { "type": "MultiPolygon", "coordinates": [ [ [ [ -63.2251, -31.0419, 0.0 ], [ -63.2328, -31.0292, 0.0 ], [ -63.2441, -31.0301, 0.0 ], [ -63.2518, -31.0364, 0.0 ], [ -63.2771, -31.0495, 0.0 ], [ -63.2966, -31.0333, 0.0 ], [ -63.3183, -31.0138, 0.0 ], [ -63.3094, -30.9939, 0.0 ], [ -63.2961, -30.9749, 0.0 ], [ -63.3174, -30.965, 0.0 ], [ -63.3355, -30.9623, 0.0 ], [ -63.3355, -30.9722, 0.0 ], [ -63.3454, -30.9722, 0.0 ], [ -63.3522, -30.9699, 0.0 ], [ -63.3762, -30.9704, 0.0 ], [ -63.3825, -30.9731, 0.0 ], [ -63.3848, -30.9835, 0.0 ], [ -63.3813, -30.9973, 0.0 ], [ -63.3794, -30.998, 0.0 ], [ -63.3828, -31.0079, 0.0 ], [ -63.386, -31.0168, 0.0 ], [ -63.3898, -31.0269, 0.0 ], [ -63.4056, -31.0269, 0.0 ], [ -63.4151, -31.0244, 0.0 ], [ -63.4273, -31.0274, 0.0 ], [ -63.4298, -31.032, 0.0 ], [ -63.4377, -31.0464, 0.0 ], [ -63.4341, -31.0495, 0.0 ], [ -63.4305, -31.0622, 0.0 ], [ -63.4214, -31.0717, 0.0 ], [ -63.4128, -31.0726, 0.0 ], [ -63.4047, -31.0658, 0.0 ], [ -63.3979, -31.0694, 0.0 ], [ -63.3816, -31.0966, 0.0 ], [ -63.3662, -31.112, 0.0 ], [ -63.354, -31.1242, 0.0 ], [ -63.3425, -31.1318, 0.0 ], [ -63.337, -31.126, 0.0 ], [ -63.3341, -31.123, 0.0 ], [ -63.3276, -31.12, 0.0 ], [ -63.3225, -31.124, 0.0 ], [ -63.3202, -31.1192, 0.0 ], [ -63.3187, -31.1158, 0.0 ], [ -63.3168, -31.1163, 0.0 ], [ -63.3142, -31.1169, 0.0 ], [ -63.3048, -31.114, 0.0 ], [ -63.2986, -31.1117, 0.0 ], [ -63.2949, -31.1105, 0.0 ], [ -63.2855, -31.1091, 0.0 ], [ -63.2825, -31.1028, 0.0 ], [ -63.2804, -31.0994, 0.0 ], [ -63.2751, -31.0977, 0.0 ], [ -63.2716, -31.0939, 0.0 ], [ -63.2725, -31.0899, 0.0 ], [ -63.2733, -31.0868, 0.0 ], [ -63.2729, -31.0849, 0.0 ], [ -63.2726, -31.083, 0.0 ], [ -63.2698, -31.0824, 0.0 ], [ -63.2653, -31.0813, 0.0 ], [ -63.2631, -31.0769, 0.0 ], [ -63.2629, -31.0756, 0.0 ], [ -63.2625, -31.0716, 0.0 ], [ -63.2596, -31.0674, 0.0 ], [ -63.2567, -31.0629, 0.0 ], [ -63.2534, -31.0586, 0.0 ], [ -63.2496, -31.0542, 0.0 ], [ -63.2476, -31.0518, 0.0 ], [ -63.2456, -31.0467, 0.0 ], [ -63.2442, -31.0456, 0.0 ], [ -63.2367, -31.0427, 0.0 ], [ -63.2328, -31.0423, 0.0 ], [ -63.2256, -31.0419, 0.0 ], [ -63.2251, -31.0419, 0.0 ] ] ] ] } },
{ "type": "Feature", "properties": { "circuito": "0201A", "codprov": "04", "coddepto": "014" }, "geometry": { "type": "MultiPolygon", "coordinates": [ [ [ [ -63.1536, -31.1558, 0.0 ], [ -63.1369, -31.159, 0.0 ], [ -63.1215, -31.1124, 0.0 ], [ -63.1256, -31.1083, 0.0 ], [ -63.1735, -31.1025, 0.0 ], [ -63.2034, -31.0758, 0.0 ], [ -63.2251, -31.0419, 0.0 ], [ -63.2358, -31.0425, 0.0 ], [ -63.24, -31.0436, 0.0 ], [ -63.2454, -31.0461, 0.0 ], [ -63.2476, -31.0518, 0.0 ], [ -63.2514, -31.0564, 0.0 ], [ -63.2553, -31.0606, 0.0 ], [ -63.2591, -31.0667, 0.0 ], [ -63.2625, -31.0716, 0.0 ], [ -63.2631, -31.0769, 0.0 ], [ -63.2653, -31.0813, 0.0 ], [ -63.2726, -31.083, 0.0 ], [ -63.2733, -31.0868, 0.0 ], [ -63.2724, -31.0905, 0.0 ], [ -63.2716, -31.0939, 0.0 ], [ -63.2751, -31.0977, 0.0 ], [ -63.2804, -31.0994, 0.0 ], [ -63.2825, -31.1028, 0.0 ], [ -63.2855, -31.1091, 0.0 ], [ -63.2958, -31.1106, 0.0 ], [ -63.3038, -31.1137, 0.0 ], [ -63.3142, -31.1169, 0.0 ], [ -63.3187, -31.1158, 0.0 ], [ -63.3225, -31.124, 0.0 ], [ -63.3276, -31.12, 0.0 ], [ -63.3341, -31.123, 0.0 ], [ -63.3425, -31.1318, 0.0 ], [ -63.335, -31.1368, 0.0 ], [ -63.2712, -31.1513, 0.0 ], [ -63.2595, -31.1558, 0.0 ], [ -63.2387, -31.1595, 0.0 ], [ -63.2129, -31.164, 0.0 ], [ -63.1591, -31.1739, 0.0 ], [ -63.1536, -31.1558, 0.0 ] ] ] ] } },
{ "type": "Feature", "properties": { "circuito": "00201", "codprov": "04", "coddepto": "014" }, "geometry": { "type": "MultiPolygon", "coordinates": [ [ [ [ -63.2712, -31.1513, 0.0 ], [ -63.2696, -31.1861, 0.0 ], [ -63.2459, -31.1992, 0.0 ], [ -63.2369, -31.2042, 0.0 ], [ -63.2394, -31.2203, 0.0 ], [ -63.2238, -31.2291, 0.0 ], [ -63.1803, -31.2382, 0.0 ], [ -63.1591, -31.1739, 0.0 ], [ -63.2129, -31.164, 0.0 ], [ -63.2595, -31.1558, 0.0 ], [ -63.2712, -31.1513, 0.0 ] ] ] ] } },
{ "type": "Feature", "properties": { "circuito": "0215A", "codprov": "04", "coddepto": "014" }, "geometry": { "type": "MultiPolygon", "coordinates": [ [ [ [ -63.2251, -31.0419, 0.0 ], [ -63.2034, -31.0758, 0.0 ], [ -63.1753, -31.1009, 0.0 ], [ -63.124, -31.1099, 0.0 ], [ -63.1215, -31.1124, 0.0 ], [ -63.0442, -31.1269, 0.0 ], [ -63.037, -31.0916, 0.0 ], [ -63.018, -31.0943, 0.0 ], [ -63.0125, -31.0717, 0.0 ], [ -62.9673, -31.0789, 0.0 ], [ -62.9483, -31.0174, 0.0 ], [ -62.9374, -30.9867, 0.0 ], [ -62.9727, -30.9794, 0.0 ], [ -63.0324, -30.9686, 0.0 ], [ -63.0364, -30.9719, 0.0 ], [ -63.0405, -30.9754, 0.0 ], [ -63.0465, -30.9803, 0.0 ], [ -63.0514, -30.9826, 0.0 ], [ -63.0565, -30.9826, 0.0 ], [ -63.0632, -30.9858, 0.0 ], [ -63.0713, -30.9853, 0.0 ], [ -63.0849, -30.9885, 0.0 ], [ -63.0994, -30.9926, 0.0 ], [ -63.1034, -30.9971, 0.0 ], [ -63.1102, -31.0016, 0.0 ], [ -63.117, -31.0061, 0.0 ], [ -63.1229, -31.0116, 0.0 ], [ -63.1297, -31.0152, 0.0 ], [ -63.1387, -31.0188, 0.0 ], [ -63.1464, -31.0233, 0.0 ], [ -63.1536, -31.0263, 0.0 ], [ -63.1583, -31.0312, 0.0 ], [ -63.16, -31.0335, 0.0 ], [ -63.1641, -31.0371, 0.0 ], [ -63.1719, -31.0397, 0.0 ], [ -63.1767, -31.0416, 0.0 ], [ -63.1832, -31.0453, 0.0 ], [ -63.1935, -31.0439, 0.0 ], [ -63.1956, -31.0415, 0.0 ], [ -63.1971, -31.0385, 0.0 ], [ -63.2016, -31.0348, 0.0 ], [ -63.2061, -31.033, 0.0 ], [ -63.2124, -31.0321, 0.0 ], [ -63.2174, -31.0337, 0.0 ], [ -63.2224, -31.0373, 0.0 ], [ -63.2251, -31.0419, 0.0 ] ] ] ] } },
{ "type": "Feature", "properties": { "circuito": "00218", "codprov": "04", "coddepto": "014" }, "geometry": { "type": "MultiPolygon", "coordinates": [ [ [ [ -63.6109, -31.3004, 0.0 ], [ -63.6274, -31.3062, 0.0 ], [ -63.6354, -31.3078, 0.0 ], [ -63.6356, -31.3257, 0.0 ], [ -63.6356, -31.3582, 0.0 ], [ -63.6268, -31.3546, 0.0 ], [ -63.6265, -31.3433, 0.0 ], [ -63.6241, -31.3445, 0.0 ], [ -63.6225, -31.3463, 0.0 ], [ -63.6204, -31.3487, 0.0 ], [ -63.6196, -31.35, 0.0 ], [ -63.6155, -31.349, 0.0 ], [ -63.6103, -31.3472, 0.0 ], [ -63.6071, -31.346, 0.0 ], [ -63.6053, -31.344, 0.0 ], [ -63.6039, -31.3422, 0.0 ], [ -63.6048, -31.3401, 0.0 ], [ -63.6055, -31.3383, 0.0 ], [ -63.6066, -31.3358, 0.0 ], [ -63.6071, -31.3345, 0.0 ], [ -63.6056, -31.3345, 0.0 ], [ -63.6036, -31.3345, 0.0 ], [ -63.6013, -31.3345, 0.0 ], [ -63.5992, -31.3354, 0.0 ], [ -63.5965, -31.336, 0.0 ], [ -63.5944, -31.334, 0.0 ], [ -63.5937, -31.3326, 0.0 ], [ -63.5928, -31.3311, 0.0 ], [ -63.5911, -31.3316, 0.0 ], [ -63.5901, -31.3319, 0.0 ], [ -63.5875, -31.3355, 0.0 ], [ -63.5853, -31.3352, 0.0 ], [ -63.5798, -31.3347, 0.0 ], [ -63.5783, -31.3334, 0.0 ], [ -63.5763, -31.3317, 0.0 ], [ -63.5743, -31.3302, 0.0 ], [ -63.5719, -31.3286, 0.0 ], [ -63.5696, -31.3277, 0.0 ], [ -63.5653, -31.3262, 0.0 ], [ -63.5653, -31.3251, 0.0 ], [ -63.5632, -31.3222, 0.0 ], [ -63.5621, -31.3207, 0.0 ], [ -63.5583, -31.3197, 0.0 ], [ -63.5561, -31.3182, 0.0 ], [ -63.5545, -31.3172, 0.0 ], [ -63.5527, -31.3134, 0.0 ], [ -63.5498, -31.3131, 0.0 ], [ -63.5469, -31.3131, 0.0 ], [ -63.5432, -31.3134, 0.0 ], [ -63.5392, -31.3154, 0.0 ], [ -63.5358, -31.3152, 0.0 ], [ -63.5309, -31.3151, 0.0 ], [ -63.5285, -31.3164, 0.0 ], [ -63.5244, -31.3162, 0.0 ], [ -63.5228, -31.3161, 0.0 ], [ -63.5197, -31.3138, 0.0 ], [ -63.5309, -31.3024, 0.0 ], [ -63.5363, -31.2959, 0.0 ], [ -63.5492, -31.2888, 0.0 ], [ -63.5711, -31.2847, 0.0 ], [ -63.587, -31.2782, 0.0 ], [ -63.5883, -31.2773, 0.0 ], [ -63.589, -31.2587, 0.0 ], [ -63.5944, -31.2558, 0.0 ], [ -63.6044, -31.254, 0.0 ], [ -63.6084, -31.2558, 0.0 ], [ -63.6109, -31.3004, 0.0 ] ] ] ] } },
{ "type": "Feature", "properties": { "circuito": "00208", "codprov": "04", "coddepto": "014" }, "geometry": { "type": "MultiPolygon", "coordinates": [ [ [ [ -63.6084, -31.2558, 0.0 ], [ -63.6058, -31.2546, 0.0 ], [ -63.5963, -31.2555, 0.0 ], [ -63.589, -31.2587, 0.0 ], [ -63.5883, -31.2773, 0.0 ], [ -63.5729, -31.284, 0.0 ], [ -63.5492, -31.2888, 0.0 ], [ -63.5363, -31.2959, 0.0 ], [ -63.5273, -31.2348, 0.0 ], [ -63.5202, -31.1857, 0.0 ], [ -63.5161, -31.1676, 0.0 ], [ -63.5417, -31.1454, 0.0 ], [ -63.6041, -31.1441, 0.0 ], [ -63.6078, -31.1441, 0.0 ], [ -63.6403, -31.1441, 0.0 ], [ -63.6385, -31.1771, 0.0 ], [ -63.6385, -31.1938, 0.0 ], [ -63.6385, -31.2214, 0.0 ], [ -63.6494, -31.2336, 0.0 ], [ -63.6648, -31.2395, 0.0 ], [ -63.7322, -31.24, 0.0 ], [ -63.7326, -31.2585, 0.0 ], [ -63.7335, -31.2752, 0.0 ], [ -63.7312, -31.3001, 0.0 ], [ -63.729, -31.3191, 0.0 ], [ -63.7118, -31.3236, 0.0 ], [ -63.6946, -31.3246, 0.0 ], [ -63.6562, -31.311, 0.0 ], [ -63.6354, -31.3078, 0.0 ], [ -63.6274, -31.3062, 0.0 ], [ -63.6109, -31.3004, 0.0 ], [ -63.6084, -31.2558, 0.0 ] ] ] ] } },
{ "type": "Feature", "properties": { "circuito": "00221", "codprov": "04", "coddepto": "014" }, "geometry": { "type": "MultiPolygon", "coordinates": [ [ [ [ -63.5417, -31.1454, 0.0 ], [ -63.4889, -31.0958, 0.0 ], [ -63.4832, -31.0686, 0.0 ], [ -63.4784, -31.0586, 0.0 ], [ -63.4775, -31.0391, 0.0 ], [ -63.5042, -31.0382, 0.0 ], [ -63.5146, -31.0355, 0.0 ], [ -63.5327, -31.0342, 0.0 ], [ -63.5359, -31.0428, 0.0 ], [ -63.5368, -31.0663, 0.0 ], [ -63.5413, -31.0731, 0.0 ], [ -63.5928, -31.074, 0.0 ], [ -63.6399, -31.0722, 0.0 ], [ -63.6385, -31.1441, 0.0 ], [ -63.6041, -31.1441, 0.0 ], [ -63.5417, -31.1454, 0.0 ] ] ] ] } },
{ "type": "Feature", "properties": { "circuito": "00213", "codprov": "04", "coddepto": "014" }, "geometry": { "type": "MultiPolygon", "coordinates": [ [ [ [ -63.2663, -30.7365, 0.0 ], [ -63.297, -30.7329, 0.0 ], [ -63.382, -30.7171, 0.0 ], [ -63.3884, -30.7157, 0.0 ], [ -63.4309, -30.7058, 0.0 ], [ -63.4427, -30.7402, 0.0 ], [ -63.4526, -30.7809, 0.0 ], [ -63.4881, -30.8951, 0.0 ], [ -63.4949, -30.9359, 0.0 ], [ -63.5074, -30.9745, 0.0 ], [ -63.4817, -30.9782, 0.0 ], [ -63.4668, -30.9803, 0.0 ], [ -63.4451, -30.9834, 0.0 ], [ -63.4302, -30.9856, 0.0 ], [ -63.4069, -30.9889, 0.0 ], [ -63.3814, -30.9973, 0.0 ], [ -63.3848, -30.9835, 0.0 ], [ -63.3834, -30.9772, 0.0 ], [ -63.3825, -30.9731, 0.0 ], [ -63.3762, -30.9704, 0.0 ], [ -63.3622, -30.9701, 0.0 ], [ -63.3522, -30.9699, 0.0 ], [ -63.3454, -30.9722, 0.0 ], [ -63.3355, -30.9722, 0.0 ], [ -63.335, -30.9509, 0.0 ], [ -63.3305, -30.9374, 0.0 ], [ -63.3278, -30.9256, 0.0 ], [ -63.3314, -30.9139, 0.0 ], [ -63.3296, -30.9021, 0.0 ], [ -63.3251, -30.8921, 0.0 ], [ -63.3142, -30.8849, 0.0 ], [ -63.3043, -30.8288, 0.0 ], [ -63.2952, -30.7809, 0.0 ], [ -63.2753, -30.7809, 0.0 ], [ -63.2663, -30.7365, 0.0 ] ] ] ] } },
{ "type": "Feature", "properties": { "circuito": "00197", "codprov": "04", "coddepto": "014" }, "geometry": { "type": "MultiPolygon", "coordinates": [ [ [ [ -63.3947, -30.6009, 0.0 ], [ -63.3902, -30.5791, 0.0 ], [ -63.5159, -30.5493, 0.0 ], [ -63.5856, -30.5366, 0.0 ], [ -63.6236, -30.6777, 0.0 ], [ -63.534, -30.6931, 0.0 ], [ -63.4988, -30.6986, 0.0 ], [ -63.4338, -30.7142, 0.0 ], [ -63.4092, -30.6398, 0.0 ], [ -63.3947, -30.6009, 0.0 ] ] ] ] } },
{ "type": "Feature", "properties": { "circuito": "00199", "codprov": "04", "coddepto": "014" }, "geometry": { "type": "MultiPolygon", "coordinates": [ [ [ [ -63.6236, -30.6777, 0.0 ], [ -63.672, -30.6755, 0.0 ], [ -63.6914, -30.7429, 0.0 ], [ -63.7216, -30.8435, 0.0 ], [ -63.7111, -30.8464, 0.0 ], [ -63.7223, -30.8847, 0.0 ], [ -63.648, -30.9066, 0.0 ], [ -63.6372, -30.8677, 0.0 ], [ -63.6263, -30.8333, 0.0 ], [ -63.6191, -30.8333, 0.0 ], [ -63.6164, -30.8243, 0.0 ], [ -63.5956, -30.8261, 0.0 ], [ -63.5829, -30.8306, 0.0 ], [ -63.5811, -30.8243, 0.0 ], [ -63.5784, -30.8225, 0.0 ], [ -63.5295, -30.8315, 0.0 ], [ -63.4739, -30.8495, 0.0 ], [ -63.4522, -30.7789, 0.0 ], [ -63.4338, -30.7142, 0.0 ], [ -63.4988, -30.6986, 0.0 ], [ -63.5412, -30.6919, 0.0 ], [ -63.6236, -30.6777, 0.0 ] ] ] ] } },
{ "type": "Feature", "properties": { "circuito": "00209", "codprov": "04", "coddepto": "014" }, "geometry": { "type": "MultiPolygon", "coordinates": [ [ [ [ -63.5775, -30.96, 0.0 ], [ -63.5074, -30.9745, 0.0 ], [ -63.4951, -30.9374, 0.0 ], [ -63.4888, -30.8976, 0.0 ], [ -63.4741, -30.8495, 0.0 ], [ -63.5024, -30.84, 0.0 ], [ -63.5259, -30.8327, 0.0 ], [ -63.5427, -30.8291, 0.0 ], [ -63.5603, -30.9238, 0.0 ], [ -63.5648, -30.9446, 0.0 ], [ -63.5775, -30.96, 0.0 ] ] ] ] } },
{ "type": "Feature", "properties": { "circuito": "00212", "codprov": "04", "coddepto": "014" }, "geometry": { "type": "MultiPolygon", "coordinates": [ [ [ [ -63.5775, -30.96, 0.0 ], [ -63.5648, -30.9446, 0.0 ], [ -63.5603, -30.9238, 0.0 ], [ -63.5427, -30.8291, 0.0 ], [ -63.5784, -30.8225, 0.0 ], [ -63.5811, -30.8243, 0.0 ], [ -63.5829, -30.8306, 0.0 ], [ -63.5925, -30.8272, 0.0 ], [ -63.5956, -30.8261, 0.0 ], [ -63.6164, -30.8243, 0.0 ], [ -63.6189, -30.8337, 0.0 ], [ -63.6263, -30.8333, 0.0 ], [ -63.6363, -30.865, 0.0 ], [ -63.648, -30.9066, 0.0 ], [ -63.6241, -30.9148, 0.0 ], [ -63.6245, -30.9541, 0.0 ], [ -63.6254, -30.9935, 0.0 ], [ -63.6191, -30.993, 0.0 ], [ -63.5453, -31.0093, 0.0 ], [ -63.5345, -31.012, 0.0 ], [ -63.5309, -31.0129, 0.0 ], [ -63.5327, -31.0342, 0.0 ], [ -63.5137, -31.0358, 0.0 ], [ -63.5042, -31.0382, 0.0 ], [ -63.4775, -31.0391, 0.0 ], [ -63.4377, -31.0464, 0.0 ], [ -63.4273, -31.0274, 0.0 ], [ -63.4153, -31.0244, 0.0 ], [ -63.4056, -31.0269, 0.0 ], [ -63.3898, -31.0269, 0.0 ], [ -63.3843, -31.0125, 0.0 ], [ -63.3794, -30.998, 0.0 ], [ -63.4069, -30.9889, 0.0 ], [ -63.5074, -30.9745, 0.0 ], [ -63.5542, -30.9638, 0.0 ], [ -63.5775, -30.96, 0.0 ] ] ] ] } },
{ "type": "Feature", "properties": { "circuito": "0212B", "codprov": "04", "coddepto": "014" }, "geometry": { "type": "MultiPolygon", "coordinates": [ [ [ [ -63.5359, -31.0428, 0.0 ], [ -63.5327, -31.0342, 0.0 ], [ -63.5309, -31.0129, 0.0 ], [ -63.5453, -31.0093, 0.0 ], [ -63.6009, -30.997, 0.0 ], [ -63.6167, -30.9935, 0.0 ], [ -63.6254, -30.9935, 0.0 ], [ -63.6268, -31.0342, 0.0 ], [ -63.6358, -31.0423, 0.0 ], [ -63.6399, -31.0722, 0.0 ], [ -63.606, -31.0735, 0.0 ], [ -63.5413, -31.0731, 0.0 ], [ -63.5368, -31.0663, 0.0 ], [ -63.5359, -31.0428, 0.0 ] ] ] ] } },
{ "type": "Feature", "properties": { "circuito": "00214", "codprov": "04", "coddepto": "014" }, "geometry": { "type": "MultiPolygon", "coordinates": [ [ [ [ -63.7322, -31.24, 0.0 ], [ -63.6648, -31.2395, 0.0 ], [ -63.6494, -31.2336, 0.0 ], [ -63.6385, -31.2214, 0.0 ], [ -63.6385, -31.1938, 0.0 ], [ -63.6385, -31.1771, 0.0 ], [ -63.6982, -31.1775, 0.0 ], [ -63.7507, -31.1785, 0.0 ], [ -63.7675, -31.1765, 0.0 ], [ -63.7751, -31.1757, 0.0 ], [ -63.7769, -31.1821, 0.0 ], [ -63.7888, -31.1828, 0.0 ], [ -63.7986, -31.1834, 0.0 ], [ -63.8068, -31.1839, 0.0 ], [ -63.8059, -31.1993, 0.0 ], [ -63.8059, -31.2445, 0.0 ], [ -63.8041, -31.2617, 0.0 ], [ -63.8041, -31.2716, 0.0 ], [ -63.8059, -31.3567, 0.0 ], [ -63.8095, -31.4182, 0.0 ], [ -63.7941, -31.4209, 0.0 ], [ -63.7398, -31.4019, 0.0 ], [ -63.7035, -31.3861, 0.0 ], [ -63.6503, -31.3639, 0.0 ], [ -63.6356, -31.3582, 0.0 ], [ -63.6354, -31.3078, 0.0 ], [ -63.6562, -31.311, 0.0 ], [ -63.6946, -31.3246, 0.0 ], [ -63.7118, -31.3236, 0.0 ], [ -63.729, -31.3191, 0.0 ], [ -63.7335, -31.2752, 0.0 ], [ -63.7322, -31.24, 0.0 ] ] ] ] } },
{ "type": "Feature", "properties": { "circuito": "00210", "codprov": "04", "coddepto": "014" }, "geometry": { "type": "MultiPolygon", "coordinates": [ [ [ [ -63.8059, -31.3567, 0.0 ], [ -63.8048, -31.3078, 0.0 ], [ -63.8041, -31.2716, 0.0 ], [ -63.8059, -31.1993, 0.0 ], [ -63.8475, -31.202, 0.0 ], [ -63.8773, -31.2011, 0.0 ], [ -63.8773, -31.2716, 0.0 ], [ -63.8764, -31.325, 0.0 ], [ -63.8755, -31.3612, 0.0 ], [ -63.8602, -31.3612, 0.0 ], [ -63.8561, -31.3536, 0.0 ], [ -63.8529, -31.3476, 0.0 ], [ -63.8477, -31.3479, 0.0 ], [ -63.8366, -31.3494, 0.0 ], [ -63.8158, -31.3521, 0.0 ], [ -63.8059, -31.3567, 0.0 ] ] ] ] } },
{ "type": "Feature", "properties": { "circuito": "00211", "codprov": "04", "coddepto": "014" }, "geometry": { "type": "MultiPolygon", "coordinates": [ [ [ [ -63.8755, -31.3612, 0.0 ], [ -63.8737, -31.3612, 0.0 ], [ -63.8755016, -31.3611355, 0.0 ], [ -63.8755, -31.3612, 0.0 ] ] ], [ [ [ -63.8755016, -31.3611355, 0.0 ], [ -63.8764, -31.325, 0.0 ], [ -63.8773, -31.2689, 0.0 ], [ -63.9217, -31.2689, 0.0 ], [ -63.9579, -31.2698, 0.0 ], [ -63.957, -31.3232, 0.0 ], [ -63.9574, -31.354, 0.0 ], [ -63.9542, -31.3549, 0.0 ], [ -63.9434, -31.358, 0.0 ], [ -63.9411, -31.3567, 0.0 ], [ -63.9375, -31.3589, 0.0 ], [ -63.8755016, -31.3611355, 0.0 ] ] ] ] } },
{ "type": "Feature", "properties": { "circuito": "00203", "codprov": "04", "coddepto": "014" }, "geometry": { "type": "MultiPolygon", "coordinates": [ [ [ [ -63.558, -31.4299, 0.0 ], [ -63.5562, -31.4272, 0.0 ], [ -63.5494, -31.4209, 0.0 ], [ -63.5494, -31.4096, 0.0 ], [ -63.5345, -31.4105, 0.0 ], [ -63.5331, -31.4037, 0.0 ], [ -63.4933, -31.4023, 0.0 ], [ -63.4906, -31.3942, 0.0 ], [ -63.4457, -31.3836, 0.0 ], [ -63.4781, -31.3553, 0.0 ], [ -63.5197, -31.3138, 0.0 ], [ -63.5228, -31.3161, 0.0 ], [ -63.5285, -31.3164, 0.0 ], [ -63.5309, -31.3151, 0.0 ], [ -63.5392, -31.3154, 0.0 ], [ -63.5432, -31.3134, 0.0 ], [ -63.548, -31.313, 0.0 ], [ -63.5527, -31.3134, 0.0 ], [ -63.5545, -31.3172, 0.0 ], [ -63.5583, -31.3197, 0.0 ], [ -63.5621, -31.3207, 0.0 ], [ -63.5653, -31.3251, 0.0 ], [ -63.565, -31.3291, 0.0 ], [ -63.5657, -31.3318, 0.0 ], [ -63.5652, -31.3382, 0.0 ], [ -63.5653, -31.3445, 0.0 ], [ -63.5653, -31.3573, 0.0 ], [ -63.5648, -31.363, 0.0 ], [ -63.5648, -31.4358, 0.0 ], [ -63.558, -31.4299, 0.0 ] ] ] ] } },
{ "type": "Feature", "properties": { "circuito": "00196", "codprov": "04", "coddepto": "014" }, "geometry": { "type": "MultiPolygon", "coordinates": [ [ [ [ -63.6621, -31.4068, 0.0 ], [ -63.662, -31.429, 0.0 ], [ -63.6616, -31.4557, 0.0 ], [ -63.6539, -31.4521, 0.0 ], [ -63.6535, -31.4593, 0.0 ], [ -63.6521, -31.4611, 0.0 ], [ -63.6507, -31.4706, 0.0 ], [ -63.6299, -31.4829, 0.0 ], [ -63.5924, -31.4693, 0.0 ], [ -63.587, -31.4621, 0.0 ], [ -63.5639, -31.4494, 0.0 ], [ -63.5648, -31.434, 0.0 ], [ -63.5648, -31.3766, 0.0 ], [ -63.5654, -31.3493, 0.0 ], [ -63.565, -31.3259, 0.0 ], [ -63.5719, -31.3286, 0.0 ], [ -63.5756, -31.331, 0.0 ], [ -63.5798, -31.3347, 0.0 ], [ -63.5875, -31.3355, 0.0 ], [ -63.5901, -31.3319, 0.0 ], [ -63.5928, -31.3311, 0.0 ], [ -63.5944, -31.334, 0.0 ], [ -63.5965, -31.336, 0.0 ], [ -63.6017, -31.3345, 0.0 ], [ -63.6071, -31.3345, 0.0 ], [ -63.6055, -31.3383, 0.0 ], [ -63.6039, -31.3422, 0.0 ], [ -63.6071, -31.346, 0.0 ], [ -63.6155, -31.349, 0.0 ], [ -63.6196, -31.35, 0.0 ], [ -63.6241, -31.3445, 0.0 ], [ -63.6265, -31.3433, 0.0 ], [ -63.6268, -31.3546, 0.0 ], [ -63.6356, -31.3582, 0.0 ], [ -63.6486, -31.3633, 0.0 ], [ -63.6628, -31.3683, 0.0 ], [ -63.6621, -31.4068, 0.0 ] ] ] ] } },
{ "type": "Feature", "properties": { "circuito": "00202", "codprov": "04", "coddepto": "014" }, "geometry": { "type": "MultiPolygon", "coordinates": [ [ [ [ -63.8407, -31.0188, 0.0 ], [ -63.8421, -31.0832, 0.0 ], [ -63.8555, -31.0792, 0.0 ], [ -63.8484, -31.0989, 0.0 ], [ -63.8633, -31.1174, 0.0 ], [ -63.8787, -31.1174, 0.0 ], [ -63.8773, -31.2051, 0.0 ], [ -63.8227, -31.2004, 0.0 ], [ -63.8059, -31.1993, 0.0 ], [ -63.8068, -31.1839, 0.0 ], [ -63.7769, -31.1821, 0.0 ], [ -63.7751, -31.1757, 0.0 ], [ -63.7574, -31.1774, 0.0 ], [ -63.7507, -31.1785, 0.0 ], [ -63.6982, -31.1775, 0.0 ], [ -63.6978, -31.1445, 0.0 ], [ -63.6878, -31.1427, 0.0 ], [ -63.6851, -31.0622, 0.0 ], [ -63.686, -31.0179, 0.0 ], [ -63.7376, -31.0188, 0.0 ], [ -63.8054, -31.0188, 0.0 ], [ -63.8407, -31.0188, 0.0 ] ] ] ] } },
{ "type": "Feature", "properties": { "circuito": "00217", "codprov": "04", "coddepto": "014" }, "geometry": { "type": "MultiPolygon", "coordinates": [ [ [ [ -63.8099, -31.5489, 0.0 ], [ -63.7658, -31.5435, 0.0 ], [ -63.6932, -31.5355, 0.0 ], [ -63.6901, -31.4896, 0.0 ], [ -63.6695, -31.4781, 0.0 ], [ -63.6509, -31.4697, 0.0 ], [ -63.6521, -31.4611, 0.0 ], [ -63.6535, -31.4593, 0.0 ], [ -63.6539, -31.4521, 0.0 ], [ -63.6616, -31.4557, 0.0 ], [ -63.6624, -31.3682, 0.0 ], [ -63.7398, -31.4019, 0.0 ], [ -63.7941, -31.4209, 0.0 ], [ -63.8095, -31.4182, 0.0 ], [ -63.8099, -31.5489, 0.0 ] ] ] ] } },
{ "type": "Feature", "properties": { "circuito": "00198", "codprov": "04", "coddepto": "014" }, "geometry": { "type": "MultiPolygon", "coordinates": [ [ [ [ -63.827, -31.4703, 0.0 ], [ -63.8219, -31.4711, 0.0 ], [ -63.81, -31.4731, 0.0 ], [ -63.8095, -31.4295, 0.0 ], [ -63.8095, -31.4204, 0.0 ], [ -63.8085, -31.401, 0.0 ], [ -63.8062, -31.3622, 0.0 ], [ -63.8059, -31.3567, 0.0 ], [ -63.8158, -31.3521, 0.0 ], [ -63.8315, -31.3501, 0.0 ], [ -63.8389, -31.3485, 0.0 ], [ -63.8529, -31.3476, 0.0 ], [ -63.8602, -31.3612, 0.0 ], [ -63.8967, -31.3604, 0.0 ], [ -63.9325, -31.3591, 0.0 ], [ -63.9375, -31.3589, 0.0 ], [ -63.9411, -31.3567, 0.0 ], [ -63.9434, -31.358, 0.0 ], [ -63.9542, -31.3549, 0.0 ], [ -63.9551, -31.3933, 0.0 ], [ -63.9594, -31.4772, 0.0 ], [ -63.9518, -31.476, 0.0 ], [ -63.9446, -31.4748, 0.0 ], [ -63.9373, -31.474, 0.0 ], [ -63.9339, -31.474, 0.0 ], [ -63.9303, -31.474, 0.0 ], [ -63.9271, -31.474, 0.0 ], [ -63.9216, -31.474, 0.0 ], [ -63.9172, -31.4737, 0.0 ], [ -63.9144, -31.4752, 0.0 ], [ -63.9104, -31.4749, 0.0 ], [ -63.9067, -31.4732, 0.0 ], [ -63.9034, -31.4732, 0.0 ], [ -63.9009, -31.4733, 0.0 ], [ -63.8968, -31.4745, 0.0 ], [ -63.8928, -31.4727, 0.0 ], [ -63.8882, -31.4712, 0.0 ], [ -63.8823, -31.4691, 0.0 ], [ -63.8789, -31.4689, 0.0 ], [ -63.8763, -31.4692, 0.0 ], [ -63.8734, -31.4696, 0.0 ], [ -63.8688, -31.4702, 0.0 ], [ -63.8655, -31.4707, 0.0 ], [ -63.8603, -31.4714, 0.0 ], [ -63.8542, -31.4713, 0.0 ], [ -63.8474, -31.4703, 0.0 ], [ -63.8438, -31.4697, 0.0 ], [ -63.8382, -31.4688, 0.0 ], [ -63.8345, -31.469, 0.0 ], [ -63.8309, -31.4696, 0.0 ], [ -63.827, -31.4703, 0.0 ] ] ] ] } },
{ "type": "Feature", "properties": { "circuito": "00206", "codprov": "04", "coddepto": "014" }, "geometry": { "type": "MultiPolygon", "coordinates": [ [ [ [ -63.9594, -31.4772, 0.0 ], [ -63.9611, -31.5446, 0.0 ], [ -63.9459, -31.5609, 0.0 ], [ -63.9426, -31.5591, 0.0 ], [ -63.9104, -31.5673, 0.0 ], [ -63.8095, -31.5616, 0.0 ], [ -63.8099, -31.5489, 0.0 ], [ -63.8097, -31.4731, 0.0 ], [ -63.8369, -31.4686, 0.0 ], [ -63.8572, -31.4718, 0.0 ], [ -63.8807, -31.4686, 0.0 ], [ -63.8952, -31.4736, 0.0 ], [ -63.9056, -31.4731, 0.0 ], [ -63.9228, -31.474, 0.0 ], [ -63.94, -31.474, 0.0 ], [ -63.9594, -31.4772, 0.0 ] ] ] ] } },
{ "type": "Feature", "properties": { "circuito": "00216", "codprov": "04", "coddepto": "014" }, "geometry": { "type": "MultiPolygon", "coordinates": [ [ [ [ -63.686, -31.0179, 0.0 ], [ -63.6854, -31.049, 0.0 ], [ -63.6857, -31.0799, 0.0 ], [ -63.6871, -31.1197, 0.0 ], [ -63.6878, -31.1427, 0.0 ], [ -63.6978, -31.1445, 0.0 ], [ -63.6982, -31.1775, 0.0 ], [ -63.6385, -31.1771, 0.0 ], [ -63.6391, -31.1151, 0.0 ], [ -63.6398, -31.078, 0.0 ], [ -63.6388, -31.0643, 0.0 ], [ -63.6358, -31.0423, 0.0 ], [ -63.6268, -31.0342, 0.0 ], [ -63.626, -31.0121, 0.0 ], [ -63.686, -31.0179, 0.0 ] ] ] ] } },
{ "type": "Feature", "properties": { "circuito": "00195", "codprov": "04", "coddepto": "014" }, "geometry": { "type": "MultiPolygon", "coordinates": [ [ [ [ -63.6261, -31.0134, 0.0 ], [ -63.6245, -30.9541, 0.0 ], [ -63.6241, -30.9148, 0.0 ], [ -63.6658, -30.9015, 0.0 ], [ -63.7018, -30.8911, 0.0 ], [ -63.7223, -30.8847, 0.0 ], [ -63.7398, -30.9392, 0.0 ], [ -63.7723, -30.9328, 0.0 ], [ -63.7735, -30.9806, 0.0 ], [ -63.8394, -30.9847, 0.0 ], [ -63.8407, -31.0188, 0.0 ], [ -63.7638, -31.0188, 0.0 ], [ -63.6996, -31.0181, 0.0 ], [ -63.6493, -31.0143, 0.0 ], [ -63.6268, -31.0121, 0.0 ], [ -63.6261, -31.0134, 0.0 ] ] ] ] } },
{ "type": "Feature", "properties": { "circuito": "00204", "codprov": "04", "coddepto": "014" }, "geometry": { "type": "MultiPolygon", "coordinates": [ [ [ [ -63.0465, -30.8937, 0.0 ], [ -63.0465, -30.9803, 0.0 ], [ -63.0324, -30.9686, 0.0 ], [ -62.9857, -30.9771, 0.0 ], [ -62.9392, -30.986, 0.0 ], [ -62.9346, -30.9699, 0.0 ], [ -62.8493, -30.9451, 0.0 ], [ -62.8486, -30.9404, 0.0 ], [ -62.8482, -30.9284, 0.0 ], [ -62.8471, -30.9227, 0.0 ], [ -62.846, -30.9167, 0.0 ], [ -62.8467, -30.9115, 0.0 ], [ -62.8456, -30.9039, 0.0 ], [ -62.8452, -30.8968, 0.0 ], [ -62.8446, -30.8911, 0.0 ], [ -62.8438, -30.8856, 0.0 ], [ -62.8429, -30.8747, 0.0 ], [ -62.8474, -30.8684, 0.0 ], [ -62.8601, -30.863, 0.0 ], [ -62.8663, -30.8609, 0.0 ], [ -62.8672, -30.8542, 0.0 ], [ -62.8702, -30.8445, 0.0 ], [ -62.8702, -30.8339, 0.0 ], [ -62.8717, -30.8264, 0.0 ], [ -62.8719, -30.8195, 0.0 ], [ -62.87, -30.8123, 0.0 ], [ -62.8747, -30.7978, 0.0 ], [ -62.8778, -30.7885, 0.0 ], [ -62.8943, -30.7887, 0.0 ], [ -62.9086, -30.7887, 0.0 ], [ -62.9168, -30.7789, 0.0 ], [ -62.9216, -30.773, 0.0 ], [ -62.9327, -30.7595, 0.0 ], [ -62.9402, -30.7504, 0.0 ], [ -62.9578, -30.7408, 0.0 ], [ -62.9741, -30.7309, 0.0 ], [ -62.9778, -30.7324, 0.0 ], [ -62.9867, -30.73, 0.0 ], [ -62.9949, -30.7291, 0.0 ], [ -63.0043, -30.7281, 0.0 ], [ -63.0186, -30.7257, 0.0 ], [ -63.0465, -30.7209, 0.0 ], [ -63.051, -30.7318, 0.0 ], [ -63.0573, -30.7565, 0.0 ], [ -63.0613, -30.7705, 0.0 ], [ -63.0682, -30.7933, 0.0 ], [ -63.0763, -30.796, 0.0 ], [ -63.0881, -30.8123, 0.0 ], [ -63.0935, -30.8268, 0.0 ], [ -63.0935, -30.8367, 0.0 ], [ -63.0673, -30.8684, 0.0 ], [ -63.0465, -30.8937, 0.0 ] ] ] ] } },
{ "type": "Feature", "properties": { "circuito": "00207", "codprov": "04", "coddepto": "014" }, "geometry": { "type": "MultiPolygon", "coordinates": [ [ [ [ -63.0528, -30.6884, 0.0 ], [ -63.1403, -30.6693, 0.0 ], [ -63.2455, -30.6495, 0.0 ], [ -63.2428, -30.635, 0.0 ], [ -63.3947, -30.6009, 0.0 ], [ -63.4126, -30.6501, 0.0 ], [ -63.4309, -30.7058, 0.0 ], [ -63.382, -30.7171, 0.0 ], [ -63.3103, -30.7305, 0.0 ], [ -63.2834, -30.7345, 0.0 ], [ -63.2663, -30.7365, 0.0 ], [ -63.2719, -30.7643, 0.0 ], [ -63.2753, -30.7809, 0.0 ], [ -63.2952, -30.7809, 0.0 ], [ -63.2988, -30.7998, 0.0 ], [ -63.2437, -30.8087, 0.0 ], [ -63.1903, -30.8141, 0.0 ], [ -63.1206, -30.825, 0.0 ], [ -63.0935, -30.8313, 0.0 ], [ -63.093, -30.8177, 0.0 ], [ -63.0811, -30.8027, 0.0 ], [ -63.0666, -30.79, 0.0 ], [ -63.0632, -30.777, 0.0 ], [ -63.0521, -30.7381, 0.0 ], [ -63.0465, -30.7209, 0.0 ], [ -63.0548, -30.7195, 0.0 ], [ -63.0575, -30.713, 0.0 ], [ -63.0601, -30.7068, 0.0 ], [ -63.0645, -30.6965, 0.0 ], [ -63.0528, -30.6884, 0.0 ] ] ] ] } },
{ "type": "Feature", "properties": { "circuito": "00222", "codprov": "04", "coddepto": "014" }, "geometry": { "type": "MultiPolygon", "coordinates": [ [ [ [ -63.1873, -30.8146, 0.0 ], [ -63.1935, -30.834, 0.0 ], [ -63.1889, -30.8354, 0.0 ], [ -63.1957, -30.8494, 0.0 ], [ -63.202, -30.8734, 0.0 ], [ -63.2093, -30.8992, 0.0 ], [ -63.2138, -30.9163, 0.0 ], [ -63.2011, -30.9172, 0.0 ], [ -63.1912, -30.9218, 0.0 ], [ -63.1889, -30.9304, 0.0 ], [ -63.1708, -30.9661, 0.0 ], [ -63.1586, -30.9806, 0.0 ], [ -63.1622, -30.9833, 0.0 ], [ -63.1563, -30.9904, 0.0 ], [ -63.1441, -30.9864, 0.0 ], [ -63.1328, -30.9996, 0.0 ], [ -63.1301, -30.9987, 0.0 ], [ -63.124, -31.0122, 0.0 ], [ -63.1165, -31.0058, 0.0 ], [ -63.1102, -31.0016, 0.0 ], [ -63.1034, -30.9971, 0.0 ], [ -63.0994, -30.9926, 0.0 ], [ -63.0889, -30.9896, 0.0 ], [ -63.0727, -30.9853, 0.0 ], [ -63.0632, -30.9858, 0.0 ], [ -63.0559, -30.9826, 0.0 ], [ -63.0514, -30.9826, 0.0 ], [ -63.0465, -30.9803, 0.0 ], [ -63.0465, -30.9353, 0.0 ], [ -63.0465, -30.8937, 0.0 ], [ -63.0687, -30.8667, 0.0 ], [ -63.0935, -30.8367, 0.0 ], [ -63.0946, -30.8311, 0.0 ], [ -63.1163, -30.826, 0.0 ], [ -63.1262, -30.8241, 0.0 ], [ -63.1873, -30.8146, 0.0 ] ] ] ] } },
{ "type": "Feature", "properties": { "circuito": "00215", "codprov": "04", "coddepto": "014" }, "geometry": { "type": "MultiPolygon", "coordinates": [ [ [ [ -63.3011, -30.9602, 0.0 ], [ -63.3059, -30.9703, 0.0 ], [ -63.2961, -30.9749, 0.0 ], [ -63.3089, -30.9929, 0.0 ], [ -63.3183, -31.0138, 0.0 ], [ -63.2966, -31.0333, 0.0 ], [ -63.2771, -31.0495, 0.0 ], [ -63.2542, -31.0377, 0.0 ], [ -63.2518, -31.0364, 0.0 ], [ -63.2451, -31.0309, 0.0 ], [ -63.2328, -31.0292, 0.0 ], [ -63.2251, -31.0419, 0.0 ], [ -63.2224, -31.0373, 0.0 ], [ -63.2174, -31.0337, 0.0 ], [ -63.2124, -31.0321, 0.0 ], [ -63.2061, -31.033, 0.0 ], [ -63.2016, -31.0348, 0.0 ], [ -63.1971, -31.0385, 0.0 ], [ -63.1953, -31.0421, 0.0 ], [ -63.1935, -31.0439, 0.0 ], [ -63.1832, -31.0453, 0.0 ], [ -63.1767, -31.0416, 0.0 ], [ -63.1699, -31.0389, 0.0 ], [ -63.1641, -31.0371, 0.0 ], [ -63.16, -31.0335, 0.0 ], [ -63.1577, -31.0303, 0.0 ], [ -63.1536, -31.0263, 0.0 ], [ -63.1448, -31.0224, 0.0 ], [ -63.1403, -31.0197, 0.0 ], [ -63.1353, -31.0174, 0.0 ], [ -63.1297, -31.0152, 0.0 ], [ -63.124, -31.0122, 0.0 ], [ -63.1301, -30.9987, 0.0 ], [ -63.1328, -30.9996, 0.0 ], [ -63.1441, -30.9864, 0.0 ], [ -63.1563, -30.9903, 0.0 ], [ -63.1622, -30.9833, 0.0 ], [ -63.1586, -30.9806, 0.0 ], [ -63.1708, -30.9661, 0.0 ], [ -63.1826, -30.9428, 0.0 ], [ -63.1957, -30.9471, 0.0 ], [ -63.2803, -30.9729, 0.0 ], [ -63.2889, -30.9625, 0.0 ], [ -63.3011, -30.9602, 0.0 ] ] ] ] } },
{ "type": "Feature", "properties": { "circuito": "00226", "codprov": "04", "coddepto": "015" }, "geometry": { "type": "MultiPolygon", "coordinates": [ [ [ [ -63.4712, -30.056, 0.0 ], [ -63.3516, -30.0577, 0.0 ], [ -63.2023, -30.0562, 0.0 ], [ -63.0424, -30.0592, 0.0 ], [ -62.9304, -30.0562, 0.0 ], [ -62.9326, -30.1133, 0.0 ], [ -62.796, -30.1326, 0.0 ], [ -62.6287, -30.1518, 0.0 ], [ -62.6152, -30.1428, 0.0 ], [ -62.5913, -30.1324, 0.0 ], [ -62.5704, -30.1399, 0.0 ], [ -62.5525, -30.1428, 0.0 ], [ -62.5391, -30.1055, 0.0 ], [ -62.56, -30.0965, 0.0 ], [ -62.5764, -30.0876, 0.0 ], [ -62.5928, -30.0906, 0.0 ], [ -62.6093, -30.0876, 0.0 ], [ -62.6167, -30.0711, 0.0 ], [ -62.6541, -30.0682, 0.0 ], [ -62.6839, -30.0622, 0.0 ], [ -62.6989, -30.0577, 0.0 ], [ -62.7288, -30.0308, 0.0 ], [ -62.7392, -30.0353, 0.0 ], [ -62.787, -29.998, 0.0 ], [ -62.8154, -29.9815, 0.0 ], [ -62.8154, -29.9561, 0.0 ], [ -62.8064, -29.9546, 0.0 ], [ -62.7975, -29.9472, 0.0 ], [ -62.8064, -29.9322, 0.0 ], [ -62.8169, -29.9098, 0.0 ], [ -62.8303, -29.9068, 0.0 ], [ -62.8423, -29.8919, 0.0 ], [ -62.9648, -29.8695, 0.0 ], [ -63.1634, -29.8277, 0.0 ], [ -63.3307, -29.7933, 0.0 ], [ -63.4263, -29.7679, 0.0 ], [ -63.4592, -29.7634, 0.0 ], [ -63.4711, -29.7694, 0.0 ], [ -63.4786, -29.7888, 0.0 ], [ -63.4711, -29.8411, 0.0 ], [ -63.4838, -29.8767, 0.0 ], [ -63.4519, -29.8893, 0.0 ], [ -63.4529, -29.9355, 0.0 ], [ -63.4353, -29.9382, 0.0 ], [ -63.4448, -29.9695, 0.0 ], [ -63.4712, -30.056, 0.0 ] ] ] ] } },
{ "type": "Feature", "properties": { "circuito": "00224", "codprov": "04", "coddepto": "015" }, "geometry": { "type": "MultiPolygon", "coordinates": [ [ [ [ -63.5232, -30.1182, 0.0 ], [ -63.5354, -30.1847, 0.0 ], [ -63.5369, -30.2818, 0.0 ], [ -63.4562, -30.2818, 0.0 ], [ -63.4577, -30.2519, 0.0 ], [ -63.4577, -30.1951, 0.0 ], [ -63.3262, -30.219, 0.0 ], [ -63.2667, -30.2283, 0.0 ], [ -63.1993, -30.2399, 0.0 ], [ -63.2003, -30.1778, 0.0 ], [ -63.2023, -30.1279, 0.0 ], [ -63.2023, -30.1174, 0.0 ], [ -63.492, -30.1174, 0.0 ], [ -63.5232, -30.1182, 0.0 ] ] ] ] } },
{ "type": "Feature", "properties": { "circuito": "0226A", "codprov": "04", "coddepto": "015" }, "geometry": { "type": "MultiPolygon", "coordinates": [ [ [ [ -63.3262, -30.219, 0.0 ], [ -63.4577, -30.1951, 0.0 ], [ -63.4562, -30.2818, 0.0 ], [ -63.4006, -30.2814, 0.0 ], [ -63.3948, -30.3293, 0.0 ], [ -63.3666, -30.3355, 0.0 ], [ -63.3574, -30.3363, 0.0 ], [ -63.3524, -30.3167, 0.0 ], [ -63.3482, -30.3002, 0.0 ], [ -63.3418, -30.2729, 0.0 ], [ -63.3262, -30.219, 0.0 ] ] ] ] } },
{ "type": "Feature", "properties": { "circuito": "0225A", "codprov": "04", "coddepto": "015" }, "geometry": { "type": "MultiPolygon", "coordinates": [ [ [ [ -63.5189, -30.095, 0.0 ], [ -63.524, -30.1226, 0.0 ], [ -63.3621, -30.1174, 0.0 ], [ -63.2023, -30.1168, 0.0 ], [ -63.2023, -30.0562, 0.0 ], [ -63.3562, -30.0576, 0.0 ], [ -63.4712, -30.056, 0.0 ], [ -63.4831, -30.095, 0.0 ], [ -63.5189, -30.095, 0.0 ] ] ] ] } },
{ "type": "Feature", "properties": { "circuito": "00228", "codprov": "04", "coddepto": "015" }, "geometry": { "type": "MultiPolygon", "coordinates": [ [ [ [ -63.5929, -30.1742, 0.0 ], [ -63.5346, -30.1808, 0.0 ], [ -63.5189, -30.095, 0.0 ], [ -63.4831, -30.095, 0.0 ], [ -63.4353, -29.9382, 0.0 ], [ -63.4599, -29.9345, 0.0 ], [ -63.513, -29.9263, 0.0 ], [ -63.5466, -30.0428, 0.0 ], [ -63.5978, -30.0279, 0.0 ], [ -63.6317, -30.0181, 0.0 ], [ -63.6474, -30.1675, 0.0 ], [ -63.5929, -30.1742, 0.0 ] ] ] ] } },
{ "type": "Feature", "properties": { "circuito": "0229A", "codprov": "04", "coddepto": "015" }, "geometry": { "type": "MultiPolygon", "coordinates": [ [ [ [ -63.6317, -30.0181, 0.0 ], [ -63.5466, -30.0428, 0.0 ], [ -63.513, -29.9263, 0.0 ], [ -63.4529, -29.9355, 0.0 ], [ -63.4523, -29.9059, 0.0 ], [ -63.4517, -29.8882, 0.0 ], [ -63.4771, -29.8783, 0.0 ], [ -63.5426, -29.8633, 0.0 ], [ -63.5963, -29.8498, 0.0 ], [ -63.6317, -30.0181, 0.0 ] ] ] ] } },
{ "type": "Feature", "properties": { "circuito": "00229", "codprov": "04", "coddepto": "015" }, "geometry": { "type": "MultiPolygon", "coordinates": [ [ [ [ -63.6317, -30.0181, 0.0 ], [ -63.6143, -29.9357, 0.0 ], [ -63.5963, -29.8498, 0.0 ], [ -63.675, -29.8307, 0.0 ], [ -63.7101, -29.8224, 0.0 ], [ -63.7116, -29.7978, 0.0 ], [ -63.793, -29.7978, 0.0 ], [ -63.7938, -29.7948, 0.0 ], [ -63.796, -29.8015, 0.0 ], [ -63.8177, -29.8, 0.0 ], [ -63.8162, -29.8068, 0.0 ], [ -63.8236, -29.8075, 0.0 ], [ -63.8236, -29.8695, 0.0 ], [ -63.8334, -29.8702, 0.0 ], [ -63.8401, -29.8665, 0.0 ], [ -63.8468, -29.8643, 0.0 ], [ -63.8677, -29.8747, 0.0 ], [ -63.8791, -29.8807, 0.0 ], [ -63.8869, -29.8919, 0.0 ], [ -63.8201, -29.9117, 0.0 ], [ -63.7943, -29.9177, 0.0 ], [ -63.8061, -29.9577, 0.0 ], [ -63.8103, -29.9716, 0.0 ], [ -63.8244, -30.0174, 0.0 ], [ -63.7789, -30.0096, 0.0 ], [ -63.7615, -30.0066, 0.0 ], [ -63.7535, -30.0053, 0.0 ], [ -63.7423, -30.0033, 0.0 ], [ -63.7357, -30.0022, 0.0 ], [ -63.7313, -30.0015, 0.0 ], [ -63.727, -30.0007, 0.0 ], [ -63.721, -29.9997, 0.0 ], [ -63.7121, -29.9982, 0.0 ], [ -63.7064, -29.9972, 0.0 ], [ -63.6317, -30.0181, 0.0 ] ] ] ] } },
{ "type": "Feature", "properties": { "circuito": "00225", "codprov": "04", "coddepto": "015" }, "geometry": { "type": "MultiPolygon", "coordinates": [ [ [ [ -63.5963, -29.8498, 0.0 ], [ -63.5138, -29.8699, 0.0 ], [ -63.4835, -29.8768, 0.0 ], [ -63.4711, -29.8411, 0.0 ], [ -63.4786, -29.7888, 0.0 ], [ -63.4711, -29.7694, 0.0 ], [ -63.4592, -29.7634, 0.0 ], [ -63.4599, -29.7268, 0.0 ], [ -63.4779, -29.7254, 0.0 ], [ -63.4741, -29.6678, 0.0 ], [ -63.4935, -29.6664, 0.0 ], [ -63.504, -29.6634, 0.0 ], [ -63.5159, -29.6619, 0.0 ], [ -63.5234, -29.6589, 0.0 ], [ -63.5346, -29.6604, 0.0 ], [ -63.5383, -29.6649, 0.0 ], [ -63.551, -29.6649, 0.0 ], [ -63.5503, -29.6738, 0.0 ], [ -63.5622, -29.6738, 0.0 ], [ -63.5787, -29.6723, 0.0 ], [ -63.5869, -29.6701, 0.0 ], [ -63.5981, -29.6686, 0.0 ], [ -63.6153, -29.6678, 0.0 ], [ -63.6235, -29.6634, 0.0 ], [ -63.631, -29.6626, 0.0 ], [ -63.6444, -29.6641, 0.0 ], [ -63.6534, -29.6656, 0.0 ], [ -63.6698, -29.6656, 0.0 ], [ -63.6967, -29.6678, 0.0 ], [ -63.6974, -29.6581, 0.0 ], [ -63.7168, -29.6559, 0.0 ], [ -63.7392, -29.6492, 0.0 ], [ -63.7557, -29.6432, 0.0 ], [ -63.7646, -29.6432, 0.0 ], [ -63.7639, -29.6402, 0.0 ], [ -63.7646, -29.6335, 0.0 ], [ -63.7826, -29.6589, 0.0 ], [ -63.7811, -29.7037, 0.0 ], [ -63.7617, -29.7067, 0.0 ], [ -63.7947, -29.7975, 0.0 ], [ -63.7116, -29.7978, 0.0 ], [ -63.6982, -29.7903, 0.0 ], [ -63.6907, -29.7844, 0.0 ], [ -63.6847, -29.7829, 0.0 ], [ -63.6802, -29.7814, 0.0 ], [ -63.6802, -29.7709, 0.0 ], [ -63.6765, -29.7605, 0.0 ], [ -63.6735, -29.7537, 0.0 ], [ -63.672, -29.7283, 0.0 ], [ -63.6571, -29.7234, 0.0 ], [ -63.6443, -29.7204, 0.0 ], [ -63.6265, -29.7179, 0.0 ], [ -63.619, -29.722, 0.0 ], [ -63.6018, -29.7246, 0.0 ], [ -63.5876, -29.7239, 0.0 ], [ -63.5742, -29.7246, 0.0 ], [ -63.5727, -29.7485, 0.0 ], [ -63.5742, -29.7791, 0.0 ], [ -63.5802, -29.7881, 0.0 ], [ -63.5877, -29.8053, 0.0 ], [ -63.5906, -29.8209, 0.0 ], [ -63.5963, -29.8498, 0.0 ] ] ] ] } },
{ "type": "Feature", "properties": { "circuito": "00227", "codprov": "04", "coddepto": "015" }, "geometry": { "type": "MultiPolygon", "coordinates": [ [ [ [ -63.7736, -30.1503, 0.0 ], [ -63.6929, -30.1608, 0.0 ], [ -63.6474, -30.1675, 0.0 ], [ -63.6359, -30.0577, 0.0 ], [ -63.6317, -30.0181, 0.0 ], [ -63.7064, -29.9972, 0.0 ], [ -63.8244, -30.0174, 0.0 ], [ -63.8446, -30.0846, 0.0 ], [ -63.8289, -30.0921, 0.0 ], [ -63.7714, -30.1182, 0.0 ], [ -63.7736, -30.1503, 0.0 ] ] ] ] } },
{ "type": "Feature", "properties": { "circuito": "0227D", "codprov": "04", "coddepto": "015" }, "geometry": { "type": "MultiPolygon", "coordinates": [ [ [ [ -63.8416, -30.1406, 0.0 ], [ -63.7736, -30.1503, 0.0 ], [ -63.7714, -30.1182, 0.0 ], [ -63.8428, -30.0854, 0.0 ], [ -63.839, -30.0662, 0.0 ], [ -63.8655, -30.0584, 0.0 ], [ -63.8826, -30.1033, 0.0 ], [ -63.8677, -30.1137, 0.0 ], [ -63.8558, -30.113, 0.0 ], [ -63.8416, -30.1406, 0.0 ] ] ] ] } },
{ "type": "Feature", "properties": { "circuito": "0227B", "codprov": "04", "coddepto": "015" }, "geometry": { "type": "MultiPolygon", "coordinates": [ [ [ [ -63.8826, -30.1033, 0.0 ], [ -63.8742, -30.0813, 0.0 ], [ -63.8655, -30.0584, 0.0 ], [ -63.8703, -30.0577, 0.0 ], [ -63.8729, -30.0584, 0.0 ], [ -63.8793, -30.0566, 0.0 ], [ -63.8834, -30.054, 0.0 ], [ -63.8875, -30.0551, 0.0 ], [ -63.8905, -30.0573, 0.0 ], [ -63.8938, -30.0607, 0.0 ], [ -63.8976, -30.0607, 0.0 ], [ -63.9017, -30.0562, 0.0 ], [ -63.9036, -30.0558, 0.0 ], [ -63.9051, -30.0547, 0.0 ], [ -63.911, -30.0562, 0.0 ], [ -63.9125, -30.057, 0.0 ], [ -63.9159, -30.0558, 0.0 ], [ -63.9219, -30.0551, 0.0 ], [ -63.9245, -30.0547, 0.0 ], [ -63.9286, -30.0528, 0.0 ], [ -63.9394, -30.0525, 0.0 ], [ -63.9428, -30.0532, 0.0 ], [ -63.9427, -30.0744, 0.0 ], [ -63.9426, -30.0918, 0.0 ], [ -63.9387, -30.0924, 0.0 ], [ -63.9342, -30.0932, 0.0 ], [ -63.9325, -30.0975, 0.0 ], [ -63.9299, -30.096, 0.0 ], [ -63.9219, -30.0965, 0.0 ], [ -63.9145, -30.0948, 0.0 ], [ -63.908, -30.0971, 0.0 ], [ -63.9004, -30.0974, 0.0 ], [ -63.8868, -30.1008, 0.0 ], [ -63.8822, -30.1036, 0.0 ], [ -63.8826, -30.1033, 0.0 ] ] ] ] } },
{ "type": "Feature", "properties": { "circuito": "0227C", "codprov": "04", "coddepto": "015" }, "geometry": { "type": "MultiPolygon", "coordinates": [ [ [ [ -63.9394, -30.0525, 0.0 ], [ -63.9286, -30.0528, 0.0 ], [ -63.9245, -30.0547, 0.0 ], [ -63.9159, -30.0558, 0.0 ], [ -63.9125, -30.057, 0.0 ], [ -63.9051, -30.0547, 0.0 ], [ -63.9036, -30.0558, 0.0 ], [ -63.8976, -30.0607, 0.0 ], [ -63.8938, -30.0607, 0.0 ], [ -63.8905, -30.0573, 0.0 ], [ -63.8875, -30.0551, 0.0 ], [ -63.8821, -30.0548, 0.0 ], [ -63.8771, -30.0572, 0.0 ], [ -63.8729, -30.0584, 0.0 ], [ -63.8685, -30.058, 0.0 ], [ -63.8634, -30.0591, 0.0 ], [ -63.8493, -30.0632, 0.0 ], [ -63.8394, -30.0661, 0.0 ], [ -63.8347, -30.0516, 0.0 ], [ -63.8244, -30.0174, 0.0 ], [ -63.7977, -29.9304, 0.0 ], [ -63.7943, -29.9177, 0.0 ], [ -63.8029, -29.9158, 0.0 ], [ -63.8119, -29.9139, 0.0 ], [ -63.8201, -29.9117, 0.0 ], [ -63.8235, -29.9113, 0.0 ], [ -63.8892, -29.8912, 0.0 ], [ -63.894, -29.8945, 0.0 ], [ -63.8963, -29.9076, 0.0 ], [ -63.897, -29.9292, 0.0 ], [ -63.8978, -29.9397, 0.0 ], [ -63.9057, -29.9578, 0.0 ], [ -63.8998, -29.9638, 0.0 ], [ -63.9071, -29.9804, 0.0 ], [ -63.9163, -29.9865, 0.0 ], [ -63.9303, -29.994, 0.0 ], [ -63.9403, -30.011, 0.0 ], [ -63.9394, -30.0525, 0.0 ] ] ] ] } },
{ "type": "Feature", "properties": { "circuito": "00234", "codprov": "04", "coddepto": "016" }, "geometry": { "type": "MultiPolygon", "coordinates": [ [ [ [ -63.7268, -31.5394, 0.0 ], [ -63.7295, -31.5397, 0.0 ], [ -63.7294991, -31.5397094, 0.0 ], [ -63.7268, -31.5394, 0.0 ] ] ], [ [ [ -63.7294991, -31.5397094, 0.0 ], [ -63.8099, -31.5489, 0.0 ], [ -63.8105, -31.5595, 0.0 ], [ -63.8131, -31.5602, 0.0 ], [ -63.8072, -31.5722, 0.0 ], [ -63.8053, -31.5913, 0.0 ], [ -63.8021, -31.6212, 0.0 ], [ -63.7962, -31.7165, 0.0 ], [ -63.7872, -31.7224, 0.0 ], [ -63.766, -31.741, 0.0 ], [ -63.7632, -31.7412, 0.0 ], [ -63.751, -31.7403, 0.0 ], [ -63.7409, -31.7364, 0.0 ], [ -63.7333, -31.7185, 0.0 ], [ -63.7041, -31.6971, 0.0 ], [ -63.684, -31.6808, 0.0 ], [ -63.6672, -31.6802, 0.0 ], [ -63.6639, -31.6854, 0.0 ], [ -63.625, -31.6854, 0.0 ], [ -63.6243, -31.5978, 0.0 ], [ -63.6373, -31.5959, 0.0 ], [ -63.6496, -31.603, 0.0 ], [ -63.6756, -31.603, 0.0 ], [ -63.6866, -31.5926, 0.0 ], [ -63.6938, -31.592, 0.0 ], [ -63.6996, -31.592, 0.0 ], [ -63.7113, -31.5946, 0.0 ], [ -63.7183, -31.5973, 0.0 ], [ -63.7242, -31.5991, 0.0 ], [ -63.7268, -31.5693, 0.0 ], [ -63.7294991, -31.5397094, 0.0 ] ] ] ] } },
{ "type": "Feature", "properties": { "circuito": "00243", "codprov": "04", "coddepto": "016" }, "geometry": { "type": "MultiPolygon", "coordinates": [ [ [ [ -63.8131, -31.5602, 0.0 ], [ -63.8631, -31.5641, 0.0 ], [ -63.9104, -31.5673, 0.0 ], [ -63.9426, -31.5591, 0.0 ], [ -63.9792, -31.5829, 0.0 ], [ -64.0129, -31.6069, 0.0 ], [ -63.9863, -31.6439, 0.0 ], [ -63.998, -31.6529, 0.0 ], [ -63.9857, -31.6517, 0.0 ], [ -63.9811, -31.651, 0.0 ], [ -63.974, -31.6543, 0.0 ], [ -63.9694, -31.6536, 0.0 ], [ -63.9532, -31.6536, 0.0 ], [ -63.9467, -31.6504, 0.0 ], [ -63.9448, -31.6543, 0.0 ], [ -63.9415, -31.6633, 0.0 ], [ -63.9318, -31.6653, 0.0 ], [ -63.9214, -31.6692, 0.0 ], [ -63.9104, -31.6711, 0.0 ], [ -63.9072, -31.6685, 0.0 ], [ -63.9, -31.6627, 0.0 ], [ -63.889, -31.6666, 0.0 ], [ -63.8747, -31.6633, 0.0 ], [ -63.8669, -31.6627, 0.0 ], [ -63.8494, -31.6698, 0.0 ], [ -63.8404, -31.6633, 0.0 ], [ -63.8339, -31.6594, 0.0 ], [ -63.8293, -31.6627, 0.0 ], [ -63.8215, -31.664, 0.0 ], [ -63.8209, -31.6588, 0.0 ], [ -63.817, -31.6555, 0.0 ], [ -63.8125, -31.651, 0.0 ], [ -63.8092, -31.6478, 0.0 ], [ -63.8053, -31.6426, 0.0 ], [ -63.8047, -31.6393, 0.0 ], [ -63.8011, -31.6374, 0.0 ], [ -63.8038, -31.6051, 0.0 ], [ -63.8059, -31.5823, 0.0 ], [ -63.8065, -31.5738, 0.0 ], [ -63.8131, -31.5602, 0.0 ] ] ] ] } },
{ "type": "Feature", "properties": { "circuito": "00231", "codprov": "04", "coddepto": "016" }, "geometry": { "type": "MultiPolygon", "coordinates": [ [ [ [ -63.2321, -31.5675, 0.0 ], [ -63.2259, -31.538, 0.0 ], [ -63.2133, -31.483, 0.0 ], [ -63.2178, -31.4734, 0.0 ], [ -63.2287, -31.4734, 0.0 ], [ -63.2483, -31.4768, 0.0 ], [ -63.2666, -31.4805, 0.0 ], [ -63.2731, -31.4783, 0.0 ], [ -63.277, -31.4873, 0.0 ], [ -63.2924, -31.5013, 0.0 ], [ -63.3221, -31.5032, 0.0 ], [ -63.3521, -31.5021, 0.0 ], [ -63.3587, -31.5052, 0.0 ], [ -63.3634, -31.518, 0.0 ], [ -63.3677, -31.5363, 0.0 ], [ -63.3755, -31.5453, 0.0 ], [ -63.3774, -31.5749, 0.0 ], [ -63.3813, -31.5795, 0.0 ], [ -63.3817, -31.5893, 0.0 ], [ -63.3813, -31.597, 0.0 ], [ -63.3635, -31.5973, 0.0 ], [ -63.3626, -31.5951, 0.0 ], [ -63.3603, -31.5955, 0.0 ], [ -63.3525, -31.5931, 0.0 ], [ -63.3443, -31.59, 0.0 ], [ -63.3369, -31.592, 0.0 ], [ -63.3295, -31.5924, 0.0 ], [ -63.3249, -31.5904, 0.0 ], [ -63.3223, -31.587, 0.0 ], [ -63.3167, -31.5873, 0.0 ], [ -63.3097, -31.5869, 0.0 ], [ -63.3089, -31.5885, 0.0 ], [ -63.3084, -31.5907, 0.0 ], [ -63.3071, -31.5947, 0.0 ], [ -63.3011, -31.5931, 0.0 ], [ -63.2992, -31.5963, 0.0 ], [ -63.2933, -31.6002, 0.0 ], [ -63.2867, -31.5994, 0.0 ], [ -63.2818, -31.6033, 0.0 ], [ -63.2754, -31.6029, 0.0 ], [ -63.2684, -31.6017, 0.0 ], [ -63.2649, -31.5996, 0.0 ], [ -63.2614, -31.597, 0.0 ], [ -63.2602, -31.5925, 0.0 ], [ -63.2579, -31.592, 0.0 ], [ -63.2544, -31.5928, 0.0 ], [ -63.2513, -31.5916, 0.0 ], [ -63.249, -31.5861, 0.0 ], [ -63.247, -31.5826, 0.0 ], [ -63.2392, -31.5834, 0.0 ], [ -63.235, -31.5803, 0.0 ], [ -63.2385, -31.5749, 0.0 ], [ -63.2357, -31.5697, 0.0 ], [ -63.2321, -31.5675, 0.0 ] ] ] ] } },
{ "type": "Feature", "properties": { "circuito": "00237", "codprov": "04", "coddepto": "016" }, "geometry": { "type": "MultiPolygon", "coordinates": [ [ [ [ -63.3642, -31.5982, 0.0 ], [ -63.3492, -31.5974, 0.0 ], [ -63.3558, -31.6142, 0.0 ], [ -63.357, -31.6297, 0.0 ], [ -63.3624, -31.641, 0.0 ], [ -63.3636, -31.657, 0.0 ], [ -63.364, -31.6624, 0.0 ], [ -63.3671, -31.6745, 0.0 ], [ -63.3527, -31.6764, 0.0 ], [ -63.3422, -31.6803, 0.0 ], [ -63.3328, -31.6819, 0.0 ], [ -63.3282, -31.6799, 0.0 ], [ -63.327, -31.6694, 0.0 ], [ -63.3239, -31.6675, 0.0 ], [ -63.3134, -31.6663, 0.0 ], [ -63.3068, -31.6651, 0.0 ], [ -63.2951, -31.6648, 0.0 ], [ -63.2877, -31.669, 0.0 ], [ -63.2846, -31.6877, 0.0 ], [ -63.269, -31.6943, 0.0 ], [ -63.2511, -31.699, 0.0 ], [ -63.2211, -31.7021, 0.0 ], [ -63.2189, -31.6814, 0.0 ], [ -63.2168, -31.6597, 0.0 ], [ -63.2091, -31.6496, 0.0 ], [ -63.1973, -31.6396, 0.0 ], [ -63.1895, -31.636, 0.0 ], [ -63.1816, -31.6325, 0.0 ], [ -63.1772, -31.604, 0.0 ], [ -63.1935, -31.5955, 0.0 ], [ -63.1939, -31.5772, 0.0 ], [ -63.2149, -31.5729, 0.0 ], [ -63.2134, -31.5589, 0.0 ], [ -63.2326, -31.5678, 0.0 ], [ -63.2354, -31.5693, 0.0 ], [ -63.2385, -31.5749, 0.0 ], [ -63.235, -31.5803, 0.0 ], [ -63.2392, -31.5834, 0.0 ], [ -63.247, -31.5826, 0.0 ], [ -63.2513, -31.5916, 0.0 ], [ -63.2555, -31.5925, 0.0 ], [ -63.257, -31.5922, 0.0 ], [ -63.2599, -31.5924, 0.0 ], [ -63.2614, -31.597, 0.0 ], [ -63.2674, -31.6014, 0.0 ], [ -63.2754, -31.6029, 0.0 ], [ -63.2818, -31.6033, 0.0 ], [ -63.2867, -31.5994, 0.0 ], [ -63.2933, -31.6002, 0.0 ], [ -63.2992, -31.5963, 0.0 ], [ -63.3011, -31.5931, 0.0 ], [ -63.3071, -31.5947, 0.0 ], [ -63.308, -31.5921, 0.0 ], [ -63.3097, -31.5869, 0.0 ], [ -63.3167, -31.5873, 0.0 ], [ -63.3222, -31.5869, 0.0 ], [ -63.3249, -31.5904, 0.0 ], [ -63.3295, -31.5924, 0.0 ], [ -63.3391, -31.5914, 0.0 ], [ -63.3443, -31.59, 0.0 ], [ -63.3603, -31.5955, 0.0 ], [ -63.3626, -31.5951, 0.0 ], [ -63.3642, -31.5982, 0.0 ] ] ] ] } },
{ "type": "Feature", "properties": { "circuito": "0244A", "codprov": "04", "coddepto": "016" }, "geometry": { "type": "MultiPolygon", "coordinates": [ [ [ [ -63.4044, -31.4242, 0.0 ], [ -63.4044, -31.4974, 0.0 ], [ -63.403, -31.5292, 0.0 ], [ -63.3869, -31.5257, 0.0 ], [ -63.3649, -31.5093, 0.0 ], [ -63.3521, -31.5021, 0.0 ], [ -63.3165, -31.5032, 0.0 ], [ -63.2924, -31.5013, 0.0 ], [ -63.2834, -31.4931, 0.0 ], [ -63.277, -31.4873, 0.0 ], [ -63.2731, -31.4783, 0.0 ], [ -63.2745, -31.4305, 0.0 ], [ -63.2752, -31.3721, 0.0 ], [ -63.2777, -31.3283, 0.0 ], [ -63.3788, -31.3059, 0.0 ], [ -63.3772, -31.369, 0.0 ], [ -63.377, -31.3826, 0.0 ], [ -63.3772, -31.4001, 0.0 ], [ -63.3772, -31.4203, 0.0 ], [ -63.3889, -31.4235, 0.0 ], [ -63.4044, -31.4242, 0.0 ] ] ] ] } },
{ "type": "Feature", "properties": { "circuito": "0242A", "codprov": "04", "coddepto": "016" }, "geometry": { "type": "MultiPolygon", "coordinates": [ [ [ [ -63.5747, -31.455, 0.0 ], [ -63.5952, -31.4663, 0.0 ], [ -63.6294, -31.4787, 0.0 ], [ -63.6372, -31.4772, 0.0 ], [ -63.6426, -31.4709, 0.0 ], [ -63.652, -31.4702, 0.0 ], [ -63.6574, -31.4727, 0.0 ], [ -63.6642, -31.4757, 0.0 ], [ -63.6714, -31.4795, 0.0 ], [ -63.6847, -31.4865, 0.0 ], [ -63.6901, -31.4896, 0.0 ], [ -63.6917, -31.5044, 0.0 ], [ -63.6909, -31.5091, 0.0 ], [ -63.6932, -31.5355, 0.0 ], [ -63.7295, -31.5397, 0.0 ], [ -63.7257, -31.5828, 0.0 ], [ -63.7242, -31.5991, 0.0 ], [ -63.714, -31.596, 0.0 ], [ -63.6996, -31.592, 0.0 ], [ -63.6914, -31.5922, 0.0 ], [ -63.6866, -31.5926, 0.0 ], [ -63.6756, -31.603, 0.0 ], [ -63.6496, -31.603, 0.0 ], [ -63.6373, -31.5959, 0.0 ], [ -63.6349, -31.5854, 0.0 ], [ -63.631, -31.5838, 0.0 ], [ -63.6271, -31.5869, 0.0 ], [ -63.6232, -31.59, 0.0 ], [ -63.6138, -31.5893, 0.0 ], [ -63.6099, -31.5815, 0.0 ], [ -63.6061, -31.5776, 0.0 ], [ -63.5998, -31.5768, 0.0 ], [ -63.592, -31.5752, 0.0 ], [ -63.5928, -31.5706, 0.0 ], [ -63.573, -31.5573, 0.0 ], [ -63.5608, -31.556, 0.0 ], [ -63.5562, -31.5542, 0.0 ], [ -63.5539, -31.548, 0.0 ], [ -63.55, -31.5402, 0.0 ], [ -63.5435, -31.5402, 0.0 ], [ -63.5366, -31.5409, 0.0 ], [ -63.537, -31.511, 0.0 ], [ -63.5502, -31.4939, 0.0 ], [ -63.5646, -31.4748, 0.0 ], [ -63.5747, -31.455, 0.0 ] ] ] ] } },
{ "type": "Feature", "properties": { "circuito": "00233", "codprov": "04", "coddepto": "016" }, "geometry": { "type": "MultiPolygon", "coordinates": [ [ [ [ -63.4342, -31.8827, 0.0 ], [ -63.4342, -31.9006, 0.0 ], [ -63.4311, -31.9022, 0.0 ], [ -63.4327, -31.9349, 0.0 ], [ -63.442, -31.9356, 0.0 ], [ -63.4443, -31.9894, 0.0 ], [ -63.4366, -31.9917, 0.0 ], [ -63.4381, -31.9855, 0.0 ], [ -63.3953, -31.9808, 0.0 ], [ -63.3377, -31.9715, 0.0 ], [ -63.3346, -31.9465, 0.0 ], [ -63.3354, -31.8625, 0.0 ], [ -63.3393, -31.8539, 0.0 ], [ -63.3385, -31.836, 0.0 ], [ -63.3439, -31.8422, 0.0 ], [ -63.354, -31.8477, 0.0 ], [ -63.3572, -31.8578, 0.0 ], [ -63.3673, -31.864, 0.0 ], [ -63.3688, -31.8687, 0.0 ], [ -63.3828, -31.8718, 0.0 ], [ -63.3906, -31.8687, 0.0 ], [ -63.3976, -31.8679, 0.0 ], [ -63.4163, -31.8703, 0.0 ], [ -63.4342, -31.8827, 0.0 ] ] ] ] } },
{ "type": "Feature", "properties": { "circuito": "00240", "codprov": "04", "coddepto": "016" }, "geometry": { "type": "MultiPolygon", "coordinates": [ [ [ [ -63.7962, -31.7165, 0.0 ], [ -63.7977, -31.6919, 0.0 ], [ -63.7997, -31.6597, 0.0 ], [ -63.8011, -31.6374, 0.0 ], [ -63.8049, -31.6375, 0.0 ], [ -63.8053, -31.6426, 0.0 ], [ -63.8092, -31.6478, 0.0 ], [ -63.8144, -31.6529, 0.0 ], [ -63.8209, -31.6588, 0.0 ], [ -63.8215, -31.664, 0.0 ], [ -63.8293, -31.6627, 0.0 ], [ -63.8321, -31.6607, 0.0 ], [ -63.8352, -31.6602, 0.0 ], [ -63.8494, -31.6698, 0.0 ], [ -63.8601, -31.6655, 0.0 ], [ -63.8669, -31.6627, 0.0 ], [ -63.877, -31.6638, 0.0 ], [ -63.8872, -31.6662, 0.0 ], [ -63.9, -31.6627, 0.0 ], [ -63.9072, -31.6685, 0.0 ], [ -63.9104, -31.6711, 0.0 ], [ -63.92, -31.6694, 0.0 ], [ -63.9275, -31.6669, 0.0 ], [ -63.9415, -31.6633, 0.0 ], [ -63.9467, -31.6504, 0.0 ], [ -63.9532, -31.6536, 0.0 ], [ -63.9653, -31.6536, 0.0 ], [ -63.974, -31.6543, 0.0 ], [ -63.9811, -31.651, 0.0 ], [ -63.997, -31.6533, 0.0 ], [ -64.0095, -31.6564, 0.0 ], [ -64.0135, -31.6659, 0.0 ], [ -64.0181, -31.6692, 0.0 ], [ -64.023, -31.6789, 0.0 ], [ -64.0316, -31.6827, 0.0 ], [ -64.0322, -31.7333, 0.0 ], [ -64.0326, -31.7656, 0.0 ], [ -64.0159, -31.7546, 0.0 ], [ -64.003, -31.7458, 0.0 ], [ -63.9812, -31.743, 0.0 ], [ -63.9584, -31.7404, 0.0 ], [ -63.9544, -31.743, 0.0 ], [ -63.9462, -31.7496, 0.0 ], [ -63.9454, -31.7551, 0.0 ], [ -63.8964, -31.7706, 0.0 ], [ -63.889, -31.7718, 0.0 ], [ -63.8572, -31.7522, 0.0 ], [ -63.7962, -31.7165, 0.0 ] ] ] ] } },
{ "type": "Feature", "properties": { "circuito": "00235", "codprov": "04", "coddepto": "016" }, "geometry": { "type": "MultiPolygon", "coordinates": [ [ [ [ -63.9459, -31.7969, 0.0 ], [ -63.9458, -31.838, 0.0 ], [ -63.946, -31.8715, 0.0 ], [ -63.9174, -31.8718, 0.0 ], [ -63.9182, -31.9006, 0.0 ], [ -63.919, -31.9949, 0.0 ], [ -63.8606, -31.9948, 0.0 ], [ -63.8018, -31.9952, 0.0 ], [ -63.8018, -31.9699, 0.0 ], [ -63.802, -31.9436, 0.0 ], [ -63.7991, -31.9415, 0.0 ], [ -63.8014, -31.9415, 0.0 ], [ -63.801, -31.8936, 0.0 ], [ -63.8073, -31.8932, 0.0 ], [ -63.8057, -31.852, 0.0 ], [ -63.8135, -31.8426, 0.0 ], [ -63.768, -31.8138, 0.0 ], [ -63.7473, -31.801, 0.0 ], [ -63.7271, -31.7866, 0.0 ], [ -63.7575, -31.75, 0.0 ], [ -63.768, -31.7391, 0.0 ], [ -63.7872, -31.7224, 0.0 ], [ -63.7962, -31.7165, 0.0 ], [ -63.8353, -31.7387, 0.0 ], [ -63.889, -31.7718, 0.0 ], [ -63.9256, -31.7613, 0.0 ], [ -63.9457, -31.7533, 0.0 ], [ -63.945, -31.801, 0.0 ], [ -63.9459, -31.7969, 0.0 ] ] ] ] } },
{ "type": "Feature", "properties": { "circuito": "0237A", "codprov": "04", "coddepto": "016" }, "geometry": { "type": "MultiPolygon", "coordinates": [ [ [ [ -63.6995, -31.8193, 0.0 ], [ -63.7271, -31.7866, 0.0 ], [ -63.7473, -31.801, 0.0 ], [ -63.768, -31.8138, 0.0 ], [ -63.7933, -31.8299, 0.0 ], [ -63.8135, -31.8426, 0.0 ], [ -63.8057, -31.852, 0.0 ], [ -63.8073, -31.8932, 0.0 ], [ -63.801, -31.8936, 0.0 ], [ -63.8011, -31.9037, 0.0 ], [ -63.7769, -31.9041, 0.0 ], [ -63.7641, -31.8979, 0.0 ], [ -63.7415, -31.8847, 0.0 ], [ -63.7189, -31.8706, 0.0 ], [ -63.6975, -31.8562, 0.0 ], [ -63.6874, -31.8496, 0.0 ], [ -63.6761, -31.8426, 0.0 ], [ -63.6995, -31.8193, 0.0 ] ] ] ] } },
{ "type": "Feature", "properties": { "circuito": "00239", "codprov": "04", "coddepto": "016" }, "geometry": { "type": "MultiPolygon", "coordinates": [ [ [ [ -63.7769, -31.9041, 0.0 ], [ -63.8011, -31.903, 0.0 ], [ -63.802, -31.9436, 0.0 ], [ -63.8018, -31.9952, 0.0 ], [ -63.6987, -31.9956, 0.0 ], [ -63.6971, -32.0384, 0.0 ], [ -63.6755, -32.0386, 0.0 ], [ -63.6762, -32.0001, 0.0 ], [ -63.6582, -32.0197, 0.0 ], [ -63.6131, -31.9917, 0.0 ], [ -63.5797, -31.9722, 0.0 ], [ -63.5663, -31.9874, 0.0 ], [ -63.5508, -31.9878, 0.0 ], [ -63.5687, -31.9668, 0.0 ], [ -63.5874, -31.945, 0.0 ], [ -63.6341, -31.8905, 0.0 ], [ -63.6761, -31.8426, 0.0 ], [ -63.7769, -31.9041, 0.0 ] ] ] ] } },
{ "type": "Feature", "properties": { "circuito": "0237B", "codprov": "04", "coddepto": "016" }, "geometry": { "type": "MultiPolygon", "coordinates": [ [ [ [ -63.6348, -31.8896, 0.0 ], [ -63.6273, -31.8839, 0.0 ], [ -63.6269, -31.8173, 0.0 ], [ -63.6257, -31.7547, 0.0 ], [ -63.6245, -31.7457, 0.0 ], [ -63.6265, -31.7325, 0.0 ], [ -63.6253, -31.7298, 0.0 ], [ -63.6261, -31.699, 0.0 ], [ -63.625, -31.6834, 0.0 ], [ -63.6639, -31.6854, 0.0 ], [ -63.6672, -31.6802, 0.0 ], [ -63.684, -31.6808, 0.0 ], [ -63.7333, -31.7185, 0.0 ], [ -63.7363, -31.7236, 0.0 ], [ -63.7374, -31.7298, 0.0 ], [ -63.7409, -31.7364, 0.0 ], [ -63.751, -31.7403, 0.0 ], [ -63.7662, -31.741, 0.0 ], [ -63.7434, -31.767, 0.0 ], [ -63.7328, -31.7797, 0.0 ], [ -63.7023, -31.8159, 0.0 ], [ -63.666, -31.8541, 0.0 ], [ -63.6341, -31.8905, 0.0 ], [ -63.6348, -31.8896, 0.0 ] ] ] ] } },
{ "type": "Feature", "properties": { "circuito": "00238", "codprov": "04", "coddepto": "016" }, "geometry": { "type": "MultiPolygon", "coordinates": [ [ [ [ -63.528, -31.6562, 0.0 ], [ -63.5377, -31.6574, 0.0 ], [ -63.5428, -31.6624, 0.0 ], [ -63.5813, -31.6714, 0.0 ], [ -63.5864, -31.685, 0.0 ], [ -63.625, -31.6854, 0.0 ], [ -63.6259, -31.7056, 0.0 ], [ -63.6253, -31.7298, 0.0 ], [ -63.6265, -31.7325, 0.0 ], [ -63.6247, -31.7467, 0.0 ], [ -63.6257, -31.7547, 0.0 ], [ -63.5922, -31.7551, 0.0 ], [ -63.5557, -31.7562, 0.0 ], [ -63.5541, -31.7621, 0.0 ], [ -63.5479, -31.766, 0.0 ], [ -63.5339, -31.7648, 0.0 ], [ -63.5307, -31.7613, 0.0 ], [ -63.5113, -31.7613, 0.0 ], [ -63.5093, -31.7862, 0.0 ], [ -63.5027, -31.794, 0.0 ], [ -63.493, -31.7994, 0.0 ], [ -63.4634, -31.8018, 0.0 ], [ -63.4463, -31.8025, 0.0 ], [ -63.444, -31.8041, 0.0 ], [ -63.4229, -31.8049, 0.0 ], [ -63.4116, -31.748, 0.0 ], [ -63.4144, -31.7025, 0.0 ], [ -63.427, -31.7009, 0.0 ], [ -63.4276, -31.6924, 0.0 ], [ -63.4225, -31.6803, 0.0 ], [ -63.4214, -31.6679, 0.0 ], [ -63.4303, -31.6651, 0.0 ], [ -63.4354, -31.6613, 0.0 ], [ -63.4506, -31.6632, 0.0 ], [ -63.4548, -31.6722, 0.0 ], [ -63.5245, -31.6718, 0.0 ], [ -63.528, -31.6562, 0.0 ] ] ] ] } },
{ "type": "Feature", "properties": { "circuito": "00236", "codprov": "04", "coddepto": "016" }, "geometry": { "type": "MultiPolygon", "coordinates": [ [ [ [ -63.4229, -31.8049, 0.0 ], [ -63.444, -31.8041, 0.0 ], [ -63.4463, -31.8025, 0.0 ], [ -63.493, -31.7994, 0.0 ], [ -63.5093, -31.7862, 0.0 ], [ -63.5113, -31.7613, 0.0 ], [ -63.5327, -31.7609, 0.0 ], [ -63.5339, -31.7648, 0.0 ], [ -63.5479, -31.766, 0.0 ], [ -63.5541, -31.7621, 0.0 ], [ -63.5557, -31.7562, 0.0 ], [ -63.6257, -31.7547, 0.0 ], [ -63.6264, -31.7939, 0.0 ], [ -63.627, -31.8434, 0.0 ], [ -63.6273, -31.8839, 0.0 ], [ -63.6353, -31.8891, 0.0 ], [ -63.6265, -31.8901, 0.0 ], [ -63.5992, -31.8893, 0.0 ], [ -63.5782, -31.8889, 0.0 ], [ -63.5689, -31.8889, 0.0 ], [ -63.5685, -31.8909, 0.0 ], [ -63.5557, -31.8905, 0.0 ], [ -63.5557, -31.8886, 0.0 ], [ -63.544, -31.8878, 0.0 ], [ -63.5413, -31.8866, 0.0 ], [ -63.5136, -31.887, 0.0 ], [ -63.4864, -31.8874, 0.0 ], [ -63.4743, -31.8886, 0.0 ], [ -63.4728, -31.8827, 0.0 ], [ -63.4463, -31.8827, 0.0 ], [ -63.4342, -31.8827, 0.0 ], [ -63.4292, -31.8625, 0.0 ], [ -63.4229, -31.8049, 0.0 ] ] ] ] } },
{ "type": "Feature", "properties": { "circuito": "0236A", "codprov": "04", "coddepto": "016" }, "geometry": { "type": "MultiPolygon", "coordinates": [ [ [ [ -63.4342, -31.8827, 0.0 ], [ -63.4463, -31.8827, 0.0 ], [ -63.4728, -31.8827, 0.0 ], [ -63.4724, -31.8886, 0.0 ], [ -63.4868, -31.8889, 0.0 ], [ -63.4879, -31.8874, 0.0 ], [ -63.5413, -31.8866, 0.0 ], [ -63.542, -31.8889, 0.0 ], [ -63.5557, -31.8886, 0.0 ], [ -63.5557, -31.8905, 0.0 ], [ -63.5685, -31.8909, 0.0 ], [ -63.5689, -31.8889, 0.0 ], [ -63.5988, -31.8893, 0.0 ], [ -63.6004, -31.8894, 0.0 ], [ -63.6341, -31.8905, 0.0 ], [ -63.6042, -31.9254, 0.0 ], [ -63.58, -31.9536, 0.0 ], [ -63.5508, -31.9878, 0.0 ], [ -63.5078, -31.9882, 0.0 ], [ -63.4443, -31.9894, 0.0 ], [ -63.443, -31.9578, 0.0 ], [ -63.442, -31.9356, 0.0 ], [ -63.4327, -31.9349, 0.0 ], [ -63.4323, -31.8998, 0.0 ], [ -63.4342, -31.9006, 0.0 ], [ -63.4342, -31.8827, 0.0 ] ] ] ] } },
{ "type": "Feature", "properties": { "circuito": "00242", "codprov": "04", "coddepto": "016" }, "geometry": { "type": "MultiPolygon", "coordinates": [ [ [ [ -63.637, -31.5944, 0.0 ], [ -63.6373, -31.5959, 0.0 ], [ -63.6243, -31.5978, 0.0 ], [ -63.625, -31.6854, 0.0 ], [ -63.5864, -31.685, 0.0 ], [ -63.5813, -31.6714, 0.0 ], [ -63.5715, -31.6691, 0.0 ], [ -63.5718, -31.6574, 0.0 ], [ -63.5702, -31.6535, 0.0 ], [ -63.5737, -31.6535, 0.0 ], [ -63.5741, -31.6445, 0.0 ], [ -63.5839, -31.6434, 0.0 ], [ -63.5854, -31.6367, 0.0 ], [ -63.5854, -31.6317, 0.0 ], [ -63.5854, -31.6134, 0.0 ], [ -63.5854, -31.6114, 0.0 ], [ -63.5823, -31.6103, 0.0 ], [ -63.5827, -31.5785, 0.0 ], [ -63.5829, -31.5639, 0.0 ], [ -63.5928, -31.5706, 0.0 ], [ -63.592, -31.5752, 0.0 ], [ -63.6061, -31.5776, 0.0 ], [ -63.6099, -31.5815, 0.0 ], [ -63.6138, -31.5893, 0.0 ], [ -63.6232, -31.59, 0.0 ], [ -63.631, -31.5838, 0.0 ], [ -63.6349, -31.5854, 0.0 ], [ -63.637, -31.5944, 0.0 ] ] ] ] } },
{ "type": "Feature", "properties": { "circuito": "00245", "codprov": "04", "coddepto": "016" }, "geometry": { "type": "MultiPolygon", "coordinates": [ [ [ [ -63.5829, -31.5641, 0.0 ], [ -63.5823, -31.6103, 0.0 ], [ -63.5839, -31.6107, 0.0 ], [ -63.5854, -31.6114, 0.0 ], [ -63.5854, -31.6204, 0.0 ], [ -63.5854, -31.6367, 0.0 ], [ -63.5839, -31.6434, 0.0 ], [ -63.5741, -31.6445, 0.0 ], [ -63.5737, -31.6535, 0.0 ], [ -63.5702, -31.6535, 0.0 ], [ -63.5718, -31.6589, 0.0 ], [ -63.5715, -31.6686, 0.0 ], [ -63.5542, -31.6651, 0.0 ], [ -63.5428, -31.6624, 0.0 ], [ -63.5377, -31.6574, 0.0 ], [ -63.528, -31.6562, 0.0 ], [ -63.5245, -31.6718, 0.0 ], [ -63.4548, -31.6722, 0.0 ], [ -63.4506, -31.6632, 0.0 ], [ -63.4354, -31.6613, 0.0 ], [ -63.4303, -31.6651, 0.0 ], [ -63.4214, -31.6679, 0.0 ], [ -63.4236, -31.6829, 0.0 ], [ -63.4276, -31.6924, 0.0 ], [ -63.427, -31.7006, 0.0 ], [ -63.4144, -31.7025, 0.0 ], [ -63.4044, -31.6916, 0.0 ], [ -63.3873, -31.6916, 0.0 ], [ -63.3867, -31.6793, 0.0 ], [ -63.3811, -31.6745, 0.0 ], [ -63.3671, -31.6745, 0.0 ], [ -63.3639, -31.6617, 0.0 ], [ -63.3636, -31.657, 0.0 ], [ -63.3624, -31.641, 0.0 ], [ -63.357, -31.6297, 0.0 ], [ -63.3558, -31.6142, 0.0 ], [ -63.3492, -31.5974, 0.0 ], [ -63.3813, -31.597, 0.0 ], [ -63.3815, -31.5936, 0.0 ], [ -63.3813, -31.5795, 0.0 ], [ -63.3774, -31.5749, 0.0 ], [ -63.3755, -31.5453, 0.0 ], [ -63.3677, -31.5363, 0.0 ], [ -63.3587, -31.5052, 0.0 ], [ -63.3706, -31.5131, 0.0 ], [ -63.3872, -31.5259, 0.0 ], [ -63.403, -31.5293, 0.0 ], [ -63.404, -31.5072, 0.0 ], [ -63.4087, -31.511, 0.0 ], [ -63.4161, -31.513, 0.0 ], [ -63.4266, -31.5118, 0.0 ], [ -63.4406, -31.513, 0.0 ], [ -63.4461, -31.5173, 0.0 ], [ -63.4523, -31.5208, 0.0 ], [ -63.4574, -31.5219, 0.0 ], [ -63.4628, -31.5211, 0.0 ], [ -63.4656, -31.5192, 0.0 ], [ -63.4722, -31.518, 0.0 ], [ -63.4768, -31.518, 0.0 ], [ -63.4823, -31.518, 0.0 ], [ -63.4916, -31.5204, 0.0 ], [ -63.4959, -31.5231, 0.0 ], [ -63.5025, -31.5266, 0.0 ], [ -63.5064, -31.5282, 0.0 ], [ -63.5142, -31.5317, 0.0 ], [ -63.5204, -31.5328, 0.0 ], [ -63.5247, -31.5348, 0.0 ], [ -63.529, -31.5375, 0.0 ], [ -63.5319, -31.5392, 0.0 ], [ -63.5366, -31.5409, 0.0 ], [ -63.55, -31.5402, 0.0 ], [ -63.5531, -31.5464, 0.0 ], [ -63.5562, -31.5542, 0.0 ], [ -63.5603, -31.556, 0.0 ], [ -63.5731, -31.5574, 0.0 ], [ -63.5829, -31.5641, 0.0 ] ] ] ] } },
{ "type": "Feature", "properties": { "circuito": "00230", "codprov": "04", "coddepto": "016" }, "geometry": { "type": "MultiPolygon", "coordinates": [ [ [ [ -63.064, -31.6861, 0.0 ], [ -63.0642, -31.6729, 0.0 ], [ -63.1347, -31.6716, 0.0 ], [ -63.1379, -31.6428, 0.0 ], [ -63.1726, -31.6412, 0.0 ], [ -63.1726, -31.6325, 0.0 ], [ -63.1816, -31.6325, 0.0 ], [ -63.1964, -31.639, 0.0 ], [ -63.2091, -31.6496, 0.0 ], [ -63.2165, -31.6593, 0.0 ], [ -63.2211, -31.7021, 0.0 ], [ -63.2492, -31.6992, 0.0 ], [ -63.269, -31.6943, 0.0 ], [ -63.269, -31.7162, 0.0 ], [ -63.269, -31.7496, 0.0 ], [ -63.2745, -31.7504, 0.0 ], [ -63.2744, -31.7801, 0.0 ], [ -63.2743, -31.8189, 0.0 ], [ -63.2672, -31.8122, 0.0 ], [ -63.262, -31.8127, 0.0 ], [ -63.2567, -31.8126, 0.0 ], [ -63.2441, -31.8088, 0.0 ], [ -63.234, -31.8095, 0.0 ], [ -63.2231, -31.808, 0.0 ], [ -63.2145, -31.8049, 0.0 ], [ -63.2067, -31.8018, 0.0 ], [ -63.2028, -31.8002, 0.0 ], [ -63.1929, -31.7921, 0.0 ], [ -63.1857, -31.7862, 0.0 ], [ -63.1754, -31.785, 0.0 ], [ -63.1685, -31.7842, 0.0 ], [ -63.1629, -31.777, 0.0 ], [ -63.1585, -31.7714, 0.0 ], [ -63.152, -31.763, 0.0 ], [ -63.1437, -31.7582, 0.0 ], [ -63.1336, -31.7527, 0.0 ], [ -63.1182, -31.745, 0.0 ], [ -63.1087, -31.7403, 0.0 ], [ -63.1021, -31.7347, 0.0 ], [ -63.0923, -31.7263, 0.0 ], [ -63.0869, -31.7239, 0.0 ], [ -63.0791, -31.7192, 0.0 ], [ -63.0775, -31.713, 0.0 ], [ -63.0503, -31.7138, 0.0 ], [ -63.0503, -31.7099, 0.0 ], [ -63.0637, -31.7108, 0.0 ], [ -63.064, -31.6861, 0.0 ] ] ] ] } },
{ "type": "Feature", "properties": { "circuito": "0230A", "codprov": "04", "coddepto": "016" }, "geometry": { "type": "MultiPolygon", "coordinates": [ [ [ [ -63.269, -31.6943, 0.0 ], [ -63.2846, -31.6877, 0.0 ], [ -63.2877, -31.669, 0.0 ], [ -63.2951, -31.6648, 0.0 ], [ -63.3068, -31.6651, 0.0 ], [ -63.3134, -31.6663, 0.0 ], [ -63.3239, -31.6675, 0.0 ], [ -63.327, -31.6694, 0.0 ], [ -63.3282, -31.6799, 0.0 ], [ -63.3328, -31.6819, 0.0 ], [ -63.3422, -31.6803, 0.0 ], [ -63.3527, -31.6764, 0.0 ], [ -63.3671, -31.6745, 0.0 ], [ -63.3811, -31.6745, 0.0 ], [ -63.3867, -31.6795, 0.0 ], [ -63.3873, -31.6916, 0.0 ], [ -63.4044, -31.6916, 0.0 ], [ -63.4144, -31.7025, 0.0 ], [ -63.4116, -31.748, 0.0 ], [ -63.4201, -31.7908, 0.0 ], [ -63.425, -31.8242, 0.0 ], [ -63.4288, -31.8595, 0.0 ], [ -63.4342, -31.8827, 0.0 ], [ -63.4192, -31.8723, 0.0 ], [ -63.4053, -31.8689, 0.0 ], [ -63.3906, -31.8687, 0.0 ], [ -63.3828, -31.8718, 0.0 ], [ -63.3713, -31.8693, 0.0 ], [ -63.3627, -31.8612, 0.0 ], [ -63.3572, -31.8578, 0.0 ], [ -63.354, -31.8477, 0.0 ], [ -63.3439, -31.8422, 0.0 ], [ -63.3385, -31.836, 0.0 ], [ -63.3396, -31.8617, 0.0 ], [ -63.3351, -31.9485, 0.0 ], [ -63.2883, -31.942, 0.0 ], [ -63.2405, -31.9346, 0.0 ], [ -63.24, -31.9014, 0.0 ], [ -63.24, -31.8765, 0.0 ], [ -63.2416, -31.8453, 0.0 ], [ -63.2385, -31.8092, 0.0 ], [ -63.2441, -31.8088, 0.0 ], [ -63.2564, -31.8127, 0.0 ], [ -63.2678, -31.8121, 0.0 ], [ -63.2743, -31.8189, 0.0 ], [ -63.2745, -31.7504, 0.0 ], [ -63.269, -31.7496, 0.0 ], [ -63.269, -31.6943, 0.0 ] ] ] ] } },
{ "type": "Feature", "properties": { "circuito": "00232", "codprov": "04", "coddepto": "016" }, "geometry": { "type": "MultiPolygon", "coordinates": [ [ [ [ -62.9917, -31.8523, 0.0 ], [ -62.9917, -31.8168, 0.0 ], [ -63.0173, -31.8173, 0.0 ], [ -63.0186, -31.7743, 0.0 ], [ -63.0257, -31.7711, 0.0 ], [ -63.026, -31.7457, 0.0 ], [ -63.0477, -31.7442, 0.0 ], [ -63.0503, -31.7138, 0.0 ], [ -63.0775, -31.713, 0.0 ], [ -63.0791, -31.7192, 0.0 ], [ -63.0923, -31.7263, 0.0 ], [ -63.1087, -31.7403, 0.0 ], [ -63.1336, -31.7527, 0.0 ], [ -63.1477, -31.76, 0.0 ], [ -63.1525, -31.7637, 0.0 ], [ -63.1685, -31.7842, 0.0 ], [ -63.1853, -31.7862, 0.0 ], [ -63.2039, -31.8006, 0.0 ], [ -63.2231, -31.808, 0.0 ], [ -63.234, -31.8095, 0.0 ], [ -63.2399, -31.8091, 0.0 ], [ -63.241, -31.8561, 0.0 ], [ -63.2402, -31.91, 0.0 ], [ -63.2408, -31.9356, 0.0 ], [ -63.2369, -31.9341, 0.0 ], [ -63.2353, -31.9574, 0.0 ], [ -63.2291, -31.9691, 0.0 ], [ -63.2268, -31.9971, 0.0 ], [ -63.2097, -31.9971, 0.0 ], [ -63.1886, -31.9839, 0.0 ], [ -63.1738, -31.9683, 0.0 ], [ -63.1648, -31.9554, 0.0 ], [ -63.1589, -31.9479, 0.0 ], [ -63.1453, -31.9463, 0.0 ], [ -63.1295, -31.9445, 0.0 ], [ -63.1061, -31.9489, 0.0 ], [ -63.1025, -31.9457, 0.0 ], [ -63.0812, -31.945, 0.0 ], [ -63.0221, -31.945, 0.0 ], [ -63.0127, -31.917, 0.0 ], [ -63.001, -31.871, 0.0 ], [ -62.9956, -31.8492, 0.0 ], [ -62.9917, -31.8523, 0.0 ] ] ] ] } },
{ "type": "Feature", "properties": { "circuito": "00241", "codprov": "04", "coddepto": "016" }, "geometry": { "type": "MultiPolygon", "coordinates": [ [ [ [ -62.9917, -31.8523, 0.0 ], [ -62.9956, -31.8492, 0.0 ], [ -63.012, -31.914, 0.0 ], [ -63.0221, -31.945, 0.0 ], [ -63.0812, -31.945, 0.0 ], [ -63.1007, -31.9457, 0.0 ], [ -63.1061, -31.9489, 0.0 ], [ -63.1201, -31.9979, 0.0 ], [ -63.0673, -32.0095, 0.0 ], [ -63.0189, -32.0205, 0.0 ], [ -63.0174, -32.0431, 0.0 ], [ -62.9582, -32.0431, 0.0 ], [ -62.966, -32.0579, 0.0 ], [ -62.9364, -32.0571, 0.0 ], [ -62.889, -32.0649, 0.0 ], [ -62.8531, -32.0726, 0.0 ], [ -62.8485, -32.0532, 0.0 ], [ -62.8602, -32.0485, 0.0 ], [ -62.8703, -32.0407, 0.0 ], [ -62.8819, -32.0275, 0.0 ], [ -62.9054, -32.0261, 0.0 ], [ -62.9097, -31.9765, 0.0 ], [ -62.9178, -31.9733, 0.0 ], [ -62.9295, -31.9552, 0.0 ], [ -62.9402, -31.9424, 0.0 ], [ -62.951, -31.935, 0.0 ], [ -62.9612, -31.9305, 0.0 ], [ -62.9618, -31.8865, 0.0 ], [ -62.9612, -31.8859, 0.0 ], [ -62.9752, -31.881, 0.0 ], [ -62.9777, -31.8578, 0.0 ], [ -62.9917, -31.8523, 0.0 ] ] ] ] } },
{ "type": "Feature", "properties": { "circuito": "00244", "codprov": "04", "coddepto": "016" }, "geometry": { "type": "MultiPolygon", "coordinates": [ [ [ [ -63.4044, -31.4242, 0.0 ], [ -63.3889, -31.4235, 0.0 ], [ -63.3772, -31.4203, 0.0 ], [ -63.3772, -31.3987, 0.0 ], [ -63.377, -31.3819, 0.0 ], [ -63.3772, -31.3679, 0.0 ], [ -63.4043, -31.3731, 0.0 ], [ -63.4122, -31.383, 0.0 ], [ -63.4217, -31.3796, 0.0 ], [ -63.4523, -31.3853, 0.0 ], [ -63.4916, -31.3943, 0.0 ], [ -63.4933, -31.4023, 0.0 ], [ -63.5331, -31.4037, 0.0 ], [ -63.5344, -31.4102, 0.0 ], [ -63.5494, -31.4096, 0.0 ], [ -63.5496, -31.4203, 0.0 ], [ -63.5648, -31.4358, 0.0 ], [ -63.5648, -31.4495, 0.0 ], [ -63.5747, -31.455, 0.0 ], [ -63.5646, -31.4748, 0.0 ], [ -63.559, -31.4823, 0.0 ], [ -63.5482, -31.4965, 0.0 ], [ -63.537, -31.511, 0.0 ], [ -63.5369, -31.5169, 0.0 ], [ -63.5368, -31.5305, 0.0 ], [ -63.5366, -31.5409, 0.0 ], [ -63.5306, -31.5387, 0.0 ], [ -63.5233, -31.5341, 0.0 ], [ -63.517, -31.5322, 0.0 ], [ -63.5129, -31.5311, 0.0 ], [ -63.5064, -31.5282, 0.0 ], [ -63.4959, -31.5231, 0.0 ], [ -63.4916, -31.5204, 0.0 ], [ -63.4823, -31.518, 0.0 ], [ -63.4727, -31.5181, 0.0 ], [ -63.4656, -31.5192, 0.0 ], [ -63.4628, -31.5211, 0.0 ], [ -63.4574, -31.5219, 0.0 ], [ -63.4523, -31.5208, 0.0 ], [ -63.4461, -31.5173, 0.0 ], [ -63.4406, -31.513, 0.0 ], [ -63.4353, -31.5125, 0.0 ], [ -63.4266, -31.5118, 0.0 ], [ -63.4196, -31.5126, 0.0 ], [ -63.4161, -31.513, 0.0 ], [ -63.4126, -31.512, 0.0 ], [ -63.4087, -31.511, 0.0 ], [ -63.4039, -31.5094, 0.0 ], [ -63.4044, -31.4663, 0.0 ], [ -63.4044, -31.4242, 0.0 ] ] ] ] } },
{ "type": "Feature", "properties": { "circuito": "00252", "codprov": "04", "coddepto": "017" }, "geometry": { "type": "MultiPolygon", "coordinates": [ [ [ [ -63.8068, -33.8387, 0.0 ], [ -63.8745, -33.8403, 0.0 ], [ -63.9432, -33.8338, 0.0 ], [ -64.056, -33.8359, 0.0 ], [ -64.0549, -34.0897, 0.0 ], [ -64.0534, -34.1604, 0.0 ], [ -63.9686, -34.1576, 0.0 ], [ -63.9234, -34.183, 0.0 ], [ -63.8966, -34.2, 0.0 ], [ -63.857, -34.2297, 0.0 ], [ -63.84, -34.2438, 0.0 ], [ -63.8217, -34.2212, 0.0 ], [ -63.8075, -34.2198, 0.0 ], [ -63.8075, -34.0629, 0.0 ], [ -63.8068, -33.8387, 0.0 ] ] ] ] } },
{ "type": "Feature", "properties": { "circuito": "00254", "codprov": "04", "coddepto": "017" }, "geometry": { "type": "MultiPolygon", "coordinates": [ [ [ [ -63.8075, -33.8353, 0.0 ], [ -63.8075, -34.0629, 0.0 ], [ -63.8075, -34.2198, 0.0 ], [ -63.8217, -34.2212, 0.0 ], [ -63.84, -34.2438, 0.0 ], [ -63.8012, -34.2771, 0.0 ], [ -63.7708, -34.3088, 0.0 ], [ -63.7524, -34.3187, 0.0 ], [ -63.7171, -34.3371, 0.0 ], [ -63.6803, -34.3413, 0.0 ], [ -63.6704, -34.3441, 0.0 ], [ -63.6591, -34.3583, 0.0 ], [ -63.6368, -34.3698, 0.0 ], [ -63.6379, -34.1703, 0.0 ], [ -63.6385, -34.1428, 0.0 ], [ -63.6393, -34.1053, 0.0 ], [ -63.6393, -34.0177, 0.0 ], [ -63.6478, -34.0219, 0.0 ], [ -63.6492, -33.9088, 0.0 ], [ -63.6436, -33.8339, 0.0 ], [ -63.8075, -33.8353, 0.0 ] ] ] ] } },
{ "type": "Feature", "properties": { "circuito": "00248", "codprov": "04", "coddepto": "017" }, "geometry": { "type": "MultiPolygon", "coordinates": [ [ [ [ -63.4227, -34.2897, 0.0 ], [ -63.3422, -34.2869, 0.0 ], [ -63.2828, -34.0692, 0.0 ], [ -63.2418, -33.9194, 0.0 ], [ -63.2404, -33.8883, 0.0 ], [ -63.2363, -33.8103, 0.0 ], [ -63.2541, -33.8307, 0.0 ], [ -63.3605, -33.8332, 0.0 ], [ -63.5174, -33.8304, 0.0 ], [ -63.6436, -33.8339, 0.0 ], [ -63.6492, -33.9088, 0.0 ], [ -63.6478, -34.0219, 0.0 ], [ -63.6393, -34.0177, 0.0 ], [ -63.6393, -34.0707, 0.0 ], [ -63.6393, -34.1053, 0.0 ], [ -63.6379, -34.1703, 0.0 ], [ -63.5202, -34.1682, 0.0 ], [ -63.5188, -34.2191, 0.0 ], [ -63.5174, -34.253, 0.0 ], [ -63.4651, -34.2502, 0.0 ], [ -63.4595, -34.253, 0.0 ], [ -63.4369, -34.2516, 0.0 ], [ -63.4354, -34.2869, 0.0 ], [ -63.4227, -34.2897, 0.0 ] ] ] ] } },
{ "type": "Feature", "properties": { "circuito": "00253", "codprov": "04", "coddepto": "017" }, "geometry": { "type": "MultiPolygon", "coordinates": [ [ [ [ -63.6379, -34.1703, 0.0 ], [ -63.6384, -34.2438, 0.0 ], [ -63.6389, -34.3152, 0.0 ], [ -63.5895, -34.3237, 0.0 ], [ -63.5669, -34.3293, 0.0 ], [ -63.5245, -34.3378, 0.0 ], [ -63.5308, -34.3625, 0.0 ], [ -63.4644, -34.3894, 0.0 ], [ -63.3874, -34.407, 0.0 ], [ -63.3867, -34.383, 0.0 ], [ -63.3711, -34.3823, 0.0 ], [ -63.3422, -34.2869, 0.0 ], [ -63.4064, -34.2892, 0.0 ], [ -63.4354, -34.2869, 0.0 ], [ -63.4369, -34.2516, 0.0 ], [ -63.4765, -34.2508, 0.0 ], [ -63.5152, -34.2529, 0.0 ], [ -63.5188, -34.2191, 0.0 ], [ -63.5202, -34.1682, 0.0 ], [ -63.6379, -34.1703, 0.0 ] ] ] ] } },
{ "type": "Feature", "properties": { "circuito": "00257", "codprov": "04", "coddepto": "017" }, "geometry": { "type": "MultiPolygon", "coordinates": [ [ [ [ -63.6362, -34.3156, 0.0 ], [ -63.6389, -34.3152, 0.0 ], [ -63.6362022, -34.315798, 0.0 ], [ -63.6362, -34.3156, 0.0 ] ] ], [ [ [ -63.6362022, -34.315798, 0.0 ], [ -63.6368, -34.3698, 0.0 ], [ -63.6553, -34.3604, 0.0 ], [ -63.6469, -34.3716, 0.0 ], [ -63.635, -34.3849, 0.0 ], [ -63.612, -34.4158, 0.0 ], [ -63.5812, -34.453, 0.0 ], [ -63.5545, -34.4861, 0.0 ], [ -63.5402, -34.5027, 0.0 ], [ -63.5011, -34.5064, 0.0 ], [ -63.4988, -34.5087, 0.0 ], [ -63.4478, -34.5114, 0.0 ], [ -63.3871, -34.516, 0.0 ], [ -63.3874, -34.407, 0.0 ], [ -63.4633, -34.3896, 0.0 ], [ -63.4921, -34.3782, 0.0 ], [ -63.5155, -34.3687, 0.0 ], [ -63.5332744, -34.3385637, 0.0 ], [ -63.6362022, -34.315798, 0.0 ] ] ] ] } },
{ "type": "Feature", "properties": { "circuito": "00256", "codprov": "04", "coddepto": "017" }, "geometry": { "type": "MultiPolygon", "coordinates": [ [ [ [ -63.8235, -34.5302, 0.0 ], [ -63.6961, -34.5298, 0.0 ], [ -63.6167, -34.5287, 0.0 ], [ -63.6167, -34.5374, 0.0 ], [ -63.499, -34.5338, 0.0 ], [ -63.5046, -34.506, 0.0 ], [ -63.5402, -34.5027, 0.0 ], [ -63.6067, -34.4222, 0.0 ], [ -63.6542, -34.3619, 0.0 ], [ -63.6704, -34.3441, 0.0 ], [ -63.7261, -34.3324, 0.0 ], [ -63.7524, -34.3187, 0.0 ], [ -63.7731, -34.3064, 0.0 ], [ -63.8148, -34.2652, 0.0 ], [ -63.8313, -34.2512, 0.0 ], [ -63.8687, -34.2209, 0.0 ], [ -63.8966, -34.2, 0.0 ], [ -63.9193, -34.1856, 0.0 ], [ -63.9686, -34.1576, 0.0 ], [ -64.0559, -34.1594, 0.0 ], [ -64.0972, -34.1751, 0.0 ], [ -64.1158, -34.1762, 0.0 ], [ -64.1394, -34.1811, 0.0 ], [ -64.1565, -34.1901, 0.0 ], [ -64.1743, -34.2025, 0.0 ], [ -64.1945, -34.2116, 0.0 ], [ -64.2078, -34.2204, 0.0 ], [ -64.2196, -34.2318, 0.0 ], [ -64.2297, -34.2327, 0.0 ], [ -64.2306, -34.2401, 0.0 ], [ -64.2104, -34.2428, 0.0 ], [ -64.1975, -34.2419, 0.0 ], [ -64.1598, -34.2575, 0.0 ], [ -64.145, -34.2649, 0.0 ], [ -64.1432, -34.2916, 0.0 ], [ -64.1423, -34.3587, 0.0 ], [ -64.065, -34.3596, 0.0 ], [ -64.0255, -34.3596, 0.0 ], [ -64.0236, -34.3523, 0.0 ], [ -63.9316, -34.3514, 0.0 ], [ -63.8249, -34.3514, 0.0 ], [ -63.8235, -34.4331, 0.0 ], [ -63.8235, -34.5302, 0.0 ] ] ] ] } },
{ "type": "Feature", "properties": { "circuito": "00249", "codprov": "04", "coddepto": "017" }, "geometry": { "type": "MultiPolygon", "coordinates": [ [ [ [ -62.5476, -33.9438, 0.0 ], [ -62.7592, -33.8997, 0.0 ], [ -62.8889, -33.8739, 0.0 ], [ -62.9533, -33.8583, 0.0 ], [ -63.0803, -33.8335, 0.0 ], [ -63.1631, -33.8151, 0.0 ], [ -63.2357, -33.8013, 0.0 ], [ -63.2404, -33.8822, 0.0 ], [ -63.2418, -33.9194, 0.0 ], [ -63.2636, -33.999, 0.0 ], [ -63.1327, -34.023, 0.0 ], [ -62.9073, -34.0708, 0.0 ], [ -62.7997, -34.0892, 0.0 ], [ -62.6709, -34.1122, 0.0 ], [ -62.6709, -34.1057, 0.0 ], [ -62.5476, -33.9438, 0.0 ] ] ] ] } },
{ "type": "Feature", "properties": { "circuito": "00251", "codprov": "04", "coddepto": "017" }, "geometry": { "type": "MultiPolygon", "coordinates": [ [ [ [ -62.6757, -34.1113, 0.0 ], [ -62.8742, -34.0765, 0.0 ], [ -63.0214, -34.0466, 0.0 ], [ -63.0412, -34.1168, 0.0 ], [ -63.0633, -34.2088, 0.0 ], [ -63.078, -34.2042, 0.0 ], [ -63.0826, -34.2253, 0.0 ], [ -63.0826, -34.2539, 0.0 ], [ -63.0918, -34.252, 0.0 ], [ -63.1056, -34.2695, 0.0 ], [ -63.1221, -34.3431, 0.0 ], [ -63.1037, -34.3477, 0.0 ], [ -63.1083, -34.367, 0.0 ], [ -63.112, -34.367, 0.0 ], [ -63.1148, -34.3817, 0.0 ], [ -62.9547, -34.3836, 0.0 ], [ -62.8848, -34.3845, 0.0 ], [ -62.7946, -34.2621, 0.0 ], [ -62.6755, -34.1114, 0.0 ], [ -62.6757, -34.1113, 0.0 ] ] ] ] } },
{ "type": "Feature", "properties": { "circuito": "00255", "codprov": "04", "coddepto": "017" }, "geometry": { "type": "MultiPolygon", "coordinates": [ [ [ [ -63.0198, -34.0469, 0.0 ], [ -63.1286, -34.0238, 0.0 ], [ -63.2636, -33.9989, 0.0 ], [ -63.2965, -34.1196, 0.0 ], [ -63.3068, -34.1571, 0.0 ], [ -63.3134, -34.1814, 0.0 ], [ -63.32, -34.2056, 0.0 ], [ -63.181, -34.2364, 0.0 ], [ -63.1341, -34.2447, 0.0 ], [ -63.0918, -34.252, 0.0 ], [ -63.0826, -34.2539, 0.0 ], [ -63.0826, -34.2253, 0.0 ], [ -63.0751, -34.2051, 0.0 ], [ -63.0633, -34.2088, 0.0 ], [ -63.0412, -34.1168, 0.0 ], [ -63.0218, -34.0478, 0.0 ], [ -63.0198, -34.0469, 0.0 ] ] ] ] } },
{ "type": "Feature", "properties": { "circuito": "00258", "codprov": "04", "coddepto": "017" }, "geometry": { "type": "MultiPolygon", "coordinates": [ [ [ [ -63.3201, -34.206, 0.0 ], [ -63.3402, -34.2798, 0.0 ], [ -63.3711, -34.3823, 0.0 ], [ -63.2426, -34.3836, 0.0 ], [ -63.1148, -34.3817, 0.0 ], [ -63.112, -34.367, 0.0 ], [ -63.1083, -34.367, 0.0 ], [ -63.1037, -34.3477, 0.0 ], [ -63.1217, -34.341, 0.0 ], [ -63.1056, -34.2695, 0.0 ], [ -63.0918, -34.252, 0.0 ], [ -63.1873, -34.235, 0.0 ], [ -63.3201, -34.206, 0.0 ] ] ] ] } },
{ "type": "Feature", "properties": { "circuito": "0269A", "codprov": "04", "coddepto": "019" }, "geometry": { "type": "MultiPolygon", "coordinates": [ [ [ [ -65.0984, -32.2561, 0.0 ], [ -65.1469, -32.2561, 0.0 ], [ -65.1703, -32.2561, 0.0 ], [ -65.2005, -32.2561, 0.0 ], [ -65.2005, -32.2614, 0.0 ], [ -65.2058, -32.2673, 0.0 ], [ -65.21, -32.2797, 0.0 ], [ -65.2092, -32.2856, 0.0 ], [ -65.203, -32.298, 0.0 ], [ -65.2022, -32.3073, 0.0 ], [ -65.2022, -32.3145, 0.0 ], [ -65.203, -32.3269, 0.0 ], [ -65.1567, -32.3239, 0.0 ], [ -65.1031, -32.3205, 0.0 ], [ -65.0597, -32.3184, 0.0 ], [ -65.0453, -32.3184, 0.0 ], [ -65.0342, -32.3167, 0.0 ], [ -65.0181, -32.3128, 0.0 ], [ -64.9989, -32.3094, 0.0 ], [ -64.9908, -32.3103, 0.0 ], [ -64.9806, -32.3111, 0.0 ], [ -64.9679, -32.3103, 0.0 ], [ -64.9645, -32.3167, 0.0 ], [ -64.9479, -32.3069, 0.0 ], [ -64.9317, -32.2971, 0.0 ], [ -64.9288, -32.2971, 0.0 ], [ -64.9326, -32.2801, 0.0 ], [ -64.9377, -32.261, 0.0 ], [ -64.9347, -32.2448, 0.0 ], [ -65.0117, -32.2452, 0.0 ], [ -65.0199, -32.2444, 0.0 ], [ -65.0243, -32.2437, 0.0 ], [ -65.0277, -32.2427, 0.0 ], [ -65.0313, -32.2425, 0.0 ], [ -65.0422, -32.2425, 0.0 ], [ -65.0466, -32.2427, 0.0 ], [ -65.049, -32.2437, 0.0 ], [ -65.0535, -32.2442, 0.0 ], [ -65.0566, -32.2444, 0.0 ], [ -65.0603, -32.2457, 0.0 ], [ -65.0643, -32.2469, 0.0 ], [ -65.0666, -32.2484, 0.0 ], [ -65.0713, -32.2505, 0.0 ], [ -65.0743, -32.2508, 0.0 ], [ -65.0773, -32.2505, 0.0 ], [ -65.083, -32.2525, 0.0 ], [ -65.0873, -32.2542, 0.0 ], [ -65.0875, -32.2554, 0.0 ], [ -65.0907, -32.2552, 0.0 ], [ -65.0968, -32.2549, 0.0 ], [ -65.0985, -32.2561, 0.0 ], [ -65.0984, -32.2561, 0.0 ] ] ] ] } },
{ "type": "Feature", "properties": { "circuito": "0269B", "codprov": "04", "coddepto": "019" }, "geometry": { "type": "MultiPolygon", "coordinates": [ [ [ [ -65.0089, -32.245, 0.0 ], [ -64.9825, -32.2451, 0.0 ], [ -64.9744, -32.245, 0.0 ], [ -64.9691, -32.245, 0.0 ], [ -64.967, -32.245, 0.0 ], [ -64.9615, -32.245, 0.0 ], [ -64.9572, -32.2449, 0.0 ], [ -64.9532, -32.2449, 0.0 ], [ -64.95, -32.2449, 0.0 ], [ -64.9347, -32.2448, 0.0 ], [ -64.9362, -32.2392, 0.0 ], [ -64.9362, -32.2351, 0.0 ], [ -64.9368, -32.2326, 0.0 ], [ -64.95, -32.2326, 0.0 ], [ -64.9585, -32.2326, 0.0 ], [ -64.9698, -32.2326, 0.0 ], [ -64.9804, -32.2326, 0.0 ], [ -64.9904, -32.2327, 0.0 ], [ -65.0068, -32.2328, 0.0 ], [ -65.0131, -32.2328, 0.0 ], [ -65.0178, -32.2329, 0.0 ], [ -65.0246, -32.2332, 0.0 ], [ -65.0291, -32.2328, 0.0 ], [ -65.0342, -32.233, 0.0 ], [ -65.0378, -32.2334, 0.0 ], [ -65.0401, -32.2343, 0.0 ], [ -65.0436, -32.234, 0.0 ], [ -65.0453, -32.2345, 0.0 ], [ -65.0459, -32.2339, 0.0 ], [ -65.0484, -32.2335, 0.0 ], [ -65.0506, -32.233, 0.0 ], [ -65.054, -32.2332, 0.0 ], [ -65.0557, -32.2322, 0.0 ], [ -65.0587, -32.2334, 0.0 ], [ -65.1698, -32.233, 0.0 ], [ -65.1681, -32.1645, 0.0 ], [ -65.2208, -32.165, 0.0 ], [ -65.2204, -32.1845, 0.0 ], [ -65.2264, -32.185, 0.0 ], [ -65.2272, -32.1935, 0.0 ], [ -65.2294, -32.2058, 0.0 ], [ -65.2268, -32.213, 0.0 ], [ -65.2183, -32.2185, 0.0 ], [ -65.2112, -32.2328, 0.0 ], [ -65.2097, -32.236, 0.0 ], [ -65.2035, -32.2375, 0.0 ], [ -65.1997, -32.2453, 0.0 ], [ -65.2005, -32.2561, 0.0 ], [ -65.1703, -32.2561, 0.0 ], [ -65.1327, -32.2561, 0.0 ], [ -65.0984, -32.2561, 0.0 ], [ -65.0968, -32.2549, 0.0 ], [ -65.0875, -32.2554, 0.0 ], [ -65.0873, -32.2542, 0.0 ], [ -65.0773, -32.2505, 0.0 ], [ -65.0743, -32.2508, 0.0 ], [ -65.0713, -32.2505, 0.0 ], [ -65.0688, -32.2494, 0.0 ], [ -65.0664, -32.2482, 0.0 ], [ -65.0643, -32.2469, 0.0 ], [ -65.0566, -32.2444, 0.0 ], [ -65.0522, -32.244, 0.0 ], [ -65.049, -32.2437, 0.0 ], [ -65.0466, -32.2427, 0.0 ], [ -65.0422, -32.2425, 0.0 ], [ -65.0294, -32.2426, 0.0 ], [ -65.0271, -32.2429, 0.0 ], [ -65.0243, -32.2437, 0.0 ], [ -65.0181, -32.2446, 0.0 ], [ -65.0089, -32.245, 0.0 ] ] ] ] } },
{ "type": "Feature", "properties": { "circuito": "00269", "codprov": "04", "coddepto": "019" }, "geometry": { "type": "MultiPolygon", "coordinates": [ [ [ [ -65.0405, -32.1648, 0.0 ], [ -65.0447, -32.1648, 0.0 ], [ -65.1681, -32.1645, 0.0 ], [ -65.1691, -32.2043, 0.0 ], [ -65.1698, -32.233, 0.0 ], [ -65.0998, -32.2333, 0.0 ], [ -65.0587, -32.2334, 0.0 ], [ -65.0569, -32.2327, 0.0 ], [ -65.0557, -32.2322, 0.0 ], [ -65.054, -32.2332, 0.0 ], [ -65.0533, -32.2332, 0.0 ], [ -65.052, -32.2331, 0.0 ], [ -65.0508, -32.233, 0.0 ], [ -65.0506, -32.233, 0.0 ], [ -65.0498, -32.2332, 0.0 ], [ -65.049, -32.2334, 0.0 ], [ -65.0484, -32.2335, 0.0 ], [ -65.0475, -32.2337, 0.0 ], [ -65.0459, -32.2339, 0.0 ], [ -65.0453, -32.2345, 0.0 ], [ -65.0439, -32.2341, 0.0 ], [ -65.0424, -32.2341, 0.0 ], [ -65.0406, -32.2343, 0.0 ], [ -65.0401, -32.2343, 0.0 ], [ -65.0378, -32.2334, 0.0 ], [ -65.0352, -32.2331, 0.0 ], [ -65.0311, -32.2329, 0.0 ], [ -65.0287, -32.2328, 0.0 ], [ -65.0264, -32.233, 0.0 ], [ -65.0246, -32.2332, 0.0 ], [ -64.9963, -32.2327, 0.0 ], [ -64.9644, -32.2326, 0.0 ], [ -64.9408, -32.2326, 0.0 ], [ -64.9368, -32.2326, 0.0 ], [ -64.9406, -32.2214, 0.0 ], [ -64.9364, -32.2018, 0.0 ], [ -64.9373, -32.1952, 0.0 ], [ -64.9394, -32.181, 0.0 ], [ -64.9387, -32.1784, 0.0 ], [ -64.944, -32.1791, 0.0 ], [ -64.9508, -32.177, 0.0 ], [ -64.9531, -32.1772, 0.0 ], [ -64.9572, -32.1776, 0.0 ], [ -64.9582, -32.1791, 0.0 ], [ -64.961, -32.1783, 0.0 ], [ -64.9648, -32.1772, 0.0 ], [ -64.9687, -32.1759, 0.0 ], [ -64.9731, -32.1757, 0.0 ], [ -64.9759, -32.1746, 0.0 ], [ -64.9786, -32.1738, 0.0 ], [ -64.981, -32.1738, 0.0 ], [ -64.9854, -32.1766, 0.0 ], [ -64.9882, -32.1768, 0.0 ], [ -64.9905, -32.1783, 0.0 ], [ -64.9944, -32.1774, 0.0 ], [ -64.9993, -32.1763, 0.0 ], [ -65.0039, -32.1774, 0.0 ], [ -65.0078, -32.1774, 0.0 ], [ -65.012, -32.1753, 0.0 ], [ -65.0158, -32.1738, 0.0 ], [ -65.0186, -32.1721, 0.0 ], [ -65.0199, -32.1719, 0.0 ], [ -65.0214, -32.17, 0.0 ], [ -65.0229, -32.17, 0.0 ], [ -65.0244, -32.1708, 0.0 ], [ -65.0267, -32.1698, 0.0 ], [ -65.0282, -32.1698, 0.0 ], [ -65.0309, -32.1689, 0.0 ], [ -65.035, -32.1664, 0.0 ], [ -65.0388, -32.1653, 0.0 ], [ -65.0401, -32.1647, 0.0 ], [ -65.0405, -32.1648, 0.0 ] ] ] ] } },
{ "type": "Feature", "properties": { "circuito": "00273", "codprov": "04", "coddepto": "019" }, "geometry": { "type": "MultiPolygon", "coordinates": [ [ [ [ -64.9359, -32.1208, 0.0 ], [ -64.93, -32.1107, 0.0 ], [ -64.9264, -32.1049, 0.0 ], [ -64.9269, -32.0985, 0.0 ], [ -65.0114, -32.0933, 0.0 ], [ -65.0204, -32.0891, 0.0 ], [ -65.0793, -32.088, 0.0 ], [ -65.102, -32.0916, 0.0 ], [ -65.1199, -32.1018, 0.0 ], [ -65.1424, -32.1035, 0.0 ], [ -65.166, -32.0967, 0.0 ], [ -65.1659, -32.091, 0.0 ], [ -65.2412, -32.0914, 0.0 ], [ -65.2287, -32.1358, 0.0 ], [ -65.2257, -32.1448, 0.0 ], [ -65.2215, -32.1512, 0.0 ], [ -65.2208, -32.165, 0.0 ], [ -65.1681, -32.1645, 0.0 ], [ -65.0931, -32.1647, 0.0 ], [ -65.0506, -32.1647, 0.0 ], [ -65.0425, -32.1648, 0.0 ], [ -65.035, -32.1664, 0.0 ], [ -65.0267, -32.1698, 0.0 ], [ -65.0229, -32.17, 0.0 ], [ -65.0158, -32.1738, 0.0 ], [ -65.0078, -32.1774, 0.0 ], [ -64.9973, -32.1768, 0.0 ], [ -64.9905, -32.1783, 0.0 ], [ -64.9854, -32.1766, 0.0 ], [ -64.981, -32.1738, 0.0 ], [ -64.9731, -32.1757, 0.0 ], [ -64.9669, -32.1765, 0.0 ], [ -64.9582, -32.1791, 0.0 ], [ -64.9572, -32.1776, 0.0 ], [ -64.9508, -32.177, 0.0 ], [ -64.944, -32.1791, 0.0 ], [ -64.9387, -32.1784, 0.0 ], [ -64.9329, -32.1576, 0.0 ], [ -64.9348, -32.1336, 0.0 ], [ -64.9359, -32.1208, 0.0 ] ] ] ] } },
{ "type": "Feature", "properties": { "circuito": "0274A", "codprov": "04", "coddepto": "019" }, "geometry": { "type": "MultiPolygon", "coordinates": [ [ [ [ -65.1658, -32.0974, 0.0 ], [ -65.1424, -32.1035, 0.0 ], [ -65.1199, -32.1018, 0.0 ], [ -65.102, -32.0916, 0.0 ], [ -65.0793, -32.088, 0.0 ], [ -65.0552, -32.0882, 0.0 ], [ -65.0204, -32.0891, 0.0 ], [ -65.0114, -32.0933, 0.0 ], [ -64.9766, -32.0955, 0.0 ], [ -64.9452, -32.0974, 0.0 ], [ -64.9269, -32.0985, 0.0 ], [ -64.9291, -32.0727, 0.0 ], [ -64.9241, -32.0597, 0.0 ], [ -64.9253, -32.0538, 0.0 ], [ -64.9272, -32.0517, 0.0 ], [ -64.9315, -32.0517, 0.0 ], [ -64.9326, -32.0506, 0.0 ], [ -64.9349, -32.0508, 0.0 ], [ -64.9368, -32.0534, 0.0 ], [ -64.9379, -32.0542, 0.0 ], [ -64.9394, -32.0534, 0.0 ], [ -64.9404, -32.0527, 0.0 ], [ -64.9417, -32.0534, 0.0 ], [ -64.9447, -32.0538, 0.0 ], [ -64.9455, -32.0529, 0.0 ], [ -64.9479, -32.0534, 0.0 ], [ -64.9498, -32.0538, 0.0 ], [ -64.9511, -32.0546, 0.0 ], [ -64.9542, -32.0557, 0.0 ], [ -64.957, -32.0561, 0.0 ], [ -64.9579, -32.0555, 0.0 ], [ -64.9566, -32.0534, 0.0 ], [ -64.9602, -32.0534, 0.0 ], [ -64.963, -32.054, 0.0 ], [ -64.9636, -32.0534, 0.0 ], [ -64.9649, -32.0525, 0.0 ], [ -64.9664, -32.0512, 0.0 ], [ -64.9672, -32.0504, 0.0 ], [ -64.971, -32.0505, 0.0 ], [ -64.9785, -32.0538, 0.0 ], [ -64.9804, -32.058, 0.0 ], [ -64.9966, -32.058, 0.0 ], [ -65.0082, -32.058, 0.0 ], [ -65.0238, -32.058, 0.0 ], [ -65.0376, -32.058, 0.0 ], [ -65.0401, -32.0565, 0.0 ], [ -65.0435, -32.0553, 0.0 ], [ -65.0476, -32.0551, 0.0 ], [ -65.0518, -32.0544, 0.0 ], [ -65.0591, -32.0555, 0.0 ], [ -65.0924, -32.0585, 0.0 ], [ -65.1086, -32.0602, 0.0 ], [ -65.1528, -32.0599, 0.0 ], [ -65.1651, -32.0599, 0.0 ], [ -65.1658, -32.0842, 0.0 ], [ -65.166, -32.0973, 0.0 ], [ -65.1658, -32.0974, 0.0 ] ] ] ] } },
{ "type": "Feature", "properties": { "circuito": "00276", "codprov": "04", "coddepto": "019" }, "geometry": { "type": "MultiPolygon", "coordinates": [ [ [ [ -65.0615, -32.0374, 0.0 ], [ -65.061, -32.0375, 0.0 ], [ -65.0761, -32.0373, 0.0 ], [ -65.1645, -32.0373, 0.0 ], [ -65.1649, -32.049, 0.0 ], [ -65.1651, -32.0599, 0.0 ], [ -65.1169, -32.0601, 0.0 ], [ -65.0924, -32.0585, 0.0 ], [ -65.0507, -32.0546, 0.0 ], [ -65.049, -32.0548, 0.0 ], [ -65.0417, -32.0559, 0.0 ], [ -65.0367, -32.058, 0.0 ], [ -64.9804, -32.058, 0.0 ], [ -64.9785, -32.0538, 0.0 ], [ -64.9774, -32.0533, 0.0 ], [ -64.9749, -32.0509, 0.0 ], [ -64.9719, -32.0496, 0.0 ], [ -64.9665, -32.0511, 0.0 ], [ -64.9638, -32.0515, 0.0 ], [ -64.9628, -32.0528, 0.0 ], [ -64.9609, -32.0535, 0.0 ], [ -64.9591, -32.0534, 0.0 ], [ -64.9566, -32.0534, 0.0 ], [ -64.9579, -32.0555, 0.0 ], [ -64.9545, -32.0557, 0.0 ], [ -64.9511, -32.0546, 0.0 ], [ -64.9498, -32.0538, 0.0 ], [ -64.9455, -32.0529, 0.0 ], [ -64.9447, -32.0538, 0.0 ], [ -64.9417, -32.0534, 0.0 ], [ -64.9404, -32.0527, 0.0 ], [ -64.9373, -32.0537, 0.0 ], [ -64.9364, -32.0509, 0.0 ], [ -64.9344, -32.0508, 0.0 ], [ -64.9322, -32.051, 0.0 ], [ -64.9304, -32.0517, 0.0 ], [ -64.9272, -32.0517, 0.0 ], [ -64.9249, -32.0534, 0.0 ], [ -64.9234, -32.0518, 0.0 ], [ -64.923, -32.0467, 0.0 ], [ -64.9217, -32.0377, 0.0 ], [ -64.9319, -32.0375, 0.0 ], [ -64.9928, -32.0375, 0.0 ], [ -65.0355, -32.0373, 0.0 ], [ -65.0615, -32.0374, 0.0 ] ] ] ] } },
{ "type": "Feature", "properties": { "circuito": "00274", "codprov": "04", "coddepto": "019" }, "geometry": { "type": "MultiPolygon", "coordinates": [ [ [ [ -65.0895, -31.9954, 0.0 ], [ -65.1209, -31.9941, 0.0 ], [ -65.1639, -31.9933, 0.0 ], [ -65.1647, -32.0163, 0.0 ], [ -65.1645, -32.0373, 0.0 ], [ -65.1396, -32.0373, 0.0 ], [ -65.078, -32.0373, 0.0 ], [ -65.0593, -32.0374, 0.0 ], [ -65.0368, -32.0373, 0.0 ], [ -64.9996, -32.0375, 0.0 ], [ -64.9554, -32.0375, 0.0 ], [ -64.9333, -32.0375, 0.0 ], [ -64.9217, -32.0377, 0.0 ], [ -64.9222, -32.0248, 0.0 ], [ -64.9222, -32.0186, 0.0 ], [ -64.9216, -32.0109, 0.0 ], [ -64.922, -32.0024, 0.0 ], [ -64.9222, -31.9961, 0.0 ], [ -64.9218, -31.992, 0.0 ], [ -64.932, -31.9927, 0.0 ], [ -64.9565, -31.9963, 0.0 ], [ -64.9739, -31.9984, 0.0 ], [ -64.9981, -32.0031, 0.0 ], [ -65.0158, -32.0061, 0.0 ], [ -65.03, -32.0092, 0.0 ], [ -65.0532, -32.0092, 0.0 ], [ -65.0619, -32.0088, 0.0 ], [ -65.0774, -32.0029, 0.0 ], [ -65.0894, -31.9952, 0.0 ], [ -65.0895, -31.9954, 0.0 ] ] ] ] } },
{ "type": "Feature", "properties": { "circuito": "00272", "codprov": "04", "coddepto": "019" }, "geometry": { "type": "MultiPolygon", "coordinates": [ [ [ [ -65.018, -31.8809, 0.0 ], [ -65.0158, -31.8967, 0.0 ], [ -65.0138, -31.9507, 0.0 ], [ -64.9181, -31.9511, 0.0 ], [ -64.9189, -31.923, 0.0 ], [ -64.9015, -31.9005, 0.0 ], [ -64.9125, -31.9018, 0.0 ], [ -64.921, -31.9001, 0.0 ], [ -64.927, -31.8988, 0.0 ], [ -64.93, -31.8979, 0.0 ], [ -64.9355, -31.8903, 0.0 ], [ -64.9423, -31.8869, 0.0 ], [ -64.9648, -31.8852, 0.0 ], [ -64.9874, -31.8839, 0.0 ], [ -64.9946, -31.8814, 0.0 ], [ -64.998, -31.8788, 0.0 ], [ -65.018, -31.8809, 0.0 ] ] ] ] } },
{ "type": "Feature", "properties": { "circuito": "0275A", "codprov": "04", "coddepto": "019" }, "geometry": { "type": "MultiPolygon", "coordinates": [ [ [ [ -65.5546, -31.8839, 0.0 ], [ -65.6073, -31.8869, 0.0 ], [ -65.6086, -31.9005, 0.0 ], [ -65.5503, -31.9298, 0.0 ], [ -65.4853, -31.9617, 0.0 ], [ -65.4406, -31.9826, 0.0 ], [ -65.4232, -31.9915, 0.0 ], [ -65.4151, -31.9962, 0.0 ], [ -65.4121, -31.9979, 0.0 ], [ -65.3955, -31.9634, 0.0 ], [ -65.3879, -31.9485, 0.0 ], [ -65.3892, -31.9345, 0.0 ], [ -65.3892, -31.8924, 0.0 ], [ -65.4474, -31.8928, 0.0 ], [ -65.4474, -31.8992, 0.0 ], [ -65.4734, -31.8979, 0.0 ], [ -65.544, -31.8962, 0.0 ], [ -65.5537, -31.8962, 0.0 ], [ -65.5546, -31.8839, 0.0 ] ] ] ] } },
{ "type": "Feature", "properties": { "circuito": "00267", "codprov": "04", "coddepto": "019" }, "geometry": { "type": "MultiPolygon", "coordinates": [ [ [ [ -65.4121, -31.9979, 0.0 ], [ -65.3637, -32.0217, 0.0 ], [ -65.3003, -32.0514, 0.0 ], [ -65.2854, -32.0536, 0.0 ], [ -65.2773, -32.0642, 0.0 ], [ -65.268, -32.0693, 0.0 ], [ -65.2667, -32.0761, 0.0 ], [ -65.2599, -32.0791, 0.0 ], [ -65.2506, -32.0901, 0.0 ], [ -65.2412, -32.0914, 0.0 ], [ -65.231, -32.0916, 0.0 ], [ -65.2131, -32.0918, 0.0 ], [ -65.2004, -32.091, 0.0 ], [ -65.1659, -32.091, 0.0 ], [ -65.1651, -32.0599, 0.0 ], [ -65.1647, -32.0178, 0.0 ], [ -65.1944, -32.017, 0.0 ], [ -65.3505, -31.9881, 0.0 ], [ -65.3671, -31.9843, 0.0 ], [ -65.4028, -31.9777, 0.0 ], [ -65.4121, -31.9979, 0.0 ] ] ] ] } },
{ "type": "Feature", "properties": { "circuito": "00275", "codprov": "04", "coddepto": "019" }, "geometry": { "type": "MultiPolygon", "coordinates": [ [ [ [ -65.2668, -32.0036, 0.0 ], [ -65.267, -32.0035, 0.0 ], [ -65.2597, -31.9732, 0.0 ], [ -65.2555, -31.9566, 0.0 ], [ -65.2508, -31.9375, 0.0 ], [ -65.2529, -31.9375, 0.0 ], [ -65.255, -31.9383, 0.0 ], [ -65.2576, -31.9409, 0.0 ], [ -65.2606, -31.9439, 0.0 ], [ -65.2657, -31.946, 0.0 ], [ -65.2771, -31.9447, 0.0 ], [ -65.2869, -31.9405, 0.0 ], [ -65.298, -31.9362, 0.0 ], [ -65.3082, -31.9294, 0.0 ], [ -65.3153, -31.923, 0.0 ], [ -65.3213, -31.9214, 0.0 ], [ -65.3269, -31.9184, 0.0 ], [ -65.3367, -31.915, 0.0 ], [ -65.3396, -31.9141, 0.0 ], [ -65.3443, -31.9133, 0.0 ], [ -65.3498, -31.9128, 0.0 ], [ -65.3547, -31.9106, 0.0 ], [ -65.3549, -31.8916, 0.0 ], [ -65.3892, -31.8924, 0.0 ], [ -65.3892, -31.9315, 0.0 ], [ -65.3879, -31.9485, 0.0 ], [ -65.4028, -31.9777, 0.0 ], [ -65.3811, -31.9817, 0.0 ], [ -65.3505, -31.9881, 0.0 ], [ -65.3124, -31.9951, 0.0 ], [ -65.2668, -32.0036, 0.0 ] ] ] ] } },
{ "type": "Feature", "properties": { "circuito": "00268", "codprov": "04", "coddepto": "019" }, "geometry": { "type": "MultiPolygon", "coordinates": [ [ [ [ -65.2535, -31.9488, 0.0 ], [ -65.2535, -31.9487, 0.0 ], [ -65.2552, -31.9558, 0.0 ], [ -65.2595, -31.9726, 0.0 ], [ -65.2672, -32.0035, 0.0 ], [ -65.2253, -32.0113, 0.0 ], [ -65.1939, -32.017, 0.0 ], [ -65.1647, -32.0183, 0.0 ], [ -65.1643, -32.0042, 0.0 ], [ -65.1639, -31.9933, 0.0 ], [ -65.1399, -31.9938, 0.0 ], [ -65.1335, -31.9553, 0.0 ], [ -65.1278, -31.9167, 0.0 ], [ -65.1301, -31.9169, 0.0 ], [ -65.1369, -31.9184, 0.0 ], [ -65.1469, -31.9186, 0.0 ], [ -65.1552, -31.9188, 0.0 ], [ -65.1624, -31.9188, 0.0 ], [ -65.1701, -31.919, 0.0 ], [ -65.176, -31.9236, 0.0 ], [ -65.1802, -31.9265, 0.0 ], [ -65.1817, -31.9292, 0.0 ], [ -65.1842, -31.9292, 0.0 ], [ -65.1854, -31.93, 0.0 ], [ -65.1863, -31.9373, 0.0 ], [ -65.186, -31.9396, 0.0 ], [ -65.1866, -31.9415, 0.0 ], [ -65.1888, -31.9415, 0.0 ], [ -65.1938, -31.9399, 0.0 ], [ -65.1966, -31.9364, 0.0 ], [ -65.1995, -31.9331, 0.0 ], [ -65.202, -31.9328, 0.0 ], [ -65.2064, -31.9332, 0.0 ], [ -65.2077, -31.9337, 0.0 ], [ -65.2098, -31.936, 0.0 ], [ -65.2113, -31.9388, 0.0 ], [ -65.2128, -31.9421, 0.0 ], [ -65.2147, -31.9422, 0.0 ], [ -65.219, -31.9413, 0.0 ], [ -65.2232, -31.9413, 0.0 ], [ -65.2258, -31.943, 0.0 ], [ -65.2269, -31.9447, 0.0 ], [ -65.2294, -31.9458, 0.0 ], [ -65.2339, -31.9449, 0.0 ], [ -65.2385, -31.9443, 0.0 ], [ -65.2398, -31.9441, 0.0 ], [ -65.2446, -31.9454, 0.0 ], [ -65.2466, -31.9447, 0.0 ], [ -65.2504, -31.9465, 0.0 ], [ -65.253, -31.9465, 0.0 ], [ -65.2535, -31.9488, 0.0 ] ] ] ] } },
{ "type": "Feature", "properties": { "circuito": "00271", "codprov": "04", "coddepto": "019" }, "geometry": { "type": "MultiPolygon", "coordinates": [ [ [ [ -65.0712, -31.9522, 0.0 ], [ -65.0714, -31.8848, 0.0 ], [ -65.0742, -31.885, 0.0 ], [ -65.0753, -31.8854, 0.0 ], [ -65.0774, -31.8877, 0.0 ], [ -65.0776, -31.8892, 0.0 ], [ -65.0778, -31.892, 0.0 ], [ -65.0761, -31.895, 0.0 ], [ -65.0765, -31.8992, 0.0 ], [ -65.0782, -31.9018, 0.0 ], [ -65.0804, -31.9045, 0.0 ], [ -65.084, -31.9067, 0.0 ], [ -65.0878, -31.9088, 0.0 ], [ -65.091, -31.9107, 0.0 ], [ -65.0916, -31.9116, 0.0 ], [ -65.0993, -31.915, 0.0 ], [ -65.1014, -31.9152, 0.0 ], [ -65.1069, -31.9169, 0.0 ], [ -65.111, -31.9167, 0.0 ], [ -65.1159, -31.9169, 0.0 ], [ -65.1193, -31.9188, 0.0 ], [ -65.1242, -31.9181, 0.0 ], [ -65.1278, -31.9167, 0.0 ], [ -65.1335, -31.9553, 0.0 ], [ -65.1375, -31.9793, 0.0 ], [ -65.1399, -31.9936, 0.0 ], [ -65.1227, -31.9941, 0.0 ], [ -65.0894, -31.9952, 0.0 ], [ -65.0774, -32.0029, 0.0 ], [ -65.0711, -32.0053, 0.0 ], [ -65.0712, -31.9522, 0.0 ] ] ] ] } },
{ "type": "Feature", "properties": { "circuito": "00270", "codprov": "04", "coddepto": "019" }, "geometry": { "type": "MultiPolygon", "coordinates": [ [ [ [ -65.018, -31.8809, 0.0 ], [ -65.0206, -31.8803, 0.0 ], [ -65.0245, -31.8786, 0.0 ], [ -65.0276, -31.8767, 0.0 ], [ -65.0332, -31.8767, 0.0 ], [ -65.037, -31.8775, 0.0 ], [ -65.0402, -31.8799, 0.0 ], [ -65.0425, -31.8805, 0.0 ], [ -65.0466, -31.8809, 0.0 ], [ -65.0491, -31.8807, 0.0 ], [ -65.0529, -31.879, 0.0 ], [ -65.0527, -31.878, 0.0 ], [ -65.0555, -31.878, 0.0 ], [ -65.0576, -31.8786, 0.0 ], [ -65.0604, -31.8801, 0.0 ], [ -65.0642, -31.8828, 0.0 ], [ -65.067, -31.8835, 0.0 ], [ -65.0714, -31.8848, 0.0 ], [ -65.0713, -31.9351, 0.0 ], [ -65.0712, -31.9794, 0.0 ], [ -65.0712, -31.9977, 0.0 ], [ -65.071, -32.0053, 0.0 ], [ -65.0613, -32.0088, 0.0 ], [ -65.0436, -32.0092, 0.0 ], [ -65.03, -32.0092, 0.0 ], [ -65.0027, -32.0038, 0.0 ], [ -64.9768, -31.999, 0.0 ], [ -64.9539, -31.9959, 0.0 ], [ -64.9352, -31.9931, 0.0 ], [ -64.9218, -31.992, 0.0 ], [ -64.9201, -31.9794, 0.0 ], [ -64.9184, -31.9694, 0.0 ], [ -64.9181, -31.9511, 0.0 ], [ -64.9609, -31.9509, 0.0 ], [ -64.9723, -31.9509, 0.0 ], [ -64.9784, -31.9508, 0.0 ], [ -64.9855, -31.9508, 0.0 ], [ -64.9881, -31.9508, 0.0 ], [ -64.9915, -31.9508, 0.0 ], [ -64.9956, -31.9507, 0.0 ], [ -65.0003, -31.9507, 0.0 ], [ -65.0047, -31.9507, 0.0 ], [ -65.0087, -31.9507, 0.0 ], [ -65.0118, -31.9507, 0.0 ], [ -65.0138, -31.9507, 0.0 ], [ -65.0146, -31.929, 0.0 ], [ -65.0156, -31.9037, 0.0 ], [ -65.0158, -31.8967, 0.0 ], [ -65.018, -31.8809, 0.0 ] ] ] ] } },
{ "type": "Feature", "properties": { "circuito": "00296", "codprov": "04", "coddepto": "020" }, "geometry": { "type": "MultiPolygon", "coordinates": [ [ [ [ -62.5119, -31.6452, 0.0 ], [ -62.5145, -31.6574, 0.0 ], [ -62.5389, -31.6569, 0.0 ], [ -62.5707, -31.6492, 0.0 ], [ -62.5924, -31.6505, 0.0 ], [ -62.614, -31.7358, 0.0 ], [ -62.6124, -31.7536, 0.0 ], [ -62.6065, -31.7549, 0.0 ], [ -62.5996, -31.7563, 0.0 ], [ -62.5887, -31.7583, 0.0 ], [ -62.5785, -31.7607, 0.0 ], [ -62.5714, -31.7624, 0.0 ], [ -62.5574, -31.7651, 0.0 ], [ -62.5337, -31.7702, 0.0 ], [ -62.5244, -31.7725, 0.0 ], [ -62.4911, -31.7779, 0.0 ], [ -62.4373, -31.7873, 0.0 ], [ -62.3484, -31.8013, 0.0 ], [ -62.325, -31.8048, 0.0 ], [ -62.2653, -31.8154, 0.0 ], [ -62.2384, -31.8224, 0.0 ], [ -62.2349, -31.8165, 0.0 ], [ -62.2337, -31.8072, 0.0 ], [ -62.2337, -31.7873, 0.0 ], [ -62.2337, -31.7756, 0.0 ], [ -62.2337, -31.7686, 0.0 ], [ -62.229, -31.7557, 0.0 ], [ -62.2244, -31.7498, 0.0 ], [ -62.229, -31.7405, 0.0 ], [ -62.2314, -31.7288, 0.0 ], [ -62.2326, -31.7218, 0.0 ], [ -62.2443, -31.7112, 0.0 ], [ -62.2403, -31.6992, 0.0 ], [ -62.2438, -31.6899, 0.0 ], [ -62.3238, -31.675, 0.0 ], [ -62.3765, -31.6691, 0.0 ], [ -62.442, -31.6562, 0.0 ], [ -62.5119, -31.6452, 0.0 ] ] ] ] } },
{ "type": "Feature", "properties": { "circuito": "00306", "codprov": "04", "coddepto": "020" }, "geometry": { "type": "MultiPolygon", "coordinates": [ [ [ [ -62.2403, -31.6992, 0.0 ], [ -62.207, -31.6752, 0.0 ], [ -62.1186, -31.6021, 0.0 ], [ -62.1836, -31.5898, 0.0 ], [ -62.1847, -31.5951, 0.0 ], [ -62.2514, -31.5857, 0.0 ], [ -62.3907, -31.5617, 0.0 ], [ -62.413, -31.5581, 0.0 ], [ -62.4269, -31.5559, 0.0 ], [ -62.4362, -31.5542, 0.0 ], [ -62.4513, -31.5517, 0.0 ], [ -62.5141, -31.5413, 0.0 ], [ -62.5129, -31.553, 0.0 ], [ -62.511, -31.5653, 0.0 ], [ -62.509, -31.5783, 0.0 ], [ -62.5059, -31.5945, 0.0 ], [ -62.5042, -31.6091, 0.0 ], [ -62.5065, -31.6208, 0.0 ], [ -62.5112, -31.6449, 0.0 ], [ -62.482, -31.6499, 0.0 ], [ -62.4366, -31.6573, 0.0 ], [ -62.4085, -31.6628, 0.0 ], [ -62.3691, -31.6699, 0.0 ], [ -62.3409, -31.6731, 0.0 ], [ -62.3145, -31.6772, 0.0 ], [ -62.2713, -31.6852, 0.0 ], [ -62.2438, -31.6899, 0.0 ], [ -62.2403, -31.6992, 0.0 ] ] ] ] } },
{ "type": "Feature", "properties": { "circuito": "00287", "codprov": "04", "coddepto": "020" }, "geometry": { "type": "MultiPolygon", "coordinates": [ [ [ [ -62.0502, -30.5705, 0.0 ], [ -62.0599, -30.6029, 0.0 ], [ -62.0653, -30.6309, 0.0 ], [ -62.0712, -30.6592, 0.0 ], [ -62.0351, -30.6673, 0.0 ], [ -62.0235, -30.6673, 0.0 ], [ -62.0057, -30.6707, 0.0 ], [ -61.9903, -30.6731, 0.0 ], [ -61.9677, -30.677, 0.0 ], [ -61.9532, -30.6794, 0.0 ], [ -61.933, -30.6818, 0.0 ], [ -61.985, -30.6336, 0.0 ], [ -62.0498, -30.5691, 0.0 ], [ -62.0502, -30.5705, 0.0 ] ] ] ] } },
{ "type": "Feature", "properties": { "circuito": "00281", "codprov": "04", "coddepto": "020" }, "geometry": { "type": "MultiPolygon", "coordinates": [ [ [ [ -61.933, -30.6818, 0.0 ], [ -61.9903, -30.6731, 0.0 ], [ -61.9965, -30.6895, 0.0 ], [ -61.9888, -30.6962, 0.0 ], [ -61.9956, -30.7299, 0.0 ], [ -62.0033, -30.7367, 0.0 ], [ -61.9513, -30.7454, 0.0 ], [ -61.9019, -30.7514, 0.0 ], [ -61.8502, -30.7617, 0.0 ], [ -61.8261, -30.6982, 0.0 ], [ -61.8781, -30.6895, 0.0 ], [ -61.933, -30.6818, 0.0 ] ] ] ] } },
{ "type": "Feature", "properties": { "circuito": "00311", "codprov": "04", "coddepto": "020" }, "geometry": { "type": "MultiPolygon", "coordinates": [ [ [ [ -61.8502, -30.7617, 0.0 ], [ -61.904, -30.7512, 0.0 ], [ -61.9625, -30.7435, 0.0 ], [ -62.0033, -30.7367, 0.0 ], [ -62.0071, -30.7405, 0.0 ], [ -62.0096, -30.7533, 0.0 ], [ -62.0134, -30.7726, 0.0 ], [ -62.0172, -30.7925, 0.0 ], [ -62.019, -30.8017, 0.0 ], [ -61.9079, -30.8176, 0.0 ], [ -61.8685, -30.8234, 0.0 ], [ -61.8502, -30.7617, 0.0 ] ] ] ] } },
{ "type": "Feature", "properties": { "circuito": "00315", "codprov": "04", "coddepto": "020" }, "geometry": { "type": "MultiPolygon", "coordinates": [ [ [ [ -61.8685, -30.8234, 0.0 ], [ -61.9298, -30.8145, 0.0 ], [ -61.9724, -30.8084, 0.0 ], [ -62.0181, -30.7969, 0.0 ], [ -62.0245, -30.8176, 0.0 ], [ -62.0274, -30.8417, 0.0 ], [ -62.0304, -30.8555, 0.0 ], [ -62.0218, -30.8628, 0.0 ], [ -62.026, -30.8784, 0.0 ], [ -62.0359, -30.8815, 0.0 ], [ -62.0388, -30.8857, 0.0 ], [ -61.9634, -30.897, 0.0 ], [ -61.8952, -30.909, 0.0 ], [ -61.8685, -30.8234, 0.0 ] ] ] ] } },
{ "type": "Feature", "properties": { "circuito": "00313", "codprov": "04", "coddepto": "020" }, "geometry": { "type": "MultiPolygon", "coordinates": [ [ [ [ -61.8952, -30.909, 0.0 ], [ -61.9169, -30.9039, 0.0 ], [ -61.9438, -30.8998, 0.0 ], [ -61.9965, -30.8919, 0.0 ], [ -62.0388, -30.8857, 0.0 ], [ -62.0437, -30.9071, 0.0 ], [ -62.0516, -30.9446, 0.0 ], [ -61.9942, -30.956, 0.0 ], [ -61.9575, -30.9621, 0.0 ], [ -61.9496, -30.9633, 0.0 ], [ -61.9294, -30.9652, 0.0 ], [ -61.9147, -30.9676, 0.0 ], [ -61.8952, -30.909, 0.0 ] ] ] ] } },
{ "type": "Feature", "properties": { "circuito": "00294", "codprov": "04", "coddepto": "020" }, "geometry": { "type": "MultiPolygon", "coordinates": [ [ [ [ -62.1647, -30.9511, 0.0 ], [ -62.1488, -30.8796, 0.0 ], [ -62.1934, -30.8723, 0.0 ], [ -62.1963, -30.8761, 0.0 ], [ -62.2056, -30.8747, 0.0 ], [ -62.2344, -30.8674, 0.0 ], [ -62.2493, -30.8673, 0.0 ], [ -62.26, -30.8673, 0.0 ], [ -62.2718, -30.8672, 0.0 ], [ -62.2824, -30.8672, 0.0 ], [ -62.2842, -30.8785, 0.0 ], [ -62.2864, -30.8918, 0.0 ], [ -62.2875, -30.8998, 0.0 ], [ -62.2918, -30.9169, 0.0 ], [ -62.2982, -30.9505, 0.0 ], [ -62.2787, -30.953, 0.0 ], [ -62.2817, -30.9707, 0.0 ], [ -62.2304, -30.9835, 0.0 ], [ -62.1741, -30.9923, 0.0 ], [ -62.1647, -30.9511, 0.0 ] ] ] ] } },
{ "type": "Feature", "properties": { "circuito": "00305", "codprov": "04", "coddepto": "020" }, "geometry": { "type": "MultiPolygon", "coordinates": [ [ [ [ -61.9147, -30.9676, 0.0 ], [ -62.0111, -30.9526, 0.0 ], [ -62.0516, -30.9446, 0.0 ], [ -62.0565, -30.9676, 0.0 ], [ -62.1078, -30.9603, 0.0 ], [ -62.1439, -30.9542, 0.0 ], [ -62.1647, -30.9511, 0.0 ], [ -62.1708, -30.9774, 0.0 ], [ -62.179, -31.0213, 0.0 ], [ -62.1869, -31.0524, 0.0 ], [ -62.1331, -31.0614, 0.0 ], [ -62.0829, -31.0688, 0.0 ], [ -62.0469, -31.0755, 0.0 ], [ -61.9557, -31.0904, 0.0 ], [ -61.9358, -31.03, 0.0 ], [ -61.9147, -30.9676, 0.0 ] ] ] ] } },
{ "type": "Feature", "properties": { "circuito": "0294A", "codprov": "04", "coddepto": "020" }, "geometry": { "type": "MultiPolygon", "coordinates": [ [ [ [ -62.2382, -31.0737, 0.0 ], [ -62.2212, -31.0727, 0.0 ], [ -62.2017, -31.0715, 0.0 ], [ -62.1916, -31.0709, 0.0 ], [ -62.1774, -31.0153, 0.0 ], [ -62.1734, -30.9924, 0.0 ], [ -62.2304, -30.9835, 0.0 ], [ -62.231, -30.9811, 0.0 ], [ -62.2622, -30.9756, 0.0 ], [ -62.2817, -30.9707, 0.0 ], [ -62.2878, -30.9963, 0.0 ], [ -62.278, -30.9976, 0.0 ], [ -62.2976, -31.0446, 0.0 ], [ -62.3048, -31.0609, 0.0 ], [ -62.282, -31.0644, 0.0 ], [ -62.2373, -31.0715, 0.0 ], [ -62.2382, -31.0737, 0.0 ] ] ] ] } },
{ "type": "Feature", "properties": { "circuito": "0291A", "codprov": "04", "coddepto": "020" }, "geometry": { "type": "MultiPolygon", "coordinates": [ [ [ [ -62.2107, -31.1617, 0.0 ], [ -62.2047, -31.1345, 0.0 ], [ -62.198, -31.099, 0.0 ], [ -62.1916, -31.0709, 0.0 ], [ -62.2382, -31.0737, 0.0 ], [ -62.2373, -31.0715, 0.0 ], [ -62.2516, -31.0692, 0.0 ], [ -62.2694, -31.0663, 0.0 ], [ -62.3048, -31.0609, 0.0 ], [ -62.3127, -31.0795, 0.0 ], [ -62.3216, -31.1027, 0.0 ], [ -62.3298, -31.1241, 0.0 ], [ -62.3369, -31.1412, 0.0 ], [ -62.3152, -31.1452, 0.0 ], [ -62.2703, -31.1528, 0.0 ], [ -62.2406, -31.1571, 0.0 ], [ -62.2107, -31.1617, 0.0 ] ] ] ] } },
{ "type": "Feature", "properties": { "circuito": "00291", "codprov": "04", "coddepto": "020" }, "geometry": { "type": "MultiPolygon", "coordinates": [ [ [ [ -61.9557, -31.0904, 0.0 ], [ -62.0781, -31.0697, 0.0 ], [ -62.1331, -31.0614, 0.0 ], [ -62.1869, -31.0524, 0.0 ], [ -62.1936, -31.0796, 0.0 ], [ -62.2009, -31.1145, 0.0 ], [ -62.2107, -31.1617, 0.0 ], [ -62.1428, -31.1739, 0.0 ], [ -62.1007, -31.18, 0.0 ], [ -62.0292, -31.1916, 0.0 ], [ -62.0011, -31.1959, 0.0 ], [ -61.9913, -31.1702, 0.0 ], [ -61.9797, -31.1708, 0.0 ], [ -61.9668, -31.1262, 0.0 ], [ -61.9557, -31.0904, 0.0 ] ] ] ] } },
{ "type": "Feature", "properties": { "circuito": "00292", "codprov": "04", "coddepto": "020" }, "geometry": { "type": "MultiPolygon", "coordinates": [ [ [ [ -62.2107, -31.1617, 0.0 ], [ -62.2192, -31.2002, 0.0 ], [ -62.2266, -31.2307, 0.0 ], [ -62.2304, -31.2438, 0.0 ], [ -62.1212, -31.2631, 0.0 ], [ -62.0286, -31.279, 0.0 ], [ -62.009, -31.224, 0.0 ], [ -62.0011, -31.1959, 0.0 ], [ -62.1007, -31.18, 0.0 ], [ -62.2107, -31.1617, 0.0 ] ] ] ] } },
{ "type": "Feature", "properties": { "circuito": "00299", "codprov": "04", "coddepto": "020" }, "geometry": { "type": "MultiPolygon", "coordinates": [ [ [ [ -62.361, -31.3303, 0.0 ], [ -62.24, -31.3511, 0.0 ], [ -62.1441, -31.3652, 0.0 ], [ -62.108, -31.3707, 0.0 ], [ -62.0726, -31.3756, 0.0 ], [ -62.0616, -31.3768, 0.0 ], [ -62.0414, -31.3114, 0.0 ], [ -62.0286, -31.279, 0.0 ], [ -62.2305, -31.2443, 0.0 ], [ -62.2327, -31.2527, 0.0 ], [ -62.339, -31.2356, 0.0 ], [ -62.3549, -31.301, 0.0 ], [ -62.361, -31.3303, 0.0 ] ] ] ] } },
{ "type": "Feature", "properties": { "circuito": "00300", "codprov": "04", "coddepto": "020" }, "geometry": { "type": "MultiPolygon", "coordinates": [ [ [ [ -62.5177, -31.2774, 0.0 ], [ -62.4867, -31.281, 0.0 ], [ -62.4362, -31.2888, 0.0 ], [ -62.427, -31.2918, 0.0 ], [ -62.4319, -31.3016, 0.0 ], [ -62.4356, -31.3065, 0.0 ], [ -62.4392, -31.312, 0.0 ], [ -62.4386, -31.3212, 0.0 ], [ -62.361, -31.3303, 0.0 ], [ -62.3508, -31.2842, 0.0 ], [ -62.339, -31.2356, 0.0 ], [ -62.2685, -31.247, 0.0 ], [ -62.2327, -31.2527, 0.0 ], [ -62.22, -31.2035, 0.0 ], [ -62.2107, -31.1617, 0.0 ], [ -62.2914, -31.1492, 0.0 ], [ -62.3369, -31.1412, 0.0 ], [ -62.3384, -31.1433, 0.0 ], [ -62.3549, -31.139, 0.0 ], [ -62.3844, -31.1329, 0.0 ], [ -62.3848, -31.1354, 0.0 ], [ -62.4156, -31.1305, 0.0 ], [ -62.4146, -31.1268, 0.0 ], [ -62.4215, -31.1262, 0.0 ], [ -62.4339, -31.125, 0.0 ], [ -62.4881, -31.117, 0.0 ], [ -62.4957, -31.1159, 0.0 ], [ -62.5001, -31.1161, 0.0 ], [ -62.5005, -31.1249, 0.0 ], [ -62.5009, -31.1302, 0.0 ], [ -62.5012, -31.1338, 0.0 ], [ -62.5014, -31.1363, 0.0 ], [ -62.5032, -31.139, 0.0 ], [ -62.5042, -31.1424, 0.0 ], [ -62.5056, -31.1459, 0.0 ], [ -62.5067, -31.1484, 0.0 ], [ -62.5071, -31.1499, 0.0 ], [ -62.5073, -31.1498, 0.0 ], [ -62.5086, -31.1526, 0.0 ], [ -62.5101, -31.156, 0.0 ], [ -62.5113, -31.159, 0.0 ], [ -62.5133, -31.1635, 0.0 ], [ -62.5154, -31.1694, 0.0 ], [ -62.5179, -31.1762, 0.0 ], [ -62.5203, -31.1832, 0.0 ], [ -62.5215, -31.1866, 0.0 ], [ -62.5178, -31.1981, 0.0 ], [ -62.5162, -31.2033, 0.0 ], [ -62.5147, -31.2079, 0.0 ], [ -62.5132, -31.2141, 0.0 ], [ -62.5122, -31.2183, 0.0 ], [ -62.5112, -31.2224, 0.0 ], [ -62.5098, -31.2282, 0.0 ], [ -62.5108, -31.2362, 0.0 ], [ -62.5083, -31.2418, 0.0 ], [ -62.5129, -31.2566, 0.0 ], [ -62.5177, -31.2774, 0.0 ] ] ] ] } },
{ "type": "Feature", "properties": { "circuito": "00285", "codprov": "04", "coddepto": "020" }, "geometry": { "type": "MultiPolygon", "coordinates": [ [ [ [ -62.1821, -31.4142, 0.0 ], [ -62.1722, -31.361, 0.0 ], [ -62.24, -31.3511, 0.0 ], [ -62.2907, -31.3424, 0.0 ], [ -62.361, -31.3303, 0.0 ], [ -62.4386, -31.3212, 0.0 ], [ -62.4378, -31.3099, 0.0 ], [ -62.427, -31.2918, 0.0 ], [ -62.4362, -31.2888, 0.0 ], [ -62.4849, -31.2811, 0.0 ], [ -62.5075, -31.2791, 0.0 ], [ -62.5332, -31.2749, 0.0 ], [ -62.5313, -31.2932, 0.0 ], [ -62.5283, -31.3519, 0.0 ], [ -62.5112, -31.3623, 0.0 ], [ -62.5105, -31.4026, 0.0 ], [ -62.5099, -31.4246, 0.0 ], [ -62.5081, -31.4521, 0.0 ], [ -62.5118, -31.4619, 0.0 ], [ -62.5167, -31.4723, 0.0 ], [ -62.3822, -31.4851, 0.0 ], [ -62.3125, -31.4961, 0.0 ], [ -62.2753, -31.5028, 0.0 ], [ -62.2753, -31.5077, 0.0 ], [ -62.2343, -31.5126, 0.0 ], [ -62.2154, -31.5187, 0.0 ], [ -62.2025, -31.468, 0.0 ], [ -62.183, -31.4142, 0.0 ], [ -62.1821, -31.4142, 0.0 ] ] ] ] } },
{ "type": "Feature", "properties": { "circuito": "00312", "codprov": "04", "coddepto": "020" }, "geometry": { "type": "MultiPolygon", "coordinates": [ [ [ [ -62.0785, -31.4686, 0.0 ], [ -62.0999, -31.4674, 0.0 ], [ -62.1109, -31.4649, 0.0 ], [ -62.1329, -31.4619, 0.0 ], [ -62.1653, -31.4564, 0.0 ], [ -62.186, -31.4527, 0.0 ], [ -62.196, -31.45, 0.0 ], [ -62.2025, -31.468, 0.0 ], [ -62.2154, -31.5187, 0.0 ], [ -62.1842, -31.5242, 0.0 ], [ -62.1695, -31.5273, 0.0 ], [ -62.098, -31.5383, 0.0 ], [ -62.087, -31.4949, 0.0 ], [ -62.0785, -31.4686, 0.0 ] ] ] ] } },
{ "type": "Feature", "properties": { "circuito": "00307", "codprov": "04", "coddepto": "020" }, "geometry": { "type": "MultiPolygon", "coordinates": [ [ [ [ -62.098, -31.5383, 0.0 ], [ -62.1003, -31.5379, 0.0 ], [ -62.1003128, -31.5379449, 0.0 ], [ -62.098, -31.5383, 0.0 ] ] ], [ [ [ -62.1003128, -31.5379449, 0.0 ], [ -62.1695, -31.5273, 0.0 ], [ -62.1969, -31.522, 0.0 ], [ -62.2154, -31.5187, 0.0 ], [ -62.2459, -31.5138, 0.0 ], [ -62.2753, -31.5077, 0.0 ], [ -62.2763, -31.5026, 0.0 ], [ -62.3319, -31.493, 0.0 ], [ -62.3822, -31.4851, 0.0 ], [ -62.5167, -31.4723, 0.0 ], [ -62.5141, -31.5413, 0.0 ], [ -62.3764, -31.5642, 0.0 ], [ -62.2771, -31.5813, 0.0 ], [ -62.1847, -31.5951, 0.0 ], [ -62.1836, -31.5898, 0.0 ], [ -62.1186, -31.6021, 0.0 ], [ -62.1003128, -31.5379449, 0.0 ] ] ] ] } },
{ "type": "Feature", "properties": { "circuito": "0310A", "codprov": "04", "coddepto": "020" }, "geometry": { "type": "MultiPolygon", "coordinates": [ [ [ [ -62.1722, -31.361, 0.0 ], [ -62.1797, -31.3936, 0.0 ], [ -62.1835, -31.4156, 0.0 ], [ -62.1565, -31.4196, 0.0 ], [ -62.1174, -31.4253, 0.0 ], [ -62.1104, -31.4264, 0.0 ], [ -62.1069, -31.427, 0.0 ], [ -62.0989, -31.4283, 0.0 ], [ -62.0972, -31.4286, 0.0 ], [ -62.0969, -31.4277, 0.0 ], [ -62.0964, -31.4278, 0.0 ], [ -62.0918, -31.4284, 0.0 ], [ -62.0871, -31.4292, 0.0 ], [ -62.0828, -31.4299, 0.0 ], [ -62.0783, -31.4306, 0.0 ], [ -62.0787, -31.432, 0.0 ], [ -62.0745, -31.4327, 0.0 ], [ -62.0702, -31.4333, 0.0 ], [ -62.0691, -31.4335, 0.0 ], [ -62.0676, -31.4349, 0.0 ], [ -62.0673, -31.4338, 0.0 ], [ -62.0659, -31.4304, 0.0 ], [ -62.0635, -31.42, 0.0 ], [ -62.0595, -31.4069, 0.0 ], [ -62.0568, -31.3977, 0.0 ], [ -62.0522, -31.3827, 0.0 ], [ -62.0616, -31.3768, 0.0 ], [ -62.0838, -31.374, 0.0 ], [ -62.1101, -31.3703, 0.0 ], [ -62.1441, -31.3652, 0.0 ], [ -62.1722, -31.361, 0.0 ] ] ] ] } },
{ "type": "Feature", "properties": { "circuito": "00310", "codprov": "04", "coddepto": "020" }, "geometry": { "type": "MultiPolygon", "coordinates": [ [ [ [ -62.1233, -31.4244, 0.0 ], [ -62.1573, -31.4194, 0.0 ], [ -62.1834, -31.4154, 0.0 ], [ -62.1956, -31.4501, 0.0 ], [ -62.1782, -31.4534, 0.0 ], [ -62.1359, -31.4607, 0.0 ], [ -62.1264, -31.4628, 0.0 ], [ -62.1186, -31.4639, 0.0 ], [ -62.0999, -31.4674, 0.0 ], [ -62.0826, -31.4684, 0.0 ], [ -62.0779, -31.469, 0.0 ], [ -62.0722, -31.45, 0.0 ], [ -62.0676, -31.4349, 0.0 ], [ -62.0691, -31.4335, 0.0 ], [ -62.0745, -31.4327, 0.0 ], [ -62.0787, -31.432, 0.0 ], [ -62.0783, -31.4306, 0.0 ], [ -62.0845, -31.4296, 0.0 ], [ -62.0902, -31.4287, 0.0 ], [ -62.0969, -31.4277, 0.0 ], [ -62.0972, -31.4286, 0.0 ], [ -62.1017, -31.4279, 0.0 ], [ -62.1232, -31.4244, 0.0 ], [ -62.1233, -31.4244, 0.0 ] ] ] ] } },
{ "type": "Feature", "properties": { "circuito": "00289", "codprov": "04", "coddepto": "020" }, "geometry": { "type": "MultiPolygon", "coordinates": [ [ [ [ -62.3797, -31.994, 0.0 ], [ -62.3213, -32.0063, 0.0 ], [ -62.3323, -32.0478, 0.0 ], [ -62.1966, -32.0759, 0.0 ], [ -62.1893, -32.0527, 0.0 ], [ -62.182, -32.0539, 0.0 ], [ -62.1649, -32.0112, 0.0 ], [ -62.1807, -31.9684, 0.0 ], [ -62.1966, -31.9195, 0.0 ], [ -62.2174, -31.8963, 0.0 ], [ -62.226, -31.8767, 0.0 ], [ -62.2345, -31.8767, 0.0 ], [ -62.237, -31.8633, 0.0 ], [ -62.2384, -31.8224, 0.0 ], [ -62.2653, -31.8154, 0.0 ], [ -62.325, -31.8048, 0.0 ], [ -62.3484, -31.8013, 0.0 ], [ -62.3578, -31.7998, 0.0 ], [ -62.369, -31.8511, 0.0 ], [ -62.3897, -31.9366, 0.0 ], [ -62.4032, -31.9892, 0.0 ], [ -62.3797, -31.994, 0.0 ] ] ] ] } },
{ "type": "Feature", "properties": { "circuito": "00277", "codprov": "04", "coddepto": "020" }, "geometry": { "type": "MultiPolygon", "coordinates": [ [ [ [ -62.4032, -31.9892, 0.0 ], [ -62.3809, -31.9001, 0.0 ], [ -62.3578, -31.7998, 0.0 ], [ -62.4627, -31.7829, 0.0 ], [ -62.501, -31.7763, 0.0 ], [ -62.5123, -31.8199, 0.0 ], [ -62.5172, -31.84, 0.0 ], [ -62.5227, -31.8559, 0.0 ], [ -62.5263, -31.8755, 0.0 ], [ -62.6061, -31.863, 0.0 ], [ -62.6046, -31.87, 0.0 ], [ -62.6434, -31.8718, 0.0 ], [ -62.651, -31.8969, 0.0 ], [ -62.6547, -31.9128, 0.0 ], [ -62.6384, -31.9254, 0.0 ], [ -62.6082, -31.9274, 0.0 ], [ -62.6149, -31.9488, 0.0 ], [ -62.6296, -31.9873, 0.0 ], [ -62.5905, -31.9959, 0.0 ], [ -62.5459, -32.0032, 0.0 ], [ -62.5331, -31.9696, 0.0 ], [ -62.4774, -31.9782, 0.0 ], [ -62.4032, -31.9892, 0.0 ] ] ] ] } },
{ "type": "Feature", "properties": { "circuito": "00297", "codprov": "04", "coddepto": "020" }, "geometry": { "type": "MultiPolygon", "coordinates": [ [ [ [ -62.6531, -31.7679, 0.0 ], [ -62.6623, -31.7679, 0.0 ], [ -62.6634, -31.8316, 0.0 ], [ -62.6629, -31.8602, 0.0 ], [ -62.6452, -31.8602, 0.0 ], [ -62.6067, -31.8602, 0.0 ], [ -62.6061, -31.863, 0.0 ], [ -62.6018, -31.8637, 0.0 ], [ -62.5263, -31.8755, 0.0 ], [ -62.5172, -31.84, 0.0 ], [ -62.5123, -31.8199, 0.0 ], [ -62.5028, -31.7835, 0.0 ], [ -62.501, -31.7763, 0.0 ], [ -62.5649, -31.7636, 0.0 ], [ -62.6124, -31.7536, 0.0 ], [ -62.6354, -31.7496, 0.0 ], [ -62.6489, -31.7478, 0.0 ], [ -62.6531, -31.7679, 0.0 ] ] ] ] } },
{ "type": "Feature", "properties": { "circuito": "00298", "codprov": "04", "coddepto": "020" }, "geometry": { "type": "MultiPolygon", "coordinates": [ [ [ [ -62.9618, -31.8865, 0.0 ], [ -62.9612, -31.9305, 0.0 ], [ -62.9515, -31.9346, 0.0 ], [ -62.9409, -31.9416, 0.0 ], [ -62.9327, -31.9514, 0.0 ], [ -62.9248, -31.9624, 0.0 ], [ -62.9178, -31.9733, 0.0 ], [ -62.9097, -31.9765, 0.0 ], [ -62.9077, -32.0002, 0.0 ], [ -62.9054, -32.0261, 0.0 ], [ -62.8819, -32.0275, 0.0 ], [ -62.8713, -32.0405, 0.0 ], [ -62.8609, -32.0484, 0.0 ], [ -62.8485, -32.0532, 0.0 ], [ -62.8384, -32.0176, 0.0 ], [ -62.7686, -32.0307, 0.0 ], [ -62.6959, -32.0429, 0.0 ], [ -62.6458, -32.0503, 0.0 ], [ -62.6318, -31.9996, 0.0 ], [ -62.6283, -31.9837, 0.0 ], [ -62.6082, -31.9274, 0.0 ], [ -62.6182, -31.9268, 0.0 ], [ -62.639, -31.9254, 0.0 ], [ -62.6532, -31.9146, 0.0 ], [ -62.6524, -31.9029, 0.0 ], [ -62.6434, -31.8718, 0.0 ], [ -62.6046, -31.87, 0.0 ], [ -62.6067, -31.8602, 0.0 ], [ -62.6629, -31.8602, 0.0 ], [ -62.6637, -31.815, 0.0 ], [ -62.6629, -31.7869, 0.0 ], [ -62.718, -31.7869, 0.0 ], [ -62.7644, -31.7869, 0.0 ], [ -62.8939, -31.7893, 0.0 ], [ -62.922, -31.7905, 0.0 ], [ -62.9202, -31.8101, 0.0 ], [ -62.9599, -31.8022, 0.0 ], [ -62.9832, -31.8003, 0.0 ], [ -62.9825, -31.8174, 0.0 ], [ -62.9917, -31.8168, 0.0 ], [ -62.9917, -31.8523, 0.0 ], [ -62.9777, -31.8578, 0.0 ], [ -62.9752, -31.881, 0.0 ], [ -62.9612, -31.8859, 0.0 ], [ -62.9618, -31.8865, 0.0 ] ] ] ] } },
{ "type": "Feature", "properties": { "circuito": "00288", "codprov": "04", "coddepto": "020" }, "geometry": { "type": "MultiPolygon", "coordinates": [ [ [ [ -62.922, -31.7905, 0.0 ], [ -62.8939, -31.7893, 0.0 ], [ -62.8414, -31.7883, 0.0 ], [ -62.7625, -31.7869, 0.0 ], [ -62.6629, -31.7869, 0.0 ], [ -62.6623, -31.7679, 0.0 ], [ -62.6531, -31.7679, 0.0 ], [ -62.6489, -31.7478, 0.0 ], [ -62.6124, -31.7536, 0.0 ], [ -62.614, -31.7358, 0.0 ], [ -62.611, -31.7238, 0.0 ], [ -62.6507, -31.7172, 0.0 ], [ -62.7149, -31.7062, 0.0 ], [ -62.7839, -31.694, 0.0 ], [ -62.7821, -31.686, 0.0 ], [ -62.8518, -31.6726, 0.0 ], [ -62.875, -31.6677, 0.0 ], [ -62.8903, -31.664, 0.0 ], [ -62.8927, -31.6695, 0.0 ], [ -62.9764, -31.6549, 0.0 ], [ -62.9783, -31.6598, 0.0 ], [ -62.9801, -31.664, 0.0 ], [ -62.9819, -31.6683, 0.0 ], [ -62.9813, -31.672, 0.0 ], [ -62.966, -31.6763, 0.0 ], [ -62.9508, -31.6787, 0.0 ], [ -62.9447, -31.6799, 0.0 ], [ -62.941, -31.6842, 0.0 ], [ -62.9399, -31.6914, 0.0 ], [ -62.9392, -31.6964, 0.0 ], [ -62.9424, -31.7037, 0.0 ], [ -62.9453, -31.7093, 0.0 ], [ -62.9455, -31.726, 0.0 ], [ -62.9465, -31.7362, 0.0 ], [ -62.9494, -31.7513, 0.0 ], [ -62.9508, -31.7588, 0.0 ], [ -62.9519, -31.7615, 0.0 ], [ -62.9535, -31.7653, 0.0 ], [ -62.9563, -31.7704, 0.0 ], [ -62.9563, -31.7771, 0.0 ], [ -62.9624, -31.7771, 0.0 ], [ -62.9599, -31.8022, 0.0 ], [ -62.9202, -31.8101, 0.0 ], [ -62.922, -31.7905, 0.0 ] ] ] ] } },
{ "type": "Feature", "properties": { "circuito": "0288A", "codprov": "04", "coddepto": "020" }, "geometry": { "type": "MultiPolygon", "coordinates": [ [ [ [ -62.6682, -31.6426, 0.0 ], [ -62.6897, -31.639, 0.0 ], [ -62.7025, -31.6366, 0.0 ], [ -62.7309, -31.6316, 0.0 ], [ -62.7604, -31.6261, 0.0 ], [ -62.8012, -31.6183, 0.0 ], [ -62.8302, -31.6129, 0.0 ], [ -62.8523, -31.6087, 0.0 ], [ -62.8639, -31.6065, 0.0 ], [ -62.8784, -31.6012, 0.0 ], [ -62.8917, -31.5962, 0.0 ], [ -62.8863, -31.5935, 0.0 ], [ -62.9075, -31.5896, 0.0 ], [ -62.9097, -31.5948, 0.0 ], [ -62.9354, -31.5896, 0.0 ], [ -62.9566, -31.5852, 0.0 ], [ -62.9903, -31.5851, 0.0 ], [ -63.0036, -31.6116, 0.0 ], [ -63.0102, -31.63, 0.0 ], [ -62.9977, -31.6329, 0.0 ], [ -62.9795, -31.6391, 0.0 ], [ -62.975, -31.6424, 0.0 ], [ -62.9764, -31.6549, 0.0 ], [ -62.939, -31.6644, 0.0 ], [ -62.8976, -31.6687, 0.0 ], [ -62.8927, -31.6695, 0.0 ], [ -62.8903, -31.664, 0.0 ], [ -62.875, -31.6677, 0.0 ], [ -62.7821, -31.686, 0.0 ], [ -62.7839, -31.694, 0.0 ], [ -62.6865, -31.7111, 0.0 ], [ -62.611, -31.7238, 0.0 ], [ -62.6006, -31.683, 0.0 ], [ -62.5924, -31.6505, 0.0 ], [ -62.6103, -31.6494, 0.0 ], [ -62.6205, -31.6482, 0.0 ], [ -62.633, -31.6469, 0.0 ], [ -62.6545, -31.6449, 0.0 ], [ -62.6682, -31.6426, 0.0 ] ] ] ] } },
{ "type": "Feature", "properties": { "circuito": "00309", "codprov": "04", "coddepto": "020" }, "geometry": { "type": "MultiPolygon", "coordinates": [ [ [ [ -62.8745, -31.5794, 0.0 ], [ -62.8771, -31.5889, 0.0 ], [ -62.8917, -31.5962, 0.0 ], [ -62.8639, -31.6065, 0.0 ], [ -62.716, -31.6344, 0.0 ], [ -62.6545, -31.6449, 0.0 ], [ -62.5924, -31.6505, 0.0 ], [ -62.5707, -31.6492, 0.0 ], [ -62.5368, -31.6574, 0.0 ], [ -62.5145, -31.6574, 0.0 ], [ -62.5042, -31.6091, 0.0 ], [ -62.5129, -31.553, 0.0 ], [ -62.5115, -31.5163, 0.0 ], [ -62.5154, -31.5053, 0.0 ], [ -62.576, -31.5038, 0.0 ], [ -62.6002, -31.5038, 0.0 ], [ -62.6186, -31.5038, 0.0 ], [ -62.6442, -31.5024, 0.0 ], [ -62.6699, -31.4928, 0.0 ], [ -62.6934, -31.4855, 0.0 ], [ -62.7161, -31.4833, 0.0 ], [ -62.7396, -31.4767, 0.0 ], [ -62.7432, -31.4657, 0.0 ], [ -62.7506, -31.454, 0.0 ], [ -62.7748, -31.4554, 0.0 ], [ -62.785, -31.4606, 0.0 ], [ -62.8041, -31.4613, 0.0 ], [ -62.8188, -31.4642, 0.0 ], [ -62.8496, -31.4796, 0.0 ], [ -62.854, -31.5053, 0.0 ], [ -62.862, -31.5405, 0.0 ], [ -62.8745, -31.5794, 0.0 ] ] ] ] } },
{ "type": "Feature", "properties": { "circuito": "00301", "codprov": "04", "coddepto": "020" }, "geometry": { "type": "MultiPolygon", "coordinates": [ [ [ [ -62.9222, -31.0381, 0.0 ], [ -62.8298, -31.0521, 0.0 ], [ -62.8107, -31.0553, 0.0 ], [ -62.8009, -31.0569, 0.0 ], [ -62.7999, -31.052, 0.0 ], [ -62.7975, -31.0477, 0.0 ], [ -62.7962, -31.0353, 0.0 ], [ -62.7953, -31.0271, 0.0 ], [ -62.7924, -31.0161, 0.0 ], [ -62.7865, -31.0081, 0.0 ], [ -62.7836, -31.0022, 0.0 ], [ -62.7748, -30.9927, 0.0 ], [ -62.7689, -30.9868, 0.0 ], [ -62.7601, -30.9795, 0.0 ], [ -62.7896, -30.9805, 0.0 ], [ -62.8, -30.978, 0.0 ], [ -62.8012, -30.9713, 0.0 ], [ -62.8195, -30.9682, 0.0 ], [ -62.8195, -30.964, 0.0 ], [ -62.843, -30.9589, 0.0 ], [ -62.8323, -30.9401, 0.0 ], [ -62.9346, -30.9699, 0.0 ], [ -62.9522, -31.0323, 0.0 ], [ -62.9222, -31.0381, 0.0 ] ] ] ] } },
{ "type": "Feature", "properties": { "circuito": "00293", "codprov": "04", "coddepto": "020" }, "geometry": { "type": "MultiPolygon", "coordinates": [ [ [ [ -62.5283, -31.3519, 0.0 ], [ -62.5332, -31.2749, 0.0 ], [ -62.5177, -31.2774, 0.0 ], [ -62.5083, -31.2418, 0.0 ], [ -62.5108, -31.2362, 0.0 ], [ -62.5327, -31.2312, 0.0 ], [ -62.543, -31.2398, 0.0 ], [ -62.5702, -31.2362, 0.0 ], [ -62.6193, -31.2296, 0.0 ], [ -62.6347, -31.2266, 0.0 ], [ -62.6369, -31.2178, 0.0 ], [ -62.6574, -31.2186, 0.0 ], [ -62.6596, -31.2244, 0.0 ], [ -62.667, -31.2237, 0.0 ], [ -62.667, -31.2288, 0.0 ], [ -62.6875, -31.2303, 0.0 ], [ -62.6875, -31.2354, 0.0 ], [ -62.7029, -31.2362, 0.0 ], [ -62.7176, -31.2362, 0.0 ], [ -62.7359, -31.234, 0.0 ], [ -62.7337, -31.3161, 0.0 ], [ -62.7366, -31.3931, 0.0 ], [ -62.7278, -31.396, 0.0 ], [ -62.7271, -31.4657, 0.0 ], [ -62.7432, -31.4657, 0.0 ], [ -62.7396, -31.4767, 0.0 ], [ -62.7161, -31.4833, 0.0 ], [ -62.6909, -31.4863, 0.0 ], [ -62.6699, -31.4928, 0.0 ], [ -62.6414, -31.5025, 0.0 ], [ -62.6186, -31.5038, 0.0 ], [ -62.5885, -31.5038, 0.0 ], [ -62.5154, -31.5067, 0.0 ], [ -62.5165, -31.4752, 0.0 ], [ -62.5081, -31.4521, 0.0 ], [ -62.5108, -31.3586, 0.0 ], [ -62.5283, -31.3519, 0.0 ] ] ] ] } },
{ "type": "Feature", "properties": { "circuito": "00290", "codprov": "04", "coddepto": "020" }, "geometry": { "type": "MultiPolygon", "coordinates": [ [ [ [ -62.7374, -31.3847002, 0.0 ], [ -62.7473, -31.3748, 0.0 ], [ -62.7646, -31.367, 0.0 ], [ -62.7841, -31.3642, 0.0 ], [ -62.7942, -31.3652, 0.0 ], [ -62.8144, -31.3689, 0.0 ], [ -62.8382, -31.3696, 0.0 ], [ -62.8595, -31.3733, 0.0 ], [ -62.8763, -31.3784, 0.0 ], [ -62.8947, -31.3777, 0.0 ], [ -62.9013, -31.3762, 0.0 ], [ -62.9086, -31.3792, 0.0 ], [ -62.9167, -31.3843, 0.0 ], [ -62.924, -31.3931, 0.0 ], [ -62.9306, -31.4012, 0.0 ], [ -62.9274, -31.451, 0.0 ], [ -62.9259, -31.4787, 0.0 ], [ -62.912, -31.4781, 0.0 ], [ -62.8969, -31.4774, 0.0 ], [ -62.8917, -31.4723, 0.0 ], [ -62.8609, -31.4745, 0.0 ], [ -62.8496, -31.4796, 0.0 ], [ -62.827, -31.4683, 0.0 ], [ -62.8132, -31.4631, 0.0 ], [ -62.785, -31.4606, 0.0 ], [ -62.7748, -31.4554, 0.0 ], [ -62.7506, -31.454, 0.0 ], [ -62.7432, -31.4657, 0.0 ], [ -62.7378, -31.4657, 0.0 ], [ -62.7271, -31.4657, 0.0 ], [ -62.7278, -31.396, 0.0 ], [ -62.7366, -31.3931, 0.0 ], [ -62.7374, -31.3847002, 0.0 ] ] ] ] } },
{ "type": "Feature", "properties": { "circuito": "00283", "codprov": "04", "coddepto": "020" }, "geometry": { "type": "MultiPolygon", "coordinates": [ [ [ [ -62.7374, -31.3847, 0.0 ], [ -62.735, -31.3513, 0.0 ], [ -62.7337, -31.3161, 0.0 ], [ -62.7353, -31.2559, 0.0 ], [ -62.7358, -31.2397, 0.0 ], [ -62.7985, -31.2458, 0.0 ], [ -62.8518, -31.2486, 0.0 ], [ -62.8523, -31.2451, 0.0 ], [ -62.8703, -31.2462, 0.0 ], [ -62.8705, -31.2538, 0.0 ], [ -62.8712, -31.2816, 0.0 ], [ -62.8741, -31.2875, 0.0 ], [ -62.8785, -31.2963, 0.0 ], [ -62.8785, -31.3051, 0.0 ], [ -62.8829, -31.3168, 0.0 ], [ -62.8954, -31.3293, 0.0 ], [ -62.9035, -31.3374, 0.0 ], [ -62.9357, -31.3652, 0.0 ], [ -62.9376, -31.3743, 0.0 ], [ -62.9354, -31.3739, 0.0 ], [ -62.9343, -31.3982, 0.0 ], [ -62.9306, -31.4012, 0.0 ], [ -62.9167, -31.3843, 0.0 ], [ -62.9013, -31.3762, 0.0 ], [ -62.8955, -31.3775, 0.0 ], [ -62.8763, -31.3784, 0.0 ], [ -62.8603, -31.3735, 0.0 ], [ -62.843, -31.3704, 0.0 ], [ -62.8294, -31.3696, 0.0 ], [ -62.8184, -31.3696, 0.0 ], [ -62.8021, -31.3669, 0.0 ], [ -62.7841, -31.3642, 0.0 ], [ -62.7672, -31.3661, 0.0 ], [ -62.7609, -31.3683, 0.0 ], [ -62.7496, -31.3736, 0.0 ], [ -62.7364, -31.3865, 0.0 ], [ -62.7374, -31.3847, 0.0 ] ] ] ] } },
{ "type": "Feature", "properties": { "circuito": "0295A", "codprov": "04", "coddepto": "020" }, "geometry": { "type": "MultiPolygon", "coordinates": [ [ [ [ -63.0452, -31.1334, 0.0 ], [ -63.0333, -31.1335, 0.0 ], [ -63.0171, -31.1357, 0.0 ], [ -63.0076, -31.135, 0.0 ], [ -63.0025, -31.1372, 0.0 ], [ -62.9915, -31.1402, 0.0 ], [ -62.9717, -31.1419, 0.0 ], [ -62.9721, -31.1439, 0.0 ], [ -62.9647, -31.143, 0.0 ], [ -62.9161, -31.1562, 0.0 ], [ -62.8917, -31.1599, 0.0 ], [ -62.8851, -31.1562, 0.0 ], [ -62.8624, -31.1606, 0.0 ], [ -62.8383, -31.1666, 0.0 ], [ -62.8374, -31.1484, 0.0 ], [ -62.8368, -31.1371, 0.0 ], [ -62.8359, -31.1312, 0.0 ], [ -62.8338, -31.1188, 0.0 ], [ -62.8316, -31.1108, 0.0 ], [ -62.8287, -31.0961, 0.0 ], [ -62.8222, -31.0887, 0.0 ], [ -62.8133, -31.0785, 0.0 ], [ -62.803, -31.0726, 0.0 ], [ -62.8006, -31.0569, 0.0 ], [ -62.8783, -31.0448, 0.0 ], [ -62.9222, -31.0381, 0.0 ], [ -62.9522, -31.0323, 0.0 ], [ -62.9665, -31.08, 0.0 ], [ -63.012, -31.0704, 0.0 ], [ -63.0186, -31.0939, 0.0 ], [ -63.0369, -31.091, 0.0 ], [ -63.0452, -31.1334, 0.0 ] ] ] ] } },
{ "type": "Feature", "properties": { "circuito": "0279A", "codprov": "04", "coddepto": "020" }, "geometry": { "type": "MultiPolygon", "coordinates": [ [ [ [ -62.9354, -31.3739, 0.0 ], [ -62.9489, -31.3762, 0.0 ], [ -62.9555, -31.3814, 0.0 ], [ -62.9577, -31.3748, 0.0 ], [ -62.9695, -31.3799, 0.0 ], [ -62.9768, -31.3836, 0.0 ], [ -62.9841, -31.3792, 0.0 ], [ -62.9871, -31.4092, 0.0 ], [ -62.9915, -31.4327, 0.0 ], [ -62.9922, -31.4679, 0.0 ], [ -62.9944, -31.484, 0.0 ], [ -62.9856, -31.4877, 0.0 ], [ -62.9658, -31.4884, 0.0 ], [ -62.9621, -31.4811, 0.0 ], [ -62.9519, -31.4789, 0.0 ], [ -62.9255, -31.4804, 0.0 ], [ -62.9306, -31.4012, 0.0 ], [ -62.9343, -31.3982, 0.0 ], [ -62.9354, -31.3733, 0.0 ], [ -62.9354, -31.3739, 0.0 ] ] ] ] } },
{ "type": "Feature", "properties": { "circuito": "00308", "codprov": "04", "coddepto": "020" }, "geometry": { "type": "MultiPolygon", "coordinates": [ [ [ [ -63.1809, -31.6287, 0.0 ], [ -63.1816, -31.6325, 0.0 ], [ -63.1726, -31.6325, 0.0 ], [ -63.1726, -31.6415, 0.0 ], [ -63.1379, -31.6428, 0.0 ], [ -63.1347, -31.6716, 0.0 ], [ -63.0642, -31.6729, 0.0 ], [ -63.0637, -31.7108, 0.0 ], [ -63.0501, -31.7101, 0.0 ], [ -63.0475, -31.7441, 0.0 ], [ -63.0263, -31.7454, 0.0 ], [ -63.0257, -31.7711, 0.0 ], [ -63.0186, -31.7743, 0.0 ], [ -63.0173, -31.8173, 0.0 ], [ -62.9917, -31.8168, 0.0 ], [ -62.9825, -31.8174, 0.0 ], [ -62.9832, -31.8003, 0.0 ], [ -62.9599, -31.8022, 0.0 ], [ -62.9624, -31.7771, 0.0 ], [ -62.9563, -31.7771, 0.0 ], [ -62.9563, -31.7704, 0.0 ], [ -62.9535, -31.7653, 0.0 ], [ -62.9508, -31.7588, 0.0 ], [ -62.9465, -31.7362, 0.0 ], [ -62.946, -31.7335, 0.0 ], [ -62.945, -31.7172, 0.0 ], [ -62.9453, -31.7093, 0.0 ], [ -62.9412, -31.7014, 0.0 ], [ -62.9392, -31.6964, 0.0 ], [ -62.941, -31.6842, 0.0 ], [ -62.9447, -31.6799, 0.0 ], [ -62.9813, -31.672, 0.0 ], [ -62.9764, -31.6549, 0.0 ], [ -62.975, -31.6424, 0.0 ], [ -62.9782, -31.6396, 0.0 ], [ -62.9935, -31.6338, 0.0 ], [ -63.0102, -31.63, 0.0 ], [ -63.0076, -31.6228, 0.0 ], [ -62.9814, -31.5658, 0.0 ], [ -62.9962, -31.5645, 0.0 ], [ -63.0868, -31.5858, 0.0 ], [ -63.1219, -31.5972, 0.0 ], [ -63.1258, -31.6229, 0.0 ], [ -63.1411, -31.6229, 0.0 ], [ -63.1655, -31.6235, 0.0 ], [ -63.1809, -31.6287, 0.0 ] ] ] ] } },
{ "type": "Feature", "properties": { "circuito": "00295", "codprov": "04", "coddepto": "020" }, "geometry": { "type": "MultiPolygon", "coordinates": [ [ [ [ -63.0465, -31.1251, 0.0 ], [ -63.1209, -31.1103, 0.0 ], [ -63.1241, -31.1154, 0.0 ], [ -63.1357, -31.1552, 0.0 ], [ -63.1383, -31.1578, 0.0 ], [ -63.1524, -31.1552, 0.0 ], [ -63.1691, -31.1975, 0.0 ], [ -63.1941, -31.2784, 0.0 ], [ -63.1954, -31.2861, 0.0 ], [ -63.1434, -31.2951, 0.0 ], [ -63.146, -31.3073, 0.0 ], [ -63.0985, -31.3156, 0.0 ], [ -63.0741, -31.2989, 0.0 ], [ -63.0369, -31.281, 0.0 ], [ -63.0157, -31.2816, 0.0 ], [ -63.0055, -31.2822, 0.0 ], [ -62.9997, -31.2579, 0.0 ], [ -62.9888, -31.2091, 0.0 ], [ -62.9779, -31.1687, 0.0 ], [ -62.974, -31.1501, 0.0 ], [ -62.9715, -31.142, 0.0 ], [ -62.9908, -31.1404, 0.0 ], [ -63.0025, -31.1372, 0.0 ], [ -63.0076, -31.135, 0.0 ], [ -63.0171, -31.1357, 0.0 ], [ -63.0333, -31.1335, 0.0 ], [ -63.0452, -31.1334, 0.0 ], [ -63.0442, -31.1266, 0.0 ], [ -63.0465, -31.1251, 0.0 ] ] ] ] } },
{ "type": "Feature", "properties": { "circuito": "0283A", "codprov": "04", "coddepto": "020" }, "geometry": { "type": "MultiPolygon", "coordinates": [ [ [ [ -62.8703, -31.2462, 0.0 ], [ -62.8525, -31.2451, 0.0 ], [ -62.8529, -31.2406, 0.0 ], [ -62.8417, -31.2016, 0.0 ], [ -62.8389, -31.1885, 0.0 ], [ -62.8383, -31.1668, 0.0 ], [ -62.8476, -31.164, 0.0 ], [ -62.877, -31.1578, 0.0 ], [ -62.8851, -31.1562, 0.0 ], [ -62.8917, -31.1599, 0.0 ], [ -62.9161, -31.1562, 0.0 ], [ -62.9305, -31.1528, 0.0 ], [ -62.9491, -31.1476, 0.0 ], [ -62.9647, -31.143, 0.0 ], [ -62.9722, -31.1443, 0.0 ], [ -62.9897, -31.2134, 0.0 ], [ -62.9997, -31.2579, 0.0 ], [ -63.0055, -31.2822, 0.0 ], [ -63.0085, -31.282, 0.0 ], [ -63.0067, -31.3291, 0.0 ], [ -63.0106, -31.3297, 0.0 ], [ -63.0081, -31.3734, 0.0 ], [ -63.0074, -31.3836, 0.0 ], [ -63.0023, -31.383, 0.0 ], [ -62.992, -31.3817, 0.0 ], [ -62.9875, -31.3804, 0.0 ], [ -62.9841, -31.3792, 0.0 ], [ -62.9768, -31.3836, 0.0 ], [ -62.9577, -31.3748, 0.0 ], [ -62.9555, -31.3814, 0.0 ], [ -62.9376, -31.3743, 0.0 ], [ -62.9357, -31.3652, 0.0 ], [ -62.9174, -31.3498, 0.0 ], [ -62.8996, -31.3335, 0.0 ], [ -62.8829, -31.3168, 0.0 ], [ -62.8785, -31.3051, 0.0 ], [ -62.8785, -31.2963, 0.0 ], [ -62.8712, -31.2816, 0.0 ], [ -62.8703, -31.2462, 0.0 ] ] ] ] } },
{ "type": "Feature", "properties": { "circuito": "00314", "codprov": "04", "coddepto": "020" }, "geometry": { "type": "MultiPolygon", "coordinates": [ [ [ [ -63.146, -31.3785, 0.0 ], [ -63.131, -31.3099, 0.0 ], [ -63.146, -31.3073, 0.0 ], [ -63.1434, -31.2951, 0.0 ], [ -63.1954, -31.2861, 0.0 ], [ -63.1941, -31.2784, 0.0 ], [ -63.2415, -31.2719, 0.0 ], [ -63.2608, -31.3323, 0.0 ], [ -63.2774, -31.3283, 0.0 ], [ -63.2749, -31.415, 0.0 ], [ -63.2731, -31.4783, 0.0 ], [ -63.2666, -31.4805, 0.0 ], [ -63.2544, -31.4779, 0.0 ], [ -63.2403, -31.4753, 0.0 ], [ -63.2287, -31.4734, 0.0 ], [ -63.2178, -31.4734, 0.0 ], [ -63.2133, -31.483, 0.0 ], [ -63.2242, -31.5299, 0.0 ], [ -63.2326, -31.5696, 0.0 ], [ -63.214, -31.56, 0.0 ], [ -63.2159, -31.5735, 0.0 ], [ -63.1941, -31.5767, 0.0 ], [ -63.1941, -31.5959, 0.0 ], [ -63.1787, -31.603, 0.0 ], [ -63.1809, -31.6287, 0.0 ], [ -63.1655, -31.6235, 0.0 ], [ -63.1258, -31.6229, 0.0 ], [ -63.1225, -31.6011, 0.0 ], [ -63.1219, -31.5972, 0.0 ], [ -63.0868, -31.5858, 0.0 ], [ -63.0655, -31.5808, 0.0 ], [ -63.0664, -31.56, 0.0 ], [ -63.0664, -31.5465, 0.0 ], [ -63.0703, -31.535, 0.0 ], [ -63.0805, -31.5312, 0.0 ], [ -63.0844, -31.5312, 0.0 ], [ -63.0882, -31.5312, 0.0 ], [ -63.094, -31.5324, 0.0 ], [ -63.1107, -31.5388, 0.0 ], [ -63.1145, -31.5177, 0.0 ], [ -63.1094, -31.5055, 0.0 ], [ -63.1017, -31.4587, 0.0 ], [ -63.1254, -31.4561, 0.0 ], [ -63.1216, -31.4022, 0.0 ], [ -63.1306, -31.3945, 0.0 ], [ -63.1318, -31.3836, 0.0 ], [ -63.1405, -31.3804, 0.0 ], [ -63.146, -31.3785, 0.0 ] ] ] ] } },
{ "type": "Feature", "properties": { "circuito": "00279", "codprov": "04", "coddepto": "020" }, "geometry": { "type": "MultiPolygon", "coordinates": [ [ [ [ -62.9909, -31.565, 0.0 ], [ -62.9909, -31.5639, 0.0 ], [ -62.9909441, -31.563905, 0.0 ], [ -62.9909, -31.565, 0.0 ] ] ], [ [ [ -62.9909441, -31.563905, 0.0 ], [ -62.9926, -31.5228, 0.0 ], [ -62.9926, -31.5029, 0.0 ], [ -62.9958, -31.5029, 0.0 ], [ -62.9958, -31.4888, 0.0 ], [ -62.9944, -31.484, 0.0 ], [ -62.9923, -31.4684, 0.0 ], [ -62.9921, -31.4606, 0.0 ], [ -62.9862, -31.4368, 0.0 ], [ -62.9915, -31.4356, 0.0 ], [ -62.9875, -31.4115, 0.0 ], [ -62.9841, -31.3792, 0.0 ], [ -62.992, -31.3817, 0.0 ], [ -63.0074, -31.3836, 0.0 ], [ -63.0097, -31.3503, 0.0 ], [ -63.0106, -31.3297, 0.0 ], [ -63.0067, -31.3291, 0.0 ], [ -63.0085, -31.282, 0.0 ], [ -63.0369, -31.281, 0.0 ], [ -63.0671, -31.2925, 0.0 ], [ -63.0985, -31.3156, 0.0 ], [ -63.1303, -31.31, 0.0 ], [ -63.1399, -31.3466, 0.0 ], [ -63.146, -31.3785, 0.0 ], [ -63.1318, -31.3836, 0.0 ], [ -63.1306, -31.3945, 0.0 ], [ -63.1216, -31.4022, 0.0 ], [ -63.1254, -31.4561, 0.0 ], [ -63.1017, -31.4587, 0.0 ], [ -63.1065, -31.4878, 0.0 ], [ -63.1105, -31.5082, 0.0 ], [ -63.1145, -31.5177, 0.0 ], [ -63.1107, -31.5388, 0.0 ], [ -63.094, -31.5324, 0.0 ], [ -63.0844, -31.5312, 0.0 ], [ -63.0703, -31.535, 0.0 ], [ -63.0672, -31.544, 0.0 ], [ -63.0656, -31.58, 0.0 ], [ -63.0239, -31.571, 0.0 ], [ -62.9962, -31.5645, 0.0 ], [ -62.9909441, -31.563905, 0.0 ] ] ] ] } },
{ "type": "Feature", "properties": { "circuito": "00331", "codprov": "04", "coddepto": "021" }, "geometry": { "type": "MultiPolygon", "coordinates": [ [ [ [ -64.0474, -31.6088, 0.0 ], [ -64.0408, -31.5876, 0.0 ], [ -64.0137, -31.6066, 0.0 ], [ -63.9459, -31.5609, 0.0 ], [ -63.9611, -31.5446, 0.0 ], [ -63.9572, -31.4411, 0.0 ], [ -63.9655, -31.4418, 0.0 ], [ -63.9687, -31.4511, 0.0 ], [ -63.978, -31.4583, 0.0 ], [ -63.9829, -31.4554, 0.0 ], [ -63.9948, -31.4554, 0.0 ], [ -64.0144, -31.4467, 0.0 ], [ -64.0416, -31.4433, 0.0 ], [ -64.0502, -31.4379, 0.0 ], [ -64.0734, -31.4381, 0.0 ], [ -64.0694263, -31.4462383, 0.0 ], [ -64.0694633, -31.4690656, 0.0 ], [ -64.0618541, -31.4821282, 0.0 ], [ -64.0627983, -31.5039382, 0.0 ], [ -64.0577, -31.5269, 0.0 ], [ -64.0599, -31.5268, 0.0 ], [ -64.0609, -31.5299, 0.0 ], [ -64.0676, -31.5327, 0.0 ], [ -64.0673, -31.5397, 0.0 ], [ -64.0643, -31.5405, 0.0 ], [ -64.068, -31.556, 0.0 ], [ -64.0642, -31.5604, 0.0 ], [ -64.0669, -31.5745, 0.0 ], [ -64.0749, -31.5719, 0.0 ], [ -64.0771, -31.5854, 0.0 ], [ -64.0673, -31.5963, 0.0 ], [ -64.0817, -31.6072, 0.0 ], [ -64.0474, -31.6088, 0.0 ] ] ] ] } },
{ "type": "Feature", "properties": { "circuito": "00325", "codprov": "04", "coddepto": "021" }, "geometry": { "type": "MultiPolygon", "coordinates": [ [ [ [ -64.0822, -31.7176, 0.0 ], [ -64.079, -31.7127, 0.0 ], [ -64.0751, -31.7079, 0.0 ], [ -64.0709, -31.7069, 0.0 ], [ -64.0665, -31.705, 0.0 ], [ -64.0628, -31.7036, 0.0 ], [ -64.055, -31.6958, 0.0 ], [ -64.0507, -31.692, 0.0 ], [ -64.0429, -31.6879, 0.0 ], [ -64.0376, -31.6852, 0.0 ], [ -64.0338, -31.6833, 0.0 ], [ -64.0295, -31.6811, 0.0 ], [ -64.023, -31.6789, 0.0 ], [ -64.0181, -31.6692, 0.0 ], [ -64.0143, -31.667, 0.0 ], [ -64.0088, -31.6561, 0.0 ], [ -64.0007, -31.655, 0.0 ], [ -63.9865, -31.6436, 0.0 ], [ -64.0137, -31.6066, 0.0 ], [ -64.0319, -31.5925, 0.0 ], [ -64.0408, -31.5876, 0.0 ], [ -64.0474, -31.6088, 0.0 ], [ -64.0817, -31.6072, 0.0 ], [ -64.1062, -31.6072, 0.0 ], [ -64.1285, -31.6077, 0.0 ], [ -64.1312, -31.6382, 0.0 ], [ -64.1192, -31.6523, 0.0 ], [ -64.1127, -31.6566, 0.0 ], [ -64.1115, -31.6686, 0.0 ], [ -64.092, -31.6675, 0.0 ], [ -64.086, -31.6675, 0.0 ], [ -64.0817, -31.6806, 0.0 ], [ -64.0822, -31.7176, 0.0 ] ] ] ] } },
{ "type": "Feature", "properties": { "circuito": "00322", "codprov": "04", "coddepto": "021" }, "geometry": { "type": "MultiPolygon", "coordinates": [ [ [ [ -64.0655, -31.96, 0.0 ], [ -64.0111, -31.9601, 0.0 ], [ -63.9758, -31.9612, 0.0 ], [ -63.9687, -31.9607, 0.0 ], [ -63.9682, -31.9927, 0.0 ], [ -63.9524, -31.9993, 0.0 ], [ -63.9198, -32.0123, 0.0 ], [ -63.9182, -31.9461, 0.0 ], [ -63.9181, -31.9008, 0.0 ], [ -63.9174, -31.8718, 0.0 ], [ -63.946, -31.8715, 0.0 ], [ -63.9457, -31.8649, 0.0 ], [ -64.0013, -31.8654, 0.0 ], [ -64.0492, -31.8651, 0.0 ], [ -64.0833, -31.866, 0.0 ], [ -64.1139, -31.8657, 0.0 ], [ -64.1399, -31.8655, 0.0 ], [ -64.14, -31.8813, 0.0 ], [ -64.1395, -31.9509, 0.0 ], [ -64.084, -31.9509, 0.0 ], [ -64.084, -32.0047, 0.0 ], [ -64.0672, -32.0047, 0.0 ], [ -64.0655, -31.96, 0.0 ] ] ] ] } },
{ "type": "Feature", "properties": { "circuito": "00327", "codprov": "04", "coddepto": "021" }, "geometry": { "type": "MultiPolygon", "coordinates": [ [ [ [ -64.1399, -31.8655, 0.0 ], [ -64.1721, -31.8655, 0.0 ], [ -64.1982, -31.866, 0.0 ], [ -64.2183, -31.8666, 0.0 ], [ -64.2265, -31.8785, 0.0 ], [ -64.2374, -31.884, 0.0 ], [ -64.2477, -31.8905, 0.0 ], [ -64.257, -31.8949, 0.0 ], [ -64.2793, -31.9133, 0.0 ], [ -64.2972, -31.9128, 0.0 ], [ -64.2967, -31.9498, 0.0 ], [ -64.2771, -31.9443, 0.0 ], [ -64.2744, -31.9215, 0.0 ], [ -64.2586, -31.921, 0.0 ], [ -64.2167, -31.9193, 0.0 ], [ -64.2124, -31.921, 0.0 ], [ -64.2102, -31.9291, 0.0 ], [ -64.2205, -31.9634, 0.0 ], [ -64.2314, -32.0042, 0.0 ], [ -64.1792, -32.0047, 0.0 ], [ -64.1253, -32.0047, 0.0 ], [ -64.084, -32.0047, 0.0 ], [ -64.084, -31.9764, 0.0 ], [ -64.084, -31.9509, 0.0 ], [ -64.1101, -31.9509, 0.0 ], [ -64.1395, -31.9509, 0.0 ], [ -64.1399, -31.9025, 0.0 ], [ -64.1399, -31.8655, 0.0 ] ] ] ] } },
{ "type": "Feature", "properties": { "circuito": "00319", "codprov": "04", "coddepto": "021" }, "geometry": { "type": "MultiPolygon", "coordinates": [ [ [ [ -64.0578, -31.5209, 0.0 ], [ -64.147431, -31.525321, 0.0 ], [ -64.168461, -31.524957, 0.0 ], [ -64.191924, -31.525026, 0.0 ], [ -64.213, -31.5254, 0.0 ], [ -64.2313766, -31.5255142, 0.0 ], [ -64.2364, -31.5332, 0.0 ], [ -64.2439, -31.5462, 0.0 ], [ -64.2472, -31.5544, 0.0 ], [ -64.2499, -31.5647, 0.0 ], [ -64.2238, -31.5658, 0.0 ], [ -64.1998, -31.5664, 0.0 ], [ -64.1939, -31.5664, 0.0 ], [ -64.1928, -31.5691, 0.0 ], [ -64.183, -31.5691, 0.0 ], [ -64.1765, -31.5696, 0.0 ], [ -64.1683, -31.5696, 0.0 ], [ -64.1661, -31.5642, 0.0 ], [ -64.1542, -31.5642, 0.0 ], [ -64.1536, -31.5654, 0.0 ], [ -64.1357, -31.5658, 0.0 ], [ -64.1216, -31.5661, 0.0 ], [ -64.1073, -31.566, 0.0 ], [ -64.0965, -31.5659, 0.0 ], [ -64.084, -31.5658, 0.0 ], [ -64.0807, -31.5691, 0.0 ], [ -64.0786, -31.5707, 0.0 ], [ -64.0669, -31.5745, 0.0 ], [ -64.0642, -31.5604, 0.0 ], [ -64.068, -31.556, 0.0 ], [ -64.0664, -31.5488, 0.0 ], [ -64.0658, -31.5462, 0.0 ], [ -64.0643, -31.5405, 0.0 ], [ -64.0673, -31.5397, 0.0 ], [ -64.0676, -31.534, 0.0 ], [ -64.0609, -31.5299, 0.0 ], [ -64.0599, -31.5268, 0.0 ], [ -64.0577, -31.5269, 0.0 ], [ -64.0578, -31.5209, 0.0 ] ] ] ] } },
{ "type": "Feature", "properties": { "circuito": "00318", "codprov": "04", "coddepto": "021" }, "geometry": { "type": "MultiPolygon", "coordinates": [ [ [ [ -64.2499, -31.5647, 0.0 ], [ -64.2604, -31.5936, 0.0 ], [ -64.2728, -31.6139, 0.0 ], [ -64.2778, -31.6218, 0.0 ], [ -64.256, -31.6213, 0.0 ], [ -64.2647, -31.6305, 0.0 ], [ -64.2734, -31.643, 0.0 ], [ -64.2854, -31.6507, 0.0 ], [ -64.2919, -31.6556, 0.0 ], [ -64.2968, -31.6572, 0.0 ], [ -64.2995, -31.6605, 0.0 ], [ -64.2788, -31.6615, 0.0 ], [ -64.275, -31.6643, 0.0 ], [ -64.2348, -31.667, 0.0 ], [ -64.2022, -31.6686, 0.0 ], [ -64.1962, -31.6708, 0.0 ], [ -64.1684, -31.6708, 0.0 ], [ -64.1483, -31.6713, 0.0 ], [ -64.1351, -31.6702, 0.0 ], [ -64.1255, -31.6692, 0.0 ], [ -64.1116, -31.6681, 0.0 ], [ -64.1127, -31.6566, 0.0 ], [ -64.1192, -31.6523, 0.0 ], [ -64.13, -31.6396, 0.0 ], [ -64.1299, -31.6242, 0.0 ], [ -64.1285, -31.6077, 0.0 ], [ -64.0817, -31.6072, 0.0 ], [ -64.0759, -31.6028, 0.0 ], [ -64.0673, -31.5963, 0.0 ], [ -64.0771, -31.5854, 0.0 ], [ -64.0749, -31.5719, 0.0 ], [ -64.0786, -31.5707, 0.0 ], [ -64.084, -31.5658, 0.0 ], [ -64.1199, -31.5661, 0.0 ], [ -64.1357, -31.5658, 0.0 ], [ -64.1536, -31.5654, 0.0 ], [ -64.1542, -31.5642, 0.0 ], [ -64.1661, -31.5642, 0.0 ], [ -64.1683, -31.5696, 0.0 ], [ -64.1928, -31.5691, 0.0 ], [ -64.1939, -31.5664, 0.0 ], [ -64.2006, -31.5663, 0.0 ], [ -64.245, -31.5649, 0.0 ], [ -64.2499, -31.5647, 0.0 ] ] ] ] } },
{ "type": "Feature", "properties": { "circuito": "00320", "codprov": "04", "coddepto": "021" }, "geometry": { "type": "MultiPolygon", "coordinates": [ [ [ [ -64.1399, -31.8655, 0.0 ], [ -64.0833, -31.866, 0.0 ], [ -64.0459, -31.8651, 0.0 ], [ -63.9921, -31.8653, 0.0 ], [ -63.9457, -31.8649, 0.0 ], [ -63.9459, -31.7997, 0.0 ], [ -63.9459, -31.7486, 0.0 ], [ -63.9584, -31.7404, 0.0 ], [ -63.9834, -31.7437, 0.0 ], [ -64.003, -31.7458, 0.0 ], [ -64.0318, -31.7654, 0.0 ], [ -64.0329, -31.7747, 0.0 ], [ -64.0443, -31.7817, 0.0 ], [ -64.0513, -31.7883, 0.0 ], [ -64.0557, -31.7888, 0.0 ], [ -64.0628, -31.7948, 0.0 ], [ -64.0659, -31.7958, 0.0 ], [ -64.0748, -31.8002, 0.0 ], [ -64.0797, -31.81, 0.0 ], [ -64.0818, -31.8182, 0.0 ], [ -64.0851, -31.8193, 0.0 ], [ -64.0894, -31.8209, 0.0 ], [ -64.1063, -31.8176, 0.0 ], [ -64.1156, -31.8171, 0.0 ], [ -64.1313, -31.8144, 0.0 ], [ -64.1406, -31.8138, 0.0 ], [ -64.1403, -31.8366, 0.0 ], [ -64.1399, -31.8655, 0.0 ] ] ] ] } },
{ "type": "Feature", "properties": { "circuito": "00322", "codprov": "04", "coddepto": "021" }, "geometry": { "type": "MultiPolygon", "coordinates": [ [ [ [ -64.1406, -31.8138, 0.0 ], [ -64.1156, -31.8171, 0.0 ], [ -64.0894, -31.8209, 0.0 ], [ -64.0818, -31.8182, 0.0 ], [ -64.0748, -31.8002, 0.0 ], [ -64.0613, -31.7935, 0.0 ], [ -64.0557, -31.7888, 0.0 ], [ -64.0503, -31.7882, 0.0 ], [ -64.0443, -31.7817, 0.0 ], [ -64.0329, -31.7747, 0.0 ], [ -64.032, -31.7675, 0.0 ], [ -64.0318, -31.711, 0.0 ], [ -64.0316, -31.6822, 0.0 ], [ -64.0494, -31.6911, 0.0 ], [ -64.0633, -31.7041, 0.0 ], [ -64.0757, -31.7086, 0.0 ], [ -64.0822, -31.7176, 0.0 ], [ -64.082, -31.6985, 0.0 ], [ -64.0817, -31.6806, 0.0 ], [ -64.086, -31.6675, 0.0 ], [ -64.1255, -31.6692, 0.0 ], [ -64.1455, -31.6713, 0.0 ], [ -64.1601, -31.671, 0.0 ], [ -64.1732, -31.6708, 0.0 ], [ -64.1732, -31.6871, 0.0 ], [ -64.152, -31.7154, 0.0 ], [ -64.1406, -31.7306, 0.0 ], [ -64.1406, -31.7732, 0.0 ], [ -64.1406, -31.8138, 0.0 ] ] ] ] } },
{ "type": "Feature", "properties": { "circuito": "00323", "codprov": "04", "coddepto": "021" }, "geometry": { "type": "MultiPolygon", "coordinates": [ [ [ [ -64.336, -31.8053, 0.0 ], [ -64.3339, -31.8021, 0.0 ], [ -64.3324, -31.8004, 0.0 ], [ -64.3159, -31.8013, 0.0 ], [ -64.3116, -31.8026, 0.0 ], [ -64.3115, -31.8288, 0.0 ], [ -64.2979, -31.8299, 0.0 ], [ -64.2962, -31.8723, 0.0 ], [ -64.2972, -31.9128, 0.0 ], [ -64.2826, -31.9132, 0.0 ], [ -64.2784, -31.9127, 0.0 ], [ -64.257, -31.8949, 0.0 ], [ -64.2265, -31.8785, 0.0 ], [ -64.2183, -31.8666, 0.0 ], [ -64.1891, -31.8658, 0.0 ], [ -64.1399, -31.8655, 0.0 ], [ -64.1406, -31.8138, 0.0 ], [ -64.1406, -31.7306, 0.0 ], [ -64.1732, -31.6871, 0.0 ], [ -64.1728, -31.6708, 0.0 ], [ -64.1962, -31.6708, 0.0 ], [ -64.2059, -31.6684, 0.0 ], [ -64.256, -31.6655, 0.0 ], [ -64.275, -31.6643, 0.0 ], [ -64.2788, -31.6615, 0.0 ], [ -64.2995, -31.6605, 0.0 ], [ -64.3049, -31.6678, 0.0 ], [ -64.3066, -31.6792, 0.0 ], [ -64.3093, -31.6917, 0.0 ], [ -64.3245, -31.7303, 0.0 ], [ -64.3262, -31.7586, 0.0 ], [ -64.3343, -31.782, 0.0 ], [ -64.336, -31.8053, 0.0 ] ] ] ] } },
{ "type": "Feature", "properties": { "circuito": "00317", "codprov": "04", "coddepto": "021" }, "geometry": { "type": "MultiPolygon", "coordinates": [ [ [ [ -64.3623, -31.658, 0.0 ], [ -64.3623, -31.6765, 0.0 ], [ -64.3628, -31.7031, 0.0 ], [ -64.3661, -31.7064, 0.0 ], [ -64.3655, -31.7271, 0.0 ], [ -64.365, -31.7646, 0.0 ], [ -64.3481, -31.7885, 0.0 ], [ -64.3361, -31.8061, 0.0 ], [ -64.3343, -31.782, 0.0 ], [ -64.3262, -31.7586, 0.0 ], [ -64.324, -31.7289, 0.0 ], [ -64.3102, -31.6941, 0.0 ], [ -64.3054, -31.6708, 0.0 ], [ -64.2995, -31.6605, 0.0 ], [ -64.279, -31.6466, 0.0 ], [ -64.266, -31.6368, 0.0 ], [ -64.256, -31.6213, 0.0 ], [ -64.2975, -31.6205, 0.0 ], [ -64.3628, -31.6183, 0.0 ], [ -64.3623, -31.658, 0.0 ] ] ] ] } },
{ "type": "Feature", "properties": { "circuito": "00316", "codprov": "04", "coddepto": "021" }, "geometry": { "type": "MultiPolygon", "coordinates": [ [ [ [ -64.4203, -31.6175, 0.0 ], [ -64.5506, -31.6126, 0.0 ], [ -64.5502, -31.6341, 0.0 ], [ -64.5463, -31.6466, 0.0 ], [ -64.5425, -31.6651, 0.0 ], [ -64.5409, -31.6694, 0.0 ], [ -64.5322, -31.6868, 0.0 ], [ -64.5235, -31.6961, 0.0 ], [ -64.4332, -31.6961, 0.0 ], [ -64.4213, -31.6895, 0.0 ], [ -64.4158, -31.6841, 0.0 ], [ -64.4104, -31.6781, 0.0 ], [ -64.3623, -31.6765, 0.0 ], [ -64.3623, -31.658, 0.0 ], [ -64.3626, -31.6346, 0.0 ], [ -64.3984, -31.6341, 0.0 ], [ -64.4224, -31.6346, 0.0 ], [ -64.4203, -31.6175, 0.0 ] ] ] ] } },
{ "type": "Feature", "properties": { "circuito": "00324", "codprov": "04", "coddepto": "021" }, "geometry": { "type": "MultiPolygon", "coordinates": [ [ [ [ -64.5506, -31.6126, 0.0 ], [ -64.4885, -31.6149, 0.0 ], [ -64.4473, -31.6165, 0.0 ], [ -64.4407, -31.6167, 0.0 ], [ -64.4361, -31.6232, 0.0 ], [ -64.4201, -31.6174, 0.0 ], [ -64.4163, -31.5914, 0.0 ], [ -64.4244, -31.5669, 0.0 ], [ -64.4249, -31.5579, 0.0 ], [ -64.4418, -31.5585, 0.0 ], [ -64.4543, -31.5585, 0.0 ], [ -64.55, -31.5585, 0.0 ], [ -64.5511, -31.5748, 0.0 ], [ -64.5527, -31.59, 0.0 ], [ -64.5506, -31.6126, 0.0 ] ] ] ] } },
{ "type": "Feature", "properties": { "circuito": "00329", "codprov": "04", "coddepto": "021" }, "geometry": { "type": "MultiPolygon", "coordinates": [ [ [ [ -64.6302, -31.7518, 0.0 ], [ -64.4974, -31.7518, 0.0 ], [ -64.4975, -31.7257, 0.0 ], [ -64.519, -31.72, 0.0 ], [ -64.53, -31.698, 0.0 ], [ -64.5432, -31.6963, 0.0 ], [ -64.5544, -31.6996, 0.0 ], [ -64.5623, -31.7097, 0.0 ], [ -64.5739, -31.7071, 0.0 ], [ -64.5867, -31.7072, 0.0 ], [ -64.6001, -31.708, 0.0 ], [ -64.6057, -31.6991, 0.0 ], [ -64.6207, -31.698, 0.0 ], [ -64.6388, -31.6951, 0.0 ], [ -64.6483, -31.6955, 0.0 ], [ -64.6642, -31.6958, 0.0 ], [ -64.6727, -31.6898, 0.0 ], [ -64.6773, -31.6817, 0.0 ], [ -64.6827, -31.6825, 0.0 ], [ -64.692, -31.6754, 0.0 ], [ -64.7034, -31.6738, 0.0 ], [ -64.7086, -31.6746, 0.0 ], [ -64.72, -31.6754, 0.0 ], [ -64.7311, -31.6765, 0.0 ], [ -64.727, -31.6836, 0.0 ], [ -64.7284, -31.6982, 0.0 ], [ -64.732, -31.7231, 0.0 ], [ -64.7336, -31.7298, 0.0 ], [ -64.7412, -31.7518, 0.0 ], [ -64.6302, -31.7518, 0.0 ] ] ] ] } },
{ "type": "Feature", "properties": { "circuito": "00328", "codprov": "04", "coddepto": "021" }, "geometry": { "type": "MultiPolygon", "coordinates": [ [ [ [ -64.5307, -31.7518, 0.0 ], [ -64.6259, -31.7518, 0.0 ], [ -64.7156, -31.7518, 0.0 ], [ -64.7412, -31.7518, 0.0 ], [ -64.7513, -31.7667, 0.0 ], [ -64.7582, -31.7714, 0.0 ], [ -64.7477, -31.816, 0.0 ], [ -64.7907, -31.8258, 0.0 ], [ -64.8141, -31.8339, 0.0 ], [ -64.8554, -31.8503, 0.0 ], [ -64.8761, -31.8644, 0.0 ], [ -64.8886, -31.8774, 0.0 ], [ -64.8936, -31.8894, 0.0 ], [ -64.8984, -31.901, 0.0 ], [ -64.8347, -31.8938, 0.0 ], [ -64.8195, -31.8932, 0.0 ], [ -64.8059, -31.8921, 0.0 ], [ -64.789, -31.8927, 0.0 ], [ -64.7825, -31.8932, 0.0 ], [ -64.7744, -31.8916, 0.0 ], [ -64.7613, -31.8883, 0.0 ], [ -64.7457, -31.8868, 0.0 ], [ -64.7387, -31.8864, 0.0 ], [ -64.7189, -31.8889, 0.0 ], [ -64.7113, -31.8851, 0.0 ], [ -64.6982, -31.8818, 0.0 ], [ -64.6824, -31.8845, 0.0 ], [ -64.6737, -31.89, 0.0 ], [ -64.6596, -31.8883, 0.0 ], [ -64.6487, -31.8878, 0.0 ], [ -64.6422, -31.8861, 0.0 ], [ -64.6286, -31.8894, 0.0 ], [ -64.6221, -31.8916, 0.0 ], [ -64.6156, -31.8894, 0.0 ], [ -64.6087, -31.8853, 0.0 ], [ -64.5997, -31.8832, 0.0 ], [ -64.5959, -31.8835, 0.0 ], [ -64.5855, -31.8791, 0.0 ], [ -64.5704, -31.8802, 0.0 ], [ -64.5639, -31.8788, 0.0 ], [ -64.5563, -31.8813, 0.0 ], [ -64.5531, -31.8829, 0.0 ], [ -64.5468, -31.883, 0.0 ], [ -64.5459, -31.8766, 0.0 ], [ -64.5449, -31.8726, 0.0 ], [ -64.5435, -31.8692, 0.0 ], [ -64.5413, -31.8649, 0.0 ], [ -64.5398, -31.8619, 0.0 ], [ -64.5392, -31.8591, 0.0 ], [ -64.5388, -31.8559, 0.0 ], [ -64.5375, -31.852, 0.0 ], [ -64.5368, -31.8483, 0.0 ], [ -64.5361, -31.8458, 0.0 ], [ -64.5355, -31.8425, 0.0 ], [ -64.5351, -31.8405, 0.0 ], [ -64.5344, -31.8371, 0.0 ], [ -64.5335, -31.8332, 0.0 ], [ -64.5323, -31.8279, 0.0 ], [ -64.5308, -31.8208, 0.0 ], [ -64.5297, -31.8158, 0.0 ], [ -64.5291, -31.8131, 0.0 ], [ -64.5286, -31.8109, 0.0 ], [ -64.5281, -31.8083, 0.0 ], [ -64.5275, -31.8055, 0.0 ], [ -64.5265, -31.8008, 0.0 ], [ -64.5257, -31.7972, 0.0 ], [ -64.5205, -31.7796, 0.0 ], [ -64.5307, -31.7518, 0.0 ] ] ] ] } },
{ "type": "Feature", "properties": { "circuito": "0328B", "codprov": "04", "coddepto": "021" }, "geometry": { "type": "MultiPolygon", "coordinates": [ [ [ [ -64.5307, -31.7518, 0.0 ], [ -64.5304, -31.7528, 0.0 ], [ -64.5269, -31.7622, 0.0 ], [ -64.5205, -31.7796, 0.0 ], [ -64.5257, -31.7972, 0.0 ], [ -64.5275, -31.8055, 0.0 ], [ -64.5293, -31.814, 0.0 ], [ -64.5309, -31.8211, 0.0 ], [ -64.5188, -31.8214, 0.0 ], [ -64.5135, -31.8214, 0.0 ], [ -64.5121, -31.8219, 0.0 ], [ -64.5043, -31.8219, 0.0 ], [ -64.5025, -31.8217, 0.0 ], [ -64.4997, -31.8233, 0.0 ], [ -64.4972, -31.8232, 0.0 ], [ -64.4974, -31.7518, 0.0 ], [ -64.5307, -31.7518, 0.0 ] ] ] ] } },
{ "type": "Feature", "properties": { "circuito": "00330", "codprov": "04", "coddepto": "021" }, "geometry": { "type": "MultiPolygon", "coordinates": [ [ [ [ -64.4089, -31.7747, 0.0 ], [ -64.4092, -31.8402, 0.0 ], [ -64.4064, -31.8394, 0.0 ], [ -64.4029, -31.8394, 0.0 ], [ -64.401, -31.8405, 0.0 ], [ -64.398, -31.8421, 0.0 ], [ -64.3937, -31.8429, 0.0 ], [ -64.3877, -31.8429, 0.0 ], [ -64.3833, -31.8435, 0.0 ], [ -64.3803, -31.8418, 0.0 ], [ -64.3779, -31.8394, 0.0 ], [ -64.3773, -31.8345, 0.0 ], [ -64.3776, -31.8309, 0.0 ], [ -64.3722, -31.8266, 0.0 ], [ -64.3657, -31.8247, 0.0 ], [ -64.3572, -31.8214, 0.0 ], [ -64.3518, -31.8176, 0.0 ], [ -64.3363, -31.8054, 0.0 ], [ -64.3575, -31.7749, 0.0 ], [ -64.4089, -31.7747, 0.0 ] ] ] ] } },
{ "type": "Feature", "properties": { "circuito": "0330A", "codprov": "04", "coddepto": "021" }, "geometry": { "type": "MultiPolygon", "coordinates": [ [ [ [ -64.4972, -31.8232, 0.0 ], [ -64.4927, -31.8248, 0.0 ], [ -64.4907, -31.8259, 0.0 ], [ -64.4875, -31.8279, 0.0 ], [ -64.4866, -31.8315, 0.0 ], [ -64.4836, -31.8315, 0.0 ], [ -64.4837, -31.8375, 0.0 ], [ -64.4829, -31.8391, 0.0 ], [ -64.4845, -31.8435, 0.0 ], [ -64.4853, -31.8454, 0.0 ], [ -64.481, -31.8456, 0.0 ], [ -64.4758, -31.8432, 0.0 ], [ -64.4733, -31.8416, 0.0 ], [ -64.4712, -31.8413, 0.0 ], [ -64.4701, -31.8432, 0.0 ], [ -64.4663, -31.8426, 0.0 ], [ -64.4633, -31.8416, 0.0 ], [ -64.4606, -31.8437, 0.0 ], [ -64.4548, -31.847, 0.0 ], [ -64.4516, -31.8462, 0.0 ], [ -64.4497, -31.8421, 0.0 ], [ -64.4456, -31.8388, 0.0 ], [ -64.4377, -31.8388, 0.0 ], [ -64.435, -31.8421, 0.0 ], [ -64.4309, -31.8484, 0.0 ], [ -64.4287, -31.8541, 0.0 ], [ -64.426, -31.8573, 0.0 ], [ -64.4209, -31.8587, 0.0 ], [ -64.4184, -31.8549, 0.0 ], [ -64.4165, -31.8484, 0.0 ], [ -64.4135, -31.8418, 0.0 ], [ -64.4092, -31.8402, 0.0 ], [ -64.409, -31.804, 0.0 ], [ -64.4089, -31.7747, 0.0 ], [ -64.4974, -31.7747, 0.0 ], [ -64.4974, -31.8187, 0.0 ], [ -64.4972, -31.8232, 0.0 ] ] ] ] } },
{ "type": "Feature", "properties": { "circuito": "0316A", "codprov": "04", "coddepto": "021" }, "geometry": { "type": "MultiPolygon", "coordinates": [ [ [ [ -64.365, -31.7646, 0.0 ], [ -64.3655, -31.7279, 0.0 ], [ -64.3661, -31.7064, 0.0 ], [ -64.3616, -31.705, 0.0 ], [ -64.3623, -31.6765, 0.0 ], [ -64.4104, -31.6781, 0.0 ], [ -64.4129, -31.6809, 0.0 ], [ -64.4151, -31.6833, 0.0 ], [ -64.417, -31.6853, 0.0 ], [ -64.4177, -31.6859, 0.0 ], [ -64.4187, -31.687, 0.0 ], [ -64.4201, -31.6884, 0.0 ], [ -64.4218, -31.6898, 0.0 ], [ -64.4317, -31.6953, 0.0 ], [ -64.4342, -31.6961, 0.0 ], [ -64.4339, -31.7015, 0.0 ], [ -64.4316, -31.7015, 0.0 ], [ -64.4313, -31.7065, 0.0 ], [ -64.4319, -31.711, 0.0 ], [ -64.4317, -31.7165, 0.0 ], [ -64.4315, -31.7199, 0.0 ], [ -64.4307, -31.7219, 0.0 ], [ -64.4301, -31.7256, 0.0 ], [ -64.4296, -31.7278, 0.0 ], [ -64.4294, -31.7283, 0.0 ], [ -64.4296, -31.7312, 0.0 ], [ -64.4306, -31.732, 0.0 ], [ -64.4319, -31.7336, 0.0 ], [ -64.4317, -31.736, 0.0 ], [ -64.4315, -31.738, 0.0 ], [ -64.4317, -31.7396, 0.0 ], [ -64.4324, -31.7399, 0.0 ], [ -64.4333, -31.741, 0.0 ], [ -64.434, -31.7405, 0.0 ], [ -64.4349, -31.7409, 0.0 ], [ -64.4364, -31.7416, 0.0 ], [ -64.4361, -31.7467, 0.0 ], [ -64.4357, -31.7533, 0.0 ], [ -64.4315, -31.7535, 0.0 ], [ -64.4175, -31.7532, 0.0 ], [ -64.4094, -31.7297, 0.0 ], [ -64.4035, -31.732, 0.0 ], [ -64.3962, -31.7348, 0.0 ], [ -64.3865, -31.7419, 0.0 ], [ -64.3749, -31.7541, 0.0 ], [ -64.365, -31.7646, 0.0 ] ] ] ] } },
{ "type": "Feature", "properties": { "circuito": "0316C", "codprov": "04", "coddepto": "021" }, "geometry": { "type": "MultiPolygon", "coordinates": [ [ [ [ -64.4975, -31.7257, 0.0 ], [ -64.4974, -31.7518, 0.0 ], [ -64.4974, -31.7745, 0.0 ], [ -64.4566, -31.7747, 0.0 ], [ -64.4198, -31.7747, 0.0 ], [ -64.3854, -31.7748, 0.0 ], [ -64.358, -31.7749, 0.0 ], [ -64.3647, -31.765, 0.0 ], [ -64.3749, -31.7541, 0.0 ], [ -64.3825, -31.7469, 0.0 ], [ -64.387, -31.7415, 0.0 ], [ -64.3957, -31.736, 0.0 ], [ -64.397, -31.7345, 0.0 ], [ -64.3968, -31.737, 0.0 ], [ -64.3971, -31.7393, 0.0 ], [ -64.3975, -31.7405, 0.0 ], [ -64.4014, -31.7454, 0.0 ], [ -64.4059, -31.7511, 0.0 ], [ -64.4071, -31.7506, 0.0 ], [ -64.4103, -31.7537, 0.0 ], [ -64.4175, -31.7532, 0.0 ], [ -64.4357, -31.7533, 0.0 ], [ -64.4376, -31.7535, 0.0 ], [ -64.4445, -31.7536, 0.0 ], [ -64.4558, -31.7507, 0.0 ], [ -64.464, -31.7438, 0.0 ], [ -64.4771, -31.7392, 0.0 ], [ -64.4887, -31.7343, 0.0 ], [ -64.4975, -31.7257, 0.0 ] ] ] ] } },
{ "type": "Feature", "properties": { "circuito": "0316F", "codprov": "04", "coddepto": "021" }, "geometry": { "type": "MultiPolygon", "coordinates": [ [ [ [ -64.4175, -31.7532, 0.0 ], [ -64.4103, -31.7537, 0.0 ], [ -64.4071, -31.7506, 0.0 ], [ -64.4059, -31.7511, 0.0 ], [ -64.3975, -31.7405, 0.0 ], [ -64.3968, -31.737, 0.0 ], [ -64.397, -31.7351, 0.0 ], [ -64.4035, -31.732, 0.0 ], [ -64.4094, -31.7297, 0.0 ], [ -64.4128, -31.7394, 0.0 ], [ -64.4175, -31.7532, 0.0 ] ] ] ] } },
{ "type": "Feature", "properties": { "circuito": "0316H", "codprov": "04", "coddepto": "021" }, "geometry": { "type": "MultiPolygon", "coordinates": [ [ [ [ -64.4466, -31.7327, 0.0 ], [ -64.4453, -31.7334, 0.0 ], [ -64.4451, -31.7347, 0.0 ], [ -64.4444, -31.7365, 0.0 ], [ -64.4435, -31.7388, 0.0 ], [ -64.4429, -31.7407, 0.0 ], [ -64.4412, -31.742, 0.0 ], [ -64.4398, -31.7421, 0.0 ], [ -64.4378, -31.742, 0.0 ], [ -64.4364, -31.7416, 0.0 ], [ -64.4349, -31.7409, 0.0 ], [ -64.4342, -31.7406, 0.0 ], [ -64.4333, -31.741, 0.0 ], [ -64.4324, -31.7399, 0.0 ], [ -64.4317, -31.7396, 0.0 ], [ -64.4316, -31.7376, 0.0 ], [ -64.4316, -31.7364, 0.0 ], [ -64.4318, -31.7349, 0.0 ], [ -64.4318, -31.7334, 0.0 ], [ -64.4307, -31.7321, 0.0 ], [ -64.4296, -31.7312, 0.0 ], [ -64.4295, -31.7288, 0.0 ], [ -64.4294, -31.7283, 0.0 ], [ -64.4298, -31.7268, 0.0 ], [ -64.4301, -31.7257, 0.0 ], [ -64.433, -31.7255, 0.0 ], [ -64.434, -31.7259, 0.0 ], [ -64.4385, -31.7276, 0.0 ], [ -64.4414, -31.7295, 0.0 ], [ -64.4466, -31.7327, 0.0 ] ] ] ] } },
{ "type": "Feature", "properties": { "circuito": "0316D", "codprov": "04", "coddepto": "021" }, "geometry": { "type": "MultiPolygon", "coordinates": [ [ [ [ -64.478, -31.7384, 0.0 ], [ -64.478, -31.7388, 0.0 ], [ -64.4745, -31.7401, 0.0 ], [ -64.464, -31.7435, 0.0 ], [ -64.4606, -31.7467, 0.0 ], [ -64.4561, -31.7504, 0.0 ], [ -64.4484, -31.7523, 0.0 ], [ -64.444, -31.7536, 0.0 ], [ -64.4361, -31.7533, 0.0 ], [ -64.4361, -31.7459, 0.0 ], [ -64.4364, -31.7419, 0.0 ], [ -64.4398, -31.7421, 0.0 ], [ -64.4419, -31.7415, 0.0 ], [ -64.4432, -31.7398, 0.0 ], [ -64.4444, -31.7365, 0.0 ], [ -64.4451, -31.7344, 0.0 ], [ -64.4466, -31.7327, 0.0 ], [ -64.4483, -31.7335, 0.0 ], [ -64.4492, -31.7334, 0.0 ], [ -64.4601, -31.7312, 0.0 ], [ -64.465, -31.7319, 0.0 ], [ -64.4657, -31.7327, 0.0 ], [ -64.4694, -31.7312, 0.0 ], [ -64.4708, -31.7312, 0.0 ], [ -64.4717, -31.7315, 0.0 ], [ -64.4727, -31.7324, 0.0 ], [ -64.4756, -31.7347, 0.0 ], [ -64.4763, -31.7359, 0.0 ], [ -64.478, -31.7384, 0.0 ] ] ] ] } },
{ "type": "Feature", "properties": { "circuito": "0316B", "codprov": "04", "coddepto": "021" }, "geometry": { "type": "MultiPolygon", "coordinates": [ [ [ [ -64.5235, -31.6961, 0.0 ], [ -64.525, -31.6986, 0.0 ], [ -64.5296, -31.6982, 0.0 ], [ -64.5256, -31.7069, 0.0 ], [ -64.519, -31.72, 0.0 ], [ -64.5176, -31.7204, 0.0 ], [ -64.4975, -31.7257, 0.0 ], [ -64.4878, -31.7347, 0.0 ], [ -64.4787, -31.7385, 0.0 ], [ -64.4756, -31.7347, 0.0 ], [ -64.4727, -31.7324, 0.0 ], [ -64.4694, -31.7312, 0.0 ], [ -64.4657, -31.7327, 0.0 ], [ -64.4638, -31.7317, 0.0 ], [ -64.4601, -31.7312, 0.0 ], [ -64.4616, -31.7233, 0.0 ], [ -64.4619, -31.7114, 0.0 ], [ -64.4614, -31.6961, 0.0 ], [ -64.4728, -31.6961, 0.0 ], [ -64.5235, -31.6961, 0.0 ] ] ] ] } },
{ "type": "Feature", "properties": { "circuito": "0316I", "codprov": "04", "coddepto": "021" }, "geometry": { "type": "MultiPolygon", "coordinates": [ [ [ [ -64.4612, -31.6961, 0.0 ], [ -64.4618, -31.7091, 0.0 ], [ -64.4617, -31.7197, 0.0 ], [ -64.4616, -31.7233, 0.0 ], [ -64.4615, -31.7314, 0.0 ], [ -64.4601, -31.7312, 0.0 ], [ -64.4582, -31.7315, 0.0 ], [ -64.4525, -31.7327, 0.0 ], [ -64.4483, -31.7335, 0.0 ], [ -64.4466, -31.7327, 0.0 ], [ -64.4422, -31.73, 0.0 ], [ -64.4376, -31.7272, 0.0 ], [ -64.4333, -31.7256, 0.0 ], [ -64.4301, -31.7257, 0.0 ], [ -64.4313, -31.7204, 0.0 ], [ -64.4318, -31.7153, 0.0 ], [ -64.4316, -31.7015, 0.0 ], [ -64.4339, -31.7015, 0.0 ], [ -64.4345, -31.6961, 0.0 ], [ -64.461, -31.6961, 0.0 ], [ -64.4612, -31.6961, 0.0 ] ] ] ] } },
{ "type": "Feature", "properties": { "circuito": "0316G", "codprov": "04", "coddepto": "021" }, "geometry": { "type": "MultiPolygon", "coordinates": [ [ [ [ -64.418, -31.6016, 0.0 ], [ -64.4224, -31.6346, 0.0 ], [ -64.3984, -31.6341, 0.0 ], [ -64.3626, -31.6363, 0.0 ], [ -64.3628, -31.6183, 0.0 ], [ -64.3637, -31.601, 0.0 ], [ -64.4179, -31.6011, 0.0 ], [ -64.418, -31.6016, 0.0 ] ] ] ] } },
{ "type": "Feature", "properties": { "circuito": "0316J", "codprov": "04", "coddepto": "021" }, "geometry": { "type": "MultiPolygon", "coordinates": [ [ [ [ -64.4249, -31.5579, 0.0 ], [ -64.4243, -31.5671, 0.0 ], [ -64.4164, -31.5909, 0.0 ], [ -64.4178, -31.6011, 0.0 ], [ -64.3637, -31.601, 0.0 ], [ -64.3628, -31.6183, 0.0 ], [ -64.2778, -31.6218, 0.0 ], [ -64.2604, -31.5936, 0.0 ], [ -64.2499, -31.5647, 0.0 ], [ -64.4249, -31.5579, 0.0 ] ] ] ] } },
{ "type": "Feature", "properties": { "circuito": "0316E", "codprov": "04", "coddepto": "021" }, "geometry": { "type": "MultiPolygon", "coordinates": [ [ [ [ -64.2313766, -31.5255142, 0.0 ], [ -64.3176, -31.5268, 0.0 ], [ -64.3176098, -31.4964391, 0.0 ], [ -64.3648, -31.4949, 0.0 ], [ -64.3621, -31.5042, 0.0 ], [ -64.3708, -31.5069, 0.0 ], [ -64.3729, -31.5096, 0.0 ], [ -64.3767, -31.5112, 0.0 ], [ -64.3865, -31.5232, 0.0 ], [ -64.3909, -31.5303, 0.0 ], [ -64.3936, -31.5411, 0.0 ], [ -64.4001, -31.5466, 0.0 ], [ -64.4143, -31.5583, 0.0 ], [ -64.3257, -31.5618, 0.0 ], [ -64.2499, -31.5647, 0.0 ], [ -64.2461, -31.5517, 0.0 ], [ -64.2403, -31.54, 0.0 ], [ -64.2293, -31.5224, 0.0 ], [ -64.2313766, -31.5255142, 0.0 ] ] ] ] } },
{ "type": "Feature", "properties": { "circuito": "0326C", "codprov": "04", "coddepto": "021" }, "geometry": { "type": "MultiPolygon", "coordinates": [ [ [ [ -64.5435, -31.5585, 0.0 ], [ -64.4543, -31.5585, 0.0 ], [ -64.4549, -31.5518, 0.0 ], [ -64.4522, -31.5343, 0.0 ], [ -64.45, -31.5246, 0.0 ], [ -64.4457, -31.511, 0.0 ], [ -64.4402, -31.5001, 0.0 ], [ -64.4364, -31.4914, 0.0 ], [ -64.431, -31.4767, 0.0 ], [ -64.4255, -31.4604, 0.0 ], [ -64.4207, -31.4544, 0.0 ], [ -64.4109, -31.4582, 0.0 ], [ -64.4005, -31.4577, 0.0 ], [ -64.4011, -31.4533, 0.0 ], [ -64.4032, -31.4484, 0.0 ], [ -64.4011, -31.443, 0.0 ], [ -64.3985, -31.4417, 0.0 ], [ -64.3962, -31.437, 0.0 ], [ -64.3962, -31.431, 0.0 ], [ -64.3962, -31.4272, 0.0 ], [ -64.3984, -31.4239, 0.0 ], [ -64.3976, -31.421, 0.0 ], [ -64.3968, -31.4181, 0.0 ], [ -64.3989, -31.4142, 0.0 ], [ -64.4005, -31.4105, 0.0 ], [ -64.4, -31.4027, 0.0 ], [ -64.3989, -31.3951, 0.0 ], [ -64.3989, -31.3891, 0.0 ], [ -64.3974, -31.3845, 0.0 ], [ -64.3918, -31.3783, 0.0 ], [ -64.3897, -31.3734, 0.0 ], [ -64.3853, -31.3728, 0.0 ], [ -64.3848, -31.3668, 0.0 ], [ -64.3869, -31.3543, 0.0 ], [ -64.3918, -31.35, 0.0 ], [ -64.3989, -31.3522, 0.0 ], [ -64.4114, -31.3543, 0.0 ], [ -64.4185, -31.3576, 0.0 ], [ -64.4277, -31.3625, 0.0 ], [ -64.4337, -31.3728, 0.0 ], [ -64.4473, -31.3848, 0.0 ], [ -64.462, -31.4038, 0.0 ], [ -64.475, -31.4218, 0.0 ], [ -64.493, -31.4397, 0.0 ], [ -64.499, -31.449, 0.0 ], [ -64.5147, -31.474, 0.0 ], [ -64.523, -31.494, 0.0 ], [ -64.5436, -31.5403, 0.0 ], [ -64.5488, -31.5583, 0.0 ], [ -64.5435, -31.5585, 0.0 ] ] ] ] } },
{ "type": "Feature", "properties": { "circuito": "0326A", "codprov": "04", "coddepto": "021" }, "geometry": { "type": "MultiPolygon", "coordinates": [ [ [ [ -64.3648, -31.4949, 0.0 ], [ -64.4005, -31.4577, 0.0 ], [ -64.4103, -31.4582, 0.0 ], [ -64.4201, -31.4546, 0.0 ], [ -64.4255, -31.4604, 0.0 ], [ -64.4291, -31.4711, 0.0 ], [ -64.4376, -31.494, 0.0 ], [ -64.4443, -31.5083, 0.0 ], [ -64.4496, -31.5234, 0.0 ], [ -64.4521, -31.534, 0.0 ], [ -64.4549, -31.5518, 0.0 ], [ -64.4543, -31.5585, 0.0 ], [ -64.4237, -31.558, 0.0 ], [ -64.4143, -31.5583, 0.0 ], [ -64.3944, -31.5439, 0.0 ], [ -64.3909, -31.5303, 0.0 ], [ -64.3857, -31.5222, 0.0 ], [ -64.3767, -31.5112, 0.0 ], [ -64.3729, -31.5096, 0.0 ], [ -64.3714, -31.5077, 0.0 ], [ -64.3621, -31.5042, 0.0 ], [ -64.3648, -31.4949, 0.0 ] ] ] ] } },
{ "type": "Feature", "properties": { "circuito": "00335", "codprov": "04", "coddepto": "022" }, "geometry": { "type": "MultiPolygon", "coordinates": [ [ [ [ -63.9341, -29.7422, 0.0 ], [ -63.9446, -29.7465, 0.0 ], [ -63.9421, -29.757, 0.0 ], [ -63.9526, -29.76, 0.0 ], [ -63.9685, -29.7533, 0.0 ], [ -63.9974, -29.7447, 0.0 ], [ -64.0286, -29.736, 0.0 ], [ -64.0287, -29.7729, 0.0 ], [ -64.0281, -29.8312, 0.0 ], [ -64.0281, -29.8558, 0.0 ], [ -64.0502, -29.8539, 0.0 ], [ -64.0618, -29.8681, 0.0 ], [ -64.0741, -29.8889, 0.0 ], [ -64.0821, -29.908, 0.0 ], [ -64.0821, -29.9276, 0.0 ], [ -64.0833, -29.9368, 0.0 ], [ -64.0759, -29.9399, 0.0 ], [ -64.0686, -29.9423, 0.0 ], [ -64.0606, -29.9436, 0.0 ], [ -64.0495, -29.9448, 0.0 ], [ -64.0508, -29.9522, 0.0 ], [ -64.0538, -29.9601, 0.0 ], [ -64.0422, -29.962, 0.0 ], [ -64.0317, -29.9638, 0.0 ], [ -64.0305, -29.9712, 0.0 ], [ -64.0293, -29.9798, 0.0 ], [ -64.0238, -29.9884, 0.0 ], [ -64.0182, -29.9841, 0.0 ], [ -64.009, -29.9853, 0.0 ], [ -64.0004, -29.9871, 0.0 ], [ -63.9943, -29.989, 0.0 ], [ -63.9906, -29.9914, 0.0 ], [ -63.9851, -29.9939, 0.0 ], [ -63.9845, -30.0037, 0.0 ], [ -63.9845, -30.0197, 0.0 ], [ -63.9691, -30.0221, 0.0 ], [ -63.9593, -30.0178, 0.0 ], [ -63.9526, -30.0141, 0.0 ], [ -63.947, -30.0111, 0.0 ], [ -63.9403, -30.0105, 0.0 ], [ -63.9299, -29.9933, 0.0 ], [ -63.9163, -29.9865, 0.0 ], [ -63.9071, -29.9804, 0.0 ], [ -63.8998, -29.9638, 0.0 ], [ -63.9071, -29.9564, 0.0 ], [ -63.8998, -29.9411, 0.0 ], [ -63.8967, -29.9159, 0.0 ], [ -63.8949, -29.8957, 0.0 ], [ -63.8875, -29.8914, 0.0 ], [ -63.8795, -29.8834, 0.0 ], [ -63.8752, -29.8791, 0.0 ], [ -63.8718, -29.8769, 0.0 ], [ -63.8657, -29.8737, 0.0 ], [ -63.8697, -29.8533, 0.0 ], [ -63.8648, -29.8165, 0.0 ], [ -63.8611, -29.7864, 0.0 ], [ -63.858, -29.7606, 0.0 ], [ -63.8709, -29.7606, 0.0 ], [ -63.8875, -29.7551, 0.0 ], [ -63.9053, -29.7527, 0.0 ], [ -63.9157, -29.7496, 0.0 ], [ -63.9341, -29.7422, 0.0 ] ] ] ] } },
{ "type": "Feature", "properties": { "circuito": "00332", "codprov": "04", "coddepto": "022" }, "geometry": { "type": "MultiPolygon", "coordinates": [ [ [ [ -63.9341, -29.7422, 0.0 ], [ -63.9388, -29.7134, 0.0 ], [ -63.9338, -29.6925, 0.0 ], [ -63.9437, -29.668, 0.0 ], [ -63.9584, -29.6409, 0.0 ], [ -63.967, -29.6219, 0.0 ], [ -63.9572, -29.6207, 0.0 ], [ -63.9664, -29.5808, 0.0 ], [ -63.9731, -29.555, 0.0 ], [ -64.0363, -29.5452, 0.0 ], [ -64.1223, -29.5323, 0.0 ], [ -64.2463, -29.5127, 0.0 ], [ -64.3347, -29.4979, 0.0 ], [ -64.4053, -29.5065, 0.0 ], [ -64.463, -29.5133, 0.0 ], [ -64.463, -29.5845, 0.0 ], [ -64.4623, -29.6225, 0.0 ], [ -64.385, -29.6391, 0.0 ], [ -64.3058, -29.6551, 0.0 ], [ -64.2051, -29.6778, 0.0 ], [ -64.1732, -29.6839, 0.0 ], [ -64.118, -29.7017, 0.0 ], [ -64.1137, -29.7054, 0.0 ], [ -64.1137, -29.7128, 0.0 ], [ -64.1118, -29.7232, 0.0 ], [ -64.1088, -29.7257, 0.0 ], [ -64.1063, -29.725, 0.0 ], [ -64.1014, -29.725, 0.0 ], [ -64.0959, -29.7177, 0.0 ], [ -64.0842, -29.7158, 0.0 ], [ -64.075, -29.7164, 0.0 ], [ -64.0634, -29.7214, 0.0 ], [ -64.0554, -29.7232, 0.0 ], [ -64.0456, -29.7238, 0.0 ], [ -64.0413, -29.7287, 0.0 ], [ -64.0333, -29.7336, 0.0 ], [ -64.0247, -29.7379, 0.0 ], [ -64.0142, -29.74, 0.0 ], [ -63.9974, -29.7447, 0.0 ], [ -63.976, -29.751, 0.0 ], [ -63.9588, -29.7574, 0.0 ], [ -63.9526, -29.76, 0.0 ], [ -63.9421, -29.757, 0.0 ], [ -63.9446, -29.7465, 0.0 ], [ -63.9341, -29.7422, 0.0 ] ] ] ] } },
{ "type": "Feature", "properties": { "circuito": "00334", "codprov": "04", "coddepto": "022" }, "geometry": { "type": "MultiPolygon", "coordinates": [ [ [ [ -64.0858, -29.9296, 0.0 ], [ -64.0821, -29.908, 0.0 ], [ -64.0719, -29.8851, 0.0 ], [ -64.0502, -29.8539, 0.0 ], [ -64.0281, -29.8558, 0.0 ], [ -64.0283, -29.8044, 0.0 ], [ -64.0286, -29.736, 0.0 ], [ -64.0333, -29.7336, 0.0 ], [ -64.0456, -29.7238, 0.0 ], [ -64.0554, -29.7232, 0.0 ], [ -64.0634, -29.7214, 0.0 ], [ -64.075, -29.7164, 0.0 ], [ -64.0959, -29.7177, 0.0 ], [ -64.1014, -29.725, 0.0 ], [ -64.1063, -29.725, 0.0 ], [ -64.1118, -29.7232, 0.0 ], [ -64.1137, -29.7054, 0.0 ], [ -64.1291, -29.6981, 0.0 ], [ -64.1519, -29.6908, 0.0 ], [ -64.1732, -29.6839, 0.0 ], [ -64.2445, -29.6689, 0.0 ], [ -64.3058, -29.6551, 0.0 ], [ -64.385, -29.6391, 0.0 ], [ -64.4623, -29.6225, 0.0 ], [ -64.4635, -29.6737, 0.0 ], [ -64.4635, -29.7479, 0.0 ], [ -64.4643, -29.8322, 0.0 ], [ -64.4032, -29.843, 0.0 ], [ -64.4024, -29.9412, 0.0 ], [ -64.3545, -29.9528, 0.0 ], [ -64.2694, -29.9737, 0.0 ], [ -64.2161, -29.9853, 0.0 ], [ -64.1987, -30.0257, 0.0 ], [ -64.185, -30.0547, 0.0 ], [ -64.1736, -30.079, 0.0 ], [ -64.1546, -30.0814, 0.0 ], [ -64.0968, -30.0889, 0.0 ], [ -64.0367, -29.9783, 0.0 ], [ -64.0365, -29.9703, 0.0 ], [ -64.0317, -29.9638, 0.0 ], [ -64.0422, -29.962, 0.0 ], [ -64.0519, -29.9583, 0.0 ], [ -64.0495, -29.9448, 0.0 ], [ -64.0686, -29.9423, 0.0 ], [ -64.0833, -29.9368, 0.0 ], [ -64.0858, -29.9296, 0.0 ] ] ] ] } },
{ "type": "Feature", "properties": { "circuito": "00333", "codprov": "04", "coddepto": "022" }, "geometry": { "type": "MultiPolygon", "coordinates": [ [ [ [ -64.0971, -30.0879, 0.0 ], [ -64.0985, -30.0905, 0.0 ], [ -64.0970726, -30.0879044, 0.0 ], [ -64.0971, -30.0879, 0.0 ] ] ], [ [ [ -64.0970726, -30.0879044, 0.0 ], [ -64.0332, -30.0982, 0.0 ], [ -63.993, -30.1013, 0.0 ], [ -63.9636, -30.0936, 0.0 ], [ -63.9551, -30.0897, 0.0 ], [ -63.9426, -30.0915, 0.0 ], [ -63.9427, -30.0549, 0.0 ], [ -63.9389, -30.0518, 0.0 ], [ -63.9403, -30.0105, 0.0 ], [ -63.9403, -30.011, 0.0 ], [ -63.947, -30.0111, 0.0 ], [ -63.9593, -30.0178, 0.0 ], [ -63.9691, -30.0221, 0.0 ], [ -63.9845, -30.0197, 0.0 ], [ -63.9851, -29.9939, 0.0 ], [ -63.9906, -29.9914, 0.0 ], [ -63.9943, -29.989, 0.0 ], [ -64.009, -29.9853, 0.0 ], [ -64.0182, -29.9841, 0.0 ], [ -64.0238, -29.9884, 0.0 ], [ -64.0293, -29.9798, 0.0 ], [ -64.0317, -29.9638, 0.0 ], [ -64.0365, -29.9721, 0.0 ], [ -64.0367, -29.9783, 0.0 ], [ -64.0686, -30.0361, 0.0 ], [ -64.0970726, -30.0879044, 0.0 ] ] ] ] } },
{ "type": "Feature", "properties": { "circuito": "0337A", "codprov": "04", "coddepto": "023" }, "geometry": { "type": "MultiPolygon", "coordinates": [ [ [ [ -63.9789, -32.0898, 0.0 ], [ -63.9751, -32.0908, 0.0 ], [ -63.9750984, -32.0907647, 0.0 ], [ -63.9789, -32.0898, 0.0 ] ] ], [ [ [ -63.9750984, -32.0907647, 0.0 ], [ -63.9655, -32.0932, 0.0 ], [ -63.9512, -32.0932, 0.0 ], [ -63.9369, -32.0949, 0.0 ], [ -63.9293, -32.0949, 0.0 ], [ -63.9218, -32.0974, 0.0 ], [ -63.9041, -32.1007, 0.0 ], [ -63.8966, -32.1016, 0.0 ], [ -63.8798, -32.1016, 0.0 ], [ -63.8328, -32.1016, 0.0 ], [ -63.8302, -32.0949, 0.0 ], [ -63.8034, -32.1024, 0.0 ], [ -63.8026, -32.0536, 0.0 ], [ -63.8017, -31.9949, 0.0 ], [ -63.8613, -31.9941, 0.0 ], [ -63.919, -31.9943, 0.0 ], [ -63.9193, -32.0109, 0.0 ], [ -63.9419, -32.0033, 0.0 ], [ -63.9671, -31.9932, 0.0 ], [ -63.9663, -32.0252, 0.0 ], [ -63.9663, -32.0596, 0.0 ], [ -63.9739, -32.0638, 0.0 ], [ -63.9750984, -32.0907647, 0.0 ] ] ] ] } },
{ "type": "Feature", "properties": { "circuito": "00337", "codprov": "04", "coddepto": "023" }, "geometry": { "type": "MultiPolygon", "coordinates": [ [ [ [ -63.7223933, -32.1672154, 0.0 ], [ -63.7192, -32.1587, 0.0 ], [ -63.7166, -32.1314, 0.0 ], [ -63.7171, -32.1159, 0.0 ], [ -63.7183, -32.0932, 0.0 ], [ -63.7423, -32.0928, 0.0 ], [ -63.754, -32.1012, 0.0 ], [ -63.8034, -32.1003, 0.0 ], [ -63.8034, -32.1024, 0.0 ], [ -63.8179, -32.0983, 0.0 ], [ -63.8302, -32.0949, 0.0 ], [ -63.8328, -32.1016, 0.0 ], [ -63.8798, -32.1016, 0.0 ], [ -63.9013, -32.1011, 0.0 ], [ -63.9218, -32.0974, 0.0 ], [ -63.9293, -32.0949, 0.0 ], [ -63.9369, -32.0949, 0.0 ], [ -63.9512, -32.0932, 0.0 ], [ -63.9697, -32.0921, 0.0 ], [ -63.9768, -32.0903, 0.0 ], [ -63.977, -32.1024, 0.0 ], [ -63.9854, -32.1184, 0.0 ], [ -63.9951, -32.1398, 0.0 ], [ -63.9959, -32.152, 0.0 ], [ -63.9963, -32.1705, 0.0 ], [ -63.9917, -32.17, 0.0 ], [ -63.9867, -32.1694, 0.0 ], [ -63.9837, -32.1688, 0.0 ], [ -63.9783, -32.1696, 0.0 ], [ -63.9707, -32.1709, 0.0 ], [ -63.9653, -32.1709, 0.0 ], [ -63.9594, -32.1709, 0.0 ], [ -63.9552, -32.1692, 0.0 ], [ -63.948, -32.1668, 0.0 ], [ -63.9458, -32.1674, 0.0 ], [ -63.9402, -32.1689, 0.0 ], [ -63.9333, -32.1679, 0.0 ], [ -63.9298, -32.1705, 0.0 ], [ -63.9251, -32.1739, 0.0 ], [ -63.917, -32.1765, 0.0 ], [ -63.915, -32.1811, 0.0 ], [ -63.9123, -32.1782, 0.0 ], [ -63.9056, -32.1789, 0.0 ], [ -63.8989, -32.1776, 0.0 ], [ -63.8943, -32.1755, 0.0 ], [ -63.8887, -32.1751, 0.0 ], [ -63.8846, -32.1747, 0.0 ], [ -63.8783, -32.1751, 0.0 ], [ -63.8734, -32.1748, 0.0 ], [ -63.8703, -32.1747, 0.0 ], [ -63.864, -32.1747, 0.0 ], [ -63.8615, -32.1772, 0.0 ], [ -63.8586, -32.181, 0.0 ], [ -63.8581, -32.1891, 0.0 ], [ -63.8579, -32.192, 0.0 ], [ -63.8513, -32.1935, 0.0 ], [ -63.8464, -32.1928, 0.0 ], [ -63.8401, -32.1919, 0.0 ], [ -63.8342, -32.1938, 0.0 ], [ -63.8298, -32.1995, 0.0 ], [ -63.8275, -32.1994, 0.0 ], [ -63.825, -32.1994, 0.0 ], [ -63.8223, -32.2001, 0.0 ], [ -63.8157, -32.2024, 0.0 ], [ -63.8128, -32.2028, 0.0 ], [ -63.8069, -32.2024, 0.0 ], [ -63.8018, -32.2045, 0.0 ], [ -63.7972, -32.2064, 0.0 ], [ -63.7974, -32.2125, 0.0 ], [ -63.7872, -32.2129, 0.0 ], [ -63.7759, -32.2204, 0.0 ], [ -63.7494, -32.2234, 0.0 ], [ -63.7389, -32.2217, 0.0 ], [ -63.7284, -32.2179, 0.0 ], [ -63.728, -32.1982, 0.0 ], [ -63.7271, -32.1822, 0.0 ], [ -63.7223933, -32.1672154, 0.0 ] ], [ [ -63.7222, -32.1666, 0.0 ], [ -63.7225, -32.1675, 0.0 ], [ -63.7223933, -32.1672154, 0.0 ], [ -63.7222, -32.1666, 0.0 ] ] ] ] } },
{ "type": "Feature", "properties": { "circuito": "00343", "codprov": "04", "coddepto": "023" }, "geometry": { "type": "MultiPolygon", "coordinates": [ [ [ [ -63.4378, -32.0949, 0.0 ], [ -63.4252, -32.0965, 0.0 ], [ -63.4168, -32.089, 0.0 ], [ -63.4076, -32.0881, 0.0 ], [ -63.3933, -32.0881, 0.0 ], [ -63.384, -32.0881, 0.0 ], [ -63.3649, -32.0833, 0.0 ], [ -63.3555, -32.0839, 0.0 ], [ -63.3429, -32.0865, 0.0 ], [ -63.321, -32.0806, 0.0 ], [ -63.3101, -32.0806, 0.0 ], [ -63.3051, -32.0865, 0.0 ], [ -63.2832, -32.0923, 0.0 ], [ -63.2454, -32.0789, 0.0 ], [ -63.2064, -32.0661, 0.0 ], [ -63.1976, -32.093, 0.0 ], [ -63.1922, -32.1095, 0.0 ], [ -63.1597, -32.0566, 0.0 ], [ -63.1345, -32.0163, 0.0 ], [ -63.1224, -31.997, 0.0 ], [ -63.1201, -31.9975, 0.0 ], [ -63.1061, -31.9489, 0.0 ], [ -63.1295, -31.9445, 0.0 ], [ -63.1589, -31.9479, 0.0 ], [ -63.1648, -31.9554, 0.0 ], [ -63.1749, -31.968, 0.0 ], [ -63.1836, -31.9786, 0.0 ], [ -63.1904, -31.985, 0.0 ], [ -63.2026, -31.9924, 0.0 ], [ -63.2077, -31.9958, 0.0 ], [ -63.2268, -31.9971, 0.0 ], [ -63.2291, -31.9691, 0.0 ], [ -63.2354, -31.9575, 0.0 ], [ -63.2369, -31.9341, 0.0 ], [ -63.2883, -31.942, 0.0 ], [ -63.3351, -31.9485, 0.0 ], [ -63.3377, -31.9715, 0.0 ], [ -63.383, -31.9782, 0.0 ], [ -63.3872, -31.995, 0.0 ], [ -63.3965, -32.0212, 0.0 ], [ -63.4134, -32.0504, 0.0 ], [ -63.4378, -32.0949, 0.0 ] ] ] ] } },
{ "type": "Feature", "properties": { "circuito": "00341", "codprov": "04", "coddepto": "023" }, "geometry": { "type": "MultiPolygon", "coordinates": [ [ [ [ -63.5092, -32.2326, 0.0 ], [ -63.4554, -32.2561, 0.0 ], [ -63.4101, -32.2259, 0.0 ], [ -63.3731, -32.2049, 0.0 ], [ -63.426, -32.1394, 0.0 ], [ -63.4663, -32.0932, 0.0 ], [ -63.4731, -32.0949, 0.0 ], [ -63.4823, -32.0831, 0.0 ], [ -63.5125, -32.1049, 0.0 ], [ -63.5386, -32.1201, 0.0 ], [ -63.5571, -32.1327, 0.0 ], [ -63.6175, -32.1721, 0.0 ], [ -63.5831, -32.1931, 0.0 ], [ -63.5688, -32.2032, 0.0 ], [ -63.5436, -32.2225, 0.0 ], [ -63.5352, -32.2293, 0.0 ], [ -63.5235, -32.2251, 0.0 ], [ -63.5176, -32.2259, 0.0 ], [ -63.5125, -32.2276, 0.0 ], [ -63.5092, -32.2326, 0.0 ] ] ] ] } },
{ "type": "Feature", "properties": { "circuito": "00344", "codprov": "04", "coddepto": "023" }, "geometry": { "type": "MultiPolygon", "coordinates": [ [ [ [ -63.6175, -32.1721, 0.0 ], [ -63.5622, -32.136, 0.0 ], [ -63.4929, -32.0908, 0.0 ], [ -63.4823, -32.0831, 0.0 ], [ -63.4731, -32.0949, 0.0 ], [ -63.4663, -32.0932, 0.0 ], [ -63.4378, -32.0949, 0.0 ], [ -63.4134, -32.0504, 0.0 ], [ -63.3954, -32.018, 0.0 ], [ -63.3872, -31.995, 0.0 ], [ -63.383, -31.9782, 0.0 ], [ -63.4378, -31.984, 0.0 ], [ -63.4369, -31.9899, 0.0 ], [ -63.5285, -31.9882, 0.0 ], [ -63.5663, -31.9874, 0.0 ], [ -63.5797, -31.9722, 0.0 ], [ -63.5992, -31.9836, 0.0 ], [ -63.6142, -31.9924, 0.0 ], [ -63.6587, -32.0201, 0.0 ], [ -63.6763, -32.0008, 0.0 ], [ -63.6755, -32.0386, 0.0 ], [ -63.6772, -32.0848, 0.0 ], [ -63.6797, -32.1436, 0.0 ], [ -63.6578, -32.1436, 0.0 ], [ -63.6461, -32.1503, 0.0 ], [ -63.6175, -32.1721, 0.0 ] ] ] ] } },
{ "type": "Feature", "properties": { "circuito": "00345", "codprov": "04", "coddepto": "023" }, "geometry": { "type": "MultiPolygon", "coordinates": [ [ [ [ -63.5295, -32.3053, 0.0 ], [ -63.5174, -32.2662, 0.0 ], [ -63.5092, -32.2326, 0.0 ], [ -63.5142, -32.227, 0.0 ], [ -63.5218, -32.2253, 0.0 ], [ -63.5337, -32.2305, 0.0 ], [ -63.5571, -32.2122, 0.0 ], [ -63.5792, -32.1959, 0.0 ], [ -63.6044, -32.1802, 0.0 ], [ -63.6175, -32.1721, 0.0 ], [ -63.6339, -32.1596, 0.0 ], [ -63.6461, -32.1503, 0.0 ], [ -63.6578, -32.1436, 0.0 ], [ -63.6797, -32.1436, 0.0 ], [ -63.6792, -32.1312, 0.0 ], [ -63.6941, -32.1245, 0.0 ], [ -63.7171, -32.1159, 0.0 ], [ -63.7166, -32.1314, 0.0 ], [ -63.718, -32.1462, 0.0 ], [ -63.7192, -32.1587, 0.0 ], [ -63.7225, -32.1675, 0.0 ], [ -63.7267, -32.1808, 0.0 ], [ -63.7278, -32.1948, 0.0 ], [ -63.7282, -32.2091, 0.0 ], [ -63.7284, -32.2179, 0.0 ], [ -63.7262, -32.2242, 0.0 ], [ -63.7267, -32.2306, 0.0 ], [ -63.7239, -32.2325, 0.0 ], [ -63.7216, -32.2312, 0.0 ], [ -63.7197, -32.2287, 0.0 ], [ -63.7157, -32.2291, 0.0 ], [ -63.7139, -32.232, 0.0 ], [ -63.7132, -32.2331, 0.0 ], [ -63.7101, -32.2342, 0.0 ], [ -63.7002, -32.233, 0.0 ], [ -63.697, -32.2298, 0.0 ], [ -63.6959, -32.2321, 0.0 ], [ -63.6871, -32.2289, 0.0 ], [ -63.6845, -32.2263, 0.0 ], [ -63.6833, -32.2253, 0.0 ], [ -63.6792, -32.2264, 0.0 ], [ -63.6687, -32.2308, 0.0 ], [ -63.6667, -32.2369, 0.0 ], [ -63.6647, -32.2396, 0.0 ], [ -63.6609, -32.2418, 0.0 ], [ -63.6561, -32.2429, 0.0 ], [ -63.6523, -32.2461, 0.0 ], [ -63.6508, -32.2475, 0.0 ], [ -63.6487, -32.2492, 0.0 ], [ -63.6464, -32.2505, 0.0 ], [ -63.6449, -32.2526, 0.0 ], [ -63.6439, -32.2542, 0.0 ], [ -63.6426, -32.2559, 0.0 ], [ -63.6403, -32.2574, 0.0 ], [ -63.6384, -32.2576, 0.0 ], [ -63.637, -32.2576, 0.0 ], [ -63.634, -32.2608, 0.0 ], [ -63.6308, -32.2613, 0.0 ], [ -63.6278, -32.2621, 0.0 ], [ -63.6247, -32.263, 0.0 ], [ -63.6218, -32.264, 0.0 ], [ -63.6202, -32.2645, 0.0 ], [ -63.6187, -32.2601, 0.0 ], [ -63.6166, -32.261, 0.0 ], [ -63.6153, -32.2622, 0.0 ], [ -63.6149, -32.2631, 0.0 ], [ -63.6153, -32.2649, 0.0 ], [ -63.6153, -32.2675, 0.0 ], [ -63.6139, -32.2683, 0.0 ], [ -63.6082, -32.2679, 0.0 ], [ -63.6059, -32.2685, 0.0 ], [ -63.6048, -32.27, 0.0 ], [ -63.6046, -32.2717, 0.0 ], [ -63.6031, -32.2732, 0.0 ], [ -63.6017, -32.2747, 0.0 ], [ -63.5977, -32.2789, 0.0 ], [ -63.595, -32.2817, 0.0 ], [ -63.5903, -32.2828, 0.0 ], [ -63.5882, -32.2838, 0.0 ], [ -63.5857, -32.2866, 0.0 ], [ -63.5836, -32.2897, 0.0 ], [ -63.5806, -32.2915, 0.0 ], [ -63.5778, -32.2943, 0.0 ], [ -63.5779, -32.2967, 0.0 ], [ -63.575, -32.2971, 0.0 ], [ -63.5712, -32.2993, 0.0 ], [ -63.5685, -32.3006, 0.0 ], [ -63.5651, -32.3043, 0.0 ], [ -63.5631, -32.3057, 0.0 ], [ -63.5618, -32.3061, 0.0 ], [ -63.5601, -32.3107, 0.0 ], [ -63.5559, -32.3153, 0.0 ], [ -63.5418, -32.3149, 0.0 ], [ -63.5326, -32.3153, 0.0 ], [ -63.5297, -32.3053, 0.0 ], [ -63.5295, -32.3053, 0.0 ] ] ] ] } },
{ "type": "Feature", "properties": { "circuito": "00346", "codprov": "04", "coddepto": "023" }, "geometry": { "type": "MultiPolygon", "coordinates": [ [ [ [ -63.7974, -32.2125, 0.0 ], [ -63.797, -32.2469, 0.0 ], [ -63.7974, -32.288, 0.0 ], [ -63.7982, -32.3305, 0.0 ], [ -63.7907, -32.3326, 0.0 ], [ -63.7667, -32.3439, 0.0 ], [ -63.7592, -32.3481, 0.0 ], [ -63.7369, -32.3527, 0.0 ], [ -63.7319, -32.3389, 0.0 ], [ -63.7182, -32.3333, 0.0 ], [ -63.7041, -32.3275, 0.0 ], [ -63.6823, -32.3351, 0.0 ], [ -63.6613, -32.3477, 0.0 ], [ -63.6097, -32.3809, 0.0 ], [ -63.5887, -32.3943, 0.0 ], [ -63.5761, -32.4014, 0.0 ], [ -63.5647, -32.3817, 0.0 ], [ -63.5513, -32.3397, 0.0 ], [ -63.5432, -32.3148, 0.0 ], [ -63.5559, -32.3153, 0.0 ], [ -63.5601, -32.3107, 0.0 ], [ -63.5618, -32.3061, 0.0 ], [ -63.5643, -32.3053, 0.0 ], [ -63.5685, -32.3006, 0.0 ], [ -63.5702, -32.2998, 0.0 ], [ -63.575, -32.2971, 0.0 ], [ -63.5869, -32.2853, 0.0 ], [ -63.5903, -32.2828, 0.0 ], [ -63.595, -32.2817, 0.0 ], [ -63.6046, -32.2717, 0.0 ], [ -63.6059, -32.2685, 0.0 ], [ -63.6082, -32.2679, 0.0 ], [ -63.6139, -32.2683, 0.0 ], [ -63.6153, -32.2622, 0.0 ], [ -63.6187, -32.2601, 0.0 ], [ -63.6199, -32.2638, 0.0 ], [ -63.6239, -32.2633, 0.0 ], [ -63.6294, -32.2616, 0.0 ], [ -63.634, -32.2608, 0.0 ], [ -63.6357, -32.2592, 0.0 ], [ -63.637, -32.2576, 0.0 ], [ -63.6384, -32.2576, 0.0 ], [ -63.64, -32.2574, 0.0 ], [ -63.641, -32.257, 0.0 ], [ -63.6426, -32.2559, 0.0 ], [ -63.6436, -32.2546, 0.0 ], [ -63.6449, -32.2526, 0.0 ], [ -63.6464, -32.2505, 0.0 ], [ -63.6487, -32.2492, 0.0 ], [ -63.6503, -32.2479, 0.0 ], [ -63.6516, -32.2468, 0.0 ], [ -63.6523, -32.2461, 0.0 ], [ -63.6542, -32.2447, 0.0 ], [ -63.6551, -32.2431, 0.0 ], [ -63.6585, -32.2423, 0.0 ], [ -63.6598, -32.2424, 0.0 ], [ -63.6617, -32.2414, 0.0 ], [ -63.6633, -32.2405, 0.0 ], [ -63.6647, -32.2396, 0.0 ], [ -63.6659, -32.2384, 0.0 ], [ -63.6667, -32.2369, 0.0 ], [ -63.6679, -32.2327, 0.0 ], [ -63.6687, -32.2308, 0.0 ], [ -63.672, -32.2294, 0.0 ], [ -63.6757, -32.2282, 0.0 ], [ -63.6792, -32.2264, 0.0 ], [ -63.6805, -32.2263, 0.0 ], [ -63.681, -32.2257, 0.0 ], [ -63.6833, -32.2253, 0.0 ], [ -63.6859, -32.2275, 0.0 ], [ -63.6871, -32.2289, 0.0 ], [ -63.689, -32.2296, 0.0 ], [ -63.692, -32.2307, 0.0 ], [ -63.6959, -32.2321, 0.0 ], [ -63.697, -32.2298, 0.0 ], [ -63.7002, -32.233, 0.0 ], [ -63.7101, -32.2342, 0.0 ], [ -63.7132, -32.2331, 0.0 ], [ -63.7157, -32.2291, 0.0 ], [ -63.7197, -32.2287, 0.0 ], [ -63.7216, -32.2312, 0.0 ], [ -63.7239, -32.2325, 0.0 ], [ -63.7267, -32.2306, 0.0 ], [ -63.7265, -32.2283, 0.0 ], [ -63.7256, -32.2254, 0.0 ], [ -63.7284, -32.2179, 0.0 ], [ -63.7301, -32.2185, 0.0 ], [ -63.7406, -32.222, 0.0 ], [ -63.7494, -32.2234, 0.0 ], [ -63.7572, -32.2225, 0.0 ], [ -63.7759, -32.2204, 0.0 ], [ -63.7872, -32.2129, 0.0 ], [ -63.7968, -32.2121, 0.0 ], [ -63.7974, -32.2125, 0.0 ] ] ] ] } },
{ "type": "Feature", "properties": { "circuito": "00349", "codprov": "04", "coddepto": "023" }, "geometry": { "type": "MultiPolygon", "coordinates": [ [ [ [ -63.7974, -32.2125, 0.0 ], [ -63.7974, -32.2063, 0.0 ], [ -63.8069, -32.2024, 0.0 ], [ -63.816, -32.2027, 0.0 ], [ -63.8193, -32.2008, 0.0 ], [ -63.825, -32.1994, 0.0 ], [ -63.8298, -32.1995, 0.0 ], [ -63.8347, -32.1937, 0.0 ], [ -63.8401, -32.1919, 0.0 ], [ -63.8513, -32.1935, 0.0 ], [ -63.8579, -32.192, 0.0 ], [ -63.8586, -32.181, 0.0 ], [ -63.864, -32.1747, 0.0 ], [ -63.8703, -32.1747, 0.0 ], [ -63.8783, -32.1751, 0.0 ], [ -63.8834, -32.1747, 0.0 ], [ -63.8943, -32.1755, 0.0 ], [ -63.8989, -32.1776, 0.0 ], [ -63.9056, -32.1789, 0.0 ], [ -63.912, -32.1783, 0.0 ], [ -63.915, -32.1811, 0.0 ], [ -63.917, -32.1765, 0.0 ], [ -63.9251, -32.1739, 0.0 ], [ -63.9333, -32.1679, 0.0 ], [ -63.9402, -32.1689, 0.0 ], [ -63.948, -32.1668, 0.0 ], [ -63.9594, -32.1709, 0.0 ], [ -63.9653, -32.1709, 0.0 ], [ -63.9742, -32.1703, 0.0 ], [ -63.9828, -32.1689, 0.0 ], [ -63.9917, -32.17, 0.0 ], [ -63.9963, -32.1705, 0.0 ], [ -63.99, -32.1802, 0.0 ], [ -63.9868, -32.1836, 0.0 ], [ -63.9866, -32.2146, 0.0 ], [ -63.986, -32.2302, 0.0 ], [ -63.9867, -32.2384, 0.0 ], [ -63.9865, -32.2447, 0.0 ], [ -63.9867, -32.2468, 0.0 ], [ -63.9863, -32.2583, 0.0 ], [ -63.9861, -32.2806, 0.0 ], [ -63.9846, -32.2834, 0.0 ], [ -63.9794, -32.2932, 0.0 ], [ -63.9679, -32.2947, 0.0 ], [ -63.9531, -32.2966, 0.0 ], [ -63.9569, -32.3041, 0.0 ], [ -63.9233, -32.305, 0.0 ], [ -63.904, -32.3087, 0.0 ], [ -63.8889, -32.3117, 0.0 ], [ -63.875, -32.3133, 0.0 ], [ -63.8596, -32.3171, 0.0 ], [ -63.8439, -32.3196, 0.0 ], [ -63.8166, -32.3264, 0.0 ], [ -63.7982, -32.3305, 0.0 ], [ -63.7974, -32.2894, 0.0 ], [ -63.797, -32.2445, 0.0 ], [ -63.7974, -32.2125, 0.0 ] ] ] ] } },
{ "type": "Feature", "properties": { "circuito": "00348", "codprov": "04", "coddepto": "023" }, "geometry": { "type": "MultiPolygon", "coordinates": [ [ [ [ -64.1984, -32.1953, 0.0 ], [ -64.1992, -32.2239, 0.0 ], [ -64.1984, -32.2634, 0.0 ], [ -64.1975, -32.3045, 0.0 ], [ -64.1975, -32.3138, 0.0 ], [ -64.1102, -32.318, 0.0 ], [ -64.0632, -32.318, 0.0 ], [ -64.0363, -32.3297, 0.0 ], [ -63.9892, -32.3348, 0.0 ], [ -63.975, -32.3356, 0.0 ], [ -63.9569, -32.3041, 0.0 ], [ -63.9531, -32.2966, 0.0 ], [ -63.9794, -32.2932, 0.0 ], [ -63.9861, -32.2806, 0.0 ], [ -63.9868, -32.1836, 0.0 ], [ -63.9893, -32.1812, 0.0 ], [ -63.9963, -32.1705, 0.0 ], [ -63.9959, -32.152, 0.0 ], [ -63.9943, -32.138, 0.0 ], [ -63.977, -32.1024, 0.0 ], [ -63.9747, -32.0805, 0.0 ], [ -63.9962, -32.0751, 0.0 ], [ -64.013, -32.0735, 0.0 ], [ -64.0236, -32.0789, 0.0 ], [ -64.0564, -32.0766, 0.0 ], [ -64.0846, -32.0705, 0.0 ], [ -64.0952, -32.0545, 0.0 ], [ -64.1067, -32.0606, 0.0 ], [ -64.1158, -32.0598, 0.0 ], [ -64.1311, -32.0621, 0.0 ], [ -64.1653, -32.0591, 0.0 ], [ -64.1836, -32.0713, 0.0 ], [ -64.1821, -32.0926, 0.0 ], [ -64.1729, -32.1078, 0.0 ], [ -64.1714, -32.1193, 0.0 ], [ -64.1599, -32.1319, 0.0 ], [ -64.164, -32.1429, 0.0 ], [ -64.1714, -32.1474, 0.0 ], [ -64.1994, -32.1466, 0.0 ], [ -64.1984, -32.1953, 0.0 ] ] ] ] } },
{ "type": "Feature", "properties": { "circuito": "00338", "codprov": "04", "coddepto": "023" }, "geometry": { "type": "MultiPolygon", "coordinates": [ [ [ [ -64.0952, -32.0545, 0.0 ], [ -64.0846, -32.0705, 0.0 ], [ -64.0564, -32.0766, 0.0 ], [ -64.0236, -32.0789, 0.0 ], [ -64.013, -32.0735, 0.0 ], [ -63.9962, -32.0751, 0.0 ], [ -63.9747, -32.0805, 0.0 ], [ -63.9739, -32.0638, 0.0 ], [ -63.9663, -32.0596, 0.0 ], [ -63.9665, -32.0171, 0.0 ], [ -63.9671, -31.9932, 0.0 ], [ -63.968, -31.9806, 0.0 ], [ -63.968, -31.9593, 0.0 ], [ -64.0191, -31.96, 0.0 ], [ -64.0655, -31.96, 0.0 ], [ -64.0671, -32.005, 0.0 ], [ -64.1341, -32.0042, 0.0 ], [ -64.2057, -32.0042, 0.0 ], [ -64.2316, -32.005, 0.0 ], [ -64.2392, -32.0195, 0.0 ], [ -64.2392, -32.0233, 0.0 ], [ -64.2446, -32.04, 0.0 ], [ -64.2567, -32.0857, 0.0 ], [ -64.2545, -32.1078, 0.0 ], [ -64.1729, -32.1078, 0.0 ], [ -64.1821, -32.0926, 0.0 ], [ -64.1836, -32.0713, 0.0 ], [ -64.1653, -32.0591, 0.0 ], [ -64.1273, -32.0616, 0.0 ], [ -64.1158, -32.0598, 0.0 ], [ -64.1067, -32.0606, 0.0 ], [ -64.0952, -32.0545, 0.0 ] ] ] ] } },
{ "type": "Feature", "properties": { "circuito": "00336", "codprov": "04", "coddepto": "023" }, "geometry": { "type": "MultiPolygon", "coordinates": [ [ [ [ -64.2964, -32.3028, 0.0 ], [ -64.2552, -32.3089, 0.0 ], [ -64.259, -32.3364, 0.0 ], [ -64.2606, -32.3592, 0.0 ], [ -64.2415, -32.36, 0.0 ], [ -64.2377, -32.3112, 0.0 ], [ -64.1975, -32.3138, 0.0 ], [ -64.1982, -32.2708, 0.0 ], [ -64.1989, -32.2114, 0.0 ], [ -64.1987, -32.1817, 0.0 ], [ -64.1994, -32.1466, 0.0 ], [ -64.1948, -32.1466, 0.0 ], [ -64.1714, -32.1474, 0.0 ], [ -64.164, -32.1429, 0.0 ], [ -64.1599, -32.1319, 0.0 ], [ -64.1662, -32.125, 0.0 ], [ -64.1714, -32.1193, 0.0 ], [ -64.1729, -32.1078, 0.0 ], [ -64.2095, -32.1078, 0.0 ], [ -64.2438, -32.1078, 0.0 ], [ -64.2545, -32.1078, 0.0 ], [ -64.2552, -32.1231, 0.0 ], [ -64.259, -32.1398, 0.0 ], [ -64.2606, -32.1543, 0.0 ], [ -64.2661, -32.1577, 0.0 ], [ -64.2657, -32.1619, 0.0 ], [ -64.2668, -32.165, 0.0 ], [ -64.2642, -32.1669, 0.0 ], [ -64.2604, -32.1676, 0.0 ], [ -64.2566, -32.168, 0.0 ], [ -64.2516, -32.1699, 0.0 ], [ -64.2779, -32.1794, 0.0 ], [ -64.2892, -32.1832, 0.0 ], [ -64.2931, -32.1889, 0.0 ], [ -64.295, -32.2057, 0.0 ], [ -64.2965, -32.2605, 0.0 ], [ -64.2964, -32.3028, 0.0 ] ] ] ] } },
{ "type": "Feature", "properties": { "circuito": "00342", "codprov": "04", "coddepto": "023" }, "geometry": { "type": "MultiPolygon", "coordinates": [ [ [ [ -63.703, -32.7295, 0.0 ], [ -63.7181, -32.7899, 0.0 ], [ -63.6441, -32.8063, 0.0 ], [ -63.5564, -32.826, 0.0 ], [ -63.5652, -32.8022, 0.0 ], [ -63.5748, -32.7775, 0.0 ], [ -63.5632, -32.7295, 0.0 ], [ -63.5596, -32.7123, 0.0 ], [ -63.5796, -32.7083, 0.0 ], [ -63.5748, -32.6877, 0.0 ], [ -63.6077, -32.6815, 0.0 ], [ -63.6605, -32.6699, 0.0 ], [ -63.703, -32.6623, 0.0 ], [ -63.7339, -32.6569, 0.0 ], [ -63.7243, -32.6287, 0.0 ], [ -63.7972, -32.6373, 0.0 ], [ -63.8383, -32.6431, 0.0 ], [ -63.8658, -32.6469, 0.0 ], [ -63.8927, -32.6507, 0.0 ], [ -63.8919, -32.6477, 0.0 ], [ -63.9217, -32.6418, 0.0 ], [ -63.9553, -32.6363, 0.0 ], [ -63.9739, -32.6349, 0.0 ], [ -64.0081, -32.6596, 0.0 ], [ -64.0177, -32.7048, 0.0 ], [ -64.0294, -32.7563, 0.0 ], [ -63.9889, -32.7419, 0.0 ], [ -63.9883, -32.7501, 0.0 ], [ -63.9464, -32.7309, 0.0 ], [ -63.9135, -32.7172, 0.0 ], [ -63.8093, -32.7227, 0.0 ], [ -63.7037, -32.7288, 0.0 ], [ -63.703, -32.7295, 0.0 ] ] ] ] } },
{ "type": "Feature", "properties": { "circuito": "00339", "codprov": "04", "coddepto": "023" }, "geometry": { "type": "MultiPolygon", "coordinates": [ [ [ [ -63.5748, -32.6877, 0.0 ], [ -63.5625, -32.6377, 0.0 ], [ -63.5529, -32.5924, 0.0 ], [ -63.544, -32.5472, 0.0 ], [ -63.5762, -32.5396, 0.0 ], [ -63.5927, -32.5369, 0.0 ], [ -63.6084, -32.5458, 0.0 ], [ -63.6619, -32.5746, 0.0 ], [ -63.7195, -32.6171, 0.0 ], [ -63.7243, -32.6287, 0.0 ], [ -63.7263, -32.6308, 0.0 ], [ -63.7339, -32.6569, 0.0 ], [ -63.7007, -32.6627, 0.0 ], [ -63.6684, -32.6685, 0.0 ], [ -63.6077, -32.6815, 0.0 ], [ -63.5748, -32.6877, 0.0 ] ] ] ] } },
{ "type": "Feature", "properties": { "circuito": "0347A", "codprov": "04", "coddepto": "023" }, "geometry": { "type": "MultiPolygon", "coordinates": [ [ [ [ -64.0056, -32.6578, 0.0 ], [ -64.0039, -32.6566, 0.0 ], [ -64.003893, -32.6565711, 0.0 ], [ -64.0056, -32.6578, 0.0 ] ] ], [ [ [ -64.003893, -32.6565711, 0.0 ], [ -63.9956, -32.6506, 0.0 ], [ -63.9752, -32.6359, 0.0 ], [ -63.9703, -32.6344, 0.0 ], [ -63.9611, -32.6274, 0.0 ], [ -63.953, -32.6207, 0.0 ], [ -63.9471, -32.6155, 0.0 ], [ -63.9382, -32.6102, 0.0 ], [ -63.932, -32.6061, 0.0 ], [ -63.9262, -32.6068, 0.0 ], [ -63.9183, -32.6082, 0.0 ], [ -63.906, -32.6109, 0.0 ], [ -63.9007, -32.6097, 0.0 ], [ -63.8971, -32.6089, 0.0 ], [ -63.8843, -32.6015, 0.0 ], [ -63.8776, -32.5926, 0.0 ], [ -63.8718, -32.5713, 0.0 ], [ -63.8609, -32.5271, 0.0 ], [ -63.8498, -32.4813, 0.0 ], [ -63.844, -32.4657, 0.0 ], [ -63.865, -32.4633, 0.0 ], [ -63.8772, -32.4608, 0.0 ], [ -63.8834, -32.4608, 0.0 ], [ -63.8899, -32.4634, 0.0 ], [ -63.9012, -32.4599, 0.0 ], [ -63.9087, -32.4512, 0.0 ], [ -63.9183, -32.4553, 0.0 ], [ -63.9215, -32.4688, 0.0 ], [ -63.9636, -32.4896, 0.0 ], [ -64.003893, -32.6565711, 0.0 ] ] ] ] } },
{ "type": "Feature", "properties": { "circuito": "00347", "codprov": "04", "coddepto": "023" }, "geometry": { "type": "MultiPolygon", "coordinates": [ [ [ [ -63.8772, -32.5921, 0.0 ], [ -63.8843, -32.6015, 0.0 ], [ -63.8971, -32.6089, 0.0 ], [ -63.906, -32.6109, 0.0 ], [ -63.9165, -32.608, 0.0 ], [ -63.932, -32.6061, 0.0 ], [ -63.944, -32.6127, 0.0 ], [ -63.9574, -32.6246, 0.0 ], [ -63.9712, -32.6351, 0.0 ], [ -63.9553, -32.6363, 0.0 ], [ -63.9355, -32.6395, 0.0 ], [ -63.9123, -32.6437, 0.0 ], [ -63.8919, -32.6477, 0.0 ], [ -63.8927, -32.6507, 0.0 ], [ -63.8623, -32.6465, 0.0 ], [ -63.8229, -32.6409, 0.0 ], [ -63.7813, -32.6354, 0.0 ], [ -63.7381, -32.6304, 0.0 ], [ -63.7243, -32.6287, 0.0 ], [ -63.7195, -32.6171, 0.0 ], [ -63.6803, -32.5882, 0.0 ], [ -63.664, -32.5761, 0.0 ], [ -63.6276, -32.5561, 0.0 ], [ -63.6084, -32.5458, 0.0 ], [ -63.6119, -32.5444, 0.0 ], [ -63.6749, -32.53, 0.0 ], [ -63.7298, -32.5218, 0.0 ], [ -63.7839, -32.4992, 0.0 ], [ -63.7956, -32.5012, 0.0 ], [ -63.8271, -32.4971, 0.0 ], [ -63.8292, -32.4902, 0.0 ], [ -63.8388, -32.4889, 0.0 ], [ -63.8511, -32.487, 0.0 ], [ -63.8776, -32.5926, 0.0 ], [ -63.8772, -32.5921, 0.0 ] ] ] ] } },
{ "type": "Feature", "properties": { "circuito": "00340", "codprov": "04", "coddepto": "023" }, "geometry": { "type": "MultiPolygon", "coordinates": [ [ [ [ -63.7907, -32.3326, 0.0 ], [ -63.7963, -32.347, 0.0 ], [ -63.7894, -32.3531, 0.0 ], [ -63.797, -32.3812, 0.0 ], [ -63.8162, -32.4669, 0.0 ], [ -63.8422, -32.4608, 0.0 ], [ -63.8498, -32.4813, 0.0 ], [ -63.8511, -32.487, 0.0 ], [ -63.8292, -32.4902, 0.0 ], [ -63.8271, -32.4971, 0.0 ], [ -63.798, -32.5009, 0.0 ], [ -63.7839, -32.4992, 0.0 ], [ -63.7606, -32.5089, 0.0 ], [ -63.7273, -32.5222, 0.0 ], [ -63.6646, -32.5355, 0.0 ], [ -63.6084, -32.5458, 0.0 ], [ -63.5895, -32.5374, 0.0 ], [ -63.5718, -32.5406, 0.0 ], [ -63.544, -32.5472, 0.0 ], [ -63.5296, -32.4868, 0.0 ], [ -63.5124, -32.4183, 0.0 ], [ -63.507, -32.3956, 0.0 ], [ -63.5647, -32.3817, 0.0 ], [ -63.5781, -32.4003, 0.0 ], [ -63.6202, -32.3741, 0.0 ], [ -63.6528, -32.3531, 0.0 ], [ -63.6777, -32.3379, 0.0 ], [ -63.6823, -32.3351, 0.0 ], [ -63.7041, -32.3275, 0.0 ], [ -63.7319, -32.3389, 0.0 ], [ -63.7369, -32.3527, 0.0 ], [ -63.7592, -32.3481, 0.0 ], [ -63.7907, -32.3326, 0.0 ] ] ] ] } },
{ "type": "Feature", "properties": { "circuito": "0349A", "codprov": "04", "coddepto": "023" }, "geometry": { "type": "MultiPolygon", "coordinates": [ [ [ [ -63.9569, -32.3041, 0.0 ], [ -63.975, -32.3356, 0.0 ], [ -63.9793, -32.3655, 0.0 ], [ -63.9108, -32.3812, 0.0 ], [ -63.9012, -32.3847, 0.0 ], [ -63.9074, -32.4121, 0.0 ], [ -63.9179, -32.4548, 0.0 ], [ -63.9087, -32.4512, 0.0 ], [ -63.9053, -32.4553, 0.0 ], [ -63.901, -32.4601, 0.0 ], [ -63.8899, -32.4634, 0.0 ], [ -63.8834, -32.4608, 0.0 ], [ -63.8772, -32.4608, 0.0 ], [ -63.8731, -32.4621, 0.0 ], [ -63.865, -32.4633, 0.0 ], [ -63.8579, -32.4641, 0.0 ], [ -63.8527, -32.4647, 0.0 ], [ -63.844, -32.4657, 0.0 ], [ -63.8422, -32.4608, 0.0 ], [ -63.8162, -32.4669, 0.0 ], [ -63.8027, -32.4069, 0.0 ], [ -63.7894, -32.3531, 0.0 ], [ -63.7945, -32.3485, 0.0 ], [ -63.7907, -32.3326, 0.0 ], [ -63.8034, -32.3293, 0.0 ], [ -63.8309, -32.3229, 0.0 ], [ -63.8476, -32.3184, 0.0 ], [ -63.8621, -32.3168, 0.0 ], [ -63.875, -32.3133, 0.0 ], [ -63.8949, -32.3105, 0.0 ], [ -63.9207, -32.3055, 0.0 ], [ -63.9569, -32.3041, 0.0 ] ] ] ] } },
{ "type": "Feature", "properties": { "circuito": "sindatos", "codprov": "04", "coddepto": "nan" }, "geometry": { "type": "MultiPolygon", "coordinates": [ [ [ [ -63.8017, -31.9949, 0.0 ], [ -63.8018, -31.9952, 0.0 ], [ -63.8017048, -31.9952004, 0.0 ], [ -63.8017, -31.9949, 0.0 ] ] ], [ [ [ -63.8017048, -31.9952004, 0.0 ], [ -63.8034, -32.1003, 0.0 ], [ -63.754, -32.1012, 0.0 ], [ -63.7423, -32.0928, 0.0 ], [ -63.7183, -32.0932, 0.0 ], [ -63.7171, -32.1159, 0.0 ], [ -63.6791, -32.1302, 0.0 ], [ -63.6755, -32.0386, 0.0 ], [ -63.6971, -32.0384, 0.0 ], [ -63.6987, -31.9956, 0.0 ], [ -63.8017048, -31.9952004, 0.0 ] ] ] ] } },
{ "type": "Feature", "properties": { "circuito": "00359", "codprov": "04", "coddepto": "024" }, "geometry": { "type": "MultiPolygon", "coordinates": [ [ [ [ -64.1535, -30.6691, 0.0 ], [ -64.1523, -30.6872, 0.0 ], [ -64.1471, -30.7018, 0.0 ], [ -64.1366, -30.7234, 0.0 ], [ -64.122, -30.7514, 0.0 ], [ -64.1138, -30.755, 0.0 ], [ -64.1062, -30.7595, 0.0 ], [ -64.1018, -30.7625, 0.0 ], [ -64.0826, -30.7765, 0.0 ], [ -64.0686, -30.7881, 0.0 ], [ -64.0744, -30.805, 0.0 ], [ -64.0721, -30.8225, 0.0 ], [ -64.0674, -30.8587, 0.0 ], [ -64.0698, -30.8774, 0.0 ], [ -64.0709, -30.8952, 0.0 ], [ -64.0456, -30.8949, 0.0 ], [ -64.0088, -30.8943, 0.0 ], [ -64.0076, -30.8686, 0.0 ], [ -64.0076, -30.8441, 0.0 ], [ -63.9902, -30.854, 0.0 ], [ -63.9202, -30.854, 0.0 ], [ -63.9009, -30.854, 0.0 ], [ -63.8764, -30.854, 0.0 ], [ -63.8653, -30.8534, 0.0 ], [ -63.856, -30.8529, 0.0 ], [ -63.8472, -30.854, 0.0 ], [ -63.8583, -30.8447, 0.0 ], [ -63.8665, -30.8377, 0.0 ], [ -63.8747, -30.8295, 0.0 ], [ -63.8846, -30.8179, 0.0 ], [ -63.8863, -30.8033, 0.0 ], [ -63.8881, -30.7852, 0.0 ], [ -63.9009, -30.78, 0.0 ], [ -63.9021, -30.7677, 0.0 ], [ -63.9044, -30.7525, 0.0 ], [ -63.9073, -30.7356, 0.0 ], [ -63.9097, -30.7275, 0.0 ], [ -63.9172, -30.7094, 0.0 ], [ -63.9242, -30.689, 0.0 ], [ -63.9522, -30.686, 0.0 ], [ -63.9581, -30.6773, 0.0 ], [ -63.9587, -30.661, 0.0 ], [ -63.9598, -30.6382, 0.0 ], [ -63.9808, -30.6365, 0.0 ], [ -64.0117, -30.6347, 0.0 ], [ -64.0246, -30.6306, 0.0 ], [ -64.0298, -30.6242, 0.0 ], [ -64.059, -30.6225, 0.0 ], [ -64.101, -30.6219, 0.0 ], [ -64.101, -30.6365, 0.0 ], [ -64.0975, -30.6423, 0.0 ], [ -64.0928, -30.6534, 0.0 ], [ -64.0905, -30.6633, 0.0 ], [ -64.0946, -30.6691, 0.0 ], [ -64.1214, -30.6685, 0.0 ], [ -64.1535, -30.6691, 0.0 ] ] ] ] } },
{ "type": "Feature", "properties": { "circuito": "00350", "codprov": "04", "coddepto": "024" }, "geometry": { "type": "MultiPolygon", "coordinates": [ [ [ [ -63.9902, -30.854, 0.0 ], [ -63.9811, -30.861, 0.0 ], [ -63.9741, -30.8622, 0.0 ], [ -63.9665, -30.8698, 0.0 ], [ -63.9584, -30.8733, 0.0 ], [ -63.942, -30.8739, 0.0 ], [ -63.9321, -30.8785, 0.0 ], [ -63.9234, -30.8838, 0.0 ], [ -63.917, -30.8896, 0.0 ], [ -63.9158, -30.8931, 0.0 ], [ -63.9146, -30.9194, 0.0 ], [ -63.9135, -30.9281, 0.0 ], [ -63.896, -30.9293, 0.0 ], [ -63.8907, -30.9293, 0.0 ], [ -63.8767, -30.9345, 0.0 ], [ -63.8772, -30.9431, 0.0 ], [ -63.8779, -30.9549, 0.0 ], [ -63.8767, -30.9602, 0.0 ], [ -63.9012, -30.9643, 0.0 ], [ -63.8983, -31.0016, 0.0 ], [ -63.8971, -31.0203, 0.0 ], [ -63.897, -31.0331, 0.0 ], [ -63.865, -31.0331, 0.0 ], [ -63.8409, -31.0352, 0.0 ], [ -63.8394, -30.9847, 0.0 ], [ -63.8114, -30.9829, 0.0 ], [ -63.7735, -30.9806, 0.0 ], [ -63.7723, -30.9328, 0.0 ], [ -63.7548, -30.9369, 0.0 ], [ -63.7391, -30.9392, 0.0 ], [ -63.7245, -30.8919, 0.0 ], [ -63.7111, -30.8464, 0.0 ], [ -63.7216, -30.8435, 0.0 ], [ -63.7114, -30.8095, 0.0 ], [ -63.7058, -30.7881, 0.0 ], [ -63.7886, -30.7823, 0.0 ], [ -63.8265, -30.7788, 0.0 ], [ -63.8522, -30.784, 0.0 ], [ -63.8703, -30.7893, 0.0 ], [ -63.8881, -30.7852, 0.0 ], [ -63.8846, -30.8179, 0.0 ], [ -63.8472, -30.854, 0.0 ], [ -63.8632, -30.8533, 0.0 ], [ -63.8764, -30.854, 0.0 ], [ -63.9251, -30.854, 0.0 ], [ -63.9902, -30.854, 0.0 ] ] ] ] } },
{ "type": "Feature", "properties": { "circuito": "00357", "codprov": "04", "coddepto": "024" }, "geometry": { "type": "MultiPolygon", "coordinates": [ [ [ [ -64.0657, -30.9561, 0.0 ], [ -64.0534, -30.9526, 0.0 ], [ -64.0359, -30.9421, 0.0 ], [ -64.0243, -30.9351, 0.0 ], [ -64.019, -30.9316, 0.0 ], [ -64.0109, -30.9287, 0.0 ], [ -64.005, -30.9269, 0.0 ], [ -64.0033, -30.917, 0.0 ], [ -63.984, -30.924, 0.0 ], [ -63.9455, -30.9386, 0.0 ], [ -63.9239, -30.9468, 0.0 ], [ -63.9012, -30.9555, 0.0 ], [ -63.9012, -30.9643, 0.0 ], [ -63.8767, -30.9602, 0.0 ], [ -63.8779, -30.9549, 0.0 ], [ -63.8767, -30.9345, 0.0 ], [ -63.8844, -30.9316, 0.0 ], [ -63.8907, -30.9293, 0.0 ], [ -63.8999, -30.929, 0.0 ], [ -63.9135, -30.9281, 0.0 ], [ -63.9151, -30.9095, 0.0 ], [ -63.9164, -30.8914, 0.0 ], [ -63.9234, -30.8838, 0.0 ], [ -63.9376, -30.876, 0.0 ], [ -63.942, -30.8739, 0.0 ], [ -63.9496, -30.8736, 0.0 ], [ -63.9584, -30.8733, 0.0 ], [ -63.9665, -30.8698, 0.0 ], [ -63.97, -30.8663, 0.0 ], [ -63.9741, -30.8622, 0.0 ], [ -63.9811, -30.861, 0.0 ], [ -63.987, -30.8565, 0.0 ], [ -63.9983, -30.8494, 0.0 ], [ -64.0076, -30.8441, 0.0 ], [ -64.0076, -30.8587, 0.0 ], [ -64.0076, -30.8686, 0.0 ], [ -64.0084, -30.8849, 0.0 ], [ -64.0088, -30.8943, 0.0 ], [ -64.0359, -30.8947, 0.0 ], [ -64.0709, -30.8952, 0.0 ], [ -64.0698, -30.8731, 0.0 ], [ -64.1281, -30.8739, 0.0 ], [ -64.1329, -30.8714, 0.0 ], [ -64.1421, -30.8727, 0.0 ], [ -64.1427, -30.9701, 0.0 ], [ -64.1135, -30.9649, 0.0 ], [ -64.1088, -30.9631, 0.0 ], [ -64.1036, -30.9614, 0.0 ], [ -64.0966, -30.9614, 0.0 ], [ -64.0878, -30.9631, 0.0 ], [ -64.0832, -30.9637, 0.0 ], [ -64.0657, -30.9561, 0.0 ] ] ] ] } },
{ "type": "Feature", "properties": { "circuito": "00353", "codprov": "04", "coddepto": "024" }, "geometry": { "type": "MultiPolygon", "coordinates": [ [ [ [ -64.101, -30.6219, 0.0 ], [ -64.1013, -30.4708, 0.0 ], [ -64.1118, -30.4697, 0.0 ], [ -64.1263, -30.4685, 0.0 ], [ -64.1293, -30.4726, 0.0 ], [ -64.1491, -30.4767, 0.0 ], [ -64.1613, -30.4772, 0.0 ], [ -64.1736, -30.4778, 0.0 ], [ -64.1841, -30.4743, 0.0 ], [ -64.1899, -30.4784, 0.0 ], [ -64.2063, -30.4796, 0.0 ], [ -64.2098, -30.4726, 0.0 ], [ -64.2634, -30.472, 0.0 ], [ -64.2622, -30.4813, 0.0 ], [ -64.2599, -30.4901, 0.0 ], [ -64.2576, -30.4936, 0.0 ], [ -64.2663, -30.5035, 0.0 ], [ -64.2529, -30.5163, 0.0 ], [ -64.2354, -30.5297, 0.0 ], [ -64.2354, -30.5431, 0.0 ], [ -64.2255, -30.5671, 0.0 ], [ -64.2203, -30.5764, 0.0 ], [ -64.2109, -30.5752, 0.0 ], [ -64.1928, -30.6032, 0.0 ], [ -64.1794, -30.6225, 0.0 ], [ -64.1654, -30.6458, 0.0 ], [ -64.1535, -30.6691, 0.0 ], [ -64.1214, -30.6685, 0.0 ], [ -64.0946, -30.6691, 0.0 ], [ -64.0905, -30.6633, 0.0 ], [ -64.0961, -30.6457, 0.0 ], [ -64.101, -30.6365, 0.0 ], [ -64.101, -30.6219, 0.0 ] ] ] ] } },
{ "type": "Feature", "properties": { "circuito": "00351", "codprov": "04", "coddepto": "024" }, "geometry": { "type": "MultiPolygon", "coordinates": [ [ [ [ -63.8213, -30.6557, 0.0 ], [ -63.8236, -30.6732, 0.0 ], [ -63.83, -30.7006, 0.0 ], [ -63.8341, -30.7111, 0.0 ], [ -63.8388, -30.7187, 0.0 ], [ -63.8423, -30.7385, 0.0 ], [ -63.9068, -30.7389, 0.0 ], [ -63.903, -30.7614, 0.0 ], [ -63.9009, -30.78, 0.0 ], [ -63.8784, -30.7874, 0.0 ], [ -63.8703, -30.7893, 0.0 ], [ -63.8494, -30.7835, 0.0 ], [ -63.8265, -30.7788, 0.0 ], [ -63.7926, -30.7819, 0.0 ], [ -63.7454, -30.7853, 0.0 ], [ -63.7049, -30.7877, 0.0 ], [ -63.6889, -30.7362, 0.0 ], [ -63.6755, -30.6901, 0.0 ], [ -63.672, -30.6755, 0.0 ], [ -63.8213, -30.6557, 0.0 ] ] ] ] } },
{ "type": "Feature", "properties": { "circuito": "00358", "codprov": "04", "coddepto": "024" }, "geometry": { "type": "MultiPolygon", "coordinates": [ [ [ [ -63.8079, -30.5723, 0.0 ], [ -63.8102, -30.5986, 0.0 ], [ -63.8131, -30.6236, 0.0 ], [ -63.8178, -30.6423, 0.0 ], [ -63.8213, -30.6557, 0.0 ], [ -63.774, -30.662, 0.0 ], [ -63.7094, -30.6706, 0.0 ], [ -63.672, -30.6755, 0.0 ], [ -63.6276, -30.6785, 0.0 ], [ -63.623, -30.6779, 0.0 ], [ -63.6078, -30.6236, 0.0 ], [ -63.5944, -30.5717, 0.0 ], [ -63.5851, -30.535, 0.0 ], [ -63.6177, -30.5297, 0.0 ], [ -63.6247, -30.5513, 0.0 ], [ -63.6306, -30.5659, 0.0 ], [ -63.6743, -30.5676, 0.0 ], [ -63.7484, -30.5711, 0.0 ], [ -63.8079, -30.5723, 0.0 ] ] ] ] } },
{ "type": "Feature", "properties": { "circuito": "00356", "codprov": "04", "coddepto": "024" }, "geometry": { "type": "MultiPolygon", "coordinates": [ [ [ [ -63.9969, -30.5052, 0.0 ], [ -63.9549, -30.5052, 0.0 ], [ -63.9549, -30.5111, 0.0 ], [ -63.9117, -30.5093, 0.0 ], [ -63.9088, -30.5122, 0.0 ], [ -63.8417, -30.5111, 0.0 ], [ -63.8464, -30.4207, 0.0 ], [ -63.9, -30.4201, 0.0 ], [ -63.963, -30.4177, 0.0 ], [ -63.9735, -30.4271, 0.0 ], [ -63.9799, -30.4422, 0.0 ], [ -63.9834, -30.4615, 0.0 ], [ -63.9899, -30.4562, 0.0 ], [ -63.9934, -30.4568, 0.0 ], [ -63.9934, -30.4632, 0.0 ], [ -64.0004, -30.4685, 0.0 ], [ -64.0004, -30.4732, 0.0 ], [ -64.0009, -30.4813, 0.0 ], [ -64.0097, -30.4837, 0.0 ], [ -64.0202, -30.4837, 0.0 ], [ -64.0272, -30.4837, 0.0 ], [ -64.0412, -30.4866, 0.0 ], [ -64.0464, -30.4837, 0.0 ], [ -64.0499, -30.4825, 0.0 ], [ -64.0587, -30.4825, 0.0 ], [ -64.0715, -30.4819, 0.0 ], [ -64.0791, -30.4778, 0.0 ], [ -64.0878, -30.4726, 0.0 ], [ -64.1013, -30.4708, 0.0 ], [ -64.1012, -30.5041, 0.0 ], [ -64.0902, -30.5058, 0.0 ], [ -64.0849, -30.5052, 0.0 ], [ -64.0808, -30.5017, 0.0 ], [ -64.0768, -30.5006, 0.0 ], [ -64.0692, -30.5012, 0.0 ], [ -64.0639, -30.5017, 0.0 ], [ -64.0599, -30.5012, 0.0 ], [ -64.0558, -30.5029, 0.0 ], [ -64.0517, -30.5058, 0.0 ], [ -64.0482, -30.5076, 0.0 ], [ -64.0453, -30.5058, 0.0 ], [ -63.9969, -30.5052, 0.0 ] ] ] ] } },
{ "type": "Feature", "properties": { "circuito": "00352", "codprov": "04", "coddepto": "024" }, "geometry": { "type": "MultiPolygon", "coordinates": [ [ [ [ -63.9467, -30.5805, 0.0 ], [ -63.9461, -30.5577, 0.0 ], [ -63.946, -30.5107, 0.0 ], [ -63.9549, -30.5111, 0.0 ], [ -63.9549, -30.5052, 0.0 ], [ -63.9846, -30.5052, 0.0 ], [ -64.0115, -30.5054, 0.0 ], [ -64.0389, -30.5057, 0.0 ], [ -64.0459, -30.5062, 0.0 ], [ -64.0517, -30.5058, 0.0 ], [ -64.0599, -30.5012, 0.0 ], [ -64.0692, -30.5012, 0.0 ], [ -64.0768, -30.5006, 0.0 ], [ -64.0808, -30.5017, 0.0 ], [ -64.0849, -30.5052, 0.0 ], [ -64.0902, -30.5058, 0.0 ], [ -64.0983, -30.5045, 0.0 ], [ -64.1012, -30.5041, 0.0 ], [ -64.1011, -30.5566, 0.0 ], [ -64.101, -30.6009, 0.0 ], [ -64.101, -30.6219, 0.0 ], [ -64.0634, -30.6224, 0.0 ], [ -64.0295, -30.6219, 0.0 ], [ -64.0246, -30.6306, 0.0 ], [ -64.0117, -30.6347, 0.0 ], [ -63.9981, -30.6355, 0.0 ], [ -63.9759, -30.6369, 0.0 ], [ -63.9598, -30.6382, 0.0 ], [ -63.9461, -30.6382, 0.0 ], [ -63.9467, -30.5805, 0.0 ] ] ] ] } },
{ "type": "Feature", "properties": { "circuito": "0352A", "codprov": "04", "coddepto": "024" }, "geometry": { "type": "MultiPolygon", "coordinates": [ [ [ [ -63.8114, -30.609, 0.0 ], [ -63.8079, -30.5723, 0.0 ], [ -63.8093, -30.5107, 0.0 ], [ -63.8417, -30.5111, 0.0 ], [ -63.8715, -30.5116, 0.0 ], [ -63.9088, -30.5122, 0.0 ], [ -63.9117, -30.5093, 0.0 ], [ -63.9315, -30.5101, 0.0 ], [ -63.9472, -30.5108, 0.0 ], [ -63.9461, -30.5577, 0.0 ], [ -63.9467, -30.584, 0.0 ], [ -63.9461, -30.6382, 0.0 ], [ -63.9598, -30.6382, 0.0 ], [ -63.9591, -30.6516, 0.0 ], [ -63.9584, -30.6674, 0.0 ], [ -63.9581, -30.6773, 0.0 ], [ -63.9522, -30.686, 0.0 ], [ -63.94, -30.6873, 0.0 ], [ -63.9242, -30.689, 0.0 ], [ -63.9186, -30.7053, 0.0 ], [ -63.9107, -30.7249, 0.0 ], [ -63.9073, -30.7356, 0.0 ], [ -63.9053, -30.7389, 0.0 ], [ -63.8878, -30.7388, 0.0 ], [ -63.8674, -30.7387, 0.0 ], [ -63.8423, -30.7385, 0.0 ], [ -63.8388, -30.7187, 0.0 ], [ -63.8316, -30.7047, 0.0 ], [ -63.8236, -30.6732, 0.0 ], [ -63.8213, -30.6557, 0.0 ], [ -63.814, -30.6272, 0.0 ], [ -63.8117, -30.6116, 0.0 ], [ -63.8114, -30.609, 0.0 ] ] ] ] } },
{ "type": "Feature", "properties": { "circuito": "00355", "codprov": "04", "coddepto": "024" }, "geometry": { "type": "MultiPolygon", "coordinates": [ [ [ [ -64.1421, -30.8727, 0.0 ], [ -64.1329, -30.8714, 0.0 ], [ -64.1281, -30.8739, 0.0 ], [ -64.0954, -30.8733, 0.0 ], [ -64.0692, -30.8731, 0.0 ], [ -64.0685, -30.8672, 0.0 ], [ -64.0674, -30.8587, 0.0 ], [ -64.068, -30.8547, 0.0 ], [ -64.0695, -30.8428, 0.0 ], [ -64.0714, -30.8282, 0.0 ], [ -64.0744, -30.805, 0.0 ], [ -64.0686, -30.7881, 0.0 ], [ -64.0784, -30.78, 0.0 ], [ -64.0902, -30.7709, 0.0 ], [ -64.1062, -30.7595, 0.0 ], [ -64.122, -30.7514, 0.0 ], [ -64.1153, -30.7695, 0.0 ], [ -64.1129, -30.7817, 0.0 ], [ -64.1048, -30.7811, 0.0 ], [ -64.1013, -30.7922, 0.0 ], [ -64.103, -30.7986, 0.0 ], [ -64.124, -30.7916, 0.0 ], [ -64.1421, -30.7858, 0.0 ], [ -64.1421, -30.8727, 0.0 ] ] ] ] } },
{ "type": "Feature", "properties": { "circuito": "00354", "codprov": "04", "coddepto": "024" }, "geometry": { "type": "MultiPolygon", "coordinates": [ [ [ [ -64.3772, -30.7864, 0.0 ], [ -64.3579, -30.8109, 0.0 ], [ -64.3432, -30.8241, 0.0 ], [ -64.334, -30.8342, 0.0 ], [ -64.3204, -30.8462, 0.0 ], [ -64.3072, -30.8581, 0.0 ], [ -64.2762, -30.8849, 0.0 ], [ -64.2587, -30.8972, 0.0 ], [ -64.2477, -30.9036, 0.0 ], [ -64.2366, -30.9147, 0.0 ], [ -64.2197, -30.9264, 0.0 ], [ -64.2028, -30.9357, 0.0 ], [ -64.1963, -30.9404, 0.0 ], [ -64.1835, -30.9514, 0.0 ], [ -64.1713, -30.959, 0.0 ], [ -64.1608, -30.9637, 0.0 ], [ -64.1538, -30.9689, 0.0 ], [ -64.1427, -30.9678, 0.0 ], [ -64.1425, -30.9328, 0.0 ], [ -64.1421, -30.8727, 0.0 ], [ -64.1421, -30.8208, 0.0 ], [ -64.1421, -30.7858, 0.0 ], [ -64.1514, -30.784, 0.0 ], [ -64.1625, -30.7881, 0.0 ], [ -64.1648, -30.7934, 0.0 ], [ -64.1812, -30.7986, 0.0 ], [ -64.1952, -30.7963, 0.0 ], [ -64.2057, -30.7934, 0.0 ], [ -64.2162, -30.7945, 0.0 ], [ -64.2278, -30.8021, 0.0 ], [ -64.2459, -30.801, 0.0 ], [ -64.2663, -30.8004, 0.0 ], [ -64.2815, -30.805, 0.0 ], [ -64.2984, -30.8039, 0.0 ], [ -64.3334, -30.7969, 0.0 ], [ -64.3492, -30.791, 0.0 ], [ -64.3672, -30.7858, 0.0 ], [ -64.3777, -30.7835, 0.0 ], [ -64.3772, -30.7864, 0.0 ] ] ] ] } },
{ "type": "Feature", "properties": { "circuito": "0351A", "codprov": "04", "coddepto": "024" }, "geometry": { "type": "MultiPolygon", "coordinates": [ [ [ [ -64.3777, -30.7835, 0.0 ], [ -64.397, -30.784, 0.0 ], [ -64.4051, -30.784, 0.0 ], [ -64.4121, -30.7817, 0.0 ], [ -64.4236, -30.78, 0.0 ], [ -64.4267, -30.7794, 0.0 ], [ -64.4331, -30.7811, 0.0 ], [ -64.4436, -30.7898, 0.0 ], [ -64.4384, -30.7934, 0.0 ], [ -64.4413, -30.8068, 0.0 ], [ -64.4331, -30.8225, 0.0 ], [ -64.4326, -30.8319, 0.0 ], [ -64.4314, -30.8441, 0.0 ], [ -64.4261, -30.8604, 0.0 ], [ -64.4226, -30.8686, 0.0 ], [ -64.4197, -30.8744, 0.0 ], [ -64.4162, -30.8943, 0.0 ], [ -64.4174, -30.9229, 0.0 ], [ -64.4022, -30.9246, 0.0 ], [ -64.383, -30.9269, 0.0 ], [ -64.3725, -30.9275, 0.0 ], [ -64.353, -30.9393, 0.0 ], [ -64.3234, -30.9432, 0.0 ], [ -64.2984, -30.941, 0.0 ], [ -64.288, -30.9475, 0.0 ], [ -64.2837, -30.947, 0.0 ], [ -64.281, -30.9408, 0.0 ], [ -64.2758, -30.9378, 0.0 ], [ -64.2644, -30.9408, 0.0 ], [ -64.2598, -30.9464, 0.0 ], [ -64.2554, -30.9588, 0.0 ], [ -64.2471, -30.9625, 0.0 ], [ -64.2293, -30.9624, 0.0 ], [ -64.2144, -30.9625, 0.0 ], [ -64.2092, -30.9625, 0.0 ], [ -64.1991, -30.9656, 0.0 ], [ -64.1695, -30.9748, 0.0 ], [ -64.1625, -30.9724, 0.0 ], [ -64.1582, -30.969, 0.0 ], [ -64.1544, -30.9687, 0.0 ], [ -64.1608, -30.9637, 0.0 ], [ -64.1782, -30.9547, 0.0 ], [ -64.1963, -30.9404, 0.0 ], [ -64.2028, -30.9357, 0.0 ], [ -64.2197, -30.9264, 0.0 ], [ -64.2342, -30.9163, 0.0 ], [ -64.2477, -30.9036, 0.0 ], [ -64.2733, -30.887, 0.0 ], [ -64.2869, -30.8757, 0.0 ], [ -64.3072, -30.8581, 0.0 ], [ -64.3316, -30.836, 0.0 ], [ -64.3488, -30.8184, 0.0 ], [ -64.3562, -30.8123, 0.0 ], [ -64.3696, -30.796, 0.0 ], [ -64.3777, -30.7835, 0.0 ] ] ] ] } },
{ "type": "Feature", "properties": { "circuito": "00365", "codprov": "04", "coddepto": "025" }, "geometry": { "type": "MultiPolygon", "coordinates": [ [ [ [ -63.5365, -30.2785, 0.0 ], [ -63.5346, -30.1808, 0.0 ], [ -63.6088, -30.1712, 0.0 ], [ -63.659, -30.1654, 0.0 ], [ -63.694, -30.1584, 0.0 ], [ -63.6916, -30.2284, 0.0 ], [ -63.6846, -30.2307, 0.0 ], [ -63.6846, -30.2913, 0.0 ], [ -63.596, -30.2878, 0.0 ], [ -63.5388, -30.289, 0.0 ], [ -63.5365, -30.2785, 0.0 ] ] ] ] } },
{ "type": "Feature", "properties": { "circuito": "00361", "codprov": "04", "coddepto": "025" }, "geometry": { "type": "MultiPolygon", "coordinates": [ [ [ [ -63.6918, -30.2226, 0.0 ], [ -63.7294, -30.2239, 0.0 ], [ -63.7395, -30.2225, 0.0 ], [ -63.82, -30.2249, 0.0 ], [ -63.8188, -30.2412, 0.0 ], [ -63.7756, -30.2424, 0.0 ], [ -63.778, -30.3123, 0.0 ], [ -63.7803, -30.3882, 0.0 ], [ -63.8033, -30.3888, 0.0 ], [ -63.8028, -30.4191, 0.0 ], [ -63.8022, -30.4587, 0.0 ], [ -63.8022, -30.5107, 0.0 ], [ -63.8093, -30.5108, 0.0 ], [ -63.8079, -30.5723, 0.0 ], [ -63.7164, -30.5707, 0.0 ], [ -63.6301, -30.5672, 0.0 ], [ -63.6173, -30.5311, 0.0 ], [ -63.5574, -30.542, 0.0 ], [ -63.5282, -30.5491, 0.0 ], [ -63.5432, -30.3841, 0.0 ], [ -63.5444, -30.3695, 0.0 ], [ -63.5438, -30.3468, 0.0 ], [ -63.5426, -30.3199, 0.0 ], [ -63.542, -30.2889, 0.0 ], [ -63.5945, -30.2879, 0.0 ], [ -63.6846, -30.2913, 0.0 ], [ -63.6846, -30.2581, 0.0 ], [ -63.6846, -30.2307, 0.0 ], [ -63.6922, -30.2282, 0.0 ], [ -63.6918, -30.2242, 0.0 ], [ -63.6918, -30.2226, 0.0 ] ] ] ] } },
{ "type": "Feature", "properties": { "circuito": "00367", "codprov": "04", "coddepto": "025" }, "geometry": { "type": "MultiPolygon", "coordinates": [ [ [ [ -63.3574, -30.3363, 0.0 ], [ -63.3948, -30.3293, 0.0 ], [ -63.4006, -30.2814, 0.0 ], [ -63.5374, -30.2824, 0.0 ], [ -63.5382, -30.2864, 0.0 ], [ -63.542, -30.2889, 0.0 ], [ -63.5438, -30.3772, 0.0 ], [ -63.5282, -30.5491, 0.0 ], [ -63.5013, -30.5527, 0.0 ], [ -63.3902, -30.5791, 0.0 ], [ -63.3947, -30.6009, 0.0 ], [ -63.3189, -30.6186, 0.0 ], [ -63.2424, -30.6357, 0.0 ], [ -63.2455, -30.6495, 0.0 ], [ -63.1311, -30.6711, 0.0 ], [ -63.0588, -30.6851, 0.0 ], [ -63.0541, -30.6652, 0.0 ], [ -63.0378, -30.6501, 0.0 ], [ -63.0448, -30.6454, 0.0 ], [ -63.0611, -30.6407, 0.0 ], [ -63.0751, -30.6337, 0.0 ], [ -63.0763, -30.6081, 0.0 ], [ -63.0915, -30.6081, 0.0 ], [ -63.1066, -30.6081, 0.0 ], [ -63.116, -30.5976, 0.0 ], [ -63.1265, -30.5894, 0.0 ], [ -63.123, -30.5719, 0.0 ], [ -63.1346, -30.5684, 0.0 ], [ -63.1638, -30.5626, 0.0 ], [ -63.1825, -30.5474, 0.0 ], [ -63.1848, -30.5287, 0.0 ], [ -63.1976, -30.5287, 0.0 ], [ -63.2104, -30.5334, 0.0 ], [ -63.2349, -30.5322, 0.0 ], [ -63.2489, -30.5334, 0.0 ], [ -63.2618, -30.5427, 0.0 ], [ -63.2921, -30.5439, 0.0 ], [ -63.3049, -30.5311, 0.0 ], [ -63.3084, -30.5147, 0.0 ], [ -63.3061, -30.4961, 0.0 ], [ -63.3026, -30.4891, 0.0 ], [ -63.3061, -30.4832, 0.0 ], [ -63.3201, -30.4716, 0.0 ], [ -63.3341, -30.4669, 0.0 ], [ -63.3446, -30.4669, 0.0 ], [ -63.3586, -30.4797, 0.0 ], [ -63.3738, -30.4809, 0.0 ], [ -63.3749, -30.4587, 0.0 ], [ -63.3703, -30.4482, 0.0 ], [ -63.3679, -30.4354, 0.0 ], [ -63.3738, -30.4238, 0.0 ], [ -63.3819, -30.4144, 0.0 ], [ -63.3738, -30.3958, 0.0 ], [ -63.3726, -30.3748, 0.0 ], [ -63.3644, -30.3584, 0.0 ], [ -63.3025, -30.3337, 0.0 ], [ -63.2968, -30.3444, 0.0 ], [ -63.2793, -30.3491, 0.0 ], [ -63.2653, -30.3619, 0.0 ], [ -63.2583, -30.3748, 0.0 ], [ -63.2559, -30.3934, 0.0 ], [ -63.2559, -30.4214, 0.0 ], [ -63.2548, -30.4296, 0.0 ], [ -63.2419, -30.4377, 0.0 ], [ -63.2279, -30.4401, 0.0 ], [ -63.2104, -30.4354, 0.0 ], [ -63.1883, -30.4296, 0.0 ], [ -63.1836, -30.4144, 0.0 ], [ -63.179, -30.4086, 0.0 ], [ -63.1731, -30.3981, 0.0 ], [ -63.1475, -30.3993, 0.0 ], [ -63.1323, -30.4039, 0.0 ], [ -63.1136, -30.4051, 0.0 ], [ -63.0961, -30.3958, 0.0 ], [ -63.0845, -30.3864, 0.0 ], [ -63.067, -30.3806, 0.0 ], [ -63.0436, -30.3724, 0.0 ], [ -63.0226, -30.3654, 0.0 ], [ -63.0016, -30.3573, 0.0 ], [ -62.9771, -30.3561, 0.0 ], [ -62.9608, -30.3561, 0.0 ], [ -62.9468, -30.3444, 0.0 ], [ -62.9363, -30.3328, 0.0 ], [ -62.9176, -30.3223, 0.0 ], [ -62.8908, -30.3071, 0.0 ], [ -62.8675, -30.3094, 0.0 ], [ -62.85, -30.3071, 0.0 ], [ -62.8302, -30.3141, 0.0 ], [ -62.8068, -30.3176, 0.0 ], [ -62.7987, -30.3094, 0.0 ], [ -62.9375, -30.2849, 0.0 ], [ -63.1416, -30.2488, 0.0 ], [ -63.3271, -30.2184, 0.0 ], [ -63.3574, -30.3363, 0.0 ] ] ] ] } },
{ "type": "Feature", "properties": { "circuito": "0360A", "codprov": "04", "coddepto": "025" }, "geometry": { "type": "MultiPolygon", "coordinates": [ [ [ [ -63.82, -30.2249, 0.0 ], [ -63.7368, -30.2233, 0.0 ], [ -63.7342, -30.224, 0.0 ], [ -63.6918, -30.2226, 0.0 ], [ -63.6934, -30.1759, 0.0 ], [ -63.694, -30.1584, 0.0 ], [ -63.7882, -30.1484, 0.0 ], [ -63.8418, -30.1403, 0.0 ], [ -63.8559, -30.1121, 0.0 ], [ -63.8681, -30.1129, 0.0 ], [ -63.8786, -30.1065, 0.0 ], [ -63.886, -30.1013, 0.0 ], [ -63.8862, -30.2243, 0.0 ], [ -63.82, -30.2249, 0.0 ] ] ] ] } },
{ "type": "Feature", "properties": { "circuito": "00371", "codprov": "04", "coddepto": "025" }, "geometry": { "type": "MultiPolygon", "coordinates": [ [ [ [ -64.1411, -30.2756, 0.0 ], [ -64.1486, -30.2762, 0.0 ], [ -64.1539, -30.2773, 0.0 ], [ -64.1609, -30.2762, 0.0 ], [ -64.1661, -30.2797, 0.0 ], [ -64.1708, -30.2768, 0.0 ], [ -64.1743, -30.2785, 0.0 ], [ -64.1848, -30.3053, 0.0 ], [ -64.1941, -30.3333, 0.0 ], [ -64.2076, -30.3567, 0.0 ], [ -64.2087, -30.3905, 0.0 ], [ -64.2087, -30.4261, 0.0 ], [ -64.1988, -30.4377, 0.0 ], [ -64.1936, -30.4407, 0.0 ], [ -64.1953, -30.4529, 0.0 ], [ -64.1965, -30.4797, 0.0 ], [ -64.1895, -30.4786, 0.0 ], [ -64.1848, -30.4739, 0.0 ], [ -64.1708, -30.4774, 0.0 ], [ -64.1586, -30.478, 0.0 ], [ -64.137, -30.4751, 0.0 ], [ -64.1282, -30.4745, 0.0 ], [ -64.1265, -30.4692, 0.0 ], [ -64.1043, -30.471, 0.0 ], [ -64.0862, -30.4727, 0.0 ], [ -64.081, -30.4774, 0.0 ], [ -64.0716, -30.4827, 0.0 ], [ -64.0588, -30.4838, 0.0 ], [ -64.0512, -30.4827, 0.0 ], [ -64.0425, -30.4856, 0.0 ], [ -64.032, -30.4856, 0.0 ], [ -64.025, -30.4838, 0.0 ], [ -64.0162, -30.4844, 0.0 ], [ -64.0081, -30.4827, 0.0 ], [ -64.0017, -30.4821, 0.0 ], [ -63.9993, -30.471, 0.0 ], [ -63.9964, -30.4652, 0.0 ], [ -63.983, -30.4611, 0.0 ], [ -63.9818, -30.45, 0.0 ], [ -63.9783, -30.4389, 0.0 ], [ -63.9742, -30.429, 0.0 ], [ -63.9661, -30.4208, 0.0 ], [ -63.9777, -30.4168, 0.0 ], [ -63.9947, -30.4115, 0.0 ], [ -64.0127, -30.408, 0.0 ], [ -64.018, -30.3969, 0.0 ], [ -64.0285, -30.3882, 0.0 ], [ -64.0402, -30.3835, 0.0 ], [ -64.0489, -30.38, 0.0 ], [ -64.0536, -30.366, 0.0 ], [ -64.0507, -30.3415, 0.0 ], [ -64.0512, -30.3153, 0.0 ], [ -64.0512, -30.3065, 0.0 ], [ -64.0641, -30.2886, 0.0 ], [ -64.075, -30.2743, 0.0 ], [ -64.0851, -30.261, 0.0 ], [ -64.0851, -30.2517, 0.0 ], [ -64.0915, -30.254, 0.0 ], [ -64.0985, -30.2564, 0.0 ], [ -64.1039, -30.2604, 0.0 ], [ -64.1105, -30.2632, 0.0 ], [ -64.1166, -30.2657, 0.0 ], [ -64.1201, -30.2651, 0.0 ], [ -64.1298, -30.2664, 0.0 ], [ -64.1393, -30.2709, 0.0 ], [ -64.1411, -30.2756, 0.0 ] ] ] ] } },
{ "type": "Feature", "properties": { "circuito": "00364", "codprov": "04", "coddepto": "025" }, "geometry": { "type": "MultiPolygon", "coordinates": [ [ [ [ -64.0548, -30.3009, 0.0 ], [ -64.0512, -30.3065, 0.0 ], [ -64.0511, -30.3217, 0.0 ], [ -64.0507, -30.3386, 0.0 ], [ -64.0516, -30.3495, 0.0 ], [ -64.0536, -30.366, 0.0 ], [ -64.0489, -30.38, 0.0 ], [ -64.0402, -30.3835, 0.0 ], [ -64.0267, -30.3897, 0.0 ], [ -64.018, -30.3969, 0.0 ], [ -64.0127, -30.408, 0.0 ], [ -63.9947, -30.4115, 0.0 ], [ -63.9749, -30.4178, 0.0 ], [ -63.9661, -30.4208, 0.0 ], [ -63.9308, -30.4191, 0.0 ], [ -63.876, -30.4203, 0.0 ], [ -63.8462, -30.4208, 0.0 ], [ -63.8462, -30.415, 0.0 ], [ -63.8532, -30.4138, 0.0 ], [ -63.8614, -30.4115, 0.0 ], [ -63.866, -30.4092, 0.0 ], [ -63.8742, -30.4074, 0.0 ], [ -63.8738, -30.3748, 0.0 ], [ -63.8695, -30.3643, 0.0 ], [ -63.8655, -30.3561, 0.0 ], [ -63.8649, -30.3503, 0.0 ], [ -63.8655, -30.3456, 0.0 ], [ -63.8678, -30.3409, 0.0 ], [ -63.8709, -30.3312, 0.0 ], [ -63.8719, -30.3281, 0.0 ], [ -63.8712, -30.323, 0.0 ], [ -63.8748, -30.3205, 0.0 ], [ -63.8806, -30.324, 0.0 ], [ -63.887, -30.3211, 0.0 ], [ -63.8918, -30.3227, 0.0 ], [ -63.8958, -30.3228, 0.0 ], [ -63.8993, -30.3228, 0.0 ], [ -63.9045, -30.3199, 0.0 ], [ -63.9099, -30.3211, 0.0 ], [ -63.9152, -30.3196, 0.0 ], [ -63.9226, -30.3182, 0.0 ], [ -63.9261, -30.3193, 0.0 ], [ -63.929, -30.3201, 0.0 ], [ -63.9331, -30.3211, 0.0 ], [ -63.9378, -30.3188, 0.0 ], [ -63.9395, -30.3164, 0.0 ], [ -63.9425, -30.317, 0.0 ], [ -63.9471, -30.3205, 0.0 ], [ -63.9489, -30.3143, 0.0 ], [ -63.9512, -30.3135, 0.0 ], [ -63.9547, -30.3083, 0.0 ], [ -63.9623, -30.3106, 0.0 ], [ -63.9675, -30.3123, 0.0 ], [ -63.9751, -30.3077, 0.0 ], [ -63.9804, -30.3001, 0.0 ], [ -63.9879, -30.3007, 0.0 ], [ -63.9961, -30.3018, 0.0 ], [ -64.006, -30.301, 0.0 ], [ -64.0164, -30.3001, 0.0 ], [ -64.0286, -30.3001, 0.0 ], [ -64.0386, -30.3002, 0.0 ], [ -64.0548, -30.3009, 0.0 ] ] ] ] } },
{ "type": "Feature", "properties": { "circuito": "00362", "codprov": "04", "coddepto": "025" }, "geometry": { "type": "MultiPolygon", "coordinates": [ [ [ [ -63.8713, -30.3258, 0.0 ], [ -63.8719, -30.3281, 0.0 ], [ -63.8678, -30.3409, 0.0 ], [ -63.8649, -30.3503, 0.0 ], [ -63.8664, -30.358, 0.0 ], [ -63.8739, -30.3749, 0.0 ], [ -63.8742, -30.4074, 0.0 ], [ -63.8674, -30.4089, 0.0 ], [ -63.857, -30.4128, 0.0 ], [ -63.8462, -30.415, 0.0 ], [ -63.8462, -30.4208, 0.0 ], [ -63.845, -30.4474, 0.0 ], [ -63.8417, -30.5111, 0.0 ], [ -63.8022, -30.5107, 0.0 ], [ -63.8025, -30.4389, 0.0 ], [ -63.8033, -30.3888, 0.0 ], [ -63.7803, -30.3882, 0.0 ], [ -63.7775, -30.2971, 0.0 ], [ -63.7756, -30.2424, 0.0 ], [ -63.8188, -30.2412, 0.0 ], [ -63.82, -30.2249, 0.0 ], [ -63.8503, -30.2246, 0.0 ], [ -63.8862, -30.2243, 0.0 ], [ -63.8911, -30.2365, 0.0 ], [ -63.9022, -30.2534, 0.0 ], [ -63.9063, -30.2651, 0.0 ], [ -63.9145, -30.2873, 0.0 ], [ -63.9232, -30.3066, 0.0 ], [ -63.9267, -30.3141, 0.0 ], [ -63.9261, -30.3193, 0.0 ], [ -63.9226, -30.3182, 0.0 ], [ -63.9177, -30.3189, 0.0 ], [ -63.9094, -30.3212, 0.0 ], [ -63.9045, -30.3199, 0.0 ], [ -63.8993, -30.3228, 0.0 ], [ -63.8937, -30.3233, 0.0 ], [ -63.887, -30.3211, 0.0 ], [ -63.8806, -30.324, 0.0 ], [ -63.8748, -30.3205, 0.0 ], [ -63.8712, -30.323, 0.0 ], [ -63.8713, -30.3258, 0.0 ] ] ] ] } },
{ "type": "Feature", "properties": { "circuito": "00360", "codprov": "04", "coddepto": "025" }, "geometry": { "type": "MultiPolygon", "coordinates": [ [ [ [ -63.9961, -30.3018, 0.0 ], [ -63.9804, -30.3001, 0.0 ], [ -63.9751, -30.3077, 0.0 ], [ -63.9675, -30.3123, 0.0 ], [ -63.9608, -30.3104, 0.0 ], [ -63.9547, -30.3083, 0.0 ], [ -63.9512, -30.3135, 0.0 ], [ -63.9489, -30.3143, 0.0 ], [ -63.9471, -30.3205, 0.0 ], [ -63.9425, -30.317, 0.0 ], [ -63.9395, -30.3164, 0.0 ], [ -63.9378, -30.3188, 0.0 ], [ -63.9331, -30.3211, 0.0 ], [ -63.9261, -30.3193, 0.0 ], [ -63.9267, -30.3141, 0.0 ], [ -63.9166, -30.2926, 0.0 ], [ -63.9022, -30.2534, 0.0 ], [ -63.8936, -30.2403, 0.0 ], [ -63.8862, -30.2243, 0.0 ], [ -63.8862, -30.1829, 0.0 ], [ -63.886, -30.1013, 0.0 ], [ -63.8935, -30.0989, 0.0 ], [ -63.9016, -30.0971, 0.0 ], [ -63.908, -30.0971, 0.0 ], [ -63.9145, -30.0948, 0.0 ], [ -63.9238, -30.0965, 0.0 ], [ -63.9299, -30.096, 0.0 ], [ -63.9325, -30.0975, 0.0 ], [ -63.9342, -30.0932, 0.0 ], [ -63.9551, -30.0897, 0.0 ], [ -63.964, -30.0937, 0.0 ], [ -63.971, -30.0936, 0.0 ], [ -63.9769, -30.096, 0.0 ], [ -63.9839, -30.0971, 0.0 ], [ -63.9903, -30.1, 0.0 ], [ -63.9918, -30.101, 0.0 ], [ -63.9941, -30.1017, 0.0 ], [ -63.9967, -30.1006, 0.0 ], [ -63.9967, -30.1169, 0.0 ], [ -63.9961, -30.3018, 0.0 ] ] ] ] } },
{ "type": "Feature", "properties": { "circuito": "0360B", "codprov": "04", "coddepto": "025" }, "geometry": { "type": "MultiPolygon", "coordinates": [ [ [ [ -63.9961, -30.2995, 0.0 ], [ -63.9963, -30.2313, 0.0 ], [ -63.9964, -30.1963, 0.0 ], [ -63.9967, -30.1169, 0.0 ], [ -63.9967, -30.1006, 0.0 ], [ -64.0138, -30.0995, 0.0 ], [ -64.0152, -30.1578, 0.0 ], [ -64.0158, -30.2494, 0.0 ], [ -64.0851, -30.2517, 0.0 ], [ -64.0851, -30.261, 0.0 ], [ -64.055, -30.3006, 0.0 ], [ -64.0327, -30.3001, 0.0 ], [ -64.0164, -30.3001, 0.0 ], [ -63.9961, -30.3018, 0.0 ], [ -63.9961, -30.2995, 0.0 ] ] ] ] } },
{ "type": "Feature", "properties": { "circuito": "0370A", "codprov": "04", "coddepto": "025" }, "geometry": { "type": "MultiPolygon", "coordinates": [ [ [ [ -64.1727, -30.2476, 0.0 ], [ -64.1605, -30.2488, 0.0 ], [ -64.1657, -30.261, 0.0 ], [ -64.1743, -30.2785, 0.0 ], [ -64.1708, -30.2768, 0.0 ], [ -64.1661, -30.2797, 0.0 ], [ -64.1609, -30.2762, 0.0 ], [ -64.1539, -30.2773, 0.0 ], [ -64.1486, -30.2762, 0.0 ], [ -64.1411, -30.2756, 0.0 ], [ -64.1393, -30.2709, 0.0 ], [ -64.1303, -30.2664, 0.0 ], [ -64.1201, -30.2651, 0.0 ], [ -64.1166, -30.2657, 0.0 ], [ -64.1039, -30.2604, 0.0 ], [ -64.0985, -30.2564, 0.0 ], [ -64.0915, -30.254, 0.0 ], [ -64.0851, -30.2517, 0.0 ], [ -64.0795, -30.2515, 0.0 ], [ -64.0734, -30.2513, 0.0 ], [ -64.0654, -30.251, 0.0 ], [ -64.0601, -30.2508, 0.0 ], [ -64.0158, -30.2494, 0.0 ], [ -64.0157, -30.2313, 0.0 ], [ -64.0155, -30.2085, 0.0 ], [ -64.0154, -30.1788, 0.0 ], [ -64.0607, -30.1788, 0.0 ], [ -64.0695, -30.1794, 0.0 ], [ -64.0769, -30.1831, 0.0 ], [ -64.0842, -30.1821, 0.0 ], [ -64.091, -30.1794, 0.0 ], [ -64.0975, -30.1782, 0.0 ], [ -64.1062, -30.1764, 0.0 ], [ -64.1138, -30.1764, 0.0 ], [ -64.1225, -30.1741, 0.0 ], [ -64.1301, -30.1718, 0.0 ], [ -64.1354, -30.1689, 0.0 ], [ -64.1383, -30.1642, 0.0 ], [ -64.1418, -30.1648, 0.0 ], [ -64.1435, -30.1718, 0.0 ], [ -64.143, -30.177, 0.0 ], [ -64.1464, -30.1818, 0.0 ], [ -64.1517, -30.1893, 0.0 ], [ -64.1552, -30.1939, 0.0 ], [ -64.1587, -30.1992, 0.0 ], [ -64.1651, -30.2079, 0.0 ], [ -64.168, -30.2126, 0.0 ], [ -64.1675, -30.2173, 0.0 ], [ -64.1692, -30.2219, 0.0 ], [ -64.1727, -30.2476, 0.0 ] ] ] ] } },
{ "type": "Feature", "properties": { "circuito": "00370", "codprov": "04", "coddepto": "025" }, "geometry": { "type": "MultiPolygon", "coordinates": [ [ [ [ -64.2398, -30.2459, 0.0 ], [ -64.2392, -30.2464, 0.0 ], [ -64.3203, -30.3485, 0.0 ], [ -64.3244, -30.3398, 0.0 ], [ -64.329, -30.3345, 0.0 ], [ -64.336, -30.3287, 0.0 ], [ -64.3448, -30.3217, 0.0 ], [ -64.3518, -30.3153, 0.0 ], [ -64.3652, -30.3094, 0.0 ], [ -64.3803, -30.3059, 0.0 ], [ -64.3827, -30.3217, 0.0 ], [ -64.3856, -30.338, 0.0 ], [ -64.3926, -30.3567, 0.0 ], [ -64.3879, -30.3625, 0.0 ], [ -64.3792, -30.3765, 0.0 ], [ -64.3786, -30.3806, 0.0 ], [ -64.3512, -30.3812, 0.0 ], [ -64.2958, -30.3823, 0.0 ], [ -64.2981, -30.4331, 0.0 ], [ -64.2969, -30.4716, 0.0 ], [ -64.2491, -30.4716, 0.0 ], [ -64.2106, -30.4739, 0.0 ], [ -64.2077, -30.4792, 0.0 ], [ -64.1965, -30.4797, 0.0 ], [ -64.1938, -30.4427, 0.0 ], [ -64.2087, -30.4261, 0.0 ], [ -64.2087, -30.3905, 0.0 ], [ -64.2076, -30.3567, 0.0 ], [ -64.195, -30.3349, 0.0 ], [ -64.1875, -30.3134, 0.0 ], [ -64.1743, -30.2785, 0.0 ], [ -64.1673, -30.2643, 0.0 ], [ -64.1605, -30.2488, 0.0 ], [ -64.1727, -30.2476, 0.0 ], [ -64.2071, -30.247, 0.0 ], [ -64.2398, -30.2459, 0.0 ] ] ] ] } },
{ "type": "Feature", "properties": { "circuito": "00366", "codprov": "04", "coddepto": "025" }, "geometry": { "type": "MultiPolygon", "coordinates": [ [ [ [ -64.6726, -29.8381, 0.0 ], [ -64.6912, -29.7787, 0.0 ], [ -64.7227, -29.6725, 0.0 ], [ -64.7461, -29.606, 0.0 ], [ -64.7741, -29.5477, 0.0 ], [ -64.809, -29.5535, 0.0 ], [ -64.8615, -29.564, 0.0 ], [ -64.8965, -29.5733, 0.0 ], [ -64.9712, -29.5885, 0.0 ], [ -64.9409, -29.7367, 0.0 ], [ -64.9234, -29.8206, 0.0 ], [ -64.9129, -29.872, 0.0 ], [ -64.6726, -29.8381, 0.0 ] ] ] ] } },
{ "type": "Feature", "properties": { "circuito": "00368", "codprov": "04", "coddepto": "025" }, "geometry": { "type": "MultiPolygon", "coordinates": [ [ [ [ -64.6726, -29.8381, 0.0 ], [ -64.7338, -29.8468, 0.0 ], [ -64.9129, -29.872, 0.0 ], [ -64.9094, -29.8918, 0.0 ], [ -64.9864, -29.9606, 0.0 ], [ -64.9887, -30.0143, 0.0 ], [ -64.8464, -30.0306, 0.0 ], [ -64.6737, -30.0528, 0.0 ], [ -64.6037, -30.0645, 0.0 ], [ -64.5571, -30.0703, 0.0 ], [ -64.5944, -29.9991, 0.0 ], [ -64.6177, -29.9548, 0.0 ], [ -64.6492, -29.8883, 0.0 ], [ -64.6726, -29.8381, 0.0 ] ] ] ] } },
{ "type": "Feature", "properties": { "circuito": "00363", "codprov": "04", "coddepto": "025" }, "geometry": { "type": "MultiPolygon", "coordinates": [ [ [ [ -64.2019, -30.019, 0.0 ], [ -64.2147, -29.9863, 0.0 ], [ -64.4013, -29.942, 0.0 ], [ -64.4037, -29.8405, 0.0 ], [ -64.4632, -29.83, 0.0 ], [ -64.4643, -29.5138, 0.0 ], [ -64.6055, -29.5302, 0.0 ], [ -64.7385, -29.5465, 0.0 ], [ -64.7741, -29.5477, 0.0 ], [ -64.7479, -29.6021, 0.0 ], [ -64.725, -29.666, 0.0 ], [ -64.6997, -29.7501, 0.0 ], [ -64.678, -29.8207, 0.0 ], [ -64.6726, -29.8381, 0.0 ], [ -64.6467, -29.8937, 0.0 ], [ -64.5999, -29.9887, 0.0 ], [ -64.5666, -30.0521, 0.0 ], [ -64.5571, -30.0703, 0.0 ], [ -64.441, -30.0843, 0.0 ], [ -64.3418, -30.096, 0.0 ], [ -64.2975, -30.1018, 0.0 ], [ -64.2987, -30.1263, 0.0 ], [ -64.2777, -30.1274, 0.0 ], [ -64.28, -30.1601, 0.0 ], [ -64.2894, -30.2184, 0.0 ], [ -64.343, -30.2161, 0.0 ], [ -64.3617, -30.3001, 0.0 ], [ -64.3698, -30.2989, 0.0 ], [ -64.3726, -30.3077, 0.0 ], [ -64.3518, -30.3153, 0.0 ], [ -64.3203, -30.3485, 0.0 ], [ -64.3014, -30.3247, 0.0 ], [ -64.2592, -30.2717, 0.0 ], [ -64.2392, -30.2464, 0.0 ], [ -64.1914, -30.0411, 0.0 ], [ -64.2019, -30.019, 0.0 ] ] ] ] } },
{ "type": "Feature", "properties": { "circuito": "00369", "codprov": "04", "coddepto": "025" }, "geometry": { "type": "MultiPolygon", "coordinates": [ [ [ [ -64.1914, -30.0411, 0.0 ], [ -64.2048, -30.0989, 0.0 ], [ -64.2175, -30.1535, 0.0 ], [ -64.236, -30.2326, 0.0 ], [ -64.2398, -30.2459, 0.0 ], [ -64.1946, -30.2472, 0.0 ], [ -64.1727, -30.2476, 0.0 ], [ -64.1692, -30.2219, 0.0 ], [ -64.1675, -30.2173, 0.0 ], [ -64.168, -30.2126, 0.0 ], [ -64.1533, -30.1915, 0.0 ], [ -64.143, -30.177, 0.0 ], [ -64.1429, -30.1692, 0.0 ], [ -64.1418, -30.1648, 0.0 ], [ -64.1383, -30.1642, 0.0 ], [ -64.1354, -30.1689, 0.0 ], [ -64.1323, -30.1706, 0.0 ], [ -64.1225, -30.1741, 0.0 ], [ -64.1138, -30.1764, 0.0 ], [ -64.1062, -30.1764, 0.0 ], [ -64.1009, -30.1775, 0.0 ], [ -64.091, -30.1794, 0.0 ], [ -64.0828, -30.1827, 0.0 ], [ -64.0765, -30.1829, 0.0 ], [ -64.0695, -30.1794, 0.0 ], [ -64.0607, -30.1788, 0.0 ], [ -64.0155, -30.1788, 0.0 ], [ -64.0149, -30.1467, 0.0 ], [ -64.0138, -30.0995, 0.0 ], [ -64.1007, -30.0884, 0.0 ], [ -64.1502, -30.082, 0.0 ], [ -64.1736, -30.079, 0.0 ], [ -64.1914, -30.0411, 0.0 ] ] ] ] } },
{ "type": "Feature", "properties": { "circuito": "00397", "codprov": "04", "coddepto": "026" }, "geometry": { "type": "MultiPolygon", "coordinates": [ [ [ [ -62.3709, -32.2688, 0.0 ], [ -62.3466, -32.1738, 0.0 ], [ -62.3371, -32.1327, 0.0 ], [ -62.3118, -32.139, 0.0 ], [ -62.2907, -32.0556, 0.0 ], [ -62.3276, -32.0493, 0.0 ], [ -62.3213, -32.0029, 0.0 ], [ -62.4032, -31.9892, 0.0 ], [ -62.4838, -31.9744, 0.0 ], [ -62.5345, -31.968, 0.0 ], [ -62.5471, -32.0008, 0.0 ], [ -62.6305, -31.9881, 0.0 ], [ -62.6453, -32.0482, 0.0 ], [ -62.6706, -32.1443, 0.0 ], [ -62.6717, -32.1527, 0.0 ], [ -62.6812, -32.196, 0.0 ], [ -62.697, -32.1949, 0.0 ], [ -62.7086, -32.2403, 0.0 ], [ -62.6991, -32.2456, 0.0 ], [ -62.7002, -32.2561, 0.0 ], [ -62.6474, -32.2688, 0.0 ], [ -62.6432, -32.2646, 0.0 ], [ -62.6189, -32.2709, 0.0 ], [ -62.6168, -32.2667, 0.0 ], [ -62.5894, -32.273, 0.0 ], [ -62.5915, -32.2815, 0.0 ], [ -62.544, -32.2899, 0.0 ], [ -62.5387, -32.272, 0.0 ], [ -62.4954, -32.2762, 0.0 ], [ -62.4891, -32.2583, 0.0 ], [ -62.4585, -32.2635, 0.0 ], [ -62.4574, -32.2551, 0.0 ], [ -62.3709, -32.2688, 0.0 ] ] ] ] } },
{ "type": "Feature", "properties": { "circuito": "0397A", "codprov": "04", "coddepto": "026" }, "geometry": { "type": "MultiPolygon", "coordinates": [ [ [ [ -62.6453, -32.0482, 0.0 ], [ -62.7529, -32.0334, 0.0 ], [ -62.8384, -32.0176, 0.0 ], [ -62.8574, -32.0852, 0.0 ], [ -62.8754, -32.1569, 0.0 ], [ -62.8669, -32.1633, 0.0 ], [ -62.8754, -32.196, 0.0 ], [ -62.8437, -32.2013, 0.0 ], [ -62.8479, -32.2108, 0.0 ], [ -62.8127, -32.2124, 0.0 ], [ -62.7762, -32.2213, 0.0 ], [ -62.7498, -32.2276, 0.0 ], [ -62.7086, -32.2403, 0.0 ], [ -62.697, -32.1949, 0.0 ], [ -62.6812, -32.196, 0.0 ], [ -62.6595, -32.1022, 0.0 ], [ -62.6453, -32.0482, 0.0 ] ] ] ] } },
{ "type": "Feature", "properties": { "circuito": "00374", "codprov": "04", "coddepto": "026" }, "geometry": { "type": "MultiPolygon", "coordinates": [ [ [ [ -62.9579, -32.6208, 0.0 ], [ -62.9631, -32.6184, 0.0 ], [ -62.9701, -32.6142, 0.0 ], [ -62.9759, -32.6192, 0.0 ], [ -62.9833, -32.6165, 0.0 ], [ -62.9891, -32.6118, 0.0 ], [ -62.9901, -32.6076, 0.0 ], [ -62.9912, -32.6034, 0.0 ], [ -62.9917, -32.5986, 0.0 ], [ -62.9933, -32.5933, 0.0 ], [ -62.9959, -32.5854, 0.0 ], [ -63.0028, -32.5849, 0.0 ], [ -63.0107, -32.5854, 0.0 ], [ -63.0202, -32.5838, 0.0 ], [ -63.026, -32.5833, 0.0 ], [ -63.0297, -32.5791, 0.0 ], [ -63.0344, -32.5738, 0.0 ], [ -63.035, -32.5638, 0.0 ], [ -63.0334, -32.5564, 0.0 ], [ -63.0297, -32.5532, 0.0 ], [ -63.026, -32.5506, 0.0 ], [ -63.0244, -32.5453, 0.0 ], [ -63.0255, -32.5411, 0.0 ], [ -63.0244, -32.539, 0.0 ], [ -63.0337, -32.536, 0.0 ], [ -63.0408, -32.5337, 0.0 ], [ -63.0461, -32.5316, 0.0 ], [ -63.0577, -32.5274, 0.0 ], [ -63.0547, -32.5346, 0.0 ], [ -63.0719, -32.5643, 0.0 ], [ -63.091, -32.6314, 0.0 ], [ -63.0698, -32.6366, 0.0 ], [ -63.0806, -32.6783, 0.0 ], [ -63.0703, -32.6778, 0.0 ], [ -63.0677, -32.6741, 0.0 ], [ -63.0461, -32.6772, 0.0 ], [ -63.0218, -32.682, 0.0 ], [ -63.0023, -32.6978, 0.0 ], [ -62.9833, -32.7147, 0.0 ], [ -62.9812, -32.7163, 0.0 ], [ -62.9653, -32.72, 0.0 ], [ -62.959, -32.7205, 0.0 ], [ -62.9548, -32.6709, 0.0 ], [ -62.9469, -32.6324, 0.0 ], [ -62.9447, -32.6298, 0.0 ], [ -62.9585, -32.6208, 0.0 ], [ -62.9579, -32.6208, 0.0 ] ] ] ] } },
{ "type": "Feature", "properties": { "circuito": "00387", "codprov": "04", "coddepto": "026" }, "geometry": { "type": "MultiPolygon", "coordinates": [ [ [ [ -62.959, -32.7205, 0.0 ], [ -62.9824, -32.7153, 0.0 ], [ -63.0039, -32.6964, 0.0 ], [ -63.0218, -32.682, 0.0 ], [ -63.0677, -32.6741, 0.0 ], [ -63.0703, -32.6778, 0.0 ], [ -63.0806, -32.6783, 0.0 ], [ -63.0875, -32.7126, 0.0 ], [ -63.1108, -32.8117, 0.0 ], [ -63.0741, -32.8193, 0.0 ], [ -63.0665, -32.8566, 0.0 ], [ -63.1, -32.8509, 0.0 ], [ -63.1114, -32.8917, 0.0 ], [ -63.1178, -32.9193, 0.0 ], [ -63.0684, -32.9314, 0.0 ], [ -62.9685, -32.948, 0.0 ], [ -62.9593, -32.7944, 0.0 ], [ -62.959, -32.7205, 0.0 ] ] ] ] } },
{ "type": "Feature", "properties": { "circuito": "00393", "codprov": "04", "coddepto": "026" }, "geometry": { "type": "MultiPolygon", "coordinates": [ [ [ [ -62.3049, -32.3047, 0.0 ], [ -62.3735, -32.2878, 0.0 ], [ -62.3809, -32.2867, 0.0 ], [ -62.3894, -32.3174, 0.0 ], [ -62.3957, -32.3121, 0.0 ], [ -62.4041, -32.349, 0.0 ], [ -62.3968, -32.3553, 0.0 ], [ -62.4063, -32.3838, 0.0 ], [ -62.4221, -32.4387, 0.0 ], [ -62.4084, -32.444, 0.0 ], [ -62.3746, -32.4419, 0.0 ], [ -62.3556, -32.368, 0.0 ], [ -62.3324, -32.3765, 0.0 ], [ -62.3239, -32.3817, 0.0 ], [ -62.3134, -32.3796, 0.0 ], [ -62.287, -32.3838, 0.0 ], [ -62.2701, -32.3152, 0.0 ], [ -62.2712, -32.3089, 0.0 ], [ -62.3049, -32.3047, 0.0 ] ] ] ] } },
{ "type": "Feature", "properties": { "circuito": "00382", "codprov": "04", "coddepto": "026" }, "geometry": { "type": "MultiPolygon", "coordinates": [ [ [ [ -62.5754, -32.3242, 0.0 ], [ -62.588, -32.3717, 0.0 ], [ -62.6002, -32.4224, 0.0 ], [ -62.5944, -32.4218, 0.0 ], [ -62.578, -32.3991, 0.0 ], [ -62.5664, -32.3949, 0.0 ], [ -62.5553, -32.3939, 0.0 ], [ -62.5442, -32.4049, 0.0 ], [ -62.5326, -32.4113, 0.0 ], [ -62.5068, -32.4202, 0.0 ], [ -62.4767, -32.4261, 0.0 ], [ -62.444, -32.4313, 0.0 ], [ -62.4204, -32.4394, 0.0 ], [ -62.4071, -32.3869, 0.0 ], [ -62.3973, -32.357, 0.0 ], [ -62.406, -32.3527, 0.0 ], [ -62.3962, -32.3145, 0.0 ], [ -62.3894, -32.3174, 0.0 ], [ -62.3814, -32.2883, 0.0 ], [ -62.3735, -32.2878, 0.0 ], [ -62.3709, -32.2688, 0.0 ], [ -62.4574, -32.2551, 0.0 ], [ -62.4585, -32.2635, 0.0 ], [ -62.4891, -32.2583, 0.0 ], [ -62.4954, -32.2762, 0.0 ], [ -62.5358, -32.2683, 0.0 ], [ -62.544, -32.2899, 0.0 ], [ -62.5658, -32.286, 0.0 ], [ -62.5754, -32.3242, 0.0 ] ] ] ] } },
{ "type": "Feature", "properties": { "circuito": "00381", "codprov": "04", "coddepto": "026" }, "geometry": { "type": "MultiPolygon", "coordinates": [ [ [ [ -62.7841, -32.3509, 0.0 ], [ -62.75, -32.3722, 0.0 ], [ -62.7141, -32.3754, 0.0 ], [ -62.6804, -32.4028, 0.0 ], [ -62.673, -32.4102, 0.0 ], [ -62.6614, -32.4102, 0.0 ], [ -62.6297, -32.4208, 0.0 ], [ -62.6002, -32.4224, 0.0 ], [ -62.588, -32.3717, 0.0 ], [ -62.5754, -32.3242, 0.0 ], [ -62.5664, -32.2859, 0.0 ], [ -62.5915, -32.2815, 0.0 ], [ -62.5894, -32.273, 0.0 ], [ -62.6168, -32.2667, 0.0 ], [ -62.6189, -32.2709, 0.0 ], [ -62.6432, -32.2646, 0.0 ], [ -62.6474, -32.2688, 0.0 ], [ -62.7002, -32.2561, 0.0 ], [ -62.6991, -32.2456, 0.0 ], [ -62.7086, -32.2403, 0.0 ], [ -62.7396, -32.2308, 0.0 ], [ -62.7488, -32.2279, 0.0 ], [ -62.7648, -32.2815, 0.0 ], [ -62.7841, -32.3509, 0.0 ] ] ] ] } },
{ "type": "Feature", "properties": { "circuito": "00372", "codprov": "04", "coddepto": "026" }, "geometry": { "type": "MultiPolygon", "coordinates": [ [ [ [ -62.7841, -32.3509, 0.0 ], [ -62.7498, -32.2276, 0.0 ], [ -62.8127, -32.2124, 0.0 ], [ -62.8479, -32.2108, 0.0 ], [ -62.8437, -32.2013, 0.0 ], [ -62.8747, -32.1961, 0.0 ], [ -62.907, -32.3216, 0.0 ], [ -62.9281, -32.3976, 0.0 ], [ -62.9408, -32.4429, 0.0 ], [ -62.9102, -32.4567, 0.0 ], [ -62.907, -32.4609, 0.0 ], [ -62.8922, -32.4662, 0.0 ], [ -62.8775, -32.4683, 0.0 ], [ -62.85, -32.4778, 0.0 ], [ -62.839, -32.4571, 0.0 ], [ -62.8331, -32.4461, 0.0 ], [ -62.831, -32.4208, 0.0 ], [ -62.8268, -32.4028, 0.0 ], [ -62.8215, -32.3912, 0.0 ], [ -62.8173, -32.3775, 0.0 ], [ -62.8078, -32.3697, 0.0 ], [ -62.8116, -32.3615, 0.0 ], [ -62.7983, -32.3564, 0.0 ], [ -62.7927, -32.35, 0.0 ], [ -62.7841, -32.3509, 0.0 ] ] ] ] } },
{ "type": "Feature", "properties": { "circuito": "0372A", "codprov": "04", "coddepto": "026" }, "geometry": { "type": "MultiPolygon", "coordinates": [ [ [ [ -62.9263, -32.3909, 0.0 ], [ -62.9672, -32.3881, 0.0 ], [ -62.9641, -32.3832, 0.0 ], [ -62.9965, -32.3768, 0.0 ], [ -62.9988, -32.387, 0.0 ], [ -63.022, -32.3849, 0.0 ], [ -63.0474, -32.3786, 0.0 ], [ -63.0716, -32.3754, 0.0 ], [ -63.0833, -32.3997, 0.0 ], [ -63.0811, -32.4208, 0.0 ], [ -63.0674, -32.4239, 0.0 ], [ -63.0727, -32.4419, 0.0 ], [ -63.0738, -32.4535, 0.0 ], [ -63.0252, -32.4757, 0.0 ], [ -62.9862, -32.4968, 0.0 ], [ -62.9619, -32.5052, 0.0 ], [ -62.9471, -32.4672, 0.0 ], [ -62.9408, -32.4429, 0.0 ], [ -62.9266, -32.3921, 0.0 ], [ -62.9263, -32.3909, 0.0 ] ] ] ] } },
{ "type": "Feature", "properties": { "circuito": "00373", "codprov": "04", "coddepto": "026" }, "geometry": { "type": "MultiPolygon", "coordinates": [ [ [ [ -63.0603, -32.5242, 0.0 ], [ -63.0577, -32.5274, 0.0 ], [ -63.0518, -32.5301, 0.0 ], [ -63.0244, -32.539, 0.0 ], [ -63.026, -32.5506, 0.0 ], [ -63.0334, -32.5564, 0.0 ], [ -63.0342, -32.5604, 0.0 ], [ -63.0344, -32.5738, 0.0 ], [ -63.026, -32.5833, 0.0 ], [ -63.0167, -32.5844, 0.0 ], [ -63.0107, -32.5854, 0.0 ], [ -62.9959, -32.5854, 0.0 ], [ -62.9937, -32.592, 0.0 ], [ -62.9917, -32.5986, 0.0 ], [ -62.9909, -32.6046, 0.0 ], [ -62.9891, -32.6118, 0.0 ], [ -62.9842, -32.6158, 0.0 ], [ -62.9759, -32.6192, 0.0 ], [ -62.9701, -32.6142, 0.0 ], [ -62.9517, -32.6251, 0.0 ], [ -62.9447, -32.6298, 0.0 ], [ -62.9379, -32.6218, 0.0 ], [ -62.9261, -32.6215, 0.0 ], [ -62.9194, -32.6213, 0.0 ], [ -62.9152, -32.607, 0.0 ], [ -62.902, -32.578, 0.0 ], [ -62.8831, -32.5402, 0.0 ], [ -62.8777, -32.5305, 0.0 ], [ -62.8697, -32.5318, 0.0 ], [ -62.861, -32.5331, 0.0 ], [ -62.8564, -32.51, 0.0 ], [ -62.85, -32.4778, 0.0 ], [ -62.8775, -32.4683, 0.0 ], [ -62.8948, -32.4652, 0.0 ], [ -62.9081, -32.4594, 0.0 ], [ -62.9102, -32.4567, 0.0 ], [ -62.9408, -32.4429, 0.0 ], [ -62.9471, -32.4672, 0.0 ], [ -62.9619, -32.5052, 0.0 ], [ -62.9843, -32.4974, 0.0 ], [ -63.0252, -32.4757, 0.0 ], [ -63.0329, -32.4857, 0.0 ], [ -63.0566, -32.5163, 0.0 ], [ -63.0608, -32.5237, 0.0 ], [ -63.0603, -32.5242, 0.0 ] ] ] ] } },
{ "type": "Feature", "properties": { "circuito": "00384", "codprov": "04", "coddepto": "026" }, "geometry": { "type": "MultiPolygon", "coordinates": [ [ [ [ -62.7991, -33.7906, 0.0 ], [ -62.8645, -33.7801, 0.0 ], [ -62.8889, -33.8739, 0.0 ], [ -62.8202, -33.8877, 0.0 ], [ -62.7991, -33.7906, 0.0 ] ] ] ] } },
{ "type": "Feature", "properties": { "circuito": "00391", "codprov": "04", "coddepto": "026" }, "geometry": { "type": "MultiPolygon", "coordinates": [ [ [ [ -62.5247, -33.1342, 0.0 ], [ -62.6376, -33.112, 0.0 ], [ -62.6556, -33.1574, 0.0 ], [ -62.6619, -33.1986, 0.0 ], [ -62.6735, -33.2344, 0.0 ], [ -62.6834, -33.2726, 0.0 ], [ -62.6666, -33.2764, 0.0 ], [ -62.5701, -33.2197, 0.0 ], [ -62.5247, -33.1342, 0.0 ] ] ] ] } },
{ "type": "Feature", "properties": { "circuito": "00400", "codprov": "04", "coddepto": "026" }, "geometry": { "type": "MultiPolygon", "coordinates": [ [ [ [ -62.5067, -32.7522, 0.0 ], [ -62.4991, -32.7522, 0.0 ], [ -62.4903, -32.7053, 0.0 ], [ -62.4865, -32.6888, 0.0 ], [ -62.4852, -32.6812, 0.0 ], [ -62.4724, -32.682, 0.0 ], [ -62.4467, -32.5865, 0.0 ], [ -62.4158, -32.4695, 0.0 ], [ -62.4084, -32.444, 0.0 ], [ -62.4485, -32.4254, 0.0 ], [ -62.4855, -32.4244, 0.0 ], [ -62.4966, -32.4685, 0.0 ], [ -62.5131, -32.5381, 0.0 ], [ -62.5232, -32.5761, 0.0 ], [ -62.5358, -32.6217, 0.0 ], [ -62.5409, -32.6483, 0.0 ], [ -62.546, -32.6686, 0.0 ], [ -62.5612, -32.7154, 0.0 ], [ -62.5688, -32.7471, 0.0 ], [ -62.5396, -32.7496, 0.0 ], [ -62.5067, -32.7522, 0.0 ] ] ] ] } },
{ "type": "Feature", "properties": { "circuito": "00390", "codprov": "04", "coddepto": "026" }, "geometry": { "type": "MultiPolygon", "coordinates": [ [ [ [ -62.4849, -32.4244, 0.0 ], [ -62.4861, -32.4241, 0.0 ], [ -62.4861161, -32.4241679, 0.0 ], [ -62.4849, -32.4244, 0.0 ] ] ], [ [ [ -62.4861161, -32.4241679, 0.0 ], [ -62.5048, -32.4206, 0.0 ], [ -62.5442, -32.4049, 0.0 ], [ -62.559, -32.4507, 0.0 ], [ -62.564, -32.4729, 0.0 ], [ -62.578, -32.5286, 0.0 ], [ -62.5837, -32.5293, 0.0 ], [ -62.5887, -32.5521, 0.0 ], [ -62.5925, -32.5641, 0.0 ], [ -62.5951, -32.5723, 0.0 ], [ -62.5976, -32.5875, 0.0 ], [ -62.6001, -32.5989, 0.0 ], [ -62.6039, -32.6091, 0.0 ], [ -62.609, -32.6331, 0.0 ], [ -62.6134, -32.6534, 0.0 ], [ -62.6223, -32.6844, 0.0 ], [ -62.6375, -32.7344, 0.0 ], [ -62.5989, -32.7427, 0.0 ], [ -62.5811, -32.7446, 0.0 ], [ -62.5688, -32.7471, 0.0 ], [ -62.5403, -32.6451, 0.0 ], [ -62.5138, -32.541, 0.0 ], [ -62.4861161, -32.4241679, 0.0 ] ] ] ] } },
{ "type": "Feature", "properties": { "circuito": "00375", "codprov": "04", "coddepto": "026" }, "geometry": { "type": "MultiPolygon", "coordinates": [ [ [ [ -62.6375, -32.7344, 0.0 ], [ -62.6145, -32.6571, 0.0 ], [ -62.6039, -32.6091, 0.0 ], [ -62.5976, -32.5875, 0.0 ], [ -62.5837, -32.5293, 0.0 ], [ -62.578, -32.5286, 0.0 ], [ -62.5649, -32.4763, 0.0 ], [ -62.5442, -32.4049, 0.0 ], [ -62.5553, -32.3939, 0.0 ], [ -62.5622, -32.3945, 0.0 ], [ -62.578, -32.3991, 0.0 ], [ -62.5919, -32.4229, 0.0 ], [ -62.6297, -32.4208, 0.0 ], [ -62.6461, -32.4153, 0.0 ], [ -62.6585, -32.4112, 0.0 ], [ -62.673, -32.4102, 0.0 ], [ -62.6804, -32.4028, 0.0 ], [ -62.7129, -32.3764, 0.0 ], [ -62.7223, -32.3747, 0.0 ], [ -62.7298, -32.4103, 0.0 ], [ -62.7445, -32.4799, 0.0 ], [ -62.7571, -32.5259, 0.0 ], [ -62.7648, -32.554, 0.0 ], [ -62.7559, -32.5559, 0.0 ], [ -62.7591, -32.5679, 0.0 ], [ -62.7546, -32.5685, 0.0 ], [ -62.7556, -32.5925, 0.0 ], [ -62.7597, -32.6635, 0.0 ], [ -62.7591, -32.673, 0.0 ], [ -62.766, -32.7002, 0.0 ], [ -62.7692, -32.7154, 0.0 ], [ -62.7527, -32.7142, 0.0 ], [ -62.7173, -32.7224, 0.0 ], [ -62.6786, -32.7281, 0.0 ], [ -62.6375, -32.7344, 0.0 ] ] ] ] } },
{ "type": "Feature", "properties": { "circuito": "00392", "codprov": "04", "coddepto": "026" }, "geometry": { "type": "MultiPolygon", "coordinates": [ [ [ [ -62.7692, -32.7154, 0.0 ], [ -62.7591, -32.673, 0.0 ], [ -62.7546, -32.5685, 0.0 ], [ -62.7591, -32.5679, 0.0 ], [ -62.7559, -32.5559, 0.0 ], [ -62.7648, -32.554, 0.0 ], [ -62.7445, -32.4799, 0.0 ], [ -62.7223, -32.3747, 0.0 ], [ -62.75, -32.3722, 0.0 ], [ -62.7841, -32.3509, 0.0 ], [ -62.7927, -32.35, 0.0 ], [ -62.7983, -32.3564, 0.0 ], [ -62.8116, -32.3615, 0.0 ], [ -62.8078, -32.3697, 0.0 ], [ -62.8173, -32.3775, 0.0 ], [ -62.8268, -32.4028, 0.0 ], [ -62.8296, -32.4146, 0.0 ], [ -62.8331, -32.4461, 0.0 ], [ -62.85, -32.4778, 0.0 ], [ -62.861, -32.5331, 0.0 ], [ -62.8777, -32.5305, 0.0 ], [ -62.893, -32.5582, 0.0 ], [ -62.9118, -32.5996, 0.0 ], [ -62.9194, -32.6213, 0.0 ], [ -62.9379, -32.6218, 0.0 ], [ -62.9469, -32.6324, 0.0 ], [ -62.9548, -32.6709, 0.0 ], [ -62.9307, -32.6762, 0.0 ], [ -62.9011, -32.6806, 0.0 ], [ -62.8827, -32.6835, 0.0 ], [ -62.8648, -32.6863, 0.0 ], [ -62.7913, -32.7154, 0.0 ], [ -62.7692, -32.7154, 0.0 ] ] ] ] } },
{ "type": "Feature", "properties": { "circuito": "0396A", "codprov": "04", "coddepto": "026" }, "geometry": { "type": "MultiPolygon", "coordinates": [ [ [ [ -62.608, -32.8281, 0.0 ], [ -62.5232, -32.8421, 0.0 ], [ -62.4497, -32.8547, 0.0 ], [ -62.4649, -32.8155, 0.0 ], [ -62.4738, -32.818, 0.0 ], [ -62.4915, -32.7661, 0.0 ], [ -62.4979, -32.7712, 0.0 ], [ -62.5055, -32.7724, 0.0 ], [ -62.5067, -32.7522, 0.0 ], [ -62.5269, -32.7506, 0.0 ], [ -62.5688, -32.7471, 0.0 ], [ -62.6375, -32.7344, 0.0 ], [ -62.685, -32.7272, 0.0 ], [ -62.7173, -32.7224, 0.0 ], [ -62.7527, -32.7142, 0.0 ], [ -62.7692, -32.7154, 0.0 ], [ -62.7913, -32.7154, 0.0 ], [ -62.8648, -32.6863, 0.0 ], [ -62.9268, -32.6765, 0.0 ], [ -62.9548, -32.6709, 0.0 ], [ -62.959, -32.7205, 0.0 ], [ -62.9592, -32.7737, 0.0 ], [ -62.9593, -32.7944, 0.0 ], [ -62.9272, -32.7927, 0.0 ], [ -62.8347, -32.7977, 0.0 ], [ -62.7777, -32.8079, 0.0 ], [ -62.6739, -32.8269, 0.0 ], [ -62.6688, -32.8117, 0.0 ], [ -62.608, -32.8281, 0.0 ] ] ] ] } },
{ "type": "Feature", "properties": { "circuito": "00396", "codprov": "04", "coddepto": "026" }, "geometry": { "type": "MultiPolygon", "coordinates": [ [ [ [ -62.5232, -32.8421, 0.0 ], [ -62.608, -32.8281, 0.0 ], [ -62.6216, -32.8167, 0.0 ], [ -62.6688, -32.8117, 0.0 ], [ -62.6739, -32.8269, 0.0 ], [ -62.7298, -32.8166, 0.0 ], [ -62.7344, -32.8446, 0.0 ], [ -62.7268, -32.8699, 0.0 ], [ -62.761, -32.8649, 0.0 ], [ -62.7698, -32.9193, 0.0 ], [ -62.7749, -32.9244, 0.0 ], [ -62.7926, -32.9826, 0.0 ], [ -62.7078, -32.9991, 0.0 ], [ -62.6419, -33.0118, 0.0 ], [ -62.6495, -33.0206, 0.0 ], [ -62.6128, -33.0282, 0.0 ], [ -62.5343, -33.0434, 0.0 ], [ -62.5146, -32.9536, 0.0 ], [ -62.5498, -32.9456, 0.0 ], [ -62.5232, -32.8421, 0.0 ] ] ] ] } },
{ "type": "Feature", "properties": { "circuito": "00394", "codprov": "04", "coddepto": "026" }, "geometry": { "type": "MultiPolygon", "coordinates": [ [ [ [ -62.761, -32.8649, 0.0 ], [ -62.7268, -32.8699, 0.0 ], [ -62.7344, -32.8446, 0.0 ], [ -62.7258, -32.8174, 0.0 ], [ -62.8347, -32.7977, 0.0 ], [ -62.886, -32.7949, 0.0 ], [ -62.9272, -32.7927, 0.0 ], [ -62.9593, -32.7944, 0.0 ], [ -62.9634, -32.8626, 0.0 ], [ -62.9696, -32.9478, 0.0 ], [ -62.9139, -32.9579, 0.0 ], [ -62.8468, -32.9719, 0.0 ], [ -62.7926, -32.9826, 0.0 ], [ -62.7766, -32.9301, 0.0 ], [ -62.7698, -32.9193, 0.0 ], [ -62.7618, -32.8704, 0.0 ], [ -62.761, -32.8649, 0.0 ] ] ] ] } },
{ "type": "Feature", "properties": { "circuito": "00395", "codprov": "04", "coddepto": "026" }, "geometry": { "type": "MultiPolygon", "coordinates": [ [ [ [ -62.9696, -32.9478, 0.0 ], [ -63.0684, -32.9314, 0.0 ], [ -63.1178, -32.9193, 0.0 ], [ -63.1393, -32.9193, 0.0 ], [ -63.1621, -33.0105, 0.0 ], [ -63.1893, -33.1139, 0.0 ], [ -63.208, -33.1102, 0.0 ], [ -63.2292, -33.1979, 0.0 ], [ -63.2165, -33.1979, 0.0 ], [ -63.2241, -33.2435, 0.0 ], [ -63.0962, -33.2739, 0.0 ], [ -63.0633, -33.2815, 0.0 ], [ -63.0266, -33.2828, 0.0 ], [ -63.0025, -33.2866, 0.0 ], [ -62.9987, -33.2726, 0.0 ], [ -62.9709, -33.2359, 0.0 ], [ -62.9671, -33.2081, 0.0 ], [ -62.9607, -33.1409, 0.0 ], [ -62.9354, -33.0498, 0.0 ], [ -62.9139, -32.9579, 0.0 ], [ -62.9696, -32.9478, 0.0 ] ] ] ] } },
{ "type": "Feature", "properties": { "circuito": "00389", "codprov": "04", "coddepto": "026" }, "geometry": { "type": "MultiPolygon", "coordinates": [ [ [ [ -62.9139, -32.9579, 0.0 ], [ -62.9354, -33.0498, 0.0 ], [ -62.9607, -33.1409, 0.0 ], [ -62.9709, -33.2359, 0.0 ], [ -62.9994, -33.2752, 0.0 ], [ -63.0025, -33.2866, 0.0 ], [ -62.9477, -33.2964, 0.0 ], [ -62.8974, -33.3056, 0.0 ], [ -62.8506, -33.3144, 0.0 ], [ -62.8404, -33.2663, 0.0 ], [ -62.829, -33.2283, 0.0 ], [ -62.8151, -33.1751, 0.0 ], [ -62.7999, -33.1232, 0.0 ], [ -62.7923, -33.0789, 0.0 ], [ -62.7822, -33.0333, 0.0 ], [ -62.7704, -32.987, 0.0 ], [ -62.8398, -32.9733, 0.0 ], [ -62.9139, -32.9579, 0.0 ] ] ] ] } },
{ "type": "Feature", "properties": { "circuito": "00385", "codprov": "04", "coddepto": "026" }, "geometry": { "type": "MultiPolygon", "coordinates": [ [ [ [ -62.6376, -33.112, 0.0 ], [ -62.6353, -33.1017, 0.0 ], [ -62.6251, -33.0979, 0.0 ], [ -62.6125, -33.0941, 0.0 ], [ -62.6036, -33.089, 0.0 ], [ -62.5897, -33.0789, 0.0 ], [ -62.5846, -33.07, 0.0 ], [ -62.5795, -33.0624, 0.0 ], [ -62.5656, -33.0498, 0.0 ], [ -62.5486, -33.0407, 0.0 ], [ -62.6128, -33.0282, 0.0 ], [ -62.6495, -33.0206, 0.0 ], [ -62.6419, -33.0118, 0.0 ], [ -62.7129, -32.9981, 0.0 ], [ -62.7706, -32.9877, 0.0 ], [ -62.7923, -33.0789, 0.0 ], [ -62.7977, -33.1103, 0.0 ], [ -62.806, -33.1441, 0.0 ], [ -62.8151, -33.1751, 0.0 ], [ -62.829, -33.2283, 0.0 ], [ -62.8341, -33.2451, 0.0 ], [ -62.7948, -33.2499, 0.0 ], [ -62.791, -33.2473, 0.0 ], [ -62.7872, -33.2575, 0.0 ], [ -62.6834, -33.2726, 0.0 ], [ -62.6788, -33.2587, 0.0 ], [ -62.6629, -33.2018, 0.0 ], [ -62.6376, -33.112, 0.0 ] ] ] ] } },
{ "type": "Feature", "properties": { "circuito": "00376", "codprov": "04", "coddepto": "026" }, "geometry": { "type": "MultiPolygon", "coordinates": [ [ [ [ -62.8506, -33.3144, 0.0 ], [ -62.8024, -33.322, 0.0 ], [ -62.7581, -33.3309, 0.0 ], [ -62.7017, -33.341, 0.0 ], [ -62.6486, -33.3505, 0.0 ], [ -62.6437, -33.3455, 0.0 ], [ -62.601, -33.3013, 0.0 ], [ -62.6695, -33.2904, 0.0 ], [ -62.6828, -33.2885, 0.0 ], [ -62.6666, -33.2764, 0.0 ], [ -62.6834, -33.2726, 0.0 ], [ -62.7429, -33.2638, 0.0 ], [ -62.7872, -33.2575, 0.0 ], [ -62.791, -33.2473, 0.0 ], [ -62.7948, -33.2499, 0.0 ], [ -62.8339, -33.2446, 0.0 ], [ -62.8506, -33.3144, 0.0 ] ] ] ] } },
{ "type": "Feature", "properties": { "circuito": "00377", "codprov": "04", "coddepto": "026" }, "geometry": { "type": "MultiPolygon", "coordinates": [ [ [ [ -62.6478, -33.3505, 0.0 ], [ -62.7581, -33.3309, 0.0 ], [ -62.7758, -33.3968, 0.0 ], [ -62.7725, -33.4048, 0.0 ], [ -62.7853, -33.4567, 0.0 ], [ -62.7986, -33.5095, 0.0 ], [ -62.7708, -33.5145, 0.0 ], [ -62.691, -33.5285, 0.0 ], [ -62.6478, -33.3505, 0.0 ] ] ] ] } },
{ "type": "Feature", "properties": { "circuito": "00386", "codprov": "04", "coddepto": "026" }, "geometry": { "type": "MultiPolygon", "coordinates": [ [ [ [ -62.691, -33.5285, 0.0 ], [ -62.694, -33.5279, 0.0 ], [ -62.6940146, -33.5279734, 0.0 ], [ -62.691, -33.5285, 0.0 ] ] ], [ [ [ -62.6940146, -33.5279734, 0.0 ], [ -62.7476, -33.5186, 0.0 ], [ -62.7986, -33.5095, 0.0 ], [ -62.8088, -33.5601, 0.0 ], [ -62.8176, -33.5994, 0.0 ], [ -62.8231, -33.621, 0.0 ], [ -62.8645, -33.7801, 0.0 ], [ -62.7991, -33.7906, 0.0 ], [ -62.7948, -33.7767, 0.0 ], [ -62.7568, -33.7817, 0.0 ], [ -62.7087, -33.6019, 0.0 ], [ -62.6940146, -33.5279734, 0.0 ] ] ] ] } },
{ "type": "Feature", "properties": { "circuito": "00378", "codprov": "04", "coddepto": "026" }, "geometry": { "type": "MultiPolygon", "coordinates": [ [ [ [ -62.8132, -33.5799, 0.0 ], [ -62.7986, -33.5095, 0.0 ], [ -62.7728, -33.4074, 0.0 ], [ -62.7758, -33.3968, 0.0 ], [ -62.7581, -33.3309, 0.0 ], [ -62.9018, -33.3047, 0.0 ], [ -63.0025, -33.2866, 0.0 ], [ -63.0649, -33.2752, 0.0 ], [ -63.0962, -33.2739, 0.0 ], [ -63.1117, -33.3448, 0.0 ], [ -63.1299, -33.4177, 0.0 ], [ -63.1181, -33.4221, 0.0 ], [ -63.1244, -33.4525, 0.0 ], [ -63.1409, -33.5133, 0.0 ], [ -63.1231, -33.5183, 0.0 ], [ -63.1016, -33.5348, 0.0 ], [ -63.0369, -33.544, 0.0 ], [ -63.0419, -33.5617, 0.0 ], [ -63.0068, -33.5676, 0.0 ], [ -62.9691, -33.5744, 0.0 ], [ -62.9302, -33.582, 0.0 ], [ -62.928, -33.5782, 0.0 ], [ -62.8814, -33.587, 0.0 ], [ -62.8393, -33.595, 0.0 ], [ -62.8176, -33.5994, 0.0 ], [ -62.8133, -33.58, 0.0 ], [ -62.8132, -33.5799, 0.0 ] ] ] ] } },
{ "type": "Feature", "properties": { "circuito": "00402", "codprov": "04", "coddepto": "026" }, "geometry": { "type": "MultiPolygon", "coordinates": [ [ [ [ -62.9976, -33.6611, 0.0 ], [ -62.9864, -33.6156, 0.0 ], [ -62.9769, -33.5726, 0.0 ], [ -63.0419, -33.5617, 0.0 ], [ -63.0369, -33.544, 0.0 ], [ -63.062, -33.5404, 0.0 ], [ -63.1016, -33.5348, 0.0 ], [ -63.1231, -33.5183, 0.0 ], [ -63.1409, -33.5133, 0.0 ], [ -63.1673, -33.6025, 0.0 ], [ -63.1832, -33.6006, 0.0 ], [ -63.2104, -33.708, 0.0 ], [ -63.2357, -33.8013, 0.0 ], [ -63.142, -33.8197, 0.0 ], [ -63.0799, -33.8346, 0.0 ], [ -63.0432, -33.8422, 0.0 ], [ -62.9976, -33.6611, 0.0 ] ] ] ] } },
{ "type": "Feature", "properties": { "circuito": "00401", "codprov": "04", "coddepto": "026" }, "geometry": { "type": "MultiPolygon", "coordinates": [ [ [ [ -63.0432, -33.8422, 0.0 ], [ -62.9311, -33.8663, 0.0 ], [ -62.8889, -33.8739, 0.0 ], [ -62.8419, -33.6952, 0.0 ], [ -62.8176, -33.5994, 0.0 ], [ -62.928, -33.5782, 0.0 ], [ -62.9302, -33.582, 0.0 ], [ -62.9758, -33.5728, 0.0 ], [ -62.9976, -33.6611, 0.0 ], [ -63.0206, -33.7524, 0.0 ], [ -63.0432, -33.8422, 0.0 ] ] ] ] } },
{ "type": "Feature", "properties": { "circuito": "00379", "codprov": "04", "coddepto": "026" }, "geometry": { "type": "MultiPolygon", "coordinates": [ [ [ [ -63.0252, -32.4757, 0.0 ], [ -63.0738, -32.4535, 0.0 ], [ -63.0727, -32.4419, 0.0 ], [ -63.0888, -32.4365, 0.0 ], [ -63.1439, -32.51, 0.0 ], [ -63.1395, -32.5144, 0.0 ], [ -63.1167, -32.5157, 0.0 ], [ -63.104, -32.5188, 0.0 ], [ -63.0913, -32.5239, 0.0 ], [ -63.0793, -32.5258, 0.0 ], [ -63.0577, -32.5274, 0.0 ], [ -63.0603, -32.5242, 0.0 ], [ -63.0457, -32.5022, 0.0 ], [ -63.0252, -32.4757, 0.0 ] ] ] ] } },
{ "type": "Feature", "properties": { "circuito": "00022", "codprov": "04", "coddepto": "002" }, "geometry": { "type": "MultiPolygon", "coordinates": [ [ [ [ -64.4703, -32.4893, 0.0 ], [ -64.5334, -32.4704, 0.0 ], [ -64.5796, -32.456, 0.0 ], [ -64.6044, -32.4535, 0.0 ], [ -64.6198, -32.4525, 0.0 ], [ -64.6327, -32.449, 0.0 ], [ -64.6481, -32.4441, 0.0 ], [ -64.6705, -32.4366, 0.0 ], [ -64.7028, -32.4297, 0.0 ], [ -64.7281, -32.4277, 0.0 ], [ -64.7356, -32.4297, 0.0 ], [ -64.7515, -32.4321, 0.0 ], [ -64.7644, -32.4316, 0.0 ], [ -64.7798, -32.4272, 0.0 ], [ -64.7882, -32.4252, 0.0 ], [ -64.8046, -32.4247, 0.0 ], [ -64.8151, -32.4287, 0.0 ], [ -64.819, -32.4287, 0.0 ], [ -64.8305, -32.4331, 0.0 ], [ -64.8439, -32.4316, 0.0 ], [ -64.8463, -32.4292, 0.0 ], [ -64.8657, -32.4252, 0.0 ], [ -64.8856, -32.4341, 0.0 ], [ -64.907, -32.4426, 0.0 ], [ -64.906, -32.4456, 0.0 ], [ -64.9089, -32.453, 0.0 ], [ -64.9099, -32.4629, 0.0 ], [ -64.905, -32.4729, 0.0 ], [ -64.8975, -32.4788, 0.0 ], [ -64.8891, -32.4823, 0.0 ], [ -64.8896, -32.4918, 0.0 ], [ -64.8911, -32.4972, 0.0 ], [ -64.895, -32.5047, 0.0 ], [ -64.8955, -32.5106, 0.0 ], [ -64.894, -32.5146, 0.0 ], [ -64.8935, -32.5171, 0.0 ], [ -64.8911, -32.5216, 0.0 ], [ -64.8846, -32.525, 0.0 ], [ -64.8816, -32.5275, 0.0 ], [ -64.8786, -32.53, 0.0 ], [ -64.8757, -32.533, 0.0 ], [ -64.8757, -32.537, 0.0 ], [ -64.8757, -32.5424, 0.0 ], [ -64.8771, -32.5499, 0.0 ], [ -64.8776, -32.5529, 0.0 ], [ -64.8757, -32.5548, 0.0 ], [ -64.8727, -32.5588, 0.0 ], [ -64.8677, -32.5628, 0.0 ], [ -64.8692, -32.5692, 0.0 ], [ -64.8697, -32.5722, 0.0 ], [ -64.8712, -32.5747, 0.0 ], [ -64.8717, -32.5777, 0.0 ], [ -64.8752, -32.5812, 0.0 ], [ -64.8836, -32.5861, 0.0 ], [ -64.7947, -32.6035, 0.0 ], [ -64.6531, -32.6308, 0.0 ], [ -64.6347, -32.6254, 0.0 ], [ -64.6213, -32.6259, 0.0 ], [ -64.6079, -32.6214, 0.0 ], [ -64.5453, -32.6194, 0.0 ], [ -64.5399, -32.6234, 0.0 ], [ -64.514, -32.6224, 0.0 ], [ -64.4862, -32.5399, 0.0 ], [ -64.4703, -32.4893, 0.0 ] ] ] ] } },
{ "type": "Feature", "properties": { "circuito": "0025B", "codprov": "04", "coddepto": "002" }, "geometry": { "type": "MultiPolygon", "coordinates": [ [ [ [ -64.2971, -31.912, 0.0 ], [ -64.2968, -31.8739, 0.0 ], [ -64.2968, -31.8298, 0.0 ], [ -64.3115, -31.8288, 0.0 ], [ -64.3116, -31.8026, 0.0 ], [ -64.3159, -31.8013, 0.0 ], [ -64.3177, -31.8013, 0.0 ], [ -64.3184, -31.8007, 0.0 ], [ -64.3193, -31.8005, 0.0 ], [ -64.3202, -31.8002, 0.0 ], [ -64.3234, -31.7985, 0.0 ], [ -64.3278, -31.7987, 0.0 ], [ -64.329, -31.7996, 0.0 ], [ -64.3305, -31.7996, 0.0 ], [ -64.3326, -31.8005, 0.0 ], [ -64.3337, -31.8019, 0.0 ], [ -64.3347, -31.8031, 0.0 ], [ -64.3356, -31.8046, 0.0 ], [ -64.3361, -31.8061, 0.0 ], [ -64.3364, -31.8056, 0.0 ], [ -64.3396, -31.808, 0.0 ], [ -64.3434, -31.811, 0.0 ], [ -64.3459, -31.8129, 0.0 ], [ -64.3492, -31.8158, 0.0 ], [ -64.3522, -31.8179, 0.0 ], [ -64.3577, -31.8215, 0.0 ], [ -64.3642, -31.8241, 0.0 ], [ -64.3706, -31.8262, 0.0 ], [ -64.3722, -31.8266, 0.0 ], [ -64.3752, -31.8286, 0.0 ], [ -64.3778, -31.8313, 0.0 ], [ -64.3776, -31.8355, 0.0 ], [ -64.3777, -31.8376, 0.0 ], [ -64.3779, -31.8394, 0.0 ], [ -64.3792, -31.8407, 0.0 ], [ -64.3803, -31.8418, 0.0 ], [ -64.3822, -31.8431, 0.0 ], [ -64.3874, -31.8431, 0.0 ], [ -64.3893, -31.843, 0.0 ], [ -64.3912, -31.843, 0.0 ], [ -64.3927, -31.8422, 0.0 ], [ -64.3959, -31.8417, 0.0 ], [ -64.3983, -31.8416, 0.0 ], [ -64.4009, -31.8399, 0.0 ], [ -64.4035, -31.8393, 0.0 ], [ -64.4064, -31.8394, 0.0 ], [ -64.41, -31.8405, 0.0 ], [ -64.412, -31.8413, 0.0 ], [ -64.4135, -31.8418, 0.0 ], [ -64.4153, -31.8456, 0.0 ], [ -64.4165, -31.8484, 0.0 ], [ -64.4183, -31.8545, 0.0 ], [ -64.4204, -31.858, 0.0 ], [ -64.421, -31.8587, 0.0 ], [ -64.4232, -31.8581, 0.0 ], [ -64.4262, -31.8571, 0.0 ], [ -64.4274, -31.8557, 0.0 ], [ -64.4285, -31.8544, 0.0 ], [ -64.4309, -31.8484, 0.0 ], [ -64.4336, -31.8442, 0.0 ], [ -64.435, -31.8421, 0.0 ], [ -64.4365, -31.8402, 0.0 ], [ -64.4371, -31.8396, 0.0 ], [ -64.4377, -31.8388, 0.0 ], [ -64.4393, -31.8388, 0.0 ], [ -64.4411, -31.8389, 0.0 ], [ -64.4437, -31.8388, 0.0 ], [ -64.4456, -31.8388, 0.0 ], [ -64.4497, -31.8421, 0.0 ], [ -64.451, -31.8449, 0.0 ], [ -64.4516, -31.8462, 0.0 ], [ -64.455, -31.8471, 0.0 ], [ -64.4564, -31.8461, 0.0 ], [ -64.4576, -31.8454, 0.0 ], [ -64.4586, -31.8449, 0.0 ], [ -64.4595, -31.8443, 0.0 ], [ -64.4613, -31.8422, 0.0 ], [ -64.4624, -31.8411, 0.0 ], [ -64.4648, -31.8411, 0.0 ], [ -64.4658, -31.8414, 0.0 ], [ -64.4672, -31.8423, 0.0 ], [ -64.4675, -31.843, 0.0 ], [ -64.4697, -31.8431, 0.0 ], [ -64.4707, -31.842, 0.0 ], [ -64.4712, -31.8413, 0.0 ], [ -64.4733, -31.8416, 0.0 ], [ -64.4761, -31.8434, 0.0 ], [ -64.481, -31.8456, 0.0 ], [ -64.4853, -31.8454, 0.0 ], [ -64.4863, -31.8459, 0.0 ], [ -64.4911, -31.8487, 0.0 ], [ -64.4992, -31.8655, 0.0 ], [ -64.4971, -31.8786, 0.0 ], [ -64.4895, -31.8997, 0.0 ], [ -64.4889, -31.9135, 0.0 ], [ -64.4883, -31.913, 0.0 ], [ -64.4861, -31.9129, 0.0 ], [ -64.4853, -31.9156, 0.0 ], [ -64.4846, -31.9162, 0.0 ], [ -64.4832, -31.9164, 0.0 ], [ -64.482, -31.9173, 0.0 ], [ -64.4808, -31.9213, 0.0 ], [ -64.4776, -31.9213, 0.0 ], [ -64.4763, -31.9248, 0.0 ], [ -64.4743, -31.9275, 0.0 ], [ -64.474, -31.9286, 0.0 ], [ -64.472, -31.9293, 0.0 ], [ -64.469, -31.931, 0.0 ], [ -64.469, -31.9333, 0.0 ], [ -64.4678, -31.9351, 0.0 ], [ -64.4666, -31.936, 0.0 ], [ -64.4645, -31.9361, 0.0 ], [ -64.4639, -31.937, 0.0 ], [ -64.4628, -31.9367, 0.0 ], [ -64.4625, -31.9361, 0.0 ], [ -64.4596, -31.9351, 0.0 ], [ -64.4587, -31.9339, 0.0 ], [ -64.4601, -31.9318, 0.0 ], [ -64.4596, -31.9298, 0.0 ], [ -64.4578, -31.9287, 0.0 ], [ -64.4557, -31.9284, 0.0 ], [ -64.4524, -31.9286, 0.0 ], [ -64.4518, -31.9304, 0.0 ], [ -64.45, -31.9306, 0.0 ], [ -64.4483, -31.9313, 0.0 ], [ -64.4453, -31.9315, 0.0 ], [ -64.4424, -31.931, 0.0 ], [ -64.4406, -31.9316, 0.0 ], [ -64.4391, -31.9312, 0.0 ], [ -64.437, -31.9312, 0.0 ], [ -64.4359, -31.9306, 0.0 ], [ -64.4334, -31.9306, 0.0 ], [ -64.4319, -31.9301, 0.0 ], [ -64.4291, -31.9301, 0.0 ], [ -64.4263, -31.929, 0.0 ], [ -64.4258, -31.9278, 0.0 ], [ -64.4251, -31.9248, 0.0 ], [ -64.4255, -31.9236, 0.0 ], [ -64.4245, -31.9232, 0.0 ], [ -64.4246, -31.9222, 0.0 ], [ -64.4223, -31.9212, 0.0 ], [ -64.4205, -31.9216, 0.0 ], [ -64.4193, -31.9239, 0.0 ], [ -64.4166, -31.9238, 0.0 ], [ -64.4155, -31.923, 0.0 ], [ -64.4118, -31.9241, 0.0 ], [ -64.4092, -31.9224, 0.0 ], [ -64.4095, -31.9194, 0.0 ], [ -64.4109, -31.9185, 0.0 ], [ -64.4104, -31.9173, 0.0 ], [ -64.4068, -31.9182, 0.0 ], [ -64.4056, -31.9182, 0.0 ], [ -64.4054, -31.9168, 0.0 ], [ -64.4069, -31.9148, 0.0 ], [ -64.4069, -31.9138, 0.0 ], [ -64.4045, -31.9118, 0.0 ], [ -64.4029, -31.9127, 0.0 ], [ -64.401, -31.9118, 0.0 ], [ -64.401, -31.9109, 0.0 ], [ -64.3867, -31.9109, 0.0 ], [ -64.3722, -31.9117, 0.0 ], [ -64.3678, -31.9117, 0.0 ], [ -64.3439, -31.9115, 0.0 ], [ -64.3132, -31.912, 0.0 ], [ -64.2969, -31.9124, 0.0 ], [ -64.2971, -31.912, 0.0 ] ] ] ] } },
{ "type": "Feature", "properties": { "circuito": "00025", "codprov": "04", "coddepto": "002" }, "geometry": { "type": "MultiPolygon", "coordinates": [ [ [ [ -64.3629, -32.0016, 0.0 ], [ -64.3187, -32.0023, 0.0 ], [ -64.2585, -32.0037, 0.0 ], [ -64.2317, -32.0048, 0.0 ], [ -64.2222, -31.9711, 0.0 ], [ -64.2099, -31.9302, 0.0 ], [ -64.2121, -31.9218, 0.0 ], [ -64.2157, -31.9193, 0.0 ], [ -64.2447, -31.9204, 0.0 ], [ -64.2759, -31.92, 0.0 ], [ -64.2766, -31.9436, 0.0 ], [ -64.2965, -31.949, 0.0 ], [ -64.2971, -31.912, 0.0 ], [ -64.3439, -31.9115, 0.0 ], [ -64.3694, -31.9117, 0.0 ], [ -64.401, -31.9109, 0.0 ], [ -64.401, -31.9118, 0.0 ], [ -64.4019, -31.9123, 0.0 ], [ -64.4029, -31.9127, 0.0 ], [ -64.4039, -31.9121, 0.0 ], [ -64.4045, -31.9118, 0.0 ], [ -64.4061, -31.9124, 0.0 ], [ -64.4069, -31.9138, 0.0 ], [ -64.4069, -31.9148, 0.0 ], [ -64.4061, -31.9159, 0.0 ], [ -64.4054, -31.9168, 0.0 ], [ -64.4056, -31.9182, 0.0 ], [ -64.4072, -31.9181, 0.0 ], [ -64.4104, -31.9173, 0.0 ], [ -64.4107, -31.9181, 0.0 ], [ -64.4104, -31.9188, 0.0 ], [ -64.4095, -31.9194, 0.0 ], [ -64.4093, -31.9215, 0.0 ], [ -64.4092, -31.9224, 0.0 ], [ -64.4111, -31.9236, 0.0 ], [ -64.4122, -31.9239, 0.0 ], [ -64.4141, -31.9229, 0.0 ], [ -64.4155, -31.9225, 0.0 ], [ -64.4163, -31.9235, 0.0 ], [ -64.4189, -31.9239, 0.0 ], [ -64.4199, -31.9228, 0.0 ], [ -64.4205, -31.9216, 0.0 ], [ -64.4223, -31.9212, 0.0 ], [ -64.4246, -31.9222, 0.0 ], [ -64.4245, -31.9232, 0.0 ], [ -64.4255, -31.9236, 0.0 ], [ -64.4251, -31.9248, 0.0 ], [ -64.4255, -31.9266, 0.0 ], [ -64.4258, -31.9278, 0.0 ], [ -64.4263, -31.929, 0.0 ], [ -64.4291, -31.9301, 0.0 ], [ -64.4312, -31.9297, 0.0 ], [ -64.4319, -31.9301, 0.0 ], [ -64.4334, -31.9306, 0.0 ], [ -64.4359, -31.9306, 0.0 ], [ -64.4373, -31.9312, 0.0 ], [ -64.4391, -31.9312, 0.0 ], [ -64.4406, -31.9316, 0.0 ], [ -64.4414, -31.9314, 0.0 ], [ -64.4424, -31.931, 0.0 ], [ -64.4452, -31.9314, 0.0 ], [ -64.448, -31.9313, 0.0 ], [ -64.45, -31.9306, 0.0 ], [ -64.4519, -31.93, 0.0 ], [ -64.4526, -31.9286, 0.0 ], [ -64.4557, -31.9284, 0.0 ], [ -64.4578, -31.9287, 0.0 ], [ -64.4596, -31.9298, 0.0 ], [ -64.4601, -31.9318, 0.0 ], [ -64.4592, -31.9322, 0.0 ], [ -64.4587, -31.9339, 0.0 ], [ -64.4596, -31.9351, 0.0 ], [ -64.4621, -31.936, 0.0 ], [ -64.4625, -31.9361, 0.0 ], [ -64.4633, -31.9369, 0.0 ], [ -64.4639, -31.937, 0.0 ], [ -64.4645, -31.9361, 0.0 ], [ -64.4661, -31.936, 0.0 ], [ -64.4681, -31.9347, 0.0 ], [ -64.4694, -31.9331, 0.0 ], [ -64.4694, -31.9312, 0.0 ], [ -64.4727, -31.9291, 0.0 ], [ -64.474, -31.9286, 0.0 ], [ -64.4743, -31.9275, 0.0 ], [ -64.4759, -31.9252, 0.0 ], [ -64.4768, -31.9235, 0.0 ], [ -64.4776, -31.9213, 0.0 ], [ -64.4809, -31.9209, 0.0 ], [ -64.4818, -31.9179, 0.0 ], [ -64.4834, -31.9163, 0.0 ], [ -64.4846, -31.9162, 0.0 ], [ -64.4853, -31.9156, 0.0 ], [ -64.4861, -31.9129, 0.0 ], [ -64.4879, -31.913, 0.0 ], [ -64.4889, -31.9135, 0.0 ], [ -64.4889, -31.9213, 0.0 ], [ -64.4885, -31.9466, 0.0 ], [ -64.4884, -31.9548, 0.0 ], [ -64.4881, -31.9759, 0.0 ], [ -64.4878, -31.9756, 0.0 ], [ -64.4863, -31.9759, 0.0 ], [ -64.4857, -31.9766, 0.0 ], [ -64.4848, -31.977, 0.0 ], [ -64.4831, -31.9766, 0.0 ], [ -64.48, -31.9766, 0.0 ], [ -64.4801, -31.9783, 0.0 ], [ -64.4807, -31.9805, 0.0 ], [ -64.4795, -31.9815, 0.0 ], [ -64.4776, -31.9818, 0.0 ], [ -64.4772, -31.982, 0.0 ], [ -64.4767, -31.9853, 0.0 ], [ -64.477, -31.9861, 0.0 ], [ -64.477, -31.9873, 0.0 ], [ -64.4751, -31.9885, 0.0 ], [ -64.4731, -31.9885, 0.0 ], [ -64.4705, -31.9877, 0.0 ], [ -64.4674, -31.9882, 0.0 ], [ -64.4675, -31.9878, 0.0 ], [ -64.467, -31.9866, 0.0 ], [ -64.4665, -31.9871, 0.0 ], [ -64.4614, -31.9868, 0.0 ], [ -64.4617, -31.9892, 0.0 ], [ -64.4601, -31.9892, 0.0 ], [ -64.4593, -31.9902, 0.0 ], [ -64.4569, -31.9903, 0.0 ], [ -64.4549, -31.9921, 0.0 ], [ -64.4533, -31.992, 0.0 ], [ -64.4536, -31.9885, 0.0 ], [ -64.4531, -31.9874, 0.0 ], [ -64.4491, -31.9881, 0.0 ], [ -64.4468, -31.9882, 0.0 ], [ -64.4456, -31.988, 0.0 ], [ -64.4443, -31.9882, 0.0 ], [ -64.4439, -31.9886, 0.0 ], [ -64.443, -31.9882, 0.0 ], [ -64.4416, -31.9882, 0.0 ], [ -64.4387, -31.9903, 0.0 ], [ -64.439, -31.9914, 0.0 ], [ -64.436, -31.9948, 0.0 ], [ -64.4343, -31.9949, 0.0 ], [ -64.433, -31.9978, 0.0 ], [ -64.4311, -31.9986, 0.0 ], [ -64.4306, -31.9998, 0.0 ], [ -64.4304, -32.0014, 0.0 ], [ -64.4317, -32.0015, 0.0 ], [ -64.4332, -32.0024, 0.0 ], [ -64.4275, -32.0055, 0.0 ], [ -64.4266, -32.0067, 0.0 ], [ -64.428, -32.0084, 0.0 ], [ -64.4264, -32.0102, 0.0 ], [ -64.425, -32.0098, 0.0 ], [ -64.4235, -32.0122, 0.0 ], [ -64.4215, -32.0136, 0.0 ], [ -64.4197, -32.0138, 0.0 ], [ -64.4181, -32.014, 0.0 ], [ -64.4166, -32.0146, 0.0 ], [ -64.4148, -32.0144, 0.0 ], [ -64.4144, -32.015, 0.0 ], [ -64.4101, -32.0153, 0.0 ], [ -64.4093, -32.0139, 0.0 ], [ -64.4079, -32.0145, 0.0 ], [ -64.4072, -32.0158, 0.0 ], [ -64.4058, -32.0157, 0.0 ], [ -64.4007, -32.014, 0.0 ], [ -64.4005, -32.0134, 0.0 ], [ -64.3953, -32.0129, 0.0 ], [ -64.3936, -32.0136, 0.0 ], [ -64.3917, -32.0121, 0.0 ], [ -64.3901, -32.0118, 0.0 ], [ -64.3887, -32.0108, 0.0 ], [ -64.3877, -32.0105, 0.0 ], [ -64.3873, -32.0085, 0.0 ], [ -64.3868, -32.0074, 0.0 ], [ -64.3849, -32.0057, 0.0 ], [ -64.3827, -32.0039, 0.0 ], [ -64.3803, -32.0023, 0.0 ], [ -64.3776, -32.0009, 0.0 ], [ -64.3757, -32.0008, 0.0 ], [ -64.3627, -32.0018, 0.0 ], [ -64.3629, -32.0016, 0.0 ] ] ] ] } },
{ "type": "Feature", "properties": { "circuito": "0025A", "codprov": "04", "coddepto": "002" }, "geometry": { "type": "MultiPolygon", "coordinates": [ [ [ [ -64.4972, -31.9993, 0.0 ], [ -64.5072, -32.0106, 0.0 ], [ -64.5174, -32.0221, 0.0 ], [ -64.5159, -32.033, 0.0 ], [ -64.4828, -32.0328, 0.0 ], [ -64.4587, -32.0334, 0.0 ], [ -64.4438, -32.035, 0.0 ], [ -64.4401, -32.034, 0.0 ], [ -64.4389, -32.0321, 0.0 ], [ -64.4389, -32.0273, 0.0 ], [ -64.4361, -32.0269, 0.0 ], [ -64.4355, -32.0271, 0.0 ], [ -64.435, -32.0268, 0.0 ], [ -64.4348, -32.0248, 0.0 ], [ -64.4341, -32.0241, 0.0 ], [ -64.4341, -32.0229, 0.0 ], [ -64.4337, -32.0215, 0.0 ], [ -64.4332, -32.0202, 0.0 ], [ -64.4324, -32.0197, 0.0 ], [ -64.4318, -32.0206, 0.0 ], [ -64.4306, -32.0211, 0.0 ], [ -64.4298, -32.0206, 0.0 ], [ -64.4282, -32.0196, 0.0 ], [ -64.4265, -32.0197, 0.0 ], [ -64.4229, -32.0184, 0.0 ], [ -64.4219, -32.0189, 0.0 ], [ -64.4208, -32.0193, 0.0 ], [ -64.4195, -32.019, 0.0 ], [ -64.4183, -32.0159, 0.0 ], [ -64.4174, -32.0155, 0.0 ], [ -64.4166, -32.0146, 0.0 ], [ -64.4181, -32.014, 0.0 ], [ -64.4197, -32.0138, 0.0 ], [ -64.4215, -32.0136, 0.0 ], [ -64.4226, -32.0136, 0.0 ], [ -64.4254, -32.0099, 0.0 ], [ -64.4266, -32.0092, 0.0 ], [ -64.428, -32.0084, 0.0 ], [ -64.4266, -32.0067, 0.0 ], [ -64.4275, -32.0055, 0.0 ], [ -64.4332, -32.0024, 0.0 ], [ -64.432, -32.0017, 0.0 ], [ -64.4304, -32.0014, 0.0 ], [ -64.4306, -31.9998, 0.0 ], [ -64.4311, -31.9986, 0.0 ], [ -64.433, -31.9978, 0.0 ], [ -64.4343, -31.9949, 0.0 ], [ -64.436, -31.9948, 0.0 ], [ -64.439, -31.9914, 0.0 ], [ -64.4387, -31.9903, 0.0 ], [ -64.4413, -31.9884, 0.0 ], [ -64.4425, -31.9882, 0.0 ], [ -64.4439, -31.9886, 0.0 ], [ -64.4443, -31.9882, 0.0 ], [ -64.4456, -31.988, 0.0 ], [ -64.4468, -31.9882, 0.0 ], [ -64.4494, -31.988, 0.0 ], [ -64.4531, -31.9874, 0.0 ], [ -64.4536, -31.9885, 0.0 ], [ -64.4533, -31.992, 0.0 ], [ -64.4549, -31.9921, 0.0 ], [ -64.4564, -31.9908, 0.0 ], [ -64.4569, -31.9903, 0.0 ], [ -64.4593, -31.9902, 0.0 ], [ -64.4601, -31.9892, 0.0 ], [ -64.4617, -31.9892, 0.0 ], [ -64.4614, -31.9868, 0.0 ], [ -64.4665, -31.9871, 0.0 ], [ -64.467, -31.9866, 0.0 ], [ -64.4675, -31.9878, 0.0 ], [ -64.4674, -31.9882, 0.0 ], [ -64.4688, -31.988, 0.0 ], [ -64.4705, -31.9877, 0.0 ], [ -64.4722, -31.9882, 0.0 ], [ -64.4731, -31.9885, 0.0 ], [ -64.4751, -31.9885, 0.0 ], [ -64.477, -31.9873, 0.0 ], [ -64.4767, -31.9853, 0.0 ], [ -64.4772, -31.982, 0.0 ], [ -64.4795, -31.9815, 0.0 ], [ -64.4807, -31.9805, 0.0 ], [ -64.4801, -31.9783, 0.0 ], [ -64.48, -31.9766, 0.0 ], [ -64.4831, -31.9766, 0.0 ], [ -64.4848, -31.977, 0.0 ], [ -64.4857, -31.9766, 0.0 ], [ -64.4863, -31.9759, 0.0 ], [ -64.4878, -31.9756, 0.0 ], [ -64.4881, -31.9754, 0.0 ], [ -64.4903, -31.9806, 0.0 ], [ -64.4972, -31.9992, 0.0 ], [ -64.4972, -31.9993, 0.0 ] ] ] ] } },
{ "type": "Feature", "properties": { "circuito": "0018A", "codprov": "04", "coddepto": "002" }, "geometry": { "type": "MultiPolygon", "coordinates": [ [ [ [ -64.7268, -32.3147, 0.0 ], [ -64.7264, -32.3146, 0.0 ], [ -64.7264405, -32.3145487, 0.0 ], [ -64.7268, -32.3147, 0.0 ] ] ], [ [ [ -64.7264405, -32.3145487, 0.0 ], [ -64.7249, -32.3139, 0.0 ], [ -64.7254, -32.3108, 0.0 ], [ -64.7268, -32.3101, 0.0 ], [ -64.7234, -32.3061, 0.0 ], [ -64.7204, -32.305, 0.0 ], [ -64.7194, -32.3037, 0.0 ], [ -64.7182, -32.3006, 0.0 ], [ -64.7179, -32.2994, 0.0 ], [ -64.7188, -32.2994, 0.0 ], [ -64.7188, -32.2987, 0.0 ], [ -64.7173, -32.2977, 0.0 ], [ -64.7155, -32.2958, 0.0 ], [ -64.7139, -32.2951, 0.0 ], [ -64.7139, -32.2936, 0.0 ], [ -64.7116, -32.2918, 0.0 ], [ -64.712, -32.2904, 0.0 ], [ -64.711, -32.289, 0.0 ], [ -64.7093, -32.2895, 0.0 ], [ -64.7085, -32.2892, 0.0 ], [ -64.708, -32.2887, 0.0 ], [ -64.7075, -32.2886, 0.0 ], [ -64.7067, -32.29, 0.0 ], [ -64.7057, -32.29, 0.0 ], [ -64.7057, -32.2879, 0.0 ], [ -64.704, -32.2879, 0.0 ], [ -64.7034, -32.287, 0.0 ], [ -64.7015, -32.2869, 0.0 ], [ -64.7008, -32.2877, 0.0 ], [ -64.6994, -32.287, 0.0 ], [ -64.6988, -32.287, 0.0 ], [ -64.6983, -32.2865, 0.0 ], [ -64.6988, -32.285, 0.0 ], [ -64.6984, -32.2832, 0.0 ], [ -64.699, -32.2819, 0.0 ], [ -64.7014, -32.2816, 0.0 ], [ -64.7037, -32.2799, 0.0 ], [ -64.704, -32.2789, 0.0 ], [ -64.7023, -32.2778, 0.0 ], [ -64.7001, -32.2784, 0.0 ], [ -64.6976, -32.2784, 0.0 ], [ -64.6967, -32.277, 0.0 ], [ -64.694, -32.276, 0.0 ], [ -64.6949, -32.2749, 0.0 ], [ -64.695, -32.2735, 0.0 ], [ -64.6968, -32.2726, 0.0 ], [ -64.6967, -32.2715, 0.0 ], [ -64.6954, -32.2703, 0.0 ], [ -64.6947, -32.2693, 0.0 ], [ -64.6923, -32.2691, 0.0 ], [ -64.6912, -32.2695, 0.0 ], [ -64.6898, -32.2695, 0.0 ], [ -64.6894, -32.2688, 0.0 ], [ -64.6892, -32.2666, 0.0 ], [ -64.6889, -32.2642, 0.0 ], [ -64.6871, -32.2616, 0.0 ], [ -64.6882, -32.2598, 0.0 ], [ -64.6862, -32.2599, 0.0 ], [ -64.6849, -32.2605, 0.0 ], [ -64.684, -32.2604, 0.0 ], [ -64.683, -32.2599, 0.0 ], [ -64.6829, -32.2594, 0.0 ], [ -64.6835, -32.2587, 0.0 ], [ -64.6842, -32.2564, 0.0 ], [ -64.6837, -32.2555, 0.0 ], [ -64.6823, -32.255, 0.0 ], [ -64.6821, -32.2547, 0.0 ], [ -64.6878, -32.2516, 0.0 ], [ -64.6989, -32.2463, 0.0 ], [ -64.7049, -32.2386, 0.0 ], [ -64.7101, -32.2322, 0.0 ], [ -64.7244, -32.2326, 0.0 ], [ -64.7378, -32.2329, 0.0 ], [ -64.7481, -32.2331, 0.0 ], [ -64.7531, -32.2366, 0.0 ], [ -64.7524, -32.2385, 0.0 ], [ -64.752, -32.2436, 0.0 ], [ -64.7517, -32.2476, 0.0 ], [ -64.7538, -32.2507, 0.0 ], [ -64.7558, -32.2545, 0.0 ], [ -64.7643, -32.254, 0.0 ], [ -64.7716, -32.2536, 0.0 ], [ -64.7783, -32.2495, 0.0 ], [ -64.7815, -32.2476, 0.0 ], [ -64.7859, -32.2437, 0.0 ], [ -64.7949, -32.2445, 0.0 ], [ -64.7988, -32.2449, 0.0 ], [ -64.8064, -32.2424, 0.0 ], [ -64.8117, -32.2406, 0.0 ], [ -64.8157, -32.237, 0.0 ], [ -64.8201, -32.2345, 0.0 ], [ -64.8236, -32.232, 0.0 ], [ -64.828, -32.232, 0.0 ], [ -64.8319, -32.2362, 0.0 ], [ -64.8368, -32.2381, 0.0 ], [ -64.8474, -32.2394, 0.0 ], [ -64.8524, -32.2386, 0.0 ], [ -64.8589, -32.2344, 0.0 ], [ -64.8641, -32.2288, 0.0 ], [ -64.8749, -32.2285, 0.0 ], [ -64.8808, -32.2313, 0.0 ], [ -64.8925, -32.2311, 0.0 ], [ -64.8962, -32.2329, 0.0 ], [ -64.9055, -32.2333, 0.0 ], [ -64.9175, -32.2342, 0.0 ], [ -64.9261, -32.2333, 0.0 ], [ -64.9371, -32.2322, 0.0 ], [ -64.9367, -32.2335, 0.0 ], [ -64.9357, -32.2406, 0.0 ], [ -64.9352, -32.2453, 0.0 ], [ -64.9361, -32.2522, 0.0 ], [ -64.9372, -32.2609, 0.0 ], [ -64.9342, -32.2731, 0.0 ], [ -64.9321, -32.2807, 0.0 ], [ -64.931, -32.2886, 0.0 ], [ -64.9295, -32.2968, 0.0 ], [ -64.9272, -32.2964, 0.0 ], [ -64.9245, -32.301, 0.0 ], [ -64.9258, -32.3174, 0.0 ], [ -64.9246, -32.3242, 0.0 ], [ -64.9173, -32.3298, 0.0 ], [ -64.9114, -32.3326, 0.0 ], [ -64.9075, -32.34, 0.0 ], [ -64.9068, -32.3527, 0.0 ], [ -64.9088, -32.3604, 0.0 ], [ -64.9094, -32.3626, 0.0 ], [ -64.9118, -32.3684, 0.0 ], [ -64.9085, -32.3755, 0.0 ], [ -64.9107, -32.3862, 0.0 ], [ -64.9118, -32.3905, 0.0 ], [ -64.911, -32.398, 0.0 ], [ -64.9103, -32.4035, 0.0 ], [ -64.9097, -32.4043, 0.0 ], [ -64.9091, -32.4051, 0.0 ], [ -64.908, -32.4052, 0.0 ], [ -64.9066, -32.4058, 0.0 ], [ -64.9054, -32.4059, 0.0 ], [ -64.9033, -32.4064, 0.0 ], [ -64.9026, -32.4073, 0.0 ], [ -64.8993, -32.4083, 0.0 ], [ -64.8981, -32.4082, 0.0 ], [ -64.8971, -32.4087, 0.0 ], [ -64.8962, -32.4093, 0.0 ], [ -64.8955, -32.4093, 0.0 ], [ -64.8947, -32.4084, 0.0 ], [ -64.8933, -32.4079, 0.0 ], [ -64.8926, -32.4071, 0.0 ], [ -64.8926, -32.4063, 0.0 ], [ -64.8913, -32.4036, 0.0 ], [ -64.8904, -32.4021, 0.0 ], [ -64.8873, -32.4025, 0.0 ], [ -64.8861, -32.4016, 0.0 ], [ -64.8812, -32.4019, 0.0 ], [ -64.8807, -32.4026, 0.0 ], [ -64.8805, -32.4029, 0.0 ], [ -64.8794, -32.403, 0.0 ], [ -64.8785, -32.4023, 0.0 ], [ -64.8733, -32.4029, 0.0 ], [ -64.8727, -32.4001, 0.0 ], [ -64.8716, -32.3992, 0.0 ], [ -64.8714, -32.3983, 0.0 ], [ -64.8708, -32.3979, 0.0 ], [ -64.8686, -32.3981, 0.0 ], [ -64.8677, -32.3977, 0.0 ], [ -64.8677, -32.3972, 0.0 ], [ -64.8661, -32.3969, 0.0 ], [ -64.8637, -32.3984, 0.0 ], [ -64.8627, -32.3982, 0.0 ], [ -64.8611, -32.3986, 0.0 ], [ -64.8592, -32.3984, 0.0 ], [ -64.8588, -32.3976, 0.0 ], [ -64.8579, -32.397, 0.0 ], [ -64.8569, -32.3955, 0.0 ], [ -64.855, -32.3948, 0.0 ], [ -64.8542, -32.3943, 0.0 ], [ -64.8526, -32.3953, 0.0 ], [ -64.8501, -32.3955, 0.0 ], [ -64.8491, -32.3949, 0.0 ], [ -64.8484, -32.3948, 0.0 ], [ -64.8473, -32.3939, 0.0 ], [ -64.8466, -32.3911, 0.0 ], [ -64.8464, -32.3891, 0.0 ], [ -64.8468, -32.3889, 0.0 ], [ -64.8475, -32.3866, 0.0 ], [ -64.8475, -32.3857, 0.0 ], [ -64.8469, -32.3854, 0.0 ], [ -64.8457, -32.3861, 0.0 ], [ -64.844, -32.3845, 0.0 ], [ -64.8438, -32.3833, 0.0 ], [ -64.8428, -32.3826, 0.0 ], [ -64.8414, -32.3826, 0.0 ], [ -64.8391, -32.3822, 0.0 ], [ -64.837, -32.3824, 0.0 ], [ -64.8366, -32.3832, 0.0 ], [ -64.8358, -32.3823, 0.0 ], [ -64.8346, -32.3821, 0.0 ], [ -64.8344, -32.3814, 0.0 ], [ -64.833, -32.3808, 0.0 ], [ -64.8327, -32.3791, 0.0 ], [ -64.8308, -32.3767, 0.0 ], [ -64.831, -32.3749, 0.0 ], [ -64.831, -32.3743, 0.0 ], [ -64.8306, -32.3739, 0.0 ], [ -64.8261, -32.3741, 0.0 ], [ -64.8255, -32.3743, 0.0 ], [ -64.8235, -32.3739, 0.0 ], [ -64.8232, -32.3737, 0.0 ], [ -64.8217, -32.3737, 0.0 ], [ -64.8195, -32.3736, 0.0 ], [ -64.818, -32.372, 0.0 ], [ -64.8174, -32.3718, 0.0 ], [ -64.8171, -32.3713, 0.0 ], [ -64.8166, -32.3713, 0.0 ], [ -64.8115, -32.3754, 0.0 ], [ -64.8106, -32.3752, 0.0 ], [ -64.8092, -32.3771, 0.0 ], [ -64.8077, -32.3774, 0.0 ], [ -64.8058, -32.3771, 0.0 ], [ -64.8016, -32.377, 0.0 ], [ -64.8013, -32.3781, 0.0 ], [ -64.8006, -32.3793, 0.0 ], [ -64.7988, -32.3801, 0.0 ], [ -64.7978, -32.381, 0.0 ], [ -64.7961, -32.3812, 0.0 ], [ -64.7954, -32.3805, 0.0 ], [ -64.7953, -32.3799, 0.0 ], [ -64.7943, -32.3782, 0.0 ], [ -64.793, -32.3772, 0.0 ], [ -64.7915, -32.3759, 0.0 ], [ -64.7893, -32.3759, 0.0 ], [ -64.7882, -32.3767, 0.0 ], [ -64.7862, -32.3764, 0.0 ], [ -64.7851, -32.3741, 0.0 ], [ -64.7842, -32.3714, 0.0 ], [ -64.7839, -32.3691, 0.0 ], [ -64.7822, -32.3688, 0.0 ], [ -64.7815, -32.3682, 0.0 ], [ -64.7809, -32.3681, 0.0 ], [ -64.7801, -32.3685, 0.0 ], [ -64.7795, -32.3694, 0.0 ], [ -64.7777, -32.3698, 0.0 ], [ -64.7767, -32.3692, 0.0 ], [ -64.7763, -32.3686, 0.0 ], [ -64.7749, -32.3678, 0.0 ], [ -64.7743, -32.3665, 0.0 ], [ -64.7704, -32.3648, 0.0 ], [ -64.7693, -32.3626, 0.0 ], [ -64.7682, -32.3593, 0.0 ], [ -64.7668, -32.3584, 0.0 ], [ -64.7649, -32.358, 0.0 ], [ -64.7636, -32.3546, 0.0 ], [ -64.7637, -32.354, 0.0 ], [ -64.7646, -32.353, 0.0 ], [ -64.765, -32.3526, 0.0 ], [ -64.7642, -32.3522, 0.0 ], [ -64.763, -32.3528, 0.0 ], [ -64.7617, -32.3534, 0.0 ], [ -64.7609, -32.3526, 0.0 ], [ -64.7605, -32.3518, 0.0 ], [ -64.76, -32.353, 0.0 ], [ -64.7564, -32.3534, 0.0 ], [ -64.7553, -32.3524, 0.0 ], [ -64.7552, -32.3519, 0.0 ], [ -64.7543, -32.3522, 0.0 ], [ -64.7534, -32.3514, 0.0 ], [ -64.7519, -32.3497, 0.0 ], [ -64.7515, -32.348, 0.0 ], [ -64.7506, -32.3471, 0.0 ], [ -64.7513, -32.3463, 0.0 ], [ -64.7517, -32.3438, 0.0 ], [ -64.7517, -32.3426, 0.0 ], [ -64.7492, -32.3391, 0.0 ], [ -64.7484, -32.3385, 0.0 ], [ -64.7481, -32.3373, 0.0 ], [ -64.7469, -32.3362, 0.0 ], [ -64.7448, -32.3351, 0.0 ], [ -64.7417, -32.332, 0.0 ], [ -64.7413, -32.3299, 0.0 ], [ -64.7381, -32.3283, 0.0 ], [ -64.7378, -32.3271, 0.0 ], [ -64.7348, -32.3248, 0.0 ], [ -64.7345, -32.3246, 0.0 ], [ -64.7355, -32.3245, 0.0 ], [ -64.7358, -32.3239, 0.0 ], [ -64.7369, -32.3239, 0.0 ], [ -64.7377, -32.323, 0.0 ], [ -64.7385, -32.3234, 0.0 ], [ -64.7393, -32.3222, 0.0 ], [ -64.7405, -32.3218, 0.0 ], [ -64.7419, -32.3203, 0.0 ], [ -64.7432, -32.3202, 0.0 ], [ -64.7449, -32.3194, 0.0 ], [ -64.7452, -32.3193, 0.0 ], [ -64.7425, -32.3174, 0.0 ], [ -64.7404, -32.3168, 0.0 ], [ -64.7406, -32.3142, 0.0 ], [ -64.7399, -32.3137, 0.0 ], [ -64.74, -32.3127, 0.0 ], [ -64.7392, -32.3125, 0.0 ], [ -64.7382, -32.3129, 0.0 ], [ -64.7356, -32.3144, 0.0 ], [ -64.7358, -32.3132, 0.0 ], [ -64.7352, -32.313, 0.0 ], [ -64.7331, -32.3136, 0.0 ], [ -64.7331, -32.3151, 0.0 ], [ -64.7319, -32.3145, 0.0 ], [ -64.7316, -32.3142, 0.0 ], [ -64.7294, -32.314, 0.0 ], [ -64.7283, -32.3125, 0.0 ], [ -64.7279, -32.3127, 0.0 ], [ -64.7264405, -32.3145487, 0.0 ] ] ] ] } },
{ "type": "Feature", "properties": { "circuito": "0026B", "codprov": "04", "coddepto": "002" }, "geometry": { "type": "MultiPolygon", "coordinates": [ [ [ [ -64.5325, -32.1126, 0.0 ], [ -64.5401, -32.1127, 0.0 ], [ -64.5508, -32.1125, 0.0 ], [ -64.551, -32.1178, 0.0 ], [ -64.5511, -32.1315, 0.0 ], [ -64.551, -32.1462, 0.0 ], [ -64.5509, -32.1652, 0.0 ], [ -64.5419, -32.1653, 0.0 ], [ -64.5357, -32.1653, 0.0 ], [ -64.5207, -32.1654, 0.0 ], [ -64.516, -32.1655, 0.0 ], [ -64.5124, -32.1714, 0.0 ], [ -64.512, -32.172, 0.0 ], [ -64.5098, -32.1716, 0.0 ], [ -64.5085, -32.1715, 0.0 ], [ -64.5079, -32.1715, 0.0 ], [ -64.5074, -32.1715, 0.0 ], [ -64.5068, -32.1715, 0.0 ], [ -64.5063, -32.1715, 0.0 ], [ -64.5057, -32.1715, 0.0 ], [ -64.5049, -32.1714, 0.0 ], [ -64.504, -32.1714, 0.0 ], [ -64.5031, -32.1714, 0.0 ], [ -64.5033, -32.1698, 0.0 ], [ -64.504, -32.1624, 0.0 ], [ -64.5045, -32.1572, 0.0 ], [ -64.4945, -32.1538, 0.0 ], [ -64.4911, -32.1538, 0.0 ], [ -64.491, -32.151, 0.0 ], [ -64.4947, -32.1465, 0.0 ], [ -64.4954, -32.1432, 0.0 ], [ -64.4956, -32.1413, 0.0 ], [ -64.4941, -32.1371, 0.0 ], [ -64.4946, -32.1349, 0.0 ], [ -64.4963, -32.1327, 0.0 ], [ -64.4963, -32.1309, 0.0 ], [ -64.4972, -32.1303, 0.0 ], [ -64.5004, -32.1247, 0.0 ], [ -64.5021, -32.1212, 0.0 ], [ -64.5032, -32.1191, 0.0 ], [ -64.5063, -32.1118, 0.0 ], [ -64.5115, -32.1065, 0.0 ], [ -64.5123, -32.1032, 0.0 ], [ -64.514, -32.104, 0.0 ], [ -64.5156, -32.1041, 0.0 ], [ -64.5173, -32.1038, 0.0 ], [ -64.5196, -32.1041, 0.0 ], [ -64.5208, -32.1075, 0.0 ], [ -64.5231, -32.1093, 0.0 ], [ -64.5233, -32.1109, 0.0 ], [ -64.5248, -32.112, 0.0 ], [ -64.5268, -32.1118, 0.0 ], [ -64.5279, -32.1131, 0.0 ], [ -64.5325, -32.1126, 0.0 ] ] ] ] } },
{ "type": "Feature", "properties": { "circuito": "0016A", "codprov": "04", "coddepto": "002" }, "geometry": { "type": "MultiPolygon", "coordinates": [ [ [ [ -64.5309, -31.8211, 0.0 ], [ -64.533, -31.8309, 0.0 ], [ -64.5346, -31.8379, 0.0 ], [ -64.536, -31.8451, 0.0 ], [ -64.537, -31.8494, 0.0 ], [ -64.5377, -31.8527, 0.0 ], [ -64.5386, -31.8552, 0.0 ], [ -64.5236, -31.8616, 0.0 ], [ -64.4992, -31.8655, 0.0 ], [ -64.4944, -31.8556, 0.0 ], [ -64.4911, -31.8487, 0.0 ], [ -64.4853, -31.8454, 0.0 ], [ -64.4849, -31.844, 0.0 ], [ -64.4845, -31.8435, 0.0 ], [ -64.4836, -31.8415, 0.0 ], [ -64.4829, -31.8391, 0.0 ], [ -64.4834, -31.8374, 0.0 ], [ -64.4836, -31.8341, 0.0 ], [ -64.4836, -31.8315, 0.0 ], [ -64.4866, -31.8315, 0.0 ], [ -64.4875, -31.8279, 0.0 ], [ -64.4907, -31.8259, 0.0 ], [ -64.4916, -31.8253, 0.0 ], [ -64.4928, -31.8246, 0.0 ], [ -64.4949, -31.824, 0.0 ], [ -64.496, -31.8236, 0.0 ], [ -64.4972, -31.8232, 0.0 ], [ -64.4995, -31.8233, 0.0 ], [ -64.5002, -31.8231, 0.0 ], [ -64.5007, -31.8227, 0.0 ], [ -64.5013, -31.8223, 0.0 ], [ -64.5025, -31.8217, 0.0 ], [ -64.5034, -31.8219, 0.0 ], [ -64.5047, -31.8219, 0.0 ], [ -64.5058, -31.8218, 0.0 ], [ -64.5073, -31.8218, 0.0 ], [ -64.5086, -31.8219, 0.0 ], [ -64.5098, -31.8218, 0.0 ], [ -64.5111, -31.8218, 0.0 ], [ -64.5125, -31.822, 0.0 ], [ -64.5135, -31.8214, 0.0 ], [ -64.5188, -31.8214, 0.0 ], [ -64.5309, -31.8211, 0.0 ] ] ] ] } },
{ "type": "Feature", "properties": { "circuito": "0020B", "codprov": "04", "coddepto": "002" }, "geometry": { "type": "MultiPolygon", "coordinates": [ [ [ [ -64.4883, -31.9639, 0.0 ], [ -64.4883, -31.9638, 0.0 ], [ -64.4883011, -31.9638008, 0.0 ], [ -64.4883, -31.9639, 0.0 ] ] ], [ [ [ -64.4883011, -31.9638008, 0.0 ], [ -64.4885, -31.9451, 0.0 ], [ -64.4888, -31.9299, 0.0 ], [ -64.4895, -31.8997, 0.0 ], [ -64.4971, -31.8786, 0.0 ], [ -64.4992, -31.8655, 0.0 ], [ -64.5115, -31.8636, 0.0 ], [ -64.5202, -31.8621, 0.0 ], [ -64.5236, -31.8616, 0.0 ], [ -64.5265, -31.8603, 0.0 ], [ -64.5294, -31.8591, 0.0 ], [ -64.5331, -31.8576, 0.0 ], [ -64.5386, -31.8552, 0.0 ], [ -64.539, -31.8577, 0.0 ], [ -64.5392, -31.8591, 0.0 ], [ -64.5396, -31.8608, 0.0 ], [ -64.5399, -31.8621, 0.0 ], [ -64.5409, -31.8642, 0.0 ], [ -64.5421, -31.8665, 0.0 ], [ -64.5439, -31.8702, 0.0 ], [ -64.545, -31.8729, 0.0 ], [ -64.5452, -31.8738, 0.0 ], [ -64.5454, -31.8744, 0.0 ], [ -64.5456, -31.8755, 0.0 ], [ -64.5459, -31.8766, 0.0 ], [ -64.546, -31.8775, 0.0 ], [ -64.5463, -31.8793, 0.0 ], [ -64.5466, -31.8814, 0.0 ], [ -64.5468, -31.883, 0.0 ], [ -64.5531, -31.8829, 0.0 ], [ -64.5538, -31.8839, 0.0 ], [ -64.5544, -31.8861, 0.0 ], [ -64.5547, -31.8881, 0.0 ], [ -64.5579, -31.8873, 0.0 ], [ -64.5605, -31.8893, 0.0 ], [ -64.5646, -31.8896, 0.0 ], [ -64.5675, -31.892, 0.0 ], [ -64.5684, -31.8952, 0.0 ], [ -64.5678, -31.8964, 0.0 ], [ -64.567, -31.8987, 0.0 ], [ -64.5671, -31.9011, 0.0 ], [ -64.566, -31.9014, 0.0 ], [ -64.5649, -31.9017, 0.0 ], [ -64.5632, -31.9021, 0.0 ], [ -64.5621, -31.9026, 0.0 ], [ -64.5624, -31.9045, 0.0 ], [ -64.5533, -31.9068, 0.0 ], [ -64.5519, -31.9072, 0.0 ], [ -64.5511, -31.9074, 0.0 ], [ -64.538, -31.91, 0.0 ], [ -64.537, -31.9106, 0.0 ], [ -64.5366, -31.9108, 0.0 ], [ -64.522, -31.9143, 0.0 ], [ -64.5217, -31.9184, 0.0 ], [ -64.5235, -31.9296, 0.0 ], [ -64.5222, -31.9328, 0.0 ], [ -64.5231, -31.9338, 0.0 ], [ -64.5248, -31.9349, 0.0 ], [ -64.5269, -31.9357, 0.0 ], [ -64.5275, -31.936, 0.0 ], [ -64.528, -31.9363, 0.0 ], [ -64.5292, -31.9377, 0.0 ], [ -64.5298, -31.9391, 0.0 ], [ -64.5305, -31.9407, 0.0 ], [ -64.5302, -31.9421, 0.0 ], [ -64.5295, -31.9432, 0.0 ], [ -64.5289, -31.9443, 0.0 ], [ -64.5295, -31.9462, 0.0 ], [ -64.5308, -31.9473, 0.0 ], [ -64.5311, -31.9493, 0.0 ], [ -64.5294, -31.9519, 0.0 ], [ -64.528, -31.9525, 0.0 ], [ -64.5275, -31.9537, 0.0 ], [ -64.5275, -31.9547, 0.0 ], [ -64.5276, -31.9557, 0.0 ], [ -64.5279, -31.9572, 0.0 ], [ -64.5276, -31.9584, 0.0 ], [ -64.5266, -31.9594, 0.0 ], [ -64.5263, -31.9601, 0.0 ], [ -64.5251, -31.9606, 0.0 ], [ -64.5257, -31.9619, 0.0 ], [ -64.5251, -31.9625, 0.0 ], [ -64.5244, -31.9629, 0.0 ], [ -64.5239, -31.9638, 0.0 ], [ -64.5232, -31.9635, 0.0 ], [ -64.522, -31.9638, 0.0 ], [ -64.5211, -31.9641, 0.0 ], [ -64.5201, -31.9638, 0.0 ], [ -64.5191, -31.9634, 0.0 ], [ -64.516, -31.9634, 0.0 ], [ -64.5147, -31.9639, 0.0 ], [ -64.5129, -31.9642, 0.0 ], [ -64.5123, -31.9638, 0.0 ], [ -64.5106, -31.9636, 0.0 ], [ -64.509, -31.9628, 0.0 ], [ -64.5078, -31.962, 0.0 ], [ -64.5065, -31.9617, 0.0 ], [ -64.5051, -31.9623, 0.0 ], [ -64.5044, -31.9629, 0.0 ], [ -64.5037, -31.9626, 0.0 ], [ -64.5025, -31.9623, 0.0 ], [ -64.5013, -31.9625, 0.0 ], [ -64.5001, -31.9632, 0.0 ], [ -64.4993, -31.9648, 0.0 ], [ -64.4979, -31.9661, 0.0 ], [ -64.4947, -31.966, 0.0 ], [ -64.49, -31.9654, 0.0 ], [ -64.4891, -31.9644, 0.0 ], [ -64.4883011, -31.9638008, 0.0 ] ] ] ] } },
{ "type": "Feature", "properties": { "circuito": "00020", "codprov": "04", "coddepto": "002" }, "geometry": { "type": "MultiPolygon", "coordinates": [ [ [ [ -64.572, -31.8802, 0.0 ], [ -64.573, -31.88, 0.0 ], [ -64.58, -31.8795, 0.0 ], [ -64.5809, -31.8792, 0.0 ], [ -64.5855, -31.8791, 0.0 ], [ -64.5899, -31.8807, 0.0 ], [ -64.5959, -31.8835, 0.0 ], [ -64.5997, -31.8832, 0.0 ], [ -64.601, -31.8835, 0.0 ], [ -64.604, -31.8841, 0.0 ], [ -64.6054, -31.8845, 0.0 ], [ -64.6081, -31.8849, 0.0 ], [ -64.6106, -31.8864, 0.0 ], [ -64.6184, -31.8902, 0.0 ], [ -64.6204, -31.891, 0.0 ], [ -64.6222, -31.8918, 0.0 ], [ -64.6341, -31.887, 0.0 ], [ -64.6413, -31.8861, 0.0 ], [ -64.6451, -31.8864, 0.0 ], [ -64.6465, -31.8874, 0.0 ], [ -64.6546, -31.8873, 0.0 ], [ -64.6546, -31.9123, 0.0 ], [ -64.6562, -31.9149, 0.0 ], [ -64.657, -31.9168, 0.0 ], [ -64.6572, -31.9172, 0.0 ], [ -64.6575, -31.9177, 0.0 ], [ -64.6577, -31.9181, 0.0 ], [ -64.6582, -31.9194, 0.0 ], [ -64.6585, -31.9203, 0.0 ], [ -64.6593, -31.9226, 0.0 ], [ -64.6598, -31.924, 0.0 ], [ -64.6602, -31.9252, 0.0 ], [ -64.659, -31.9263, 0.0 ], [ -64.6597, -31.9279, 0.0 ], [ -64.6602, -31.9292, 0.0 ], [ -64.6608, -31.9308, 0.0 ], [ -64.6652, -31.9316, 0.0 ], [ -64.6652, -31.9355, 0.0 ], [ -64.6649, -31.9384, 0.0 ], [ -64.6671, -31.9435, 0.0 ], [ -64.6631, -31.9452, 0.0 ], [ -64.6567, -31.9557, 0.0 ], [ -64.6505, -31.9645, 0.0 ], [ -64.6493, -31.9631, 0.0 ], [ -64.6441, -31.966, 0.0 ], [ -64.6396, -31.9686, 0.0 ], [ -64.6238, -31.9674, 0.0 ], [ -64.6211, -31.9661, 0.0 ], [ -64.6181, -31.9629, 0.0 ], [ -64.6138, -31.9625, 0.0 ], [ -64.6115, -31.9557, 0.0 ], [ -64.6047, -31.956, 0.0 ], [ -64.5982, -31.9563, 0.0 ], [ -64.5934, -31.9527, 0.0 ], [ -64.5893, -31.9503, 0.0 ], [ -64.585, -31.9443, 0.0 ], [ -64.5806, -31.9396, 0.0 ], [ -64.5774, -31.9352, 0.0 ], [ -64.5745, -31.9357, 0.0 ], [ -64.573, -31.9359, 0.0 ], [ -64.5688, -31.9367, 0.0 ], [ -64.5638, -31.9374, 0.0 ], [ -64.5597, -31.9379, 0.0 ], [ -64.5559, -31.9392, 0.0 ], [ -64.5502, -31.9403, 0.0 ], [ -64.5452, -31.9412, 0.0 ], [ -64.5422, -31.942, 0.0 ], [ -64.539, -31.9425, 0.0 ], [ -64.5351, -31.9441, 0.0 ], [ -64.5333, -31.9437, 0.0 ], [ -64.5307, -31.9443, 0.0 ], [ -64.5295, -31.9462, 0.0 ], [ -64.5289, -31.9443, 0.0 ], [ -64.5305, -31.9407, 0.0 ], [ -64.5288, -31.9372, 0.0 ], [ -64.5275, -31.936, 0.0 ], [ -64.5231, -31.9338, 0.0 ], [ -64.5222, -31.9328, 0.0 ], [ -64.5235, -31.9296, 0.0 ], [ -64.5217, -31.9184, 0.0 ], [ -64.522, -31.9143, 0.0 ], [ -64.5348, -31.9112, 0.0 ], [ -64.5366, -31.9108, 0.0 ], [ -64.538, -31.91, 0.0 ], [ -64.5498, -31.9077, 0.0 ], [ -64.5511, -31.9074, 0.0 ], [ -64.5533, -31.9068, 0.0 ], [ -64.5624, -31.9045, 0.0 ], [ -64.5621, -31.9026, 0.0 ], [ -64.5671, -31.9011, 0.0 ], [ -64.567, -31.8987, 0.0 ], [ -64.5684, -31.8952, 0.0 ], [ -64.5675, -31.892, 0.0 ], [ -64.5646, -31.8896, 0.0 ], [ -64.5605, -31.8893, 0.0 ], [ -64.5579, -31.8873, 0.0 ], [ -64.5549, -31.8881, 0.0 ], [ -64.5545, -31.8867, 0.0 ], [ -64.5543, -31.8856, 0.0 ], [ -64.554, -31.8842, 0.0 ], [ -64.5531, -31.8829, 0.0 ], [ -64.5544, -31.8822, 0.0 ], [ -64.5559, -31.8814, 0.0 ], [ -64.5639, -31.8788, 0.0 ], [ -64.572, -31.8802, 0.0 ] ] ] ] } },
{ "type": "Feature", "properties": { "circuito": "0020A", "codprov": "04", "coddepto": "002" }, "geometry": { "type": "MultiPolygon", "coordinates": [ [ [ [ -64.6515, -32.0456, 0.0 ], [ -64.6323, -32.0456, 0.0 ], [ -64.605, -32.0462, 0.0 ], [ -64.595, -32.0523, 0.0 ], [ -64.5838, -32.0603, 0.0 ], [ -64.5636, -32.0606, 0.0 ], [ -64.5467, -32.0592, 0.0 ], [ -64.5399, -32.0426, 0.0 ], [ -64.5336, -32.0407, 0.0 ], [ -64.5276, -32.0415, 0.0 ], [ -64.5257, -32.0437, 0.0 ], [ -64.5208, -32.0458, 0.0 ], [ -64.5151, -32.0459, 0.0 ], [ -64.5174, -32.0221, 0.0 ], [ -64.4972, -31.9993, 0.0 ], [ -64.4881, -31.9748, 0.0 ], [ -64.4883, -31.9642, 0.0 ], [ -64.4893, -31.9645, 0.0 ], [ -64.4902, -31.9658, 0.0 ], [ -64.4974, -31.9663, 0.0 ], [ -64.499, -31.9653, 0.0 ], [ -64.5001, -31.9632, 0.0 ], [ -64.5018, -31.9622, 0.0 ], [ -64.5025, -31.9628, 0.0 ], [ -64.5034, -31.9623, 0.0 ], [ -64.5046, -31.9628, 0.0 ], [ -64.5065, -31.9617, 0.0 ], [ -64.509, -31.9628, 0.0 ], [ -64.5123, -31.9638, 0.0 ], [ -64.5147, -31.9639, 0.0 ], [ -64.5178, -31.9634, 0.0 ], [ -64.522, -31.9638, 0.0 ], [ -64.5251, -31.9625, 0.0 ], [ -64.5266, -31.9594, 0.0 ], [ -64.5279, -31.9572, 0.0 ], [ -64.5276, -31.9557, 0.0 ], [ -64.528, -31.9525, 0.0 ], [ -64.5294, -31.9519, 0.0 ], [ -64.5303, -31.9505, 0.0 ], [ -64.5311, -31.9493, 0.0 ], [ -64.5292, -31.9475, 0.0 ], [ -64.5307, -31.9443, 0.0 ], [ -64.5597, -31.9379, 0.0 ], [ -64.5774, -31.9352, 0.0 ], [ -64.5893, -31.9503, 0.0 ], [ -64.5982, -31.9563, 0.0 ], [ -64.6115, -31.9557, 0.0 ], [ -64.6138, -31.9625, 0.0 ], [ -64.6181, -31.9629, 0.0 ], [ -64.6211, -31.9659, 0.0 ], [ -64.6238, -31.9674, 0.0 ], [ -64.6279, -31.9679, 0.0 ], [ -64.6396, -31.9686, 0.0 ], [ -64.6405, -31.9722, 0.0 ], [ -64.6405, -31.9763, 0.0 ], [ -64.6393, -31.9789, 0.0 ], [ -64.6391, -31.9813, 0.0 ], [ -64.6364, -31.9842, 0.0 ], [ -64.6341, -31.9836, 0.0 ], [ -64.6329, -31.983, 0.0 ], [ -64.6314, -31.9821, 0.0 ], [ -64.6291, -31.9839, 0.0 ], [ -64.6285, -31.9854, 0.0 ], [ -64.6279, -31.9868, 0.0 ], [ -64.6285, -31.9898, 0.0 ], [ -64.6297, -31.9918, 0.0 ], [ -64.6317, -31.9933, 0.0 ], [ -64.6338, -31.9948, 0.0 ], [ -64.6352, -31.9962, 0.0 ], [ -64.6352, -31.9983, 0.0 ], [ -64.6349, -32.0004, 0.0 ], [ -64.6347, -32.0027, 0.0 ], [ -64.6352, -32.0042, 0.0 ], [ -64.6373, -32.0071, 0.0 ], [ -64.6391, -32.0089, 0.0 ], [ -64.6393, -32.0109, 0.0 ], [ -64.6396, -32.0139, 0.0 ], [ -64.6405, -32.0159, 0.0 ], [ -64.6402, -32.0186, 0.0 ], [ -64.6402, -32.0206, 0.0 ], [ -64.6402, -32.0227, 0.0 ], [ -64.6417, -32.025, 0.0 ], [ -64.6426, -32.0271, 0.0 ], [ -64.644, -32.0291, 0.0 ], [ -64.6438, -32.0315, 0.0 ], [ -64.6438, -32.0335, 0.0 ], [ -64.6449, -32.0359, 0.0 ], [ -64.6473, -32.0397, 0.0 ], [ -64.6515, -32.0456, 0.0 ] ] ] ] } },
{ "type": "Feature", "properties": { "circuito": "0016B", "codprov": "04", "coddepto": "002" }, "geometry": { "type": "MultiPolygon", "coordinates": [ [ [ [ -64.8455, -31.894, 0.0 ], [ -64.9019, -31.9017, 0.0 ], [ -64.9195, -31.9216, 0.0 ], [ -64.9183, -31.9667, 0.0 ], [ -64.9225, -31.9957, 0.0 ], [ -64.9215, -32.0101, 0.0 ], [ -64.9219, -32.0328, 0.0 ], [ -64.9241, -32.0597, 0.0 ], [ -64.87, -32.0638, 0.0 ], [ -64.8577, -32.0667, 0.0 ], [ -64.8236, -32.0679, 0.0 ], [ -64.8154, -32.062, 0.0 ], [ -64.7857, -32.0609, 0.0 ], [ -64.7692, -32.0567, 0.0 ], [ -64.7464, -32.0415, 0.0 ], [ -64.7269, -32.0407, 0.0 ], [ -64.7134, -32.0315, 0.0 ], [ -64.7119, -32.0268, 0.0 ], [ -64.7078, -32.02, 0.0 ], [ -64.7063, -32.0136, 0.0 ], [ -64.7057, -32.0077, 0.0 ], [ -64.7072, -32.0036, 0.0 ], [ -64.7089, -31.9992, 0.0 ], [ -64.7075, -31.9968, 0.0 ], [ -64.7077, -31.9944, 0.0 ], [ -64.7181, -31.9915, 0.0 ], [ -64.7292, -31.991, 0.0 ], [ -64.7322, -31.9904, 0.0 ], [ -64.7375, -31.9877, 0.0 ], [ -64.7413, -31.9857, 0.0 ], [ -64.7465, -31.9831, 0.0 ], [ -64.7512, -31.9807, 0.0 ], [ -64.757, -31.9726, 0.0 ], [ -64.7618, -31.9657, 0.0 ], [ -64.7694, -31.9663, 0.0 ], [ -64.768, -31.9716, 0.0 ], [ -64.7707, -31.9718, 0.0 ], [ -64.7764, -31.9721, 0.0 ], [ -64.7856, -31.9727, 0.0 ], [ -64.7868, -31.9684, 0.0 ], [ -64.7882, -31.9631, 0.0 ], [ -64.7897, -31.9575, 0.0 ], [ -64.7903, -31.9516, 0.0 ], [ -64.7903, -31.9469, 0.0 ], [ -64.7918, -31.9437, 0.0 ], [ -64.7921, -31.941, 0.0 ], [ -64.7968, -31.9357, 0.0 ], [ -64.802, -31.9322, 0.0 ], [ -64.8026, -31.9275, 0.0 ], [ -64.8067, -31.9222, 0.0 ], [ -64.8097, -31.9187, 0.0 ], [ -64.8426, -31.894, 0.0 ], [ -64.8455, -31.894, 0.0 ] ] ] ] } },
{ "type": "Feature", "properties": { "circuito": "00016", "codprov": "04", "coddepto": "002" }, "geometry": { "type": "MultiPolygon", "coordinates": [ [ [ [ -64.6805, -31.9407, 0.0 ], [ -64.6834, -31.9407, 0.0 ], [ -64.6846, -31.9421, 0.0 ], [ -64.6872, -31.9431, 0.0 ], [ -64.6925, -31.9413, 0.0 ], [ -64.696, -31.9409, 0.0 ], [ -64.6984, -31.9419, 0.0 ], [ -64.6998, -31.9451, 0.0 ], [ -64.7287, -31.9403, 0.0 ], [ -64.7421, -31.9369, 0.0 ], [ -64.7533, -31.9366, 0.0 ], [ -64.7603, -31.9393, 0.0 ], [ -64.7692, -31.9416, 0.0 ], [ -64.7931, -31.9399, 0.0 ], [ -64.7903, -31.9481, 0.0 ], [ -64.7897, -31.9575, 0.0 ], [ -64.7856, -31.9727, 0.0 ], [ -64.768, -31.9716, 0.0 ], [ -64.7694, -31.9663, 0.0 ], [ -64.7618, -31.9657, 0.0 ], [ -64.7512, -31.9807, 0.0 ], [ -64.7322, -31.9904, 0.0 ], [ -64.7176, -31.9916, 0.0 ], [ -64.7077, -31.9944, 0.0 ], [ -64.7075, -31.9968, 0.0 ], [ -64.709, -31.999, 0.0 ], [ -64.7072, -32.0036, 0.0 ], [ -64.7057, -32.0077, 0.0 ], [ -64.7063, -32.0136, 0.0 ], [ -64.7066, -32.0148, 0.0 ], [ -64.7082, -32.0208, 0.0 ], [ -64.7102, -32.024, 0.0 ], [ -64.7124, -32.0283, 0.0 ], [ -64.7134, -32.0315, 0.0 ], [ -64.7153, -32.0328, 0.0 ], [ -64.7217, -32.0372, 0.0 ], [ -64.7269, -32.0407, 0.0 ], [ -64.684, -32.0403, 0.0 ], [ -64.6598, -32.0491, 0.0 ], [ -64.6512, -32.0453, 0.0 ], [ -64.6438, -32.0335, 0.0 ], [ -64.644, -32.0291, 0.0 ], [ -64.6426, -32.0271, 0.0 ], [ -64.6404, -32.0229, 0.0 ], [ -64.6402, -32.0209, 0.0 ], [ -64.6405, -32.0159, 0.0 ], [ -64.6396, -32.0139, 0.0 ], [ -64.6395, -32.0122, 0.0 ], [ -64.6391, -32.0089, 0.0 ], [ -64.6371, -32.0068, 0.0 ], [ -64.6347, -32.0027, 0.0 ], [ -64.6349, -32.0004, 0.0 ], [ -64.6352, -31.9962, 0.0 ], [ -64.6297, -31.9918, 0.0 ], [ -64.629, -31.9907, 0.0 ], [ -64.6279, -31.9868, 0.0 ], [ -64.6291, -31.9839, 0.0 ], [ -64.6314, -31.9821, 0.0 ], [ -64.6341, -31.9836, 0.0 ], [ -64.6375, -31.983, 0.0 ], [ -64.6405, -31.9763, 0.0 ], [ -64.6396, -31.9686, 0.0 ], [ -64.6493, -31.9631, 0.0 ], [ -64.6505, -31.9645, 0.0 ], [ -64.6631, -31.9452, 0.0 ], [ -64.6658, -31.944, 0.0 ], [ -64.6684, -31.9434, 0.0 ], [ -64.6717, -31.9428, 0.0 ], [ -64.6731, -31.9425, 0.0 ], [ -64.6805, -31.9407, 0.0 ] ] ] ] } },
{ "type": "Feature", "properties": { "circuito": "0016C", "codprov": "04", "coddepto": "002" }, "geometry": { "type": "MultiPolygon", "coordinates": [ [ [ [ -64.6671, -31.9437, 0.0 ], [ -64.6651, -31.9393, 0.0 ], [ -64.6652, -31.9316, 0.0 ], [ -64.6608, -31.9308, 0.0 ], [ -64.659, -31.9263, 0.0 ], [ -64.6602, -31.9252, 0.0 ], [ -64.6577, -31.9181, 0.0 ], [ -64.6546, -31.9123, 0.0 ], [ -64.6546, -31.9055, 0.0 ], [ -64.6546, -31.8873, 0.0 ], [ -64.6611, -31.8882, 0.0 ], [ -64.6687, -31.8888, 0.0 ], [ -64.6728, -31.8888, 0.0 ], [ -64.6775, -31.887, 0.0 ], [ -64.6822, -31.8849, 0.0 ], [ -64.6846, -31.8846, 0.0 ], [ -64.6878, -31.8835, 0.0 ], [ -64.6919, -31.8826, 0.0 ], [ -64.6972, -31.8814, 0.0 ], [ -64.7007, -31.882, 0.0 ], [ -64.7048, -31.8829, 0.0 ], [ -64.7081, -31.8838, 0.0 ], [ -64.7125, -31.8855, 0.0 ], [ -64.7148, -31.8861, 0.0 ], [ -64.7172, -31.8876, 0.0 ], [ -64.7204, -31.8879, 0.0 ], [ -64.7225, -31.8882, 0.0 ], [ -64.7245, -31.8879, 0.0 ], [ -64.7266, -31.8879, 0.0 ], [ -64.7283, -31.8879, 0.0 ], [ -64.7307, -31.8879, 0.0 ], [ -64.7322, -31.8873, 0.0 ], [ -64.7348, -31.8869, 0.0 ], [ -64.738, -31.8864, 0.0 ], [ -64.7418, -31.8929, 0.0 ], [ -64.7407, -31.8955, 0.0 ], [ -64.7392, -31.8973, 0.0 ], [ -64.7392, -31.8993, 0.0 ], [ -64.7427, -31.9005, 0.0 ], [ -64.743, -31.9037, 0.0 ], [ -64.7436, -31.9058, 0.0 ], [ -64.7436, -31.9081, 0.0 ], [ -64.7436, -31.9102, 0.0 ], [ -64.7436, -31.9128, 0.0 ], [ -64.7445, -31.9146, 0.0 ], [ -64.7468, -31.9167, 0.0 ], [ -64.7483, -31.9181, 0.0 ], [ -64.7492, -31.9216, 0.0 ], [ -64.748, -31.9263, 0.0 ], [ -64.7471, -31.9284, 0.0 ], [ -64.7448, -31.9322, 0.0 ], [ -64.7442, -31.9369, 0.0 ], [ -64.7421, -31.9369, 0.0 ], [ -64.7382, -31.9379, 0.0 ], [ -64.7336, -31.9391, 0.0 ], [ -64.7305, -31.9398, 0.0 ], [ -64.7266, -31.9419, 0.0 ], [ -64.7209, -31.9416, 0.0 ], [ -64.7167, -31.9423, 0.0 ], [ -64.7104, -31.9434, 0.0 ], [ -64.7068, -31.944, 0.0 ], [ -64.7032, -31.9446, 0.0 ], [ -64.6998, -31.9451, 0.0 ], [ -64.6984, -31.9419, 0.0 ], [ -64.6959, -31.9409, 0.0 ], [ -64.6925, -31.9413, 0.0 ], [ -64.6872, -31.9431, 0.0 ], [ -64.6846, -31.9421, 0.0 ], [ -64.6834, -31.9407, 0.0 ], [ -64.6789, -31.9411, 0.0 ], [ -64.6731, -31.9425, 0.0 ], [ -64.6684, -31.9434, 0.0 ], [ -64.6671, -31.9437, 0.0 ] ] ] ] } },
{ "type": "Feature", "properties": { "circuito": "0328A", "codprov": "04", "coddepto": "002" }, "geometry": { "type": "MultiPolygon", "coordinates": [ [ [ [ -64.738, -31.8864, 0.0 ], [ -64.7439, -31.8867, 0.0 ], [ -64.7562, -31.8876, 0.0 ], [ -64.7636, -31.8882, 0.0 ], [ -64.7744, -31.8916, 0.0 ], [ -64.7803, -31.8923, 0.0 ], [ -64.7953, -31.8923, 0.0 ], [ -64.8156, -31.8929, 0.0 ], [ -64.8226, -31.8926, 0.0 ], [ -64.8294, -31.8923, 0.0 ], [ -64.8415, -31.8949, 0.0 ], [ -64.8247, -31.9075, 0.0 ], [ -64.8086, -31.92, 0.0 ], [ -64.8033, -31.9266, 0.0 ], [ -64.802, -31.9322, 0.0 ], [ -64.7968, -31.9357, 0.0 ], [ -64.793, -31.9402, 0.0 ], [ -64.7706, -31.9415, 0.0 ], [ -64.7637, -31.9402, 0.0 ], [ -64.7583, -31.9385, 0.0 ], [ -64.755, -31.9373, 0.0 ], [ -64.7512, -31.9367, 0.0 ], [ -64.7474, -31.9368, 0.0 ], [ -64.7445, -31.9369, 0.0 ], [ -64.7448, -31.9322, 0.0 ], [ -64.7465, -31.9294, 0.0 ], [ -64.7486, -31.924, 0.0 ], [ -64.7492, -31.9216, 0.0 ], [ -64.7483, -31.9181, 0.0 ], [ -64.7468, -31.9167, 0.0 ], [ -64.7436, -31.9128, 0.0 ], [ -64.7436, -31.9081, 0.0 ], [ -64.743, -31.9037, 0.0 ], [ -64.7427, -31.9005, 0.0 ], [ -64.7392, -31.8993, 0.0 ], [ -64.7392, -31.8973, 0.0 ], [ -64.7418, -31.8929, 0.0 ], [ -64.738, -31.8864, 0.0 ] ] ] ] } },
{ "type": "Feature", "properties": { "circuito": "00019", "codprov": "04", "coddepto": "002" }, "geometry": { "type": "MultiPolygon", "coordinates": [ [ [ [ -64.296, -32.3237, 0.0 ], [ -64.2945, -32.331, 0.0 ], [ -64.2943, -32.3425, 0.0 ], [ -64.2638, -32.3441, 0.0 ], [ -64.2592, -32.3502, 0.0 ], [ -64.257, -32.3387, 0.0 ], [ -64.2555, -32.3089, 0.0 ], [ -64.276, -32.3059, 0.0 ], [ -64.2964, -32.3028, 0.0 ], [ -64.296, -32.3237, 0.0 ] ] ] ] } },
{ "type": "Feature", "properties": { "circuito": "0227A", "codprov": "04", "coddepto": "015" }, "geometry": { "type": "MultiPolygon", "coordinates": [ [ [ [ -62.5607, -30.4405, 0.0 ], [ -62.3505, -30.4771, 0.0 ], [ -62.3505, -30.3491, 0.0 ], [ -62.1578, -30.3849, 0.0 ], [ -62.1685, -30.3301, 0.0 ], [ -62.5272, -30.3309, 0.0 ], [ -62.531, -30.3065, 0.0 ], [ -62.5668, -30.2737, 0.0 ], [ -62.5782, -30.2638, 0.0 ], [ -62.5897, -30.2532, 0.0 ], [ -62.5973, -30.244, 0.0 ], [ -62.6041, -30.2296, 0.0 ], [ -62.6018, -30.2143, 0.0 ], [ -62.5957, -30.2014, 0.0 ], [ -62.5933, -30.1905, 0.0 ], [ -62.5851, -30.1862, 0.0 ], [ -62.5775, -30.1694, 0.0 ], [ -62.5653, -30.1572, 0.0 ], [ -62.7139, -30.142, 0.0 ], [ -62.8393, -30.1264, 0.0 ], [ -62.9326, -30.1133, 0.0 ], [ -62.9304, -30.0562, 0.0 ], [ -63.0424, -30.0592, 0.0 ], [ -63.2023, -30.0562, 0.0 ], [ -63.1993, -30.2399, 0.0 ], [ -62.547, -30.3568, 0.0 ], [ -62.5607, -30.4405, 0.0 ] ] ] ] } },
{ "type": "Feature", "properties": { "circuito": "00367", "codprov": "04", "coddepto": "025" }, "geometry": { "type": "MultiPolygon", "coordinates": [ [ [ [ -62.9632, -30.6448, 0.0 ], [ -62.9627471, -30.6446706, 0.0 ], [ -62.9631, -30.6446, 0.0 ], [ -62.9632, -30.6448, 0.0 ] ] ], [ [ [ -62.96258, -30.644704, 0.0 ], [ -62.9625, -30.6446, 0.0 ], [ -62.9627471, -30.6446706, 0.0 ], [ -62.96258, -30.644704, 0.0 ] ] ], [ [ [ -62.9622833, -30.6447633, 0.0 ], [ -62.9621, -30.6448, 0.0 ], [ -62.9618, -30.6437, 0.0 ], [ -62.9622833, -30.6447633, 0.0 ] ] ], [ [ [ -62.9587, -30.6448, 0.0 ], [ -62.9584, -30.6445, 0.0 ], [ -62.9589, -30.6448, 0.0 ], [ -62.9587, -30.6448, 0.0 ] ] ], [ [ [ -63.0568, -30.6867, 0.0 ], [ -63.0573, -30.6868, 0.0 ], [ -63.0568, -30.687, 0.0 ], [ -63.0566588, -30.6868588, 0.0 ], [ -63.0568, -30.6867, 0.0 ] ] ] ] } },
{ "type": "Feature", "properties": { "circuito": "00286", "codprov": "04", "coddepto": "020" }, "geometry": { "type": "MultiPolygon", "coordinates": [ [ [ [ -62.1566, -30.3857, 0.0 ], [ -62.1725, -30.3826, 0.0 ], [ -62.2002, -30.3768, 0.0 ], [ -62.2254, -30.3737, 0.0 ], [ -62.268, -30.3653, 0.0 ], [ -62.2901, -30.3608, 0.0 ], [ -62.3343, -30.3524, 0.0 ], [ -62.3495, -30.3501, 0.0 ], [ -62.3503, -30.3707, 0.0 ], [ -62.3503, -30.3912, 0.0 ], [ -62.3495, -30.408, 0.0 ], [ -62.351, -30.4247, 0.0 ], [ -62.3518, -30.4445, 0.0 ], [ -62.3503, -30.456, 0.0 ], [ -62.3525, -30.4621, 0.0 ], [ -62.3518, -30.4704, 0.0 ], [ -62.351, -30.4765, 0.0 ], [ -62.3518, -30.5039, 0.0 ], [ -62.3525, -30.5283, 0.0 ], [ -62.1731, -30.5374, 0.0 ], [ -62.1578, -30.5404, 0.0 ], [ -62.1407, -30.5429, 0.0 ], [ -62.1138, -30.5484, 0.0 ], [ -62.0949, -30.5521, 0.0 ], [ -62.0649, -30.5563, 0.0 ], [ -62.0875, -30.5337, 0.0 ], [ -62.1053, -30.5166, 0.0 ], [ -62.1309, -30.4939, 0.0 ], [ -62.1566, -30.3857, 0.0 ] ] ] ] } },
{ "type": "Feature", "properties": { "circuito": "00302", "codprov": "04", "coddepto": "020" }, "geometry": { "type": "MultiPolygon", "coordinates": [ [ [ [ -62.0649, -30.5563, 0.0 ], [ -62.145, -30.5423, 0.0 ], [ -62.1731, -30.5374, 0.0 ], [ -62.2056, -30.5355, 0.0 ], [ -62.7136, -30.5085, 0.0 ], [ -62.7044, -30.5367, 0.0 ], [ -62.7021, -30.571, 0.0 ], [ -62.827, -30.5908, 0.0 ], [ -62.8621, -30.6113, 0.0 ], [ -62.9299, -30.6281, 0.0 ], [ -62.9314, -30.6448, 0.0 ], [ -62.1674, -30.6422, 0.0 ], [ -62.1208, -30.6515, 0.0 ], [ -62.0914, -30.6572, 0.0 ], [ -62.0712, -30.6592, 0.0 ], [ -62.0594, -30.5999, 0.0 ], [ -62.0498, -30.5691, 0.0 ], [ -62.0649, -30.5563, 0.0 ] ] ] ] } },
{ "type": "Feature", "properties": { "circuito": "00304", "codprov": "04", "coddepto": "020" }, "geometry": { "type": "MultiPolygon", "coordinates": [ [ [ [ -61.9944, -30.6725, 0.0 ], [ -62.0411, -30.666, 0.0 ], [ -62.0712, -30.6592, 0.0 ], [ -62.1674, -30.6422, 0.0 ], [ -62.92, -30.6448, 0.0 ], [ -62.9672, -30.6448, 0.0 ], [ -63.0076, -30.6448, 0.0 ], [ -63.0296, -30.6494, 0.0 ], [ -63.0434, -30.673, 0.0 ], [ -63.0645, -30.6965, 0.0 ], [ -63.0548, -30.7195, 0.0 ], [ -62.9923, -30.7302, 0.0 ], [ -62.9778, -30.7324, 0.0 ], [ -62.9649, -30.7355, 0.0 ], [ -62.9402, -30.7504, 0.0 ], [ -62.9086, -30.7887, 0.0 ], [ -62.8943, -30.7887, 0.0 ], [ -62.8529, -30.788, 0.0 ], [ -62.1742, -30.7851, 0.0 ], [ -62.1294, -30.7945, 0.0 ], [ -62.0582, -30.8031, 0.0 ], [ -62.0264, -30.8089, 0.0 ], [ -62.0206, -30.8099, 0.0 ], [ -62.0071, -30.7405, 0.0 ], [ -62.0033, -30.7367, 0.0 ], [ -61.9956, -30.7299, 0.0 ], [ -61.9888, -30.6962, 0.0 ], [ -61.9965, -30.6895, 0.0 ], [ -61.9944, -30.6725, 0.0 ] ] ] ] } },
{ "type": "Feature", "properties": { "circuito": "00303", "codprov": "04", "coddepto": "020" }, "geometry": { "type": "MultiPolygon", "coordinates": [ [ [ [ -62.8715, -30.8277, 0.0 ], [ -62.8709, -30.8306, 0.0 ], [ -62.8702, -30.8339, 0.0 ], [ -62.8702, -30.8366, 0.0 ], [ -62.8702, -30.8418, 0.0 ], [ -62.8702, -30.8445, 0.0 ], [ -62.8691, -30.8481, 0.0 ], [ -62.8676, -30.853, 0.0 ], [ -62.8664, -30.8609, 0.0 ], [ -62.8474, -30.8684, 0.0 ], [ -62.8429, -30.8747, 0.0 ], [ -62.8456, -30.9039, 0.0 ], [ -62.8493, -30.9451, 0.0 ], [ -62.8323, -30.9401, 0.0 ], [ -62.843, -30.9589, 0.0 ], [ -62.8195, -30.964, 0.0 ], [ -62.8195, -30.9682, 0.0 ], [ -62.8012, -30.9713, 0.0 ], [ -62.8, -30.978, 0.0 ], [ -62.7896, -30.9805, 0.0 ], [ -62.7315, -30.9786, 0.0 ], [ -62.7071, -30.9829, 0.0 ], [ -62.671, -30.9847, 0.0 ], [ -62.6325, -30.9884, 0.0 ], [ -62.6117, -30.9915, 0.0 ], [ -62.5812, -30.9921, 0.0 ], [ -62.5561, -30.9884, 0.0 ], [ -62.55, -30.9633, 0.0 ], [ -62.5396, -30.9218, 0.0 ], [ -62.5335, -30.8931, 0.0 ], [ -62.5163, -30.7866, 0.0 ], [ -62.5681, -30.7868, 0.0 ], [ -62.5947, -30.7869, 0.0 ], [ -62.6184, -30.787, 0.0 ], [ -62.6366, -30.7871, 0.0 ], [ -62.658, -30.7872, 0.0 ], [ -62.6945, -30.7874, 0.0 ], [ -62.7273, -30.7875, 0.0 ], [ -62.7448, -30.7876, 0.0 ], [ -62.7608, -30.7876, 0.0 ], [ -62.7821, -30.7877, 0.0 ], [ -62.7989, -30.7878, 0.0 ], [ -62.8194, -30.7879, 0.0 ], [ -62.8385, -30.788, 0.0 ], [ -62.8529, -30.788, 0.0 ], [ -62.8777, -30.7888, 0.0 ], [ -62.8744, -30.799, 0.0 ], [ -62.8707, -30.8103, 0.0 ], [ -62.87, -30.8123, 0.0 ], [ -62.8716, -30.8186, 0.0 ], [ -62.8718, -30.823, 0.0 ], [ -62.8715, -30.8277, 0.0 ] ] ] ] } },
{ "type": "Feature", "properties": { "circuito": "00282", "codprov": "04", "coddepto": "020" }, "geometry": { "type": "MultiPolygon", "coordinates": [ [ [ [ -62.0206, -30.8099, 0.0 ], [ -62.0613, -30.8026, 0.0 ], [ -62.112, -30.7948, 0.0 ], [ -62.1314, -30.7945, 0.0 ], [ -62.1446, -30.7916, 0.0 ], [ -62.1625, -30.7877, 0.0 ], [ -62.1821, -30.7834, 0.0 ], [ -62.1925, -30.7852, 0.0 ], [ -62.2039, -30.7853, 0.0 ], [ -62.2176, -30.7853, 0.0 ], [ -62.2329, -30.7854, 0.0 ], [ -62.2588, -30.7855, 0.0 ], [ -62.2793, -30.7856, 0.0 ], [ -62.3136, -30.7857, 0.0 ], [ -62.3486, -30.7859, 0.0 ], [ -62.3753, -30.786, 0.0 ], [ -62.4514, -30.7863, 0.0 ], [ -62.5165, -30.788, 0.0 ], [ -62.5236, -30.832, 0.0 ], [ -62.5314, -30.8742, 0.0 ], [ -62.3816, -30.8667, 0.0 ], [ -62.2344, -30.8674, 0.0 ], [ -62.2056, -30.8747, 0.0 ], [ -62.1934, -30.8766, 0.0 ], [ -62.1934, -30.8723, 0.0 ], [ -62.1628, -30.8778, 0.0 ], [ -62.1488, -30.8796, 0.0 ], [ -62.1586, -30.923, 0.0 ], [ -62.1647, -30.9511, 0.0 ], [ -62.1439, -30.9542, 0.0 ], [ -62.1078, -30.9603, 0.0 ], [ -62.0767, -30.964, 0.0 ], [ -62.0565, -30.9676, 0.0 ], [ -62.0444, -30.9108, 0.0 ], [ -62.0376, -30.8821, 0.0 ], [ -62.026, -30.8784, 0.0 ], [ -62.0218, -30.8628, 0.0 ], [ -62.0308, -30.8576, 0.0 ], [ -62.0274, -30.8417, 0.0 ], [ -62.0206, -30.8099, 0.0 ] ] ] ] } },
{ "type": "Feature", "properties": { "circuito": "00280", "codprov": "04", "coddepto": "020" }, "geometry": { "type": "MultiPolygon", "coordinates": [ [ [ [ -62.8518, -31.2486, 0.0 ], [ -62.796, -31.2457, 0.0 ], [ -62.7358, -31.2397, 0.0 ], [ -62.6875, -31.2354, 0.0 ], [ -62.6875, -31.2303, 0.0 ], [ -62.667, -31.2288, 0.0 ], [ -62.667, -31.2237, 0.0 ], [ -62.6596, -31.2244, 0.0 ], [ -62.6574, -31.2186, 0.0 ], [ -62.6369, -31.2178, 0.0 ], [ -62.6347, -31.2266, 0.0 ], [ -62.5849, -31.2342, 0.0 ], [ -62.5654, -31.2368, 0.0 ], [ -62.543, -31.2398, 0.0 ], [ -62.5327, -31.2312, 0.0 ], [ -62.5108, -31.2362, 0.0 ], [ -62.5097, -31.2288, 0.0 ], [ -62.5147, -31.2079, 0.0 ], [ -62.5215, -31.1866, 0.0 ], [ -62.5133, -31.1635, 0.0 ], [ -62.5014, -31.1363, 0.0 ], [ -62.5001, -31.1161, 0.0 ], [ -62.4957, -31.1159, 0.0 ], [ -62.4957, -31.1056, 0.0 ], [ -62.482, -31.0987, 0.0 ], [ -62.4796, -31.0822, 0.0 ], [ -62.4789, -31.0719, 0.0 ], [ -62.4462, -31.0639, 0.0 ], [ -62.4368, -31.0584, 0.0 ], [ -62.424, -31.0297, 0.0 ], [ -62.4332, -31.0198, 0.0 ], [ -62.44, -31.0068, 0.0 ], [ -62.4416, -30.9923, 0.0 ], [ -62.4454, -30.9802, 0.0 ], [ -62.4477, -30.9642, 0.0 ], [ -62.4371, -30.9435, 0.0 ], [ -62.4286, -30.9444, 0.0 ], [ -62.418, -30.9421, 0.0 ], [ -62.4096, -30.936, 0.0 ], [ -62.3981, -30.9253, 0.0 ], [ -62.3867, -30.92, 0.0 ], [ -62.3843, -30.901, 0.0 ], [ -62.3816, -30.8667, 0.0 ], [ -62.4011, -30.8674, 0.0 ], [ -62.4118, -30.869, 0.0 ], [ -62.4176, -30.8685, 0.0 ], [ -62.427, -30.869, 0.0 ], [ -62.4462, -30.87, 0.0 ], [ -62.4618, -30.8707, 0.0 ], [ -62.479, -30.8716, 0.0 ], [ -62.4984, -30.8726, 0.0 ], [ -62.5314, -30.8742, 0.0 ], [ -62.533, -30.8826, 0.0 ], [ -62.5396, -30.9218, 0.0 ], [ -62.55, -30.9633, 0.0 ], [ -62.5561, -30.9884, 0.0 ], [ -62.579, -30.9917, 0.0 ], [ -62.6117, -30.9915, 0.0 ], [ -62.6325, -30.9884, 0.0 ], [ -62.671, -30.9847, 0.0 ], [ -62.7165, -30.9812, 0.0 ], [ -62.7315, -30.9786, 0.0 ], [ -62.7601, -30.9795, 0.0 ], [ -62.772, -30.9899, 0.0 ], [ -62.7817, -31.0001, 0.0 ], [ -62.7924, -31.0161, 0.0 ], [ -62.7953, -31.0271, 0.0 ], [ -62.7972, -31.0445, 0.0 ], [ -62.8003, -31.054, 0.0 ], [ -62.8018, -31.0648, 0.0 ], [ -62.803, -31.0726, 0.0 ], [ -62.8133, -31.0785, 0.0 ], [ -62.8287, -31.0961, 0.0 ], [ -62.8316, -31.1108, 0.0 ], [ -62.8338, -31.1188, 0.0 ], [ -62.8367, -31.1364, 0.0 ], [ -62.8382, -31.1621, 0.0 ], [ -62.8389, -31.1885, 0.0 ], [ -62.8447, -31.2124, 0.0 ], [ -62.8529, -31.2406, 0.0 ], [ -62.8518, -31.2486, 0.0 ] ] ] ] } },
{ "type": "Feature", "properties": { "circuito": "00278", "codprov": "04", "coddepto": "020" }, "geometry": { "type": "MultiPolygon", "coordinates": [ [ [ [ -62.278, -30.9976, 0.0 ], [ -62.2878, -30.9963, 0.0 ], [ -62.2787, -30.953, 0.0 ], [ -62.2982, -30.9505, 0.0 ], [ -62.2918, -30.9169, 0.0 ], [ -62.2882, -30.9024, 0.0 ], [ -62.2824, -30.8672, 0.0 ], [ -62.3014, -30.8671, 0.0 ], [ -62.3166, -30.867, 0.0 ], [ -62.3281, -30.867, 0.0 ], [ -62.3585, -30.8668, 0.0 ], [ -62.3692, -30.8668, 0.0 ], [ -62.3816, -30.8667, 0.0 ], [ -62.386, -30.919, 0.0 ], [ -62.3906, -30.9218, 0.0 ], [ -62.3981, -30.9253, 0.0 ], [ -62.4027, -30.9296, 0.0 ], [ -62.4075, -30.934, 0.0 ], [ -62.4157, -30.9405, 0.0 ], [ -62.4265, -30.9439, 0.0 ], [ -62.4371, -30.9435, 0.0 ], [ -62.442, -30.9532, 0.0 ], [ -62.4454, -30.9597, 0.0 ], [ -62.4477, -30.9642, 0.0 ], [ -62.4466, -30.9719, 0.0 ], [ -62.4457, -30.9779, 0.0 ], [ -62.4443, -30.9836, 0.0 ], [ -62.4422, -30.9903, 0.0 ], [ -62.4412, -30.9954, 0.0 ], [ -62.4408, -30.9998, 0.0 ], [ -62.4403, -31.0044, 0.0 ], [ -62.4397, -31.0075, 0.0 ], [ -62.4362, -31.0141, 0.0 ], [ -62.4332, -31.0198, 0.0 ], [ -62.4297, -31.0236, 0.0 ], [ -62.4272, -31.0262, 0.0 ], [ -62.424, -31.0297, 0.0 ], [ -62.4261, -31.0344, 0.0 ], [ -62.4271, -31.0365, 0.0 ], [ -62.4286, -31.04, 0.0 ], [ -62.4295, -31.042, 0.0 ], [ -62.4307, -31.0447, 0.0 ], [ -62.4323, -31.0483, 0.0 ], [ -62.4347, -31.0536, 0.0 ], [ -62.4368, -31.0584, 0.0 ], [ -62.4459, -31.0638, 0.0 ], [ -62.4735, -31.0706, 0.0 ], [ -62.4789, -31.0719, 0.0 ], [ -62.4796, -31.0822, 0.0 ], [ -62.4805, -31.0882, 0.0 ], [ -62.4808, -31.0932, 0.0 ], [ -62.482, -31.0987, 0.0 ], [ -62.4957, -31.1056, 0.0 ], [ -62.4957, -31.1159, 0.0 ], [ -62.4545, -31.1219, 0.0 ], [ -62.4447, -31.1232, 0.0 ], [ -62.4339, -31.125, 0.0 ], [ -62.4146, -31.1268, 0.0 ], [ -62.4156, -31.1305, 0.0 ], [ -62.3999, -31.133, 0.0 ], [ -62.3848, -31.1354, 0.0 ], [ -62.3844, -31.1329, 0.0 ], [ -62.3748, -31.1349, 0.0 ], [ -62.3549, -31.139, 0.0 ], [ -62.3384, -31.1433, 0.0 ], [ -62.3369, -31.1412, 0.0 ], [ -62.3127, -31.0795, 0.0 ], [ -62.2877, -31.0207, 0.0 ], [ -62.278, -30.9976, 0.0 ] ] ] ] } },
{ "type": "Feature", "properties": { "circuito": "00021", "codprov": "04", "coddepto": "002" }, "geometry": { "type": "MultiPolygon", "coordinates": [ [ [ [ -64.2588, -32.1512, 0.0 ], [ -64.2532, -32.1121, 0.0 ], [ -64.2569, -32.0896, 0.0 ], [ -64.2317, -32.0048, 0.0 ], [ -64.3627, -32.0018, 0.0 ], [ -64.3757, -32.0008, 0.0 ], [ -64.3776, -32.0009, 0.0 ], [ -64.3803, -32.0023, 0.0 ], [ -64.3832, -32.0043, 0.0 ], [ -64.3868, -32.0074, 0.0 ], [ -64.3873, -32.0085, 0.0 ], [ -64.3877, -32.0105, 0.0 ], [ -64.3887, -32.0108, 0.0 ], [ -64.3901, -32.0118, 0.0 ], [ -64.3917, -32.0121, 0.0 ], [ -64.3936, -32.0136, 0.0 ], [ -64.3953, -32.0129, 0.0 ], [ -64.4005, -32.0134, 0.0 ], [ -64.4015, -32.0142, 0.0 ], [ -64.4058, -32.0157, 0.0 ], [ -64.4066, -32.0158, 0.0 ], [ -64.4093, -32.0139, 0.0 ], [ -64.4101, -32.0153, 0.0 ], [ -64.4144, -32.015, 0.0 ], [ -64.4166, -32.0146, 0.0 ], [ -64.4183, -32.0159, 0.0 ], [ -64.4195, -32.019, 0.0 ], [ -64.4208, -32.0193, 0.0 ], [ -64.4229, -32.0184, 0.0 ], [ -64.4265, -32.0197, 0.0 ], [ -64.4282, -32.0196, 0.0 ], [ -64.4298, -32.0206, 0.0 ], [ -64.4318, -32.0206, 0.0 ], [ -64.4324, -32.0197, 0.0 ], [ -64.4337, -32.0215, 0.0 ], [ -64.4341, -32.0229, 0.0 ], [ -64.4341, -32.0241, 0.0 ], [ -64.435, -32.0268, 0.0 ], [ -64.4389, -32.0273, 0.0 ], [ -64.4389, -32.0321, 0.0 ], [ -64.4397, -32.0333, 0.0 ], [ -64.4401, -32.034, 0.0 ], [ -64.4423, -32.0334, 0.0 ], [ -64.4438, -32.034, 0.0 ], [ -64.4436, -32.0362, 0.0 ], [ -64.4587, -32.0334, 0.0 ], [ -64.4581, -32.0349, 0.0 ], [ -64.4571, -32.0353, 0.0 ], [ -64.4551, -32.0379, 0.0 ], [ -64.4556, -32.0392, 0.0 ], [ -64.4551, -32.0402, 0.0 ], [ -64.4555, -32.0405, 0.0 ], [ -64.4553, -32.0413, 0.0 ], [ -64.4554, -32.0419, 0.0 ], [ -64.4566, -32.042, 0.0 ], [ -64.4575, -32.043, 0.0 ], [ -64.4575, -32.0436, 0.0 ], [ -64.4576, -32.0443, 0.0 ], [ -64.4581, -32.0447, 0.0 ], [ -64.4584, -32.0455, 0.0 ], [ -64.4586, -32.0464, 0.0 ], [ -64.4575, -32.0475, 0.0 ], [ -64.4577, -32.0481, 0.0 ], [ -64.4585, -32.0489, 0.0 ], [ -64.459, -32.0504, 0.0 ], [ -64.4598, -32.0504, 0.0 ], [ -64.4595, -32.0518, 0.0 ], [ -64.4586, -32.0524, 0.0 ], [ -64.4584, -32.0542, 0.0 ], [ -64.4575, -32.0564, 0.0 ], [ -64.4566, -32.0564, 0.0 ], [ -64.4562, -32.0573, 0.0 ], [ -64.4562, -32.058, 0.0 ], [ -64.4547, -32.059, 0.0 ], [ -64.4551, -32.0598, 0.0 ], [ -64.4538, -32.0611, 0.0 ], [ -64.4537, -32.0617, 0.0 ], [ -64.4529, -32.0615, 0.0 ], [ -64.4526, -32.0626, 0.0 ], [ -64.4519, -32.0638, 0.0 ], [ -64.4515, -32.0662, 0.0 ], [ -64.4513, -32.0668, 0.0 ], [ -64.4506, -32.0671, 0.0 ], [ -64.4501, -32.0683, 0.0 ], [ -64.4488, -32.0695, 0.0 ], [ -64.4488, -32.0711, 0.0 ], [ -64.448, -32.071, 0.0 ], [ -64.4469, -32.0714, 0.0 ], [ -64.4456, -32.0742, 0.0 ], [ -64.4447, -32.0744, 0.0 ], [ -64.4441, -32.0755, 0.0 ], [ -64.4432, -32.0758, 0.0 ], [ -64.4423, -32.0755, 0.0 ], [ -64.4419, -32.0761, 0.0 ], [ -64.4408, -32.0761, 0.0 ], [ -64.4406, -32.0768, 0.0 ], [ -64.4405, -32.0773, 0.0 ], [ -64.4409, -32.0778, 0.0 ], [ -64.4406, -32.0786, 0.0 ], [ -64.4406, -32.0809, 0.0 ], [ -64.4405, -32.0823, 0.0 ], [ -64.4412, -32.0826, 0.0 ], [ -64.4409, -32.0829, 0.0 ], [ -64.4402, -32.0828, 0.0 ], [ -64.4395, -32.0831, 0.0 ], [ -64.4396, -32.0998, 0.0 ], [ -64.4394, -32.1242, 0.0 ], [ -64.4396, -32.1323, 0.0 ], [ -64.4387, -32.1323, 0.0 ], [ -64.4409, -32.1336, 0.0 ], [ -64.4436, -32.1382, 0.0 ], [ -64.4408, -32.1412, 0.0 ], [ -64.4388, -32.1427, 0.0 ], [ -64.4377, -32.1453, 0.0 ], [ -64.4367, -32.1471, 0.0 ], [ -64.4372, -32.1492, 0.0 ], [ -64.438, -32.1513, 0.0 ], [ -64.4359, -32.1523, 0.0 ], [ -64.4356, -32.1536, 0.0 ], [ -64.4354, -32.1557, 0.0 ], [ -64.4362, -32.157, 0.0 ], [ -64.4382, -32.1583, 0.0 ], [ -64.438, -32.1611, 0.0 ], [ -64.4364, -32.1616, 0.0 ], [ -64.4351, -32.1622, 0.0 ], [ -64.4347, -32.1631, 0.0 ], [ -64.4317, -32.1627, 0.0 ], [ -64.431, -32.1632, 0.0 ], [ -64.4301, -32.1635, 0.0 ], [ -64.4258, -32.1714, 0.0 ], [ -64.4229, -32.1761, 0.0 ], [ -64.4219, -32.1807, 0.0 ], [ -64.4206, -32.1793, 0.0 ], [ -64.417, -32.177, 0.0 ], [ -64.413, -32.1745, 0.0 ], [ -64.4076, -32.1745, 0.0 ], [ -64.3957, -32.1734, 0.0 ], [ -64.3865, -32.1754, 0.0 ], [ -64.3841, -32.1753, 0.0 ], [ -64.3824, -32.1751, 0.0 ], [ -64.3821, -32.1736, 0.0 ], [ -64.3823, -32.1716, 0.0 ], [ -64.3828, -32.1714, 0.0 ], [ -64.3844, -32.1696, 0.0 ], [ -64.3849, -32.1679, 0.0 ], [ -64.3851, -32.1659, 0.0 ], [ -64.3857, -32.1645, 0.0 ], [ -64.3858, -32.163, 0.0 ], [ -64.3849, -32.162, 0.0 ], [ -64.3831, -32.1623, 0.0 ], [ -64.3806, -32.1622, 0.0 ], [ -64.3796, -32.1616, 0.0 ], [ -64.3769, -32.1614, 0.0 ], [ -64.3765, -32.1597, 0.0 ], [ -64.3759, -32.1581, 0.0 ], [ -64.3752, -32.1563, 0.0 ], [ -64.374, -32.1554, 0.0 ], [ -64.3715, -32.1523, 0.0 ], [ -64.369, -32.1492, 0.0 ], [ -64.3698, -32.1477, 0.0 ], [ -64.3704, -32.1456, 0.0 ], [ -64.3006, -32.149, 0.0 ], [ -64.259, -32.1513, 0.0 ], [ -64.2588, -32.1512, 0.0 ] ] ] ] } },
{ "type": "Feature", "properties": { "circuito": "00026", "codprov": "04", "coddepto": "002" }, "geometry": { "type": "MultiPolygon", "coordinates": [ [ [ [ -64.4587, -32.0334, 0.0 ], [ -64.4903, -32.0328, 0.0 ], [ -64.5159, -32.033, 0.0 ], [ -64.5154, -32.0399, 0.0 ], [ -64.5151, -32.0459, 0.0 ], [ -64.5197, -32.0464, 0.0 ], [ -64.5233, -32.0445, 0.0 ], [ -64.5257, -32.0437, 0.0 ], [ -64.5276, -32.0415, 0.0 ], [ -64.5336, -32.0407, 0.0 ], [ -64.5399, -32.0426, 0.0 ], [ -64.5467, -32.0592, 0.0 ], [ -64.5527, -32.06, 0.0 ], [ -64.5512, -32.0638, 0.0 ], [ -64.5501, -32.0651, 0.0 ], [ -64.5474, -32.0653, 0.0 ], [ -64.5469, -32.0666, 0.0 ], [ -64.5461, -32.0682, 0.0 ], [ -64.546, -32.07, 0.0 ], [ -64.5453, -32.0709, 0.0 ], [ -64.5444, -32.0724, 0.0 ], [ -64.5441, -32.0734, 0.0 ], [ -64.5436, -32.0752, 0.0 ], [ -64.5431, -32.0771, 0.0 ], [ -64.5425, -32.0785, 0.0 ], [ -64.5423, -32.0795, 0.0 ], [ -64.5419, -32.0812, 0.0 ], [ -64.5415, -32.0825, 0.0 ], [ -64.5408, -32.085, 0.0 ], [ -64.5395, -32.0893, 0.0 ], [ -64.5381, -32.0944, 0.0 ], [ -64.5351, -32.0978, 0.0 ], [ -64.5311, -32.1012, 0.0 ], [ -64.5312, -32.1027, 0.0 ], [ -64.5333, -32.1108, 0.0 ], [ -64.5325, -32.1111, 0.0 ], [ -64.5325, -32.1126, 0.0 ], [ -64.5279, -32.1131, 0.0 ], [ -64.5268, -32.1118, 0.0 ], [ -64.5248, -32.112, 0.0 ], [ -64.5233, -32.1109, 0.0 ], [ -64.5231, -32.1093, 0.0 ], [ -64.5209, -32.1078, 0.0 ], [ -64.5196, -32.1041, 0.0 ], [ -64.5173, -32.1038, 0.0 ], [ -64.5156, -32.1041, 0.0 ], [ -64.514, -32.104, 0.0 ], [ -64.5123, -32.1032, 0.0 ], [ -64.5115, -32.1065, 0.0 ], [ -64.5088, -32.1092, 0.0 ], [ -64.5063, -32.1118, 0.0 ], [ -64.5047, -32.1157, 0.0 ], [ -64.5032, -32.1191, 0.0 ], [ -64.5021, -32.1212, 0.0 ], [ -64.5002, -32.1252, 0.0 ], [ -64.4972, -32.1303, 0.0 ], [ -64.4963, -32.1309, 0.0 ], [ -64.4963, -32.1327, 0.0 ], [ -64.4945, -32.1353, 0.0 ], [ -64.4941, -32.1371, 0.0 ], [ -64.4956, -32.1413, 0.0 ], [ -64.4947, -32.1465, 0.0 ], [ -64.491, -32.151, 0.0 ], [ -64.4913, -32.1557, 0.0 ], [ -64.4864, -32.1627, 0.0 ], [ -64.4796, -32.1665, 0.0 ], [ -64.4779, -32.1667, 0.0 ], [ -64.4779, -32.1679, 0.0 ], [ -64.4766, -32.1688, 0.0 ], [ -64.4716, -32.1692, 0.0 ], [ -64.4665, -32.1685, 0.0 ], [ -64.461, -32.1667, 0.0 ], [ -64.4495, -32.1668, 0.0 ], [ -64.4463, -32.1645, 0.0 ], [ -64.4433, -32.1635, 0.0 ], [ -64.4375, -32.1634, 0.0 ], [ -64.4359, -32.1639, 0.0 ], [ -64.4347, -32.1631, 0.0 ], [ -64.4351, -32.1622, 0.0 ], [ -64.438, -32.1611, 0.0 ], [ -64.4382, -32.1583, 0.0 ], [ -64.4362, -32.157, 0.0 ], [ -64.4357, -32.1562, 0.0 ], [ -64.4359, -32.1523, 0.0 ], [ -64.438, -32.1513, 0.0 ], [ -64.4367, -32.1471, 0.0 ], [ -64.4436, -32.1382, 0.0 ], [ -64.443, -32.1357, 0.0 ], [ -64.4415, -32.1357, 0.0 ], [ -64.4407, -32.1326, 0.0 ], [ -64.4396, -32.1323, 0.0 ], [ -64.4395, -32.1087, 0.0 ], [ -64.4395, -32.0831, 0.0 ], [ -64.4409, -32.0829, 0.0 ], [ -64.4412, -32.0826, 0.0 ], [ -64.4405, -32.0823, 0.0 ], [ -64.4406, -32.0786, 0.0 ], [ -64.4409, -32.0778, 0.0 ], [ -64.4406, -32.0768, 0.0 ], [ -64.4408, -32.0761, 0.0 ], [ -64.4419, -32.0761, 0.0 ], [ -64.4423, -32.0755, 0.0 ], [ -64.4432, -32.0758, 0.0 ], [ -64.4441, -32.0755, 0.0 ], [ -64.4447, -32.0744, 0.0 ], [ -64.4456, -32.0742, 0.0 ], [ -64.4469, -32.0714, 0.0 ], [ -64.448, -32.071, 0.0 ], [ -64.4488, -32.0711, 0.0 ], [ -64.4488, -32.0705, 0.0 ], [ -64.4488, -32.0695, 0.0 ], [ -64.4501, -32.0683, 0.0 ], [ -64.4506, -32.0671, 0.0 ], [ -64.4511, -32.0669, 0.0 ], [ -64.4519, -32.0638, 0.0 ], [ -64.4526, -32.0626, 0.0 ], [ -64.4529, -32.0615, 0.0 ], [ -64.4537, -32.0617, 0.0 ], [ -64.4551, -32.0598, 0.0 ], [ -64.4547, -32.059, 0.0 ], [ -64.4562, -32.058, 0.0 ], [ -64.4562, -32.0573, 0.0 ], [ -64.4575, -32.0564, 0.0 ], [ -64.4584, -32.0542, 0.0 ], [ -64.4586, -32.0524, 0.0 ], [ -64.4595, -32.0518, 0.0 ], [ -64.4596, -32.0513, 0.0 ], [ -64.4598, -32.0504, 0.0 ], [ -64.459, -32.0504, 0.0 ], [ -64.4585, -32.0489, 0.0 ], [ -64.4577, -32.0481, 0.0 ], [ -64.4575, -32.0475, 0.0 ], [ -64.4586, -32.0464, 0.0 ], [ -64.4584, -32.0455, 0.0 ], [ -64.4581, -32.0447, 0.0 ], [ -64.4576, -32.0443, 0.0 ], [ -64.4575, -32.043, 0.0 ], [ -64.4566, -32.042, 0.0 ], [ -64.4554, -32.0419, 0.0 ], [ -64.4555, -32.0405, 0.0 ], [ -64.4554, -32.0397, 0.0 ], [ -64.4551, -32.0379, 0.0 ], [ -64.4566, -32.036, 0.0 ], [ -64.4571, -32.0353, 0.0 ], [ -64.4582, -32.0345, 0.0 ], [ -64.4587, -32.0334, 0.0 ] ] ] ] } },
{ "type": "Feature", "properties": { "circuito": "0018C", "codprov": "04", "coddepto": "002" }, "geometry": { "type": "MultiPolygon", "coordinates": [ [ [ [ -64.9093, -32.4102, 0.0 ], [ -64.9094, -32.4102, 0.0 ], [ -64.9124, -32.4239, 0.0 ], [ -64.9112, -32.4332, 0.0 ], [ -64.907, -32.4426, 0.0 ], [ -64.8668, -32.4257, 0.0 ], [ -64.8463, -32.4292, 0.0 ], [ -64.8434, -32.4302, 0.0 ], [ -64.8305, -32.4331, 0.0 ], [ -64.8046, -32.4247, 0.0 ], [ -64.7921, -32.4251, 0.0 ], [ -64.7849, -32.426, 0.0 ], [ -64.7791, -32.4264, 0.0 ], [ -64.7627, -32.4317, 0.0 ], [ -64.7499, -32.4319, 0.0 ], [ -64.7425, -32.4307, 0.0 ], [ -64.7281, -32.4277, 0.0 ], [ -64.7028, -32.4297, 0.0 ], [ -64.6728, -32.4361, 0.0 ], [ -64.6514, -32.443, 0.0 ], [ -64.6198, -32.4525, 0.0 ], [ -64.6058, -32.4523, 0.0 ], [ -64.5783, -32.4564, 0.0 ], [ -64.5533, -32.4642, 0.0 ], [ -64.5477, -32.4659, 0.0 ], [ -64.4693, -32.4894, 0.0 ], [ -64.4686, -32.487, 0.0 ], [ -64.4461, -32.4903, 0.0 ], [ -64.4394, -32.4833, 0.0 ], [ -64.4367, -32.455, 0.0 ], [ -64.4875, -32.4455, 0.0 ], [ -64.53, -32.4369, 0.0 ], [ -64.5432, -32.4339, 0.0 ], [ -64.5455, -32.4319, 0.0 ], [ -64.5471, -32.43, 0.0 ], [ -64.5539, -32.4227, 0.0 ], [ -64.5537, -32.4216, 0.0 ], [ -64.5566, -32.4202, 0.0 ], [ -64.5591, -32.4191, 0.0 ], [ -64.5623, -32.4159, 0.0 ], [ -64.5648, -32.4157, 0.0 ], [ -64.5682, -32.415, 0.0 ], [ -64.5685, -32.4129, 0.0 ], [ -64.5701, -32.4127, 0.0 ], [ -64.5719, -32.4107, 0.0 ], [ -64.5739, -32.4109, 0.0 ], [ -64.5776, -32.4093, 0.0 ], [ -64.579, -32.4059, 0.0 ], [ -64.5811, -32.4034, 0.0 ], [ -64.5834, -32.4005, 0.0 ], [ -64.5909, -32.3974, 0.0 ], [ -64.5933, -32.3968, 0.0 ], [ -64.5952, -32.3975, 0.0 ], [ -64.5954, -32.398, 0.0 ], [ -64.5961, -32.3981, 0.0 ], [ -64.5965, -32.3979, 0.0 ], [ -64.5977, -32.3978, 0.0 ], [ -64.6004, -32.3978, 0.0 ], [ -64.601, -32.3968, 0.0 ], [ -64.6017, -32.3965, 0.0 ], [ -64.6019, -32.3966, 0.0 ], [ -64.6035, -32.3953, 0.0 ], [ -64.6048, -32.3945, 0.0 ], [ -64.606, -32.3932, 0.0 ], [ -64.6059, -32.3927, 0.0 ], [ -64.6057, -32.3924, 0.0 ], [ -64.6061, -32.392, 0.0 ], [ -64.6065, -32.3921, 0.0 ], [ -64.6072, -32.3922, 0.0 ], [ -64.6079, -32.3912, 0.0 ], [ -64.6085, -32.3906, 0.0 ], [ -64.6083, -32.3899, 0.0 ], [ -64.6088, -32.3893, 0.0 ], [ -64.6088, -32.3886, 0.0 ], [ -64.6095, -32.3875, 0.0 ], [ -64.6093, -32.3856, 0.0 ], [ -64.6096, -32.3848, 0.0 ], [ -64.6104, -32.3841, 0.0 ], [ -64.6112, -32.3832, 0.0 ], [ -64.611, -32.3816, 0.0 ], [ -64.612, -32.3805, 0.0 ], [ -64.6122, -32.3794, 0.0 ], [ -64.613, -32.3788, 0.0 ], [ -64.6153, -32.3788, 0.0 ], [ -64.6161, -32.3792, 0.0 ], [ -64.6175, -32.3791, 0.0 ], [ -64.6186, -32.3785, 0.0 ], [ -64.6194, -32.3784, 0.0 ], [ -64.62, -32.3781, 0.0 ], [ -64.6205, -32.3781, 0.0 ], [ -64.6208, -32.3787, 0.0 ], [ -64.6214, -32.3791, 0.0 ], [ -64.6225, -32.3793, 0.0 ], [ -64.623, -32.379, 0.0 ], [ -64.6234, -32.379, 0.0 ], [ -64.6237, -32.3794, 0.0 ], [ -64.6241, -32.3796, 0.0 ], [ -64.6243, -32.3797, 0.0 ], [ -64.6249, -32.38, 0.0 ], [ -64.6258, -32.3802, 0.0 ], [ -64.6266, -32.3802, 0.0 ], [ -64.6273, -32.3805, 0.0 ], [ -64.6282, -32.3803, 0.0 ], [ -64.6288, -32.3804, 0.0 ], [ -64.6295, -32.3798, 0.0 ], [ -64.6301, -32.3793, 0.0 ], [ -64.6302, -32.3787, 0.0 ], [ -64.6309, -32.3784, 0.0 ], [ -64.6317, -32.3781, 0.0 ], [ -64.6324, -32.378, 0.0 ], [ -64.6329, -32.3772, 0.0 ], [ -64.6335, -32.3768, 0.0 ], [ -64.6339, -32.3763, 0.0 ], [ -64.6344, -32.3756, 0.0 ], [ -64.6351, -32.3754, 0.0 ], [ -64.6379, -32.3727, 0.0 ], [ -64.6393, -32.3719, 0.0 ], [ -64.6396, -32.3707, 0.0 ], [ -64.6394, -32.3705, 0.0 ], [ -64.6395, -32.3699, 0.0 ], [ -64.64, -32.3699, 0.0 ], [ -64.6403, -32.3692, 0.0 ], [ -64.6402, -32.3686, 0.0 ], [ -64.6401, -32.3681, 0.0 ], [ -64.6402, -32.3674, 0.0 ], [ -64.6421, -32.3668, 0.0 ], [ -64.6448, -32.3684, 0.0 ], [ -64.6452, -32.3674, 0.0 ], [ -64.6465, -32.3673, 0.0 ], [ -64.6467, -32.3678, 0.0 ], [ -64.6468, -32.3683, 0.0 ], [ -64.6471, -32.3686, 0.0 ], [ -64.6485, -32.3687, 0.0 ], [ -64.6489, -32.3689, 0.0 ], [ -64.6494, -32.3693, 0.0 ], [ -64.6493, -32.3696, 0.0 ], [ -64.6493, -32.3711, 0.0 ], [ -64.6497, -32.3715, 0.0 ], [ -64.652, -32.3719, 0.0 ], [ -64.6534, -32.3723, 0.0 ], [ -64.6541, -32.3725, 0.0 ], [ -64.6551, -32.373, 0.0 ], [ -64.6557, -32.3735, 0.0 ], [ -64.6561, -32.3735, 0.0 ], [ -64.657, -32.3734, 0.0 ], [ -64.6577, -32.373, 0.0 ], [ -64.6588, -32.3727, 0.0 ], [ -64.6599, -32.3735, 0.0 ], [ -64.6601, -32.3739, 0.0 ], [ -64.6604, -32.3737, 0.0 ], [ -64.661, -32.3743, 0.0 ], [ -64.6617, -32.3745, 0.0 ], [ -64.6621, -32.3742, 0.0 ], [ -64.6634, -32.3737, 0.0 ], [ -64.6637, -32.373, 0.0 ], [ -64.6643, -32.3728, 0.0 ], [ -64.6654, -32.373, 0.0 ], [ -64.6658, -32.3725, 0.0 ], [ -64.6664, -32.3718, 0.0 ], [ -64.6668, -32.3709, 0.0 ], [ -64.6677, -32.3702, 0.0 ], [ -64.6686, -32.3697, 0.0 ], [ -64.6686, -32.3692, 0.0 ], [ -64.6688, -32.3691, 0.0 ], [ -64.6695, -32.3691, 0.0 ], [ -64.671, -32.3686, 0.0 ], [ -64.672, -32.3676, 0.0 ], [ -64.6721, -32.3666, 0.0 ], [ -64.6729, -32.3654, 0.0 ], [ -64.6728, -32.3651, 0.0 ], [ -64.6728, -32.3644, 0.0 ], [ -64.673, -32.3638, 0.0 ], [ -64.673, -32.3632, 0.0 ], [ -64.6728, -32.363, 0.0 ], [ -64.6729, -32.3627, 0.0 ], [ -64.6736, -32.362, 0.0 ], [ -64.6742, -32.3616, 0.0 ], [ -64.675, -32.3616, 0.0 ], [ -64.6757, -32.3619, 0.0 ], [ -64.6786, -32.3605, 0.0 ], [ -64.6805, -32.3584, 0.0 ], [ -64.6807, -32.3579, 0.0 ], [ -64.6816, -32.3571, 0.0 ], [ -64.682, -32.3562, 0.0 ], [ -64.6828, -32.3555, 0.0 ], [ -64.6837, -32.3548, 0.0 ], [ -64.6842, -32.3545, 0.0 ], [ -64.6847, -32.3539, 0.0 ], [ -64.6854, -32.3533, 0.0 ], [ -64.6859, -32.3527, 0.0 ], [ -64.686, -32.3517, 0.0 ], [ -64.6867, -32.3512, 0.0 ], [ -64.6866, -32.3505, 0.0 ], [ -64.6867, -32.3496, 0.0 ], [ -64.6869, -32.3489, 0.0 ], [ -64.6871, -32.3481, 0.0 ], [ -64.6875, -32.3481, 0.0 ], [ -64.6879, -32.3479, 0.0 ], [ -64.6876, -32.3474, 0.0 ], [ -64.6876, -32.3468, 0.0 ], [ -64.6864, -32.3466, 0.0 ], [ -64.6854, -32.3463, 0.0 ], [ -64.685, -32.3457, 0.0 ], [ -64.6845, -32.3452, 0.0 ], [ -64.6839, -32.3451, 0.0 ], [ -64.6838, -32.3445, 0.0 ], [ -64.6834, -32.3441, 0.0 ], [ -64.683, -32.3433, 0.0 ], [ -64.6822, -32.3431, 0.0 ], [ -64.6822, -32.3424, 0.0 ], [ -64.6826, -32.3418, 0.0 ], [ -64.6835, -32.3411, 0.0 ], [ -64.6832, -32.3404, 0.0 ], [ -64.6834, -32.3392, 0.0 ], [ -64.6835, -32.3382, 0.0 ], [ -64.6842, -32.3379, 0.0 ], [ -64.6842, -32.3369, 0.0 ], [ -64.6847, -32.3357, 0.0 ], [ -64.6852, -32.3347, 0.0 ], [ -64.6856, -32.334, 0.0 ], [ -64.6853, -32.3338, 0.0 ], [ -64.685, -32.3337, 0.0 ], [ -64.684, -32.3335, 0.0 ], [ -64.6839, -32.3327, 0.0 ], [ -64.6844, -32.3317, 0.0 ], [ -64.6848, -32.3312, 0.0 ], [ -64.685, -32.3307, 0.0 ], [ -64.6858, -32.3287, 0.0 ], [ -64.6859, -32.3272, 0.0 ], [ -64.6867, -32.3264, 0.0 ], [ -64.6869, -32.3264, 0.0 ], [ -64.6879, -32.3261, 0.0 ], [ -64.6883, -32.3254, 0.0 ], [ -64.6897, -32.3243, 0.0 ], [ -64.6907, -32.3234, 0.0 ], [ -64.6935, -32.3245, 0.0 ], [ -64.695, -32.3241, 0.0 ], [ -64.6979, -32.3223, 0.0 ], [ -64.6994, -32.3219, 0.0 ], [ -64.7, -32.3215, 0.0 ], [ -64.7006, -32.3217, 0.0 ], [ -64.7003, -32.3229, 0.0 ], [ -64.7004, -32.3236, 0.0 ], [ -64.7011, -32.3241, 0.0 ], [ -64.7018, -32.3235, 0.0 ], [ -64.7021, -32.3229, 0.0 ], [ -64.7035, -32.3226, 0.0 ], [ -64.7106, -32.3222, 0.0 ], [ -64.7116, -32.3221, 0.0 ], [ -64.7137, -32.3221, 0.0 ], [ -64.7142, -32.3218, 0.0 ], [ -64.715, -32.3219, 0.0 ], [ -64.7162, -32.3217, 0.0 ], [ -64.7168, -32.321, 0.0 ], [ -64.7185, -32.3206, 0.0 ], [ -64.72, -32.32, 0.0 ], [ -64.7217, -32.3197, 0.0 ], [ -64.7228, -32.3193, 0.0 ], [ -64.7234, -32.3185, 0.0 ], [ -64.7245, -32.3185, 0.0 ], [ -64.7248, -32.3188, 0.0 ], [ -64.7244, -32.3193, 0.0 ], [ -64.7257, -32.3209, 0.0 ], [ -64.7268, -32.3211, 0.0 ], [ -64.7273, -32.3219, 0.0 ], [ -64.7277, -32.3226, 0.0 ], [ -64.7294, -32.3241, 0.0 ], [ -64.7298, -32.3241, 0.0 ], [ -64.7316, -32.3237, 0.0 ], [ -64.7322, -32.3236, 0.0 ], [ -64.7329, -32.3232, 0.0 ], [ -64.7338, -32.3236, 0.0 ], [ -64.7339, -32.3242, 0.0 ], [ -64.7352, -32.3251, 0.0 ], [ -64.7378, -32.3271, 0.0 ], [ -64.7381, -32.3283, 0.0 ], [ -64.7394, -32.3287, 0.0 ], [ -64.7413, -32.3299, 0.0 ], [ -64.7417, -32.332, 0.0 ], [ -64.7439, -32.3341, 0.0 ], [ -64.7449, -32.3353, 0.0 ], [ -64.7472, -32.3364, 0.0 ], [ -64.7481, -32.3373, 0.0 ], [ -64.7484, -32.3385, 0.0 ], [ -64.7489, -32.3387, 0.0 ], [ -64.7503, -32.3402, 0.0 ], [ -64.7517, -32.3426, 0.0 ], [ -64.7518, -32.3435, 0.0 ], [ -64.7512, -32.3453, 0.0 ], [ -64.7513, -32.3463, 0.0 ], [ -64.7506, -32.3471, 0.0 ], [ -64.7515, -32.348, 0.0 ], [ -64.7515, -32.3494, 0.0 ], [ -64.7534, -32.3514, 0.0 ], [ -64.7538, -32.352, 0.0 ], [ -64.7543, -32.3522, 0.0 ], [ -64.7552, -32.3519, 0.0 ], [ -64.7553, -32.3524, 0.0 ], [ -64.7558, -32.3528, 0.0 ], [ -64.7567, -32.3536, 0.0 ], [ -64.7581, -32.3533, 0.0 ], [ -64.76, -32.353, 0.0 ], [ -64.7601, -32.3522, 0.0 ], [ -64.7605, -32.3518, 0.0 ], [ -64.7608, -32.3521, 0.0 ], [ -64.761, -32.3532, 0.0 ], [ -64.7617, -32.3534, 0.0 ], [ -64.7624, -32.353, 0.0 ], [ -64.7634, -32.3526, 0.0 ], [ -64.7642, -32.3522, 0.0 ], [ -64.7646, -32.3525, 0.0 ], [ -64.7646, -32.3534, 0.0 ], [ -64.7637, -32.354, 0.0 ], [ -64.7636, -32.3546, 0.0 ], [ -64.7646, -32.3564, 0.0 ], [ -64.7645, -32.3571, 0.0 ], [ -64.7649, -32.358, 0.0 ], [ -64.7657, -32.3582, 0.0 ], [ -64.7668, -32.3584, 0.0 ], [ -64.7674, -32.3588, 0.0 ], [ -64.7684, -32.3595, 0.0 ], [ -64.7687, -32.3607, 0.0 ], [ -64.7693, -32.3621, 0.0 ], [ -64.7693, -32.3629, 0.0 ], [ -64.7704, -32.3648, 0.0 ], [ -64.7739, -32.3663, 0.0 ], [ -64.7746, -32.3668, 0.0 ], [ -64.7745, -32.3676, 0.0 ], [ -64.7749, -32.3678, 0.0 ], [ -64.7755, -32.3682, 0.0 ], [ -64.7763, -32.3686, 0.0 ], [ -64.7768, -32.3694, 0.0 ], [ -64.7781, -32.37, 0.0 ], [ -64.7795, -32.3694, 0.0 ], [ -64.7801, -32.3685, 0.0 ], [ -64.7809, -32.3681, 0.0 ], [ -64.7815, -32.3682, 0.0 ], [ -64.7822, -32.3688, 0.0 ], [ -64.7839, -32.3691, 0.0 ], [ -64.784, -32.3697, 0.0 ], [ -64.7841, -32.3703, 0.0 ], [ -64.7843, -32.3723, 0.0 ], [ -64.7857, -32.3752, 0.0 ], [ -64.7862, -32.376, 0.0 ], [ -64.7862, -32.3764, 0.0 ], [ -64.7867, -32.3766, 0.0 ], [ -64.7877, -32.3766, 0.0 ], [ -64.788, -32.3768, 0.0 ], [ -64.7882, -32.3767, 0.0 ], [ -64.7883, -32.3764, 0.0 ], [ -64.7887, -32.3761, 0.0 ], [ -64.7899, -32.3758, 0.0 ], [ -64.7915, -32.3759, 0.0 ], [ -64.7923, -32.3763, 0.0 ], [ -64.793, -32.3772, 0.0 ], [ -64.7935, -32.3775, 0.0 ], [ -64.7943, -32.3782, 0.0 ], [ -64.795, -32.379, 0.0 ], [ -64.7954, -32.3801, 0.0 ], [ -64.7954, -32.3808, 0.0 ], [ -64.7961, -32.3812, 0.0 ], [ -64.7973, -32.3812, 0.0 ], [ -64.7984, -32.3808, 0.0 ], [ -64.7988, -32.3801, 0.0 ], [ -64.7999, -32.3799, 0.0 ], [ -64.8006, -32.3793, 0.0 ], [ -64.8013, -32.3781, 0.0 ], [ -64.8016, -32.377, 0.0 ], [ -64.802, -32.3768, 0.0 ], [ -64.8035, -32.3771, 0.0 ], [ -64.8058, -32.3771, 0.0 ], [ -64.8063, -32.3774, 0.0 ], [ -64.8077, -32.3774, 0.0 ], [ -64.8086, -32.3771, 0.0 ], [ -64.8092, -32.3771, 0.0 ], [ -64.8106, -32.3752, 0.0 ], [ -64.8115, -32.3754, 0.0 ], [ -64.8125, -32.375, 0.0 ], [ -64.8132, -32.3738, 0.0 ], [ -64.8137, -32.3736, 0.0 ], [ -64.8144, -32.373, 0.0 ], [ -64.8155, -32.3726, 0.0 ], [ -64.8157, -32.3721, 0.0 ], [ -64.8163, -32.3721, 0.0 ], [ -64.8166, -32.3713, 0.0 ], [ -64.8171, -32.3713, 0.0 ], [ -64.8174, -32.3718, 0.0 ], [ -64.818, -32.372, 0.0 ], [ -64.8186, -32.3726, 0.0 ], [ -64.8191, -32.3734, 0.0 ], [ -64.8201, -32.3738, 0.0 ], [ -64.8215, -32.3738, 0.0 ], [ -64.822, -32.3736, 0.0 ], [ -64.8232, -32.3737, 0.0 ], [ -64.8235, -32.3739, 0.0 ], [ -64.824, -32.374, 0.0 ], [ -64.8255, -32.3743, 0.0 ], [ -64.8261, -32.3741, 0.0 ], [ -64.8271, -32.3739, 0.0 ], [ -64.8288, -32.3738, 0.0 ], [ -64.8306, -32.3739, 0.0 ], [ -64.831, -32.3743, 0.0 ], [ -64.831, -32.3749, 0.0 ], [ -64.8309, -32.3758, 0.0 ], [ -64.8308, -32.3767, 0.0 ], [ -64.8314, -32.3771, 0.0 ], [ -64.832, -32.3782, 0.0 ], [ -64.8327, -32.3791, 0.0 ], [ -64.833, -32.3808, 0.0 ], [ -64.8344, -32.3814, 0.0 ], [ -64.8346, -32.3821, 0.0 ], [ -64.8362, -32.3824, 0.0 ], [ -64.8366, -32.3832, 0.0 ], [ -64.837, -32.3824, 0.0 ], [ -64.8379, -32.3825, 0.0 ], [ -64.8391, -32.3822, 0.0 ], [ -64.8414, -32.3826, 0.0 ], [ -64.8428, -32.3826, 0.0 ], [ -64.8438, -32.3833, 0.0 ], [ -64.844, -32.3845, 0.0 ], [ -64.845, -32.385, 0.0 ], [ -64.8457, -32.3861, 0.0 ], [ -64.8469, -32.3854, 0.0 ], [ -64.8475, -32.3857, 0.0 ], [ -64.8475, -32.3866, 0.0 ], [ -64.8468, -32.3889, 0.0 ], [ -64.8464, -32.3891, 0.0 ], [ -64.8463, -32.39, 0.0 ], [ -64.8471, -32.3934, 0.0 ], [ -64.8476, -32.3944, 0.0 ], [ -64.8484, -32.3948, 0.0 ], [ -64.8493, -32.3949, 0.0 ], [ -64.8501, -32.3955, 0.0 ], [ -64.851, -32.3956, 0.0 ], [ -64.8526, -32.3953, 0.0 ], [ -64.8542, -32.3943, 0.0 ], [ -64.855, -32.3948, 0.0 ], [ -64.8555, -32.3949, 0.0 ], [ -64.8569, -32.3955, 0.0 ], [ -64.8579, -32.397, 0.0 ], [ -64.8588, -32.3976, 0.0 ], [ -64.8592, -32.3984, 0.0 ], [ -64.8611, -32.3986, 0.0 ], [ -64.8623, -32.3985, 0.0 ], [ -64.8627, -32.3982, 0.0 ], [ -64.8637, -32.3984, 0.0 ], [ -64.8665, -32.397, 0.0 ], [ -64.8677, -32.3972, 0.0 ], [ -64.8677, -32.3977, 0.0 ], [ -64.8686, -32.3981, 0.0 ], [ -64.869, -32.3982, 0.0 ], [ -64.8708, -32.3979, 0.0 ], [ -64.8714, -32.398, 0.0 ], [ -64.8716, -32.3992, 0.0 ], [ -64.8727, -32.4001, 0.0 ], [ -64.8727, -32.4011, 0.0 ], [ -64.8729, -32.4015, 0.0 ], [ -64.8728, -32.4023, 0.0 ], [ -64.8733, -32.4029, 0.0 ], [ -64.8744, -32.4027, 0.0 ], [ -64.8763, -32.4028, 0.0 ], [ -64.8785, -32.4023, 0.0 ], [ -64.8792, -32.4025, 0.0 ], [ -64.8794, -32.403, 0.0 ], [ -64.8805, -32.4029, 0.0 ], [ -64.8807, -32.4026, 0.0 ], [ -64.8816, -32.4021, 0.0 ], [ -64.8828, -32.4019, 0.0 ], [ -64.8838, -32.4015, 0.0 ], [ -64.8843, -32.4015, 0.0 ], [ -64.8852, -32.4017, 0.0 ], [ -64.8863, -32.4015, 0.0 ], [ -64.888, -32.4024, 0.0 ], [ -64.8904, -32.4021, 0.0 ], [ -64.8913, -32.4036, 0.0 ], [ -64.892, -32.4054, 0.0 ], [ -64.8926, -32.4063, 0.0 ], [ -64.8926, -32.4071, 0.0 ], [ -64.8933, -32.4079, 0.0 ], [ -64.8947, -32.4084, 0.0 ], [ -64.8955, -32.4093, 0.0 ], [ -64.8962, -32.4093, 0.0 ], [ -64.897, -32.409, 0.0 ], [ -64.8973, -32.4083, 0.0 ], [ -64.8981, -32.4082, 0.0 ], [ -64.8993, -32.4083, 0.0 ], [ -64.9007, -32.4078, 0.0 ], [ -64.9015, -32.4077, 0.0 ], [ -64.9026, -32.4073, 0.0 ], [ -64.9033, -32.4064, 0.0 ], [ -64.9054, -32.4059, 0.0 ], [ -64.906, -32.406, 0.0 ], [ -64.908, -32.4052, 0.0 ], [ -64.9091, -32.4051, 0.0 ], [ -64.9097, -32.4043, 0.0 ], [ -64.9103, -32.4035, 0.0 ], [ -64.9093, -32.4102, 0.0 ] ] ] ] } },
{ "type": "Feature", "properties": { "circuito": "0018B", "codprov": "04", "coddepto": "002" }, "geometry": { "type": "MultiPolygon", "coordinates": [ [ [ [ -64.5205, -32.4173, 0.0 ], [ -64.484, -32.4246, 0.0 ], [ -64.4877, -32.4145, 0.0 ], [ -64.4929, -32.4138, 0.0 ], [ -64.5007, -32.4104, 0.0 ], [ -64.5037, -32.4079, 0.0 ], [ -64.5057, -32.4071, 0.0 ], [ -64.5042, -32.4042, 0.0 ], [ -64.5113, -32.4035, 0.0 ], [ -64.512, -32.3998, 0.0 ], [ -64.5135, -32.3968, 0.0 ], [ -64.5164, -32.3942, 0.0 ], [ -64.5171, -32.394, 0.0 ], [ -64.5186, -32.3937, 0.0 ], [ -64.5176, -32.3915, 0.0 ], [ -64.5191, -32.3896, 0.0 ], [ -64.5201, -32.3895, 0.0 ], [ -64.5236, -32.3908, 0.0 ], [ -64.5264, -32.3927, 0.0 ], [ -64.529, -32.3933, 0.0 ], [ -64.5306, -32.394, 0.0 ], [ -64.5303, -32.3979, 0.0 ], [ -64.5265, -32.4041, 0.0 ], [ -64.5257, -32.4043, 0.0 ], [ -64.5254, -32.4068, 0.0 ], [ -64.5243, -32.4086, 0.0 ], [ -64.5231, -32.413, 0.0 ], [ -64.5213, -32.4138, 0.0 ], [ -64.5205, -32.4173, 0.0 ] ] ] ] } },
{ "type": "Feature", "properties": { "circuito": "0018D", "codprov": "04", "coddepto": "002" }, "geometry": { "type": "MultiPolygon", "coordinates": [ [ [ [ -64.497, -32.2417, 0.0 ], [ -64.4963, -32.2403, 0.0 ], [ -64.4959, -32.2396, 0.0 ], [ -64.4947, -32.2374, 0.0 ], [ -64.4929, -32.2338, 0.0 ], [ -64.4917, -32.2336, 0.0 ], [ -64.4908, -32.2332, 0.0 ], [ -64.4893, -32.233, 0.0 ], [ -64.488, -32.2328, 0.0 ], [ -64.4858, -32.2326, 0.0 ], [ -64.4846, -32.2323, 0.0 ], [ -64.4834, -32.2301, 0.0 ], [ -64.4825, -32.2285, 0.0 ], [ -64.4815, -32.2266, 0.0 ], [ -64.4853, -32.2266, 0.0 ], [ -64.4858, -32.2251, 0.0 ], [ -64.4857, -32.2253, 0.0 ], [ -64.4859, -32.2248, 0.0 ], [ -64.4861, -32.2242, 0.0 ], [ -64.4863, -32.2235, 0.0 ], [ -64.4867, -32.2224, 0.0 ], [ -64.4872, -32.221, 0.0 ], [ -64.4874, -32.22, 0.0 ], [ -64.4877, -32.2185, 0.0 ], [ -64.488, -32.2171, 0.0 ], [ -64.4883, -32.2154, 0.0 ], [ -64.4885, -32.2141, 0.0 ], [ -64.4889, -32.2121, 0.0 ], [ -64.4903, -32.2124, 0.0 ], [ -64.4932, -32.213, 0.0 ], [ -64.496, -32.2136, 0.0 ], [ -64.4985, -32.2141, 0.0 ], [ -64.5055, -32.2154, 0.0 ], [ -64.5089, -32.216, 0.0 ], [ -64.5093, -32.216, 0.0 ], [ -64.5104, -32.2161, 0.0 ], [ -64.5117, -32.2161, 0.0 ], [ -64.5134, -32.2162, 0.0 ], [ -64.5145, -32.2162, 0.0 ], [ -64.5159, -32.2163, 0.0 ], [ -64.517, -32.2163, 0.0 ], [ -64.5192, -32.2164, 0.0 ], [ -64.5216, -32.2165, 0.0 ], [ -64.5233, -32.2165, 0.0 ], [ -64.5246, -32.2166, 0.0 ], [ -64.526, -32.2166, 0.0 ], [ -64.5267, -32.2167, 0.0 ], [ -64.5346, -32.2229, 0.0 ], [ -64.5396, -32.2269, 0.0 ], [ -64.5446, -32.2309, 0.0 ], [ -64.5544, -32.2318, 0.0 ], [ -64.56, -32.2322, 0.0 ], [ -64.5658, -32.2337, 0.0 ], [ -64.5666, -32.2343, 0.0 ], [ -64.5688, -32.2343, 0.0 ], [ -64.5701, -32.2343, 0.0 ], [ -64.5711, -32.2343, 0.0 ], [ -64.5721, -32.2344, 0.0 ], [ -64.5728, -32.2344, 0.0 ], [ -64.5737, -32.2345, 0.0 ], [ -64.5736, -32.2359, 0.0 ], [ -64.5735, -32.2373, 0.0 ], [ -64.5734, -32.239, 0.0 ], [ -64.5733, -32.2397, 0.0 ], [ -64.5734, -32.2404, 0.0 ], [ -64.5732, -32.2411, 0.0 ], [ -64.5732, -32.242, 0.0 ], [ -64.5734, -32.2428, 0.0 ], [ -64.5734, -32.2438, 0.0 ], [ -64.5742, -32.2464, 0.0 ], [ -64.5746, -32.247, 0.0 ], [ -64.5749, -32.2476, 0.0 ], [ -64.5754, -32.2483, 0.0 ], [ -64.5762, -32.2488, 0.0 ], [ -64.5771, -32.25, 0.0 ], [ -64.577, -32.2514, 0.0 ], [ -64.5772, -32.2521, 0.0 ], [ -64.5808, -32.2527, 0.0 ], [ -64.5824, -32.2528, 0.0 ], [ -64.5833, -32.2534, 0.0 ], [ -64.5828, -32.2547, 0.0 ], [ -64.5859, -32.2563, 0.0 ], [ -64.586, -32.2588, 0.0 ], [ -64.5872, -32.2614, 0.0 ], [ -64.5873, -32.2624, 0.0 ], [ -64.5873, -32.2635, 0.0 ], [ -64.5875, -32.2645, 0.0 ], [ -64.5884, -32.2653, 0.0 ], [ -64.5879, -32.2664, 0.0 ], [ -64.5865, -32.2678, 0.0 ], [ -64.5841, -32.2688, 0.0 ], [ -64.5825, -32.2696, 0.0 ], [ -64.5805, -32.2698, 0.0 ], [ -64.5791, -32.2703, 0.0 ], [ -64.5763, -32.2704, 0.0 ], [ -64.5722, -32.2698, 0.0 ], [ -64.5703, -32.2698, 0.0 ], [ -64.5696, -32.2713, 0.0 ], [ -64.5584, -32.2675, 0.0 ], [ -64.5573, -32.2668, 0.0 ], [ -64.5555, -32.2658, 0.0 ], [ -64.5494, -32.2617, 0.0 ], [ -64.5443, -32.2607, 0.0 ], [ -64.5411, -32.2619, 0.0 ], [ -64.5365, -32.2623, 0.0 ], [ -64.5349, -32.2639, 0.0 ], [ -64.535, -32.2682, 0.0 ], [ -64.5318, -32.2716, 0.0 ], [ -64.5294, -32.272, 0.0 ], [ -64.5283, -32.2735, 0.0 ], [ -64.5235, -32.271, 0.0 ], [ -64.5221, -32.2704, 0.0 ], [ -64.5148, -32.2704, 0.0 ], [ -64.5099, -32.2715, 0.0 ], [ -64.5042, -32.272, 0.0 ], [ -64.5052, -32.2574, 0.0 ], [ -64.5023, -32.252, 0.0 ], [ -64.4997, -32.2469, 0.0 ], [ -64.4987, -32.245, 0.0 ], [ -64.4978, -32.2432, 0.0 ], [ -64.497, -32.2417, 0.0 ] ] ] ] } },
{ "type": "Feature", "properties": { "circuito": "0015A", "codprov": "04", "coddepto": "002" }, "geometry": { "type": "MultiPolygon", "coordinates": [ [ [ [ -64.5658, -32.2337, 0.0 ], [ -64.56, -32.2322, 0.0 ], [ -64.5446, -32.2309, 0.0 ], [ -64.5267, -32.2167, 0.0 ], [ -64.5087, -32.216, 0.0 ], [ -64.4978, -32.214, 0.0 ], [ -64.4889, -32.2121, 0.0 ], [ -64.4931, -32.1963, 0.0 ], [ -64.4978, -32.1881, 0.0 ], [ -64.5012, -32.1834, 0.0 ], [ -64.504, -32.1798, 0.0 ], [ -64.5058, -32.1743, 0.0 ], [ -64.5074, -32.1715, 0.0 ], [ -64.5098, -32.1716, 0.0 ], [ -64.512, -32.172, 0.0 ], [ -64.516, -32.1655, 0.0 ], [ -64.5509, -32.1652, 0.0 ], [ -64.5628, -32.1711, 0.0 ], [ -64.5687, -32.1737, 0.0 ], [ -64.5729, -32.1737, 0.0 ], [ -64.5738, -32.1762, 0.0 ], [ -64.578, -32.1762, 0.0 ], [ -64.5758, -32.185, 0.0 ], [ -64.5786, -32.1951, 0.0 ], [ -64.5848, -32.2036, 0.0 ], [ -64.5893, -32.2041, 0.0 ], [ -64.5876, -32.2061, 0.0 ], [ -64.5868, -32.2095, 0.0 ], [ -64.5845, -32.2129, 0.0 ], [ -64.5823, -32.2157, 0.0 ], [ -64.5794, -32.2171, 0.0 ], [ -64.5795, -32.2194, 0.0 ], [ -64.579, -32.221, 0.0 ], [ -64.577, -32.2227, 0.0 ], [ -64.5758, -32.2245, 0.0 ], [ -64.5736, -32.2273, 0.0 ], [ -64.5737, -32.2345, 0.0 ], [ -64.5721, -32.2344, 0.0 ], [ -64.5695, -32.2343, 0.0 ], [ -64.5666, -32.2343, 0.0 ], [ -64.5658, -32.2337, 0.0 ] ] ] ] } },
{ "type": "Feature", "properties": { "circuito": "0024A", "codprov": "04", "coddepto": "002" }, "geometry": { "type": "MultiPolygon", "coordinates": [ [ [ [ -64.4241, -32.1743923, 0.0 ], [ -64.423, -32.1749, 0.0 ], [ -64.4229, -32.1761, 0.0 ], [ -64.4218, -32.1761, 0.0 ], [ -64.4203, -32.1763, 0.0 ], [ -64.4203, -32.1757, 0.0 ], [ -64.4191, -32.1746, 0.0 ], [ -64.4181, -32.1737, 0.0 ], [ -64.4181, -32.1717, 0.0 ], [ -64.419, -32.1679, 0.0 ], [ -64.4192, -32.1659, 0.0 ], [ -64.4236, -32.1619, 0.0 ], [ -64.4256, -32.1611, 0.0 ], [ -64.4283, -32.1612, 0.0 ], [ -64.4296, -32.1619, 0.0 ], [ -64.4295, -32.1624, 0.0 ], [ -64.4295, -32.1635, 0.0 ], [ -64.4307, -32.1634, 0.0 ], [ -64.4317, -32.1627, 0.0 ], [ -64.4322, -32.1629, 0.0 ], [ -64.4347, -32.1631, 0.0 ], [ -64.4359, -32.1639, 0.0 ], [ -64.4381, -32.1632, 0.0 ], [ -64.4433, -32.1635, 0.0 ], [ -64.446, -32.1643, 0.0 ], [ -64.4495, -32.1668, 0.0 ], [ -64.461, -32.1667, 0.0 ], [ -64.4639, -32.1678, 0.0 ], [ -64.4677, -32.1688, 0.0 ], [ -64.4716, -32.1692, 0.0 ], [ -64.4772, -32.1688, 0.0 ], [ -64.4779, -32.1679, 0.0 ], [ -64.4779, -32.1667, 0.0 ], [ -64.4796, -32.1665, 0.0 ], [ -64.4864, -32.1627, 0.0 ], [ -64.4913, -32.1557, 0.0 ], [ -64.4911, -32.1538, 0.0 ], [ -64.4945, -32.1538, 0.0 ], [ -64.4993, -32.1552, 0.0 ], [ -64.5045, -32.1572, 0.0 ], [ -64.5037, -32.1653, 0.0 ], [ -64.5032, -32.1708, 0.0 ], [ -64.5031, -32.1714, 0.0 ], [ -64.5049, -32.1714, 0.0 ], [ -64.506, -32.1715, 0.0 ], [ -64.507, -32.1715, 0.0 ], [ -64.5075, -32.1715, 0.0 ], [ -64.5059, -32.1741, 0.0 ], [ -64.5048, -32.1772, 0.0 ], [ -64.504, -32.1798, 0.0 ], [ -64.5018, -32.1825, 0.0 ], [ -64.4999, -32.1851, 0.0 ], [ -64.4987, -32.1852, 0.0 ], [ -64.4957, -32.1852, 0.0 ], [ -64.4919, -32.1851, 0.0 ], [ -64.4857, -32.1858, 0.0 ], [ -64.474, -32.1951, 0.0 ], [ -64.465, -32.1984, 0.0 ], [ -64.4557, -32.1956, 0.0 ], [ -64.4427, -32.1879, 0.0 ], [ -64.4408, -32.1863, 0.0 ], [ -64.4394, -32.1869, 0.0 ], [ -64.4376, -32.1869, 0.0 ], [ -64.4359, -32.1877, 0.0 ], [ -64.435, -32.189, 0.0 ], [ -64.4335, -32.1885, 0.0 ], [ -64.4321, -32.1876, 0.0 ], [ -64.4316, -32.1872, 0.0 ], [ -64.4306, -32.187, 0.0 ], [ -64.4301, -32.1869, 0.0 ], [ -64.4289, -32.1866, 0.0 ], [ -64.428, -32.1864, 0.0 ], [ -64.4275, -32.1861, 0.0 ], [ -64.4269, -32.1858, 0.0 ], [ -64.4259, -32.1854, 0.0 ], [ -64.4256, -32.1851, 0.0 ], [ -64.4255, -32.1848, 0.0 ], [ -64.4253, -32.1845, 0.0 ], [ -64.4242, -32.1837, 0.0 ], [ -64.4238, -32.1832, 0.0 ], [ -64.423, -32.1825, 0.0 ], [ -64.4227, -32.1821, 0.0 ], [ -64.4224, -32.1815, 0.0 ], [ -64.4222, -32.1812, 0.0 ], [ -64.4219, -32.1808, 0.0 ], [ -64.4226, -32.1778, 0.0 ], [ -64.4228, -32.1765, 0.0 ], [ -64.4234, -32.1754, 0.0 ], [ -64.4239, -32.1745, 0.0 ], [ -64.4241, -32.1743923, 0.0 ] ], [ [ -64.4252, -32.1738, 0.0 ], [ -64.4243, -32.1743, 0.0 ], [ -64.4241, -32.1743923, 0.0 ], [ -64.4252, -32.1738, 0.0 ] ], [ [ -64.4241, -32.1724, 0.0 ], [ -64.4228, -32.1717, 0.0 ], [ -64.4227, -32.1706, 0.0 ], [ -64.4236, -32.1701, 0.0 ], [ -64.4246, -32.1701, 0.0 ], [ -64.4256, -32.1705, 0.0 ], [ -64.4262, -32.1709, 0.0 ], [ -64.426, -32.171, 0.0 ], [ -64.4258, -32.1714, 0.0 ], [ -64.4251, -32.1726, 0.0 ], [ -64.4255, -32.1728, 0.0 ], [ -64.4241, -32.1724, 0.0 ] ] ] ] } },
{ "type": "Feature", "properties": { "circuito": "00024", "codprov": "04", "coddepto": "002" }, "geometry": { "type": "MultiPolygon", "coordinates": [ [ [ [ -64.4408, -32.1863, 0.0 ], [ -64.4411, -32.1869, 0.0 ], [ -64.4557, -32.1956, 0.0 ], [ -64.465, -32.1984, 0.0 ], [ -64.4744, -32.195, 0.0 ], [ -64.4785, -32.1909, 0.0 ], [ -64.4857, -32.1858, 0.0 ], [ -64.4915, -32.1851, 0.0 ], [ -64.4926, -32.1851, 0.0 ], [ -64.4942, -32.1851, 0.0 ], [ -64.4957, -32.1852, 0.0 ], [ -64.4967, -32.1852, 0.0 ], [ -64.4976, -32.1852, 0.0 ], [ -64.4992, -32.1851, 0.0 ], [ -64.4999, -32.1852, 0.0 ], [ -64.4978, -32.1881, 0.0 ], [ -64.4965, -32.1903, 0.0 ], [ -64.4953, -32.1924, 0.0 ], [ -64.4934, -32.1959, 0.0 ], [ -64.4919, -32.2008, 0.0 ], [ -64.4908, -32.2049, 0.0 ], [ -64.4894, -32.2092, 0.0 ], [ -64.4884, -32.2148, 0.0 ], [ -64.4873, -32.2205, 0.0 ], [ -64.4853, -32.2266, 0.0 ], [ -64.4815, -32.2266, 0.0 ], [ -64.4776, -32.2268, 0.0 ], [ -64.475, -32.2266, 0.0 ], [ -64.4707, -32.2266, 0.0 ], [ -64.4675, -32.2264, 0.0 ], [ -64.4625, -32.2266, 0.0 ], [ -64.4572, -32.2266, 0.0 ], [ -64.4537, -32.2266, 0.0 ], [ -64.4499, -32.2266, 0.0 ], [ -64.444, -32.2265, 0.0 ], [ -64.4426, -32.2266, 0.0 ], [ -64.4418, -32.2176, 0.0 ], [ -64.4402, -32.2154, 0.0 ], [ -64.4404, -32.2136, 0.0 ], [ -64.4406, -32.2115, 0.0 ], [ -64.4406, -32.21, 0.0 ], [ -64.4405, -32.2086, 0.0 ], [ -64.4404, -32.2069, 0.0 ], [ -64.4403, -32.2059, 0.0 ], [ -64.4403, -32.2048, 0.0 ], [ -64.4401, -32.2038, 0.0 ], [ -64.4403, -32.2033, 0.0 ], [ -64.4402, -32.2028, 0.0 ], [ -64.4403, -32.2022, 0.0 ], [ -64.4402, -32.201, 0.0 ], [ -64.4403, -32.2002, 0.0 ], [ -64.4403, -32.1996, 0.0 ], [ -64.44, -32.199, 0.0 ], [ -64.44, -32.1985, 0.0 ], [ -64.44, -32.1976, 0.0 ], [ -64.4368, -32.1956, 0.0 ], [ -64.4324, -32.193, 0.0 ], [ -64.4299, -32.1908, 0.0 ], [ -64.4266, -32.189, 0.0 ], [ -64.4245, -32.1875, 0.0 ], [ -64.4241, -32.1866, 0.0 ], [ -64.4247, -32.1859, 0.0 ], [ -64.4253, -32.1845, 0.0 ], [ -64.4255, -32.1848, 0.0 ], [ -64.4259, -32.1854, 0.0 ], [ -64.4269, -32.1858, 0.0 ], [ -64.428, -32.1864, 0.0 ], [ -64.4299, -32.1868, 0.0 ], [ -64.4316, -32.1872, 0.0 ], [ -64.4321, -32.1876, 0.0 ], [ -64.4335, -32.1885, 0.0 ], [ -64.435, -32.189, 0.0 ], [ -64.4359, -32.1877, 0.0 ], [ -64.4373, -32.1869, 0.0 ], [ -64.4394, -32.1869, 0.0 ], [ -64.4408, -32.1863, 0.0 ] ] ] ] } },
{ "type": "Feature", "properties": { "circuito": "00017", "codprov": "04", "coddepto": "002" }, "geometry": { "type": "MultiPolygon", "coordinates": [ [ [ [ -64.4263, -32.1888, 0.0 ], [ -64.4302, -32.1911, 0.0 ], [ -64.4324, -32.193, 0.0 ], [ -64.4351, -32.1946, 0.0 ], [ -64.438, -32.1963, 0.0 ], [ -64.44, -32.1976, 0.0 ], [ -64.4403, -32.2053, 0.0 ], [ -64.4406, -32.2119, 0.0 ], [ -64.4402, -32.2154, 0.0 ], [ -64.4418, -32.2176, 0.0 ], [ -64.4426, -32.2266, 0.0 ], [ -64.4347, -32.2325, 0.0 ], [ -64.4336, -32.2475, 0.0 ], [ -64.4383, -32.2589, 0.0 ], [ -64.4399, -32.2682, 0.0 ], [ -64.4373, -32.2769, 0.0 ], [ -64.4254, -32.2827, 0.0 ], [ -64.4126, -32.2965, 0.0 ], [ -64.4114, -32.3107, 0.0 ], [ -64.4035, -32.3186, 0.0 ], [ -64.3936, -32.3198, 0.0 ], [ -64.3875, -32.343, 0.0 ], [ -64.3869, -32.3521, 0.0 ], [ -64.3905, -32.3566, 0.0 ], [ -64.3942, -32.3618, 0.0 ], [ -64.4019, -32.3712, 0.0 ], [ -64.409, -32.3796, 0.0 ], [ -64.4129, -32.385, 0.0 ], [ -64.4144, -32.388, 0.0 ], [ -64.4223, -32.3974, 0.0 ], [ -64.4232, -32.4034, 0.0 ], [ -64.425, -32.4053, 0.0 ], [ -64.3782, -32.4161, 0.0 ], [ -64.3259, -32.4279, 0.0 ], [ -64.3196, -32.4101, 0.0 ], [ -64.3117, -32.3877, 0.0 ], [ -64.2568, -32.3996, 0.0 ], [ -64.2596, -32.3765, 0.0 ], [ -64.2602, -32.3489, 0.0 ], [ -64.2638, -32.3441, 0.0 ], [ -64.2927, -32.3395, 0.0 ], [ -64.296, -32.3237, 0.0 ], [ -64.2966, -32.2624, 0.0 ], [ -64.2945, -32.2086, 0.0 ], [ -64.2987, -32.2062, 0.0 ], [ -64.2993, -32.2011, 0.0 ], [ -64.3054, -32.1989, 0.0 ], [ -64.3108, -32.2005, 0.0 ], [ -64.3185, -32.2079, 0.0 ], [ -64.3391, -32.2106, 0.0 ], [ -64.3484, -32.202, 0.0 ], [ -64.3559, -32.1833, 0.0 ], [ -64.3623, -32.1719, 0.0 ], [ -64.3676, -32.171, 0.0 ], [ -64.3688, -32.173, 0.0 ], [ -64.3841, -32.1753, 0.0 ], [ -64.387, -32.1754, 0.0 ], [ -64.3966, -32.1732, 0.0 ], [ -64.4076, -32.1745, 0.0 ], [ -64.4104, -32.1743, 0.0 ], [ -64.413, -32.1745, 0.0 ], [ -64.4207, -32.1794, 0.0 ], [ -64.423, -32.1825, 0.0 ], [ -64.4242, -32.1837, 0.0 ], [ -64.4253, -32.1845, 0.0 ], [ -64.4242, -32.1865, 0.0 ], [ -64.4245, -32.1875, 0.0 ], [ -64.4263, -32.1888, 0.0 ] ] ] ] } },
{ "type": "Feature", "properties": { "circuito": "00023", "codprov": "04", "coddepto": "002" }, "geometry": { "type": "MultiPolygon", "coordinates": [ [ [ [ -64.9371, -32.2322, 0.0 ], [ -64.9175, -32.2342, 0.0 ], [ -64.8962, -32.2329, 0.0 ], [ -64.8925, -32.2311, 0.0 ], [ -64.8808, -32.2313, 0.0 ], [ -64.8749, -32.2285, 0.0 ], [ -64.8641, -32.2288, 0.0 ], [ -64.8589, -32.2344, 0.0 ], [ -64.8524, -32.2386, 0.0 ], [ -64.8474, -32.2394, 0.0 ], [ -64.8368, -32.2381, 0.0 ], [ -64.8319, -32.2362, 0.0 ], [ -64.8287, -32.2327, 0.0 ], [ -64.8236, -32.232, 0.0 ], [ -64.8157, -32.237, 0.0 ], [ -64.8117, -32.2406, 0.0 ], [ -64.8003, -32.2444, 0.0 ], [ -64.7859, -32.2437, 0.0 ], [ -64.7815, -32.2476, 0.0 ], [ -64.7716, -32.2536, 0.0 ], [ -64.7558, -32.2545, 0.0 ], [ -64.7517, -32.2476, 0.0 ], [ -64.7524, -32.2385, 0.0 ], [ -64.7531, -32.2366, 0.0 ], [ -64.7481, -32.2331, 0.0 ], [ -64.7302, -32.2327, 0.0 ], [ -64.7101, -32.2322, 0.0 ], [ -64.7015, -32.243, 0.0 ], [ -64.6989, -32.2463, 0.0 ], [ -64.697, -32.2472, 0.0 ], [ -64.6935, -32.2489, 0.0 ], [ -64.6907, -32.2503, 0.0 ], [ -64.6888, -32.2512, 0.0 ], [ -64.6878, -32.2516, 0.0 ], [ -64.686, -32.2526, 0.0 ], [ -64.6861, -32.2525, 0.0 ], [ -64.6834, -32.254, 0.0 ], [ -64.6821, -32.2547, 0.0 ], [ -64.6803, -32.2559, 0.0 ], [ -64.6782, -32.2543, 0.0 ], [ -64.6767, -32.2523, 0.0 ], [ -64.6754, -32.2494, 0.0 ], [ -64.6733, -32.2458, 0.0 ], [ -64.67, -32.2406, 0.0 ], [ -64.6676, -32.2378, 0.0 ], [ -64.6645, -32.2336, 0.0 ], [ -64.6601, -32.2305, 0.0 ], [ -64.6586, -32.2279, 0.0 ], [ -64.6583, -32.2259, 0.0 ], [ -64.6591, -32.2235, 0.0 ], [ -64.6604, -32.2209, 0.0 ], [ -64.6614, -32.2194, 0.0 ], [ -64.6614, -32.2165, 0.0 ], [ -64.663, -32.2139, 0.0 ], [ -64.6663, -32.2116, 0.0 ], [ -64.6707, -32.208, 0.0 ], [ -64.6753, -32.2065, 0.0 ], [ -64.6772, -32.2033, 0.0 ], [ -64.6799, -32.1994, 0.0 ], [ -64.6812, -32.1951, 0.0 ], [ -64.6736, -32.186, 0.0 ], [ -64.6736, -32.1759, 0.0 ], [ -64.6675, -32.1752, 0.0 ], [ -64.6625, -32.1746, 0.0 ], [ -64.6543, -32.1743, 0.0 ], [ -64.6515, -32.1762, 0.0 ], [ -64.6496, -32.1677, 0.0 ], [ -64.6467, -32.1677, 0.0 ], [ -64.642, -32.155, 0.0 ], [ -64.6401, -32.1455, 0.0 ], [ -64.6382, -32.1367, 0.0 ], [ -64.6351, -32.1296, 0.0 ], [ -64.6292, -32.1169, 0.0 ], [ -64.6188, -32.1227, 0.0 ], [ -64.6096, -32.1259, 0.0 ], [ -64.6061, -32.1284, 0.0 ], [ -64.5973, -32.1306, 0.0 ], [ -64.5921, -32.1334, 0.0 ], [ -64.5873, -32.1341, 0.0 ], [ -64.5774, -32.1365, 0.0 ], [ -64.5732, -32.1391, 0.0 ], [ -64.551, -32.1462, 0.0 ], [ -64.5508, -32.1125, 0.0 ], [ -64.5325, -32.1126, 0.0 ], [ -64.5311, -32.1012, 0.0 ], [ -64.5381, -32.0944, 0.0 ], [ -64.5447, -32.0713, 0.0 ], [ -64.5461, -32.0682, 0.0 ], [ -64.5474, -32.0653, 0.0 ], [ -64.5501, -32.0651, 0.0 ], [ -64.5527, -32.06, 0.0 ], [ -64.5662, -32.0605, 0.0 ], [ -64.5838, -32.0603, 0.0 ], [ -64.595, -32.0523, 0.0 ], [ -64.605, -32.0462, 0.0 ], [ -64.6116, -32.0456, 0.0 ], [ -64.6493, -32.0456, 0.0 ], [ -64.6627, -32.048, 0.0 ], [ -64.684, -32.0403, 0.0 ], [ -64.7455, -32.0409, 0.0 ], [ -64.7702, -32.0573, 0.0 ], [ -64.7837, -32.0609, 0.0 ], [ -64.8154, -32.062, 0.0 ], [ -64.8236, -32.0679, 0.0 ], [ -64.8371, -32.0673, 0.0 ], [ -64.8577, -32.0667, 0.0 ], [ -64.87, -32.0638, 0.0 ], [ -64.8947, -32.0609, 0.0 ], [ -64.9241, -32.0597, 0.0 ], [ -64.9282, -32.0708, 0.0 ], [ -64.9264, -32.1049, 0.0 ], [ -64.9358, -32.1202, 0.0 ], [ -64.9329, -32.1578, 0.0 ], [ -64.9393, -32.1807, 0.0 ], [ -64.9364, -32.2018, 0.0 ], [ -64.9405, -32.2212, 0.0 ], [ -64.9371, -32.2322, 0.0 ] ] ] ] } },
{ "type": "Feature", "properties": { "circuito": "0026A", "codprov": "04", "coddepto": "002" }, "geometry": { "type": "MultiPolygon", "coordinates": [ [ [ [ -64.2588, -32.1512, 0.0 ], [ -64.259, -32.1513, 0.0 ], [ -64.2753, -32.1504, 0.0 ], [ -64.3704, -32.1456, 0.0 ], [ -64.3701, -32.1467, 0.0 ], [ -64.369, -32.1492, 0.0 ], [ -64.3715, -32.1523, 0.0 ], [ -64.374, -32.1554, 0.0 ], [ -64.3752, -32.1563, 0.0 ], [ -64.3759, -32.1581, 0.0 ], [ -64.3765, -32.1597, 0.0 ], [ -64.3769, -32.1614, 0.0 ], [ -64.3796, -32.1616, 0.0 ], [ -64.3806, -32.1622, 0.0 ], [ -64.3831, -32.1623, 0.0 ], [ -64.3849, -32.162, 0.0 ], [ -64.3858, -32.163, 0.0 ], [ -64.3857, -32.1645, 0.0 ], [ -64.3851, -32.1659, 0.0 ], [ -64.3849, -32.1679, 0.0 ], [ -64.3844, -32.1696, 0.0 ], [ -64.3823, -32.1716, 0.0 ], [ -64.3821, -32.1736, 0.0 ], [ -64.3823, -32.1743, 0.0 ], [ -64.3688, -32.173, 0.0 ], [ -64.3676, -32.171, 0.0 ], [ -64.3623, -32.1719, 0.0 ], [ -64.3559, -32.1833, 0.0 ], [ -64.3549, -32.1857, 0.0 ], [ -64.3484, -32.202, 0.0 ], [ -64.3391, -32.2106, 0.0 ], [ -64.3185, -32.2079, 0.0 ], [ -64.3108, -32.2005, 0.0 ], [ -64.3054, -32.1989, 0.0 ], [ -64.2993, -32.2011, 0.0 ], [ -64.2987, -32.2062, 0.0 ], [ -64.2945, -32.2086, 0.0 ], [ -64.2938, -32.1899, 0.0 ], [ -64.2896, -32.1839, 0.0 ], [ -64.2479, -32.1686, 0.0 ], [ -64.2601, -32.1585, 0.0 ], [ -64.2588, -32.1512, 0.0 ] ] ] ] } },
{ "type": "Feature", "properties": { "circuito": "00326", "codprov": "04", "coddepto": "021" }, "geometry": { "type": "MultiPolygon", "coordinates": [ [ [ [ -64.4005, -31.4577, 0.0 ], [ -64.3648, -31.4949, 0.0 ], [ -64.3184236, -31.4961487, 0.0 ], [ -64.3177, -31.4543, 0.0 ], [ -64.3468767, -31.4555795, 0.0 ], [ -64.3510514, -31.4572993, 0.0 ], [ -64.357925, -31.4523745, 0.0 ], [ -64.3587473, -31.4524285, 0.0 ], [ -64.4005, -31.4577, 0.0 ] ] ] ] } },
{ "type": "Feature", "properties": { "circuito": "00018", "codprov": "04", "coddepto": "002" }, "geometry": { "type": "MultiPolygon", "coordinates": [ [ [ [ -64.4929, -32.2338, 0.0 ], [ -64.5052, -32.2574, 0.0 ], [ -64.5042, -32.272, 0.0 ], [ -64.5221, -32.2704, 0.0 ], [ -64.5283, -32.2735, 0.0 ], [ -64.5318, -32.2716, 0.0 ], [ -64.5355, -32.2687, 0.0 ], [ -64.5349, -32.2643, 0.0 ], [ -64.5365, -32.2623, 0.0 ], [ -64.5417, -32.2623, 0.0 ], [ -64.5443, -32.2607, 0.0 ], [ -64.5499, -32.2621, 0.0 ], [ -64.5555, -32.2658, 0.0 ], [ -64.5588, -32.2677, 0.0 ], [ -64.5696, -32.2713, 0.0 ], [ -64.5703, -32.2698, 0.0 ], [ -64.5722, -32.2698, 0.0 ], [ -64.5763, -32.2704, 0.0 ], [ -64.5796, -32.271, 0.0 ], [ -64.5805, -32.2698, 0.0 ], [ -64.5847, -32.2686, 0.0 ], [ -64.5858, -32.2681, 0.0 ], [ -64.5879, -32.2664, 0.0 ], [ -64.5921, -32.265, 0.0 ], [ -64.5929, -32.2632, 0.0 ], [ -64.5938, -32.2637, 0.0 ], [ -64.5954, -32.2637, 0.0 ], [ -64.5966, -32.2646, 0.0 ], [ -64.5999, -32.2664, 0.0 ], [ -64.6019, -32.2665, 0.0 ], [ -64.6019, -32.2707, 0.0 ], [ -64.6037, -32.2728, 0.0 ], [ -64.6064, -32.2754, 0.0 ], [ -64.6082, -32.2753, 0.0 ], [ -64.6104, -32.276, 0.0 ], [ -64.6106, -32.2774, 0.0 ], [ -64.6085, -32.2803, 0.0 ], [ -64.6097, -32.2826, 0.0 ], [ -64.6107, -32.282, 0.0 ], [ -64.6112, -32.2838, 0.0 ], [ -64.6107, -32.286, 0.0 ], [ -64.6112, -32.2896, 0.0 ], [ -64.618, -32.2928, 0.0 ], [ -64.6196, -32.2958, 0.0 ], [ -64.6237, -32.2976, 0.0 ], [ -64.626, -32.3009, 0.0 ], [ -64.6284, -32.3006, 0.0 ], [ -64.629, -32.3024, 0.0 ], [ -64.6321, -32.3016, 0.0 ], [ -64.633, -32.3027, 0.0 ], [ -64.6323, -32.3043, 0.0 ], [ -64.6332, -32.3065, 0.0 ], [ -64.6359, -32.3071, 0.0 ], [ -64.6378, -32.3059, 0.0 ], [ -64.6418, -32.3065, 0.0 ], [ -64.6418, -32.3085, 0.0 ], [ -64.6446, -32.3096, 0.0 ], [ -64.647, -32.3096, 0.0 ], [ -64.6485, -32.3101, 0.0 ], [ -64.6491, -32.3113, 0.0 ], [ -64.6547, -32.3111, 0.0 ], [ -64.6582, -32.3107, 0.0 ], [ -64.6604, -32.3113, 0.0 ], [ -64.6625, -32.3092, 0.0 ], [ -64.6646, -32.3086, 0.0 ], [ -64.6686, -32.3086, 0.0 ], [ -64.6713, -32.3096, 0.0 ], [ -64.672, -32.3108, 0.0 ], [ -64.6745, -32.311, 0.0 ], [ -64.6757, -32.3123, 0.0 ], [ -64.6779, -32.3125, 0.0 ], [ -64.679, -32.3138, 0.0 ], [ -64.6805, -32.3134, 0.0 ], [ -64.6805, -32.316, 0.0 ], [ -64.6833, -32.3169, 0.0 ], [ -64.6854, -32.3177, 0.0 ], [ -64.6864, -32.3187, 0.0 ], [ -64.6876, -32.3189, 0.0 ], [ -64.6879, -32.3202, 0.0 ], [ -64.689, -32.323, 0.0 ], [ -64.6907, -32.3234, 0.0 ], [ -64.6879, -32.3261, 0.0 ], [ -64.6867, -32.3264, 0.0 ], [ -64.6858, -32.3287, 0.0 ], [ -64.6839, -32.3327, 0.0 ], [ -64.6853, -32.3338, 0.0 ], [ -64.6842, -32.3369, 0.0 ], [ -64.6834, -32.3392, 0.0 ], [ -64.6835, -32.3411, 0.0 ], [ -64.6822, -32.3424, 0.0 ], [ -64.6838, -32.3445, 0.0 ], [ -64.686, -32.3465, 0.0 ], [ -64.6876, -32.3468, 0.0 ], [ -64.6879, -32.3486, 0.0 ], [ -64.6867, -32.3496, 0.0 ], [ -64.6854, -32.3533, 0.0 ], [ -64.682, -32.3562, 0.0 ], [ -64.6798, -32.3591, 0.0 ], [ -64.6757, -32.3619, 0.0 ], [ -64.6742, -32.3616, 0.0 ], [ -64.673, -32.3632, 0.0 ], [ -64.6738, -32.365, 0.0 ], [ -64.6715, -32.3681, 0.0 ], [ -64.6686, -32.3697, 0.0 ], [ -64.6668, -32.3709, 0.0 ], [ -64.6654, -32.373, 0.0 ], [ -64.6637, -32.373, 0.0 ], [ -64.6617, -32.3745, 0.0 ], [ -64.6588, -32.3727, 0.0 ], [ -64.657, -32.3734, 0.0 ], [ -64.6557, -32.3735, 0.0 ], [ -64.6534, -32.3723, 0.0 ], [ -64.6493, -32.3711, 0.0 ], [ -64.6493, -32.3696, 0.0 ], [ -64.6471, -32.3686, 0.0 ], [ -64.6467, -32.3678, 0.0 ], [ -64.6452, -32.3674, 0.0 ], [ -64.6448, -32.3684, 0.0 ], [ -64.6421, -32.3668, 0.0 ], [ -64.6402, -32.3674, 0.0 ], [ -64.6403, -32.3692, 0.0 ], [ -64.6395, -32.3699, 0.0 ], [ -64.6393, -32.3719, 0.0 ], [ -64.6372, -32.3733, 0.0 ], [ -64.6344, -32.3756, 0.0 ], [ -64.6327, -32.3775, 0.0 ], [ -64.6301, -32.3793, 0.0 ], [ -64.6288, -32.3804, 0.0 ], [ -64.623, -32.379, 0.0 ], [ -64.62, -32.3781, 0.0 ], [ -64.6175, -32.3791, 0.0 ], [ -64.6153, -32.3788, 0.0 ], [ -64.6122, -32.3794, 0.0 ], [ -64.6116, -32.3809, 0.0 ], [ -64.6111, -32.3825, 0.0 ], [ -64.6096, -32.3848, 0.0 ], [ -64.6095, -32.3875, 0.0 ], [ -64.6088, -32.3893, 0.0 ], [ -64.6076, -32.3917, 0.0 ], [ -64.6057, -32.3924, 0.0 ], [ -64.6056, -32.3936, 0.0 ], [ -64.6035, -32.3953, 0.0 ], [ -64.6019, -32.3972, 0.0 ], [ -64.5982, -32.3978, 0.0 ], [ -64.5954, -32.398, 0.0 ], [ -64.5933, -32.3968, 0.0 ], [ -64.5909, -32.3974, 0.0 ], [ -64.5834, -32.4005, 0.0 ], [ -64.5787, -32.4066, 0.0 ], [ -64.5768, -32.4087, 0.0 ], [ -64.5732, -32.4108, 0.0 ], [ -64.5685, -32.4129, 0.0 ], [ -64.5677, -32.4151, 0.0 ], [ -64.5623, -32.4159, 0.0 ], [ -64.5575, -32.4198, 0.0 ], [ -64.553, -32.4215, 0.0 ], [ -64.5537, -32.4216, 0.0 ], [ -64.5539, -32.4227, 0.0 ], [ -64.5515, -32.4253, 0.0 ], [ -64.55, -32.4269, 0.0 ], [ -64.5471, -32.43, 0.0 ], [ -64.5436, -32.4336, 0.0 ], [ -64.5362, -32.4355, 0.0 ], [ -64.4877, -32.4449, 0.0 ], [ -64.4367, -32.455, 0.0 ], [ -64.4352, -32.4426, 0.0 ], [ -64.4328, -32.4147, 0.0 ], [ -64.4276, -32.4046, 0.0 ], [ -64.425, -32.4053, 0.0 ], [ -64.4232, -32.4034, 0.0 ], [ -64.4223, -32.3974, 0.0 ], [ -64.3869, -32.3521, 0.0 ], [ -64.3875, -32.343, 0.0 ], [ -64.3936, -32.3198, 0.0 ], [ -64.4035, -32.3186, 0.0 ], [ -64.4114, -32.3107, 0.0 ], [ -64.4126, -32.2965, 0.0 ], [ -64.4254, -32.2827, 0.0 ], [ -64.4369, -32.2771, 0.0 ], [ -64.4399, -32.2682, 0.0 ], [ -64.4383, -32.2589, 0.0 ], [ -64.4336, -32.2475, 0.0 ], [ -64.4347, -32.2325, 0.0 ], [ -64.4426, -32.2266, 0.0 ], [ -64.4815, -32.2266, 0.0 ], [ -64.4846, -32.2323, 0.0 ], [ -64.4929, -32.2338, 0.0 ] ], [ [ -64.4369, -32.4423, 0.0 ], [ -64.4407, -32.439, 0.0 ], [ -64.4381, -32.4421, 0.0 ], [ -64.4352, -32.4426, 0.0 ], [ -64.4369, -32.4423, 0.0 ] ], [ [ -64.4826, -32.4245, 0.0 ], [ -64.4842, -32.4224, 0.0 ], [ -64.4873, -32.4145, 0.0 ], [ -64.4886, -32.4145, 0.0 ], [ -64.4913, -32.4139, 0.0 ], [ -64.4929, -32.4138, 0.0 ], [ -64.4958, -32.413, 0.0 ], [ -64.5007, -32.4104, 0.0 ], [ -64.5037, -32.4079, 0.0 ], [ -64.5057, -32.4071, 0.0 ], [ -64.5042, -32.4042, 0.0 ], [ -64.5082, -32.4038, 0.0 ], [ -64.5113, -32.4035, 0.0 ], [ -64.5119, -32.4006, 0.0 ], [ -64.5135, -32.3968, 0.0 ], [ -64.5171, -32.394, 0.0 ], [ -64.5186, -32.3937, 0.0 ], [ -64.5176, -32.3915, 0.0 ], [ -64.5191, -32.3896, 0.0 ], [ -64.5225, -32.3904, 0.0 ], [ -64.527, -32.3929, 0.0 ], [ -64.5305, -32.3949, 0.0 ], [ -64.5205, -32.4173, 0.0 ], [ -64.4813, -32.4248, 0.0 ], [ -64.4725, -32.4266, 0.0 ], [ -64.4461, -32.431, 0.0 ], [ -64.4703, -32.4269, 0.0 ], [ -64.4826, -32.4245, 0.0 ] ] ] ] } },
{ "type": "Feature", "properties": { "circuito": "00205", "codprov": "04", "coddepto": "014" }, "geometry": { "type": "MultiPolygon", "coordinates": [ [ [ [ -63.2988, -30.7998, 0.0 ], [ -63.3142, -30.8849, 0.0 ], [ -63.3251, -30.8921, 0.0 ], [ -63.3296, -30.9021, 0.0 ], [ -63.3314, -30.9139, 0.0 ], [ -63.3278, -30.9256, 0.0 ], [ -63.335, -30.9509, 0.0 ], [ -63.3355, -30.9623, 0.0 ], [ -63.3174, -30.965, 0.0 ], [ -63.3059, -30.9703, 0.0 ], [ -63.3011, -30.9602, 0.0 ], [ -63.2889, -30.9625, 0.0 ], [ -63.2803, -30.9729, 0.0 ], [ -63.1826, -30.9428, 0.0 ], [ -63.1889, -30.9304, 0.0 ], [ -63.1912, -30.9218, 0.0 ], [ -63.2032532, -30.918187, 0.0 ], [ -63.2138, -30.9163, 0.0 ], [ -63.1957, -30.8494, 0.0 ], [ -63.1889, -30.8354, 0.0 ], [ -63.1935, -30.834, 0.0 ], [ -63.1873, -30.8146, 0.0 ], [ -63.2988, -30.7998, 0.0 ] ] ] ] } },
{ "type": "Feature", "properties": { "circuito": "00223", "codprov": "04", "coddepto": "015" }, "geometry": { "type": "MultiPolygon", "coordinates": [ [ [ [ -63.7101, -29.8224, 0.0 ], [ -63.5963, -29.8498, 0.0 ], [ -63.5877, -29.8053, 0.0 ], [ -63.5802, -29.7881, 0.0 ], [ -63.5742, -29.7791, 0.0 ], [ -63.5727, -29.7485, 0.0 ], [ -63.5742, -29.7246, 0.0 ], [ -63.5876, -29.7239, 0.0 ], [ -63.6018, -29.7246, 0.0 ], [ -63.619, -29.722, 0.0 ], [ -63.6265, -29.7179, 0.0 ], [ -63.6430499, -29.7208365, 0.0 ], [ -63.672, -29.7283, 0.0 ], [ -63.6735, -29.7537, 0.0 ], [ -63.6802, -29.7709, 0.0 ], [ -63.6802, -29.7814, 0.0 ], [ -63.6907, -29.7844, 0.0 ], [ -63.6966083, -29.7896876, 0.0 ], [ -63.7116, -29.7978, 0.0 ], [ -63.7101, -29.8224, 0.0 ] ] ] ] } },
{ "type": "Feature", "properties": { "circuito": "00188", "codprov": "04", "coddepto": "013" }, "geometry": { "type": "MultiPolygon", "coordinates": [ [ [ [ -64.4241, -33.1348, 0.0 ], [ -64.4239, -33.088, 0.0 ], [ -64.3606, -33.088, 0.0 ], [ -64.3557, -33.081, 0.0 ], [ -64.3581, -33.0759, 0.0 ], [ -64.3571, -33.0708, 0.0 ], [ -64.3679, -33.0615, 0.0 ], [ -64.4099, -33.0247, 0.0 ], [ -64.4286, -32.9873, 0.0 ], [ -64.4596, -32.971, 0.0 ], [ -64.4632373, -32.9653003, 0.0 ], [ -64.4758, -32.9596, 0.0 ], [ -64.4872, -32.949, 0.0 ], [ -64.488, -32.9393, 0.0 ], [ -64.5271, -32.9148, 0.0 ], [ -64.5507, -32.914, 0.0 ], [ -64.5526, -32.9697, 0.0 ], [ -64.5355, -32.9998, 0.0 ], [ -64.5392, -33.0096, 0.0 ], [ -64.5554, -33.0112, 0.0 ], [ -64.5583, -33.0184, 0.0 ], [ -64.5556, -33.0793, 0.0 ], [ -64.5361, -33.0931, 0.0 ], [ -64.4856, -33.1004, 0.0 ], [ -64.4487511, -33.111942, 0.0 ], [ -64.433395, -33.121928, 0.0 ], [ -64.4241, -33.1348, 0.0 ] ] ] ] } },
{ "type": "Feature", "properties": { "circuito": "0326B", "codprov": "04", "coddepto": "021" }, "geometry": { "type": "MultiPolygon", "coordinates": [ [ [ [ -64.3510514, -31.4572993, 0.0 ], [ -64.3468767, -31.4555795, 0.0 ], [ -64.3177, -31.4543, 0.0 ], [ -64.3175531, -31.3745482, 0.0 ], [ -64.3302, -31.3678, 0.0 ], [ -64.3726, -31.3687, 0.0 ], [ -64.3776, -31.366, 0.0 ], [ -64.3853, -31.3728, 0.0 ], [ -64.3897, -31.3734, 0.0 ], [ -64.3918, -31.3783, 0.0 ], [ -64.3974, -31.3845, 0.0 ], [ -64.3989, -31.3951, 0.0 ], [ -64.4005, -31.4105, 0.0 ], [ -64.3968, -31.4181, 0.0 ], [ -64.3984, -31.4239, 0.0 ], [ -64.3962, -31.4272, 0.0 ], [ -64.3962, -31.437, 0.0 ], [ -64.3985, -31.4417, 0.0 ], [ -64.4011, -31.443, 0.0 ], [ -64.4032, -31.4484, 0.0 ], [ -64.4011, -31.4533, 0.0 ], [ -64.4005, -31.4577, 0.0 ], [ -64.357925, -31.4523745, 0.0 ], [ -64.3510514, -31.4572993, 0.0 ] ] ] ] } },
{ "type": "Feature", "properties": { "circuito": "00150", "codprov": "04", "coddepto": "012" }, "geometry": { "type": "MultiPolygon", "coordinates": [ [ [ [ -64.6736, -31.1406, 0.0 ], [ -64.6763, -31.1486, 0.0 ], [ -64.6817103, -31.1616502, 0.0 ], [ -64.6920958, -31.1787617, 0.0 ], [ -64.7055, -31.1962, 0.0 ], [ -64.7186, -31.2311, 0.0 ], [ -64.6878, -31.2311, 0.0 ], [ -64.6867, -31.2349, 0.0 ], [ -64.6777, -31.2368, 0.0 ], [ -64.672, -31.2338, 0.0 ], [ -64.6666, -31.2347, 0.0 ], [ -64.662022, -31.2380472, 0.0 ], [ -64.6559, -31.2409, 0.0 ], [ -64.6469, -31.2431, 0.0 ], [ -64.6479236, -31.2390643, 0.0 ], [ -64.6389449, -31.235869, 0.0 ], [ -64.6203, -31.2374, 0.0 ], [ -64.603408, -31.247804, 0.0 ], [ -64.5851, -31.2573, 0.0 ], [ -64.5841208, -31.2598703, 0.0 ], [ -64.5187, -31.254, 0.0 ], [ -64.4824, -31.2563, 0.0 ], [ -64.4713, -31.2606, 0.0 ], [ -64.4697, -31.2591, 0.0 ], [ -64.466, -31.2593, 0.0 ], [ -64.4618, -31.258, 0.0 ], [ -64.4525, -31.2599, 0.0 ], [ -64.4337937, -31.2619071, 0.0 ], [ -64.4317, -31.2552, 0.0 ], [ -64.434, -31.2289, 0.0 ], [ -64.4356, -31.203, 0.0 ], [ -64.4325, -31.1774, 0.0 ], [ -64.467649, -31.176977, 0.0 ], [ -64.478441, -31.178062, 0.0 ], [ -64.481, -31.1819, 0.0 ], [ -64.5134, -31.1818, 0.0 ], [ -64.5179, -31.1764, 0.0 ], [ -64.5259, -31.1752, 0.0 ], [ -64.5301, -31.1777, 0.0 ], [ -64.548, -31.1757, 0.0 ], [ -64.5638, -31.1708, 0.0 ], [ -64.594, -31.1406, 0.0 ], [ -64.6736, -31.1406, 0.0 ] ] ] ] } },
{ "type": "Feature", "properties": { "circuito": "0156A", "codprov": "04", "coddepto": "012" }, "geometry": { "type": "MultiPolygon", "coordinates": [ [ [ [ -64.6335, -31.6671, 0.0 ], [ -64.5822, -31.6671, 0.0 ], [ -64.5679, -31.532, 0.0 ], [ -64.555, -31.4938, 0.0 ], [ -64.5478274, -31.4853658, 0.0 ], [ -64.541513, -31.485988, 0.0 ], [ -64.5451, -31.4793, 0.0 ], [ -64.5482, -31.4732, 0.0 ], [ -64.5561, -31.4697, 0.0 ], [ -64.561686, -31.472736, 0.0 ], [ -64.561342, -31.477425, 0.0 ], [ -64.5705, -31.4764, 0.0 ], [ -64.5721, -31.4752, 0.0 ], [ -64.5721, -31.4721, 0.0 ], [ -64.5864, -31.4671, 0.0 ], [ -64.5955, -31.4794, 0.0 ], [ -64.6013858, -31.4929777, 0.0 ], [ -64.6151, -31.4925, 0.0 ], [ -64.6252, -31.4884, 0.0 ], [ -64.6329715, -31.4837555, 0.0 ], [ -64.6329715, -31.5384896, 0.0 ], [ -64.6335, -31.6671, 0.0 ] ] ] ] } },
{ "type": "Feature", "properties": { "circuito": "00015", "codprov": "04", "coddepto": "002" }, "geometry": { "type": "MultiPolygon", "coordinates": [ [ [ [ -64.7419, -32.3203, 0.0 ], [ -64.7345, -32.3246, 0.0 ], [ -64.7329, -32.3232, 0.0 ], [ -64.7245, -32.3185, 0.0 ], [ -64.7020447, -32.3218596, 0.0 ], [ -64.6991264, -32.3210617, 0.0 ], [ -64.6941482, -32.3233102, 0.0 ], [ -64.689126, -32.322077, 0.0 ], [ -64.6876251, -32.317435, 0.0 ], [ -64.6706306, -32.3077873, 0.0 ], [ -64.6551811, -32.3099636, 0.0 ], [ -64.6434223, -32.3078598, 0.0 ], [ -64.6406757, -32.3052483, 0.0 ], [ -64.6348392, -32.3056835, 0.0 ], [ -64.632999, -32.301476, 0.0 ], [ -64.625862, -32.298617, 0.0 ], [ -64.618649, -32.292336, 0.0 ], [ -64.611991, -32.288566, 0.0 ], [ -64.6109783, -32.2815229, 0.0 ], [ -64.610961, -32.275604, 0.0 ], [ -64.607134, -32.275022, 0.0 ], [ -64.603092, -32.270909, 0.0 ], [ -64.602455, -32.266587, 0.0 ], [ -64.5929539, -32.2627268, 0.0 ], [ -64.5921, -32.265, 0.0 ], [ -64.5884, -32.2653, 0.0 ], [ -64.5875, -32.2645, 0.0 ], [ -64.5872, -32.2614, 0.0 ], [ -64.5859, -32.2563, 0.0 ], [ -64.5819675, -32.2519844, 0.0 ], [ -64.577, -32.2514, 0.0 ], [ -64.5769894, -32.2491535, 0.0 ], [ -64.574, -32.2456, 0.0 ], [ -64.5736, -32.2273, 0.0 ], [ -64.579, -32.221, 0.0 ], [ -64.5823, -32.2157, 0.0 ], [ -64.5870315, -32.2099464, 0.0 ], [ -64.5893, -32.2041, 0.0 ], [ -64.5853, -32.2029, 0.0 ], [ -64.5790493, -32.1957841, 0.0 ], [ -64.5758, -32.185, 0.0 ], [ -64.578, -32.1762, 0.0 ], [ -64.5743286, -32.1754447, 0.0 ], [ -64.5737278, -32.1723934, 0.0 ], [ -64.5514118, -32.1638201, 0.0 ], [ -64.551, -32.1462, 0.0 ], [ -64.5921, -32.1334, 0.0 ], [ -64.6292, -32.1169, 0.0 ], [ -64.6456539, -32.1681795, 0.0 ], [ -64.649048, -32.168702, 0.0 ], [ -64.6515, -32.1762, 0.0 ], [ -64.6543, -32.1743, 0.0 ], [ -64.674131, -32.175926, 0.0 ], [ -64.6736, -32.186, 0.0 ], [ -64.681323, -32.195883, 0.0 ], [ -64.6753, -32.2065, 0.0 ], [ -64.671, -32.2079, 0.0 ], [ -64.6626, -32.2146, 0.0 ], [ -64.6614, -32.2194, 0.0 ], [ -64.6583, -32.2257, 0.0 ], [ -64.660074, -32.232963, 0.0 ], [ -64.6648, -32.2341, 0.0 ], [ -64.678251, -32.254999, 0.0 ], [ -64.6803, -32.2559, 0.0 ], [ -64.6837, -32.2555, 0.0 ], [ -64.683, -32.2599, 0.0 ], [ -64.6871, -32.2616, 0.0 ], [ -64.6898, -32.2695, 0.0 ], [ -64.6967, -32.2715, 0.0 ], [ -64.694, -32.276, 0.0 ], [ -64.6990406, -32.2794185, 0.0 ], [ -64.7021305, -32.2791282, 0.0 ], [ -64.699, -32.2819, 0.0 ], [ -64.6988, -32.287, 0.0 ], [ -64.704, -32.2879, 0.0 ], [ -64.7067, -32.29, 0.0 ], [ -64.711, -32.289, 0.0 ], [ -64.7116, -32.2918, 0.0 ], [ -64.7179, -32.2994, 0.0 ], [ -64.7204, -32.305, 0.0 ], [ -64.7268, -32.3101, 0.0 ], [ -64.7239315, -32.3111968, 0.0 ], [ -64.7268, -32.3147, 0.0 ], [ -64.7356, -32.3144, 0.0 ], [ -64.7399, -32.3137, 0.0 ], [ -64.7404, -32.3168, 0.0 ], [ -64.7449, -32.3194, 0.0 ], [ -64.7419, -32.3203, 0.0 ] ] ] ] } },
{ "type": "Feature", "properties": { "circuito": "0011M", "codprov": "04", "coddepto": "001" }, "geometry": { "type": "MultiPolygon", "coordinates": [ [ [ [ -64.2871924, -31.3743455, 0.0 ], [ -64.2808828, -31.3785582, 0.0 ], [ -64.2626866, -31.3785582, 0.0 ], [ -64.2613134, -31.3730805, 0.0 ], [ -64.2607, -31.3728, 0.0 ], [ -64.2622, -31.3694, 0.0 ], [ -64.2628, -31.3655, 0.0 ], [ -64.2625, -31.3638, 0.0 ], [ -64.261414, -31.3620515, 0.0 ], [ -64.2601, -31.3614, 0.0 ], [ -64.2595, -31.3602, 0.0 ], [ -64.2598, -31.3587, 0.0 ], [ -64.262, -31.3578, 0.0 ], [ -64.269, -31.3594, 0.0 ], [ -64.279727, -31.3544495, 0.0 ], [ -64.2825283, -31.3550154, 0.0 ], [ -64.2852862, -31.3577638, 0.0 ], [ -64.2887222, -31.3602631, 0.0 ], [ -64.2881, -31.3627, 0.0 ], [ -64.2871924, -31.3743455, 0.0 ] ] ] ] } },
{ "type": "Feature", "properties": { "circuito": "0011L", "codprov": "04", "coddepto": "001" }, "geometry": { "type": "MultiPolygon", "coordinates": [ [ [ [ -64.3178593, -31.3783122, 0.0 ], [ -64.2871924, -31.3743455, 0.0 ], [ -64.2881, -31.3627, 0.0 ], [ -64.2908, -31.3535, 0.0 ], [ -64.2976295, -31.3531933, 0.0 ], [ -64.2995666, -31.3519336, 0.0 ], [ -64.2959733, -31.3460425, 0.0 ], [ -64.2984855, -31.3447422, 0.0 ], [ -64.301562, -31.3392673, 0.0 ], [ -64.3051103, -31.3391438, 0.0 ], [ -64.310035, -31.338107, 0.0 ], [ -64.310088, -31.349516, 0.0 ], [ -64.3184, -31.3506, 0.0 ], [ -64.3173, -31.3628, 0.0 ], [ -64.3178593, -31.3783122, 0.0 ] ] ] ] } },
{ "type": "Feature", "properties": { "circuito": "0010M", "codprov": "04", "coddepto": "001" }, "geometry": { "type": "MultiPolygon", "coordinates": [ [ [ [ -64.2292, -31.4813, 0.0 ], [ -64.2293587, -31.4905783, 0.0 ], [ -64.2285, -31.4982, 0.0 ], [ -64.2157133, -31.4911699, 0.0 ], [ -64.2158024, -31.482017, 0.0 ], [ -64.2246, -31.4822, 0.0 ], [ -64.2244333, -31.4810926, 0.0 ], [ -64.2251, -31.4811, 0.0 ], [ -64.2258, -31.4812, 0.0 ], [ -64.2292, -31.4813, 0.0 ] ] ] ] } },
{ "type": "Feature", "properties": { "circuito": "0004E", "codprov": "04", "coddepto": "001" }, "geometry": { "type": "MultiPolygon", "coordinates": [ [ [ [ -64.2046, -31.4864, 0.0 ], [ -64.2132, -31.4983, 0.0 ], [ -64.2131287, -31.5063757, 0.0 ], [ -64.199926, -31.5060025, 0.0 ], [ -64.1986811, -31.4977092, 0.0 ], [ -64.1909561, -31.4963703, 0.0 ], [ -64.1927586, -31.4921986, 0.0 ], [ -64.1970008, -31.4892701, 0.0 ], [ -64.2046, -31.4864, 0.0 ] ] ] ] } },
{ "type": "Feature", "properties": { "circuito": "0004F", "codprov": "04", "coddepto": "001" }, "geometry": { "type": "MultiPolygon", "coordinates": [ [ [ [ -64.1986811, -31.4977092, 0.0 ], [ -64.199926, -31.5060025, 0.0 ], [ -64.2131287, -31.5063757, 0.0 ], [ -64.213, -31.5254, 0.0 ], [ -64.1914127, -31.5248783, 0.0 ], [ -64.1909, -31.4966, 0.0 ], [ -64.1986811, -31.4977092, 0.0 ] ] ] ] } },
{ "type": "Feature", "properties": { "circuito": "0005I", "codprov": "04", "coddepto": "001" }, "geometry": { "type": "MultiPolygon", "coordinates": [ [ [ [ -64.1135829, -31.4510387, 0.0 ], [ -64.1129, -31.4512, 0.0 ], [ -64.1116, -31.451, 0.0 ], [ -64.0746, -31.451, 0.0 ], [ -64.0699412, -31.4509612, 0.0 ], [ -64.0694263, -31.4462383, 0.0 ], [ -64.0734, -31.4404, 0.0 ], [ -64.1038, -31.4408, 0.0 ], [ -64.1136, -31.441, 0.0 ], [ -64.1135829, -31.4510387, 0.0 ] ] ] ] } },
{ "type": "Feature", "properties": { "circuito": "0005H", "codprov": "04", "coddepto": "001" }, "geometry": { "type": "MultiPolygon", "coordinates": [ [ [ [ -64.1145384, -31.4347815, 0.0 ], [ -64.1123337, -31.4347858, 0.0 ], [ -64.0734, -31.4332, 0.0 ], [ -64.0734, -31.4269, 0.0 ], [ -64.1093, -31.4272, 0.0 ], [ -64.1111321, -31.4308311, 0.0 ], [ -64.1145384, -31.4347815, 0.0 ] ] ] ] } },
{ "type": "Feature", "properties": { "circuito": "0013O", "codprov": "04", "coddepto": "001" }, "geometry": { "type": "MultiPolygon", "coordinates": [ [ [ [ -64.1396061, -31.3523344, 0.0 ], [ -64.1391, -31.3626, 0.0 ], [ -64.1372052, -31.3626707, 0.0 ], [ -64.134759, -31.3631837, 0.0 ], [ -64.1332, -31.3639, 0.0 ], [ -64.1328, -31.3667, 0.0 ], [ -64.1183, -31.3664, 0.0 ], [ -64.1178, -31.3595, 0.0 ], [ -64.1237, -31.3459, 0.0 ], [ -64.1304535, -31.3508886, 0.0 ], [ -64.1330474, -31.3518216, 0.0 ], [ -64.1396061, -31.3523344, 0.0 ] ] ] ] } },
{ "type": "Feature", "properties": { "circuito": "00012", "codprov": "04", "coddepto": "001" }, "geometry": { "type": "MultiPolygon", "coordinates": [ [ [ [ -64.125, -31.4509, 0.0 ], [ -64.1164, -31.46, 0.0 ], [ -64.1078, -31.4598, 0.0 ], [ -64.107, -31.4606, 0.0 ], [ -64.1032376, -31.4603343, 0.0 ], [ -64.0957704, -31.458504, 0.0 ], [ -64.0849557, -31.4587968, 0.0 ], [ -64.0780892, -31.4587236, 0.0 ], [ -64.0694203, -31.4607736, 0.0 ], [ -64.0699412, -31.4509612, 0.0 ], [ -64.1129, -31.4512, 0.0 ], [ -64.1135829, -31.4510387, 0.0 ], [ -64.125, -31.4509, 0.0 ] ] ] ] } },
{ "type": "Feature", "properties": { "circuito": "0012G", "codprov": "04", "coddepto": "001" }, "geometry": { "type": "MultiPolygon", "coordinates": [ [ [ [ -64.107, -31.4606, 0.0 ], [ -64.0986, -31.469, 0.0 ], [ -64.0694633, -31.4690656, 0.0 ], [ -64.0694203, -31.4607736, 0.0 ], [ -64.0780892, -31.4587236, 0.0 ], [ -64.0957704, -31.458504, 0.0 ], [ -64.1032376, -31.4603343, 0.0 ], [ -64.107, -31.4606, 0.0 ] ] ] ] } },
{ "type": "Feature", "properties": { "circuito": "0012I", "codprov": "04", "coddepto": "001" }, "geometry": { "type": "MultiPolygon", "coordinates": [ [ [ [ -64.0694633, -31.4690656, 0.0 ], [ -64.0986, -31.469, 0.0 ], [ -64.0627983, -31.5039382, 0.0 ], [ -64.0618541, -31.4821282, 0.0 ], [ -64.0694633, -31.4690656, 0.0 ] ] ] ] } }
]
}
