{
"type": "FeatureCollection",
"name": "Formosa",
"crs": { "type": "name", "properties": { "name": "urn:ogc:def:crs:OGC:1.3:CRS84" } },
"features": [
{ "type": "Feature", "properties": { "circuito": "0032B", "codprov": "09", "coddepto": "003" }, "geometry": { "type": "MultiPolygon", "coordinates": [ [ [ [ -57.79450855, -25.41510629 ], [ -57.77930199, -25.41538312 ], [ -57.78772513, -25.42604092 ], [ -57.79197724, -25.43142112 ], [ -57.80241379, -25.42523384 ], [ -57.79450855, -25.41510629 ] ] ] ] } },
{ "type": "Feature", "properties": { "circuito": "0047A", "codprov": "09", "coddepto": "006" }, "geometry": { "type": "MultiPolygon", "coordinates": [ [ [ [ -59.88691463, -25.60081311 ], [ -59.88816364, -25.60163444 ], [ -59.88920449, -25.60278428 ], [ -59.89289948, -25.60132938 ], [ -59.89060962, -25.59888885 ], [ -59.88691463, -25.60081311 ] ] ] ] } },
{ "type": "Feature", "properties": { "circuito": "0030A", "codprov": "09", "coddepto": "003" }, "geometry": { "type": "MultiPolygon", "coordinates": [ [ [ [ -58.05678904, -25.25011948 ], [ -58.05674172, -25.24618167 ], [ -58.04041524, -25.2466097 ], [ -58.0407465, -25.25174593 ], [ -58.05697834, -25.25093271 ], [ -58.05697834, -25.25093271 ], [ -58.05678904, -25.25011948 ] ] ] ] } },
{ "type": "Feature", "properties": { "circuito": "0084A", "codprov": "09", "coddepto": "009" }, "geometry": { "type": "MultiPolygon", "coordinates": [ [ [ [ -62.27913823, -22.72799226 ], [ -62.2720959, -22.74351079 ], [ -62.2721595, -22.74353279 ], [ -62.27235784, -22.74351246 ], [ -62.27336054, -22.7428621 ], [ -62.27622538, -22.74083987 ], [ -62.27798836, -22.73967122 ], [ -62.27829688, -22.73932571 ], [ -62.27905717, -22.73780645 ], [ -62.28300184, -22.73320794 ], [ -62.28461056, -22.731338 ], [ -62.28256109, -22.72889891 ], [ -62.27913823, -22.72799226 ] ] ] ] } },
{ "type": "Feature", "properties": { "circuito": "00022", "codprov": "09", "coddepto": "002" }, "geometry": { "type": "MultiPolygon", "coordinates": [ [ [ [ -58.32177282, -26.49469522 ], [ -58.32759532, -26.49287139 ], [ -58.32779331, -26.47290505 ], [ -58.32566972, -26.47131072 ], [ -58.32486014, -26.47068137 ], [ -58.31872988, -26.47062796 ], [ -58.31841817, -26.47091661 ], [ -58.31699969, -26.47223016 ], [ -58.3169729, -26.47225322 ], [ -58.31654869, -26.47275952 ], [ -58.31549323, -26.47373888 ], [ -58.31523068, -26.47433261 ], [ -58.31464305, -26.47566147 ], [ -58.31450881, -26.4772903 ], [ -58.31438948, -26.47863874 ], [ -58.31428508, -26.47895916 ], [ -58.31405016, -26.47956662 ], [ -58.3131254, -26.48098179 ], [ -58.31128901, -26.47998125 ], [ -58.30969484, -26.4791127 ], [ -58.30806906, -26.47879228 ], [ -58.30698769, -26.47859201 ], [ -58.30682362, -26.47681634 ], [ -58.30348256, -26.47713676 ], [ -58.29946657, -26.47760405 ], [ -58.29949097, -26.47767696 ], [ -58.29954459, -26.4778372 ], [ -58.30131609, -26.48313121 ], [ -58.30475783, -26.49338046 ], [ -58.30506864, -26.49430499 ], [ -58.30669311, -26.49913712 ], [ -58.31024299, -26.49812264 ], [ -58.32177282, -26.49469522 ] ] ] ] } },
{ "type": "Feature", "properties": { "circuito": "00026", "codprov": "09", "coddepto": "003" }, "geometry": { "type": "MultiPolygon", "coordinates": [ [ [ [ -58.28854976, -25.37197338 ], [ -58.2884144, -25.3516292 ], [ -58.28807181, -25.3516292 ], [ -58.28807187, -25.35161909 ], [ -58.27778932, -25.35186762 ], [ -58.26360298, -25.35205708 ], [ -58.26318283, -25.35206968 ], [ -58.25474033, -25.35232279 ], [ -58.25482474, -25.35457298 ], [ -58.2547883, -25.35457691 ], [ -58.25495619, -25.3627261 ], [ -58.25502814, -25.36582524 ], [ -58.25510252, -25.3658054 ], [ -58.25536392, -25.37419037 ], [ -58.28860628, -25.37397367 ], [ -58.28854976, -25.37197338 ] ] ] ] } },
{ "type": "Feature", "properties": { "circuito": "00003", "codprov": "09", "coddepto": "001" }, "geometry": { "type": "MultiPolygon", "coordinates": [ [ [ [ -58.2131233, -26.16855813 ], [ -58.21293801, -26.16853106 ], [ -58.21264069, -26.16845371 ], [ -58.20378138, -26.16556864 ], [ -58.20624128, -26.15938658 ], [ -58.19681621, -26.1562863 ], [ -58.19662843, -26.15647982 ], [ -58.19643022, -26.15681245 ], [ -58.19618029, -26.15731525 ], [ -58.19600793, -26.15748543 ], [ -58.19594761, -26.15764787 ], [ -58.19602517, -26.15781805 ], [ -58.19599931, -26.15796502 ], [ -58.1950341, -26.16018505 ], [ -58.19474572, -26.1609469 ], [ -58.19238269, -26.15997652 ], [ -58.19054483, -26.15921653 ], [ -58.18841747, -26.15839539 ], [ -58.18798868, -26.15821484 ], [ -58.18687917, -26.15772627 ], [ -58.1868063, -26.1576904 ], [ -58.18567692, -26.15724179 ], [ -58.18528596, -26.15708649 ], [ -58.18527342, -26.15711713 ], [ -58.18446542, -26.15926739 ], [ -58.18439256, -26.15946129 ], [ -58.1833978, -26.16210855 ], [ -58.18322163, -26.16257738 ], [ -58.17946462, -26.17250714 ], [ -58.17832613, -26.17551616 ], [ -58.17453752, -26.18501338 ], [ -58.17453762, -26.1850135 ], [ -58.17453046, -26.18503345 ], [ -58.17437546, -26.18527177 ], [ -58.17437529, -26.18527238 ], [ -58.17485698, -26.18542047 ], [ -58.17965812, -26.18695584 ], [ -58.2027935, -26.19435438 ], [ -58.20293999, -26.19440321 ], [ -58.20437481, -26.19080371 ], [ -58.20623228, -26.18614395 ], [ -58.20925597, -26.17852047 ], [ -58.20941474, -26.1781251 ], [ -58.20972885, -26.17734294 ], [ -58.21324085, -26.1685977 ], [ -58.2131233, -26.16855813 ] ] ] ] } },
{ "type": "Feature", "properties": { "circuito": "0005A", "codprov": "09", "coddepto": "001" }, "geometry": { "type": "MultiPolygon", "coordinates": [ [ [ [ -58.21941757, -26.12138706 ], [ -58.21955778, -26.12147862 ], [ -58.2206501, -26.12187892 ], [ -58.22965613, -26.1247811 ], [ -58.2305701, -26.12508132 ], [ -58.23088219, -26.12400052 ], [ -58.24077991, -26.12736297 ], [ -58.24078621, -26.12734867 ], [ -58.24085011, -26.12720368 ], [ -58.24494677, -26.11790779 ], [ -58.23031005, -26.11316347 ], [ -58.2300128, -26.11337214 ], [ -58.22888705, -26.11437297 ], [ -58.22563239, -26.1167349 ], [ -58.21941757, -26.12138706 ] ] ] ] } },
{ "type": "Feature", "properties": { "circuito": "0023B", "codprov": "09", "coddepto": "002" }, "geometry": { "type": "MultiPolygon", "coordinates": [ [ [ [ -58.97544574, -26.3765584 ], [ -58.97467275, -26.37746399 ], [ -58.97287447, -26.37899024 ], [ -58.97145478, -26.38030449 ], [ -58.972577, -26.38310659 ], [ -58.97545843, -26.38234309 ], [ -58.97544574, -26.3765584 ] ] ] ] } },
{ "type": "Feature", "properties": { "circuito": "00024", "codprov": "09", "coddepto": "002" }, "geometry": { "type": "MultiPolygon", "coordinates": [ [ [ [ -58.64251693, -26.24292379 ], [ -58.64252959, -26.24260019 ], [ -58.64043186, -26.23462396 ], [ -58.64039325, -26.2346054 ], [ -58.64000948, -26.233293 ], [ -58.6253085, -26.23691178 ], [ -58.62254303, -26.23745322 ], [ -58.62157046, -26.24334686 ], [ -58.62152271, -26.24363624 ], [ -58.62026831, -26.24994543 ], [ -58.63181483, -26.24972431 ], [ -58.64225622, -26.2495878 ], [ -58.64266721, -26.24958243 ], [ -58.64251693, -26.24292379 ] ] ] ] } },
{ "type": "Feature", "properties": { "circuito": "0051B", "codprov": "09", "coddepto": "006" }, "geometry": { "type": "MultiPolygon", "coordinates": [ [ [ [ -59.04037006, -24.94957898 ], [ -59.03864316, -24.95339546 ], [ -59.0156768, -24.94535541 ], [ -59.01593198, -24.92794314 ], [ -59.03924418, -24.92804651 ], [ -59.02736842, -24.91485123 ], [ -58.99776154, -24.91535304 ], [ -58.98421263, -24.93693094 ], [ -58.98341485, -24.93943823 ], [ -58.97486639, -24.93881273 ], [ -58.97411367, -24.95135802 ], [ -58.98452506, -24.95099901 ], [ -58.98497855, -24.95135802 ], [ -58.99368432, -24.95135802 ], [ -58.99323453, -24.95750521 ], [ -59.03690284, -24.95750521 ], [ -59.0369268, -24.9572896 ], [ -59.0403528, -24.95737976 ], [ -59.04037006, -24.94957898 ] ] ] ] } },
{ "type": "Feature", "properties": { "circuito": "00030", "codprov": "09", "coddepto": "003" }, "geometry": { "type": "MultiPolygon", "coordinates": [ [ [ [ -58.11389609, -25.20217851 ], [ -58.11389203, -25.2021773 ], [ -58.11371215, -25.20212305 ], [ -58.11358024, -25.20200369 ], [ -58.11334039, -25.20181923 ], [ -58.11322047, -25.20171072 ], [ -58.11295664, -25.20150456 ], [ -58.11270481, -25.20129839 ], [ -58.11247696, -25.20095117 ], [ -58.11223711, -25.20073415 ], [ -58.11193731, -25.20048459 ], [ -58.11176942, -25.20028927 ], [ -58.11164949, -25.20018076 ], [ -58.11146961, -25.1999963 ], [ -58.11126574, -25.19988779 ], [ -58.11106188, -25.19974673 ], [ -58.11095395, -25.19959482 ], [ -58.11079805, -25.19941035 ], [ -58.11061817, -25.19924759 ], [ -58.11041594, -25.1991137 ], [ -58.11053422, -25.20132552 ], [ -58.10559344, -25.20158594 ], [ -58.10591695, -25.21643013 ], [ -58.10588125, -25.21642882 ], [ -58.10602516, -25.22198358 ], [ -58.10631297, -25.23769177 ], [ -58.11619453, -25.23760499 ], [ -58.13277166, -25.23727744 ], [ -58.13516592, -25.23723013 ], [ -58.13595767, -25.23721448 ], [ -58.13586173, -25.232832 ], [ -58.13552595, -25.22050812 ], [ -58.13499829, -25.21595144 ], [ -58.13533407, -25.21182859 ], [ -58.1352861, -25.20718478 ], [ -58.1352861, -25.20586105 ], [ -58.13442267, -25.20564404 ], [ -58.1341484, -25.20555847 ], [ -58.13372712, -25.20542703 ], [ -58.13317548, -25.20538363 ], [ -58.1328397, -25.20540533 ], [ -58.13260169, -25.20538877 ], [ -58.1325979, -25.20537057 ], [ -58.1322161, -25.20536193 ], [ -58.13188032, -25.20532938 ], [ -58.1314486, -25.20515577 ], [ -58.13125673, -25.20488451 ], [ -58.13104087, -25.20459155 ], [ -58.13088497, -25.20435284 ], [ -58.13082501, -25.20422264 ], [ -58.13071708, -25.20403818 ], [ -58.13063313, -25.20387542 ], [ -58.13042927, -25.20361501 ], [ -58.13033333, -25.20356075 ], [ -58.13020141, -25.2035282 ], [ -58.12992559, -25.2035499 ], [ -58.12974571, -25.20359331 ], [ -58.12950587, -25.20361501 ], [ -58.12927802, -25.20360416 ], [ -58.12912212, -25.20351735 ], [ -58.12894223, -25.2034414 ], [ -58.12873837, -25.20336544 ], [ -58.12864243, -25.20323524 ], [ -58.12857048, -25.20309418 ], [ -58.12843856, -25.20296397 ], [ -58.12831864, -25.20287717 ], [ -58.12821071, -25.20277951 ], [ -58.12804282, -25.20266016 ], [ -58.12786294, -25.2026059 ], [ -58.12765907, -25.20259505 ], [ -58.12734727, -25.20269271 ], [ -58.12703548, -25.20282291 ], [ -58.12674766, -25.20287717 ], [ -58.12650782, -25.20294227 ], [ -58.12630395, -25.20297482 ], [ -58.12624399, -25.20296397 ], [ -58.12600415, -25.20297482 ], [ -58.12580028, -25.20294227 ], [ -58.12554844, -25.20293142 ], [ -58.12534458, -25.20292057 ], [ -58.1250088, -25.20282834 ], [ -58.12476895, -25.20280664 ], [ -58.1245411, -25.20273068 ], [ -58.12436122, -25.20268728 ], [ -58.12419333, -25.20266558 ], [ -58.12386954, -25.20261133 ], [ -58.12371364, -25.20256793 ], [ -58.12349778, -25.20260048 ], [ -58.12334188, -25.20261133 ], [ -58.12313801, -25.20262218 ], [ -58.12292215, -25.20267643 ], [ -58.12275426, -25.20279579 ], [ -58.12256239, -25.20289344 ], [ -58.12246645, -25.20302365 ], [ -58.12227458, -25.20313216 ], [ -58.12211868, -25.20337087 ], [ -58.12189083, -25.20360958 ], [ -58.12161501, -25.20382659 ], [ -58.12142313, -25.2039351 ], [ -58.12119528, -25.2040219 ], [ -58.12119375, -25.20397816 ], [ -58.12102739, -25.2040436 ], [ -58.12075157, -25.2040436 ], [ -58.12043977, -25.20394595 ], [ -58.12018793, -25.20380489 ], [ -58.11986415, -25.20368554 ], [ -58.11952836, -25.20355533 ], [ -58.1193125, -25.20351193 ], [ -58.11895274, -25.20344682 ], [ -58.11861696, -25.20333832 ], [ -58.11847305, -25.20321896 ], [ -58.11830516, -25.20314301 ], [ -58.11799336, -25.20309961 ], [ -58.11772954, -25.20300195 ], [ -58.11740575, -25.2029477 ], [ -58.11714192, -25.202926 ], [ -58.11681813, -25.202926 ], [ -58.11647036, -25.20283919 ], [ -58.11611059, -25.20280664 ], [ -58.11588274, -25.20278494 ], [ -58.11567887, -25.20275239 ], [ -58.11535508, -25.20266558 ], [ -58.11512723, -25.20261133 ], [ -58.11489938, -25.20257878 ], [ -58.11467153, -25.20253537 ], [ -58.11450364, -25.20245942 ], [ -58.11433575, -25.20240517 ], [ -58.11414387, -25.20232921 ], [ -58.11388004, -25.202199 ], [ -58.11389609, -25.20217851 ] ] ] ] } },
{ "type": "Feature", "properties": { "circuito": "0034A", "codprov": "09", "coddepto": "004" }, "geometry": { "type": "MultiPolygon", "coordinates": [ [ [ [ -59.14673286, -25.72700919 ], [ -59.143045, -25.72823117 ], [ -59.13966226, -25.72963765 ], [ -59.13123144, -25.73531027 ], [ -59.11265239, -25.74773284 ], [ -59.09769028, -25.75792775 ], [ -59.09774232, -25.75872456 ], [ -59.0929024, -25.76472387 ], [ -59.09045642, -25.76631739 ], [ -59.08314996, -25.77138048 ], [ -59.10778373, -25.8024305 ], [ -59.12283808, -25.80318321 ], [ -59.17577921, -25.76153285 ], [ -59.14673286, -25.72700919 ] ] ] ] } },
{ "type": "Feature", "properties": { "circuito": "0039A", "codprov": "09", "coddepto": "004" }, "geometry": { "type": "MultiPolygon", "coordinates": [ [ [ [ -59.33860564, -25.55396286 ], [ -59.32395647, -25.55901194 ], [ -59.32663112, -25.5619284 ], [ -59.32589814, -25.56244623 ], [ -59.32337617, -25.56422793 ], [ -59.32536907, -25.56602571 ], [ -59.32572544, -25.56634719 ], [ -59.32572915, -25.56635054 ], [ -59.32573087, -25.56635153 ], [ -59.33202469, -25.57137644 ], [ -59.33239936, -25.57208049 ], [ -59.33000372, -25.57370861 ], [ -59.3331018, -25.57756434 ], [ -59.33706264, -25.57979282 ], [ -59.34635689, -25.57986357 ], [ -59.34749101, -25.57910313 ], [ -59.35061292, -25.57700986 ], [ -59.34750372, -25.57360584 ], [ -59.34592551, -25.57187798 ], [ -59.34690592, -25.57117048 ], [ -59.34608604, -25.5700275 ], [ -59.34698415, -25.56921736 ], [ -59.34628604, -25.56795787 ], [ -59.34803475, -25.56683111 ], [ -59.34903612, -25.56611467 ], [ -59.34910202, -25.56606753 ], [ -59.33860564, -25.55396286 ] ] ] ] } },
{ "type": "Feature", "properties": { "circuito": "0037A", "codprov": "09", "coddepto": "004" }, "geometry": { "type": "MultiPolygon", "coordinates": [ [ [ [ -59.37881186, -26.18417683 ], [ -59.37386824, -26.18430992 ], [ -59.37022811, -26.18451129 ], [ -59.36643838, -26.18455604 ], [ -59.36641189, -26.18452178 ], [ -59.36637215, -26.18446235 ], [ -59.36635033, -26.18443927 ], [ -59.3662658, -26.18436883 ], [ -59.36618477, -26.18435275 ], [ -59.36609439, -26.18435275 ], [ -59.3660118, -26.18435485 ], [ -59.36566956, -26.18435485 ], [ -59.36273611, -26.18444434 ], [ -59.36235277, -26.1838794 ], [ -59.36157363, -26.18420382 ], [ -59.35910532, -26.18537844 ], [ -59.35886846, -26.18546794 ], [ -59.35875627, -26.18654187 ], [ -59.35823269, -26.18846597 ], [ -59.35716059, -26.19101647 ], [ -59.35661208, -26.19200085 ], [ -59.35575858, -26.19363769 ], [ -59.3641072, -26.19341572 ], [ -59.36411911, -26.19388626 ], [ -59.36415706, -26.19538445 ], [ -59.37413003, -26.19551868 ], [ -59.37405726, -26.19388626 ], [ -59.3740303, -26.19328149 ], [ -59.37904593, -26.1932089 ], [ -59.37881186, -26.18417683 ] ] ] ] } },
{ "type": "Feature", "properties": { "circuito": "00036", "codprov": "09", "coddepto": "004" }, "geometry": { "type": "MultiPolygon", "coordinates": [ [ [ [ -59.07258521, -26.21558608 ], [ -59.09166258, -26.21712923 ], [ -59.09503152, -26.21723234 ], [ -59.09641444, -26.21727466 ], [ -59.09841384, -26.20902753 ], [ -59.09491193, -26.19195825 ], [ -59.09488846, -26.19196878 ], [ -59.09488236, -26.19193702 ], [ -59.08854106, -26.19295615 ], [ -59.08296139, -26.19755238 ], [ -59.07720717, -26.19741475 ], [ -59.06644116, -26.1969689 ], [ -59.06601886, -26.19695167 ], [ -59.0660028, -26.19695102 ], [ -59.06412233, -26.19745721 ], [ -59.06005254, -26.20059936 ], [ -59.05768638, -26.20730798 ], [ -59.05958243, -26.21508435 ], [ -59.07138939, -26.21553994 ], [ -59.07258521, -26.21558608 ] ] ] ] } },
{ "type": "Feature", "properties": { "circuito": "0043D", "codprov": "09", "coddepto": "005" }, "geometry": { "type": "MultiPolygon", "coordinates": [ [ [ [ -58.56969603, -24.97921934 ], [ -58.56771466, -24.97905969 ], [ -58.56506051, -24.97981447 ], [ -58.56365537, -24.9797673 ], [ -58.5624584, -24.97901251 ], [ -58.56120939, -24.97769163 ], [ -58.56016855, -24.97684248 ], [ -58.55907566, -24.97637073 ], [ -58.55819095, -24.9760405 ], [ -58.5571501, -24.97486111 ], [ -58.55610926, -24.97556875 ], [ -58.55543271, -24.97712553 ], [ -58.5531949, -24.97924838 ], [ -58.55204997, -24.98038056 ], [ -58.56031808, -24.9917232 ], [ -58.56087762, -24.99137744 ], [ -58.5665242, -24.98786326 ], [ -58.56753902, -24.98467919 ], [ -58.56886609, -24.98141838 ], [ -58.56969603, -24.97921934 ] ] ] ] } },
{ "type": "Feature", "properties": { "circuito": "00059", "codprov": "09", "coddepto": "006" }, "geometry": { "type": "MultiPolygon", "coordinates": [ [ [ [ -60.33918152, -24.88726106 ], [ -60.29888806, -24.9144487 ], [ -60.30703981, -24.92524807 ], [ -60.32223708, -24.91483296 ], [ -60.32288334, -24.91481177 ], [ -60.34915858, -24.89693001 ], [ -60.34585029, -24.89381633 ], [ -60.34601212, -24.89371743 ], [ -60.33918152, -24.88726106 ] ] ] ] } },
{ "type": "Feature", "properties": { "circuito": "0071A", "codprov": "09", "coddepto": "006" }, "geometry": { "type": "MultiPolygon", "coordinates": [ [ [ [ -60.0875404, -25.04221 ], [ -60.10557026, -25.06392252 ], [ -60.11891874, -25.05469263 ], [ -60.11925117, -25.05445729 ], [ -60.10222044, -25.03279354 ], [ -60.10219497, -25.03281069 ], [ -60.10194736, -25.0324888 ], [ -60.0875404, -25.04221 ] ] ] ] } },
{ "type": "Feature", "properties": { "circuito": "00056", "codprov": "09", "coddepto": "006" }, "geometry": { "type": "MultiPolygon", "coordinates": [ [ [ [ -59.92817458, -25.21360554 ], [ -59.87331045, -25.14936879 ], [ -59.79446509, -25.20367699 ], [ -59.79452057, -25.20375308 ], [ -59.79138447, -25.20590154 ], [ -59.84364626, -25.26810868 ], [ -59.84961208, -25.27520979 ], [ -59.8517313, -25.27773229 ], [ -59.93484703, -25.22047205 ], [ -59.92818296, -25.2136057 ], [ -59.92817458, -25.21360554 ] ] ] ] } },
{ "type": "Feature", "properties": { "circuito": "00050", "codprov": "09", "coddepto": "006" }, "geometry": { "type": "MultiPolygon", "coordinates": [ [ [ [ -59.66839701, -25.34558358 ], [ -59.67165108, -25.34956236 ], [ -59.66774634, -25.35192591 ], [ -59.66932669, -25.35603483 ], [ -59.66785627, -25.35704831 ], [ -59.67139372, -25.36140909 ], [ -59.68955243, -25.38379417 ], [ -59.69173584, -25.38648575 ], [ -59.69567425, -25.38379417 ], [ -59.70339959, -25.37851452 ], [ -59.73162769, -25.35922291 ], [ -59.72863312, -25.35605485 ], [ -59.6961662, -25.31621082 ], [ -59.69602242, -25.31634484 ], [ -59.67473887, -25.29075952 ], [ -59.67138201, -25.28672418 ], [ -59.63356881, -25.31256837 ], [ -59.64070765, -25.32156953 ], [ -59.63926674, -25.32271836 ], [ -59.65629915, -25.34302606 ], [ -59.65636525, -25.34313467 ], [ -59.65647182, -25.34330978 ], [ -59.65550023, -25.34394338 ], [ -59.65239933, -25.3459656 ], [ -59.65892456, -25.35188347 ], [ -59.66609769, -25.34722029 ], [ -59.66839701, -25.34558358 ] ] ] ] } },
{ "type": "Feature", "properties": { "circuito": "00064", "codprov": "09", "coddepto": "006" }, "geometry": { "type": "MultiPolygon", "coordinates": [ [ [ [ -59.82462871, -24.28045403 ], [ -59.81838649, -24.29081035 ], [ -59.81839143, -24.29083423 ], [ -59.81806843, -24.29136637 ], [ -59.81855384, -24.29161919 ], [ -59.81855603, -24.29162979 ], [ -59.833632, -24.29907818 ], [ -59.83728186, -24.30088034 ], [ -59.8387405, -24.30160055 ], [ -59.84373541, -24.30406685 ], [ -59.84538152, -24.30272325 ], [ -59.84904734, -24.29973112 ], [ -59.85831137, -24.28117143 ], [ -59.86201699, -24.27378507 ], [ -59.85094875, -24.27018473 ], [ -59.84765774, -24.26906704 ], [ -59.84528615, -24.26830133 ], [ -59.83436077, -24.26464161 ], [ -59.83191507, -24.26874049 ], [ -59.82519952, -24.2795609 ], [ -59.82462871, -24.28045403 ] ] ] ] } },
{ "type": "Feature", "properties": { "circuito": "0064A", "codprov": "09", "coddepto": "006" }, "geometry": { "type": "MultiPolygon", "coordinates": [ [ [ [ -59.66039805, -24.42499835 ], [ -59.65501053, -24.42501488 ], [ -59.64256061, -24.42505308 ], [ -59.64376136, -24.42147156 ], [ -59.64376283, -24.4214672 ], [ -59.64374172, -24.4207946 ], [ -59.63898558, -24.4221691 ], [ -59.63829443, -24.42293744 ], [ -59.63765864, -24.42373074 ], [ -59.63731064, -24.42416496 ], [ -59.63725183, -24.42488778 ], [ -59.63281971, -24.42504151 ], [ -59.6328175, -24.42506821 ], [ -59.63265351, -24.42507514 ], [ -59.63263798, -24.42723396 ], [ -59.63262185, -24.42947563 ], [ -59.62964771, -24.42942271 ], [ -59.62952958, -24.43088539 ], [ -59.62924691, -24.44503947 ], [ -59.63782827, -24.44503947 ], [ -59.64347602, -24.44492327 ], [ -59.64346599, -24.44500348 ], [ -59.65700642, -24.44471764 ], [ -59.65696421, -24.44229672 ], [ -59.66023382, -24.44235019 ], [ -59.66025401, -24.43474065 ], [ -59.66039327, -24.42532143 ], [ -59.66042285, -24.42499828 ], [ -59.66039805, -24.42499835 ] ] ] ] } },
{ "type": "Feature", "properties": { "circuito": "00067", "codprov": "09", "coddepto": "006" }, "geometry": { "type": "MultiPolygon", "coordinates": [ [ [ [ -60.59408248, -24.73914208 ], [ -60.59412612, -24.73919445 ], [ -60.61434933, -24.72526232 ], [ -60.63113792, -24.71369636 ], [ -60.62944878, -24.71176163 ], [ -60.62946954, -24.71174307 ], [ -60.62873145, -24.71092172 ], [ -60.63444673, -24.70729288 ], [ -60.6373392, -24.70545634 ], [ -60.62752822, -24.69242254 ], [ -60.62555185, -24.69390859 ], [ -60.62550089, -24.69384947 ], [ -60.61873535, -24.6986453 ], [ -60.61732271, -24.69697487 ], [ -60.61598793, -24.69539651 ], [ -60.60056359, -24.67715744 ], [ -60.57113818, -24.69740497 ], [ -60.56733884, -24.70012467 ], [ -60.56144288, -24.70419506 ], [ -60.56773673, -24.71142621 ], [ -60.56681116, -24.71176253 ], [ -60.59143119, -24.74085094 ], [ -60.59408248, -24.73914208 ] ], [ [ -60.59221213, -24.70426338 ], [ -60.59371617, -24.70593457 ], [ -60.59371617, -24.70593457 ], [ -60.59178406, -24.70722736 ], [ -60.59032629, -24.70549313 ], [ -60.59221213, -24.70426338 ] ] ] ] } },
{ "type": "Feature", "properties": { "circuito": "00054", "codprov": "09", "coddepto": "006" }, "geometry": { "type": "MultiPolygon", "coordinates": [ [ [ [ -59.51044532, -24.73739482 ], [ -59.441369, -24.73662503 ], [ -59.44199026, -24.74749706 ], [ -59.44754139, -24.75612472 ], [ -59.45616333, -24.75440561 ], [ -59.45797495, -24.76023351 ], [ -59.45798699, -24.76026851 ], [ -59.45775331, -24.7603232 ], [ -59.45736545, -24.76038445 ], [ -59.45687641, -24.76042383 ], [ -59.45651023, -24.76045227 ], [ -59.4560766, -24.7604282 ], [ -59.45573692, -24.7604282 ], [ -59.45551529, -24.76043258 ], [ -59.45510575, -24.76041726 ], [ -59.45484316, -24.76037133 ], [ -59.45449144, -24.76030351 ], [ -59.4542698, -24.76029476 ], [ -59.45400962, -24.76030132 ], [ -59.45377835, -24.76033851 ], [ -59.45356876, -24.76043477 ], [ -59.45336399, -24.76052446 ], [ -59.45313272, -24.76061852 ], [ -59.45274486, -24.7608526 ], [ -59.45254009, -24.76096416 ], [ -59.45227028, -24.76111511 ], [ -59.4520101, -24.76126167 ], [ -59.45182219, -24.76140605 ], [ -59.45157165, -24.761662 ], [ -59.45143192, -24.76179325 ], [ -59.45127015, -24.76190999 ], [ -59.45111031, -24.76201857 ], [ -59.45090072, -24.7621728 ], [ -59.45067306, -24.76234233 ], [ -59.45056466, -24.76242546 ], [ -59.45035266, -24.76263 ], [ -59.45025389, -24.76274703 ], [ -59.45018041, -24.76285313 ], [ -59.44992746, -24.7632622 ], [ -59.44982025, -24.76346564 ], [ -59.4497781, -24.76352908 ], [ -59.4497516, -24.76361549 ], [ -59.44971305, -24.76381127 ], [ -59.44967812, -24.76404424 ], [ -59.4495673, -24.76435815 ], [ -59.44947696, -24.76451784 ], [ -59.44938783, -24.76473277 ], [ -59.44934326, -24.76489355 ], [ -59.44933844, -24.76499855 ], [ -59.44933362, -24.76522988 ], [ -59.44939385, -24.76541691 ], [ -59.44942999, -24.7655241 ], [ -59.44952394, -24.76575597 ], [ -59.44960826, -24.76591129 ], [ -59.44967932, -24.76601738 ], [ -59.44974798, -24.76606441 ], [ -59.44994553, -24.76612894 ], [ -59.4500443, -24.76614207 ], [ -59.45042975, -24.76619894 ], [ -59.45056707, -24.76623394 ], [ -59.45075979, -24.766328 ], [ -59.45088386, -24.76637504 ], [ -59.45109586, -24.76644722 ], [ -59.45127292, -24.76653363 ], [ -59.4514259, -24.76659707 ], [ -59.45149215, -24.76661347 ], [ -59.45174389, -24.76668785 ], [ -59.45197035, -24.76683222 ], [ -59.45219319, -24.76700941 ], [ -59.45231605, -24.76710565 ], [ -59.45236784, -24.76711769 ], [ -59.4524618, -24.76718987 ], [ -59.45254009, -24.76728503 ], [ -59.45267861, -24.76739768 ], [ -59.45279545, -24.76754206 ], [ -59.45296288, -24.76772088 ], [ -59.45309659, -24.76788932 ], [ -59.4532327, -24.768014 ], [ -59.45327124, -24.76806322 ], [ -59.45335436, -24.76820704 ], [ -59.45347842, -24.7683547 ], [ -59.45358804, -24.76851657 ], [ -59.45371572, -24.76866477 ], [ -59.45385062, -24.7688857 ], [ -59.45399035, -24.76907273 ], [ -59.45414212, -24.76927124 ], [ -59.45426378, -24.76940905 ], [ -59.45430835, -24.76948014 ], [ -59.45443723, -24.76963709 ], [ -59.45467573, -24.76985364 ], [ -59.45489616, -24.76999364 ], [ -59.45505275, -24.77006801 ], [ -59.45537315, -24.77022824 ], [ -59.4556779, -24.77037917 ], [ -59.45586942, -24.77045573 ], [ -59.45597301, -24.77048089 ], [ -59.45603203, -24.77050604 ], [ -59.45640905, -24.77065041 ], [ -59.4566885, -24.7707915 ], [ -59.45681378, -24.77084837 ], [ -59.4570961, -24.7709748 ], [ -59.45710028, -24.7709813 ], [ -59.45743652, -24.77113601 ], [ -59.45795447, -24.771416 ], [ -59.45800001, -24.77144687 ], [ -59.46235343, -24.77164787 ], [ -59.46180432, -24.77810425 ], [ -59.46178489, -24.77811364 ], [ -59.46145725, -24.78248813 ], [ -59.468935, -24.7827506 ], [ -59.4689926, -24.78264696 ], [ -59.48161738, -24.78296359 ], [ -59.50109046, -24.78318403 ], [ -59.51071786, -24.78329302 ], [ -59.510608, -24.77747492 ], [ -59.51064077, -24.77345902 ], [ -59.51067356, -24.77345955 ], [ -59.51044532, -24.73739482 ] ] ] ] } },
{ "type": "Feature", "properties": { "circuito": "00075", "codprov": "09", "coddepto": "007" }, "geometry": { "type": "MultiPolygon", "coordinates": [ [ [ [ -61.30190578, -24.2901162 ], [ -61.30189297, -24.29009673 ], [ -61.30761488, -24.28632342 ], [ -61.28424646, -24.2588754 ], [ -61.28423018, -24.2587819 ], [ -61.27684331, -24.2497957 ], [ -61.26759917, -24.23855725 ], [ -61.27393077, -24.23413087 ], [ -61.27352149, -24.23379159 ], [ -61.27280164, -24.23420786 ], [ -61.27227401, -24.23451578 ], [ -61.27161974, -24.23482371 ], [ -61.27130931, -24.23493185 ], [ -61.27068055, -24.23515088 ], [ -61.27019513, -24.23529522 ], [ -61.26940368, -24.23547805 ], [ -61.2687072, -24.23559352 ], [ -61.26738874, -24.2357481 ], [ -61.26713731, -24.23576786 ], [ -61.266259, -24.23587523 ], [ -61.26307569, -24.23626438 ], [ -61.26096671, -24.2365222 ], [ -61.26041982, -24.2366203 ], [ -61.26018391, -24.23667869 ], [ -61.25886157, -24.23710426 ], [ -61.25809139, -24.23744537 ], [ -61.25775354, -24.23760463 ], [ -61.25721535, -24.23791255 ], [ -61.25572743, -24.23895177 ], [ -61.25355358, -24.24047209 ], [ -61.25161189, -24.2418192 ], [ -61.24776016, -24.24457591 ], [ -61.24398231, -24.24724597 ], [ -61.23638439, -24.25260997 ], [ -61.22975731, -24.25728103 ], [ -61.22752015, -24.25886848 ], [ -61.22631715, -24.25980651 ], [ -61.22548348, -24.26064352 ], [ -61.2251458, -24.26110531 ], [ -61.22467093, -24.26180762 ], [ -61.22398501, -24.2632026 ], [ -61.22365787, -24.2639049 ], [ -61.22231768, -24.26686316 ], [ -61.2213785, -24.26899883 ], [ -61.22112523, -24.26957604 ], [ -61.22084031, -24.2700859 ], [ -61.22025991, -24.27094208 ], [ -61.21997499, -24.27127877 ], [ -61.21942625, -24.27181268 ], [ -61.2190147, -24.27216861 ], [ -61.21855038, -24.27253417 ], [ -61.21747401, -24.27330375 ], [ -61.21562729, -24.27457355 ], [ -61.21562441, -24.27457376 ], [ -61.21345345, -24.27614155 ], [ -61.21058312, -24.27817125 ], [ -61.2054231, -24.28179838 ], [ -61.20542433, -24.28179998 ], [ -61.20312059, -24.28340762 ], [ -61.20258948, -24.2837648 ], [ -61.20273721, -24.28393794 ], [ -61.20273732, -24.28393798 ], [ -61.20373777, -24.28514092 ], [ -61.20542637, -24.28717132 ], [ -61.21552177, -24.29918788 ], [ -61.23329246, -24.3203645 ], [ -61.24102782, -24.32987455 ], [ -61.30190578, -24.2901162 ] ] ] ] } },
{ "type": "Feature", "properties": { "circuito": "00082", "codprov": "09", "coddepto": "008" }, "geometry": { "type": "MultiPolygon", "coordinates": [ [ [ [ -61.86645837, -23.90540613 ], [ -61.86563336, -23.90380991 ], [ -61.86736628, -23.90286811 ], [ -61.86457351, -23.89878636 ], [ -61.87058871, -23.89556393 ], [ -61.86457351, -23.88460766 ], [ -61.86325515, -23.88529187 ], [ -61.86198881, -23.88297609 ], [ -61.85717588, -23.8771364 ], [ -61.84338496, -23.8824683 ], [ -61.84523609, -23.88720758 ], [ -61.84153383, -23.88915402 ], [ -61.84218173, -23.89126969 ], [ -61.83672089, -23.89643176 ], [ -61.83726789, -23.89714964 ], [ -61.8371374, -23.89795496 ], [ -61.83667461, -23.90844759 ], [ -61.84375519, -23.90561297 ], [ -61.8450047, -23.90700914 ], [ -61.84508713, -23.90703426 ], [ -61.84567573, -23.90760144 ], [ -61.84908682, -23.907505 ], [ -61.85240922, -23.90741106 ], [ -61.85581067, -23.9099918 ], [ -61.86645837, -23.90540613 ] ] ] ] } },
{ "type": "Feature", "properties": { "circuito": "0023A", "codprov": "09", "coddepto": "002" }, "geometry": { "type": "MultiPolygon", "coordinates": [ [ [ [ -58.81205914, -26.51600761 ], [ -58.81448398, -26.51135805 ], [ -58.80757481, -26.51169683 ], [ -58.78457577, -26.51364476 ], [ -58.78344002, -26.51457637 ], [ -58.79669231, -26.52772622 ], [ -58.79918702, -26.52630117 ], [ -58.80077823, -26.52322007 ], [ -58.80036993, -26.51699238 ], [ -58.80641531, -26.5158034 ], [ -58.8120345, -26.51599834 ], [ -58.81205914, -26.51600761 ] ] ] ] } },
{ "type": "Feature", "properties": { "circuito": "0037C", "codprov": "09", "coddepto": "004" }, "geometry": { "type": "MultiPolygon", "coordinates": [ [ [ [ -59.38445632, -26.30927192 ], [ -59.38468969, -26.30856589 ], [ -59.38473956, -26.30682258 ], [ -59.38474615, -26.30647407 ], [ -59.38466476, -26.30567154 ], [ -59.38451517, -26.30479986 ], [ -59.38444037, -26.30403994 ], [ -59.38464676, -26.30316531 ], [ -59.38228011, -26.3041736 ], [ -59.3727445, -26.3079704 ], [ -59.36921893, -26.30118274 ], [ -59.36755079, -26.29792664 ], [ -59.36676996, -26.29699328 ], [ -59.36575518, -26.29616214 ], [ -59.36235708, -26.29604931 ], [ -59.36112668, -26.29783119 ], [ -59.33737047, -26.29469167 ], [ -59.33797412, -26.33020051 ], [ -59.34085479, -26.33048965 ], [ -59.34098315, -26.3299528 ], [ -59.34163139, -26.32861204 ], [ -59.34262869, -26.32794166 ], [ -59.3440249, -26.3282545 ], [ -59.34547098, -26.32888019 ], [ -59.34666774, -26.3299528 ], [ -59.34718833, -26.33071672 ], [ -59.34907372, -26.33348338 ], [ -59.34912358, -26.33379621 ], [ -59.34927318, -26.33433249 ], [ -59.35002115, -26.33500284 ], [ -59.35056967, -26.33638821 ], [ -59.35131764, -26.33768419 ], [ -59.35176642, -26.3388014 ], [ -59.35301304, -26.33902484 ], [ -59.35475831, -26.33893546 ], [ -59.35665318, -26.33817576 ], [ -59.35839845, -26.33705855 ], [ -59.36009385, -26.33562849 ], [ -59.36163966, -26.33460063 ], [ -59.36228791, -26.33352807 ], [ -59.36203858, -26.33209798 ], [ -59.36183912, -26.33102539 ], [ -59.36178926, -26.3294165 ], [ -59.36233777, -26.32816512 ], [ -59.3697801, -26.32389693 ], [ -59.37207389, -26.32300304 ], [ -59.37441326, -26.3221354 ], [ -59.37485385, -26.32199742 ], [ -59.37592595, -26.32156164 ], [ -59.37661159, -26.32123761 ], [ -59.37717257, -26.32096944 ], [ -59.37774601, -26.32063422 ], [ -59.37818233, -26.32019844 ], [ -59.37851892, -26.31956153 ], [ -59.37860618, -26.31891344 ], [ -59.37874331, -26.31822066 ], [ -59.37875182, -26.31802232 ], [ -59.37868098, -26.31747199 ], [ -59.37865605, -26.31655571 ], [ -59.37843165, -26.31561708 ], [ -59.37818233, -26.31465608 ], [ -59.37810753, -26.31387388 ], [ -59.37803274, -26.3132481 ], [ -59.37805767, -26.31251058 ], [ -59.37850645, -26.31159426 ], [ -59.37905497, -26.31083438 ], [ -59.37945063, -26.31065704 ], [ -59.37975307, -26.31042092 ], [ -59.38002733, -26.31032034 ], [ -59.38070051, -26.31014155 ], [ -59.38143601, -26.31008567 ], [ -59.38153919, -26.31009317 ], [ -59.38229618, -26.31004097 ], [ -59.38339321, -26.31004097 ], [ -59.38378234, -26.3099247 ], [ -59.38445632, -26.30927192 ] ] ] ] } },
{ "type": "Feature", "properties": { "circuito": "S/D", "codprov": "09", "coddepto": "nan" }, "geometry": { "type": "MultiPolygon", "coordinates": [ [ [ [ -58.25166017, -26.1310394 ], [ -58.259772, -26.13379263 ], [ -58.24927362, -26.16083018 ], [ -58.28726216, -26.17307771 ], [ -58.28160172, -26.18752931 ], [ -58.27151795, -26.21327411 ], [ -58.29589189, -26.22108559 ], [ -58.30140473, -26.20718008 ], [ -58.30144331, -26.20708276 ], [ -58.30598576, -26.20844126 ], [ -58.31384556, -26.18880277 ], [ -58.31550342, -26.18466046 ], [ -58.31556169, -26.18451487 ], [ -58.31630225, -26.18266449 ], [ -58.32158022, -26.16947698 ], [ -58.32163404, -26.16947607 ], [ -58.33137286, -26.14562813 ], [ -58.3206489, -26.14244572 ], [ -58.30771626, -26.13825376 ], [ -58.29356875, -26.13366802 ], [ -58.24494677, -26.11790779 ], [ -58.24085011, -26.12720368 ], [ -58.24078621, -26.12734867 ], [ -58.24077991, -26.12736297 ], [ -58.24222619, -26.12785166 ], [ -58.25166017, -26.1310394 ] ] ] ] } },
{ "type": "Feature", "properties": { "circuito": "00052", "codprov": "09", "coddepto": "006" }, "geometry": { "type": "MultiPolygon", "coordinates": [ [ [ [ -59.2116569, -24.76812828 ], [ -59.21427162, -24.76707775 ], [ -59.21406337, -24.76630035 ], [ -59.21360059, -24.76564901 ], [ -59.21297583, -24.76520778 ], [ -59.2127213, -24.76512373 ], [ -59.21265188, -24.76239226 ], [ -59.21170318, -24.76228721 ], [ -59.21126354, -24.76211911 ], [ -59.21024542, -24.76260238 ], [ -59.20985205, -24.76386306 ], [ -59.20959752, -24.76535485 ], [ -59.21049995, -24.76798121 ], [ -59.21151807, -24.76772908 ], [ -59.2116569, -24.76812828 ] ] ] ] } },
{ "type": "Feature", "properties": { "circuito": "00004", "codprov": "09", "coddepto": "001" }, "geometry": { "type": "MultiPolygon", "coordinates": [ [ [ [ -58.17093373, -26.19379946 ], [ -58.17033832, -26.19518004 ], [ -58.16993336, -26.19606827 ], [ -58.16976238, -26.19651642 ], [ -58.16977498, -26.19653011 ], [ -58.17125623, -26.19813943 ], [ -58.1725611, -26.19946366 ], [ -58.17379622, -26.20087669 ], [ -58.17409118, -26.20132799 ], [ -58.17465113, -26.20218475 ], [ -58.17586826, -26.20389246 ], [ -58.17677716, -26.20565263 ], [ -58.17702914, -26.20612092 ], [ -58.17738235, -26.20685163 ], [ -58.17759833, -26.20780436 ], [ -58.17766132, -26.20887819 ], [ -58.17759833, -26.20970172 ], [ -58.17754659, -26.21017 ], [ -58.17757358, -26.21088857 ], [ -58.17777156, -26.21138106 ], [ -58.17797854, -26.21159905 ], [ -58.17823052, -26.21179282 ], [ -58.17829861, -26.21179282 ], [ -58.17859048, -26.21179282 ], [ -58.17893244, -26.21168786 ], [ -58.1793644, -26.21144565 ], [ -58.18013832, -26.21089664 ], [ -58.18056128, -26.21041222 ], [ -58.18119121, -26.20966135 ], [ -58.18178515, -26.20899122 ], [ -58.18251858, -26.20827668 ], [ -58.18340949, -26.20748543 ], [ -58.18436718, -26.2066866 ], [ -58.18457648, -26.20653858 ], [ -58.18531729, -26.20591503 ], [ -58.18610921, -26.20535792 ], [ -58.18694162, -26.20488558 ], [ -58.18791352, -26.20435269 ], [ -58.18898442, -26.20387631 ], [ -58.19002831, -26.20335956 ], [ -58.19053676, -26.20319 ], [ -58.19115769, -26.20300429 ], [ -58.19223758, -26.20275399 ], [ -58.19313749, -26.20257635 ], [ -58.19379442, -26.20253598 ], [ -58.19443336, -26.20258443 ], [ -58.19487431, -26.20272169 ], [ -58.19513529, -26.20285895 ], [ -58.19550425, -26.20314155 ], [ -58.1959812, -26.203408 ], [ -58.19639516, -26.20368253 ], [ -58.19661743, -26.20388196 ], [ -58.1969486, -26.20408624 ], [ -58.19810048, -26.20592715 ], [ -58.19810319, -26.2059206 ], [ -58.19841086, -26.20517689 ], [ -58.19841995, -26.20516616 ], [ -58.1989059, -26.20390457 ], [ -58.19902289, -26.20362601 ], [ -58.19926127, -26.20292634 ], [ -58.19934512, -26.20291856 ], [ -58.19950884, -26.20290336 ], [ -58.19963159, -26.20258457 ], [ -58.20014777, -26.20124408 ], [ -58.2008137, -26.19957266 ], [ -58.20158763, -26.19761458 ], [ -58.20231655, -26.19591081 ], [ -58.20286577, -26.19453641 ], [ -58.20286969, -26.1945376 ], [ -58.20284303, -26.19447349 ], [ -58.2027935, -26.19435438 ], [ -58.17965812, -26.18695584 ], [ -58.17485698, -26.18542047 ], [ -58.17437529, -26.18527238 ], [ -58.1709558, -26.19360541 ], [ -58.17093373, -26.19379946 ] ] ] ] } },
{ "type": "Feature", "properties": { "circuito": "00045", "codprov": "09", "coddepto": "005" }, "geometry": { "type": "MultiPolygon", "coordinates": [ [ [ [ -58.73377691, -25.27773264 ], [ -58.74333, -25.28956989 ], [ -58.75036382, -25.28512604 ], [ -58.75356905, -25.2831738 ], [ -58.75527898, -25.28205928 ], [ -58.76146083, -25.27814803 ], [ -58.75378332, -25.26867176 ], [ -58.7430805, -25.25546139 ], [ -58.72839448, -25.27109229 ], [ -58.73289344, -25.27659618 ], [ -58.73292283, -25.27667436 ], [ -58.73377691, -25.27773264 ] ] ] ] } },
{ "type": "Feature", "properties": { "circuito": "0082B", "codprov": "09", "coddepto": "008" }, "geometry": { "type": "MultiPolygon", "coordinates": [ [ [ [ -62.34393353, -23.49517014 ], [ -61.84449844, -23.49436053 ], [ -61.84431426, -23.50349021 ], [ -61.83646994, -23.90167547 ], [ -61.83629304, -23.91070134 ], [ -61.83593264, -23.92894664 ], [ -61.8344149, -24.00617937 ], [ -61.83436677, -24.14862558 ], [ -61.83435767, -24.16243696 ], [ -61.83541071, -24.31477161 ], [ -61.83981265, -24.31271149 ], [ -61.84611936, -24.31224906 ], [ -61.85216529, -24.31081039 ], [ -61.85752118, -24.30798269 ], [ -61.86202979, -24.30383384 ], [ -61.86753343, -24.3031052 ], [ -61.86840109, -24.30886991 ], [ -61.87103818, -24.31314617 ], [ -61.8769738, -24.31161785 ], [ -61.88127978, -24.30376312 ], [ -61.88177549, -24.29854468 ], [ -61.88358393, -24.29309598 ], [ -61.88775576, -24.28882891 ], [ -61.89333335, -24.28646993 ], [ -61.89928274, -24.28469759 ], [ -61.90420398, -24.28118028 ], [ -61.90844222, -24.27695487 ], [ -61.90978713, -24.2714256 ], [ -61.91233535, -24.26607743 ], [ -61.91761282, -24.26352905 ], [ -61.92380667, -24.26221732 ], [ -61.92992738, -24.26111518 ], [ -61.93582107, -24.25934423 ], [ -61.94153653, -24.25706803 ], [ -61.94738234, -24.25509251 ], [ -61.95322843, -24.25310324 ], [ -61.95887733, -24.25073892 ], [ -61.96402977, -24.24751392 ], [ -61.96860602, -24.24361544 ], [ -61.97042839, -24.23843148 ], [ -61.97027399, -24.23249653 ], [ -61.97408285, -24.22929854 ], [ -61.98035079, -24.22994215 ], [ -61.9846051, -24.23390791 ], [ -61.98968252, -24.23702549 ], [ -61.99588943, -24.2368106 ], [ -62.0019008, -24.23530585 ], [ -62.0080621, -24.23481884 ], [ -62.01375427, -24.232512 ], [ -62.01939434, -24.23060919 ], [ -62.02444701, -24.23407656 ], [ -62.02886065, -24.2381085 ], [ -62.03458498, -24.24030415 ], [ -62.03955644, -24.23785582 ], [ -62.03987327, -24.23191485 ], [ -62.04152435, -24.22645032 ], [ -62.04655684, -24.22327765 ], [ -62.05277256, -24.22315972 ], [ -62.05341439, -24.2232104 ], [ -62.05898184, -24.22364983 ], [ -62.06514575, -24.22449908 ], [ -62.07131306, -24.22500112 ], [ -62.07755268, -24.22467097 ], [ -62.08365066, -24.22366985 ], [ -62.08925069, -24.22119083 ], [ -62.0948377, -24.21872928 ], [ -62.10086534, -24.21728391 ], [ -62.10611192, -24.21404695 ], [ -62.1051533, -24.20937545 ], [ -62.1010783, -24.2056202 ], [ -62.09669143, -24.20202813 ], [ -62.09181355, -24.19561538 ], [ -62.09400649, -24.19297783 ], [ -62.09656491, -24.18990051 ], [ -62.10106949, -24.1936488 ], [ -62.10496962, -24.19813422 ], [ -62.10998218, -24.20143556 ], [ -62.11537804, -24.2043409 ], [ -62.12067091, -24.20732907 ], [ -62.12587348, -24.21046804 ], [ -62.13132457, -24.21336076 ], [ -62.13748265, -24.21294936 ], [ -62.1406074, -24.20833653 ], [ -62.14195024, -24.20275443 ], [ -62.14677123, -24.19923916 ], [ -62.15045765, -24.19667762 ], [ -62.14677777, -24.19191934 ], [ -62.14759823, -24.18686028 ], [ -62.14918853, -24.18719473 ], [ -62.15368949, -24.18814118 ], [ -62.15853684, -24.19158107 ], [ -62.16249765, -24.19599911 ], [ -62.16496676, -24.20125394 ], [ -62.16813149, -24.20617919 ], [ -62.17249261, -24.20989045 ], [ -62.1785472, -24.20775739 ], [ -62.17833084, -24.20257736 ], [ -62.17708503, -24.19698382 ], [ -62.17698753, -24.1912794 ], [ -62.17313025, -24.18658934 ], [ -62.17346076, -24.18169351 ], [ -62.17493299, -24.17624039 ], [ -62.17260534, -24.17068728 ], [ -62.17730266, -24.16630678 ], [ -62.18356488, -24.16735631 ], [ -62.18880389, -24.17060221 ], [ -62.19507605, -24.17099795 ], [ -62.19706794, -24.16612544 ], [ -62.19285792, -24.16205812 ], [ -62.18820153, -24.15838974 ], [ -62.19355206, -24.15323615 ], [ -62.19935888, -24.15115436 ], [ -62.20543292, -24.14983174 ], [ -62.21057036, -24.14661943 ], [ -62.2167187, -24.14668203 ], [ -62.22294443, -24.14611973 ], [ -62.22889417, -24.14450005 ], [ -62.23273419, -24.14019549 ], [ -62.2358452, -24.13502988 ], [ -62.24396223, -24.13511286 ], [ -62.24991992, -24.13672904 ], [ -62.25587166, -24.13847108 ], [ -62.26201366, -24.13773376 ], [ -62.26795321, -24.13601755 ], [ -62.27093871, -24.13140245 ], [ -62.27684756, -24.13327335 ], [ -62.28313657, -24.13304812 ], [ -62.28910445, -24.13169685 ], [ -62.29069139, -24.12641163 ], [ -62.29553047, -24.12373884 ], [ -62.29904684, -24.11914948 ], [ -62.30044787, -24.11339076 ], [ -62.30623093, -24.11211087 ], [ -62.31260154, -24.11191784 ], [ -62.32214395, -24.11278829 ], [ -62.32228948, -24.10830181 ], [ -62.31694426, -24.10510746 ], [ -62.31310775, -24.1006015 ], [ -62.30890873, -24.0967584 ], [ -62.31245904, -24.09248047 ], [ -62.31806382, -24.0947345 ], [ -62.32290907, -24.09848475 ], [ -62.32824121, -24.10093023 ], [ -62.33426071, -24.1021839 ], [ -62.33973514, -24.10490743 ], [ -62.34372161, -24.10762032 ], [ -62.34350545, -24.10082667 ], [ -62.34305053, -24.04051303 ], [ -62.34236031, -23.99938941 ], [ -62.34236027, -23.99938717 ], [ -62.34236053, -23.99933752 ], [ -62.34393353, -23.49517014 ] ], [ [ -61.86645837, -23.90540613 ], [ -61.85581067, -23.9099918 ], [ -61.85240922, -23.90741106 ], [ -61.84908682, -23.907505 ], [ -61.84567573, -23.90760144 ], [ -61.84508713, -23.90703426 ], [ -61.8450047, -23.90700914 ], [ -61.84375519, -23.90561297 ], [ -61.83667461, -23.90844759 ], [ -61.8371374, -23.89795496 ], [ -61.83726789, -23.89714964 ], [ -61.83672089, -23.89643176 ], [ -61.84218173, -23.89126969 ], [ -61.84153383, -23.88915402 ], [ -61.84523609, -23.88720758 ], [ -61.84338496, -23.8824683 ], [ -61.85717588, -23.8771364 ], [ -61.86198881, -23.88297609 ], [ -61.86325515, -23.88529187 ], [ -61.86457351, -23.88460766 ], [ -61.87058871, -23.89556393 ], [ -61.86457351, -23.89878636 ], [ -61.86736628, -23.90286811 ], [ -61.86563336, -23.90380991 ], [ -61.86645837, -23.90540613 ] ], [ [ -62.13285538, -24.20015338 ], [ -62.12892173, -24.19956242 ], [ -62.12892173, -24.19956242 ], [ -62.13170999, -24.19621712 ], [ -62.13226533, -24.19656537 ], [ -62.13285538, -24.20015338 ] ] ] ] } },
{ "type": "Feature", "properties": { "circuito": "0081A", "codprov": "09", "coddepto": "007" }, "geometry": { "type": "MultiPolygon", "coordinates": [ [ [ [ -61.47810644, -24.09878903 ], [ -61.47863939, -24.0984647 ], [ -61.47694228, -24.09743189 ], [ -61.47607305, -24.09641857 ], [ -61.48027431, -24.09329084 ], [ -61.4765685, -24.08906206 ], [ -61.47221129, -24.09191664 ], [ -61.46900835, -24.08818275 ], [ -61.46813383, -24.0873728 ], [ -61.46677001, -24.08610969 ], [ -61.46567918, -24.0868532 ], [ -61.46697697, -24.09145009 ], [ -61.47062829, -24.09702201 ], [ -61.47428847, -24.10152527 ], [ -61.47815313, -24.09884347 ], [ -61.47810644, -24.09878903 ] ] ] ] } },
{ "type": "Feature", "properties": { "circuito": "00083", "codprov": "09", "coddepto": "009" }, "geometry": { "type": "MultiPolygon", "coordinates": [ [ [ [ -62.30752774, -23.18950759 ], [ -62.31345623, -23.17953758 ], [ -62.30796073, -23.17899834 ], [ -62.3052187, -23.17872927 ], [ -62.30147016, -23.17630432 ], [ -62.29931168, -23.17926043 ], [ -62.29693489, -23.18251552 ], [ -62.29846208, -23.18736517 ], [ -62.29850835, -23.18974739 ], [ -62.29698967, -23.19297806 ], [ -62.30124456, -23.1943605 ], [ -62.30494103, -23.19178926 ], [ -62.30545009, -23.18940708 ], [ -62.30752774, -23.18950759 ] ] ] ] } },
{ "type": "Feature", "properties": { "circuito": "0043C", "codprov": "09", "coddepto": "005" }, "geometry": { "type": "MultiPolygon", "coordinates": [ [ [ [ -58.81627932, -24.98544405 ], [ -58.81632118, -24.98544003 ], [ -58.8164596, -24.9854006 ], [ -58.81664549, -24.98535221 ], [ -58.81678984, -24.98529664 ], [ -58.81689663, -24.98519089 ], [ -58.81702912, -24.98500985 ], [ -58.81717347, -24.98478401 ], [ -58.81724268, -24.98463524 ], [ -58.81726246, -24.98446675 ], [ -58.81728026, -24.98436458 ], [ -58.81736924, -24.98414053 ], [ -58.81740681, -24.98389855 ], [ -58.81743648, -24.98367898 ], [ -58.81744834, -24.98361445 ], [ -58.81750371, -24.98342983 ], [ -58.81756699, -24.98316813 ], [ -58.81760258, -24.98298709 ], [ -58.81766389, -24.98285355 ], [ -58.8177153, -24.98274959 ], [ -58.81782011, -24.98251837 ], [ -58.81792096, -24.98236242 ], [ -58.81811673, -24.98213836 ], [ -58.81824922, -24.98202365 ], [ -58.81845883, -24.98186233 ], [ -58.81863878, -24.98177091 ], [ -58.81886026, -24.98168666 ], [ -58.81904021, -24.98165261 ], [ -58.81922214, -24.98164544 ], [ -58.81934474, -24.98166157 ], [ -58.81940406, -24.98167949 ], [ -58.81955237, -24.98174402 ], [ -58.81966311, -24.98184082 ], [ -58.81974617, -24.98194119 ], [ -58.81978572, -24.98202544 ], [ -58.81979165, -24.98213388 ], [ -58.81982131, -24.98225756 ], [ -58.81989052, -24.98244039 ], [ -58.82011398, -24.98292346 ], [ -58.82012387, -24.98295752 ], [ -58.82022669, -24.98319591 ], [ -58.820375, -24.98346657 ], [ -58.8204541, -24.9835795 ], [ -58.82058066, -24.98376232 ], [ -58.82067954, -24.98388421 ], [ -58.82090299, -24.98413694 ], [ -58.8209544, -24.98418892 ], [ -58.82106119, -24.98433232 ], [ -58.82115017, -24.98444524 ], [ -58.821253, -24.98456175 ], [ -58.82135781, -24.98464958 ], [ -58.82149623, -24.98476429 ], [ -58.82166036, -24.98483241 ], [ -58.8218067, -24.98487901 ], [ -58.82195698, -24.984905 ], [ -58.82200247, -24.98490858 ], [ -58.82211321, -24.98492471 ], [ -58.82223976, -24.98492651 ], [ -58.82239598, -24.98492651 ], [ -58.82263921, -24.98495519 ], [ -58.82279148, -24.98499103 ], [ -58.82295363, -24.98503943 ], [ -58.82311381, -24.98510396 ], [ -58.82316522, -24.98514877 ], [ -58.8232463, -24.98520792 ], [ -58.82335506, -24.98526348 ], [ -58.82352315, -24.9853764 ], [ -58.82358642, -24.98540688 ], [ -58.82376044, -24.98552159 ], [ -58.82392655, -24.98569187 ], [ -58.82404574, -24.98584596 ], [ -58.8240452, -24.98584602 ], [ -58.82419153, -24.98600912 ], [ -58.82431414, -24.98617761 ], [ -58.82453166, -24.98645006 ], [ -58.82467008, -24.98665439 ], [ -58.824765, -24.98687306 ], [ -58.82484805, -24.98713833 ], [ -58.82518818, -24.98780152 ], [ -58.82539384, -24.98809547 ], [ -58.82565091, -24.98839659 ], [ -58.82586448, -24.98858658 ], [ -58.82607409, -24.9887228 ], [ -58.82638257, -24.98892354 ], [ -58.82665547, -24.98903467 ], [ -58.82693627, -24.98907948 ], [ -58.8270826, -24.98909382 ], [ -58.82730012, -24.98910098 ], [ -58.82761256, -24.9890508 ], [ -58.82794873, -24.98896835 ], [ -58.82834818, -24.98885722 ], [ -58.82881487, -24.98868516 ], [ -58.82929342, -24.98846649 ], [ -58.82957817, -24.98831234 ], [ -58.82970473, -24.98821556 ], [ -58.82995785, -24.98789651 ], [ -58.83032566, -24.98740182 ], [ -58.83056691, -24.98701466 ], [ -58.83078048, -24.98679957 ], [ -58.830713, -24.98450586 ], [ -58.83065392, -24.96918984 ], [ -58.83141327, -24.9692472 ], [ -58.83128671, -24.9594948 ], [ -58.82838586, -24.95953791 ], [ -58.82838515, -24.95950149 ], [ -58.81586389, -24.95956203 ], [ -58.81586389, -24.96765465 ], [ -58.81586389, -24.9751693 ], [ -58.81589553, -24.97594369 ], [ -58.81595881, -24.98066159 ], [ -58.81627932, -24.98544405 ] ] ] ] } },
{ "type": "Feature", "properties": { "circuito": "0044A", "codprov": "09", "coddepto": "005" }, "geometry": { "type": "MultiPolygon", "coordinates": [ [ [ [ -58.52750681, -25.21196798 ], [ -58.52709365, -25.21187761 ], [ -58.52643807, -25.21173422 ], [ -58.52628778, -25.2117038 ], [ -58.52356171, -25.21111608 ], [ -58.51841347, -25.20998267 ], [ -58.5182733, -25.20986642 ], [ -58.51827307, -25.20986638 ], [ -58.51670493, -25.20779276 ], [ -58.5165557, -25.2077838 ], [ -58.50955438, -25.20736337 ], [ -58.50601075, -25.20719161 ], [ -58.50599078, -25.20725708 ], [ -58.50579938, -25.20788486 ], [ -58.50575763, -25.20802178 ], [ -58.50574919, -25.20802997 ], [ -58.50332138, -25.21504937 ], [ -58.50170168, -25.2222069 ], [ -58.50342926, -25.22292614 ], [ -58.50343014, -25.22292632 ], [ -58.50552627, -25.22377069 ], [ -58.50601668, -25.22396389 ], [ -58.51144287, -25.22441112 ], [ -58.51375652, -25.22458644 ], [ -58.51575377, -25.22510343 ], [ -58.51674646, -25.22534314 ], [ -58.51896123, -25.22590486 ], [ -58.52146472, -25.22653455 ], [ -58.52331168, -25.22698534 ], [ -58.52346227, -25.2264748 ], [ -58.52356831, -25.22611531 ], [ -58.52360794, -25.22604911 ], [ -58.52361207, -25.22604935 ], [ -58.52440772, -25.22297892 ], [ -58.52448828, -25.22274921 ], [ -58.52750681, -25.21196798 ] ] ] ] } },
{ "type": "Feature", "properties": { "circuito": "00018", "codprov": "09", "coddepto": "001" }, "geometry": { "type": "MultiPolygon", "coordinates": [ [ [ [ -58.90189753, -25.86163018 ], [ -58.90196528, -25.8615477 ], [ -58.90144343, -25.86092718 ], [ -58.90145775, -25.86091761 ], [ -58.89638579, -25.85484602 ], [ -58.89164378, -25.84889037 ], [ -58.88215755, -25.85549436 ], [ -58.88210529, -25.85554587 ], [ -58.87565114, -25.8599411 ], [ -58.87374523, -25.861239 ], [ -58.87566869, -25.86347338 ], [ -58.88307005, -25.87207118 ], [ -58.88311214, -25.87219062 ], [ -58.88472301, -25.87417683 ], [ -58.90046537, -25.86291887 ], [ -58.90077204, -25.86276907 ], [ -58.90164722, -25.86189865 ], [ -58.90171172, -25.8618564 ], [ -58.90180997, -25.86173678 ], [ -58.90189753, -25.86163018 ] ] ] ] } },
{ "type": "Feature", "properties": { "circuito": "00017", "codprov": "09", "coddepto": "001" }, "geometry": { "type": "MultiPolygon", "coordinates": [ [ [ [ -58.65119228, -26.01001215 ], [ -58.6319801, -26.02266281 ], [ -58.63100655, -26.02334127 ], [ -58.64210636, -26.03696272 ], [ -58.643815, -26.03901275 ], [ -58.6438161, -26.03901529 ], [ -58.64466645, -26.04000404 ], [ -58.64494227, -26.0398101 ], [ -58.64513293, -26.03967519 ], [ -58.66448954, -26.02709508 ], [ -58.65119228, -26.01001215 ] ] ] ] } },
{ "type": "Feature", "properties": { "circuito": "00019", "codprov": "09", "coddepto": "001" }, "geometry": { "type": "MultiPolygon", "coordinates": [ [ [ [ -58.28632824, -25.67895951 ], [ -58.28674265, -25.67338381 ], [ -58.27770047, -25.67364955 ], [ -58.27496153, -25.67373005 ], [ -58.27471776, -25.66851196 ], [ -58.26579954, -25.66875454 ], [ -58.26578451, -25.66626313 ], [ -58.25688284, -25.66642148 ], [ -58.25685164, -25.67269312 ], [ -58.25485889, -25.67404014 ], [ -58.24818855, -25.67877065 ], [ -58.24983862, -25.68064668 ], [ -58.24965499, -25.68108008 ], [ -58.24277628, -25.69731469 ], [ -58.27946484, -25.69710277 ], [ -58.28042004, -25.69706304 ], [ -58.28471444, -25.69688444 ], [ -58.28627245, -25.69688444 ], [ -58.28617641, -25.68416189 ], [ -58.28610825, -25.68416003 ], [ -58.28646453, -25.68266164 ], [ -58.28633958, -25.67895937 ], [ -58.28632824, -25.67895951 ] ] ] ] } },
{ "type": "Feature", "properties": { "circuito": "00028", "codprov": "09", "coddepto": "003" }, "geometry": { "type": "MultiPolygon", "coordinates": [ [ [ [ -58.32391057, -25.20619793 ], [ -58.32944273, -25.20605158 ], [ -58.33360709, -25.20583398 ], [ -58.33682688, -25.20566574 ], [ -58.33553172, -25.19778813 ], [ -58.33486016, -25.19791834 ], [ -58.33423657, -25.19767962 ], [ -58.33271458, -25.19690891 ], [ -58.33271323, -25.1968954 ], [ -58.33155032, -25.19635578 ], [ -58.3311186, -25.19637748 ], [ -58.32328374, -25.19757311 ], [ -58.32391057, -25.20619793 ] ] ] ] } },
{ "type": "Feature", "properties": { "circuito": "00029", "codprov": "09", "coddepto": "003" }, "geometry": { "type": "MultiPolygon", "coordinates": [ [ [ [ -58.17897107, -25.16479645 ], [ -58.17915354, -25.17111331 ], [ -58.17761885, -25.1711554 ], [ -58.17763545, -25.17808201 ], [ -58.18116991, -25.17536511 ], [ -58.18212909, -25.1746278 ], [ -58.18754808, -25.17456465 ], [ -58.18759605, -25.17387005 ], [ -58.18941886, -25.17380493 ], [ -58.18940687, -25.17449953 ], [ -58.19171898, -25.17444923 ], [ -58.19190124, -25.17444527 ], [ -58.19187736, -25.17200326 ], [ -58.19371206, -25.17144977 ], [ -58.19399988, -25.17427162 ], [ -58.20368957, -25.1673254 ], [ -58.20368957, -25.16516548 ], [ -58.20376152, -25.16503524 ], [ -58.20376152, -25.16008572 ], [ -58.22253261, -25.15992157 ], [ -58.22253372, -25.15994051 ], [ -58.22756517, -25.15996638 ], [ -58.23412575, -25.15986864 ], [ -58.24453497, -25.16069357 ], [ -58.24995544, -25.16043307 ], [ -58.26098826, -25.15952129 ], [ -58.27417967, -25.15800166 ], [ -58.28233436, -25.15774115 ], [ -58.2915705, -25.15745707 ], [ -58.29259968, -25.16143166 ], [ -58.30859181, -25.16123995 ], [ -58.30916083, -25.16636769 ], [ -58.33475001, -25.16610206 ], [ -58.33625126, -25.16082382 ], [ -58.34056845, -25.1602594 ], [ -58.36033158, -25.15969497 ], [ -58.36181861, -25.15457156 ], [ -58.36208993, -25.15456193 ], [ -58.36227431, -25.15398539 ], [ -58.36419306, -25.14078505 ], [ -58.364289, -25.13722419 ], [ -58.36427136, -25.13474889 ], [ -58.33476276, -25.13474889 ], [ -58.32143288, -25.12047886 ], [ -58.32037338, -25.11885166 ], [ -58.30557523, -25.10286956 ], [ -58.30884595, -25.10114757 ], [ -58.30880649, -25.10108696 ], [ -58.32390139, -25.09295481 ], [ -58.30262531, -25.06742864 ], [ -58.31388213, -25.06793011 ], [ -58.31431835, -25.04913383 ], [ -58.31436485, -25.04713007 ], [ -58.31500848, -25.01939679 ], [ -58.3155507, -24.99603292 ], [ -58.3082491, -25.0059551 ], [ -58.29573879, -25.02295544 ], [ -58.26653987, -25.06263401 ], [ -58.26386986, -25.06626229 ], [ -58.23501317, -25.10547581 ], [ -58.21806944, -25.11452338 ], [ -58.2082466, -25.11129624 ], [ -58.19318441, -25.12554209 ], [ -58.18921401, -25.12946736 ], [ -58.1785158, -25.14004398 ], [ -58.17898565, -25.16479645 ], [ -58.17897107, -25.16479645 ] ], [ [ -58.26483234, -25.12474716 ], [ -58.25697983, -25.12956321 ], [ -58.25697983, -25.12956321 ], [ -58.25064716, -25.13285025 ], [ -58.25149151, -25.13407331 ], [ -58.24912732, -25.135755 ], [ -58.24828296, -25.13468484 ], [ -58.24524328, -25.13598432 ], [ -58.24608763, -25.13736023 ], [ -58.2424569, -25.13919475 ], [ -58.24287908, -25.14079993 ], [ -58.24068375, -25.14164073 ], [ -58.23924835, -25.140112 ], [ -58.2339289, -25.14294014 ], [ -58.23291568, -25.14209935 ], [ -58.23755964, -25.13957694 ], [ -58.23519544, -25.13682516 ], [ -58.23266237, -25.14057062 ], [ -58.23148027, -25.14003556 ], [ -58.23333785, -25.13567856 ], [ -58.2374752, -25.1323916 ], [ -58.23409778, -25.12918099 ], [ -58.2348577, -25.12834011 ], [ -58.23173358, -25.12314177 ], [ -58.23713746, -25.11908997 ], [ -58.23950166, -25.12077186 ], [ -58.24186585, -25.12191859 ], [ -58.24490554, -25.1217657 ], [ -58.24769191, -25.12031316 ], [ -58.24752304, -25.11626127 ], [ -58.25132264, -25.11519094 ], [ -58.25258918, -25.11740805 ], [ -58.25664209, -25.11771385 ], [ -58.25672652, -25.11542029 ], [ -58.25841524, -25.1155732 ], [ -58.26035726, -25.11947222 ], [ -58.25849967, -25.11993092 ], [ -58.25748644, -25.1217657 ], [ -58.26483234, -25.12474716 ] ] ] ] } },
{ "type": "Feature", "properties": { "circuito": "0021A", "codprov": "09", "coddepto": "001" }, "geometry": { "type": "MultiPolygon", "coordinates": [ [ [ [ -57.98911064, -26.0912058 ], [ -57.98892325, -26.06562186 ], [ -57.98369126, -26.06541752 ], [ -57.94948649, -26.06389265 ], [ -57.9502859, -26.0648366 ], [ -57.95395148, -26.06916465 ], [ -57.95788564, -26.07327446 ], [ -57.96250349, -26.07669137 ], [ -57.96751451, -26.07973994 ], [ -57.97275382, -26.08236155 ], [ -57.9786252, -26.08381169 ], [ -57.98320455, -26.08715417 ], [ -57.98734047, -26.09117156 ], [ -57.98919218, -26.09196891 ], [ -57.98911064, -26.0912058 ] ] ] ] } },
{ "type": "Feature", "properties": { "circuito": "00003", "codprov": "09", "coddepto": "001" }, "geometry": { "type": "MultiPolygon", "coordinates": [ [ [ [ -57.57934722, -25.50750422 ], [ -57.60633355, -25.50853223 ], [ -57.60567103, -25.52433393 ], [ -57.57938823, -25.52326234 ], [ -57.57798466, -25.52649898 ], [ -57.57616053, -25.53178153 ], [ -57.57439983, -25.53707219 ], [ -57.57307406, -25.54242835 ], [ -57.57239632, -25.54791171 ], [ -57.57227667, -25.55346776 ], [ -57.57264712, -25.55894016 ], [ -57.57529645, -25.56391266 ], [ -57.5789895, -25.56831359 ], [ -57.58297544, -25.57270007 ], [ -57.58820744, -25.57462589 ], [ -57.59440451, -25.57379664 ], [ -57.60018426, -25.57123949 ], [ -57.60522903, -25.57196591 ], [ -57.6080312, -25.57710834 ], [ -57.60916899, -25.58258499 ], [ -57.60935032, -25.58809605 ], [ -57.60938723, -25.59362119 ], [ -57.61062336, -25.5989646 ], [ -57.61268886, -25.60418559 ], [ -57.61411141, -25.60969222 ], [ -57.61778164, -25.61382241 ], [ -57.62317573, -25.61664441 ], [ -57.62916298, -25.617501 ], [ -57.63513322, -25.61648689 ], [ -57.64021659, -25.61330983 ], [ -57.64414467, -25.60911559 ], [ -57.64840796, -25.60521396 ], [ -57.6537974, -25.60266808 ], [ -57.65986018, -25.60102591 ], [ -57.66575155, -25.60063344 ], [ -57.6706829, -25.60386653 ], [ -57.67398375, -25.60850345 ], [ -57.67643665, -25.61360283 ], [ -57.67866276, -25.61876542 ], [ -57.68043111, -25.62404077 ], [ -57.68120278, -25.6294966 ], [ -57.68092628, -25.63501787 ], [ -57.67958689, -25.64038849 ], [ -57.67805947, -25.64575726 ], [ -57.67662744, -25.65131529 ], [ -57.67909522, -25.65613772 ], [ -57.68410903, -25.65935767 ], [ -57.69021344, -25.65992745 ], [ -57.69628072, -25.65890317 ], [ -57.70164383, -25.65634074 ], [ -57.70683951, -25.65333806 ], [ -57.71200286, -25.65044091 ], [ -57.71557394, -25.64845692 ], [ -57.71729166, -25.64751481 ], [ -57.72277683, -25.64553231 ], [ -57.72800824, -25.64784406 ], [ -57.73316768, -25.6511963 ], [ -57.73814143, -25.65451989 ], [ -57.74286872, -25.6579773 ], [ -57.74747181, -25.66158895 ], [ -57.75218919, -25.66512629 ], [ -57.75694598, -25.66867026 ], [ -57.76143349, -25.67239163 ], [ -57.76426132, -25.67535943 ], [ -57.76533064, -25.67649639 ], [ -57.76814839, -25.68132899 ], [ -57.77028874, -25.68658496 ], [ -57.77236298, -25.69179682 ], [ -57.77414586, -25.69707286 ], [ -57.77567891, -25.70245579 ], [ -57.77734262, -25.70816903 ], [ -57.77689595, -25.71304941 ], [ -57.77120769, -25.71577542 ], [ -57.76519852, -25.71634396 ], [ -57.75903003, -25.71614085 ], [ -57.75282416, -25.71569321 ], [ -57.74692612, -25.71615967 ], [ -57.74077265, -25.7188757 ], [ -57.73871185, -25.72288334 ], [ -57.74204908, -25.72778202 ], [ -57.74609374, -25.73233542 ], [ -57.7499699, -25.73668185 ], [ -57.75417754, -25.74067943 ], [ -57.75903715, -25.74384865 ], [ -57.76507855, -25.74554699 ], [ -57.77024382, -25.74810105 ], [ -57.7733639, -25.75273143 ], [ -57.77588097, -25.75799115 ], [ -57.77940203, -25.76234385 ], [ -57.78493095, -25.76495413 ], [ -57.79091097, -25.76606069 ], [ -57.79711297, -25.76661009 ], [ -57.80319313, -25.76627337 ], [ -57.80872835, -25.76436283 ], [ -57.81393419, -25.76112391 ], [ -57.81928501, -25.75865084 ], [ -57.82571243, -25.75822956 ], [ -57.82783681, -25.75902234 ], [ -57.82962628, -25.75612325 ], [ -57.83124215, -25.75373006 ], [ -57.83334329, -25.7518396 ], [ -57.83594515, -25.75051554 ], [ -57.83878378, -25.74942004 ], [ -57.84163223, -25.74832503 ], [ -57.84430733, -25.74701388 ], [ -57.84695122, -25.74565158 ], [ -57.84973202, -25.74453014 ], [ -57.85255999, -25.74351444 ], [ -57.85543142, -25.74258633 ], [ -57.85832227, -25.7417355 ], [ -57.86123902, -25.74093987 ], [ -57.86415822, -25.74018019 ], [ -57.8670919, -25.73942574 ], [ -57.86999187, -25.73851236 ], [ -57.87294266, -25.73815789 ], [ -57.87592514, -25.73878734 ], [ -57.87892727, -25.73920257 ], [ -57.88195769, -25.73891517 ], [ -57.88497419, -25.73854171 ], [ -57.88800777, -25.73835303 ], [ -57.89105462, -25.73818745 ], [ -57.89409656, -25.73802152 ], [ -57.89712461, -25.7378413 ], [ -57.90015329, -25.73765207 ], [ -57.90318752, -25.73745412 ], [ -57.9062214, -25.7371888 ], [ -57.90925832, -25.73687874 ], [ -57.91221948, -25.73629974 ], [ -57.91510204, -25.73542027 ], [ -57.91793914, -25.73440811 ], [ -57.92078765, -25.73344586 ], [ -57.9237202, -25.73270353 ], [ -57.92666109, -25.73198403 ], [ -57.929474, -25.73096129 ], [ -57.93224915, -25.7298377 ], [ -57.93500385, -25.72865011 ], [ -57.93775417, -25.72745325 ], [ -57.94048472, -25.72625522 ], [ -57.94319853, -25.72501134 ], [ -57.94592094, -25.72378583 ], [ -57.94867541, -25.72259791 ], [ -57.95143357, -25.72142808 ], [ -57.95413793, -25.72017445 ], [ -57.95680732, -25.71885154 ], [ -57.95965351, -25.71791517 ], [ -57.96255593, -25.71709848 ], [ -57.96548924, -25.71633726 ], [ -57.96842625, -25.71559413 ], [ -57.97148345, -25.71505047 ], [ -57.97453017, -25.71451513 ], [ -57.97735658, -25.71364903 ], [ -57.97979299, -25.71217813 ], [ -57.98189626, -25.71021326 ], [ -57.98385637, -25.70802062 ], [ -57.98587631, -25.70589405 ], [ -57.98798941, -25.70385334 ], [ -57.99018057, -25.70190213 ], [ -57.99267681, -25.70049256 ], [ -57.99568551, -25.69992766 ], [ -57.99867645, -25.69925854 ], [ -58.00164397, -25.69842209 ], [ -58.00396059, -25.69680948 ], [ -58.00568246, -25.6944687 ], [ -58.0076257, -25.69236889 ], [ -58.01028629, -25.69101286 ], [ -58.01318408, -25.69010498 ], [ -58.01618982, -25.68957979 ], [ -58.01904737, -25.68860675 ], [ -58.02111851, -25.68666177 ], [ -58.02133318, -25.68382951 ], [ -58.02247771, -25.68145218 ], [ -58.02504515, -25.67978114 ], [ -58.02557888, -25.67720866 ], [ -58.02561354, -25.67447415 ], [ -58.02660947, -25.67187325 ], [ -58.02775643, -25.66930756 ], [ -58.02945403, -25.66701884 ], [ -58.03129025, -25.66472874 ], [ -58.03314731, -25.66242181 ], [ -58.03480733, -25.66009953 ], [ -58.03608471, -25.6577248 ], [ -58.0363188, -25.65518512 ], [ -58.03515581, -25.65244313 ], [ -58.03410867, -25.64981965 ], [ -58.03298924, -25.64724155 ], [ -58.03185475, -25.64466711 ], [ -58.0308355, -25.64207208 ], [ -58.03011661, -25.63942626 ], [ -58.02979038, -25.63668089 ], [ -58.02982272, -25.63390138 ], [ -58.03006586, -25.63115139 ], [ -58.03067112, -25.62846166 ], [ -58.03139988, -25.62577421 ], [ -58.03190361, -25.62304748 ], [ -58.0322455, -25.62029841 ], [ -58.03273316, -25.61758874 ], [ -58.0335209, -25.6149045 ], [ -58.03449009, -25.61224366 ], [ -58.03579729, -25.60978078 ], [ -58.03768899, -25.6076774 ], [ -58.04016774, -25.60596952 ], [ -58.04287986, -25.60476783 ], [ -58.04583927, -25.60408653 ], [ -58.04877877, -25.60333231 ], [ -58.05133146, -25.60184805 ], [ -58.05393849, -25.60043849 ], [ -58.05679956, -25.59952277 ], [ -58.05970664, -25.59865884 ], [ -58.06250636, -25.597623 ], [ -58.06528735, -25.59649634 ], [ -58.06803045, -25.59526886 ], [ -58.07064469, -25.59389521 ], [ -58.07307545, -25.59222886 ], [ -58.07536264, -25.59033929 ], [ -58.07770899, -25.58860094 ], [ -58.08036674, -25.58746273 ], [ -58.08342612, -25.58713143 ], [ -58.08641306, -25.58654937 ], [ -58.0892882, -25.58563814 ], [ -58.09212278, -25.58466632 ], [ -58.09499411, -25.5837368 ], [ -58.09791826, -25.58298058 ], [ -58.10088538, -25.5823971 ], [ -58.10388808, -25.58187382 ], [ -58.10686445, -25.58129969 ], [ -58.10978212, -25.58056527 ], [ -58.11257106, -25.57953219 ], [ -58.11529032, -25.57827991 ], [ -58.11799364, -25.57696838 ], [ -58.1207423, -25.57579384 ], [ -58.12361502, -25.5749131 ], [ -58.12656202, -25.57425615 ], [ -58.12956572, -25.57371438 ], [ -58.13259259, -25.57319622 ], [ -58.13556993, -25.57260353 ], [ -58.13748705, -25.57211048 ], [ -58.13845315, -25.5718621 ], [ -58.14115399, -25.57073388 ], [ -58.14352533, -25.56897312 ], [ -58.14584331, -25.5671197 ], [ -58.14823481, -25.56535095 ], [ -58.15063581, -25.56358715 ], [ -58.15322777, -25.5623047 ], [ -58.15632103, -25.56182544 ], [ -58.15930549, -25.56232734 ], [ -58.1617509, -25.56380966 ], [ -58.1639815, -25.56577842 ], [ -58.16626152, -25.56767353 ], [ -58.16857211, -25.56948054 ], [ -58.17124641, -25.57079559 ], [ -58.17406967, -25.57187634 ], [ -58.17700525, -25.57237529 ], [ -58.18010014, -25.5721783 ], [ -58.1827878, -25.57336826 ], [ -58.18534825, -25.57506734 ], [ -58.18792222, -25.57656072 ], [ -58.1906756, -25.57712591 ], [ -58.19366445, -25.57643386 ], [ -58.19662148, -25.57547082 ], [ -58.19948798, -25.57452978 ], [ -58.20226287, -25.57339978 ], [ -58.20489599, -25.57201534 ], [ -58.20735656, -25.57039274 ], [ -58.20961413, -25.56854384 ], [ -58.21175073, -25.56657623 ], [ -58.21428561, -25.56510105 ], [ -58.21682218, -25.56359898 ], [ -58.21911689, -25.56178328 ], [ -58.22115607, -25.55978784 ], [ -58.22140788, -25.58733928 ], [ -58.22174464, -25.58733486 ], [ -58.49237018, -25.58497595 ], [ -58.51702902, -25.58405601 ], [ -58.60552597, -25.5824534 ], [ -58.60563662, -25.48379339 ], [ -58.60564038, -25.47416322 ], [ -58.60564733, -25.47002858 ], [ -58.605723, -25.39372171 ], [ -58.5572151, -25.39352386 ], [ -58.5160183, -25.39335175 ], [ -58.48794059, -25.39268421 ], [ -58.37889144, -25.39234664 ], [ -58.37954715, -25.28004717 ], [ -58.38037931, -25.13389107 ], [ -58.38146751, -24.94072057 ], [ -58.37554407, -24.94353491 ], [ -58.36943748, -24.94374103 ], [ -58.36661482, -24.94512594 ], [ -58.36457901, -24.94612502 ], [ -58.36122624, -24.95073615 ], [ -58.35618562, -24.95374765 ], [ -58.35172468, -24.95740819 ], [ -58.34629592, -24.95976642 ], [ -58.34274727, -24.9642636 ], [ -58.34175971, -24.96968751 ], [ -58.34155414, -24.97520124 ], [ -58.34140029, -24.98091062 ], [ -58.33644986, -24.98213072 ], [ -58.33599404, -24.98651849 ], [ -58.33949033, -24.99030323 ], [ -58.33618438, -24.99514919 ], [ -58.33096766, -24.99344719 ], [ -58.32768863, -24.98878949 ], [ -58.32238969, -24.98675539 ], [ -58.32129212, -24.98643365 ], [ -58.31696837, -24.98518597 ], [ -58.31434093, -24.98035552 ], [ -58.31432001, -24.97840684 ], [ -58.31429219, -24.97475704 ], [ -58.31290622, -24.96944362 ], [ -58.30953853, -24.96488437 ], [ -58.3052099, -24.96097519 ], [ -58.30006412, -24.95817221 ], [ -58.29511246, -24.95518175 ], [ -58.2917692, -24.95048445 ], [ -58.28686251, -24.94764872 ], [ -58.28179112, -24.94469658 ], [ -58.27677368, -24.94159456 ], [ -58.27344969, -24.93692049 ], [ -58.26839214, -24.93415272 ], [ -58.26304554, -24.93176011 ], [ -58.26062164, -24.92663482 ], [ -58.25516975, -24.92428139 ], [ -58.24967202, -24.92195679 ], [ -58.24427727, -24.92003228 ], [ -58.23818308, -24.92046701 ], [ -58.2319019, -24.91965328 ], [ -58.22773273, -24.92256652 ], [ -58.22507667, -24.92777555 ], [ -58.2226662, -24.93283137 ], [ -58.21932536, -24.93742096 ], [ -58.21478169, -24.9410274 ], [ -58.21026305, -24.93917902 ], [ -58.20590754, -24.94330651 ], [ -58.20351481, -24.9460431 ], [ -58.19910664, -24.94866447 ], [ -58.19682812, -24.9537086 ], [ -58.19427626, -24.95832546 ], [ -58.18868078, -24.96041268 ], [ -58.18260279, -24.96164861 ], [ -58.17651404, -24.96158259 ], [ -58.1703442, -24.96139986 ], [ -58.16507699, -24.96342715 ], [ -58.1601454, -24.96458817 ], [ -58.15415217, -24.96356614 ], [ -58.15211425, -24.96827648 ], [ -58.14863798, -24.97284762 ], [ -58.14484097, -24.97711895 ], [ -58.14075155, -24.98118617 ], [ -58.14005719, -24.98665401 ], [ -58.14003103, -24.99213941 ], [ -58.14063735, -24.99758666 ], [ -58.14012457, -25.00321219 ], [ -58.13489771, -25.00549582 ], [ -58.12900126, -25.00670275 ], [ -58.12435815, -25.01024176 ], [ -58.11951754, -25.01340218 ], [ -58.11367595, -25.01183437 ], [ -58.10842868, -25.00975527 ], [ -58.10255654, -25.00912752 ], [ -58.0974688, -25.00587678 ], [ -58.0916181, -25.00537987 ], [ -58.09096746, -25.00928825 ], [ -58.0891454, -25.0140311 ], [ -58.08534644, -25.01682875 ], [ -58.0814665, -25.02049668 ], [ -58.08231523, -25.02603299 ], [ -58.08135748, -25.02973189 ], [ -58.07797659, -25.03290603 ], [ -58.07654798, -25.03809585 ], [ -58.07062936, -25.03802032 ], [ -58.06483144, -25.03965566 ], [ -58.05967433, -25.03709957 ], [ -58.05439023, -25.03437951 ], [ -58.04972833, -25.03558193 ], [ -58.04570758, -25.03631185 ], [ -58.04120889, -25.03310437 ], [ -58.03650798, -25.02960329 ], [ -58.03184379, -25.026602 ], [ -58.02771197, -25.03040704 ], [ -58.02194079, -25.0289874 ], [ -58.01642708, -25.02679203 ], [ -58.01142863, -25.0252299 ], [ -58.0090518, -25.03050178 ], [ -58.0061471, -25.03540859 ], [ -58.00316047, -25.04028395 ], [ -58.00049305, -25.04516754 ], [ -58.00094391, -25.05017526 ], [ -58.00077855, -25.05549495 ], [ -58.00114469, -25.06096905 ], [ -57.99855905, -25.06587041 ], [ -57.99287346, -25.06764307 ], [ -57.98978298, -25.07189779 ], [ -57.98425402, -25.07435582 ], [ -57.97841231, -25.07587262 ], [ -57.97824876, -25.07573813 ], [ -57.97406217, -25.0722944 ], [ -57.96885582, -25.07336099 ], [ -57.9645007, -25.07076453 ], [ -57.95911896, -25.07105425 ], [ -57.95400271, -25.07239878 ], [ -57.95229159, -25.07213497 ], [ -57.94827892, -25.07152572 ], [ -57.943941, -25.07024827 ], [ -57.94152264, -25.07033142 ], [ -57.93949828, -25.07041363 ], [ -57.93357765, -25.07043971 ], [ -57.92792097, -25.07042169 ], [ -57.92207364, -25.07135276 ], [ -57.91615554, -25.07268332 ], [ -57.91202831, -25.07291892 ], [ -57.91006171, -25.07302182 ], [ -57.90471411, -25.07510522 ], [ -57.89878543, -25.07592316 ], [ -57.89262116, -25.0764319 ], [ -57.88754441, -25.07383409 ], [ -57.8820746, -25.0733043 ], [ -57.87605649, -25.07421055 ], [ -57.87036594, -25.07604045 ], [ -57.86459989, -25.07774485 ], [ -57.85911192, -25.07889483 ], [ -57.85705423, -25.08413554 ], [ -57.85408993, -25.08842024 ], [ -57.85053089, -25.09224145 ], [ -57.85033216, -25.09780451 ], [ -57.85151128, -25.10330927 ], [ -57.84820491, -25.10746718 ], [ -57.84964117, -25.11133147 ], [ -57.84530955, -25.11431591 ], [ -57.84001511, -25.11696431 ], [ -57.83580855, -25.12101808 ], [ -57.83195702, -25.12535595 ], [ -57.82592948, -25.12930378 ], [ -57.82363975, -25.13465627 ], [ -57.81944836, -25.13780439 ], [ -57.81441802, -25.14082496 ], [ -57.80946205, -25.14075543 ], [ -57.80402372, -25.14177986 ], [ -57.7987688, -25.14461687 ], [ -57.79303301, -25.1460323 ], [ -57.78764481, -25.14733235 ], [ -57.78284216, -25.14696101 ], [ -57.7785376, -25.15037933 ], [ -57.77515953, -25.15495681 ], [ -57.77028816, -25.15829824 ], [ -57.76750665, -25.16307921 ], [ -57.76231038, -25.16568019 ], [ -57.75771364, -25.16924717 ], [ -57.75348762, -25.17293788 ], [ -57.75574777, -25.1774677 ], [ -57.75315346, -25.18157718 ], [ -57.7530841, -25.18703446 ], [ -57.75286587, -25.19250579 ], [ -57.75225531, -25.19345026 ], [ -57.75008003, -25.19681513 ], [ -57.75084076, -25.20172716 ], [ -57.75134666, -25.20719881 ], [ -57.75411276, -25.21146577 ], [ -57.75341524, -25.21343479 ], [ -57.75592832, -25.2134505 ], [ -57.75592955, -25.2134467 ], [ -57.7893452, -25.21349838 ], [ -57.82823779, -25.21355853 ], [ -57.82711022, -25.28138989 ], [ -57.82677525, -25.30154118 ], [ -57.82602494, -25.34667784 ], [ -57.82513161, -25.40041833 ], [ -57.82499107, -25.40887282 ], [ -57.82488757, -25.41509931 ], [ -57.82469617, -25.41509931 ], [ -57.82469549, -25.41511377 ], [ -57.79447186, -25.41505928 ], [ -57.80241379, -25.42523384 ], [ -57.79197724, -25.43142112 ], [ -57.78772513, -25.42604092 ], [ -57.77927439, -25.41534819 ], [ -57.73499243, -25.41557642 ], [ -57.7349875, -25.41542508 ], [ -57.6320356, -25.41679087 ], [ -57.58782436, -25.41771615 ], [ -57.58449491, -25.41771615 ], [ -57.58450523, -25.41769345 ], [ -57.58124799, -25.41768068 ], [ -57.5800172, -25.41931514 ], [ -57.57652705, -25.42383387 ], [ -57.5730842, -25.4283776 ], [ -57.56980782, -25.43300703 ], [ -57.56837285, -25.43536107 ], [ -57.56685693, -25.43784791 ], [ -57.56465128, -25.44296938 ], [ -57.56293103, -25.44827576 ], [ -57.56163983, -25.45365625 ], [ -57.56135736, -25.45915339 ], [ -57.56124654, -25.46297952 ], [ -57.56118843, -25.46471986 ], [ -57.56171806, -25.47011163 ], [ -57.56440023, -25.47501846 ], [ -57.5673759, -25.47989745 ], [ -57.56972523, -25.48497775 ], [ -57.57187075, -25.49014936 ], [ -57.57360392, -25.4954271 ], [ -57.57575678, -25.50056778 ], [ -57.57846693, -25.50551209 ], [ -57.57934722, -25.50750422 ] ], [ [ -58.28854976, -25.37197338 ], [ -58.28860628, -25.37397367 ], [ -58.25536392, -25.37419037 ], [ -58.25510252, -25.3658054 ], [ -58.25502814, -25.36582524 ], [ -58.25495619, -25.3627261 ], [ -58.2547883, -25.35457691 ], [ -58.25482474, -25.35457298 ], [ -58.25474033, -25.35232279 ], [ -58.26318283, -25.35206968 ], [ -58.26360298, -25.35205708 ], [ -58.27778932, -25.35186762 ], [ -58.28807187, -25.35161909 ], [ -58.28807181, -25.3516292 ], [ -58.2884144, -25.3516292 ], [ -58.28854976, -25.37197338 ] ], [ [ -58.32391057, -25.20619793 ], [ -58.32328374, -25.19757311 ], [ -58.3311186, -25.19637748 ], [ -58.33155032, -25.19635578 ], [ -58.33271323, -25.1968954 ], [ -58.33271458, -25.19690891 ], [ -58.33423657, -25.19767962 ], [ -58.33486016, -25.19791834 ], [ -58.33553172, -25.19778813 ], [ -58.33682688, -25.20566574 ], [ -58.33360709, -25.20583398 ], [ -58.32944273, -25.20605158 ], [ -58.32391057, -25.20619793 ] ], [ [ -58.31436485, -25.04713007 ], [ -58.31431835, -25.04913383 ], [ -58.31388213, -25.06793011 ], [ -58.30262531, -25.06742864 ], [ -58.32390139, -25.09295481 ], [ -58.30880649, -25.10108696 ], [ -58.30884595, -25.10114757 ], [ -58.30557523, -25.10286956 ], [ -58.32037338, -25.11885166 ], [ -58.32143288, -25.12047886 ], [ -58.33476276, -25.13474889 ], [ -58.36427136, -25.13474889 ], [ -58.364289, -25.13722419 ], [ -58.36419306, -25.14078505 ], [ -58.36227431, -25.15398539 ], [ -58.36208993, -25.15456193 ], [ -58.36181861, -25.15457156 ], [ -58.36033158, -25.15969497 ], [ -58.34056845, -25.1602594 ], [ -58.33625126, -25.16082382 ], [ -58.33475001, -25.16610206 ], [ -58.30916083, -25.16636769 ], [ -58.30859181, -25.16123995 ], [ -58.29259968, -25.16143166 ], [ -58.2915705, -25.15745707 ], [ -58.28233436, -25.15774115 ], [ -58.27417967, -25.15800166 ], [ -58.26098826, -25.15952129 ], [ -58.24995544, -25.16043307 ], [ -58.24453497, -25.16069357 ], [ -58.23412575, -25.15986864 ], [ -58.22756517, -25.15996638 ], [ -58.22253372, -25.15994051 ], [ -58.22253261, -25.15992157 ], [ -58.20376152, -25.16008572 ], [ -58.20376152, -25.16503524 ], [ -58.20368957, -25.16516548 ], [ -58.20368957, -25.1673254 ], [ -58.19399988, -25.17427162 ], [ -58.19371206, -25.17144977 ], [ -58.19187736, -25.17200326 ], [ -58.19190124, -25.17444527 ], [ -58.19171898, -25.17444923 ], [ -58.18940687, -25.17449953 ], [ -58.18941886, -25.17380493 ], [ -58.18759605, -25.17387005 ], [ -58.18754808, -25.17456465 ], [ -58.18212909, -25.1746278 ], [ -58.18116991, -25.17536511 ], [ -58.17763545, -25.17808201 ], [ -58.17761885, -25.1711554 ], [ -58.17915354, -25.17111331 ], [ -58.17897107, -25.16479645 ], [ -58.17898565, -25.16479645 ], [ -58.1785158, -25.14004398 ], [ -58.18921401, -25.12946736 ], [ -58.19318441, -25.12554209 ], [ -58.2082466, -25.11129624 ], [ -58.21806944, -25.11452338 ], [ -58.23501317, -25.10547581 ], [ -58.26386986, -25.06626229 ], [ -58.26653987, -25.06263401 ], [ -58.29573879, -25.02295544 ], [ -58.3082491, -25.0059551 ], [ -58.3155507, -24.99603292 ], [ -58.31500848, -25.01939679 ], [ -58.31436485, -25.04713007 ] ], [ [ -58.13516592, -25.23723013 ], [ -58.13277166, -25.23727744 ], [ -58.11619453, -25.23760499 ], [ -58.10631297, -25.23769177 ], [ -58.10602516, -25.22198358 ], [ -58.10588125, -25.21642882 ], [ -58.10591695, -25.21643013 ], [ -58.10559344, -25.20158594 ], [ -58.11053422, -25.20132552 ], [ -58.11041594, -25.1991137 ], [ -58.11061817, -25.19924759 ], [ -58.11079805, -25.19941035 ], [ -58.11095395, -25.19959482 ], [ -58.11106188, -25.19974673 ], [ -58.11126574, -25.19988779 ], [ -58.11146961, -25.1999963 ], [ -58.11164949, -25.20018076 ], [ -58.11176942, -25.20028927 ], [ -58.11193731, -25.20048459 ], [ -58.11223711, -25.20073415 ], [ -58.11247696, -25.20095117 ], [ -58.11270481, -25.20129839 ], [ -58.11295664, -25.20150456 ], [ -58.11322047, -25.20171072 ], [ -58.11334039, -25.20181923 ], [ -58.11358024, -25.20200369 ], [ -58.11371215, -25.20212305 ], [ -58.11389203, -25.2021773 ], [ -58.11389609, -25.20217851 ], [ -58.11388004, -25.202199 ], [ -58.11414387, -25.20232921 ], [ -58.11433575, -25.20240517 ], [ -58.11450364, -25.20245942 ], [ -58.11467153, -25.20253537 ], [ -58.11489938, -25.20257878 ], [ -58.11512723, -25.20261133 ], [ -58.11535508, -25.20266558 ], [ -58.11567887, -25.20275239 ], [ -58.11588274, -25.20278494 ], [ -58.11611059, -25.20280664 ], [ -58.11647036, -25.20283919 ], [ -58.11681813, -25.202926 ], [ -58.11714192, -25.202926 ], [ -58.11740575, -25.2029477 ], [ -58.11772954, -25.20300195 ], [ -58.11799336, -25.20309961 ], [ -58.11830516, -25.20314301 ], [ -58.11847305, -25.20321896 ], [ -58.11861696, -25.20333832 ], [ -58.11895274, -25.20344682 ], [ -58.1193125, -25.20351193 ], [ -58.11952836, -25.20355533 ], [ -58.11986415, -25.20368554 ], [ -58.12018793, -25.20380489 ], [ -58.12043977, -25.20394595 ], [ -58.12075157, -25.2040436 ], [ -58.12102739, -25.2040436 ], [ -58.12119375, -25.20397816 ], [ -58.12119528, -25.2040219 ], [ -58.12142313, -25.2039351 ], [ -58.12161501, -25.20382659 ], [ -58.12189083, -25.20360958 ], [ -58.12211868, -25.20337087 ], [ -58.12227458, -25.20313216 ], [ -58.12246645, -25.20302365 ], [ -58.12256239, -25.20289344 ], [ -58.12275426, -25.20279579 ], [ -58.12292215, -25.20267643 ], [ -58.12313801, -25.20262218 ], [ -58.12334188, -25.20261133 ], [ -58.12349778, -25.20260048 ], [ -58.12371364, -25.20256793 ], [ -58.12386954, -25.20261133 ], [ -58.12419333, -25.20266558 ], [ -58.12436122, -25.20268728 ], [ -58.1245411, -25.20273068 ], [ -58.12476895, -25.20280664 ], [ -58.1250088, -25.20282834 ], [ -58.12534458, -25.20292057 ], [ -58.12554844, -25.20293142 ], [ -58.12580028, -25.20294227 ], [ -58.12600415, -25.20297482 ], [ -58.12624399, -25.20296397 ], [ -58.12630395, -25.20297482 ], [ -58.12650782, -25.20294227 ], [ -58.12674766, -25.20287717 ], [ -58.12703548, -25.20282291 ], [ -58.12734727, -25.20269271 ], [ -58.12765907, -25.20259505 ], [ -58.12786294, -25.2026059 ], [ -58.12804282, -25.20266016 ], [ -58.12821071, -25.20277951 ], [ -58.12831864, -25.20287717 ], [ -58.12843856, -25.20296397 ], [ -58.12857048, -25.20309418 ], [ -58.12864243, -25.20323524 ], [ -58.12873837, -25.20336544 ], [ -58.12894223, -25.2034414 ], [ -58.12912212, -25.20351735 ], [ -58.12927802, -25.20360416 ], [ -58.12950587, -25.20361501 ], [ -58.12974571, -25.20359331 ], [ -58.12992559, -25.2035499 ], [ -58.13020141, -25.2035282 ], [ -58.13033333, -25.20356075 ], [ -58.13042927, -25.20361501 ], [ -58.13063313, -25.20387542 ], [ -58.13071708, -25.20403818 ], [ -58.13082501, -25.20422264 ], [ -58.13088497, -25.20435284 ], [ -58.13104087, -25.20459155 ], [ -58.13125673, -25.20488451 ], [ -58.1314486, -25.20515577 ], [ -58.13188032, -25.20532938 ], [ -58.1322161, -25.20536193 ], [ -58.1325979, -25.20537057 ], [ -58.13260169, -25.20538877 ], [ -58.1328397, -25.20540533 ], [ -58.13317548, -25.20538363 ], [ -58.13372712, -25.20542703 ], [ -58.1341484, -25.20555847 ], [ -58.13442267, -25.20564404 ], [ -58.1352861, -25.20586105 ], [ -58.1352861, -25.20718478 ], [ -58.13533407, -25.21182859 ], [ -58.13499829, -25.21595144 ], [ -58.13552595, -25.22050812 ], [ -58.13586173, -25.232832 ], [ -58.13595767, -25.23721448 ], [ -58.13516592, -25.23723013 ] ], [ [ -57.98056459, -25.24997301 ], [ -57.98048445, -25.2507746 ], [ -57.98048927, -25.25079203 ], [ -57.9803173, -25.25077302 ], [ -57.97851687, -25.25067076 ], [ -57.97838374, -25.25281402 ], [ -57.97810429, -25.25279659 ], [ -57.9780796, -25.25278847 ], [ -57.97745866, -25.25275515 ], [ -57.97745866, -25.25091405 ], [ -57.97599395, -25.25060029 ], [ -57.97609927, -25.24964773 ], [ -57.97440175, -25.24950023 ], [ -57.97392215, -25.24945855 ], [ -57.97391808, -25.24944775 ], [ -57.97425942, -25.24718376 ], [ -57.97533868, -25.24725348 ], [ -57.9756085, -25.24613786 ], [ -57.98000263, -25.2467654 ], [ -57.979887, -25.24781129 ], [ -57.98038891, -25.24788025 ], [ -57.98284533, -25.24814249 ], [ -57.98312478, -25.24715761 ], [ -57.98540858, -25.24744523 ], [ -57.98539285, -25.24766074 ], [ -57.98534113, -25.2483691 ], [ -57.98544187, -25.24838255 ], [ -57.98722667, -25.2486208 ], [ -57.98840677, -25.24877833 ], [ -57.98844401, -25.25049571 ], [ -57.98841894, -25.25049428 ], [ -57.9884151, -25.25057415 ], [ -57.98430712, -25.25025958 ], [ -57.98056459, -25.24997301 ] ], [ [ -58.36909799, -25.10802088 ], [ -58.36886137, -25.11376285 ], [ -58.36651888, -25.11438417 ], [ -58.3645313, -25.11515545 ], [ -58.36393977, -25.11504833 ], [ -58.36225979, -25.11067765 ], [ -58.36384512, -25.11037769 ], [ -58.36405807, -25.10887791 ], [ -58.36909799, -25.10802088 ] ], [ [ -58.20850697, -25.20131587 ], [ -58.20770248, -25.20157278 ], [ -58.20661405, -25.20148714 ], [ -58.20604617, -25.20114459 ], [ -58.20524168, -25.20097331 ], [ -58.20486309, -25.20148714 ], [ -58.20334875, -25.20174405 ], [ -58.20164512, -25.20157278 ], [ -58.20036739, -25.20135868 ], [ -58.19809588, -25.20084486 ], [ -58.19591902, -25.20157278 ], [ -58.194452, -25.19664853 ], [ -58.19483059, -25.19664853 ], [ -58.20235497, -25.19622032 ], [ -58.20694531, -25.19579212 ], [ -58.20850697, -25.20131587 ] ], [ [ -58.05678904, -25.25011948 ], [ -58.05697834, -25.25093271 ], [ -58.0407465, -25.25174593 ], [ -58.04041524, -25.2466097 ], [ -58.05674172, -25.24618167 ], [ -58.05678904, -25.25011948 ] ], [ [ -57.95198582, -25.18693918 ], [ -57.94400621, -25.18710991 ], [ -57.93997487, -25.18719555 ], [ -57.93208374, -25.18732403 ], [ -57.93210095, -25.18727025 ], [ -57.93211405, -25.18722927 ], [ -57.93234402, -25.18651037 ], [ -57.93233395, -25.18549851 ], [ -57.93048363, -25.17142469 ], [ -57.93592579, -25.1712962 ], [ -57.93583114, -25.1668847 ], [ -57.93584547, -25.16689368 ], [ -57.93584297, -25.16676692 ], [ -57.93611508, -25.16650993 ], [ -57.93618607, -25.16662772 ], [ -57.93625705, -25.16669196 ], [ -57.93656465, -25.16692753 ], [ -57.93680127, -25.16720593 ], [ -57.93701422, -25.16767707 ], [ -57.93714436, -25.16814821 ], [ -57.93733681, -25.16881143 ], [ -57.93751111, -25.16921896 ], [ -57.93781871, -25.16949736 ], [ -57.93826828, -25.1699899 ], [ -57.93897813, -25.1704182 ], [ -57.93971164, -25.17061093 ], [ -57.94020853, -25.17071801 ], [ -57.94080007, -25.17118913 ], [ -57.94124964, -25.17166025 ], [ -57.94181752, -25.17210996 ], [ -57.94257469, -25.17234552 ], [ -57.94307931, -25.17222533 ], [ -57.94316623, -25.17223844 ], [ -57.9439234, -25.17219562 ], [ -57.94524844, -25.17163884 ], [ -57.94586453, -25.171422 ], [ -57.94650251, -25.17097498 ], [ -57.94711771, -25.17058952 ], [ -57.94787488, -25.17016122 ], [ -57.9485374, -25.1699899 ], [ -57.94917626, -25.16996849 ], [ -57.94955485, -25.16996849 ], [ -57.94971759, -25.17001758 ], [ -57.95019371, -25.17016122 ], [ -57.95073793, -25.17001132 ], [ -57.95123482, -25.16981858 ], [ -57.95194467, -25.17007556 ], [ -57.9524179, -25.17046103 ], [ -57.95274916, -25.17084649 ], [ -57.95324605, -25.17138186 ], [ -57.95423018, -25.17202046 ], [ -57.95466575, -25.17296654 ], [ -57.95494968, -25.17382311 ], [ -57.95528095, -25.17485099 ], [ -57.95559557, -25.17547223 ], [ -57.95574235, -25.17550411 ], [ -57.95607361, -25.17565401 ], [ -57.95645219, -25.17599663 ], [ -57.95680712, -25.17661763 ], [ -57.95732767, -25.17728146 ], [ -57.95763527, -25.17785962 ], [ -57.95791921, -25.17815941 ], [ -57.95848709, -25.17860909 ], [ -57.95893666, -25.1787804 ], [ -57.95936257, -25.17884464 ], [ -57.95988312, -25.17863051 ], [ -57.96038001, -25.17833072 ], [ -57.96092423, -25.17803093 ], [ -57.96130281, -25.17809517 ], [ -57.96191801, -25.17815941 ], [ -57.96239125, -25.17822365 ], [ -57.96281715, -25.17822365 ], [ -57.96336137, -25.17820224 ], [ -57.96378728, -25.17833072 ], [ -57.96442614, -25.17839496 ], [ -57.965065, -25.17854485 ], [ -57.9659878, -25.17905877 ], [ -57.96369893, -25.18244988 ], [ -57.9607725, -25.18678556 ], [ -57.95594347, -25.18697073 ], [ -57.95198582, -25.18693918 ] ], [ [ -58.01009591, -25.1962685 ], [ -58.00978831, -25.19633273 ], [ -58.00609711, -25.19706068 ], [ -58.00604978, -25.19900898 ], [ -58.00384926, -25.19939436 ], [ -58.0027135, -25.19498387 ], [ -57.99918793, -25.19498387 ], [ -57.99897498, -25.18943843 ], [ -57.99977947, -25.18941702 ], [ -58.00306843, -25.19035912 ], [ -58.00311575, -25.19100146 ], [ -58.00377827, -25.19104428 ], [ -58.00427517, -25.1922433 ], [ -58.00571852, -25.19250023 ], [ -58.0099776, -25.19258587 ], [ -58.01009591, -25.1962685 ] ], [ [ -58.35966624, -25.31412635 ], [ -58.35970139, -25.31634491 ], [ -58.35971913, -25.31859609 ], [ -58.35968956, -25.3186763 ], [ -58.35956681, -25.31869903 ], [ -58.35885105, -25.31890222 ], [ -58.35536837, -25.31985802 ], [ -58.35196554, -25.32077772 ], [ -58.35122611, -25.32099161 ], [ -58.34971473, -25.3213659 ], [ -58.34920009, -25.32151562 ], [ -58.3490108, -25.32153166 ], [ -58.34896117, -25.32150515 ], [ -58.34888066, -25.32146215 ], [ -58.34833645, -25.32107716 ], [ -58.34741956, -25.32038739 ], [ -58.34713607, -25.32025684 ], [ -58.34710013, -25.32023767 ], [ -58.34667422, -25.32017885 ], [ -58.34606494, -25.32010934 ], [ -58.34575244, -25.32008637 ], [ -58.34533734, -25.32005587 ], [ -58.34487594, -25.3199917 ], [ -58.34446186, -25.31999705 ], [ -58.34439994, -25.32000058 ], [ -58.34438644, -25.31999972 ], [ -58.34213133, -25.32007664 ], [ -58.34196705, -25.32000239 ], [ -58.34181325, -25.31972434 ], [ -58.34180847, -25.31923164 ], [ -58.34180376, -25.31874625 ], [ -58.34180142, -25.31850519 ], [ -58.34163579, -25.31762825 ], [ -58.34128086, -25.3168636 ], [ -58.34087862, -25.31605081 ], [ -58.33996765, -25.31490648 ], [ -58.33963638, -25.31337713 ], [ -58.34081399, -25.31288745 ], [ -58.34081946, -25.31288517 ], [ -58.3415648, -25.31267127 ], [ -58.34189981, -25.31266309 ], [ -58.34220958, -25.31259908 ], [ -58.34667487, -25.31145742 ], [ -58.34707882, -25.31133463 ], [ -58.34826694, -25.31097345 ], [ -58.34933171, -25.31060982 ], [ -58.35026315, -25.31013557 ], [ -58.35139027, -25.3095617 ], [ -58.35262067, -25.30905902 ], [ -58.35360427, -25.31034483 ], [ -58.35439528, -25.31124082 ], [ -58.35565803, -25.31085352 ], [ -58.35572033, -25.31083441 ], [ -58.35723467, -25.31225685 ], [ -58.35715186, -25.31386107 ], [ -58.35725366, -25.31396726 ], [ -58.35730566, -25.3140215 ], [ -58.35815603, -25.31375447 ], [ -58.35821071, -25.31373729 ], [ -58.35825803, -25.31368194 ], [ -58.3584355, -25.3136445 ], [ -58.35863662, -25.31362311 ], [ -58.35886732, -25.31363916 ], [ -58.35894841, -25.31367886 ], [ -58.35900929, -25.31370867 ], [ -58.35925182, -25.31384236 ], [ -58.35926514, -25.31384878 ], [ -58.35936125, -25.31391455 ], [ -58.35950322, -25.31399075 ], [ -58.35960231, -25.31405625 ], [ -58.35966624, -25.31412635 ] ], [ [ -58.3281336, -25.32047478 ], [ -58.32814426, -25.32049165 ], [ -58.31072935, -25.32699355 ], [ -58.30741673, -25.32254492 ], [ -58.30609169, -25.31993556 ], [ -58.30628098, -25.31771113 ], [ -58.31347409, -25.31839557 ], [ -58.3132848, -25.31484499 ], [ -58.31456252, -25.31484499 ], [ -58.32043059, -25.31514444 ], [ -58.32317533, -25.31428886 ], [ -58.32383786, -25.3158289 ], [ -58.32492629, -25.31540111 ], [ -58.32540123, -25.31615243 ], [ -58.3284282, -25.32038471 ], [ -58.3281336, -25.32047478 ] ], [ [ -58.18234168, -25.38558016 ], [ -58.18233876, -25.3856512 ], [ -58.18211398, -25.38605736 ], [ -58.18220271, -25.38632992 ], [ -58.18233285, -25.38658109 ], [ -58.18233675, -25.38662071 ], [ -58.1822944, -25.38677215 ], [ -58.18228662, -25.38693036 ], [ -58.18227074, -25.38725312 ], [ -58.18227074, -25.38754705 ], [ -58.18227074, -25.38783029 ], [ -58.18219975, -25.38817765 ], [ -58.18199863, -25.38833263 ], [ -58.18172652, -25.38837539 ], [ -58.1816699, -25.38836587 ], [ -58.18151926, -25.38834055 ], [ -58.18147216, -25.38833263 ], [ -58.18140931, -25.38829088 ], [ -58.18128318, -25.3882071 ], [ -58.18127104, -25.38819903 ], [ -58.18121054, -25.38812688 ], [ -58.18112315, -25.38802267 ], [ -58.18095752, -25.38784097 ], [ -58.18083759, -25.3875307 ], [ -58.18082738, -25.38750429 ], [ -58.18082178, -25.3874756 ], [ -58.18080964, -25.38741344 ], [ -58.18080163, -25.38740541 ], [ -58.18064992, -25.38725312 ], [ -58.1804902, -25.38718365 ], [ -58.18041894, -25.38718645 ], [ -58.1802181, -25.38719433 ], [ -58.17997557, -25.38722105 ], [ -58.17980993, -25.38729587 ], [ -58.17959402, -25.38731725 ], [ -58.17938107, -25.38731191 ], [ -58.17912671, -25.38719433 ], [ -58.17902023, -25.38706607 ], [ -58.17891967, -25.38695919 ], [ -58.17875995, -25.38682024 ], [ -58.17866713, -25.3868 ], [ -58.17858841, -25.38678283 ], [ -58.17837545, -25.38678818 ], [ -58.17805602, -25.38696988 ], [ -58.17789631, -25.38711952 ], [ -58.17776025, -25.38736535 ], [ -58.17779574, -25.38761118 ], [ -58.17788448, -25.38784097 ], [ -58.17806194, -25.38801733 ], [ -58.17813797, -25.38808839 ], [ -58.17823348, -25.38817765 ], [ -58.17843461, -25.3882685 ], [ -58.17875404, -25.38837539 ], [ -58.17897882, -25.38847692 ], [ -58.17920361, -25.38864259 ], [ -58.17945205, -25.38880826 ], [ -58.17959402, -25.38889376 ], [ -58.17973008, -25.38903805 ], [ -58.17984247, -25.38916631 ], [ -58.17991937, -25.38930525 ], [ -58.17996669, -25.38944687 ], [ -58.17995486, -25.38965529 ], [ -58.17986022, -25.38981561 ], [ -58.17973599, -25.38994387 ], [ -58.17950529, -25.39006678 ], [ -58.17931008, -25.39013091 ], [ -58.17900248, -25.39015763 ], [ -58.17871855, -25.39015763 ], [ -58.17851151, -25.39010419 ], [ -58.17832221, -25.3899599 ], [ -58.1781625, -25.38984233 ], [ -58.1780872, -25.38980103 ], [ -58.17799202, -25.38971058 ], [ -58.17797321, -25.3896927 ], [ -58.17785186, -25.38952742 ], [ -58.17778096, -25.38943084 ], [ -58.17765082, -25.38929991 ], [ -58.17751181, -25.38923311 ], [ -58.17735209, -25.38928922 ], [ -58.17734558, -25.38929216 ], [ -58.17729001, -25.38931727 ], [ -58.17668957, -25.38852101 ], [ -58.17534922, -25.38877423 ], [ -58.17448313, -25.38893785 ], [ -58.1739537, -25.38905542 ], [ -58.17145663, -25.38877754 ], [ -58.17131703, -25.388762 ], [ -58.17342131, -25.38414813 ], [ -58.17715984, -25.38252346 ], [ -58.1802595, -25.38250208 ], [ -58.18096935, -25.38318616 ], [ -58.18146624, -25.38301514 ], [ -58.18151257, -25.38401967 ], [ -58.18167624, -25.38402655 ], [ -58.1819306, -25.38410137 ], [ -58.18198384, -25.38420825 ], [ -58.18200842, -25.38425196 ], [ -58.18214096, -25.38448757 ], [ -58.18216722, -25.38453426 ], [ -58.18235651, -25.38521832 ], [ -58.18234168, -25.38558016 ] ] ], [ [ [ -58.5620259, -25.45714253 ], [ -58.55714173, -25.45727088 ], [ -58.55715189, -25.45727088 ], [ -58.55731435, -25.45673912 ], [ -58.55764944, -25.45556557 ], [ -58.55791345, -25.45533636 ], [ -58.5620259, -25.45714253 ] ] ] ] } },
{ "type": "Feature", "properties": { "circuito": "0043A", "codprov": "09", "coddepto": "005" }, "geometry": { "type": "MultiPolygon", "coordinates": [ [ [ [ -58.38067325, -25.08171217 ], [ -58.39505599, -25.07953382 ], [ -58.39713742, -25.06563843 ], [ -58.39806251, -25.06514962 ], [ -58.3910473, -25.06221671 ], [ -58.38078091, -25.06260153 ], [ -58.38067325, -25.08171217 ] ] ] ] } },
{ "type": "Feature", "properties": { "circuito": "0031A", "codprov": "09", "coddepto": "003" }, "geometry": { "type": "MultiPolygon", "coordinates": [ [ [ [ -57.98056459, -25.24997301 ], [ -57.98430712, -25.25025958 ], [ -57.9884151, -25.25057415 ], [ -57.98841894, -25.25049428 ], [ -57.98844401, -25.25049571 ], [ -57.98840677, -25.24877833 ], [ -57.98722667, -25.2486208 ], [ -57.98544187, -25.24838255 ], [ -57.98534113, -25.2483691 ], [ -57.98539285, -25.24766074 ], [ -57.98540858, -25.24744523 ], [ -57.98312478, -25.24715761 ], [ -57.98284533, -25.24814249 ], [ -57.98038891, -25.24788025 ], [ -57.979887, -25.24781129 ], [ -57.98000263, -25.2467654 ], [ -57.9756085, -25.24613786 ], [ -57.97533868, -25.24725348 ], [ -57.97425942, -25.24718376 ], [ -57.97391808, -25.24944775 ], [ -57.97392215, -25.24945855 ], [ -57.97440175, -25.24950023 ], [ -57.97609927, -25.24964773 ], [ -57.97599395, -25.25060029 ], [ -57.97745866, -25.25091405 ], [ -57.97745866, -25.25275515 ], [ -57.9780796, -25.25278847 ], [ -57.97810429, -25.25279659 ], [ -57.97838374, -25.25281402 ], [ -57.97851687, -25.25067076 ], [ -57.9803173, -25.25077302 ], [ -57.98048927, -25.25079203 ], [ -57.98048445, -25.2507746 ], [ -57.98056459, -25.24997301 ] ] ] ] } },
{ "type": "Feature", "properties": { "circuito": "00053", "codprov": "09", "coddepto": "006" }, "geometry": { "type": "MultiPolygon", "coordinates": [ [ [ [ -59.38948381, -24.5311745 ], [ -59.36618099, -24.53921539 ], [ -59.38134791, -24.57402287 ], [ -59.40384718, -24.56634961 ], [ -59.38948381, -24.5311745 ] ] ] ] } },
{ "type": "Feature", "properties": { "circuito": "00049", "codprov": "09", "coddepto": "006" }, "geometry": { "type": "MultiPolygon", "coordinates": [ [ [ [ -59.56877358, -25.43317132 ], [ -59.59777406, -25.413729 ], [ -59.59751333, -25.41342894 ], [ -59.57295013, -25.38822043 ], [ -59.54545694, -25.40669984 ], [ -59.54556299, -25.40682679 ], [ -59.53466748, -25.41409774 ], [ -59.55863961, -25.44017804 ], [ -59.56877358, -25.43317132 ] ] ] ] } },
{ "type": "Feature", "properties": { "circuito": "00051", "codprov": "09", "coddepto": "006" }, "geometry": { "type": "MultiPolygon", "coordinates": [ [ [ [ -59.3033177, -25.03408732 ], [ -59.28193382, -25.03347224 ], [ -59.28168315, -25.0383779 ], [ -59.27716321, -25.03787738 ], [ -59.27595789, -25.03314506 ], [ -59.2724926, -25.03400963 ], [ -59.27565656, -25.04488451 ], [ -59.29104637, -25.04469984 ], [ -59.29428877, -25.04192701 ], [ -59.3033177, -25.03408732 ] ] ] ] } },
{ "type": "Feature", "properties": { "circuito": "00065", "codprov": "09", "coddepto": "006" }, "geometry": { "type": "MultiPolygon", "coordinates": [ [ [ [ -60.22173499, -24.19854108 ], [ -60.19421364, -24.19137958 ], [ -60.18518055, -24.22079309 ], [ -60.21270191, -24.22772198 ], [ -60.21270191, -24.22772198 ], [ -60.22173499, -24.19854108 ] ] ] ] } },
{ "type": "Feature", "properties": { "circuito": "0063A", "codprov": "09", "coddepto": "006" }, "geometry": { "type": "MultiPolygon", "coordinates": [ [ [ [ -59.92811761, -24.52922374 ], [ -59.91064239, -24.51286379 ], [ -59.88126377, -24.53536777 ], [ -59.90296005, -24.55134084 ], [ -59.90540827, -24.54911395 ], [ -59.90540827, -24.54911395 ], [ -59.92811761, -24.52922374 ] ] ] ] } },
{ "type": "Feature", "properties": { "circuito": "00068", "codprov": "09", "coddepto": "006" }, "geometry": { "type": "MultiPolygon", "coordinates": [ [ [ [ -60.86365396, -24.52246745 ], [ -60.85846176, -24.52367465 ], [ -60.850304, -24.52483129 ], [ -60.8451459, -24.52572685 ], [ -60.84170412, -24.52632442 ], [ -60.83205899, -24.53300619 ], [ -60.82315254, -24.53884285 ], [ -60.8119245, -24.54648386 ], [ -60.80979225, -24.55256984 ], [ -60.80650043, -24.56068952 ], [ -60.80902211, -24.56275368 ], [ -60.80941456, -24.56247654 ], [ -60.82413272, -24.55208279 ], [ -60.83068714, -24.55063055 ], [ -60.84170412, -24.54310498 ], [ -60.84748698, -24.53861246 ], [ -60.84909099, -24.53627015 ], [ -60.85112765, -24.53289099 ], [ -60.8615959, -24.52570998 ], [ -60.86404412, -24.52398187 ], [ -60.86756871, -24.52158168 ], [ -60.86482501, -24.52215773 ], [ -60.86365396, -24.52246745 ] ] ] ] } },
{ "type": "Feature", "properties": { "circuito": "00073", "codprov": "09", "coddepto": "007" }, "geometry": { "type": "MultiPolygon", "coordinates": [ [ [ [ -61.04653372, -24.40323291 ], [ -61.04668966, -24.40296466 ], [ -61.04968662, -24.39785208 ], [ -61.05324287, -24.39090364 ], [ -61.05706293, -24.38817414 ], [ -61.05974331, -24.38627114 ], [ -61.04802985, -24.38759747 ], [ -61.04239199, -24.3884718 ], [ -61.02872647, -24.39801479 ], [ -61.02779393, -24.39873678 ], [ -61.01037794, -24.41087338 ], [ -61.00873172, -24.41241086 ], [ -61.00674782, -24.41598543 ], [ -61.00484834, -24.42025172 ], [ -61.00340263, -24.42269228 ], [ -61.00213631, -24.42411431 ], [ -61.0009362, -24.4250563 ], [ -61.00303181, -24.42685576 ], [ -61.01055733, -24.421693 ], [ -61.01240405, -24.42040545 ], [ -61.01354374, -24.41973285 ], [ -61.01742712, -24.41894494 ], [ -61.02335772, -24.41775346 ], [ -61.02718454, -24.41704089 ], [ -61.0280395, -24.41679725 ], [ -61.04185654, -24.4141405 ], [ -61.04653372, -24.40323291 ] ] ] ] } },
{ "type": "Feature", "properties": { "circuito": "0080B", "codprov": "09", "coddepto": "007" }, "geometry": { "type": "MultiPolygon", "coordinates": [ [ [ [ -61.70957379, -23.56033431 ], [ -61.69845093, -23.56059828 ], [ -61.69899088, -23.57429073 ], [ -61.71112163, -23.57405979 ], [ -61.71122962, -23.56828602 ], [ -61.71025772, -23.56825303 ], [ -61.70971778, -23.56069726 ], [ -61.70971778, -23.56069726 ], [ -61.70957379, -23.56033431 ] ] ] ] } },
{ "type": "Feature", "properties": { "circuito": "0083A", "codprov": "09", "coddepto": "009" }, "geometry": { "type": "MultiPolygon", "coordinates": [ [ [ [ -62.00897446, -23.16874176 ], [ -62.00898657, -23.16873818 ], [ -62.01248566, -23.17184781 ], [ -62.01496355, -23.17184781 ], [ -62.0209379, -23.16578944 ], [ -62.02092633, -23.16571288 ], [ -62.0241816, -23.1623694 ], [ -62.00990181, -23.15163135 ], [ -62.00976902, -23.15154424 ], [ -62.00394733, -23.14714821 ], [ -62.00357467, -23.14748093 ], [ -62.00355396, -23.14746735 ], [ -61.99434459, -23.15538191 ], [ -61.99378925, -23.15559466 ], [ -61.9964737, -23.15793816 ], [ -61.99646679, -23.15798457 ], [ -62.00716367, -23.16712524 ], [ -62.00897446, -23.16874176 ] ] ] ] } },
{ "type": "Feature", "properties": { "circuito": "00021", "codprov": "09", "coddepto": "001" }, "geometry": { "type": "MultiPolygon", "coordinates": [ [ [ [ -58.06602662, -26.03700807 ], [ -58.05047621, -26.02154706 ], [ -58.04882038, -26.0243289 ], [ -58.03917337, -26.03209182 ], [ -58.05537171, -26.04813356 ], [ -58.06185105, -26.04341182 ], [ -58.06185105, -26.04341182 ], [ -58.06602662, -26.03700807 ] ] ] ] } },
{ "type": "Feature", "properties": { "circuito": "00016", "codprov": "09", "coddepto": "001" }, "geometry": { "type": "MultiPolygon", "coordinates": [ [ [ [ -58.49931429, -26.11509057 ], [ -58.49359087, -26.10348657 ], [ -58.48052421, -26.10862609 ], [ -58.47969629, -26.10936952 ], [ -58.48606764, -26.12055278 ], [ -58.48606764, -26.12055278 ], [ -58.49315892, -26.11761162 ], [ -58.49315892, -26.11761162 ], [ -58.49657857, -26.11628646 ], [ -58.49657857, -26.11628646 ], [ -58.49931429, -26.11509057 ] ] ] ] } },
{ "type": "Feature", "properties": { "circuito": "00002", "codprov": "09", "coddepto": "001" }, "geometry": { "type": "MultiPolygon", "coordinates": [ [ [ [ -58.17431182, -26.18525188 ], [ -58.17417907, -26.18521039 ], [ -58.15851711, -26.18031486 ], [ -58.15742762, -26.18450635 ], [ -58.15423833, -26.18816629 ], [ -58.1590771, -26.1896648 ], [ -58.16472852, -26.19157053 ], [ -58.1668883, -26.19228114 ], [ -58.16879611, -26.19302404 ], [ -58.1709558, -26.19360541 ], [ -58.17437529, -26.18527238 ], [ -58.17437546, -26.18527177 ], [ -58.17431182, -26.18525188 ] ] ] ] } },
{ "type": "Feature", "properties": { "circuito": "00063", "codprov": "09", "coddepto": "006" }, "geometry": { "type": "MultiPolygon", "coordinates": [ [ [ [ -60.05084345, -24.59074896 ], [ -60.04849482, -24.58864489 ], [ -60.04733787, -24.5889605 ], [ -60.04799733, -24.58988629 ], [ -60.04714119, -24.59041231 ], [ -60.04909644, -24.5920745 ], [ -60.04909644, -24.5920745 ], [ -60.05084345, -24.59074896 ] ] ] ] } },
{ "type": "Feature", "properties": { "circuito": "0008B", "codprov": "09", "coddepto": "001" }, "geometry": { "type": "MultiPolygon", "coordinates": [ [ [ [ -58.16186867, -26.19060615 ], [ -58.15807, -26.19937766 ], [ -58.16727454, -26.20261702 ], [ -58.16919525, -26.19821673 ], [ -58.16945038, -26.19746457 ], [ -58.16977498, -26.19653011 ], [ -58.16976238, -26.19651642 ], [ -58.16993336, -26.19606827 ], [ -58.17033832, -26.19518004 ], [ -58.17093373, -26.19379946 ], [ -58.1709558, -26.19360541 ], [ -58.16879611, -26.19302404 ], [ -58.1668883, -26.19228114 ], [ -58.16472852, -26.19157053 ], [ -58.16186867, -26.19060615 ] ] ] ] } },
{ "type": "Feature", "properties": { "circuito": "S/D", "codprov": "09", "coddepto": "nan" }, "geometry": { "type": "MultiPolygon", "coordinates": [ [ [ [ -58.22451384, -26.30295861 ], [ -58.24197029, -26.25968187 ], [ -58.24315401, -26.25674729 ], [ -58.24686373, -26.24788607 ], [ -58.20364695, -26.23434242 ], [ -58.19712342, -26.23198385 ], [ -58.19712485, -26.23197621 ], [ -58.1647583, -26.221317 ], [ -58.15168681, -26.21701218 ], [ -58.15096297, -26.2167738 ], [ -58.14684788, -26.21549701 ], [ -58.11682393, -26.20618143 ], [ -58.11349487, -26.2104828 ], [ -58.11006145, -26.21497301 ], [ -58.10768392, -26.21995216 ], [ -58.10737472, -26.22531027 ], [ -58.10860764, -26.23066835 ], [ -58.11055781, -26.23586865 ], [ -58.11446941, -26.23980881 ], [ -58.11988756, -26.24230205 ], [ -58.12567448, -26.2438373 ], [ -58.13098769, -26.2451373 ], [ -58.13147444, -26.2452564 ], [ -58.13678243, -26.24666376 ], [ -58.13724225, -26.24678568 ], [ -58.14277713, -26.24859808 ], [ -58.14413873, -26.2489313 ], [ -58.14869023, -26.2500452 ], [ -58.15460644, -26.25100765 ], [ -58.16031289, -26.25294104 ], [ -58.16409054, -26.25698503 ], [ -58.16705518, -26.26179652 ], [ -58.16763503, -26.26292277 ], [ -58.1695895, -26.266719 ], [ -58.1712286, -26.27192889 ], [ -58.17129218, -26.27484465 ], [ -58.17129786, -26.27510518 ], [ -58.1713552, -26.27735195 ], [ -58.17119844, -26.28224863 ], [ -58.17118025, -26.2828168 ], [ -58.17004585, -26.28555354 ], [ -58.17981875, -26.28879003 ], [ -58.17980863, -26.28881139 ], [ -58.20119063, -26.29557785 ], [ -58.22451384, -26.30295861 ] ] ] ] } },
{ "type": "Feature", "properties": { "circuito": "00005", "codprov": "09", "coddepto": "001" }, "geometry": { "type": "MultiPolygon", "coordinates": [ [ [ [ -58.20765377, -26.13013491 ], [ -58.21564551, -26.12421067 ], [ -58.22563239, -26.1167349 ], [ -58.22888705, -26.11437297 ], [ -58.2300128, -26.11337214 ], [ -58.23031005, -26.11316347 ], [ -58.19929415, -26.10311004 ], [ -58.18081225, -26.09711936 ], [ -58.13644794, -26.12857769 ], [ -58.12572123, -26.1361839 ], [ -58.12561298, -26.13626066 ], [ -58.1256221, -26.13626549 ], [ -58.11201157, -26.13647971 ], [ -58.11028143, -26.13650694 ], [ -58.11169574, -26.13734728 ], [ -58.11326515, -26.13944811 ], [ -58.11441894, -26.14099258 ], [ -58.11500967, -26.14178333 ], [ -58.11581527, -26.14371788 ], [ -58.11629375, -26.14486687 ], [ -58.1171438, -26.14690816 ], [ -58.11723066, -26.14737806 ], [ -58.11813751, -26.15228427 ], [ -58.11734117, -26.15495261 ], [ -58.11862192, -26.15496042 ], [ -58.11862251, -26.15495786 ], [ -58.11944983, -26.15495786 ], [ -58.12024269, -26.1549888 ], [ -58.12175946, -26.15495786 ], [ -58.12400014, -26.15486503 ], [ -58.12865326, -26.15456237 ], [ -58.12865387, -26.15452466 ], [ -58.12898135, -26.15449372 ], [ -58.12949844, -26.15427712 ], [ -58.13017064, -26.15406053 ], [ -58.13080837, -26.1539677 ], [ -58.13130822, -26.15389034 ], [ -58.13156676, -26.1538594 ], [ -58.13210107, -26.15367375 ], [ -58.13289393, -26.15361186 ], [ -58.13349719, -26.15358092 ], [ -58.1341694, -26.1535345 ], [ -58.13447965, -26.15351903 ], [ -58.13480713, -26.15370469 ], [ -58.13487607, -26.15398317 ], [ -58.13477266, -26.15449372 ], [ -58.13461753, -26.15495786 ], [ -58.13478989, -26.15553029 ], [ -58.13506567, -26.15593253 ], [ -58.13528974, -26.15621101 ], [ -58.13561722, -26.15639666 ], [ -58.13604812, -26.1566442 ], [ -58.13659968, -26.15678344 ], [ -58.13713399, -26.15706191 ], [ -58.1376166, -26.1573868 ], [ -58.13803027, -26.15769622 ], [ -58.13828881, -26.15814487 ], [ -58.13854735, -26.15868634 ], [ -58.1389093, -26.15887199 ], [ -58.13944362, -26.15885652 ], [ -58.14021945, -26.15871199 ], [ -58.14021924, -26.15867087 ], [ -58.14051225, -26.15860899 ], [ -58.14121893, -26.15851617 ], [ -58.1416843, -26.15842334 ], [ -58.1424944, -26.15842334 ], [ -58.14314936, -26.15836146 ], [ -58.14370092, -26.15843881 ], [ -58.14425247, -26.15862446 ], [ -58.1444593, -26.15885652 ], [ -58.14476955, -26.15930517 ], [ -58.14526939, -26.15963005 ], [ -58.14585542, -26.15995493 ], [ -58.14625185, -26.16000134 ], [ -58.14682064, -26.15990852 ], [ -58.14757902, -26.15980022 ], [ -58.14856147, -26.15983116 ], [ -58.14925092, -26.15992399 ], [ -58.14980247, -26.15998587 ], [ -58.15038849, -26.16009416 ], [ -58.15085387, -26.16015604 ], [ -58.15114688, -26.16026434 ], [ -58.15157778, -26.16063563 ], [ -58.15207762, -26.16082127 ], [ -58.15245682, -26.16108427 ], [ -58.15254748, -26.16111853 ], [ -58.15289058, -26.16137293 ], [ -58.15308091, -26.16166476 ], [ -58.15309455, -26.16184231 ], [ -58.15331862, -26.16216719 ], [ -58.1538357, -26.16205889 ], [ -58.15443896, -26.16196607 ], [ -58.15519734, -26.16178043 ], [ -58.15581266, -26.16154031 ], [ -58.1559328, -26.16154278 ], [ -58.15628321, -26.16144009 ], [ -58.15647281, -26.16130859 ], [ -58.15659346, -26.16109974 ], [ -58.15673997, -26.16082901 ], [ -58.15691233, -26.16064336 ], [ -58.15701574, -26.16046545 ], [ -58.15717087, -26.16031848 ], [ -58.15726567, -26.16009416 ], [ -58.15730014, -26.15983116 ], [ -58.15729152, -26.15962231 ], [ -58.15720534, -26.15941346 ], [ -58.15698127, -26.15919301 ], [ -58.15670549, -26.15889906 ], [ -58.15641248, -26.1585355 ], [ -58.15624012, -26.15826477 ], [ -58.15618841, -26.15805591 ], [ -58.15624012, -26.15776197 ], [ -58.15645557, -26.15743708 ], [ -58.15673997, -26.15721275 ], [ -58.15712778, -26.15703484 ], [ -58.15750697, -26.15698843 ], [ -58.15792063, -26.15699616 ], [ -58.15830844, -26.15701163 ], [ -58.15893756, -26.15709672 ], [ -58.15917025, -26.15714314 ], [ -58.15955806, -26.15714314 ], [ -58.1598683, -26.15708125 ], [ -58.16004928, -26.1570039 ], [ -58.16026473, -26.15682598 ], [ -58.16033368, -26.1566558 ], [ -58.16031644, -26.15643921 ], [ -58.16018717, -26.15624582 ], [ -58.15994587, -26.15606017 ], [ -58.1597218, -26.15598282 ], [ -58.15944602, -26.15586678 ], [ -58.1592909, -26.15575462 ], [ -58.15926504, -26.15566179 ], [ -58.15928228, -26.15547614 ], [ -58.15945464, -26.15525954 ], [ -58.15965285, -26.15493465 ], [ -58.15974765, -26.15463296 ], [ -58.15983383, -26.15426939 ], [ -58.15985969, -26.15402958 ], [ -58.15993725, -26.15372016 ], [ -58.16000619, -26.15355771 ], [ -58.16014408, -26.15345715 ], [ -58.16029059, -26.15337979 ], [ -58.16070425, -26.15336432 ], [ -58.16112653, -26.15337979 ], [ -58.16169532, -26.15339526 ], [ -58.16209175, -26.15337979 ], [ -58.16245371, -26.15335658 ], [ -58.16276396, -26.15327149 ], [ -58.16318624, -26.15317866 ], [ -58.16353958, -26.15314772 ], [ -58.16378088, -26.15317866 ], [ -58.16404804, -26.15322508 ], [ -58.16434105, -26.15331017 ], [ -58.16470301, -26.15343394 ], [ -58.1650822, -26.15361186 ], [ -58.16530627, -26.15384393 ], [ -58.16539245, -26.15399864 ], [ -58.16537521, -26.15419203 ], [ -58.16521147, -26.15433127 ], [ -58.1649874, -26.15439316 ], [ -58.16473748, -26.15438542 ], [ -58.16442723, -26.1543158 ], [ -58.16409113, -26.15416883 ], [ -58.16384121, -26.15409921 ], [ -58.1635999, -26.15406053 ], [ -58.16330689, -26.15406826 ], [ -58.16311729, -26.15413788 ], [ -58.16291908, -26.15424618 ], [ -58.16270363, -26.15447051 ], [ -58.16258298, -26.1548805 ], [ -58.16247094, -26.1552286 ], [ -58.16234167, -26.15549935 ], [ -58.1621607, -26.15563859 ], [ -58.16198834, -26.15574688 ], [ -58.16184183, -26.15583971 ], [ -58.16170394, -26.15604083 ], [ -58.16167809, -26.15622648 ], [ -58.16172118, -26.15649723 ], [ -58.16183321, -26.15685306 ], [ -58.16190216, -26.15710059 ], [ -58.16202281, -26.15737907 ], [ -58.16222964, -26.15772716 ], [ -58.16244509, -26.1580211 ], [ -58.1626433, -26.15824543 ], [ -58.16278981, -26.15842334 ], [ -58.16288461, -26.15858578 ], [ -58.16295355, -26.15881784 ], [ -58.16297913, -26.15899692 ], [ -58.16299664, -26.15899576 ], [ -58.1630225, -26.15945214 ], [ -58.16315177, -26.15972287 ], [ -58.16331551, -26.15983116 ], [ -58.1635999, -26.15994719 ], [ -58.16384983, -26.16003228 ], [ -58.16413422, -26.16006322 ], [ -58.16449618, -26.16004775 ], [ -58.16483228, -26.15988531 ], [ -58.16497017, -26.15969193 ], [ -58.16497017, -26.15949855 ], [ -58.16490122, -26.15933611 ], [ -58.16466854, -26.15906537 ], [ -58.16442723, -26.15872502 ], [ -58.16435829, -26.15848522 ], [ -58.16439276, -26.15830731 ], [ -58.16453927, -26.1581294 ], [ -58.16482366, -26.15792054 ], [ -58.16514253, -26.15768075 ], [ -58.16529765, -26.15753377 ], [ -58.16544416, -26.15736359 ], [ -58.16553034, -26.15721662 ], [ -58.16565099, -26.1571238 ], [ -58.16580611, -26.15711606 ], [ -58.16595262, -26.15717021 ], [ -58.16609051, -26.15730171 ], [ -58.16624132, -26.15763047 ], [ -58.1662758, -26.15771556 ], [ -58.16639645, -26.15793215 ], [ -58.16645677, -26.15807525 ], [ -58.16653865, -26.1582725 ], [ -58.16663344, -26.15843494 ], [ -58.16669808, -26.15853937 ], [ -58.16680149, -26.15862059 ], [ -58.16697816, -26.15869795 ], [ -58.16711605, -26.15869021 ], [ -58.16724963, -26.15868247 ], [ -58.1674737, -26.15857805 ], [ -58.16778826, -26.15842334 ], [ -58.16796493, -26.15834986 ], [ -58.1681459, -26.15827637 ], [ -58.16829241, -26.15829958 ], [ -58.16844753, -26.15832278 ], [ -58.16861559, -26.15838466 ], [ -58.16877071, -26.15846589 ], [ -58.1690034, -26.15858192 ], [ -58.16927055, -26.15870181 ], [ -58.16941706, -26.15882171 ], [ -58.1695334, -26.15894161 ], [ -58.1696282, -26.15910018 ], [ -58.16967129, -26.15919301 ], [ -58.16970146, -26.15930517 ], [ -58.169723, -26.15940186 ], [ -58.16979625, -26.15954109 ], [ -58.16984365, -26.15962231 ], [ -58.16994276, -26.15971127 ], [ -58.17006341, -26.15977315 ], [ -58.17013666, -26.15980796 ], [ -58.17019006, -26.15981667 ], [ -58.17023146, -26.15982343 ], [ -58.17035642, -26.1598273 ], [ -58.17056326, -26.15975381 ], [ -58.17072269, -26.15967646 ], [ -58.17089505, -26.15959524 ], [ -58.17105448, -26.15950628 ], [ -58.17123115, -26.15937478 ], [ -58.17141644, -26.15922395 ], [ -58.1715414, -26.15906924 ], [ -58.17161034, -26.15896095 ], [ -58.17166205, -26.15884492 ], [ -58.17167929, -26.15870955 ], [ -58.17164913, -26.15857031 ], [ -58.17156295, -26.15846202 ], [ -58.1713992, -26.1583808 ], [ -58.17128717, -26.15836146 ], [ -58.17117083, -26.15836919 ], [ -58.17101139, -26.15836919 ], [ -58.17089074, -26.15837306 ], [ -58.17070976, -26.15834212 ], [ -58.17060635, -26.15832278 ], [ -58.17052448, -26.15829571 ], [ -58.17038659, -26.15819902 ], [ -58.17026993, -26.15808347 ], [ -58.17027013, -26.15807911 ], [ -58.17018406, -26.15795148 ], [ -58.16994707, -26.15769622 ], [ -58.16976609, -26.15751444 ], [ -58.1695334, -26.15737907 ], [ -58.1692447, -26.15724756 ], [ -58.16896892, -26.15708899 ], [ -58.16880518, -26.15697682 ], [ -58.16864575, -26.15682985 ], [ -58.1684777, -26.15669448 ], [ -58.16839583, -26.1566326 ], [ -58.16826656, -26.15655137 ], [ -58.16806403, -26.1565127 ], [ -58.16789598, -26.15645081 ], [ -58.16779257, -26.15638119 ], [ -58.16771069, -26.15625743 ], [ -58.16767191, -26.15616073 ], [ -58.1676676, -26.15604083 ], [ -58.16773655, -26.1559132 ], [ -58.16785289, -26.15583971 ], [ -58.16803387, -26.15580877 ], [ -58.16824932, -26.15580877 ], [ -58.16842599, -26.15582037 ], [ -58.16861128, -26.15584744 ], [ -58.16882242, -26.15590546 ], [ -58.16906372, -26.15597895 ], [ -58.16936104, -26.15607564 ], [ -58.16975316, -26.1561646 ], [ -58.17005048, -26.15623809 ], [ -58.17035181, -26.15630661 ], [ -58.17035211, -26.15629997 ], [ -58.17083472, -26.15640827 ], [ -58.17117944, -26.15640827 ], [ -58.17147246, -26.1562845 ], [ -58.17167929, -26.15614526 ], [ -58.1717827, -26.15588225 ], [ -58.17188612, -26.15554189 ], [ -58.17192831, -26.15531467 ], [ -58.17199278, -26.15518286 ], [ -58.17204986, -26.15506615 ], [ -58.1720671, -26.15482635 ], [ -58.17211881, -26.15457881 ], [ -58.17218775, -26.15443957 ], [ -58.17235149, -26.15424618 ], [ -58.1725771, -26.15406617 ], [ -58.17262512, -26.15404312 ], [ -58.17271991, -26.15399091 ], [ -58.17280491, -26.15396391 ], [ -58.17285996, -26.15394643 ], [ -58.17288886, -26.15394354 ], [ -58.17295691, -26.15393676 ], [ -58.17302693, -26.15394317 ], [ -58.17306248, -26.15394643 ], [ -58.17313358, -26.1539851 ], [ -58.17321324, -26.15404281 ], [ -58.17325638, -26.15407406 ], [ -58.1733596, -26.15416184 ], [ -58.17350129, -26.15419675 ], [ -58.17357525, -26.15419977 ], [ -58.1741268, -26.1541843 ], [ -58.17515235, -26.15405279 ], [ -58.17593659, -26.15384393 ], [ -58.1763244, -26.15360412 ], [ -58.17672944, -26.15309357 ], [ -58.17694489, -26.15268358 ], [ -58.17696327, -26.15269054 ], [ -58.17727022, -26.15207826 ], [ -58.17721851, -26.15172241 ], [ -58.17713922, -26.15161056 ], [ -58.17699876, -26.15150387 ], [ -58.17670574, -26.15140331 ], [ -58.17633517, -26.15139557 ], [ -58.17608525, -26.15149614 ], [ -58.17582671, -26.151705 ], [ -58.17545613, -26.15185198 ], [ -58.17509418, -26.15186746 ], [ -58.17466327, -26.15178236 ], [ -58.17436164, -26.15167406 ], [ -58.17412896, -26.15151161 ], [ -58.17398245, -26.15124859 ], [ -58.17385318, -26.15098557 ], [ -58.17378424, -26.15073029 ], [ -58.17372391, -26.15055237 ], [ -58.17362911, -26.15028548 ], [ -58.17362144, -26.15020282 ], [ -58.17362557, -26.15018298 ], [ -58.17367836, -26.15008226 ], [ -58.17372753, -26.15005157 ], [ -58.17390489, -26.15000699 ], [ -58.17424961, -26.14993736 ], [ -58.17455124, -26.14991416 ], [ -58.1748184, -26.14986 ], [ -58.17523206, -26.14965113 ], [ -58.17547337, -26.14943453 ], [ -58.1755854, -26.14924887 ], [ -58.17559402, -26.14907094 ], [ -58.1754906, -26.14883886 ], [ -58.17501661, -26.14830508 ], [ -58.17427546, -26.14746958 ], [ -58.17414619, -26.1473226 ], [ -58.17402554, -26.14716014 ], [ -58.17399107, -26.14706731 ], [ -58.17399969, -26.14694353 ], [ -58.1740514, -26.14681202 ], [ -58.17420652, -26.14666503 ], [ -58.17444782, -26.14659541 ], [ -58.17469775, -26.14655672 ], [ -58.17495629, -26.14657993 ], [ -58.1752493, -26.14664956 ], [ -58.17544933, -26.14671025 ], [ -58.17574337, -26.14679948 ], [ -58.17577069, -26.14681008 ], [ -58.17614126, -26.14693386 ], [ -58.17663249, -26.1472201 ], [ -58.17678998, -26.14732377 ], [ -58.17695263, -26.14749366 ], [ -58.17705015, -26.14765732 ], [ -58.17708924, -26.14769973 ], [ -58.17727022, -26.14784285 ], [ -58.17746556, -26.14798532 ], [ -58.17747706, -26.1479937 ], [ -58.17757287, -26.1480383 ], [ -58.1775934, -26.14804785 ], [ -58.17766881, -26.14807686 ], [ -58.17774421, -26.14810587 ], [ -58.17786056, -26.14813682 ], [ -58.17801137, -26.14815616 ], [ -58.17812648, -26.14814743 ], [ -58.17813202, -26.14814842 ], [ -58.17832162, -26.14814069 ], [ -58.17856292, -26.14812521 ], [ -58.17877837, -26.14810974 ], [ -58.17894212, -26.14810974 ], [ -58.17911448, -26.14817937 ], [ -58.17919204, -26.14829541 ], [ -58.17921789, -26.14847333 ], [ -58.17918342, -26.14869768 ], [ -58.17912623, -26.14883885 ], [ -58.17912814, -26.14883872 ], [ -58.17907139, -26.14893943 ], [ -58.1790604, -26.14895997 ], [ -58.17897228, -26.14907674 ], [ -58.1787913, -26.14932429 ], [ -58.17867065, -26.14959505 ], [ -58.17854138, -26.14991996 ], [ -58.17850691, -26.15011336 ], [ -58.17849829, -26.15035317 ], [ -58.17854138, -26.15050788 ], [ -58.17866203, -26.15065487 ], [ -58.17885163, -26.15073996 ], [ -58.17904122, -26.15070128 ], [ -58.17928253, -26.15061619 ], [ -58.17961863, -26.15049241 ], [ -58.18001506, -26.15027581 ], [ -58.18039425, -26.1501443 ], [ -58.18081653, -26.1500592 ], [ -58.18110955, -26.15000505 ], [ -58.18141118, -26.14997411 ], [ -58.18165248, -26.14991996 ], [ -58.18194549, -26.1497343 ], [ -58.18207476, -26.1495409 ], [ -58.1822816, -26.14892589 ], [ -58.18243672, -26.1485623 ], [ -58.18264355, -26.14829154 ], [ -58.182859, -26.14826059 ], [ -58.18300551, -26.14837663 ], [ -58.18303136, -26.14858551 ], [ -58.1829538, -26.14884853 ], [ -58.182859, -26.14921212 ], [ -58.18279868, -26.14945967 ], [ -58.18285038, -26.14988515 ], [ -58.18297104, -26.15032609 ], [ -58.18311754, -26.15065873 ], [ -58.1832899, -26.15078251 ], [ -58.18344503, -26.15082892 ], [ -58.18373804, -26.1508676 ], [ -58.18401382, -26.15081345 ], [ -58.18413447, -26.15067421 ], [ -58.18416032, -26.15050402 ], [ -58.18407414, -26.15034156 ], [ -58.18403105, -26.150241 ], [ -58.18386731, -26.15011722 ], [ -58.18370357, -26.15000118 ], [ -58.18356568, -26.14986967 ], [ -58.18350535, -26.14975364 ], [ -58.18349674, -26.14964533 ], [ -58.18361739, -26.1493591 ], [ -58.18385007, -26.14902646 ], [ -58.18394487, -26.14870928 ], [ -58.18410861, -26.14833022 ], [ -58.18431545, -26.14802078 ], [ -58.18448781, -26.147897 ], [ -58.18479806, -26.14788926 ], [ -58.18506521, -26.14800531 ], [ -58.18525481, -26.14812908 ], [ -58.18535823, -26.14841531 ], [ -58.18538408, -26.14874023 ], [ -58.18526343, -26.14908834 ], [ -58.1851083, -26.14942873 ], [ -58.18490147, -26.14999345 ], [ -58.18485838, -26.15055817 ], [ -58.18488424, -26.15112288 ], [ -58.18494456, -26.15133175 ], [ -58.184988, -26.15139474 ], [ -58.18502212, -26.15150194 ], [ -58.18509969, -26.1515793 ], [ -58.18518587, -26.15161798 ], [ -58.18521172, -26.15161798 ], [ -58.18532375, -26.15161798 ], [ -58.18542717, -26.1515793 ], [ -58.18550473, -26.15140911 ], [ -58.18546164, -26.15131628 ], [ -58.18536684, -26.15117704 ], [ -58.1852979, -26.151061 ], [ -58.18522896, -26.15093722 ], [ -58.18517725, -26.15072836 ], [ -58.1852031, -26.15058138 ], [ -58.18523757, -26.15042666 ], [ -58.18535823, -26.15031836 ], [ -58.18552197, -26.15031836 ], [ -58.18570295, -26.15036477 ], [ -58.18588392, -26.15044987 ], [ -58.18603043, -26.15051949 ], [ -58.18627174, -26.15053496 ], [ -58.18648719, -26.15053496 ], [ -58.18684914, -26.15041892 ], [ -58.18703012, -26.15028741 ], [ -58.18717663, -26.15008628 ], [ -58.18741793, -26.14987741 ], [ -58.18774236, -26.14967423 ], [ -58.1877885, -26.14964533 ], [ -58.18812264, -26.14971545 ], [ -58.18835031, -26.14976323 ], [ -58.18859213, -26.14920245 ], [ -58.18921263, -26.14787186 ], [ -58.18990207, -26.14621633 ], [ -58.19041915, -26.14519516 ], [ -58.19105689, -26.14405019 ], [ -58.19169462, -26.14312183 ], [ -58.19231254, -26.1421709 ], [ -58.19230807, -26.14217042 ], [ -58.19294423, -26.14147398 ], [ -58.19389221, -26.14065391 ], [ -58.19494361, -26.1396791 ], [ -58.19663274, -26.1384103 ], [ -58.19849423, -26.13701769 ], [ -58.19951115, -26.13624401 ], [ -58.20065735, -26.13542391 ], [ -58.20063778, -26.1354037 ], [ -58.20765377, -26.13013491 ] ] ] ] } },
{ "type": "Feature", "properties": { "circuito": "00001", "codprov": "09", "coddepto": "001" }, "geometry": { "type": "MultiPolygon", "coordinates": [ [ [ [ -58.17362557, -26.15018298 ], [ -58.17362144, -26.15020282 ], [ -58.17362911, -26.15028548 ], [ -58.17372391, -26.15055237 ], [ -58.17378424, -26.15073029 ], [ -58.17385318, -26.15098557 ], [ -58.17398245, -26.15124859 ], [ -58.17412896, -26.15151161 ], [ -58.17436164, -26.15167406 ], [ -58.17466327, -26.15178236 ], [ -58.17509418, -26.15186746 ], [ -58.17545613, -26.15185198 ], [ -58.17582671, -26.151705 ], [ -58.17608525, -26.15149614 ], [ -58.17633517, -26.15139557 ], [ -58.17670574, -26.15140331 ], [ -58.17699876, -26.15150387 ], [ -58.17713922, -26.15161056 ], [ -58.17721851, -26.15172241 ], [ -58.17727022, -26.15207826 ], [ -58.17696327, -26.15269054 ], [ -58.17694489, -26.15268358 ], [ -58.17672944, -26.15309357 ], [ -58.1763244, -26.15360412 ], [ -58.17593659, -26.15384393 ], [ -58.17515235, -26.15405279 ], [ -58.1741268, -26.1541843 ], [ -58.17357525, -26.15419977 ], [ -58.17350129, -26.15419675 ], [ -58.1733596, -26.15416184 ], [ -58.17325638, -26.15407406 ], [ -58.17321324, -26.15404281 ], [ -58.17313358, -26.1539851 ], [ -58.17306248, -26.15394643 ], [ -58.17302693, -26.15394317 ], [ -58.17295691, -26.15393676 ], [ -58.17288886, -26.15394354 ], [ -58.17285996, -26.15394643 ], [ -58.17280491, -26.15396391 ], [ -58.17271991, -26.15399091 ], [ -58.17262512, -26.15404312 ], [ -58.1725771, -26.15406617 ], [ -58.17235149, -26.15424618 ], [ -58.17218775, -26.15443957 ], [ -58.17211881, -26.15457881 ], [ -58.1720671, -26.15482635 ], [ -58.17204986, -26.15506615 ], [ -58.17199278, -26.15518286 ], [ -58.17192831, -26.15531467 ], [ -58.17188612, -26.15554189 ], [ -58.1717827, -26.15588225 ], [ -58.17167929, -26.15614526 ], [ -58.17147246, -26.1562845 ], [ -58.17117944, -26.15640827 ], [ -58.17083472, -26.15640827 ], [ -58.17035211, -26.15629997 ], [ -58.17035181, -26.15630661 ], [ -58.17005048, -26.15623809 ], [ -58.16975316, -26.1561646 ], [ -58.16936104, -26.15607564 ], [ -58.16906372, -26.15597895 ], [ -58.16882242, -26.15590546 ], [ -58.16861128, -26.15584744 ], [ -58.16842599, -26.15582037 ], [ -58.16824932, -26.15580877 ], [ -58.16803387, -26.15580877 ], [ -58.16785289, -26.15583971 ], [ -58.16773655, -26.1559132 ], [ -58.1676676, -26.15604083 ], [ -58.16767191, -26.15616073 ], [ -58.16771069, -26.15625743 ], [ -58.16779257, -26.15638119 ], [ -58.16789598, -26.15645081 ], [ -58.16806403, -26.1565127 ], [ -58.16826656, -26.15655137 ], [ -58.16839583, -26.1566326 ], [ -58.1684777, -26.15669448 ], [ -58.16864575, -26.15682985 ], [ -58.16880518, -26.15697682 ], [ -58.16896892, -26.15708899 ], [ -58.1692447, -26.15724756 ], [ -58.1695334, -26.15737907 ], [ -58.16976609, -26.15751444 ], [ -58.16994707, -26.15769622 ], [ -58.17018406, -26.15795148 ], [ -58.17027013, -26.15807911 ], [ -58.17026993, -26.15808347 ], [ -58.17038659, -26.15819902 ], [ -58.17052448, -26.15829571 ], [ -58.17060635, -26.15832278 ], [ -58.17070976, -26.15834212 ], [ -58.17089074, -26.15837306 ], [ -58.17101139, -26.15836919 ], [ -58.17117083, -26.15836919 ], [ -58.17128717, -26.15836146 ], [ -58.1713992, -26.1583808 ], [ -58.17156295, -26.15846202 ], [ -58.17164913, -26.15857031 ], [ -58.17167929, -26.15870955 ], [ -58.17166205, -26.15884492 ], [ -58.17161034, -26.15896095 ], [ -58.1715414, -26.15906924 ], [ -58.17141644, -26.15922395 ], [ -58.17123115, -26.15937478 ], [ -58.17105448, -26.15950628 ], [ -58.17089505, -26.15959524 ], [ -58.17072269, -26.15967646 ], [ -58.17056326, -26.15975381 ], [ -58.17035642, -26.1598273 ], [ -58.17023146, -26.15982343 ], [ -58.17019006, -26.15981667 ], [ -58.17013666, -26.15980796 ], [ -58.17006341, -26.15977315 ], [ -58.16994276, -26.15971127 ], [ -58.16984365, -26.15962231 ], [ -58.16979625, -26.15954109 ], [ -58.169723, -26.15940186 ], [ -58.16970146, -26.15930517 ], [ -58.16967129, -26.15919301 ], [ -58.1696282, -26.15910018 ], [ -58.1695334, -26.15894161 ], [ -58.16941706, -26.15882171 ], [ -58.16927055, -26.15870181 ], [ -58.1690034, -26.15858192 ], [ -58.16877071, -26.15846589 ], [ -58.16861559, -26.15838466 ], [ -58.16844753, -26.15832278 ], [ -58.16829241, -26.15829958 ], [ -58.1681459, -26.15827637 ], [ -58.16796493, -26.15834986 ], [ -58.16778826, -26.15842334 ], [ -58.1674737, -26.15857805 ], [ -58.16724963, -26.15868247 ], [ -58.16711605, -26.15869021 ], [ -58.16697816, -26.15869795 ], [ -58.16680149, -26.15862059 ], [ -58.16669808, -26.15853937 ], [ -58.16663344, -26.15843494 ], [ -58.16653865, -26.1582725 ], [ -58.16645677, -26.15807525 ], [ -58.16639645, -26.15793215 ], [ -58.1662758, -26.15771556 ], [ -58.16624132, -26.15763047 ], [ -58.16609051, -26.15730171 ], [ -58.16595262, -26.15717021 ], [ -58.16580611, -26.15711606 ], [ -58.16565099, -26.1571238 ], [ -58.16553034, -26.15721662 ], [ -58.16544416, -26.15736359 ], [ -58.16529765, -26.15753377 ], [ -58.16514253, -26.15768075 ], [ -58.16482366, -26.15792054 ], [ -58.16453927, -26.1581294 ], [ -58.16439276, -26.15830731 ], [ -58.16435829, -26.15848522 ], [ -58.16442723, -26.15872502 ], [ -58.16466854, -26.15906537 ], [ -58.16490122, -26.15933611 ], [ -58.16497017, -26.15949855 ], [ -58.16497017, -26.15969193 ], [ -58.16483228, -26.15988531 ], [ -58.16449618, -26.16004775 ], [ -58.16413422, -26.16006322 ], [ -58.16384983, -26.16003228 ], [ -58.1635999, -26.15994719 ], [ -58.16331551, -26.15983116 ], [ -58.16315177, -26.15972287 ], [ -58.1630225, -26.15945214 ], [ -58.16299664, -26.15899576 ], [ -58.16297913, -26.15899692 ], [ -58.16295355, -26.15881784 ], [ -58.16288461, -26.15858578 ], [ -58.16278981, -26.15842334 ], [ -58.1626433, -26.15824543 ], [ -58.16244509, -26.1580211 ], [ -58.16222964, -26.15772716 ], [ -58.16202281, -26.15737907 ], [ -58.16190216, -26.15710059 ], [ -58.16183321, -26.15685306 ], [ -58.16172118, -26.15649723 ], [ -58.16167809, -26.15622648 ], [ -58.16170394, -26.15604083 ], [ -58.16184183, -26.15583971 ], [ -58.16198834, -26.15574688 ], [ -58.1621607, -26.15563859 ], [ -58.16234167, -26.15549935 ], [ -58.16247094, -26.1552286 ], [ -58.16258298, -26.1548805 ], [ -58.16270363, -26.15447051 ], [ -58.16291908, -26.15424618 ], [ -58.16311729, -26.15413788 ], [ -58.16330689, -26.15406826 ], [ -58.1635999, -26.15406053 ], [ -58.16384121, -26.15409921 ], [ -58.16409113, -26.15416883 ], [ -58.16442723, -26.1543158 ], [ -58.16473748, -26.15438542 ], [ -58.1649874, -26.15439316 ], [ -58.16521147, -26.15433127 ], [ -58.16537521, -26.15419203 ], [ -58.16539245, -26.15399864 ], [ -58.16530627, -26.15384393 ], [ -58.1650822, -26.15361186 ], [ -58.16470301, -26.15343394 ], [ -58.16434105, -26.15331017 ], [ -58.16404804, -26.15322508 ], [ -58.16378088, -26.15317866 ], [ -58.16353958, -26.15314772 ], [ -58.16318624, -26.15317866 ], [ -58.16276396, -26.15327149 ], [ -58.16245371, -26.15335658 ], [ -58.16209175, -26.15337979 ], [ -58.16169532, -26.15339526 ], [ -58.16112653, -26.15337979 ], [ -58.16070425, -26.15336432 ], [ -58.16029059, -26.15337979 ], [ -58.16014408, -26.15345715 ], [ -58.16000619, -26.15355771 ], [ -58.15993725, -26.15372016 ], [ -58.15985969, -26.15402958 ], [ -58.15983383, -26.15426939 ], [ -58.15974765, -26.15463296 ], [ -58.15965285, -26.15493465 ], [ -58.15945464, -26.15525954 ], [ -58.15928228, -26.15547614 ], [ -58.15926504, -26.15566179 ], [ -58.1592909, -26.15575462 ], [ -58.15944602, -26.15586678 ], [ -58.1597218, -26.15598282 ], [ -58.15994587, -26.15606017 ], [ -58.16018717, -26.15624582 ], [ -58.16031644, -26.15643921 ], [ -58.16033368, -26.1566558 ], [ -58.16026473, -26.15682598 ], [ -58.16004928, -26.1570039 ], [ -58.1598683, -26.15708125 ], [ -58.15955806, -26.15714314 ], [ -58.15917025, -26.15714314 ], [ -58.15893756, -26.15709672 ], [ -58.15830844, -26.15701163 ], [ -58.15792063, -26.15699616 ], [ -58.15750697, -26.15698843 ], [ -58.15712778, -26.15703484 ], [ -58.15673997, -26.15721275 ], [ -58.15645557, -26.15743708 ], [ -58.15624012, -26.15776197 ], [ -58.15618841, -26.15805591 ], [ -58.15624012, -26.15826477 ], [ -58.15641248, -26.1585355 ], [ -58.15670549, -26.15889906 ], [ -58.15698127, -26.15919301 ], [ -58.15720534, -26.15941346 ], [ -58.15729152, -26.15962231 ], [ -58.15730014, -26.15983116 ], [ -58.15726567, -26.16009416 ], [ -58.15717087, -26.16031848 ], [ -58.15701574, -26.16046545 ], [ -58.15691233, -26.16064336 ], [ -58.15673997, -26.16082901 ], [ -58.15659346, -26.16109974 ], [ -58.15647281, -26.16130859 ], [ -58.15628321, -26.16144009 ], [ -58.1559328, -26.16154278 ], [ -58.15581266, -26.16154031 ], [ -58.15519734, -26.16178043 ], [ -58.15443896, -26.16196607 ], [ -58.1538357, -26.16205889 ], [ -58.15331862, -26.16216719 ], [ -58.15309455, -26.16184231 ], [ -58.15308091, -26.16166476 ], [ -58.15289058, -26.16137293 ], [ -58.15254748, -26.16111853 ], [ -58.15245682, -26.16108427 ], [ -58.15207762, -26.16082127 ], [ -58.15157778, -26.16063563 ], [ -58.15114688, -26.16026434 ], [ -58.15085387, -26.16015604 ], [ -58.15038849, -26.16009416 ], [ -58.14980247, -26.15998587 ], [ -58.14925092, -26.15992399 ], [ -58.14856147, -26.15983116 ], [ -58.14757902, -26.15980022 ], [ -58.14682064, -26.15990852 ], [ -58.14625185, -26.16000134 ], [ -58.14585542, -26.15995493 ], [ -58.14526939, -26.15963005 ], [ -58.14476955, -26.15930517 ], [ -58.1444593, -26.15885652 ], [ -58.14425247, -26.15862446 ], [ -58.14370092, -26.15843881 ], [ -58.14314936, -26.15836146 ], [ -58.1424944, -26.15842334 ], [ -58.1416843, -26.15842334 ], [ -58.14121893, -26.15851617 ], [ -58.14051225, -26.15860899 ], [ -58.14021924, -26.15867087 ], [ -58.14021945, -26.15871199 ], [ -58.13944362, -26.15885652 ], [ -58.1389093, -26.15887199 ], [ -58.13854735, -26.15868634 ], [ -58.13828881, -26.15814487 ], [ -58.13803027, -26.15769622 ], [ -58.1376166, -26.1573868 ], [ -58.13713399, -26.15706191 ], [ -58.13659968, -26.15678344 ], [ -58.13604812, -26.1566442 ], [ -58.13561722, -26.15639666 ], [ -58.13528974, -26.15621101 ], [ -58.13506567, -26.15593253 ], [ -58.13478989, -26.15553029 ], [ -58.13461753, -26.15495786 ], [ -58.13477266, -26.15449372 ], [ -58.13487607, -26.15398317 ], [ -58.13480713, -26.15370469 ], [ -58.13447965, -26.15351903 ], [ -58.1341694, -26.1535345 ], [ -58.13349719, -26.15358092 ], [ -58.13289393, -26.15361186 ], [ -58.13210107, -26.15367375 ], [ -58.13156676, -26.1538594 ], [ -58.13130822, -26.15389034 ], [ -58.13080837, -26.1539677 ], [ -58.13017064, -26.15406053 ], [ -58.12949844, -26.15427712 ], [ -58.12898135, -26.15449372 ], [ -58.12865387, -26.15452466 ], [ -58.12865326, -26.15456237 ], [ -58.12400014, -26.15486503 ], [ -58.12175946, -26.15495786 ], [ -58.12024269, -26.1549888 ], [ -58.11944983, -26.15495786 ], [ -58.11862251, -26.15495786 ], [ -58.11862192, -26.15496042 ], [ -58.11734117, -26.15495261 ], [ -58.11673672, -26.15697794 ], [ -58.11658825, -26.15747544 ], [ -58.11562167, -26.16170077 ], [ -58.11537392, -26.16278375 ], [ -58.11473448, -26.16819102 ], [ -58.11440008, -26.16972149 ], [ -58.11356724, -26.17353329 ], [ -58.11303246, -26.17893284 ], [ -58.11580191, -26.18334356 ], [ -58.12194875, -26.18363299 ], [ -58.12710059, -26.1818707 ], [ -58.13546724, -26.18051386 ], [ -58.13635192, -26.18037406 ], [ -58.14228442, -26.17949314 ], [ -58.14724343, -26.17844633 ], [ -58.15397744, -26.17703455 ], [ -58.15677519, -26.17833046 ], [ -58.15879029, -26.17926385 ], [ -58.15851711, -26.18031486 ], [ -58.17417907, -26.18521039 ], [ -58.17431182, -26.18525188 ], [ -58.17437546, -26.18527177 ], [ -58.17453046, -26.18503345 ], [ -58.17453762, -26.1850135 ], [ -58.17453752, -26.18501338 ], [ -58.17832613, -26.17551616 ], [ -58.17946462, -26.17250714 ], [ -58.18322163, -26.16257738 ], [ -58.1833978, -26.16210855 ], [ -58.18439256, -26.15946129 ], [ -58.18446542, -26.15926739 ], [ -58.18527342, -26.15711713 ], [ -58.18528596, -26.15708649 ], [ -58.18694198, -26.15303826 ], [ -58.18696764, -26.15295433 ], [ -58.18745025, -26.15182491 ], [ -58.18817847, -26.1501617 ], [ -58.18826186, -26.14996833 ], [ -58.18832072, -26.14983185 ], [ -58.18835031, -26.14976323 ], [ -58.18812264, -26.14971545 ], [ -58.1877885, -26.14964533 ], [ -58.18774236, -26.14967423 ], [ -58.18741793, -26.14987741 ], [ -58.18717663, -26.15008628 ], [ -58.18703012, -26.15028741 ], [ -58.18684914, -26.15041892 ], [ -58.18648719, -26.15053496 ], [ -58.18627174, -26.15053496 ], [ -58.18603043, -26.15051949 ], [ -58.18588392, -26.15044987 ], [ -58.18570295, -26.15036477 ], [ -58.18552197, -26.15031836 ], [ -58.18535823, -26.15031836 ], [ -58.18523757, -26.15042666 ], [ -58.1852031, -26.15058138 ], [ -58.18517725, -26.15072836 ], [ -58.18522896, -26.15093722 ], [ -58.1852979, -26.151061 ], [ -58.18536684, -26.15117704 ], [ -58.18546164, -26.15131628 ], [ -58.18550473, -26.15140911 ], [ -58.18542717, -26.1515793 ], [ -58.18532375, -26.15161798 ], [ -58.18521172, -26.15161798 ], [ -58.18518587, -26.15161798 ], [ -58.18509969, -26.1515793 ], [ -58.18502212, -26.15150194 ], [ -58.184988, -26.15139474 ], [ -58.18494456, -26.15133175 ], [ -58.18488424, -26.15112288 ], [ -58.18485838, -26.15055817 ], [ -58.18490147, -26.14999345 ], [ -58.1851083, -26.14942873 ], [ -58.18526343, -26.14908834 ], [ -58.18538408, -26.14874023 ], [ -58.18535823, -26.14841531 ], [ -58.18525481, -26.14812908 ], [ -58.18506521, -26.14800531 ], [ -58.18479806, -26.14788926 ], [ -58.18448781, -26.147897 ], [ -58.18431545, -26.14802078 ], [ -58.18410861, -26.14833022 ], [ -58.18394487, -26.14870928 ], [ -58.18385007, -26.14902646 ], [ -58.18361739, -26.1493591 ], [ -58.18349674, -26.14964533 ], [ -58.18350535, -26.14975364 ], [ -58.18356568, -26.14986967 ], [ -58.18370357, -26.15000118 ], [ -58.18386731, -26.15011722 ], [ -58.18403105, -26.150241 ], [ -58.18407414, -26.15034156 ], [ -58.18416032, -26.15050402 ], [ -58.18413447, -26.15067421 ], [ -58.18401382, -26.15081345 ], [ -58.18373804, -26.1508676 ], [ -58.18344503, -26.15082892 ], [ -58.1832899, -26.15078251 ], [ -58.18311754, -26.15065873 ], [ -58.18297104, -26.15032609 ], [ -58.18285038, -26.14988515 ], [ -58.18279868, -26.14945967 ], [ -58.182859, -26.14921212 ], [ -58.1829538, -26.14884853 ], [ -58.18303136, -26.14858551 ], [ -58.18300551, -26.14837663 ], [ -58.182859, -26.14826059 ], [ -58.18264355, -26.14829154 ], [ -58.18243672, -26.1485623 ], [ -58.1822816, -26.14892589 ], [ -58.18207476, -26.1495409 ], [ -58.18194549, -26.1497343 ], [ -58.18165248, -26.14991996 ], [ -58.18141118, -26.14997411 ], [ -58.18110955, -26.15000505 ], [ -58.18081653, -26.1500592 ], [ -58.18039425, -26.1501443 ], [ -58.18001506, -26.15027581 ], [ -58.17961863, -26.15049241 ], [ -58.17928253, -26.15061619 ], [ -58.17904122, -26.15070128 ], [ -58.17885163, -26.15073996 ], [ -58.17866203, -26.15065487 ], [ -58.17854138, -26.15050788 ], [ -58.17849829, -26.15035317 ], [ -58.17850691, -26.15011336 ], [ -58.17854138, -26.14991996 ], [ -58.17867065, -26.14959505 ], [ -58.1787913, -26.14932429 ], [ -58.17897228, -26.14907674 ], [ -58.1790604, -26.14895997 ], [ -58.17907139, -26.14893943 ], [ -58.17912814, -26.14883872 ], [ -58.17912623, -26.14883885 ], [ -58.17918342, -26.14869768 ], [ -58.17921789, -26.14847333 ], [ -58.17919204, -26.14829541 ], [ -58.17911448, -26.14817937 ], [ -58.17894212, -26.14810974 ], [ -58.17877837, -26.14810974 ], [ -58.17856292, -26.14812521 ], [ -58.17832162, -26.14814069 ], [ -58.17813202, -26.14814842 ], [ -58.17812648, -26.14814743 ], [ -58.17801137, -26.14815616 ], [ -58.17786056, -26.14813682 ], [ -58.17774421, -26.14810587 ], [ -58.17766881, -26.14807686 ], [ -58.1775934, -26.14804785 ], [ -58.17757287, -26.1480383 ], [ -58.17747706, -26.1479937 ], [ -58.17746556, -26.14798532 ], [ -58.17727022, -26.14784285 ], [ -58.17708924, -26.14769973 ], [ -58.17705015, -26.14765732 ], [ -58.17695263, -26.14749366 ], [ -58.17678998, -26.14732377 ], [ -58.17663249, -26.1472201 ], [ -58.17614126, -26.14693386 ], [ -58.17577069, -26.14681008 ], [ -58.17574337, -26.14679948 ], [ -58.17544933, -26.14671025 ], [ -58.1752493, -26.14664956 ], [ -58.17495629, -26.14657993 ], [ -58.17469775, -26.14655672 ], [ -58.17444782, -26.14659541 ], [ -58.17420652, -26.14666503 ], [ -58.1740514, -26.14681202 ], [ -58.17399969, -26.14694353 ], [ -58.17399107, -26.14706731 ], [ -58.17402554, -26.14716014 ], [ -58.17414619, -26.1473226 ], [ -58.17427546, -26.14746958 ], [ -58.17501661, -26.14830508 ], [ -58.1754906, -26.14883886 ], [ -58.17559402, -26.14907094 ], [ -58.1755854, -26.14924887 ], [ -58.17547337, -26.14943453 ], [ -58.17523206, -26.14965113 ], [ -58.1748184, -26.14986 ], [ -58.17455124, -26.14991416 ], [ -58.17424961, -26.14993736 ], [ -58.17390489, -26.15000699 ], [ -58.17372753, -26.15005157 ], [ -58.17367836, -26.15008226 ], [ -58.17362557, -26.15018298 ] ] ] ] } },
{ "type": "Feature", "properties": { "circuito": "00008", "codprov": "09", "coddepto": "001" }, "geometry": { "type": "MultiPolygon", "coordinates": [ [ [ [ -58.15108092, -26.20698827 ], [ -58.13089086, -26.20033097 ], [ -58.12765733, -26.2006052 ], [ -58.12719313, -26.20064457 ], [ -58.12176282, -26.2027593 ], [ -58.1169185, -26.20605923 ], [ -58.11682393, -26.20618143 ], [ -58.14684788, -26.21549701 ], [ -58.15096297, -26.2167738 ], [ -58.15099064, -26.21670886 ], [ -58.15322723, -26.2114601 ], [ -58.1546336, -26.20815969 ], [ -58.15400014, -26.20795082 ], [ -58.15108092, -26.20698827 ] ] ] ] } },
{ "type": "Feature", "properties": { "circuito": "0008A", "codprov": "09", "coddepto": "001" }, "geometry": { "type": "MultiPolygon", "coordinates": [ [ [ [ -58.13089086, -26.20033097 ], [ -58.15108092, -26.20698827 ], [ -58.15400014, -26.20795082 ], [ -58.1546336, -26.20815969 ], [ -58.15930918, -26.20961292 ], [ -58.16356429, -26.21111707 ], [ -58.16422207, -26.20961012 ], [ -58.16727454, -26.20261702 ], [ -58.15807, -26.19937766 ], [ -58.16186867, -26.19060615 ], [ -58.1590771, -26.1896648 ], [ -58.15423833, -26.18816629 ], [ -58.15374071, -26.18873735 ], [ -58.14880119, -26.19192123 ], [ -58.14351759, -26.19452511 ], [ -58.14236581, -26.19516372 ], [ -58.1383711, -26.19737859 ], [ -58.13325611, -26.20013037 ], [ -58.13089086, -26.20033097 ] ] ] ] } },
{ "type": "Feature", "properties": { "circuito": "00009", "codprov": "09", "coddepto": "001" }, "geometry": { "type": "MultiPolygon", "coordinates": [ [ [ [ -58.1647583, -26.221317 ], [ -58.19712485, -26.23197621 ], [ -58.19883353, -26.22283634 ], [ -58.19879857, -26.22282509 ], [ -58.19929592, -26.20787761 ], [ -58.19810319, -26.2059206 ], [ -58.19810048, -26.20592715 ], [ -58.1969486, -26.20408624 ], [ -58.19661743, -26.20388196 ], [ -58.19639516, -26.20368253 ], [ -58.1959812, -26.203408 ], [ -58.19550425, -26.20314155 ], [ -58.19513529, -26.20285895 ], [ -58.19487431, -26.20272169 ], [ -58.19443336, -26.20258443 ], [ -58.19379442, -26.20253598 ], [ -58.19313749, -26.20257635 ], [ -58.19223758, -26.20275399 ], [ -58.19115769, -26.20300429 ], [ -58.19053676, -26.20319 ], [ -58.19002831, -26.20335956 ], [ -58.18898442, -26.20387631 ], [ -58.18791352, -26.20435269 ], [ -58.18694162, -26.20488558 ], [ -58.18610921, -26.20535792 ], [ -58.18531729, -26.20591503 ], [ -58.18457648, -26.20653858 ], [ -58.18436718, -26.2066866 ], [ -58.18340949, -26.20748543 ], [ -58.18251858, -26.20827668 ], [ -58.18178515, -26.20899122 ], [ -58.18119121, -26.20966135 ], [ -58.18056128, -26.21041222 ], [ -58.18013832, -26.21089664 ], [ -58.1793644, -26.21144565 ], [ -58.17893244, -26.21168786 ], [ -58.17859048, -26.21179282 ], [ -58.17829861, -26.21179282 ], [ -58.17823052, -26.21179282 ], [ -58.17797854, -26.21159905 ], [ -58.17777156, -26.21138106 ], [ -58.17757358, -26.21088857 ], [ -58.17754659, -26.21017 ], [ -58.17759833, -26.20970172 ], [ -58.17766132, -26.20887819 ], [ -58.17759833, -26.20780436 ], [ -58.17738235, -26.20685163 ], [ -58.17702914, -26.20612092 ], [ -58.17677716, -26.20565263 ], [ -58.17586826, -26.20389246 ], [ -58.17465113, -26.20218475 ], [ -58.17409118, -26.20132799 ], [ -58.17379622, -26.20087669 ], [ -58.1725611, -26.19946366 ], [ -58.17125623, -26.19813943 ], [ -58.16977498, -26.19653011 ], [ -58.16945038, -26.19746457 ], [ -58.16919525, -26.19821673 ], [ -58.16727454, -26.20261702 ], [ -58.16422207, -26.20961012 ], [ -58.16356429, -26.21111707 ], [ -58.15930918, -26.20961292 ], [ -58.1546336, -26.20815969 ], [ -58.15322723, -26.2114601 ], [ -58.15099064, -26.21670886 ], [ -58.15096297, -26.2167738 ], [ -58.15168681, -26.21701218 ], [ -58.1647583, -26.221317 ] ] ] ] } },
{ "type": "Feature", "properties": { "circuito": "00006", "codprov": "09", "coddepto": "001" }, "geometry": { "type": "MultiPolygon", "coordinates": [ [ [ [ -58.259772, -26.13379263 ], [ -58.25166017, -26.1310394 ], [ -58.24222619, -26.12785166 ], [ -58.24077991, -26.12736297 ], [ -58.23088219, -26.12400052 ], [ -58.2305701, -26.12508132 ], [ -58.22965613, -26.1247811 ], [ -58.2206501, -26.12187892 ], [ -58.21955778, -26.12147862 ], [ -58.21941757, -26.12138706 ], [ -58.21564551, -26.12421067 ], [ -58.20765377, -26.13013491 ], [ -58.20063778, -26.1354037 ], [ -58.20065735, -26.13542391 ], [ -58.19951115, -26.13624401 ], [ -58.19849423, -26.13701769 ], [ -58.19663274, -26.1384103 ], [ -58.19494361, -26.1396791 ], [ -58.19389221, -26.14065391 ], [ -58.19294423, -26.14147398 ], [ -58.19230807, -26.14217042 ], [ -58.19231254, -26.1421709 ], [ -58.19169462, -26.14312183 ], [ -58.19105689, -26.14405019 ], [ -58.19041915, -26.14519516 ], [ -58.18990207, -26.14621633 ], [ -58.18921263, -26.14787186 ], [ -58.18859213, -26.14920245 ], [ -58.18835031, -26.14976323 ], [ -58.18832072, -26.14983185 ], [ -58.18826186, -26.14996833 ], [ -58.18817847, -26.1501617 ], [ -58.18745025, -26.15182491 ], [ -58.18696764, -26.15295433 ], [ -58.18694198, -26.15303826 ], [ -58.18528596, -26.15708649 ], [ -58.18567692, -26.15724179 ], [ -58.1868063, -26.1576904 ], [ -58.18687917, -26.15772627 ], [ -58.18798868, -26.15821484 ], [ -58.18841747, -26.15839539 ], [ -58.19054483, -26.15921653 ], [ -58.19238269, -26.15997652 ], [ -58.19474572, -26.1609469 ], [ -58.1950341, -26.16018505 ], [ -58.19599931, -26.15796502 ], [ -58.19602517, -26.15781805 ], [ -58.19594761, -26.15764787 ], [ -58.19600793, -26.15748543 ], [ -58.19618029, -26.15731525 ], [ -58.19643022, -26.15681245 ], [ -58.19662843, -26.15647982 ], [ -58.19681621, -26.1562863 ], [ -58.20624128, -26.15938658 ], [ -58.20378138, -26.16556864 ], [ -58.21264069, -26.16845371 ], [ -58.21293801, -26.16853106 ], [ -58.2131233, -26.16855813 ], [ -58.21324085, -26.1685977 ], [ -58.20972885, -26.17734294 ], [ -58.21944566, -26.18053162 ], [ -58.22290806, -26.17183117 ], [ -58.21324797, -26.16857998 ], [ -58.21364752, -26.16758507 ], [ -58.21435262, -26.16575556 ], [ -58.21484603, -26.16447532 ], [ -58.21561846, -26.16247111 ], [ -58.21560475, -26.1624666 ], [ -58.21667221, -26.15979215 ], [ -58.22002202, -26.15139944 ], [ -58.24927362, -26.16083018 ], [ -58.259772, -26.13379263 ] ] ] ] } },
{ "type": "Feature", "properties": { "circuito": "0056A", "codprov": "09", "coddepto": "006" }, "geometry": { "type": "MultiPolygon", "coordinates": [ [ [ [ -59.96960055, -24.28705284 ], [ -59.96935903, -24.28593206 ], [ -59.96770458, -24.28609816 ], [ -59.96476591, -24.28621416 ], [ -59.96618897, -24.287796 ], [ -59.96681372, -24.28929346 ], [ -59.96836404, -24.2889771 ], [ -59.96926647, -24.28792255 ], [ -59.96899185, -24.28720289 ], [ -59.96906433, -24.28718503 ], [ -59.96960055, -24.28705284 ] ] ] ] } },
{ "type": "Feature", "properties": { "circuito": "00007", "codprov": "09", "coddepto": "001" }, "geometry": { "type": "MultiPolygon", "coordinates": [ [ [ [ -58.27019492, -26.21644233 ], [ -58.27018662, -26.21643926 ], [ -58.27151795, -26.21327411 ], [ -58.28160172, -26.18752931 ], [ -58.28726216, -26.17307771 ], [ -58.22002202, -26.15139944 ], [ -58.21667221, -26.15979215 ], [ -58.21560475, -26.1624666 ], [ -58.21561846, -26.16247111 ], [ -58.21484603, -26.16447532 ], [ -58.21435262, -26.16575556 ], [ -58.21364752, -26.16758507 ], [ -58.21324797, -26.16857998 ], [ -58.22290806, -26.17183117 ], [ -58.21944566, -26.18053162 ], [ -58.20972885, -26.17734294 ], [ -58.20941474, -26.1781251 ], [ -58.20925597, -26.17852047 ], [ -58.20623228, -26.18614395 ], [ -58.20437481, -26.19080371 ], [ -58.20293999, -26.19440321 ], [ -58.2027935, -26.19435438 ], [ -58.20284303, -26.19447349 ], [ -58.20286969, -26.1945376 ], [ -58.20286577, -26.19453641 ], [ -58.20231655, -26.19591081 ], [ -58.20158763, -26.19761458 ], [ -58.2008137, -26.19957266 ], [ -58.20014777, -26.20124408 ], [ -58.19963159, -26.20258457 ], [ -58.19950884, -26.20290336 ], [ -58.19934512, -26.20291856 ], [ -58.19926127, -26.20292634 ], [ -58.19902289, -26.20362601 ], [ -58.1989059, -26.20390457 ], [ -58.19841995, -26.20516616 ], [ -58.19841086, -26.20517689 ], [ -58.19810319, -26.2059206 ], [ -58.19929592, -26.20787761 ], [ -58.19879857, -26.22282509 ], [ -58.19883353, -26.22283634 ], [ -58.19712485, -26.23197621 ], [ -58.19712342, -26.23198385 ], [ -58.20364695, -26.23434242 ], [ -58.24686373, -26.24788607 ], [ -58.24315401, -26.25674729 ], [ -58.24332239, -26.25679797 ], [ -58.24493863, -26.25728446 ], [ -58.25759831, -26.2618375 ], [ -58.26386954, -26.26409294 ], [ -58.26495377, -26.26132213 ], [ -58.26540016, -26.2601724 ], [ -58.26925033, -26.25025578 ], [ -58.27078034, -26.24635272 ], [ -58.25987999, -26.24236486 ], [ -58.26107581, -26.23935965 ], [ -58.26567654, -26.22779749 ], [ -58.27019492, -26.21644233 ] ] ] ] } },
{ "type": "Feature", "properties": { "circuito": "00011", "codprov": "09", "coddepto": "001" }, "geometry": { "type": "MultiPolygon", "coordinates": [ [ [ [ -58.26925033, -26.25025578 ], [ -58.26540016, -26.2601724 ], [ -58.26495377, -26.26132213 ], [ -58.26386954, -26.26409294 ], [ -58.25759831, -26.2618375 ], [ -58.24493863, -26.25728446 ], [ -58.24332239, -26.25679797 ], [ -58.24315401, -26.25674729 ], [ -58.24197029, -26.25968187 ], [ -58.22451384, -26.30295861 ], [ -58.25909486, -26.31390197 ], [ -58.27381621, -26.27676902 ], [ -58.28471842, -26.2492694 ], [ -58.28783106, -26.24141813 ], [ -58.29247307, -26.22970918 ], [ -58.29589189, -26.22108559 ], [ -58.27151795, -26.21327411 ], [ -58.27018662, -26.21643926 ], [ -58.27019492, -26.21644233 ], [ -58.26567654, -26.22779749 ], [ -58.26107581, -26.23935965 ], [ -58.25987999, -26.24236486 ], [ -58.27078034, -26.24635272 ], [ -58.26925033, -26.25025578 ] ] ] ] } },
{ "type": "Feature", "properties": { "circuito": "0076A", "codprov": "09", "coddepto": "007" }, "geometry": { "type": "MultiPolygon", "coordinates": [ [ [ [ -60.86435686, -23.89135854 ], [ -60.86640732, -23.89133176 ], [ -60.87310914, -23.89091397 ], [ -60.87467459, -23.89080924 ], [ -60.87535424, -23.89071257 ], [ -60.87929953, -23.89019372 ], [ -60.87933254, -23.89018938 ], [ -60.88186667, -23.88949178 ], [ -60.88232659, -23.88927451 ], [ -60.88326314, -23.88883208 ], [ -60.88350159, -23.88871944 ], [ -60.88387186, -23.88850741 ], [ -60.88528414, -23.88769872 ], [ -60.8861992, -23.88717474 ], [ -60.88767063, -23.88587917 ], [ -60.89015026, -23.88306376 ], [ -60.89359721, -23.87864742 ], [ -60.90337948, -23.86611391 ], [ -60.90309734, -23.86612909 ], [ -60.9031359, -23.86607908 ], [ -60.86402417, -23.86748926 ], [ -60.86402263, -23.86749423 ], [ -60.86276536, -23.86752804 ], [ -60.85895055, -23.88287689 ], [ -60.85906694, -23.88348266 ], [ -60.85698531, -23.89019857 ], [ -60.85687244, -23.89063962 ], [ -60.85652542, -23.89199564 ], [ -60.86435686, -23.89135854 ] ] ] ] } },
{ "type": "Feature", "properties": { "circuito": "0083B", "codprov": "09", "coddepto": "009" }, "geometry": { "type": "MultiPolygon", "coordinates": [ [ [ [ -61.89388651, -23.32853301 ], [ -61.87780024, -23.32274829 ], [ -61.87780024, -23.32274829 ], [ -61.86730385, -23.3390076 ], [ -61.86555154, -23.34193584 ], [ -61.86499079, -23.3431586 ], [ -61.86110065, -23.34541102 ], [ -61.86569172, -23.35072015 ], [ -61.86842534, -23.34901482 ], [ -61.87014261, -23.34830694 ], [ -61.87080849, -23.347953 ], [ -61.87143932, -23.34785647 ], [ -61.87196502, -23.34772776 ], [ -61.87266595, -23.34734164 ], [ -61.87319164, -23.34656939 ], [ -61.87382248, -23.34615109 ], [ -61.87420799, -23.34650504 ], [ -61.87480377, -23.34724511 ], [ -61.87536452, -23.34740599 ], [ -61.87599535, -23.34701987 ], [ -61.87606544, -23.34637633 ], [ -61.87553975, -23.34582932 ], [ -61.8750491, -23.34502489 ], [ -61.87517176, -23.34417219 ], [ -61.8752769, -23.343593 ], [ -61.87506662, -23.34317469 ], [ -61.8747512, -23.34265984 ], [ -61.87440074, -23.34195193 ], [ -61.87513671, -23.34153361 ], [ -61.87608297, -23.34117965 ], [ -61.87650352, -23.34076133 ], [ -61.87681894, -23.34002123 ], [ -61.87734463, -23.33940984 ], [ -61.87822079, -23.33944202 ], [ -61.87906191, -23.3393133 ], [ -61.87965769, -23.33934548 ], [ -61.88007825, -23.33950637 ], [ -61.88046376, -23.33979598 ], [ -61.88074413, -23.34037519 ], [ -61.88116469, -23.34043955 ], [ -61.88169038, -23.34056826 ], [ -61.88225112, -23.34076133 ], [ -61.8825315, -23.34101876 ], [ -61.88305719, -23.34130836 ], [ -61.88382821, -23.3409544 ], [ -61.88463428, -23.34043955 ], [ -61.88537025, -23.34024648 ], [ -61.88575576, -23.34063262 ], [ -61.88645669, -23.34092223 ], [ -61.88722771, -23.34076133 ], [ -61.8882791, -23.34053609 ], [ -61.88894498, -23.3406648 ], [ -61.89006646, -23.34098658 ], [ -61.89055711, -23.34137272 ], [ -61.89111785, -23.34166232 ], [ -61.89227438, -23.34137272 ], [ -61.89318559, -23.34124401 ], [ -61.89392156, -23.33680334 ], [ -61.89388651, -23.32853301 ] ] ] ] } },
{ "type": "Feature", "properties": { "circuito": "00084", "codprov": "09", "coddepto": "009" }, "geometry": { "type": "MultiPolygon", "coordinates": [ [ [ [ -62.27617006, -22.8396063 ], [ -62.27675427, -22.84054417 ], [ -62.27873763, -22.8432859 ], [ -62.28065438, -22.84604825 ], [ -62.28065487, -22.84604788 ], [ -62.28091931, -22.84438257 ], [ -62.28113969, -22.84210798 ], [ -62.27999375, -22.84044263 ], [ -62.27889189, -22.83991458 ], [ -62.27792225, -22.84028015 ], [ -62.27633557, -22.83979273 ], [ -62.27617006, -22.8396063 ] ] ] ] } },
{ "type": "Feature", "properties": { "circuito": "0084C", "codprov": "09", "coddepto": "009" }, "geometry": { "type": "MultiPolygon", "coordinates": [ [ [ [ -62.28065438, -22.84604825 ], [ -62.27873763, -22.8432859 ], [ -62.27675427, -22.84054417 ], [ -62.27617006, -22.8396063 ], [ -62.27593889, -22.83934592 ], [ -62.27492518, -22.83958963 ], [ -62.2735148, -22.84178303 ], [ -62.27241293, -22.84450443 ], [ -62.27117885, -22.8446669 ], [ -62.26928364, -22.84612911 ], [ -62.26893105, -22.84759131 ], [ -62.2660662, -22.84917535 ], [ -62.26571361, -22.85079998 ], [ -62.26456767, -22.85214028 ], [ -62.26492026, -22.85449594 ], [ -62.26637472, -22.85563314 ], [ -62.26981254, -22.85559252 ], [ -62.27219256, -22.85624235 ], [ -62.27228071, -22.85441471 ], [ -62.27206034, -22.85214028 ], [ -62.27210441, -22.85157167 ], [ -62.27404369, -22.85100306 ], [ -62.28065438, -22.84604825 ] ] ] ] } },
{ "type": "Feature", "properties": { "circuito": "0082A", "codprov": "09", "coddepto": "008" }, "geometry": { "type": "MultiPolygon", "coordinates": [ [ [ [ -62.13285538, -24.20015338 ], [ -62.13226533, -24.19656537 ], [ -62.13170999, -24.19621712 ], [ -62.12892173, -24.19956242 ], [ -62.12892173, -24.19956242 ], [ -62.13285538, -24.20015338 ] ] ] ] } },
{ "type": "Feature", "properties": { "circuito": "0050B", "codprov": "09", "coddepto": "006" }, "geometry": { "type": "MultiPolygon", "coordinates": [ [ [ [ -59.62691507, -25.36279656 ], [ -59.61847738, -25.35100522 ], [ -59.61699647, -25.34669751 ], [ -59.61630514, -25.34121314 ], [ -59.61587904, -25.34136531 ], [ -59.61061008, -25.34324704 ], [ -59.60218744, -25.35081702 ], [ -59.60214116, -25.35186256 ], [ -59.60274278, -25.35374451 ], [ -59.60760199, -25.35972474 ], [ -59.60905159, -25.35858782 ], [ -59.60914884, -25.3587194 ], [ -59.61000846, -25.35801016 ], [ -59.609522, -25.35922425 ], [ -59.60903662, -25.36043565 ], [ -59.6088515, -25.36737732 ], [ -59.6077871, -25.36963537 ], [ -59.61042496, -25.37394226 ], [ -59.6170772, -25.369446 ], [ -59.62691507, -25.36279656 ] ] ] ] } },
{ "type": "Feature", "properties": { "circuito": "00057", "codprov": "09", "coddepto": "006" }, "geometry": { "type": "MultiPolygon", "coordinates": [ [ [ [ -59.93137616, -25.14980138 ], [ -59.92207423, -25.13869975 ], [ -59.91031956, -25.14686897 ], [ -59.91976032, -25.15826308 ], [ -59.91976032, -25.15826308 ], [ -59.93137616, -25.14980138 ] ] ] ] } },
{ "type": "Feature", "properties": { "circuito": "00071", "codprov": "09", "coddepto": "006" }, "geometry": { "type": "MultiPolygon", "coordinates": [ [ [ [ -60.10557026, -25.06392252 ], [ -60.0875404, -25.04221 ], [ -60.06538764, -25.05715774 ], [ -60.08081582, -25.08089339 ], [ -60.08152366, -25.08040712 ], [ -60.08159835, -25.08049805 ], [ -60.10557026, -25.06392252 ] ] ] ] } },
{ "type": "Feature", "properties": { "circuito": "00060", "codprov": "09", "coddepto": "006" }, "geometry": { "type": "MultiPolygon", "coordinates": [ [ [ [ -60.29888806, -24.9144487 ], [ -60.33918152, -24.88726106 ], [ -60.32096438, -24.87004198 ], [ -60.3102469, -24.87809231 ], [ -60.30741003, -24.87521229 ], [ -60.30037574, -24.87630389 ], [ -60.30310163, -24.88345941 ], [ -60.28504809, -24.89702016 ], [ -60.29888146, -24.91443996 ], [ -60.29888806, -24.9144487 ] ] ] ] } },
{ "type": "Feature", "properties": { "circuito": "00061", "codprov": "09", "coddepto": "006" }, "geometry": { "type": "MultiPolygon", "coordinates": [ [ [ [ -60.4631826, -24.78999573 ], [ -60.45119654, -24.79860825 ], [ -60.45647226, -24.80558185 ], [ -60.46790298, -24.79831417 ], [ -60.46799554, -24.79747395 ], [ -60.4631826, -24.78999573 ] ] ] ] } },
{ "type": "Feature", "properties": { "circuito": "0054A", "codprov": "09", "coddepto": "006" }, "geometry": { "type": "MultiPolygon", "coordinates": [ [ [ [ -60.59221213, -24.70426338 ], [ -60.59032629, -24.70549313 ], [ -60.59178406, -24.70722736 ], [ -60.59371617, -24.70593457 ], [ -60.59371617, -24.70593457 ], [ -60.59221213, -24.70426338 ] ] ] ] } },
{ "type": "Feature", "properties": { "circuito": "0066A", "codprov": "09", "coddepto": "006" }, "geometry": { "type": "MultiPolygon", "coordinates": [ [ [ [ -60.53790461, -24.31381448 ], [ -60.53924668, -24.31111535 ], [ -60.5413292, -24.30888008 ], [ -60.54151432, -24.30550602 ], [ -60.53998713, -24.30415637 ], [ -60.53892273, -24.30407202 ], [ -60.5351742, -24.30331283 ], [ -60.53457258, -24.30462031 ], [ -60.53336934, -24.3086692 ], [ -60.53082404, -24.31006098 ], [ -60.53137938, -24.311031 ], [ -60.53693277, -24.31347709 ], [ -60.53693277, -24.31347709 ], [ -60.53790461, -24.31381448 ] ] ] ] } },
{ "type": "Feature", "properties": { "circuito": "00066", "codprov": "09", "coddepto": "006" }, "geometry": { "type": "MultiPolygon", "coordinates": [ [ [ [ -60.42596787, -24.44589627 ], [ -60.42587568, -24.44557736 ], [ -60.42560474, -24.44507317 ], [ -60.4243378, -24.44271553 ], [ -60.42418873, -24.44292469 ], [ -60.42237098, -24.44547506 ], [ -60.42146855, -24.44536973 ], [ -60.42089007, -24.44515908 ], [ -60.420617, -24.4450497 ], [ -60.41984881, -24.4492456 ], [ -60.41980253, -24.45261583 ], [ -60.42021904, -24.45375326 ], [ -60.42096898, -24.45420837 ], [ -60.42112229, -24.45418951 ], [ -60.42132971, -24.454164 ], [ -60.4239213, -24.45011977 ], [ -60.42595754, -24.44660202 ], [ -60.4260501, -24.44618073 ], [ -60.42596787, -24.44589627 ] ] ] ] } },
{ "type": "Feature", "properties": { "circuito": "00062", "codprov": "09", "coddepto": "006" }, "geometry": { "type": "MultiPolygon", "coordinates": [ [ [ [ -60.2369031, -24.64786732 ], [ -60.23708445, -24.64702484 ], [ -60.23664481, -24.64621514 ], [ -60.23627459, -24.64600483 ], [ -60.23619569, -24.64594067 ], [ -60.23561512, -24.64546854 ], [ -60.23521019, -24.64490069 ], [ -60.23510606, -24.64431181 ], [ -60.23539182, -24.64348266 ], [ -60.23073684, -24.64516319 ], [ -60.23082532, -24.64534761 ], [ -60.23112613, -24.64593648 ], [ -60.23121869, -24.64614679 ], [ -60.23135466, -24.64648846 ], [ -60.23141537, -24.64664102 ], [ -60.23161205, -24.64715628 ], [ -60.23167106, -24.64728366 ], [ -60.23179717, -24.64755587 ], [ -60.23200542, -24.64800804 ], [ -60.23236381, -24.64854783 ], [ -60.23238721, -24.64857587 ], [ -60.23333592, -24.64916473 ], [ -60.23458543, -24.64929091 ], [ -60.23585808, -24.64863896 ], [ -60.23692248, -24.64796597 ], [ -60.2369031, -24.64786732 ] ] ] ] } },
{ "type": "Feature", "properties": { "circuito": "00055", "codprov": "09", "coddepto": "006" }, "geometry": { "type": "MultiPolygon", "coordinates": [ [ [ [ -59.79291154, -24.91925566 ], [ -59.79426986, -24.91863973 ], [ -59.79455609, -24.91908811 ], [ -59.79457578, -24.91908702 ], [ -59.79460814, -24.9191353 ], [ -59.79563597, -24.91902911 ], [ -59.79548389, -24.91833594 ], [ -59.79512856, -24.91671642 ], [ -59.79487497, -24.91603648 ], [ -59.79473824, -24.91587865 ], [ -59.79413976, -24.91583146 ], [ -59.79335913, -24.91571346 ], [ -59.79239635, -24.91517068 ], [ -59.7918499, -24.91450989 ], [ -59.79206945, -24.91935502 ], [ -59.79227215, -24.91957729 ], [ -59.79239635, -24.91971347 ], [ -59.79293628, -24.91964267 ], [ -59.79291154, -24.91925566 ] ] ] ] } },
{ "type": "Feature", "properties": { "circuito": "0059A", "codprov": "09", "coddepto": "006" }, "geometry": { "type": "MultiPolygon", "coordinates": [ [ [ [ -60.3312114, -25.13366424 ], [ -60.33378749, -25.13426496 ], [ -60.33419081, -25.13287507 ], [ -60.33331911, -25.1328044 ], [ -60.33347523, -25.13238036 ], [ -60.33210913, -25.13221546 ], [ -60.33204408, -25.13253349 ], [ -60.3312114, -25.13366424 ] ] ] ] } },
{ "type": "Feature", "properties": { "circuito": "0058A", "codprov": "09", "coddepto": "006" }, "geometry": { "type": "MultiPolygon", "coordinates": [ [ [ [ -60.19107788, -25.16400248 ], [ -60.19112046, -25.16401416 ], [ -60.19015768, -25.1619416 ], [ -60.18841427, -25.1631663 ], [ -60.18738512, -25.16369858 ], [ -60.18747683, -25.16412873 ], [ -60.18747751, -25.16413191 ], [ -60.18846631, -25.16587471 ], [ -60.19107788, -25.16400248 ] ] ] ] } },
{ "type": "Feature", "properties": { "circuito": "00058", "codprov": "09", "coddepto": "006" }, "geometry": { "type": "MultiPolygon", "coordinates": [ [ [ [ -60.12018702, -25.28089723 ], [ -60.11914618, -25.28114428 ], [ -60.11857372, -25.28123839 ], [ -60.11653106, -25.28097958 ], [ -60.11601064, -25.28100311 ], [ -60.1169474, -25.28240307 ], [ -60.1178061, -25.28309716 ], [ -60.11901608, -25.2833795 ], [ -60.12005692, -25.28332068 ], [ -60.12095465, -25.28281482 ], [ -60.12130593, -25.28228542 ], [ -60.12154012, -25.2818972 ], [ -60.12075949, -25.28035606 ], [ -60.12026509, -25.28053253 ], [ -60.12026509, -25.28053253 ], [ -60.12018702, -25.28089723 ] ] ] ] } },
{ "type": "Feature", "properties": { "circuito": "00069", "codprov": "09", "coddepto": "006" }, "geometry": { "type": "MultiPolygon", "coordinates": [ [ [ [ -60.30319341, -25.39054009 ], [ -60.3034274, -25.39064511 ], [ -60.30387111, -25.38940718 ], [ -60.30410395, -25.38895255 ], [ -60.30492361, -25.38698963 ], [ -60.30507974, -25.3867663 ], [ -60.30500168, -25.38647244 ], [ -60.30400963, -25.38546612 ], [ -60.3034274, -25.3848386 ], [ -60.30262075, -25.38500316 ], [ -60.30202453, -25.3856957 ], [ -60.30202227, -25.38569666 ], [ -60.30201819, -25.38570307 ], [ -60.3002966, -25.38840835 ], [ -60.30319341, -25.39054009 ] ] ] ] } },
{ "type": "Feature", "properties": { "circuito": "00070", "codprov": "09", "coddepto": "006" }, "geometry": { "type": "MultiPolygon", "coordinates": [ [ [ [ -60.03438633, -25.54466657 ], [ -60.02941794, -25.52816897 ], [ -60.03936222, -25.52345021 ], [ -60.0362407, -25.50842588 ], [ -60.010244, -25.52217269 ], [ -60.01022806, -25.52213566 ], [ -60.00232021, -25.52598538 ], [ -60.01511843, -25.55227287 ], [ -60.01881276, -25.55090937 ], [ -60.02929451, -25.54670767 ], [ -60.0307109, -25.54613989 ], [ -60.03438633, -25.54466657 ] ] ] ] } },
{ "type": "Feature", "properties": { "circuito": "00047", "codprov": "09", "coddepto": "006" }, "geometry": { "type": "MultiPolygon", "coordinates": [ [ [ [ -59.84346595, -25.56294394 ], [ -59.84370014, -25.56319042 ], [ -59.84394734, -25.56358947 ], [ -59.84420755, -25.56370684 ], [ -59.84450679, -25.56375379 ], [ -59.84498818, -25.56373032 ], [ -59.84565172, -25.56368337 ], [ -59.84634128, -25.56374205 ], [ -59.84671858, -25.56240404 ], [ -59.84608107, -25.56181719 ], [ -59.84346595, -25.56294394 ] ] ] ] } },
{ "type": "Feature", "properties": { "circuito": "00048", "codprov": "09", "coddepto": "006" }, "geometry": { "type": "MultiPolygon", "coordinates": [ [ [ [ -59.7780132, -25.45705335 ], [ -59.77541109, -25.45782867 ], [ -59.77288705, -25.45843952 ], [ -59.77150793, -25.4589564 ], [ -59.77033698, -25.45996664 ], [ -59.7697385, -25.46194013 ], [ -59.77267888, -25.46663877 ], [ -59.77267888, -25.467508 ], [ -59.77397993, -25.46680322 ], [ -59.77965253, -25.4648768 ], [ -59.77858566, -25.45991966 ], [ -59.77858566, -25.45991966 ], [ -59.7780132, -25.45705335 ] ] ] ] } },
{ "type": "Feature", "properties": { "circuito": "0043F", "codprov": "09", "coddepto": "005" }, "geometry": { "type": "MultiPolygon", "coordinates": [ [ [ [ -58.80466903, -24.95961647 ], [ -58.80453893, -24.95864924 ], [ -58.8044999, -24.95817742 ], [ -58.80081791, -24.95816563 ], [ -58.80070082, -24.95956929 ], [ -58.80070082, -24.95956929 ], [ -58.80466903, -24.95961647 ] ] ] ] } },
{ "type": "Feature", "properties": { "circuito": "00043", "codprov": "09", "coddepto": "005" }, "geometry": { "type": "MultiPolygon", "coordinates": [ [ [ [ -58.56031808, -24.9917232 ], [ -58.55204997, -24.98038056 ], [ -58.5531949, -24.97924838 ], [ -58.55543271, -24.97712553 ], [ -58.55610926, -24.97556875 ], [ -58.5571501, -24.97486111 ], [ -58.55819095, -24.9760405 ], [ -58.55907566, -24.97637073 ], [ -58.56016855, -24.97684248 ], [ -58.56120939, -24.97769163 ], [ -58.5624584, -24.97901251 ], [ -58.56365537, -24.9797673 ], [ -58.56506051, -24.97981447 ], [ -58.56771466, -24.97905969 ], [ -58.56969603, -24.97921934 ], [ -58.56988091, -24.97872947 ], [ -58.57495502, -24.97790391 ], [ -58.57719992, -24.96852915 ], [ -58.57562204, -24.96788481 ], [ -58.57562191, -24.96785839 ], [ -58.56634703, -24.96403157 ], [ -58.56632628, -24.96403175 ], [ -58.56100773, -24.96202271 ], [ -58.5419603, -24.96353249 ], [ -58.54043555, -24.96425853 ], [ -58.54027523, -24.96425994 ], [ -58.53150784, -24.96838114 ], [ -58.53159741, -24.9758518 ], [ -58.53397656, -24.99390229 ], [ -58.54606513, -24.99679592 ], [ -58.55710105, -24.99371109 ], [ -58.56031808, -24.9917232 ] ] ] ] } },
{ "type": "Feature", "properties": { "circuito": "0043B", "codprov": "09", "coddepto": "005" }, "geometry": { "type": "MultiPolygon", "coordinates": [ [ [ [ -58.43900143, -25.0262956 ], [ -58.44280051, -25.03138836 ], [ -58.44280051, -25.03138836 ], [ -58.44280051, -25.03138836 ], [ -58.44274847, -25.03346312 ], [ -58.44456994, -25.03261436 ], [ -58.44712001, -25.03553785 ], [ -58.4521681, -25.03204851 ], [ -58.44123925, -25.02502238 ], [ -58.43900143, -25.0262956 ] ] ] ] } },
{ "type": "Feature", "properties": { "circuito": "00041", "codprov": "09", "coddepto": "004" }, "geometry": { "type": "MultiPolygon", "coordinates": [ [ [ [ -58.98344517, -25.51002059 ], [ -58.98210509, -25.51019672 ], [ -58.98210509, -25.51019672 ], [ -58.98210509, -25.51019672 ], [ -58.98077801, -25.5100793 ], [ -58.97994534, -25.51010279 ], [ -58.97825397, -25.51027892 ], [ -58.97677077, -25.51066641 ], [ -58.97450693, -25.51153532 ], [ -58.97540466, -25.51342576 ], [ -58.977057, -25.51368408 ], [ -58.97809784, -25.51367234 ], [ -58.97968513, -25.51350796 ], [ -58.98069995, -25.51354318 ], [ -58.98217014, -25.51456471 ], [ -58.98403065, -25.51363712 ], [ -58.98351022, -25.5110539 ], [ -58.98366635, -25.51025544 ], [ -58.98344517, -25.51002059 ] ] ] ] } },
{ "type": "Feature", "properties": { "circuito": "00042", "codprov": "09", "coddepto": "004" }, "geometry": { "type": "MultiPolygon", "coordinates": [ [ [ [ -58.7628056, -25.65176999 ], [ -58.76281861, -25.65182863 ], [ -58.76281861, -25.65182863 ], [ -58.76346914, -25.65230363 ], [ -58.76387897, -25.65158821 ], [ -58.76320893, -25.65115426 ], [ -58.7628056, -25.65176999 ] ] ] ] } },
{ "type": "Feature", "properties": { "circuito": "00034", "codprov": "09", "coddepto": "004" }, "geometry": { "type": "MultiPolygon", "coordinates": [ [ [ [ -59.08314996, -25.77138048 ], [ -59.09045642, -25.76631739 ], [ -59.0929024, -25.76472387 ], [ -59.09774232, -25.75872456 ], [ -59.09769028, -25.75792775 ], [ -59.11265239, -25.74773284 ], [ -59.13123144, -25.73531027 ], [ -59.13966226, -25.72963765 ], [ -59.143045, -25.72823117 ], [ -59.14673286, -25.72700919 ], [ -59.13307102, -25.71077113 ], [ -59.11738153, -25.68797232 ], [ -59.11731815, -25.68701383 ], [ -59.05383899, -25.73443502 ], [ -59.08314996, -25.77138048 ] ] ] ] } },
{ "type": "Feature", "properties": { "circuito": "00038", "codprov": "09", "coddepto": "004" }, "geometry": { "type": "MultiPolygon", "coordinates": [ [ [ [ -59.62671165, -25.7219194 ], [ -59.62535205, -25.7206828 ], [ -59.62460394, -25.72129231 ], [ -59.62494872, -25.72279264 ], [ -59.62606763, -25.72238826 ], [ -59.62606763, -25.72238826 ], [ -59.62671165, -25.7219194 ] ] ] ] } },
{ "type": "Feature", "properties": { "circuito": "0038A", "codprov": "09", "coddepto": "004" }, "geometry": { "type": "MultiPolygon", "coordinates": [ [ [ [ -59.46522814, -25.76356387 ], [ -59.4565371, -25.75447095 ], [ -59.45320641, -25.75451783 ], [ -59.44716952, -25.7562521 ], [ -59.45580851, -25.77012534 ], [ -59.45580851, -25.77012534 ], [ -59.46278216, -25.77134386 ], [ -59.46278216, -25.77134386 ], [ -59.46522814, -25.76356387 ] ] ] ] } },
{ "type": "Feature", "properties": { "circuito": "0035A", "codprov": "09", "coddepto": "004" }, "geometry": { "type": "MultiPolygon", "coordinates": [ [ [ [ -59.31070712, -25.78858923 ], [ -59.31068012, -25.78856919 ], [ -59.30922623, -25.7874905 ], [ -59.31069863, -25.78554808 ], [ -59.30967302, -25.78447766 ], [ -59.30915376, -25.78474673 ], [ -59.30902907, -25.7846247 ], [ -59.30885452, -25.78445385 ], [ -59.30875808, -25.78452422 ], [ -59.30818489, -25.78494245 ], [ -59.30809991, -25.78500446 ], [ -59.30822767, -25.78518897 ], [ -59.30844468, -25.78550235 ], [ -59.30831091, -25.78566864 ], [ -59.30793085, -25.78614108 ], [ -59.30770959, -25.78641612 ], [ -59.30769698, -25.78641612 ], [ -59.30703955, -25.78718931 ], [ -59.30618362, -25.78906901 ], [ -59.3058788, -25.79027425 ], [ -59.30559538, -25.79139488 ], [ -59.30854226, -25.79204503 ], [ -59.30864635, -25.79160574 ], [ -59.30864688, -25.79154707 ], [ -59.30905272, -25.79018983 ], [ -59.31042879, -25.79045772 ], [ -59.31051552, -25.78989337 ], [ -59.31069773, -25.7887076 ], [ -59.31071502, -25.78859509 ], [ -59.31070712, -25.78858923 ] ] ] ] } },
{ "type": "Feature", "properties": { "circuito": "0035B", "codprov": "09", "coddepto": "004" }, "geometry": { "type": "MultiPolygon", "coordinates": [ [ [ [ -59.22088823, -25.86850214 ], [ -59.22005571, -25.8688087 ], [ -59.21969487, -25.868327 ], [ -59.21928967, -25.8685612 ], [ -59.21939023, -25.86886725 ], [ -59.2185623, -25.86933096 ], [ -59.22072603, -25.87209625 ], [ -59.222084, -25.8738566 ], [ -59.22255889, -25.87355224 ], [ -59.22267273, -25.8734498 ], [ -59.22295571, -25.87334152 ], [ -59.22333302, -25.873163 ], [ -59.22418846, -25.87278254 ], [ -59.22088823, -25.86850214 ] ] ] ] } },
{ "type": "Feature", "properties": { "circuito": "00035", "codprov": "09", "coddepto": "004" }, "geometry": { "type": "MultiPolygon", "coordinates": [ [ [ [ -59.2185623, -25.86933096 ], [ -59.21939023, -25.86886725 ], [ -59.21928967, -25.8685612 ], [ -59.21969487, -25.868327 ], [ -59.22005571, -25.8688087 ], [ -59.22088823, -25.86850214 ], [ -59.21841178, -25.86529019 ], [ -59.21793039, -25.86572921 ], [ -59.21776125, -25.86582286 ], [ -59.21674643, -25.86591067 ], [ -59.21610241, -25.86617993 ], [ -59.21775475, -25.86829889 ], [ -59.2185623, -25.86933096 ] ] ] ] } },
{ "type": "Feature", "properties": { "circuito": "0036B", "codprov": "09", "coddepto": "004" }, "geometry": { "type": "MultiPolygon", "coordinates": [ [ [ [ -59.16307793, -26.03719653 ], [ -59.16149261, -26.03868473 ], [ -59.16149261, -26.03868473 ], [ -59.16104304, -26.0390674 ], [ -59.16191852, -26.04017291 ], [ -59.15931574, -26.04308544 ], [ -59.15974165, -26.04338306 ], [ -59.16267569, -26.0412784 ], [ -59.16497086, -26.03874851 ], [ -59.16307793, -26.03719653 ] ] ] ] } },
{ "type": "Feature", "properties": { "circuito": "0036C", "codprov": "09", "coddepto": "004" }, "geometry": { "type": "MultiPolygon", "coordinates": [ [ [ [ -59.09633092, -26.11106489 ], [ -59.09747625, -26.10740036 ], [ -59.09789033, -26.10698604 ], [ -59.09728696, -26.10658233 ], [ -59.09617487, -26.10736849 ], [ -59.09566614, -26.10702853 ], [ -59.09321547, -26.10939998 ], [ -59.09321422, -26.10940026 ], [ -59.09310774, -26.10950118 ], [ -59.09622515, -26.11153025 ], [ -59.09633092, -26.11106489 ] ] ] ] } },
{ "type": "Feature", "properties": { "circuito": "0036A", "codprov": "09", "coddepto": "004" }, "geometry": { "type": "MultiPolygon", "coordinates": [ [ [ [ -58.96348379, -26.05832188 ], [ -58.96348379, -26.05832188 ], [ -58.96805047, -26.05839628 ], [ -58.96888839, -26.05770715 ], [ -58.9689718, -26.0576616 ], [ -58.96832258, -26.05673827 ], [ -58.96831025, -26.05671999 ], [ -58.96807647, -26.05637329 ], [ -58.96794991, -26.0561856 ], [ -58.96780203, -26.05603149 ], [ -58.96753504, -26.05593366 ], [ -58.96751333, -26.0559257 ], [ -58.96735246, -26.05586675 ], [ -58.9647892, -26.05484549 ], [ -58.96443025, -26.05469762 ], [ -58.96280171, -26.05488573 ], [ -58.96295075, -26.05514705 ], [ -58.96296324, -26.05516894 ], [ -58.96302878, -26.05528385 ], [ -58.96313922, -26.05547749 ], [ -58.96331077, -26.05607799 ], [ -58.96335217, -26.05637558 ], [ -58.96341133, -26.05729493 ], [ -58.96341724, -26.05774132 ], [ -58.96345865, -26.05832188 ], [ -58.96348379, -26.05832188 ] ] ] ] } },
{ "type": "Feature", "properties": { "circuito": "0037G", "codprov": "09", "coddepto": "004" }, "geometry": { "type": "MultiPolygon", "coordinates": [ [ [ [ -59.07653886, -26.3299952 ], [ -59.07653134, -26.32994801 ], [ -59.07515897, -26.33011767 ], [ -59.07373927, -26.33007525 ], [ -59.07317139, -26.32939664 ], [ -59.07255619, -26.32850594 ], [ -59.07265084, -26.32786973 ], [ -59.07302943, -26.32723351 ], [ -59.07307675, -26.32659729 ], [ -59.07250887, -26.32583382 ], [ -59.07194099, -26.32511277 ], [ -59.07150658, -26.32441191 ], [ -59.07220127, -26.32413721 ], [ -59.07250887, -26.32347976 ], [ -59.07240038, -26.3232837 ], [ -59.07163806, -26.32190604 ], [ -59.07105368, -26.32084995 ], [ -59.06938554, -26.32163466 ], [ -59.06881767, -26.3220058 ], [ -59.06871686, -26.32214133 ], [ -59.06862837, -26.3222603 ], [ -59.06859768, -26.32219189 ], [ -59.06819064, -26.32128472 ], [ -59.06580378, -26.32169828 ], [ -59.06582239, -26.32173044 ], [ -59.06526252, -26.32182288 ], [ -59.06400846, -26.32250154 ], [ -59.06358255, -26.32407093 ], [ -59.06334593, -26.32754897 ], [ -59.06475067, -26.32912682 ], [ -59.06116907, -26.33121776 ], [ -59.06159498, -26.33715545 ], [ -59.06045922, -26.33749473 ], [ -59.05373934, -26.33974248 ], [ -59.05454383, -26.34419545 ], [ -59.08080816, -26.33863982 ], [ -59.08024029, -26.32846088 ], [ -59.07653886, -26.3299952 ] ] ] ] } },
{ "type": "Feature", "properties": { "circuito": "0037D", "codprov": "09", "coddepto": "004" }, "geometry": { "type": "MultiPolygon", "coordinates": [ [ [ [ -59.23755784, -26.32025222 ], [ -59.23406676, -26.32025222 ], [ -59.23422972, -26.32682527 ], [ -59.23926964, -26.32665561 ], [ -59.23910401, -26.32324117 ], [ -59.23908034, -26.32219667 ], [ -59.23889105, -26.32029322 ], [ -59.23755784, -26.32025222 ] ] ] ] } },
{ "type": "Feature", "properties": { "circuito": "00037", "codprov": "09", "coddepto": "004" }, "geometry": { "type": "MultiPolygon", "coordinates": [ [ [ [ -59.65139496, -25.90844309 ], [ -59.65038134, -25.90854078 ], [ -59.64823715, -25.90943784 ], [ -59.64714012, -25.90997607 ], [ -59.64614283, -25.91015548 ], [ -59.6451954, -25.91029003 ], [ -59.64384904, -25.91042459 ], [ -59.64255256, -25.91123193 ], [ -59.6413558, -25.91351936 ], [ -59.64120621, -25.91441638 ], [ -59.64095688, -25.91571705 ], [ -59.64030864, -25.9163898 ], [ -59.63931134, -25.9172868 ], [ -59.63836391, -25.91863229 ], [ -59.63816445, -25.91966382 ], [ -59.63841377, -25.92096442 ], [ -59.63995959, -25.9215923 ], [ -59.6405081, -25.92177169 ], [ -59.6405081, -25.92244441 ], [ -59.64000945, -25.92293774 ], [ -59.65136293, -25.92354509 ], [ -59.65137864, -25.91548719 ], [ -59.65140357, -25.91145899 ], [ -59.65139496, -25.90844309 ] ] ] ] } },
{ "type": "Feature", "properties": { "circuito": "0037E", "codprov": "09", "coddepto": "004" }, "geometry": { "type": "MultiPolygon", "coordinates": [ [ [ [ -59.39113712, -26.30226328 ], [ -59.39281767, -26.30292239 ], [ -59.3943854, -26.30363888 ], [ -59.39659552, -26.30376534 ], [ -59.39795375, -26.30341411 ], [ -59.39944969, -26.30252007 ], [ -59.40119496, -26.30104489 ], [ -59.40279064, -26.29898855 ], [ -59.40353861, -26.29751332 ], [ -59.40408712, -26.29572514 ], [ -59.40378793, -26.29429458 ], [ -59.40249145, -26.29340047 ], [ -59.40049685, -26.29295341 ], [ -59.39835267, -26.29340047 ], [ -59.39625834, -26.29429458 ], [ -59.39286753, -26.29652982 ], [ -59.39072334, -26.29822858 ], [ -59.38937699, -26.29880973 ], [ -59.38813037, -26.29930147 ], [ -59.3877813, -26.29928895 ], [ -59.38688375, -26.29925677 ], [ -59.38593632, -26.29876503 ], [ -59.38584825, -26.29865098 ], [ -59.36898231, -26.29808574 ], [ -59.36746797, -26.29621901 ], [ -59.36575518, -26.29616214 ], [ -59.36676996, -26.29699328 ], [ -59.36755079, -26.29792664 ], [ -59.36921893, -26.30118274 ], [ -59.3727445, -26.3079704 ], [ -59.38228011, -26.3041736 ], [ -59.38472277, -26.30313293 ], [ -59.38493902, -26.30278829 ], [ -59.38533794, -26.30236362 ], [ -59.38596125, -26.30202835 ], [ -59.38650634, -26.30180031 ], [ -59.38723107, -26.30166704 ], [ -59.38733253, -26.30164838 ], [ -59.38739921, -26.30165144 ], [ -59.38748811, -26.30165553 ], [ -59.38749011, -26.30165562 ], [ -59.3883049, -26.30169308 ], [ -59.38934333, -26.30175008 ], [ -59.38952659, -26.30176013 ], [ -59.38992152, -26.30188351 ], [ -59.39113712, -26.30226328 ] ] ] ] } },
{ "type": "Feature", "properties": { "circuito": "0041A", "codprov": "09", "coddepto": "004" }, "geometry": { "type": "MultiPolygon", "coordinates": [ [ [ [ -58.76250101, -25.47962334 ], [ -58.76233538, -25.47791451 ], [ -58.76233538, -25.4775941 ], [ -58.76174384, -25.47364234 ], [ -58.7613416, -25.47381323 ], [ -58.7583839, -25.47573572 ], [ -58.75772138, -25.47518034 ], [ -58.75630169, -25.47456087 ], [ -58.75391187, -25.47355689 ], [ -58.75204852, -25.47281458 ], [ -58.75531382, -25.48091029 ], [ -58.75531382, -25.48091029 ], [ -58.76250101, -25.47962334 ] ] ] ] } },
{ "type": "Feature", "properties": { "circuito": "0029A", "codprov": "09", "coddepto": "003" }, "geometry": { "type": "MultiPolygon", "coordinates": [ [ [ [ -58.36909799, -25.10802088 ], [ -58.36405807, -25.10887791 ], [ -58.36384512, -25.11037769 ], [ -58.36225979, -25.11067765 ], [ -58.36393977, -25.11504833 ], [ -58.3645313, -25.11515545 ], [ -58.36651888, -25.11438417 ], [ -58.36886137, -25.11376285 ], [ -58.36886137, -25.11376285 ], [ -58.36909799, -25.10802088 ] ] ] ] } },
{ "type": "Feature", "properties": { "circuito": "0028B", "codprov": "09", "coddepto": "003" }, "geometry": { "type": "MultiPolygon", "coordinates": [ [ [ [ -58.20850697, -25.20131587 ], [ -58.20694531, -25.19579212 ], [ -58.20235497, -25.19622032 ], [ -58.19483059, -25.19664853 ], [ -58.194452, -25.19664853 ], [ -58.19591902, -25.20157278 ], [ -58.19809588, -25.20084486 ], [ -58.20036739, -25.20135868 ], [ -58.20164512, -25.20157278 ], [ -58.20334875, -25.20174405 ], [ -58.20486309, -25.20148714 ], [ -58.20524168, -25.20097331 ], [ -58.20604617, -25.20114459 ], [ -58.20661405, -25.20148714 ], [ -58.20770248, -25.20157278 ], [ -58.20770248, -25.20157278 ], [ -58.20850697, -25.20131587 ] ] ] ] } },
{ "type": "Feature", "properties": { "circuito": "00031", "codprov": "09", "coddepto": "003" }, "geometry": { "type": "MultiPolygon", "coordinates": [ [ [ [ -57.95198582, -25.18693918 ], [ -57.95594347, -25.18697073 ], [ -57.9607725, -25.18678556 ], [ -57.96369893, -25.18244988 ], [ -57.9659878, -25.17905877 ], [ -57.965065, -25.17854485 ], [ -57.96442614, -25.17839496 ], [ -57.96378728, -25.17833072 ], [ -57.96336137, -25.17820224 ], [ -57.96281715, -25.17822365 ], [ -57.96239125, -25.17822365 ], [ -57.96191801, -25.17815941 ], [ -57.96130281, -25.17809517 ], [ -57.96092423, -25.17803093 ], [ -57.96038001, -25.17833072 ], [ -57.95988312, -25.17863051 ], [ -57.95936257, -25.17884464 ], [ -57.95893666, -25.1787804 ], [ -57.95848709, -25.17860909 ], [ -57.95791921, -25.17815941 ], [ -57.95763527, -25.17785962 ], [ -57.95732767, -25.17728146 ], [ -57.95680712, -25.17661763 ], [ -57.95645219, -25.17599663 ], [ -57.95607361, -25.17565401 ], [ -57.95574235, -25.17550411 ], [ -57.95559557, -25.17547223 ], [ -57.95528095, -25.17485099 ], [ -57.95494968, -25.17382311 ], [ -57.95466575, -25.17296654 ], [ -57.95423018, -25.17202046 ], [ -57.95324605, -25.17138186 ], [ -57.95274916, -25.17084649 ], [ -57.9524179, -25.17046103 ], [ -57.95194467, -25.17007556 ], [ -57.95123482, -25.16981858 ], [ -57.95073793, -25.17001132 ], [ -57.95019371, -25.17016122 ], [ -57.94971759, -25.17001758 ], [ -57.94955485, -25.16996849 ], [ -57.94917626, -25.16996849 ], [ -57.9485374, -25.1699899 ], [ -57.94787488, -25.17016122 ], [ -57.94711771, -25.17058952 ], [ -57.94650251, -25.17097498 ], [ -57.94586453, -25.171422 ], [ -57.94524844, -25.17163884 ], [ -57.9439234, -25.17219562 ], [ -57.94316623, -25.17223844 ], [ -57.94307931, -25.17222533 ], [ -57.94257469, -25.17234552 ], [ -57.94181752, -25.17210996 ], [ -57.94124964, -25.17166025 ], [ -57.94080007, -25.17118913 ], [ -57.94020853, -25.17071801 ], [ -57.93971164, -25.17061093 ], [ -57.93897813, -25.1704182 ], [ -57.93826828, -25.1699899 ], [ -57.93781871, -25.16949736 ], [ -57.93751111, -25.16921896 ], [ -57.93733681, -25.16881143 ], [ -57.93714436, -25.16814821 ], [ -57.93701422, -25.16767707 ], [ -57.93680127, -25.16720593 ], [ -57.93656465, -25.16692753 ], [ -57.93625705, -25.16669196 ], [ -57.93618607, -25.16662772 ], [ -57.93611508, -25.16650993 ], [ -57.93584297, -25.16676692 ], [ -57.93584547, -25.16689368 ], [ -57.93583114, -25.1668847 ], [ -57.93592579, -25.1712962 ], [ -57.93048363, -25.17142469 ], [ -57.93233395, -25.18549851 ], [ -57.93234402, -25.18651037 ], [ -57.93211405, -25.18722927 ], [ -57.93210095, -25.18727025 ], [ -57.93208374, -25.18732403 ], [ -57.93997487, -25.18719555 ], [ -57.94400621, -25.18710991 ], [ -57.95198582, -25.18693918 ] ] ] ] } },
{ "type": "Feature", "properties": { "circuito": "0031B", "codprov": "09", "coddepto": "003" }, "geometry": { "type": "MultiPolygon", "coordinates": [ [ [ [ -58.01009591, -25.1962685 ], [ -58.0099776, -25.19258587 ], [ -58.00571852, -25.19250023 ], [ -58.00427517, -25.1922433 ], [ -58.00377827, -25.19104428 ], [ -58.00311575, -25.19100146 ], [ -58.00306843, -25.19035912 ], [ -57.99977947, -25.18941702 ], [ -57.99897498, -25.18943843 ], [ -57.99918793, -25.19498387 ], [ -58.0027135, -25.19498387 ], [ -58.00384926, -25.19939436 ], [ -58.00604978, -25.19900898 ], [ -58.00609711, -25.19706068 ], [ -58.00978831, -25.19633273 ], [ -58.00978831, -25.19633273 ], [ -58.01009591, -25.1962685 ] ] ] ] } },
{ "type": "Feature", "properties": { "circuito": "0028A", "codprov": "09", "coddepto": "003" }, "geometry": { "type": "MultiPolygon", "coordinates": [ [ [ [ -58.35966624, -25.31412635 ], [ -58.35960231, -25.31405625 ], [ -58.35950322, -25.31399075 ], [ -58.35936125, -25.31391455 ], [ -58.35926514, -25.31384878 ], [ -58.35925182, -25.31384236 ], [ -58.35900929, -25.31370867 ], [ -58.35894841, -25.31367886 ], [ -58.35886732, -25.31363916 ], [ -58.35863662, -25.31362311 ], [ -58.3584355, -25.3136445 ], [ -58.35825803, -25.31368194 ], [ -58.35821071, -25.31373729 ], [ -58.35815603, -25.31375447 ], [ -58.35730566, -25.3140215 ], [ -58.35725366, -25.31396726 ], [ -58.35715186, -25.31386107 ], [ -58.35723467, -25.31225685 ], [ -58.35572033, -25.31083441 ], [ -58.35565803, -25.31085352 ], [ -58.35439528, -25.31124082 ], [ -58.35360427, -25.31034483 ], [ -58.35262067, -25.30905902 ], [ -58.35139027, -25.3095617 ], [ -58.35026315, -25.31013557 ], [ -58.34933171, -25.31060982 ], [ -58.34826694, -25.31097345 ], [ -58.34707882, -25.31133463 ], [ -58.34667487, -25.31145742 ], [ -58.34220958, -25.31259908 ], [ -58.34189981, -25.31266309 ], [ -58.3415648, -25.31267127 ], [ -58.34081946, -25.31288517 ], [ -58.34081399, -25.31288745 ], [ -58.33963638, -25.31337713 ], [ -58.33996765, -25.31490648 ], [ -58.34087862, -25.31605081 ], [ -58.34128086, -25.3168636 ], [ -58.34163579, -25.31762825 ], [ -58.34180142, -25.31850519 ], [ -58.34180376, -25.31874625 ], [ -58.34180847, -25.31923164 ], [ -58.34181325, -25.31972434 ], [ -58.34196705, -25.32000239 ], [ -58.34213133, -25.32007664 ], [ -58.34438644, -25.31999972 ], [ -58.34439994, -25.32000058 ], [ -58.34446186, -25.31999705 ], [ -58.34487594, -25.3199917 ], [ -58.34533734, -25.32005587 ], [ -58.34575244, -25.32008637 ], [ -58.34606494, -25.32010934 ], [ -58.34667422, -25.32017885 ], [ -58.34710013, -25.32023767 ], [ -58.34713607, -25.32025684 ], [ -58.34741956, -25.32038739 ], [ -58.34833645, -25.32107716 ], [ -58.34888066, -25.32146215 ], [ -58.34896117, -25.32150515 ], [ -58.3490108, -25.32153166 ], [ -58.34920009, -25.32151562 ], [ -58.34971473, -25.3213659 ], [ -58.35122611, -25.32099161 ], [ -58.35196554, -25.32077772 ], [ -58.35536837, -25.31985802 ], [ -58.35885105, -25.31890222 ], [ -58.35956681, -25.31869903 ], [ -58.35968956, -25.3186763 ], [ -58.35971913, -25.31859609 ], [ -58.35970139, -25.31634491 ], [ -58.35966624, -25.31412635 ] ] ] ] } },
{ "type": "Feature", "properties": { "circuito": "0026B", "codprov": "09", "coddepto": "003" }, "geometry": { "type": "MultiPolygon", "coordinates": [ [ [ [ -58.3281336, -25.32047478 ], [ -58.3284282, -25.32038471 ], [ -58.32540123, -25.31615243 ], [ -58.32492629, -25.31540111 ], [ -58.32383786, -25.3158289 ], [ -58.32317533, -25.31428886 ], [ -58.32043059, -25.31514444 ], [ -58.31456252, -25.31484499 ], [ -58.3132848, -25.31484499 ], [ -58.31347409, -25.31839557 ], [ -58.30628098, -25.31771113 ], [ -58.30609169, -25.31993556 ], [ -58.30741673, -25.32254492 ], [ -58.31072935, -25.32699355 ], [ -58.32814426, -25.32049165 ], [ -58.3281336, -25.32047478 ] ] ] ] } },
{ "type": "Feature", "properties": { "circuito": "0026A", "codprov": "09", "coddepto": "003" }, "geometry": { "type": "MultiPolygon", "coordinates": [ [ [ [ -58.18234168, -25.38558016 ], [ -58.18235651, -25.38521832 ], [ -58.18216722, -25.38453426 ], [ -58.18214096, -25.38448757 ], [ -58.18200842, -25.38425196 ], [ -58.18198384, -25.38420825 ], [ -58.1819306, -25.38410137 ], [ -58.18167624, -25.38402655 ], [ -58.18151257, -25.38401967 ], [ -58.18146624, -25.38301514 ], [ -58.18096935, -25.38318616 ], [ -58.1802595, -25.38250208 ], [ -58.17715984, -25.38252346 ], [ -58.17342131, -25.38414813 ], [ -58.17131703, -25.388762 ], [ -58.17145663, -25.38877754 ], [ -58.1739537, -25.38905542 ], [ -58.17448313, -25.38893785 ], [ -58.17534922, -25.38877423 ], [ -58.17668957, -25.38852101 ], [ -58.17729001, -25.38931727 ], [ -58.17734558, -25.38929216 ], [ -58.17735209, -25.38928922 ], [ -58.17751181, -25.38923311 ], [ -58.17765082, -25.38929991 ], [ -58.17778096, -25.38943084 ], [ -58.17785186, -25.38952742 ], [ -58.17797321, -25.3896927 ], [ -58.17799202, -25.38971058 ], [ -58.1780872, -25.38980103 ], [ -58.1781625, -25.38984233 ], [ -58.17832221, -25.3899599 ], [ -58.17851151, -25.39010419 ], [ -58.17871855, -25.39015763 ], [ -58.17900248, -25.39015763 ], [ -58.17931008, -25.39013091 ], [ -58.17950529, -25.39006678 ], [ -58.17973599, -25.38994387 ], [ -58.17986022, -25.38981561 ], [ -58.17995486, -25.38965529 ], [ -58.17996669, -25.38944687 ], [ -58.17991937, -25.38930525 ], [ -58.17984247, -25.38916631 ], [ -58.17973008, -25.38903805 ], [ -58.17959402, -25.38889376 ], [ -58.17945205, -25.38880826 ], [ -58.17920361, -25.38864259 ], [ -58.17897882, -25.38847692 ], [ -58.17875404, -25.38837539 ], [ -58.17843461, -25.3882685 ], [ -58.17823348, -25.38817765 ], [ -58.17813797, -25.38808839 ], [ -58.17806194, -25.38801733 ], [ -58.17788448, -25.38784097 ], [ -58.17779574, -25.38761118 ], [ -58.17776025, -25.38736535 ], [ -58.17789631, -25.38711952 ], [ -58.17805602, -25.38696988 ], [ -58.17837545, -25.38678818 ], [ -58.17858841, -25.38678283 ], [ -58.17866713, -25.3868 ], [ -58.17875995, -25.38682024 ], [ -58.17891967, -25.38695919 ], [ -58.17902023, -25.38706607 ], [ -58.17912671, -25.38719433 ], [ -58.17938107, -25.38731191 ], [ -58.17959402, -25.38731725 ], [ -58.17980993, -25.38729587 ], [ -58.17997557, -25.38722105 ], [ -58.1802181, -25.38719433 ], [ -58.18041894, -25.38718645 ], [ -58.1804902, -25.38718365 ], [ -58.18064992, -25.38725312 ], [ -58.18080163, -25.38740541 ], [ -58.18080964, -25.38741344 ], [ -58.18082178, -25.3874756 ], [ -58.18082738, -25.38750429 ], [ -58.18083759, -25.3875307 ], [ -58.18095752, -25.38784097 ], [ -58.18112315, -25.38802267 ], [ -58.18121054, -25.38812688 ], [ -58.18127104, -25.38819903 ], [ -58.18128318, -25.3882071 ], [ -58.18140931, -25.38829088 ], [ -58.18147216, -25.38833263 ], [ -58.18151926, -25.38834055 ], [ -58.1816699, -25.38836587 ], [ -58.18172652, -25.38837539 ], [ -58.18199863, -25.38833263 ], [ -58.18219975, -25.38817765 ], [ -58.18227074, -25.38783029 ], [ -58.18227074, -25.38754705 ], [ -58.18227074, -25.38725312 ], [ -58.18228662, -25.38693036 ], [ -58.1822944, -25.38677215 ], [ -58.18233675, -25.38662071 ], [ -58.18233285, -25.38658109 ], [ -58.18220271, -25.38632992 ], [ -58.18211398, -25.38605736 ], [ -58.18233876, -25.3856512 ], [ -58.18234168, -25.38558016 ] ] ] ] } },
{ "type": "Feature", "properties": { "circuito": "00025", "codprov": "09", "coddepto": "003" }, "geometry": { "type": "MultiPolygon", "coordinates": [ [ [ [ -57.57938823, -25.52326234 ], [ -57.60567103, -25.52433393 ], [ -57.60633355, -25.50853223 ], [ -57.57934722, -25.50750422 ], [ -57.58075993, -25.51070122 ], [ -57.58188578, -25.51605146 ], [ -57.58024887, -25.52127771 ], [ -57.57938823, -25.52326234 ] ] ] ] } },
{ "type": "Feature", "properties": { "circuito": "00020", "codprov": "09", "coddepto": "001" }, "geometry": { "type": "MultiPolygon", "coordinates": [ [ [ [ -57.90554729, -25.85055995 ], [ -57.90419711, -25.851248 ], [ -57.90384219, -25.85127995 ], [ -57.90354642, -25.85122671 ], [ -57.90323882, -25.85131189 ], [ -57.90304953, -25.85162064 ], [ -57.90274193, -25.85257886 ], [ -57.90267094, -25.85296214 ], [ -57.90269461, -25.85343059 ], [ -57.90278925, -25.85383516 ], [ -57.90282474, -25.85401616 ], [ -57.90043493, -25.85597512 ], [ -57.89645451, -25.85922133 ], [ -57.89561974, -25.85990213 ], [ -57.91208825, -25.85964808 ], [ -57.90640947, -25.8500662 ], [ -57.90554729, -25.85055995 ] ] ] ] } },
{ "type": "Feature", "properties": { "circuito": "00015", "codprov": "09", "coddepto": "001" }, "geometry": { "type": "MultiPolygon", "coordinates": [ [ [ [ -58.44559138, -26.34457307 ], [ -58.44559138, -26.34066092 ], [ -58.4437931, -26.33871006 ], [ -58.43031226, -26.34505558 ], [ -58.44559138, -26.34457307 ] ] ] ] } },
{ "type": "Feature", "properties": { "circuito": "0017B", "codprov": "09", "coddepto": "001" }, "geometry": { "type": "MultiPolygon", "coordinates": [ [ [ [ -58.72410813, -26.14578361 ], [ -58.7239933, -26.14548674 ], [ -58.72386163, -26.14484372 ], [ -58.72362655, -26.14399459 ], [ -58.72357923, -26.14314496 ], [ -58.72277473, -26.14291131 ], [ -58.7227629, -26.14196608 ], [ -58.72220991, -26.14197327 ], [ -58.72253649, -26.14193139 ], [ -58.71881142, -26.14209353 ], [ -58.71897705, -26.14262455 ], [ -58.71786496, -26.14266703 ], [ -58.71793594, -26.14292193 ], [ -58.718756, -26.1443697 ], [ -58.71965141, -26.14623015 ], [ -58.72172181, -26.14487848 ], [ -58.72173362, -26.14487077 ], [ -58.72177429, -26.14489838 ], [ -58.72401696, -26.14642132 ], [ -58.72428907, -26.14625139 ], [ -58.72410813, -26.14578361 ] ] ] ] } },
{ "type": "Feature", "properties": { "circuito": "0017A", "codprov": "09", "coddepto": "001" }, "geometry": { "type": "MultiPolygon", "coordinates": [ [ [ [ -58.83093173, -26.1746781 ], [ -58.83093173, -26.17434896 ], [ -58.83093173, -26.17434896 ], [ -58.83102637, -26.17404105 ], [ -58.82997343, -26.17388178 ], [ -58.8298433, -26.17444452 ], [ -58.82942922, -26.17446575 ], [ -58.82948837, -26.17478428 ], [ -58.82798586, -26.17491169 ], [ -58.82802136, -26.17544257 ], [ -58.83063596, -26.17560183 ], [ -58.82967766, -26.17951962 ], [ -58.83106187, -26.17964702 ], [ -58.83170073, -26.1763132 ], [ -58.83496602, -26.1763132 ], [ -58.83504884, -26.17493293 ], [ -58.83346351, -26.17476305 ], [ -58.83093173, -26.1746781 ] ] ] ] } },
{ "type": "Feature", "properties": { "circuito": "S/D", "codprov": "09", "coddepto": "nan" }, "geometry": { "type": "MultiPolygon", "coordinates": [ [ [ [ -58.43031226, -26.34505558 ], [ -58.4437931, -26.33871006 ], [ -58.44559138, -26.34066092 ], [ -58.44559138, -26.34457307 ], [ -58.48489717, -26.3433318 ], [ -58.50439134, -26.34276054 ], [ -58.50468635, -26.34274464 ], [ -58.50594868, -26.173027 ], [ -58.5695289, -26.17288941 ], [ -58.56925072, -26.1585976 ], [ -58.62274226, -26.15808126 ], [ -58.74052506, -26.15687025 ], [ -58.75721667, -26.15668683 ], [ -58.75743667, -26.16248127 ], [ -58.75821358, -26.18294166 ], [ -58.77711027, -26.18314645 ], [ -58.92660145, -26.18469126 ], [ -58.92663286, -26.01756744 ], [ -58.92663889, -25.98402702 ], [ -58.92661892, -25.96303562 ], [ -58.92662113, -25.95878195 ], [ -58.92642782, -25.78008807 ], [ -58.92642682, -25.77794095 ], [ -58.7405165, -25.7772604 ], [ -58.60549969, -25.77661621 ], [ -58.60530086, -25.77662401 ], [ -58.60547081, -25.63896283 ], [ -58.60552597, -25.5824534 ], [ -58.51702902, -25.58405601 ], [ -58.49237018, -25.58497595 ], [ -58.22174464, -25.58733486 ], [ -58.22140788, -25.58733928 ], [ -58.22115607, -25.55978784 ], [ -58.21911689, -25.56178328 ], [ -58.21682218, -25.56359898 ], [ -58.21428561, -25.56510105 ], [ -58.21175073, -25.56657623 ], [ -58.20961413, -25.56854384 ], [ -58.20735656, -25.57039274 ], [ -58.20489599, -25.57201534 ], [ -58.20226287, -25.57339978 ], [ -58.19948798, -25.57452978 ], [ -58.19662148, -25.57547082 ], [ -58.19366445, -25.57643386 ], [ -58.1906756, -25.57712591 ], [ -58.18792222, -25.57656072 ], [ -58.18534825, -25.57506734 ], [ -58.1827878, -25.57336826 ], [ -58.18010014, -25.5721783 ], [ -58.17700525, -25.57237529 ], [ -58.17406967, -25.57187634 ], [ -58.17124641, -25.57079559 ], [ -58.16857211, -25.56948054 ], [ -58.16626152, -25.56767353 ], [ -58.1639815, -25.56577842 ], [ -58.1617509, -25.56380966 ], [ -58.15930549, -25.56232734 ], [ -58.15632103, -25.56182544 ], [ -58.15322777, -25.5623047 ], [ -58.15063581, -25.56358715 ], [ -58.14823481, -25.56535095 ], [ -58.14584331, -25.5671197 ], [ -58.14352533, -25.56897312 ], [ -58.14115399, -25.57073388 ], [ -58.13845315, -25.5718621 ], [ -58.13748705, -25.57211048 ], [ -58.13556993, -25.57260353 ], [ -58.13259259, -25.57319622 ], [ -58.12956572, -25.57371438 ], [ -58.12656202, -25.57425615 ], [ -58.12361502, -25.5749131 ], [ -58.1207423, -25.57579384 ], [ -58.11799364, -25.57696838 ], [ -58.11529032, -25.57827991 ], [ -58.11257106, -25.57953219 ], [ -58.10978212, -25.58056527 ], [ -58.10686445, -25.58129969 ], [ -58.10388808, -25.58187382 ], [ -58.10088538, -25.5823971 ], [ -58.09791826, -25.58298058 ], [ -58.09499411, -25.5837368 ], [ -58.09212278, -25.58466632 ], [ -58.0892882, -25.58563814 ], [ -58.08641306, -25.58654937 ], [ -58.08342612, -25.58713143 ], [ -58.08036674, -25.58746273 ], [ -58.07770899, -25.58860094 ], [ -58.07536264, -25.59033929 ], [ -58.07307545, -25.59222886 ], [ -58.07064469, -25.59389521 ], [ -58.06803045, -25.59526886 ], [ -58.06528735, -25.59649634 ], [ -58.06250636, -25.597623 ], [ -58.05970664, -25.59865884 ], [ -58.05679956, -25.59952277 ], [ -58.05393849, -25.60043849 ], [ -58.05133146, -25.60184805 ], [ -58.04877877, -25.60333231 ], [ -58.04583927, -25.60408653 ], [ -58.04287986, -25.60476783 ], [ -58.04016774, -25.60596952 ], [ -58.03768899, -25.6076774 ], [ -58.03579729, -25.60978078 ], [ -58.03449009, -25.61224366 ], [ -58.0335209, -25.6149045 ], [ -58.03273316, -25.61758874 ], [ -58.0322455, -25.62029841 ], [ -58.03190361, -25.62304748 ], [ -58.03139988, -25.62577421 ], [ -58.03067112, -25.62846166 ], [ -58.03006586, -25.63115139 ], [ -58.02982272, -25.63390138 ], [ -58.02979038, -25.63668089 ], [ -58.03011661, -25.63942626 ], [ -58.0308355, -25.64207208 ], [ -58.03185475, -25.64466711 ], [ -58.03298924, -25.64724155 ], [ -58.03410867, -25.64981965 ], [ -58.03515581, -25.65244313 ], [ -58.0363188, -25.65518512 ], [ -58.03608471, -25.6577248 ], [ -58.03480733, -25.66009953 ], [ -58.03314731, -25.66242181 ], [ -58.03129025, -25.66472874 ], [ -58.02945403, -25.66701884 ], [ -58.02775643, -25.66930756 ], [ -58.02660947, -25.67187325 ], [ -58.02561354, -25.67447415 ], [ -58.02557888, -25.67720866 ], [ -58.02504515, -25.67978114 ], [ -58.02247771, -25.68145218 ], [ -58.02133318, -25.68382951 ], [ -58.02111851, -25.68666177 ], [ -58.01904737, -25.68860675 ], [ -58.01618982, -25.68957979 ], [ -58.01318408, -25.69010498 ], [ -58.01028629, -25.69101286 ], [ -58.0076257, -25.69236889 ], [ -58.00568246, -25.6944687 ], [ -58.00396059, -25.69680948 ], [ -58.00164397, -25.69842209 ], [ -57.99867645, -25.69925854 ], [ -57.99568551, -25.69992766 ], [ -57.99267681, -25.70049256 ], [ -57.99018057, -25.70190213 ], [ -57.98798941, -25.70385334 ], [ -57.98587631, -25.70589405 ], [ -57.98385637, -25.70802062 ], [ -57.98189626, -25.71021326 ], [ -57.97979299, -25.71217813 ], [ -57.97735658, -25.71364903 ], [ -57.97453017, -25.71451513 ], [ -57.97148345, -25.71505047 ], [ -57.96842625, -25.71559413 ], [ -57.96548924, -25.71633726 ], [ -57.96255593, -25.71709848 ], [ -57.95965351, -25.71791517 ], [ -57.95680732, -25.71885154 ], [ -57.95413793, -25.72017445 ], [ -57.95143357, -25.72142808 ], [ -57.94867541, -25.72259791 ], [ -57.94592094, -25.72378583 ], [ -57.94319853, -25.72501134 ], [ -57.94048472, -25.72625522 ], [ -57.93775417, -25.72745325 ], [ -57.93500385, -25.72865011 ], [ -57.93224915, -25.7298377 ], [ -57.929474, -25.73096129 ], [ -57.92666109, -25.73198403 ], [ -57.9237202, -25.73270353 ], [ -57.92078765, -25.73344586 ], [ -57.91793914, -25.73440811 ], [ -57.91510204, -25.73542027 ], [ -57.91221948, -25.73629974 ], [ -57.90925832, -25.73687874 ], [ -57.9062214, -25.7371888 ], [ -57.90318752, -25.73745412 ], [ -57.90015329, -25.73765207 ], [ -57.89712461, -25.7378413 ], [ -57.89409656, -25.73802152 ], [ -57.89105462, -25.73818745 ], [ -57.88800777, -25.73835303 ], [ -57.88497419, -25.73854171 ], [ -57.88195769, -25.73891517 ], [ -57.87892727, -25.73920257 ], [ -57.87592514, -25.73878734 ], [ -57.87294266, -25.73815789 ], [ -57.86999187, -25.73851236 ], [ -57.8670919, -25.73942574 ], [ -57.86415822, -25.74018019 ], [ -57.86123902, -25.74093987 ], [ -57.85832227, -25.7417355 ], [ -57.85543142, -25.74258633 ], [ -57.85255999, -25.74351444 ], [ -57.84973202, -25.74453014 ], [ -57.84695122, -25.74565158 ], [ -57.84430733, -25.74701388 ], [ -57.84163223, -25.74832503 ], [ -57.83878378, -25.74942004 ], [ -57.83594515, -25.75051554 ], [ -57.83334329, -25.7518396 ], [ -57.83124215, -25.75373006 ], [ -57.82962628, -25.75612325 ], [ -57.82783681, -25.75902234 ], [ -57.83112889, -25.76026227 ], [ -57.83478074, -25.76483663 ], [ -57.83684189, -25.77043333 ], [ -57.83639866, -25.77420683 ], [ -57.83623386, -25.77559226 ], [ -57.83424971, -25.78066446 ], [ -57.83155201, -25.78573662 ], [ -57.82859282, -25.79078941 ], [ -57.82583657, -25.79584014 ], [ -57.82333881, -25.80087401 ], [ -57.82080316, -25.80587875 ], [ -57.81812258, -25.81082586 ], [ -57.81505309, -25.81566114 ], [ -57.81264093, -25.82065917 ], [ -57.81116499, -25.82608695 ], [ -57.81045234, -25.8316522 ], [ -57.811044, -25.83698652 ], [ -57.81368959, -25.84207419 ], [ -57.81731912, -25.84655395 ], [ -57.82182039, -25.8504732 ], [ -57.82705779, -25.85307074 ], [ -57.83294823, -25.85440006 ], [ -57.83909873, -25.85512498 ], [ -57.84519352, -25.85551013 ], [ -57.85137296, -25.85538854 ], [ -57.85746609, -25.85551295 ], [ -57.86342028, -25.85664734 ], [ -57.86942328, -25.85865882 ], [ -57.87440156, -25.86166184 ], [ -57.87727935, -25.86616101 ], [ -57.87853755, -25.87186511 ], [ -57.87905493, -25.87601603 ], [ -57.8792448, -25.87750679 ], [ -57.87817772, -25.88292291 ], [ -57.87422242, -25.88686204 ], [ -57.86930552, -25.89036104 ], [ -57.86459302, -25.89398348 ], [ -57.86016457, -25.89779667 ], [ -57.85683391, -25.90236691 ], [ -57.85468473, -25.90755999 ], [ -57.8531503, -25.91296719 ], [ -57.8533484, -25.91834683 ], [ -57.85552012, -25.92358701 ], [ -57.85937925, -25.92766686 ], [ -57.86118561, -25.92837 ], [ -57.86497103, -25.92986224 ], [ -57.87061403, -25.93203791 ], [ -57.87603096, -25.93461774 ], [ -57.88114834, -25.93758865 ], [ -57.8857346, -25.94121569 ], [ -57.89013681, -25.94506997 ], [ -57.89471258, -25.9488577 ], [ -57.89823149, -25.9532272 ], [ -57.90016288, -25.95867792 ], [ -57.89944054, -25.96397468 ], [ -57.89700942, -25.9691527 ], [ -57.89610944, -25.97047446 ], [ -57.89376487, -25.97396185 ], [ -57.88903978, -25.97706817 ], [ -57.88359028, -25.97966694 ], [ -57.87858266, -25.98283312 ], [ -57.87392543, -25.98638218 ], [ -57.86920553, -25.98975706 ], [ -57.86363593, -25.99207 ], [ -57.85664477, -25.9975582 ], [ -57.8599163, -26.00219275 ], [ -57.86310276, -26.00691215 ], [ -57.86653145, -26.01136268 ], [ -57.87056774, -26.01514343 ], [ -57.87580228, -26.01768227 ], [ -57.88167226, -26.01943609 ], [ -57.88742966, -26.02116989 ], [ -57.8933236, -26.02258377 ], [ -57.89919326, -26.02277157 ], [ -57.90499859, -26.02159196 ], [ -57.91082758, -26.01992452 ], [ -57.91666242, -26.01860252 ], [ -57.92253214, -26.01742126 ], [ -57.92859505, -26.0164614 ], [ -57.93221823, -26.02007849 ], [ -57.93229022, -26.02552346 ], [ -57.93238593, -26.03091146 ], [ -57.9342991, -26.03600689 ], [ -57.93668409, -26.04103015 ], [ -57.93861794, -26.04618955 ], [ -57.94008726, -26.05146192 ], [ -57.94310077, -26.05608988 ], [ -57.94662057, -26.06050852 ], [ -57.94948649, -26.06389265 ], [ -57.98369126, -26.06541752 ], [ -57.98892325, -26.06562186 ], [ -57.98911064, -26.0912058 ], [ -57.98919218, -26.09196891 ], [ -57.99266788, -26.09346556 ], [ -57.99848562, -26.09506004 ], [ -58.00380222, -26.09751907 ], [ -58.00876171, -26.10062645 ], [ -58.01352214, -26.10396036 ], [ -58.01874449, -26.10664698 ], [ -58.02419144, -26.10903191 ], [ -58.03271909, -26.11135028 ], [ -58.03874914, -26.111533 ], [ -58.0447856, -26.11154982 ], [ -58.0507963, -26.11143485 ], [ -58.05658067, -26.11117148 ], [ -58.05679295, -26.11116182 ], [ -58.06278955, -26.11081674 ], [ -58.06883387, -26.11050095 ], [ -58.07478615, -26.11073614 ], [ -58.08034587, -26.11295038 ], [ -58.0844653, -26.11676733 ], [ -58.08492282, -26.11745888 ], [ -58.08758929, -26.12148936 ], [ -58.09153635, -26.12558382 ], [ -58.09611909, -26.12910312 ], [ -58.1009469, -26.1316062 ], [ -58.10130991, -26.13179441 ], [ -58.10559286, -26.13384212 ], [ -58.10663509, -26.13434042 ], [ -58.10679592, -26.13443598 ], [ -58.11028143, -26.13650694 ], [ -58.11201157, -26.13647971 ], [ -58.1256221, -26.13626549 ], [ -58.12561298, -26.13626066 ], [ -58.12572123, -26.1361839 ], [ -58.13644794, -26.12857769 ], [ -58.18081225, -26.09711936 ], [ -58.19929415, -26.10311004 ], [ -58.23031005, -26.11316347 ], [ -58.29356875, -26.13366802 ], [ -58.30771626, -26.13825376 ], [ -58.3206489, -26.14244572 ], [ -58.33137286, -26.14562813 ], [ -58.32163404, -26.16947607 ], [ -58.32158022, -26.16947698 ], [ -58.31630225, -26.18266449 ], [ -58.31556169, -26.18451487 ], [ -58.31550342, -26.18466046 ], [ -58.31384556, -26.18880277 ], [ -58.30598576, -26.20844126 ], [ -58.30144331, -26.20708276 ], [ -58.30140473, -26.20718008 ], [ -58.29589189, -26.22108559 ], [ -58.29247307, -26.22970918 ], [ -58.28783106, -26.24141813 ], [ -58.28471842, -26.2492694 ], [ -58.27381621, -26.27676902 ], [ -58.25909486, -26.31390197 ], [ -58.22451384, -26.30295861 ], [ -58.20119063, -26.29557785 ], [ -58.17980863, -26.28881139 ], [ -58.17981875, -26.28879003 ], [ -58.17004585, -26.28555354 ], [ -58.16911066, -26.28780967 ], [ -58.16622165, -26.29262285 ], [ -58.16410827, -26.29766702 ], [ -58.16435568, -26.3030608 ], [ -58.16458224, -26.30675723 ], [ -58.16468931, -26.3085042 ], [ -58.16454451, -26.31002403 ], [ -58.16417344, -26.31391884 ], [ -58.16434656, -26.31515518 ], [ -58.1649219, -26.31926391 ], [ -58.16495908, -26.32048089 ], [ -58.165086, -26.32463518 ], [ -58.16500137, -26.33000175 ], [ -58.16672067, -26.33520281 ], [ -58.16873855, -26.34033503 ], [ -58.17082996, -26.34541297 ], [ -58.17228625, -26.35001623 ], [ -58.17248792, -26.35064208 ], [ -58.17446767, -26.35575427 ], [ -58.17753234, -26.36044147 ], [ -58.18014918, -26.36166671 ], [ -58.18285269, -26.36293707 ], [ -58.18809669, -26.36560781 ], [ -58.19356626, -26.36781959 ], [ -58.19926786, -26.36955028 ], [ -58.2050494, -26.37128066 ], [ -58.21057871, -26.37335603 ], [ -58.21459192, -26.37730485 ], [ -58.21808419, -26.38218546 ], [ -58.26789856, -26.34357683 ], [ -58.31756205, -26.34551494 ], [ -58.3182929, -26.3455364 ], [ -58.33341755, -26.34612695 ], [ -58.33899146, -26.34793946 ], [ -58.43031226, -26.34505558 ] ], [ [ -58.90189753, -25.86163018 ], [ -58.90180997, -25.86173678 ], [ -58.90171172, -25.8618564 ], [ -58.90164722, -25.86189865 ], [ -58.90077204, -25.86276907 ], [ -58.90046537, -25.86291887 ], [ -58.88472301, -25.87417683 ], [ -58.88311214, -25.87219062 ], [ -58.88307005, -25.87207118 ], [ -58.87566869, -25.86347338 ], [ -58.87374523, -25.861239 ], [ -58.87565114, -25.8599411 ], [ -58.88210529, -25.85554587 ], [ -58.88215755, -25.85549436 ], [ -58.89164378, -25.84889037 ], [ -58.89638579, -25.85484602 ], [ -58.90145775, -25.86091761 ], [ -58.90144343, -25.86092718 ], [ -58.90196528, -25.8615477 ], [ -58.90189753, -25.86163018 ] ], [ [ -58.65119228, -26.01001215 ], [ -58.66448954, -26.02709508 ], [ -58.64513293, -26.03967519 ], [ -58.64494227, -26.0398101 ], [ -58.64466645, -26.04000404 ], [ -58.6438161, -26.03901529 ], [ -58.643815, -26.03901275 ], [ -58.64210636, -26.03696272 ], [ -58.63100655, -26.02334127 ], [ -58.6319801, -26.02266281 ], [ -58.65119228, -26.01001215 ] ], [ [ -58.28632824, -25.67895951 ], [ -58.28633958, -25.67895937 ], [ -58.28646453, -25.68266164 ], [ -58.28610825, -25.68416003 ], [ -58.28617641, -25.68416189 ], [ -58.28627245, -25.69688444 ], [ -58.28471444, -25.69688444 ], [ -58.28042004, -25.69706304 ], [ -58.27946484, -25.69710277 ], [ -58.24277628, -25.69731469 ], [ -58.24965499, -25.68108008 ], [ -58.24983862, -25.68064668 ], [ -58.24818855, -25.67877065 ], [ -58.25485889, -25.67404014 ], [ -58.25685164, -25.67269312 ], [ -58.25688284, -25.66642148 ], [ -58.26578451, -25.66626313 ], [ -58.26579954, -25.66875454 ], [ -58.27471776, -25.66851196 ], [ -58.27496153, -25.67373005 ], [ -58.27770047, -25.67364955 ], [ -58.28674265, -25.67338381 ], [ -58.28632824, -25.67895951 ] ], [ [ -58.06602662, -26.03700807 ], [ -58.06185105, -26.04341182 ], [ -58.05537171, -26.04813356 ], [ -58.03917337, -26.03209182 ], [ -58.04882038, -26.0243289 ], [ -58.05047621, -26.02154706 ], [ -58.06602662, -26.03700807 ] ], [ [ -58.49931429, -26.11509057 ], [ -58.49657857, -26.11628646 ], [ -58.49315892, -26.11761162 ], [ -58.48606764, -26.12055278 ], [ -58.47969629, -26.10936952 ], [ -58.48052421, -26.10862609 ], [ -58.49359087, -26.10348657 ], [ -58.49931429, -26.11509057 ] ], [ [ -57.90554729, -25.85055995 ], [ -57.90640947, -25.8500662 ], [ -57.91208825, -25.85964808 ], [ -57.89561974, -25.85990213 ], [ -57.89645451, -25.85922133 ], [ -57.90043493, -25.85597512 ], [ -57.90282474, -25.85401616 ], [ -57.90278925, -25.85383516 ], [ -57.90269461, -25.85343059 ], [ -57.90267094, -25.85296214 ], [ -57.90274193, -25.85257886 ], [ -57.90304953, -25.85162064 ], [ -57.90323882, -25.85131189 ], [ -57.90354642, -25.85122671 ], [ -57.90384219, -25.85127995 ], [ -57.90419711, -25.851248 ], [ -57.90554729, -25.85055995 ] ], [ [ -58.72410813, -26.14578361 ], [ -58.72428907, -26.14625139 ], [ -58.72401696, -26.14642132 ], [ -58.72177429, -26.14489838 ], [ -58.72173362, -26.14487077 ], [ -58.72172181, -26.14487848 ], [ -58.71965141, -26.14623015 ], [ -58.718756, -26.1443697 ], [ -58.71793594, -26.14292193 ], [ -58.71786496, -26.14266703 ], [ -58.71897705, -26.14262455 ], [ -58.71881142, -26.14209353 ], [ -58.72253649, -26.14193139 ], [ -58.72220991, -26.14197327 ], [ -58.7227629, -26.14196608 ], [ -58.72277473, -26.14291131 ], [ -58.72357923, -26.14314496 ], [ -58.72362655, -26.14399459 ], [ -58.72386163, -26.14484372 ], [ -58.7239933, -26.14548674 ], [ -58.72410813, -26.14578361 ] ], [ [ -58.83093173, -26.1746781 ], [ -58.83346351, -26.17476305 ], [ -58.83504884, -26.17493293 ], [ -58.83496602, -26.1763132 ], [ -58.83170073, -26.1763132 ], [ -58.83106187, -26.17964702 ], [ -58.82967766, -26.17951962 ], [ -58.83063596, -26.17560183 ], [ -58.82802136, -26.17544257 ], [ -58.82798586, -26.17491169 ], [ -58.82948837, -26.17478428 ], [ -58.82942922, -26.17446575 ], [ -58.8298433, -26.17444452 ], [ -58.82997343, -26.17388178 ], [ -58.83102637, -26.17404105 ], [ -58.83093173, -26.17434896 ], [ -58.83093173, -26.1746781 ] ] ] ] } },
{ "type": "Feature", "properties": { "circuito": "0022A", "codprov": "09", "coddepto": "002" }, "geometry": { "type": "MultiPolygon", "coordinates": [ [ [ [ -58.35772121, -26.40582353 ], [ -58.36188565, -26.39866012 ], [ -58.36027666, -26.39471793 ], [ -58.34442341, -26.38886799 ], [ -58.34200994, -26.39611679 ], [ -58.34200994, -26.39611679 ], [ -58.35772121, -26.40582353 ] ] ] ] } },
{ "type": "Feature", "properties": { "circuito": "0024A", "codprov": "09", "coddepto": "002" }, "geometry": { "type": "MultiPolygon", "coordinates": [ [ [ [ -58.55737746, -26.42534051 ], [ -58.55756676, -26.42434461 ], [ -58.55756676, -26.42351822 ], [ -58.55775605, -26.42298848 ], [ -58.55787436, -26.4225223 ], [ -58.55815829, -26.42201375 ], [ -58.55834759, -26.42133567 ], [ -58.55872617, -26.4208271 ], [ -58.55879716, -26.42012783 ], [ -58.55340232, -26.42466245 ], [ -58.55285811, -26.42531932 ], [ -58.55451441, -26.42720515 ], [ -58.55484568, -26.42673899 ], [ -58.55531891, -26.42635759 ], [ -58.55553186, -26.4261457 ], [ -58.55600509, -26.42610332 ], [ -58.55626537, -26.42612451 ], [ -58.55666762, -26.42610332 ], [ -58.55685691, -26.42593381 ], [ -58.5570462, -26.42567954 ], [ -58.55714085, -26.4255524 ], [ -58.55714085, -26.4255524 ], [ -58.55737746, -26.42534051 ] ] ] ] } },
{ "type": "Feature", "properties": { "circuito": "00023", "codprov": "09", "coddepto": "002" }, "geometry": { "type": "MultiPolygon", "coordinates": [ [ [ [ -58.68480017, -26.61903162 ], [ -58.672278, -26.61683801 ], [ -58.66830286, -26.62039182 ], [ -58.66082581, -26.61895339 ], [ -58.65940611, -26.62047644 ], [ -58.66215086, -26.62563772 ], [ -58.67730378, -26.63385145 ], [ -58.6831439, -26.63235874 ], [ -58.68475925, -26.62788879 ], [ -58.68304452, -26.62314331 ], [ -58.68480017, -26.61903162 ] ] ] ] } },
{ "type": "Feature", "properties": { "circuito": "0023C", "codprov": "09", "coddepto": "002" }, "geometry": { "type": "MultiPolygon", "coordinates": [ [ [ [ -58.63097023, -26.65401733 ], [ -58.62982916, -26.65245574 ], [ -58.62571205, -26.649199 ], [ -58.6176198, -26.65414752 ], [ -58.62575937, -26.66146417 ], [ -58.62612486, -26.66193525 ], [ -58.62834282, -26.65873151 ], [ -58.62934381, -26.65692922 ], [ -58.63097023, -26.65401733 ] ] ] ] } },
{ "type": "Feature", "properties": { "circuito": "0022B", "codprov": "09", "coddepto": "002" }, "geometry": { "type": "MultiPolygon", "coordinates": [ [ [ [ -58.3356923, -26.70518511 ], [ -58.33571596, -26.70581924 ], [ -58.33571596, -26.70615744 ], [ -58.33552667, -26.7079541 ], [ -58.33481682, -26.71023689 ], [ -58.33786916, -26.71042712 ], [ -58.34044827, -26.71078644 ], [ -58.34059024, -26.7101312 ], [ -58.3409215, -26.70856708 ], [ -58.34139473, -26.70727772 ], [ -58.34139473, -26.70672815 ], [ -58.34115812, -26.70651677 ], [ -58.33789282, -26.70486805 ], [ -58.3356923, -26.70518511 ] ] ] ] } },
{ "type": "Feature", "properties": { "circuito": "00074", "codprov": "09", "coddepto": "007" }, "geometry": { "type": "MultiPolygon", "coordinates": [ [ [ [ -61.60426901, -24.45917753 ], [ -61.57494975, -24.44834991 ], [ -61.57440478, -24.46293464 ], [ -61.56764711, -24.47077199 ], [ -61.56415929, -24.47116881 ], [ -61.56317834, -24.47176403 ], [ -61.57167991, -24.48753634 ], [ -61.57313894, -24.48845556 ], [ -61.57314359, -24.48838726 ], [ -61.57546147, -24.48314375 ], [ -61.57924493, -24.47856487 ], [ -61.58366618, -24.47453165 ], [ -61.58920692, -24.47190959 ], [ -61.5940571, -24.46833456 ], [ -61.5981736, -24.46405313 ], [ -61.60204855, -24.45956178 ], [ -61.60426901, -24.45917753 ] ] ] ] } },
{ "type": "Feature", "properties": { "circuito": "0051A", "codprov": "09", "coddepto": "006" }, "geometry": { "type": "MultiPolygon", "coordinates": [ [ [ [ -59.04013316, -24.95010252 ], [ -59.04023805, -24.94980931 ], [ -59.04196052, -24.94662797 ], [ -59.04247089, -24.92805884 ], [ -59.03920192, -24.92799955 ], [ -59.03924418, -24.92804651 ], [ -59.01593198, -24.92794314 ], [ -59.0156768, -24.94535541 ], [ -59.03864316, -24.95339546 ], [ -59.04013316, -24.95010252 ] ] ] ] } },
{ "type": "Feature", "properties": { "circuito": "00079", "codprov": "09", "coddepto": "007" }, "geometry": { "type": "MultiPolygon", "coordinates": [ [ [ [ -61.78152178, -23.3879333 ], [ -61.77977787, -23.37612812 ], [ -61.77127629, -23.3799299 ], [ -61.76113979, -23.38073026 ], [ -61.75710699, -23.37922958 ], [ -61.75383715, -23.38903373 ], [ -61.75383715, -23.38903373 ], [ -61.78152178, -23.3879333 ] ] ] ] } },
{ "type": "Feature", "properties": { "circuito": "0072B", "codprov": "09", "coddepto": "007" }, "geometry": { "type": "MultiPolygon", "coordinates": [ [ [ [ -60.61920329, -23.97945681 ], [ -60.61656017, -23.97619528 ], [ -60.60669616, -23.97978047 ], [ -60.6089033, -23.98789657 ], [ -60.61089245, -23.98702523 ], [ -60.61440753, -23.98411244 ], [ -60.61808609, -23.98095061 ], [ -60.61936678, -23.97975557 ], [ -60.61936678, -23.97975557 ], [ -60.61920329, -23.97945681 ] ] ] ] } },
{ "type": "Feature", "properties": { "circuito": "S/D", "codprov": "09", "coddepto": "nan" }, "geometry": { "type": "MultiPolygon", "coordinates": [ [ [ [ -61.57313894, -24.48845556 ], [ -61.57167991, -24.48753634 ], [ -61.56317834, -24.47176403 ], [ -61.56415929, -24.47116881 ], [ -61.56764711, -24.47077199 ], [ -61.57440478, -24.46293464 ], [ -61.57494975, -24.44834991 ], [ -61.60426901, -24.45917753 ], [ -61.60679481, -24.45874044 ], [ -61.60983625, -24.46406411 ], [ -61.61707758, -24.46865384 ], [ -61.62342307, -24.46828394 ], [ -61.62877507, -24.46582603 ], [ -61.63453866, -24.46391595 ], [ -61.64404155, -24.46319044 ], [ -61.64630311, -24.45862414 ], [ -61.64757872, -24.45309673 ], [ -61.6491098, -24.45302911 ], [ -61.65356548, -24.45283224 ], [ -61.65896067, -24.4557494 ], [ -61.66321711, -24.45987267 ], [ -61.66918078, -24.45935913 ], [ -61.67455438, -24.45645401 ], [ -61.67552884, -24.45559435 ], [ -61.67906818, -24.45248777 ], [ -61.68304051, -24.44808236 ], [ -61.68717606, -24.4438617 ], [ -61.69192227, -24.4401269 ], [ -61.6959606, -24.4357815 ], [ -61.69858255, -24.43060264 ], [ -61.70181009, -24.42569776 ], [ -61.70604136, -24.42158728 ], [ -61.70931838, -24.4170936 ], [ -61.70971861, -24.41137824 ], [ -61.71167662, -24.40593686 ], [ -61.71454589, -24.40089525 ], [ -61.71684169, -24.39549037 ], [ -61.71438399, -24.39047345 ], [ -61.71352846, -24.38478101 ], [ -61.71436638, -24.38145701 ], [ -61.71494075, -24.37916185 ], [ -61.71849672, -24.37466219 ], [ -61.72375497, -24.37138654 ], [ -61.72896249, -24.3682219 ], [ -61.73459141, -24.3658304 ], [ -61.7405073, -24.36396941 ], [ -61.74652061, -24.36242633 ], [ -61.75229544, -24.36036262 ], [ -61.75785428, -24.35776543 ], [ -61.76398756, -24.35600416 ], [ -61.76959588, -24.34976708 ], [ -61.77155751, -24.34424801 ], [ -61.77325026, -24.33874844 ], [ -61.77547112, -24.33340775 ], [ -61.77819659, -24.32826581 ], [ -61.78085348, -24.32310837 ], [ -61.78335472, -24.31789246 ], [ -61.7870219, -24.3132451 ], [ -61.79080425, -24.3132105 ], [ -61.78847074, -24.31916573 ], [ -61.78680836, -24.32467093 ], [ -61.78522201, -24.33025031 ], [ -61.78525526, -24.33607299 ], [ -61.78857124, -24.3399683 ], [ -61.79447797, -24.33773523 ], [ -61.79905374, -24.33387886 ], [ -61.80008245, -24.33273581 ], [ -61.80293353, -24.32957045 ], [ -61.80847841, -24.32688062 ], [ -61.81360208, -24.32353454 ], [ -61.81671544, -24.31873138 ], [ -61.81991341, -24.31366459 ], [ -61.82531678, -24.31270949 ], [ -61.82431572, -24.31627822 ], [ -61.82373254, -24.31835713 ], [ -61.8219529, -24.32381009 ], [ -61.82829462, -24.3250708 ], [ -61.83199684, -24.32044119 ], [ -61.83444199, -24.31522265 ], [ -61.83541071, -24.31477161 ], [ -61.83435767, -24.16243696 ], [ -61.83436677, -24.14862558 ], [ -61.8344149, -24.00617937 ], [ -61.83593264, -23.92894664 ], [ -61.83629304, -23.91070134 ], [ -61.83646994, -23.90167547 ], [ -61.84431426, -23.50349021 ], [ -61.84449844, -23.49436053 ], [ -61.84453763, -23.49225706 ], [ -61.85225908, -23.10271891 ], [ -61.85095451, -23.10830429 ], [ -61.84900634, -23.11374199 ], [ -61.84531994, -23.11834515 ], [ -61.83984305, -23.12064762 ], [ -61.83365239, -23.12530592 ], [ -61.83255841, -23.13097771 ], [ -61.8283845, -23.13523846 ], [ -61.82376994, -23.13908629 ], [ -61.81988823, -23.14357081 ], [ -61.81498142, -23.14700498 ], [ -61.80939099, -23.14937977 ], [ -61.80315088, -23.14929904 ], [ -61.7971572, -23.15318574 ], [ -61.79805374, -23.15833795 ], [ -61.7919338, -23.15977857 ], [ -61.78667513, -23.16071478 ], [ -61.78574372, -23.1608881 ], [ -61.77984625, -23.16253246 ], [ -61.77456168, -23.1653737 ], [ -61.76958432, -23.16882233 ], [ -61.76479715, -23.17256879 ], [ -61.76009152, -23.17634882 ], [ -61.75521489, -23.18013307 ], [ -61.75100727, -23.18433177 ], [ -61.74853919, -23.18938852 ], [ -61.7473926, -23.19511635 ], [ -61.74639413, -23.20085719 ], [ -61.74554109, -23.20654336 ], [ -61.74429523, -23.2121603 ], [ -61.74261755, -23.21770692 ], [ -61.74039407, -23.22308547 ], [ -61.73716998, -23.22803125 ], [ -61.73199984, -23.23107199 ], [ -61.72603864, -23.23276619 ], [ -61.71982313, -23.23325911 ], [ -61.7154831, -23.23731321 ], [ -61.71077001, -23.24105504 ], [ -61.70566302, -23.24429926 ], [ -61.70079385, -23.24787424 ], [ -61.69737674, -23.25253878 ], [ -61.69414503, -23.25742008 ], [ -61.6908947, -23.26234132 ], [ -61.68638554, -23.26613739 ], [ -61.68155146, -23.26971708 ], [ -61.6770367, -23.27367036 ], [ -61.67204227, -23.27706503 ], [ -61.66595287, -23.27774374 ], [ -61.65997912, -23.27613648 ], [ -61.65495714, -23.27308654 ], [ -61.64878078, -23.27382076 ], [ -61.64256701, -23.27375617 ], [ -61.63685822, -23.2760033 ], [ -61.63075326, -23.27656304 ], [ -61.62451478, -23.27658264 ], [ -61.61837685, -23.27762756 ], [ -61.61265824, -23.27993654 ], [ -61.60807686, -23.28280883 ], [ -61.60638821, -23.28588381 ], [ -61.60136035, -23.2891218 ], [ -61.59588268, -23.29194144 ], [ -61.59038305, -23.29460706 ], [ -61.58579213, -23.2985506 ], [ -61.57981061, -23.29734103 ], [ -61.57378523, -23.29878369 ], [ -61.57415972, -23.30418726 ], [ -61.58132546, -23.30845818 ], [ -61.57702126, -23.31233738 ], [ -61.57340329, -23.31699276 ], [ -61.57108527, -23.32230659 ], [ -61.56831609, -23.3274634 ], [ -61.56393798, -23.33147968 ], [ -61.55911783, -23.33513633 ], [ -61.55466828, -23.33959628 ], [ -61.54995433, -23.33939906 ], [ -61.54412903, -23.33873301 ], [ -61.53856858, -23.34145325 ], [ -61.5327367, -23.34345818 ], [ -61.52427033, -23.34603168 ], [ -61.52733742, -23.34928666 ], [ -61.53005725, -23.35445989 ], [ -61.53090603, -23.36021031 ], [ -61.53028537, -23.36583308 ], [ -61.52779299, -23.37116797 ], [ -61.52417457, -23.37580373 ], [ -61.51978131, -23.37989004 ], [ -61.51486981, -23.38341617 ], [ -61.51015279, -23.38702881 ], [ -61.50595988, -23.39115643 ], [ -61.50219201, -23.39576919 ], [ -61.49719287, -23.40076976 ], [ -61.49706764, -23.40439272 ], [ -61.4994229, -23.40813685 ], [ -61.49690412, -23.41166368 ], [ -61.49270728, -23.41292096 ], [ -61.48941682, -23.41163647 ], [ -61.48497063, -23.41290434 ], [ -61.47960971, -23.41730804 ], [ -61.47588729, -23.41810105 ], [ -61.46906002, -23.41517727 ], [ -61.46548931, -23.41688894 ], [ -61.46137285, -23.41699889 ], [ -61.45699626, -23.41665067 ], [ -61.45264994, -23.41734383 ], [ -61.44804539, -23.42207918 ], [ -61.4454359, -23.4249311 ], [ -61.44122292, -23.42756036 ], [ -61.43993824, -23.4285769 ], [ -61.43738649, -23.43059243 ], [ -61.4346736, -23.43395463 ], [ -61.43150955, -23.4368035 ], [ -61.42859576, -23.43918664 ], [ -61.42365183, -23.44104608 ], [ -61.41795748, -23.44257695 ], [ -61.4081034, -23.44283631 ], [ -61.40219205, -23.44956303 ], [ -61.39783989, -23.4502498 ], [ -61.3977349, -23.44680516 ], [ -61.39085246, -23.44226368 ], [ -61.38570917, -23.4452781 ], [ -61.3800943, -23.44542695 ], [ -61.37674913, -23.44643129 ], [ -61.37309725, -23.44538138 ], [ -61.36806427, -23.44389844 ], [ -61.36357434, -23.44448104 ], [ -61.35913075, -23.44597029 ], [ -61.35785528, -23.44935116 ], [ -61.35533362, -23.45241555 ], [ -61.35203088, -23.45491605 ], [ -61.34882362, -23.45615356 ], [ -61.34424797, -23.4577735 ], [ -61.34078269, -23.45877789 ], [ -61.33244052, -23.45969008 ], [ -61.32340218, -23.46199525 ], [ -61.3206269, -23.46529905 ], [ -61.31685225, -23.46862227 ], [ -61.31523438, -23.4731544 ], [ -61.31234304, -23.47668873 ], [ -61.30577254, -23.47835084 ], [ -61.30070854, -23.48055814 ], [ -61.29403003, -23.48257227 ], [ -61.29097302, -23.48483992 ], [ -61.28915958, -23.49099171 ], [ -61.28863622, -23.49457916 ], [ -61.2845374, -23.49537374 ], [ -61.28029955, -23.49985734 ], [ -61.27838223, -23.50267272 ], [ -61.2784907, -23.50613066 ], [ -61.27957875, -23.50944269 ], [ -61.27451528, -23.51118051 ], [ -61.26968381, -23.51257388 ], [ -61.26555225, -23.51671787 ], [ -61.25993596, -23.52112268 ], [ -61.25126861, -23.53239261 ], [ -61.24484928, -23.53532639 ], [ -61.23718096, -23.53760001 ], [ -61.23198722, -23.53945381 ], [ -61.22642623, -23.54166545 ], [ -61.21885405, -23.54336003 ], [ -61.20850104, -23.53970347 ], [ -61.20190184, -23.54083724 ], [ -61.19399299, -23.54352448 ], [ -61.18617966, -23.5457954 ], [ -61.17850386, -23.54817373 ], [ -61.17509747, -23.55148611 ], [ -61.1724507, -23.55512826 ], [ -61.1696982, -23.55945161 ], [ -61.16421144, -23.55959592 ], [ -61.15913836, -23.56144627 ], [ -61.1559792, -23.56452263 ], [ -61.15021243, -23.56835504 ], [ -61.14451648, -23.57045556 ], [ -61.13790126, -23.57038789 ], [ -61.13721447, -23.57708099 ], [ -61.13736864, -23.58249896 ], [ -61.13401451, -23.58764921 ], [ -61.13247378, -23.58180942 ], [ -61.12931352, -23.5763646 ], [ -61.12601345, -23.57886385 ], [ -61.12449492, -23.58292769 ], [ -61.12013179, -23.58753693 ], [ -61.11231109, -23.58945208 ], [ -61.1082454, -23.59162948 ], [ -61.10450298, -23.59621273 ], [ -61.10099645, -23.60055563 ], [ -61.0962025, -23.60344364 ], [ -61.0909776, -23.60864148 ], [ -61.09132051, -23.61208831 ], [ -61.09719413, -23.61217082 ], [ -61.09969806, -23.61671282 ], [ -61.09723698, -23.62242159 ], [ -61.0925459, -23.62933401 ], [ -61.09053544, -23.63330063 ], [ -61.09014801, -23.63745381 ], [ -61.09539798, -23.64170026 ], [ -61.09701962, -23.64592168 ], [ -61.09513583, -23.65035168 ], [ -61.08856164, -23.65235413 ], [ -61.08521879, -23.65761573 ], [ -61.08860289, -23.66248315 ], [ -61.08883564, -23.66651642 ], [ -61.0859135, -23.66934612 ], [ -61.08261169, -23.67173587 ], [ -61.08257929, -23.6750762 ], [ -61.08267829, -23.67875845 ], [ -61.07973857, -23.6811326 ], [ -61.07757715, -23.68406736 ], [ -61.07394434, -23.6888735 ], [ -61.06523239, -23.69473313 ], [ -61.0592155, -23.69867907 ], [ -61.05252183, -23.70564259 ], [ -61.04784315, -23.71277845 ], [ -61.04378549, -23.71990253 ], [ -61.03898001, -23.72693485 ], [ -61.03886051, -23.73188878 ], [ -61.03422501, -23.73603542 ], [ -61.02617392, -23.74348496 ], [ -61.02246833, -23.74990808 ], [ -61.02134213, -23.75891801 ], [ -61.01829808, -23.76683024 ], [ -61.01263973, -23.77502697 ], [ -61.0057116, -23.78256533 ], [ -61.00223274, -23.78818001 ], [ -61.00072116, -23.79180521 ], [ -60.99894935, -23.79608834 ], [ -60.99241506, -23.8012837 ], [ -60.98757861, -23.80615579 ], [ -60.97939796, -23.8043942 ], [ -60.97312367, -23.80396423 ], [ -60.97324238, -23.80868689 ], [ -60.97426964, -23.81396154 ], [ -60.96918433, -23.81580799 ], [ -60.9661324, -23.81392061 ], [ -60.9625855, -23.81319215 ], [ -60.9589319, -23.81155509 ], [ -60.95658111, -23.80793452 ], [ -60.95350003, -23.80523101 ], [ -60.94824748, -23.80558995 ], [ -60.94568383, -23.80311492 ], [ -60.9427005, -23.79973007 ], [ -60.93544314, -23.79955445 ], [ -60.92820059, -23.80490797 ], [ -60.92486929, -23.80695029 ], [ -60.92037984, -23.80763058 ], [ -60.91504311, -23.80914268 ], [ -60.91063484, -23.81281492 ], [ -60.90615059, -23.81867261 ], [ -60.9016388, -23.82316049 ], [ -60.89629184, -23.82915576 ], [ -60.89292029, -23.8341899 ], [ -60.88653538, -23.83917323 ], [ -60.88212435, -23.84261918 ], [ -60.87609642, -23.846907 ], [ -60.87134786, -23.84735637 ], [ -60.86523856, -23.84830038 ], [ -60.86056892, -23.8516424 ], [ -60.85655451, -23.8561092 ], [ -60.851296, -23.86095734 ], [ -60.84988389, -23.86194097 ], [ -60.8436646, -23.86631535 ], [ -60.83545542, -23.86766019 ], [ -60.82997055, -23.8697401 ], [ -60.82145855, -23.8695883 ], [ -60.81266907, -23.86909351 ], [ -60.80587702, -23.86786448 ], [ -60.79963875, -23.86870225 ], [ -60.79434093, -23.87239426 ], [ -60.79170853, -23.87693731 ], [ -60.78487923, -23.8745626 ], [ -60.7740746, -23.87354241 ], [ -60.76905141, -23.87264655 ], [ -60.76063275, -23.87176974 ], [ -60.75069786, -23.87510365 ], [ -60.74484565, -23.87661399 ], [ -60.73909377, -23.87697514 ], [ -60.7326915, -23.87665654 ], [ -60.72589594, -23.87565793 ], [ -60.72027945, -23.87624359 ], [ -60.71583534, -23.87887253 ], [ -60.71280416, -23.88274287 ], [ -60.70831897, -23.88871014 ], [ -60.70459742, -23.89029225 ], [ -60.70116718, -23.89336977 ], [ -60.69559218, -23.89567532 ], [ -60.69037059, -23.89233476 ], [ -60.68060247, -23.89255001 ], [ -60.67291427, -23.89075731 ], [ -60.66858573, -23.89292505 ], [ -60.66458057, -23.89335745 ], [ -60.66080062, -23.897475 ], [ -60.65588079, -23.90126914 ], [ -60.65120918, -23.89963441 ], [ -60.6436267, -23.9024575 ], [ -60.63921755, -23.90116917 ], [ -60.63475278, -23.89803336 ], [ -60.62999216, -23.8981458 ], [ -60.62495893, -23.89721783 ], [ -60.61791201, -23.89609752 ], [ -60.61387564, -23.89975459 ], [ -60.60962519, -23.90007784 ], [ -60.60768526, -23.90311074 ], [ -60.60428058, -23.90710476 ], [ -60.60013002, -23.90672909 ], [ -60.59669745, -23.90979924 ], [ -60.59543186, -23.91431846 ], [ -60.59501991, -23.92331005 ], [ -60.59391946, -23.92943734 ], [ -60.58889199, -23.93415221 ], [ -60.58989809, -23.93942666 ], [ -60.58471453, -23.94253352 ], [ -60.58934725, -23.94773815 ], [ -60.57879439, -23.95187462 ], [ -60.57308455, -23.94889089 ], [ -60.5657083, -23.94961941 ], [ -60.55665943, -23.95384359 ], [ -60.55284205, -23.95669171 ], [ -60.54976556, -23.95398536 ], [ -60.54553573, -23.9553469 ], [ -60.5419237, -23.95610926 ], [ -60.53755148, -23.95724494 ], [ -60.53225617, -23.96080929 ], [ -60.52547476, -23.96025634 ], [ -60.51584058, -23.96103652 ], [ -60.50826775, -23.95877131 ], [ -60.50239309, -23.95429408 ], [ -60.49716377, -23.95048342 ], [ -60.4934759, -23.94837069 ], [ -60.48776179, -23.94503288 ], [ -60.48398563, -23.94442436 ], [ -60.47920518, -23.94405856 ], [ -60.47211575, -23.94616538 ], [ -60.46545234, -23.95055532 ], [ -60.46124657, -23.95317529 ], [ -60.45224056, -23.95394267 ], [ -60.44618196, -23.95728251 ], [ -60.44041279, -23.96293658 ], [ -60.43452639, -23.9682306 ], [ -60.42754674, -23.97563997 ], [ -60.41971463, -23.97833338 ], [ -60.41281574, -23.9784685 ], [ -60.4082024, -23.97960036 ], [ -60.40012464, -23.98263916 ], [ -60.39308192, -23.98664689 ], [ -60.38791616, -23.99163209 ], [ -60.383075, -23.99922082 ], [ -60.38274347, -24.00508978 ], [ -60.38364, -24.01054041 ], [ -60.38436468, -24.01605673 ], [ -60.38243862, -24.02006716 ], [ -60.3819796, -24.02104471 ], [ -60.37745861, -24.02411813 ], [ -60.37093345, -24.02489918 ], [ -60.52164067, -24.17602751 ], [ -60.82484631, -24.47851393 ], [ -60.86237051, -24.51603963 ], [ -60.8760262, -24.52969185 ], [ -61.13999814, -24.79268798 ], [ -61.13965497, -24.78909672 ], [ -61.14038916, -24.78362213 ], [ -61.14049813, -24.77811368 ], [ -61.14068587, -24.77260779 ], [ -61.14252635, -24.76740332 ], [ -61.14641807, -24.76271126 ], [ -61.14953713, -24.7584128 ], [ -61.14999606, -24.75295617 ], [ -61.1520702, -24.74850662 ], [ -61.14741878, -24.74467202 ], [ -61.14425267, -24.74005694 ], [ -61.1501811, -24.74046548 ], [ -61.15615039, -24.74147406 ], [ -61.15924755, -24.73714306 ], [ -61.15963806, -24.73158955 ], [ -61.16120757, -24.72729008 ], [ -61.16258728, -24.72375002 ], [ -61.16336266, -24.71830799 ], [ -61.16255087, -24.71279214 ], [ -61.16047307, -24.70782531 ], [ -61.16625669, -24.70652607 ], [ -61.1709488, -24.70527695 ], [ -61.17472561, -24.70966348 ], [ -61.17646288, -24.71427244 ], [ -61.17536769, -24.71971331 ], [ -61.17996321, -24.72276613 ], [ -61.18512722, -24.72016276 ], [ -61.18738813, -24.71478178 ], [ -61.19057129, -24.71143443 ], [ -61.19581133, -24.7136293 ], [ -61.19820941, -24.70863979 ], [ -61.19631258, -24.703544 ], [ -61.1964377, -24.69855811 ], [ -61.20088651, -24.69573744 ], [ -61.20025894, -24.69012843 ], [ -61.2015362, -24.68478312 ], [ -61.19974163, -24.67978524 ], [ -61.2048097, -24.676732 ], [ -61.20841065, -24.67234362 ], [ -61.21174423, -24.66765836 ], [ -61.21768583, -24.6675193 ], [ -61.22367503, -24.66748961 ], [ -61.22557547, -24.66230791 ], [ -61.22218771, -24.6577774 ], [ -61.22143394, -24.65221841 ], [ -61.22625464, -24.649341 ], [ -61.232248, -24.64866246 ], [ -61.23829631, -24.64861143 ], [ -61.24418287, -24.64769481 ], [ -61.24997345, -24.64605881 ], [ -61.25574616, -24.64456612 ], [ -61.25789479, -24.63954929 ], [ -61.26185058, -24.63677383 ], [ -61.26792377, -24.63481269 ], [ -61.2731591, -24.63527047 ], [ -61.27755554, -24.63935882 ], [ -61.2818965, -24.6432922 ], [ -61.28792434, -24.64313038 ], [ -61.29392601, -24.64261619 ], [ -61.29992649, -24.64213324 ], [ -61.3059792, -24.64209756 ], [ -61.31188541, -24.64347584 ], [ -61.31616501, -24.64710917 ], [ -61.31767491, -24.65252964 ], [ -61.32036648, -24.65732491 ], [ -61.3256795, -24.65785096 ], [ -61.32557904, -24.65248798 ], [ -61.32230341, -24.64762504 ], [ -61.32461287, -24.64318396 ], [ -61.3302352, -24.64114759 ], [ -61.3362246, -24.64063127 ], [ -61.34221207, -24.63956965 ], [ -61.34799955, -24.6409068 ], [ -61.35369379, -24.64150666 ], [ -61.35937214, -24.63927717 ], [ -61.36545452, -24.63917692 ], [ -61.37116391, -24.63850188 ], [ -61.37564039, -24.63464462 ], [ -61.38070286, -24.63159349 ], [ -61.38469654, -24.62745077 ], [ -61.38963675, -24.62563421 ], [ -61.39560128, -24.62644792 ], [ -61.40147067, -24.62770892 ], [ -61.4074162, -24.62783692 ], [ -61.41213212, -24.62446769 ], [ -61.41683351, -24.62108432 ], [ -61.42274705, -24.62012512 ], [ -61.42859654, -24.61882588 ], [ -61.43058534, -24.61826931 ], [ -61.43438883, -24.61720033 ], [ -61.44019581, -24.61598039 ], [ -61.44620229, -24.61706812 ], [ -61.45154135, -24.61910388 ], [ -61.45554456, -24.62333333 ], [ -61.4601338, -24.6256074 ], [ -61.46462093, -24.62178345 ], [ -61.46771398, -24.61698479 ], [ -61.46702945, -24.61158554 ], [ -61.46847247, -24.60628204 ], [ -61.47041144, -24.60102049 ], [ -61.4724339, -24.59582898 ], [ -61.47580385, -24.5912456 ], [ -61.47822458, -24.58626867 ], [ -61.48027744, -24.58117251 ], [ -61.48450781, -24.57668229 ], [ -61.48930817, -24.57448843 ], [ -61.49489864, -24.57766527 ], [ -61.49889916, -24.57551919 ], [ -61.50157598, -24.57154046 ], [ -61.50632988, -24.5684977 ], [ -61.51144255, -24.56519518 ], [ -61.51541396, -24.56087635 ], [ -61.51639606, -24.55522497 ], [ -61.51778321, -24.54953609 ], [ -61.52149978, -24.54783177 ], [ -61.5221742, -24.5475225 ], [ -61.5284503, -24.54962825 ], [ -61.53266885, -24.54594688 ], [ -61.53344451, -24.5403252 ], [ -61.53641334, -24.53527761 ], [ -61.54072799, -24.53122487 ], [ -61.54646754, -24.52892603 ], [ -61.55225657, -24.52675455 ], [ -61.55776082, -24.524205 ], [ -61.56211372, -24.52008507 ], [ -61.56610001, -24.51567037 ], [ -61.56937861, -24.5107887 ], [ -61.57138497, -24.50511268 ], [ -61.57154473, -24.49972024 ], [ -61.57275299, -24.49411983 ], [ -61.57313894, -24.48845556 ] ], [ [ -61.71118113, -23.57087858 ], [ -61.71428573, -23.57345735 ], [ -61.71363177, -23.58114933 ], [ -61.70998045, -23.58594411 ], [ -61.70393125, -23.58629372 ], [ -61.69553866, -23.57640433 ], [ -61.69897455, -23.57387675 ], [ -61.69845093, -23.56059828 ], [ -61.70957379, -23.56033431 ], [ -61.70971778, -23.56069726 ], [ -61.71025772, -23.56825303 ], [ -61.71122962, -23.56828602 ], [ -61.71118113, -23.57087858 ] ], [ [ -61.30190578, -24.2901162 ], [ -61.24102782, -24.32987455 ], [ -61.23329246, -24.3203645 ], [ -61.21552177, -24.29918788 ], [ -61.20542637, -24.28717132 ], [ -61.20373777, -24.28514092 ], [ -61.20273732, -24.28393798 ], [ -61.20273721, -24.28393794 ], [ -61.20258948, -24.2837648 ], [ -61.20312059, -24.28340762 ], [ -61.20542433, -24.28179998 ], [ -61.2054231, -24.28179838 ], [ -61.21058312, -24.27817125 ], [ -61.21345345, -24.27614155 ], [ -61.21562441, -24.27457376 ], [ -61.21562729, -24.27457355 ], [ -61.21747401, -24.27330375 ], [ -61.21855038, -24.27253417 ], [ -61.2190147, -24.27216861 ], [ -61.21942625, -24.27181268 ], [ -61.21997499, -24.27127877 ], [ -61.22025991, -24.27094208 ], [ -61.22084031, -24.2700859 ], [ -61.22112523, -24.26957604 ], [ -61.2213785, -24.26899883 ], [ -61.22231768, -24.26686316 ], [ -61.22365787, -24.2639049 ], [ -61.22398501, -24.2632026 ], [ -61.22467093, -24.26180762 ], [ -61.2251458, -24.26110531 ], [ -61.22548348, -24.26064352 ], [ -61.22631715, -24.25980651 ], [ -61.22752015, -24.25886848 ], [ -61.22975731, -24.25728103 ], [ -61.23638439, -24.25260997 ], [ -61.24398231, -24.24724597 ], [ -61.24776016, -24.24457591 ], [ -61.25161189, -24.2418192 ], [ -61.25355358, -24.24047209 ], [ -61.25572743, -24.23895177 ], [ -61.25721535, -24.23791255 ], [ -61.25775354, -24.23760463 ], [ -61.25809139, -24.23744537 ], [ -61.25886157, -24.23710426 ], [ -61.26018391, -24.23667869 ], [ -61.26041982, -24.2366203 ], [ -61.26096671, -24.2365222 ], [ -61.26307569, -24.23626438 ], [ -61.266259, -24.23587523 ], [ -61.26713731, -24.23576786 ], [ -61.26738874, -24.2357481 ], [ -61.2687072, -24.23559352 ], [ -61.26940368, -24.23547805 ], [ -61.27019513, -24.23529522 ], [ -61.27068055, -24.23515088 ], [ -61.27130931, -24.23493185 ], [ -61.27161974, -24.23482371 ], [ -61.27227401, -24.23451578 ], [ -61.27280164, -24.23420786 ], [ -61.27352149, -24.23379159 ], [ -61.27393077, -24.23413087 ], [ -61.26759917, -24.23855725 ], [ -61.27684331, -24.2497957 ], [ -61.28423018, -24.2587819 ], [ -61.28424646, -24.2588754 ], [ -61.30761488, -24.28632342 ], [ -61.30189297, -24.29009673 ], [ -61.30190578, -24.2901162 ] ], [ [ -61.47810644, -24.09878903 ], [ -61.47815313, -24.09884347 ], [ -61.46219477, -24.10991745 ], [ -61.45313322, -24.09913593 ], [ -61.45283855, -24.09878532 ], [ -61.45113934, -24.09676358 ], [ -61.46677001, -24.08610969 ], [ -61.46813383, -24.0873728 ], [ -61.46900835, -24.08818275 ], [ -61.47221129, -24.09191664 ], [ -61.4765685, -24.08906206 ], [ -61.48027431, -24.09329084 ], [ -61.47607305, -24.09641857 ], [ -61.47694228, -24.09743189 ], [ -61.47863939, -24.0984647 ], [ -61.47810644, -24.09878903 ] ], [ [ -61.04653372, -24.40323291 ], [ -61.04185654, -24.4141405 ], [ -61.0280395, -24.41679725 ], [ -61.02718454, -24.41704089 ], [ -61.02335772, -24.41775346 ], [ -61.01742712, -24.41894494 ], [ -61.01354374, -24.41973285 ], [ -61.01240405, -24.42040545 ], [ -61.01055733, -24.421693 ], [ -61.00303181, -24.42685576 ], [ -61.0009362, -24.4250563 ], [ -61.00213631, -24.42411431 ], [ -61.00340263, -24.42269228 ], [ -61.00484834, -24.42025172 ], [ -61.00674782, -24.41598543 ], [ -61.00873172, -24.41241086 ], [ -61.01037794, -24.41087338 ], [ -61.02779393, -24.39873678 ], [ -61.02872647, -24.39801479 ], [ -61.04239199, -24.3884718 ], [ -61.04802985, -24.38759747 ], [ -61.05974331, -24.38627114 ], [ -61.05706293, -24.38817414 ], [ -61.05324287, -24.39090364 ], [ -61.04968662, -24.39785208 ], [ -61.04668966, -24.40296466 ], [ -61.04653372, -24.40323291 ] ], [ [ -60.86435686, -23.89135854 ], [ -60.85652542, -23.89199564 ], [ -60.85687244, -23.89063962 ], [ -60.85698531, -23.89019857 ], [ -60.85906694, -23.88348266 ], [ -60.85895055, -23.88287689 ], [ -60.86276536, -23.86752804 ], [ -60.86402263, -23.86749423 ], [ -60.86402417, -23.86748926 ], [ -60.9031359, -23.86607908 ], [ -60.90309734, -23.86612909 ], [ -60.90337948, -23.86611391 ], [ -60.89359721, -23.87864742 ], [ -60.89015026, -23.88306376 ], [ -60.88767063, -23.88587917 ], [ -60.8861992, -23.88717474 ], [ -60.88528414, -23.88769872 ], [ -60.88387186, -23.88850741 ], [ -60.88350159, -23.88871944 ], [ -60.88326314, -23.88883208 ], [ -60.88232659, -23.88927451 ], [ -60.88186667, -23.88949178 ], [ -60.87933254, -23.89018938 ], [ -60.87929953, -23.89019372 ], [ -60.87535424, -23.89071257 ], [ -60.87467459, -23.89080924 ], [ -60.87310914, -23.89091397 ], [ -60.86640732, -23.89133176 ], [ -60.86435686, -23.89135854 ] ], [ [ -60.67543942, -24.15144945 ], [ -60.67495403, -24.15105576 ], [ -60.67487396, -24.15097863 ], [ -60.67472087, -24.15083118 ], [ -60.67470879, -24.15081955 ], [ -60.67451805, -24.15049633 ], [ -60.67443631, -24.15021039 ], [ -60.67450443, -24.14994932 ], [ -60.67498128, -24.14889261 ], [ -60.67522652, -24.14805966 ], [ -60.67529464, -24.14777372 ], [ -60.67534767, -24.14774439 ], [ -60.67537979, -24.14762298 ], [ -60.67685122, -24.1471257 ], [ -60.67826815, -24.14453978 ], [ -60.68039354, -24.14394302 ], [ -60.6873147, -24.14478843 ], [ -60.69150024, -24.14525232 ], [ -60.69473996, -24.14566491 ], [ -60.69582309, -24.14579545 ], [ -60.70100034, -24.14644193 ], [ -60.70138182, -24.14662219 ], [ -60.70179517, -24.14689161 ], [ -60.70302695, -24.14988095 ], [ -60.70464832, -24.15427374 ], [ -60.70475724, -24.15465471 ], [ -60.70477468, -24.15477935 ], [ -60.70455288, -24.15572381 ], [ -60.70408965, -24.15661886 ], [ -60.70381664, -24.15716497 ], [ -60.7036853, -24.1573835 ], [ -60.70091988, -24.15818372 ], [ -60.69447088, -24.16004984 ], [ -60.69064244, -24.15844624 ], [ -60.68981445, -24.15810133 ], [ -60.68339422, -24.15542691 ], [ -60.68319675, -24.15534465 ], [ -60.68314225, -24.15508359 ], [ -60.68314645, -24.15498008 ], [ -60.68315588, -24.15474794 ], [ -60.68300601, -24.15447445 ], [ -60.68297626, -24.1544521 ], [ -60.68289034, -24.15438754 ], [ -60.68277439, -24.15430041 ], [ -60.6821068, -24.15427555 ], [ -60.67906858, -24.15442473 ], [ -60.67867347, -24.1541388 ], [ -60.6786667, -24.15413654 ], [ -60.67543942, -24.15144945 ] ], [ [ -60.76059654, -23.90105769 ], [ -60.76097802, -23.90185487 ], [ -60.74675423, -23.90359869 ], [ -60.74615476, -23.90115734 ], [ -60.74762619, -23.89338457 ], [ -60.7553648, -23.88865093 ], [ -60.76037855, -23.89851664 ], [ -60.76059654, -23.90105769 ] ], [ [ -61.17033452, -23.67061663 ], [ -61.16919008, -23.67221382 ], [ -61.16777315, -23.67316214 ], [ -61.15758215, -23.67795354 ], [ -61.15491178, -23.67376107 ], [ -61.16548426, -23.66837055 ], [ -61.16684669, -23.67016742 ], [ -61.17033452, -23.67061663 ] ], [ [ -61.30941164, -23.59989665 ], [ -61.3163873, -23.59889786 ], [ -61.3182402, -23.61263056 ], [ -61.31660528, -23.61163187 ], [ -61.31551534, -23.61148207 ], [ -61.31447989, -23.61208128 ], [ -61.31355344, -23.61303004 ], [ -61.30941164, -23.59989665 ] ], [ [ -61.78152178, -23.3879333 ], [ -61.75383715, -23.38903373 ], [ -61.75710699, -23.37922958 ], [ -61.76113979, -23.38073026 ], [ -61.77127629, -23.3799299 ], [ -61.77977787, -23.37612812 ], [ -61.78152178, -23.3879333 ] ], [ [ -60.61920329, -23.97945681 ], [ -60.61936678, -23.97975557 ], [ -60.61808609, -23.98095061 ], [ -60.61440753, -23.98411244 ], [ -60.61089245, -23.98702523 ], [ -60.6089033, -23.98789657 ], [ -60.60669616, -23.97978047 ], [ -60.61656017, -23.97619528 ], [ -60.61920329, -23.97945681 ] ], [ [ -60.75141571, -24.01462151 ], [ -60.77825532, -24.01517368 ], [ -60.77769239, -24.04653387 ], [ -60.74953916, -24.04581425 ], [ -60.75141571, -24.01462151 ] ] ] ] } },
{ "type": "Feature", "properties": { "circuito": "00081", "codprov": "09", "coddepto": "007" }, "geometry": { "type": "MultiPolygon", "coordinates": [ [ [ [ -61.47428847, -24.10152527 ], [ -61.47062829, -24.09702201 ], [ -61.46697697, -24.09145009 ], [ -61.46567918, -24.0868532 ], [ -61.45113934, -24.09676358 ], [ -61.45283855, -24.09878532 ], [ -61.45313322, -24.09913593 ], [ -61.46219477, -24.10991745 ], [ -61.47428847, -24.10152527 ] ] ] ] } },
{ "type": "Feature", "properties": { "circuito": "00014", "codprov": "09", "coddepto": "001" }, "geometry": { "type": "MultiPolygon", "coordinates": [ [ [ [ -58.23051877, -26.61691556 ], [ -58.23095432, -26.61946999 ], [ -58.24023249, -26.61643709 ], [ -58.24260312, -26.61563317 ], [ -58.2320579, -26.60631465 ], [ -58.23025948, -26.60763025 ], [ -58.22969494, -26.60863976 ], [ -58.22931941, -26.60936966 ], [ -58.22916613, -26.60966758 ], [ -58.22907417, -26.61045326 ], [ -58.2293421, -26.61094351 ], [ -58.22951355, -26.61125721 ], [ -58.22979966, -26.61220733 ], [ -58.22994272, -26.61300214 ], [ -58.23053538, -26.61684133 ], [ -58.23051877, -26.61691556 ] ] ] ] } },
{ "type": "Feature", "properties": { "circuito": "0022C", "codprov": "09", "coddepto": "002" }, "geometry": { "type": "MultiPolygon", "coordinates": [ [ [ [ -58.27849919, -26.51891759 ], [ -58.27611205, -26.52285807 ], [ -58.2755608, -26.52406728 ], [ -58.27204955, -26.5291212 ], [ -58.27194869, -26.5292263 ], [ -58.32415426, -26.52857512 ], [ -58.32424891, -26.50907757 ], [ -58.32426915, -26.50490687 ], [ -58.32748707, -26.50378699 ], [ -58.32759532, -26.49287139 ], [ -58.32177282, -26.49469522 ], [ -58.31024299, -26.49812264 ], [ -58.30669311, -26.49913712 ], [ -58.30506864, -26.49430499 ], [ -58.30475783, -26.49338046 ], [ -58.30131609, -26.48313121 ], [ -58.29954459, -26.4778372 ], [ -58.29949097, -26.47767696 ], [ -58.29192796, -26.47846822 ], [ -58.29192797, -26.47846823 ], [ -58.29107245, -26.47856095 ], [ -58.29023666, -26.47864521 ], [ -58.29022519, -26.47864636 ], [ -58.28477023, -26.47921707 ], [ -58.27236891, -26.48051452 ], [ -58.27087737, -26.48227679 ], [ -58.27041499, -26.48462644 ], [ -58.26943963, -26.48704825 ], [ -58.2713933, -26.48704825 ], [ -58.27186205, -26.48706922 ], [ -58.2732683, -26.48713215 ], [ -58.2750808, -26.48757967 ], [ -58.27554211, -26.48782932 ], [ -58.27642455, -26.48830688 ], [ -58.27767456, -26.48928581 ], [ -58.27889331, -26.49032067 ], [ -58.27986206, -26.49180302 ], [ -58.28019219, -26.49248261 ], [ -58.28020737, -26.49255222 ], [ -58.28176831, -26.4956067 ], [ -58.28292456, -26.49885092 ], [ -58.28361206, -26.50229081 ], [ -58.28371193, -26.50472632 ], [ -58.28373706, -26.50533908 ], [ -58.28364331, -26.5074085 ], [ -58.28323706, -26.50896054 ], [ -58.28286206, -26.51038672 ], [ -58.28151831, -26.51374238 ], [ -58.27958081, -26.51737756 ], [ -58.2790821, -26.51795537 ], [ -58.27849919, -26.51891759 ] ] ] ] } },
{ "type": "Feature", "properties": { "circuito": "S/D", "codprov": "09", "coddepto": "nan" }, "geometry": { "type": "MultiPolygon", "coordinates": [ [ [ [ -58.62612486, -26.66193525 ], [ -58.62575937, -26.66146417 ], [ -58.6176198, -26.65414752 ], [ -58.62571205, -26.649199 ], [ -58.62982916, -26.65245574 ], [ -58.63097023, -26.65401733 ], [ -58.631525, -26.65302411 ], [ -58.63476898, -26.65053489 ], [ -58.64171305, -26.64948206 ], [ -58.6458628, -26.64968928 ], [ -58.64812387, -26.64980214 ], [ -58.65256985, -26.65114692 ], [ -58.65260175, -26.65111715 ], [ -58.65714302, -26.64670996 ], [ -58.66087111, -26.64538575 ], [ -58.66361874, -26.64220985 ], [ -58.66636899, -26.63867927 ], [ -58.67078427, -26.63551781 ], [ -58.67730378, -26.63385145 ], [ -58.66215086, -26.62563772 ], [ -58.65940611, -26.62047644 ], [ -58.66082581, -26.61895339 ], [ -58.66830286, -26.62039182 ], [ -58.672278, -26.61683801 ], [ -58.68480017, -26.61903162 ], [ -58.68530138, -26.61785778 ], [ -58.68688073, -26.60972603 ], [ -58.68731889, -26.60638967 ], [ -58.68841285, -26.60295246 ], [ -58.68949038, -26.6007089 ], [ -58.69039975, -26.59882936 ], [ -58.69284321, -26.5909172 ], [ -58.69679969, -26.58441223 ], [ -58.70360741, -26.58370783 ], [ -58.70818318, -26.5855018 ], [ -58.71031266, -26.5880634 ], [ -58.71722005, -26.58838738 ], [ -58.72281069, -26.59111783 ], [ -58.72570172, -26.59380821 ], [ -58.73204263, -26.59393625 ], [ -58.73772995, -26.59421012 ], [ -58.74694008, -26.59525707 ], [ -58.75143909, -26.59394705 ], [ -58.75406551, -26.59017877 ], [ -58.75568264, -26.58617465 ], [ -58.75785951, -26.57837274 ], [ -58.75625591, -26.57442844 ], [ -58.76425014, -26.56394609 ], [ -58.76446342, -26.55922337 ], [ -58.76553917, -26.5557887 ], [ -58.76814536, -26.55294859 ], [ -58.77049572, -26.55044118 ], [ -58.77479323, -26.54698653 ], [ -58.77947124, -26.54216331 ], [ -58.77684057, -26.53889898 ], [ -58.78070798, -26.53711083 ], [ -58.78428979, -26.53716289 ], [ -58.78941529, -26.53688465 ], [ -58.79208209, -26.53035971 ], [ -58.79669231, -26.52772622 ], [ -58.78344002, -26.51457637 ], [ -58.78457577, -26.51364476 ], [ -58.80757481, -26.51169683 ], [ -58.81448398, -26.51135805 ], [ -58.81205914, -26.51600761 ], [ -58.81648773, -26.51767458 ], [ -58.82133832, -26.51842761 ], [ -58.82728049, -26.51825203 ], [ -58.832222, -26.51811099 ], [ -58.83736501, -26.51634055 ], [ -58.8440716, -26.51343154 ], [ -58.84870655, -26.51131609 ], [ -58.85244588, -26.50963147 ], [ -58.8571124, -26.5061204 ], [ -58.85972122, -26.50294133 ], [ -58.85949827, -26.49303055 ], [ -58.85981547, -26.48969126 ], [ -58.85986807, -26.48635213 ], [ -58.86147424, -26.48210743 ], [ -58.86395463, -26.47857138 ], [ -58.8664669, -26.47411607 ], [ -58.8698558, -26.46920162 ], [ -58.87309619, -26.46740582 ], [ -58.87821241, -26.4674737 ], [ -58.8821697, -26.46764055 ], [ -58.88874867, -26.46495598 ], [ -58.89450924, -26.46388312 ], [ -58.89824811, -26.46208912 ], [ -58.90327126, -26.45961798 ], [ -58.90676604, -26.45724554 ], [ -58.91041219, -26.45338473 ], [ -58.91161659, -26.44970752 ], [ -58.91473521, -26.44687135 ], [ -58.91950436, -26.44486297 ], [ -58.92288998, -26.44133013 ], [ -58.92649634, -26.43907491 ], [ -58.92973419, -26.43680575 ], [ -58.93207501, -26.43419095 ], [ -58.9361626, -26.43115974 ], [ -58.93894391, -26.42851725 ], [ -58.94206707, -26.42452605 ], [ -58.94691532, -26.41744884 ], [ -58.94878645, -26.41205669 ], [ -58.9528611, -26.40496776 ], [ -58.95568582, -26.39579084 ], [ -58.95818448, -26.39121563 ], [ -58.96229152, -26.38700735 ], [ -58.96285546, -26.38642877 ], [ -58.96658923, -26.38498704 ], [ -58.97134219, -26.38343378 ], [ -58.972577, -26.38310659 ], [ -58.97145478, -26.38030449 ], [ -58.97287447, -26.37899024 ], [ -58.97467275, -26.37746399 ], [ -58.97544574, -26.3765584 ], [ -58.97524453, -26.28487303 ], [ -58.97506074, -26.201933 ], [ -58.97502217, -26.18514821 ], [ -58.92660145, -26.18469126 ], [ -58.77711027, -26.18314645 ], [ -58.75821358, -26.18294166 ], [ -58.75743667, -26.16248127 ], [ -58.75721667, -26.15668683 ], [ -58.74052506, -26.15687025 ], [ -58.62274226, -26.15808126 ], [ -58.56925072, -26.1585976 ], [ -58.5695289, -26.17288941 ], [ -58.50594868, -26.173027 ], [ -58.50468635, -26.34274464 ], [ -58.50439134, -26.34276054 ], [ -58.48489717, -26.3433318 ], [ -58.33899146, -26.34793946 ], [ -58.33341755, -26.34612695 ], [ -58.3182929, -26.3455364 ], [ -58.31756205, -26.34551494 ], [ -58.26789856, -26.34357683 ], [ -58.21808419, -26.38218546 ], [ -58.22034935, -26.38686879 ], [ -58.22181783, -26.39213681 ], [ -58.22229795, -26.39632312 ], [ -58.22244371, -26.39756071 ], [ -58.22206138, -26.40293395 ], [ -58.22061909, -26.40820881 ], [ -58.21978629, -26.41360674 ], [ -58.21747352, -26.41855564 ], [ -58.21491084, -26.4263135 ], [ -58.21252462, -26.43130759 ], [ -58.20902455, -26.43559431 ], [ -58.20431724, -26.43900688 ], [ -58.19903704, -26.44167428 ], [ -58.19373999, -26.44421934 ], [ -58.19138446, -26.44910685 ], [ -58.19410655, -26.45380683 ], [ -58.19850906, -26.45769716 ], [ -58.20381352, -26.45961304 ], [ -58.20996196, -26.45915624 ], [ -58.21597534, -26.45885332 ], [ -58.22200229, -26.45916119 ], [ -58.22805481, -26.45997732 ], [ -58.23324955, -26.4624965 ], [ -58.23409428, -26.46756004 ], [ -58.23058296, -26.47207553 ], [ -58.22551431, -26.47506053 ], [ -58.22122245, -26.47886876 ], [ -58.21692776, -26.48264074 ], [ -58.21386672, -26.4873374 ], [ -58.21300148, -26.4926706 ], [ -58.21239442, -26.49816604 ], [ -58.21354461, -26.50326883 ], [ -58.21686027, -26.50792057 ], [ -58.22010558, -26.51251008 ], [ -58.22114607, -26.52055978 ], [ -58.22077297, -26.52598738 ], [ -58.21811538, -26.53081834 ], [ -58.21473105, -26.53532655 ], [ -58.21101367, -26.53959195 ], [ -58.20658249, -26.54327045 ], [ -58.20185326, -26.54663168 ], [ -58.19710765, -26.55000975 ], [ -58.19279098, -26.55375232 ], [ -58.19027786, -26.55870261 ], [ -58.18914226, -26.56401154 ], [ -58.18859761, -26.56943384 ], [ -58.18713873, -26.5746486 ], [ -58.1849999, -26.57973154 ], [ -58.18318229, -26.58493089 ], [ -58.18294038, -26.59014996 ], [ -58.1870409, -26.59427613 ], [ -58.19126355, -26.59815317 ], [ -58.19547685, -26.60202514 ], [ -58.19931392, -26.60629362 ], [ -58.20022136, -26.61157624 ], [ -58.19852997, -26.6167514 ], [ -58.19607686, -26.62174534 ], [ -58.19314875, -26.6264527 ], [ -58.18944394, -26.63075804 ], [ -58.18649911, -26.6354822 ], [ -58.18708014, -26.64063463 ], [ -58.19017395, -26.64540993 ], [ -58.194355, -26.64933429 ], [ -58.19995641, -26.65133553 ], [ -58.2059641, -26.65199923 ], [ -58.21195826, -26.65169258 ], [ -58.2177568, -26.65015422 ], [ -58.22314757, -26.64770905 ], [ -58.2288829, -26.64606795 ], [ -58.23395822, -26.64311576 ], [ -58.23979777, -26.64169978 ], [ -58.24586437, -26.64193858 ], [ -58.25100248, -26.64459906 ], [ -58.25167509, -26.64918227 ], [ -58.25177832, -26.64994191 ], [ -58.25101298, -26.65532589 ], [ -58.25073083, -26.6607274 ], [ -58.25094127, -26.66615593 ], [ -58.25117249, -26.67157215 ], [ -58.25126836, -26.67699441 ], [ -58.25121654, -26.67907848 ], [ -58.2511349, -26.68240857 ], [ -58.25100106, -26.6878272 ], [ -58.2510566, -26.69325175 ], [ -58.25144775, -26.69866331 ], [ -58.25207558, -26.70404749 ], [ -58.25246637, -26.70946354 ], [ -58.25282949, -26.71491847 ], [ -58.25226412, -26.7202102 ], [ -58.249498, -26.72508475 ], [ -58.24675487, -26.72991112 ], [ -58.24402234, -26.73472451 ], [ -58.24368732, -26.7401455 ], [ -58.24490325, -26.74547232 ], [ -58.24741974, -26.75042192 ], [ -58.25126443, -26.75459184 ], [ -58.25667773, -26.75687766 ], [ -58.26272997, -26.75742111 ], [ -58.26852498, -26.75616391 ], [ -58.27435995, -26.75483233 ], [ -58.28037143, -26.75546253 ], [ -58.28513754, -26.75867685 ], [ -58.29125096, -26.76480586 ], [ -58.29429743, -26.76964487 ], [ -58.29431766, -26.77472225 ], [ -58.29084457, -26.77932566 ], [ -58.28608012, -26.78269126 ], [ -58.28116665, -26.78669927 ], [ -58.28270194, -26.79279768 ], [ -58.28767583, -26.7963602 ], [ -58.29262474, -26.79948585 ], [ -58.29715486, -26.80303728 ], [ -58.30121799, -26.80706126 ], [ -58.30579909, -26.81075443 ], [ -58.31147397, -26.81211942 ], [ -58.31762638, -26.81205152 ], [ -58.32349125, -26.81076474 ], [ -58.32920699, -26.80857634 ], [ -58.33397583, -26.80973393 ], [ -58.33232903, -26.81492276 ], [ -58.32925069, -26.81960259 ], [ -58.32678026, -26.82453542 ], [ -58.32486011, -26.82968673 ], [ -58.32312204, -26.83487934 ], [ -58.32139711, -26.84039131 ], [ -58.32101985, -26.84580181 ], [ -58.32113728, -26.85122138 ], [ -58.32172801, -26.85667129 ], [ -58.32391326, -26.8616338 ], [ -58.32775921, -26.86587456 ], [ -58.33277868, -26.86890455 ], [ -58.33876898, -26.86950512 ], [ -58.34480993, -26.86899053 ], [ -58.35066903, -26.8676129 ], [ -58.35667642, -26.86685354 ], [ -58.36486368, -26.86360886 ], [ -58.36466375, -26.85856606 ], [ -58.36445459, -26.85417813 ], [ -58.36440721, -26.84969126 ], [ -58.368631, -26.84509066 ], [ -58.37097727, -26.84545482 ], [ -58.37303363, -26.84577396 ], [ -58.37656807, -26.84842555 ], [ -58.37891734, -26.85463086 ], [ -58.3797983, -26.85901039 ], [ -58.38116182, -26.86358219 ], [ -58.38423024, -26.8607544 ], [ -58.38574963, -26.85654981 ], [ -58.3881065, -26.85261498 ], [ -58.38896498, -26.85239633 ], [ -58.39210363, -26.8515969 ], [ -58.39675041, -26.85222987 ], [ -58.40059677, -26.85099689 ], [ -58.40268351, -26.84682715 ], [ -58.40006883, -26.84194545 ], [ -58.39545887, -26.84144034 ], [ -58.39160769, -26.8397731 ], [ -58.38948644, -26.83344113 ], [ -58.38923483, -26.82899694 ], [ -58.38938076, -26.82444409 ], [ -58.39161894, -26.82069569 ], [ -58.39759726, -26.82085278 ], [ -58.39814112, -26.82527239 ], [ -58.39858828, -26.83001448 ], [ -58.40205879, -26.83175968 ], [ -58.40569651, -26.82929864 ], [ -58.40550683, -26.82280175 ], [ -58.40416998, -26.81856377 ], [ -58.40284994, -26.81429977 ], [ -58.40201345, -26.80968929 ], [ -58.4047715, -26.80683053 ], [ -58.41089375, -26.80848955 ], [ -58.41159934, -26.81281914 ], [ -58.41165954, -26.81729798 ], [ -58.41174373, -26.82179158 ], [ -58.41520155, -26.82634144 ], [ -58.419234, -26.82425589 ], [ -58.42280967, -26.82151712 ], [ -58.42511878, -26.81766408 ], [ -58.42323377, -26.81398026 ], [ -58.42063601, -26.81025805 ], [ -58.42144644, -26.80390022 ], [ -58.42377152, -26.80002557 ], [ -58.42704589, -26.79683939 ], [ -58.43032312, -26.7984028 ], [ -58.4324675, -26.80254937 ], [ -58.43686759, -26.80730649 ], [ -58.44121208, -26.80817736 ], [ -58.4456728, -26.8079814 ], [ -58.45010087, -26.80707423 ], [ -58.45255031, -26.80214615 ], [ -58.4515241, -26.79772304 ], [ -58.45122077, -26.79326237 ], [ -58.45453202, -26.78777884 ], [ -58.45819874, -26.78521881 ], [ -58.46234078, -26.7831061 ], [ -58.46603193, -26.78416556 ], [ -58.46736407, -26.78851072 ], [ -58.46504975, -26.79465857 ], [ -58.4623749, -26.79869948 ], [ -58.46633676, -26.80186557 ], [ -58.47078151, -26.80205847 ], [ -58.47514856, -26.80123696 ], [ -58.47936621, -26.79980124 ], [ -58.48344857, -26.79799001 ], [ -58.48722269, -26.79524184 ], [ -58.48632015, -26.79179961 ], [ -58.48269647, -26.78873294 ], [ -58.47966667, -26.78304913 ], [ -58.48236024, -26.78006825 ], [ -58.48683842, -26.77966968 ], [ -58.49130624, -26.77988098 ], [ -58.49738802, -26.78004343 ], [ -58.50170855, -26.77574798 ], [ -58.50490571, -26.77338598 ], [ -58.50946501, -26.77023878 ], [ -58.51247374, -26.76693718 ], [ -58.5147429, -26.76202931 ], [ -58.5159906, -26.75743978 ], [ -58.51683337, -26.75352913 ], [ -58.52126941, -26.74980464 ], [ -58.52357855, -26.75605559 ], [ -58.52807743, -26.75532886 ], [ -58.52846388, -26.74899635 ], [ -58.52980719, -26.74590675 ], [ -58.5353935, -26.74886956 ], [ -58.5386892, -26.75077261 ], [ -58.54207739, -26.74730615 ], [ -58.54190573, -26.74321582 ], [ -58.54045161, -26.73893194 ], [ -58.54505004, -26.73324404 ], [ -58.55439046, -26.73454563 ], [ -58.55743955, -26.72906274 ], [ -58.55979826, -26.72587361 ], [ -58.56111192, -26.72275952 ], [ -58.56115294, -26.7226674 ], [ -58.56301165, -26.71947426 ], [ -58.56695634, -26.71411907 ], [ -58.57084261, -26.71141421 ], [ -58.57258148, -26.70798109 ], [ -58.57418974, -26.70432555 ], [ -58.57477186, -26.70053518 ], [ -58.57664862, -26.69229592 ], [ -58.57987386, -26.68851871 ], [ -58.57930737, -26.68424587 ], [ -58.57706499, -26.68099399 ], [ -58.58111428, -26.67645181 ], [ -58.58649233, -26.67675663 ], [ -58.59225957, -26.67707267 ], [ -58.59738204, -26.67692813 ], [ -58.6023903, -26.67631043 ], [ -58.60822898, -26.67259736 ], [ -58.61096206, -26.66998783 ], [ -58.61753958, -26.66813146 ], [ -58.61853649, -26.66755491 ], [ -58.62219693, -26.66543809 ], [ -58.62597259, -26.6621552 ], [ -58.62612486, -26.66193525 ] ], [ [ -58.64251693, -26.24292379 ], [ -58.64266721, -26.24958243 ], [ -58.64225622, -26.2495878 ], [ -58.63181483, -26.24972431 ], [ -58.62026831, -26.24994543 ], [ -58.62152271, -26.24363624 ], [ -58.62157046, -26.24334686 ], [ -58.62254303, -26.23745322 ], [ -58.6253085, -26.23691178 ], [ -58.64000948, -26.233293 ], [ -58.64039325, -26.2346054 ], [ -58.64043186, -26.23462396 ], [ -58.64252959, -26.24260019 ], [ -58.64251693, -26.24292379 ] ], [ [ -58.35772121, -26.40582353 ], [ -58.34200994, -26.39611679 ], [ -58.34442341, -26.38886799 ], [ -58.36027666, -26.39471793 ], [ -58.36188565, -26.39866012 ], [ -58.35772121, -26.40582353 ] ], [ [ -58.55737746, -26.42534051 ], [ -58.55714085, -26.4255524 ], [ -58.5570462, -26.42567954 ], [ -58.55685691, -26.42593381 ], [ -58.55666762, -26.42610332 ], [ -58.55626537, -26.42612451 ], [ -58.55600509, -26.42610332 ], [ -58.55553186, -26.4261457 ], [ -58.55531891, -26.42635759 ], [ -58.55484568, -26.42673899 ], [ -58.55451441, -26.42720515 ], [ -58.55285811, -26.42531932 ], [ -58.55340232, -26.42466245 ], [ -58.55879716, -26.42012783 ], [ -58.55872617, -26.4208271 ], [ -58.55834759, -26.42133567 ], [ -58.55815829, -26.42201375 ], [ -58.55787436, -26.4225223 ], [ -58.55775605, -26.42298848 ], [ -58.55756676, -26.42351822 ], [ -58.55756676, -26.42434461 ], [ -58.55737746, -26.42534051 ] ], [ [ -58.3356923, -26.70518511 ], [ -58.33789282, -26.70486805 ], [ -58.34115812, -26.70651677 ], [ -58.34139473, -26.70672815 ], [ -58.34139473, -26.70727772 ], [ -58.3409215, -26.70856708 ], [ -58.34059024, -26.7101312 ], [ -58.34044827, -26.71078644 ], [ -58.33786916, -26.71042712 ], [ -58.33481682, -26.71023689 ], [ -58.33552667, -26.7079541 ], [ -58.33571596, -26.70615744 ], [ -58.33571596, -26.70581924 ], [ -58.3356923, -26.70518511 ] ], [ [ -58.23051877, -26.61691556 ], [ -58.23053538, -26.61684133 ], [ -58.22994272, -26.61300214 ], [ -58.22979966, -26.61220733 ], [ -58.22951355, -26.61125721 ], [ -58.2293421, -26.61094351 ], [ -58.22907417, -26.61045326 ], [ -58.22916613, -26.60966758 ], [ -58.22931941, -26.60936966 ], [ -58.22969494, -26.60863976 ], [ -58.23025948, -26.60763025 ], [ -58.2320579, -26.60631465 ], [ -58.24260312, -26.61563317 ], [ -58.24023249, -26.61643709 ], [ -58.23095432, -26.61946999 ], [ -58.23051877, -26.61691556 ] ], [ [ -58.29192796, -26.47846822 ], [ -58.29949097, -26.47767696 ], [ -58.29946657, -26.47760405 ], [ -58.30348256, -26.47713676 ], [ -58.30682362, -26.47681634 ], [ -58.30698769, -26.47859201 ], [ -58.30806906, -26.47879228 ], [ -58.30969484, -26.4791127 ], [ -58.31128901, -26.47998125 ], [ -58.3131254, -26.48098179 ], [ -58.31405016, -26.47956662 ], [ -58.31428508, -26.47895916 ], [ -58.31438948, -26.47863874 ], [ -58.31450881, -26.4772903 ], [ -58.31464305, -26.47566147 ], [ -58.31523068, -26.47433261 ], [ -58.31549323, -26.47373888 ], [ -58.31654869, -26.47275952 ], [ -58.3169729, -26.47225322 ], [ -58.31699969, -26.47223016 ], [ -58.31841817, -26.47091661 ], [ -58.31872988, -26.47062796 ], [ -58.32486014, -26.47068137 ], [ -58.32566972, -26.47131072 ], [ -58.32779331, -26.47290505 ], [ -58.32759532, -26.49287139 ], [ -58.32748707, -26.50378699 ], [ -58.32426915, -26.50490687 ], [ -58.32424891, -26.50907757 ], [ -58.32415426, -26.52857512 ], [ -58.27194869, -26.5292263 ], [ -58.27204955, -26.5291212 ], [ -58.2755608, -26.52406728 ], [ -58.27611205, -26.52285807 ], [ -58.27849919, -26.51891759 ], [ -58.2790821, -26.51795537 ], [ -58.27958081, -26.51737756 ], [ -58.28151831, -26.51374238 ], [ -58.28286206, -26.51038672 ], [ -58.28323706, -26.50896054 ], [ -58.28364331, -26.5074085 ], [ -58.28373706, -26.50533908 ], [ -58.28371193, -26.50472632 ], [ -58.28361206, -26.50229081 ], [ -58.28292456, -26.49885092 ], [ -58.28176831, -26.4956067 ], [ -58.28020737, -26.49255222 ], [ -58.28019219, -26.49248261 ], [ -58.27986206, -26.49180302 ], [ -58.27889331, -26.49032067 ], [ -58.27767456, -26.48928581 ], [ -58.27642455, -26.48830688 ], [ -58.27554211, -26.48782932 ], [ -58.2750808, -26.48757967 ], [ -58.2732683, -26.48713215 ], [ -58.27186205, -26.48706922 ], [ -58.2713933, -26.48704825 ], [ -58.26943963, -26.48704825 ], [ -58.27041499, -26.48462644 ], [ -58.27087737, -26.48227679 ], [ -58.27236891, -26.48051452 ], [ -58.28477023, -26.47921707 ], [ -58.29022519, -26.47864636 ], [ -58.29023666, -26.47864521 ], [ -58.29107245, -26.47856095 ], [ -58.29192797, -26.47846823 ], [ -58.29192796, -26.47846822 ] ], [ [ -58.7404877, -26.24774663 ], [ -58.72370825, -26.24791509 ], [ -58.71422834, -26.24735572 ], [ -58.71332555, -26.24006816 ], [ -58.71324, -26.23937761 ], [ -58.72159265, -26.23027988 ], [ -58.72099604, -26.19613029 ], [ -58.72266612, -26.19615753 ], [ -58.72266657, -26.19602322 ], [ -58.74235497, -26.19623736 ], [ -58.7404877, -26.24774663 ] ] ] ] } },
{ "type": "Feature", "properties": { "circuito": "0024B", "codprov": "09", "coddepto": "002" }, "geometry": { "type": "MultiPolygon", "coordinates": [ [ [ [ -58.7404877, -26.24774663 ], [ -58.74235497, -26.19623736 ], [ -58.72266657, -26.19602322 ], [ -58.72266612, -26.19615753 ], [ -58.72099604, -26.19613029 ], [ -58.72159265, -26.23027988 ], [ -58.71324, -26.23937761 ], [ -58.71332555, -26.24006816 ], [ -58.71422834, -26.24735572 ], [ -58.72370825, -26.24791509 ], [ -58.7404877, -26.24774663 ] ] ] ] } },
{ "type": "Feature", "properties": { "circuito": "0072A", "codprov": "09", "coddepto": "007" }, "geometry": { "type": "MultiPolygon", "coordinates": [ [ [ [ -60.75141571, -24.01462151 ], [ -60.74953916, -24.04581425 ], [ -60.77769239, -24.04653387 ], [ -60.77825532, -24.01517368 ], [ -60.75141571, -24.01462151 ] ] ] ] } },
{ "type": "Feature", "properties": { "circuito": "S/D", "codprov": "09", "coddepto": "nan" }, "geometry": { "type": "MultiPolygon", "coordinates": [ [ [ [ -59.65123874, -25.65697083 ], [ -59.651716, -25.72962326 ], [ -59.65134967, -25.77473776 ], [ -59.6513911, -25.77786622 ], [ -59.65138487, -25.78650125 ], [ -59.65134124, -25.79268177 ], [ -59.65133501, -25.80053147 ], [ -59.65131631, -25.81104744 ], [ -59.65127891, -25.81806131 ], [ -59.65129137, -25.82325411 ], [ -59.65131007, -25.82836814 ], [ -59.65131631, -25.83453525 ], [ -59.65135371, -25.83983392 ], [ -59.65135994, -25.8459219 ], [ -59.65131007, -25.85371198 ], [ -59.65131631, -25.85903223 ], [ -59.65135994, -25.86436345 ], [ -59.65135994, -25.87136294 ], [ -59.6513911, -25.88791918 ], [ -59.65137864, -25.90272655 ], [ -59.65140357, -25.91145899 ], [ -59.65137864, -25.91548719 ], [ -59.65127891, -25.96665042 ], [ -59.65127891, -25.99612308 ], [ -59.65127891, -26.01831795 ], [ -59.6514285, -26.03864929 ], [ -59.65162796, -26.04060383 ], [ -59.6515781, -26.05072881 ], [ -59.65162796, -26.08171992 ], [ -59.65162391, -26.08259706 ], [ -59.6515781, -26.09251869 ], [ -59.65172769, -26.1166094 ], [ -59.65174231, -26.11692448 ], [ -59.63737041, -26.10999989 ], [ -59.6373713, -26.11211349 ], [ -59.63777748, -26.11316105 ], [ -59.63910588, -26.11657387 ], [ -59.63910314, -26.11754037 ], [ -59.63671788, -26.1274246 ], [ -59.63859198, -26.13147308 ], [ -59.64109704, -26.13633181 ], [ -59.6429099, -26.13706855 ], [ -59.64655957, -26.138561 ], [ -59.64998193, -26.14089305 ], [ -59.65044873, -26.14504553 ], [ -59.66032531, -26.14153928 ], [ -59.65804029, -26.13830007 ], [ -59.65553261, -26.1340259 ], [ -59.65316562, -26.12812588 ], [ -59.65611712, -26.12527101 ], [ -59.65961154, -26.12034488 ], [ -59.66409599, -26.11842072 ], [ -59.66805227, -26.11810968 ], [ -59.67507901, -26.11655352 ], [ -59.67550094, -26.1127549 ], [ -59.67068, -26.10971893 ], [ -59.6730395, -26.10282696 ], [ -59.67535287, -26.10042451 ], [ -59.675384, -26.09685146 ], [ -59.67491585, -26.09270342 ], [ -59.67104007, -26.08448922 ], [ -59.6669812, -26.08146888 ], [ -59.66536532, -26.07696005 ], [ -59.6665561, -26.07293459 ], [ -59.66467718, -26.06924146 ], [ -59.66204117, -26.06449884 ], [ -59.66575198, -26.0632596 ], [ -59.66932005, -26.06351116 ], [ -59.67377841, -26.06331623 ], [ -59.67445969, -26.05894451 ], [ -59.67503954, -26.051466 ], [ -59.6715179, -26.0457899 ], [ -59.67334841, -26.04142377 ], [ -59.67655283, -26.03926713 ], [ -59.67430131, -26.03509918 ], [ -59.67217046, -26.03035653 ], [ -59.67377209, -26.02242389 ], [ -59.67607606, -26.01581243 ], [ -59.6718024, -26.01515256 ], [ -59.67132218, -26.01168744 ], [ -59.67379587, -26.010312 ], [ -59.67785672, -26.00805389 ], [ -59.68369292, -26.01051312 ], [ -59.6892813, -26.01286686 ], [ -59.69310652, -26.01289058 ], [ -59.69872412, -26.01154937 ], [ -59.70253999, -26.01146901 ], [ -59.70659806, -26.01425427 ], [ -59.70944682, -26.00955874 ], [ -59.71025968, -26.00403683 ], [ -59.71270415, -26.0011715 ], [ -59.71427408, -25.99576801 ], [ -59.71698755, -25.99330999 ], [ -59.72292196, -25.99295717 ], [ -59.72805524, -25.99097301 ], [ -59.7271235, -25.98525801 ], [ -59.72700691, -25.97965045 ], [ -59.7325822, -25.97874193 ], [ -59.73176419, -25.97354898 ], [ -59.72949857, -25.9690125 ], [ -59.73463208, -25.96840386 ], [ -59.73996234, -25.96928739 ], [ -59.74462423, -25.96542944 ], [ -59.74731998, -25.96065419 ], [ -59.7474505, -25.95514716 ], [ -59.75090384, -25.95150628 ], [ -59.75504915, -25.95000862 ], [ -59.7528341, -25.94459782 ], [ -59.74941045, -25.93984961 ], [ -59.75047871, -25.93475189 ], [ -59.75669038, -25.9340855 ], [ -59.75700085, -25.92873457 ], [ -59.7622875, -25.92561771 ], [ -59.77024771, -25.92299823 ], [ -59.77157387, -25.91873871 ], [ -59.7773956, -25.91672794 ], [ -59.7817153, -25.91363599 ], [ -59.78534399, -25.90930902 ], [ -59.78573456, -25.90363303 ], [ -59.78982179, -25.90031489 ], [ -59.79557258, -25.89906461 ], [ -59.80038655, -25.89752206 ], [ -59.80057387, -25.89210251 ], [ -59.8025024, -25.88978839 ], [ -59.80320786, -25.88894185 ], [ -59.80914761, -25.89157078 ], [ -59.81461591, -25.89181397 ], [ -59.81749503, -25.88747633 ], [ -59.81535891, -25.88202919 ], [ -59.81219239, -25.87765764 ], [ -59.81213098, -25.87298732 ], [ -59.81797368, -25.8746583 ], [ -59.82352963, -25.87687443 ], [ -59.82952467, -25.8781108 ], [ -59.83492197, -25.87727534 ], [ -59.83721626, -25.87207127 ], [ -59.84029512, -25.86735476 ], [ -59.84468886, -25.86358453 ], [ -59.84801837, -25.85895939 ], [ -59.85135511, -25.85428498 ], [ -59.85617311, -25.85108545 ], [ -59.86100065, -25.84755334 ], [ -59.85880081, -25.84358801 ], [ -59.86337209, -25.84005389 ], [ -59.86919694, -25.84047619 ], [ -59.87406147, -25.84375826 ], [ -59.87880263, -25.84130559 ], [ -59.87726747, -25.83586204 ], [ -59.87493219, -25.83061399 ], [ -59.87309259, -25.82544088 ], [ -59.87543331, -25.82076846 ], [ -59.87915926, -25.81928906 ], [ -59.87740311, -25.81413303 ], [ -59.87361776, -25.80979059 ], [ -59.86965367, -25.80549899 ], [ -59.87441218, -25.80412182 ], [ -59.87975947, -25.80221171 ], [ -59.88351338, -25.79762124 ], [ -59.88849167, -25.79515101 ], [ -59.89440459, -25.79367786 ], [ -59.89950209, -25.79071751 ], [ -59.90492844, -25.78826547 ], [ -59.91051462, -25.78598632 ], [ -59.91494906, -25.78233184 ], [ -59.91841641, -25.77776863 ], [ -59.92174923, -25.77315919 ], [ -59.92567947, -25.76880852 ], [ -59.9309649, -25.7666552 ], [ -59.93714554, -25.7661312 ], [ -59.94309729, -25.76498121 ], [ -59.94898788, -25.76356754 ], [ -59.95475231, -25.76165362 ], [ -59.95881882, -25.7578652 ], [ -59.95931953, -25.75225959 ], [ -59.96242039, -25.74781912 ], [ -59.9659608, -25.74317646 ], [ -59.97117279, -25.74185041 ], [ -59.97727193, -25.74286378 ], [ -59.98185897, -25.73975279 ], [ -59.98595538, -25.73533944 ], [ -59.98996227, -25.7309717 ], [ -59.99437697, -25.72761918 ], [ -60.00054554, -25.72793721 ], [ -60.00624467, -25.72594171 ], [ -60.01215337, -25.72619452 ], [ -60.0180989, -25.7256165 ], [ -60.02010588, -25.72065255 ], [ -60.02565602, -25.71834869 ], [ -60.03011824, -25.71466397 ], [ -60.03600727, -25.71321919 ], [ -60.03761881, -25.70780233 ], [ -60.04340876, -25.70714027 ], [ -60.03932072, -25.70017612 ], [ -60.03318225, -25.69883115 ], [ -60.03588302, -25.69465997 ], [ -60.04187973, -25.69312477 ], [ -60.04575419, -25.68994604 ], [ -60.04802282, -25.68720971 ], [ -60.05340203, -25.68480753 ], [ -60.05476491, -25.67937114 ], [ -60.05875798, -25.6780815 ], [ -60.06425828, -25.68046977 ], [ -60.070284, -25.6801804 ], [ -60.07615971, -25.67851271 ], [ -60.08152809, -25.67546116 ], [ -60.08688743, -25.67559375 ], [ -60.09259562, -25.67705381 ], [ -60.09855139, -25.67501504 ], [ -60.09881465, -25.67019006 ], [ -60.09265824, -25.66761001 ], [ -60.09545374, -25.66472769 ], [ -60.09964364, -25.66003957 ], [ -60.10397425, -25.65882969 ], [ -60.10988273, -25.66145317 ], [ -60.11305129, -25.66297593 ], [ -60.11549057, -25.6606635 ], [ -60.11607026, -25.65871068 ], [ -60.11687996, -25.65598291 ], [ -60.11766095, -25.65603368 ], [ -60.11779523, -25.65604241 ], [ -60.12628169, -25.65656073 ], [ -60.13242576, -25.6561159 ], [ -60.138322, -25.65470264 ], [ -60.14406479, -25.65287357 ], [ -60.1499492, -25.65134235 ], [ -60.15483384, -25.64817822 ], [ -60.15997783, -25.64467791 ], [ -60.16521439, -25.64258015 ], [ -60.16405649, -25.64810301 ], [ -60.16999278, -25.64834995 ], [ -60.17458819, -25.65131416 ], [ -60.17676598, -25.65658381 ], [ -60.18187348, -25.65587041 ], [ -60.18555134, -25.65138375 ], [ -60.1915141, -25.64915207 ], [ -60.19537372, -25.64576554 ], [ -60.19517342, -25.63992264 ], [ -60.19412451, -25.63796434 ], [ -60.19256644, -25.63504547 ], [ -60.18932254, -25.63030932 ], [ -60.1874929, -25.62506725 ], [ -60.18621127, -25.6196806 ], [ -60.19273366, -25.62157836 ], [ -60.19400134, -25.61697718 ], [ -60.19169915, -25.61175682 ], [ -60.19363965, -25.60796074 ], [ -60.2006354, -25.61288214 ], [ -60.20125524, -25.6077152 ], [ -60.20054321, -25.60581985 ], [ -60.19930524, -25.60249095 ], [ -60.19836097, -25.59987187 ], [ -60.19661316, -25.59502376 ], [ -60.20193457, -25.59798433 ], [ -60.2064713, -25.5960413 ], [ -60.20955928, -25.59450845 ], [ -60.21335437, -25.59887911 ], [ -60.21617902, -25.59781703 ], [ -60.21886486, -25.59680337 ], [ -60.22089781, -25.59168327 ], [ -60.22148493, -25.58614141 ], [ -60.22148457, -25.58058975 ], [ -60.22136265, -25.57503777 ], [ -60.22159142, -25.56956717 ], [ -60.22387202, -25.56459173 ], [ -60.22750677, -25.56012421 ], [ -60.23233553, -25.55676101 ], [ -60.23583111, -25.5522877 ], [ -60.23913521, -25.5474063 ], [ -60.23664649, -25.54284056 ], [ -60.23317621, -25.53806507 ], [ -60.23370235, -25.53304252 ], [ -60.2380417, -25.5288948 ], [ -60.23543814, -25.52455851 ], [ -60.22938767, -25.52370771 ], [ -60.22755855, -25.5195144 ], [ -60.23109176, -25.51469615 ], [ -60.23519028, -25.51038597 ], [ -60.23559947, -25.5056737 ], [ -60.24076637, -25.5033715 ], [ -60.24648274, -25.50383064 ], [ -60.24591413, -25.50104918 ], [ -60.24549435, -25.49899576 ], [ -60.24002687, -25.49608548 ], [ -60.23568279, -25.49239152 ], [ -60.23863073, -25.48858913 ], [ -60.24455401, -25.48662243 ], [ -60.25026893, -25.48475974 ], [ -60.25589685, -25.48258745 ], [ -60.26156781, -25.48070454 ], [ -60.26759564, -25.4813189 ], [ -60.27339747, -25.48303996 ], [ -60.27802102, -25.48697778 ], [ -60.28323372, -25.48827501 ], [ -60.28599044, -25.48413551 ], [ -60.28371277, -25.47859794 ], [ -60.28140081, -25.47347295 ], [ -60.28477153, -25.46996483 ], [ -60.28617222, -25.47170772 ], [ -60.28869135, -25.47484213 ], [ -60.29370059, -25.47734128 ], [ -60.30002084, -25.476022 ], [ -60.30288539, -25.4716793 ], [ -60.30259118, -25.46594923 ], [ -60.29870332, -25.4618024 ], [ -60.29313955, -25.45935386 ], [ -60.28976299, -25.45478137 ], [ -60.28955405, -25.44872624 ], [ -60.29454497, -25.44860593 ], [ -60.30098197, -25.45049895 ], [ -60.30333932, -25.44691029 ], [ -60.3043892, -25.44094007 ], [ -60.3047282, -25.43569806 ], [ -60.30200763, -25.43061148 ], [ -60.30440085, -25.42593531 ], [ -60.31063094, -25.42541707 ], [ -60.31554838, -25.42799717 ], [ -60.31984381, -25.4320603 ], [ -60.3250219, -25.43495621 ], [ -60.33107633, -25.43560469 ], [ -60.3352302, -25.43166644 ], [ -60.33794541, -25.42844633 ], [ -60.33890815, -25.42730468 ], [ -60.34431784, -25.42478698 ], [ -60.34936602, -25.42141368 ], [ -60.34563524, -25.41818306 ], [ -60.34024581, -25.41562171 ], [ -60.33534634, -25.4125482 ], [ -60.33274383, -25.40761514 ], [ -60.33279436, -25.40199278 ], [ -60.32962214, -25.3977531 ], [ -60.32632729, -25.39613179 ], [ -60.32424216, -25.39232556 ], [ -60.32980083, -25.39092986 ], [ -60.3311638, -25.39059562 ], [ -60.33341422, -25.38564322 ], [ -60.33810012, -25.38754304 ], [ -60.34072797, -25.39267492 ], [ -60.34477499, -25.3954813 ], [ -60.34699137, -25.39013586 ], [ -60.34728265, -25.38946766 ], [ -60.34921207, -25.38501101 ], [ -60.35122372, -25.37979705 ], [ -60.35255143, -25.37432273 ], [ -60.35176365, -25.36859597 ], [ -60.35761386, -25.36596386 ], [ -60.36155675, -25.36227728 ], [ -60.3672184, -25.36065438 ], [ -60.36397219, -25.35591764 ], [ -60.36188185, -25.35119376 ], [ -60.36621421, -25.34838137 ], [ -60.36874451, -25.34850388 ], [ -60.3724839, -25.34868485 ], [ -60.37851438, -25.34928939 ], [ -60.38401161, -25.34713746 ], [ -60.3892484, -25.34434988 ], [ -60.39444362, -25.341439 ], [ -60.39975246, -25.33868973 ], [ -60.40341384, -25.33542298 ], [ -60.40378532, -25.33059084 ], [ -60.41000294, -25.3312596 ], [ -60.41600943, -25.33280655 ], [ -60.41903241, -25.32973554 ], [ -60.41709049, -25.3240549 ], [ -60.41460598, -25.31903311 ], [ -60.41144187, -25.31431396 ], [ -60.40782084, -25.30968537 ], [ -60.40894475, -25.30419784 ], [ -60.41330539, -25.3058216 ], [ -60.41531297, -25.31103674 ], [ -60.41945293, -25.31504591 ], [ -60.42525788, -25.31649473 ], [ -60.42806097, -25.31156563 ], [ -60.43013839, -25.30637046 ], [ -60.43189274, -25.301091 ], [ -60.43309099, -25.29568245 ], [ -60.4346605, -25.29032392 ], [ -60.43654687, -25.28495934 ], [ -60.43947024, -25.28034492 ], [ -60.44345288, -25.27550493 ], [ -60.4502612, -25.27738644 ], [ -60.45575339, -25.27541101 ], [ -60.46133184, -25.27257008 ], [ -60.46658237, -25.26980657 ], [ -60.47168185, -25.26665915 ], [ -60.47699912, -25.26312368 ], [ -60.47153195, -25.25813926 ], [ -60.47017269, -25.25363757 ], [ -60.47529398, -25.25048175 ], [ -60.47625515, -25.24500062 ], [ -60.48179421, -25.2428232 ], [ -60.48648017, -25.23943006 ], [ -60.48909481, -25.23418616 ], [ -60.4895806, -25.22913258 ], [ -60.48648802, -25.2274463 ], [ -60.48753155, -25.22318765 ], [ -60.49156216, -25.21850964 ], [ -60.49443509, -25.21366223 ], [ -60.4961084, -25.20913896 ], [ -60.48729109, -25.20492128 ], [ -60.48689783, -25.20114439 ], [ -60.49210195, -25.19969542 ], [ -60.49272612, -25.19952162 ], [ -60.49862663, -25.20150601 ], [ -60.50388279, -25.19973541 ], [ -60.50903454, -25.19648912 ], [ -60.5148712, -25.19472619 ], [ -60.52001004, -25.19225303 ], [ -60.52270065, -25.18845115 ], [ -60.52334229, -25.18754339 ], [ -60.52610844, -25.1823266 ], [ -60.52741369, -25.18084021 ], [ -60.52953763, -25.17842143 ], [ -60.5353355, -25.18026545 ], [ -60.53818776, -25.18516406 ], [ -60.54114211, -25.19010694 ], [ -60.544338, -25.19485169 ], [ -60.54880757, -25.19832935 ], [ -60.55478963, -25.20012106 ], [ -60.55957228, -25.19836237 ], [ -60.55949631, -25.1922973 ], [ -60.56044111, -25.19079746 ], [ -60.56159267, -25.18898569 ], [ -60.5634923, -25.18897921 ], [ -60.56816991, -25.18895802 ], [ -60.57363519, -25.18623827 ], [ -60.57482309, -25.1815428 ], [ -60.57144018, -25.17758833 ], [ -60.5748211, -25.17267647 ], [ -60.58010822, -25.17473402 ], [ -60.58527205, -25.17801557 ], [ -60.58997013, -25.17947961 ], [ -60.59247182, -25.17687539 ], [ -60.5944351, -25.17563296 ], [ -60.59579957, -25.17476944 ], [ -60.59795559, -25.1773508 ], [ -60.60249936, -25.18124822 ], [ -60.60760354, -25.17867587 ], [ -60.61303809, -25.17595335 ], [ -60.61872095, -25.17404531 ], [ -60.62447526, -25.17213962 ], [ -60.63012771, -25.17007245 ], [ -60.63180669, -25.16500699 ], [ -60.6332667, -25.16316654 ], [ -60.63425678, -25.16191842 ], [ -60.63981173, -25.16397912 ], [ -60.64602569, -25.1640966 ], [ -60.64933816, -25.16005329 ], [ -60.64461057, -25.15439969 ], [ -60.64631642, -25.1505637 ], [ -60.65257913, -25.15147477 ], [ -60.65525394, -25.1564102 ], [ -60.65779065, -25.1586805 ], [ -60.66153841, -25.15768179 ], [ -60.66210754, -25.15166646 ], [ -60.65954306, -25.14697368 ], [ -60.65275096, -25.14148875 ], [ -60.65023611, -25.13606851 ], [ -60.65313042, -25.13291456 ], [ -60.65934543, -25.13161348 ], [ -60.66524356, -25.13037721 ], [ -60.67115095, -25.13136905 ], [ -60.6771388, -25.13204849 ], [ -60.68309192, -25.13102501 ], [ -60.68872131, -25.12874281 ], [ -60.69453318, -25.1278938 ], [ -60.70065798, -25.12923887 ], [ -60.70586259, -25.12745387 ], [ -60.71052004, -25.1236235 ], [ -60.71647427, -25.1225626 ], [ -60.7221559, -25.12088403 ], [ -60.72095295, -25.11690241 ], [ -60.7183963, -25.11203969 ], [ -60.72221835, -25.10818349 ], [ -60.72733947, -25.10486413 ], [ -60.73272734, -25.10223376 ], [ -60.73830125, -25.10015896 ], [ -60.74079017, -25.09514736 ], [ -60.74167353, -25.08964651 ], [ -60.74273183, -25.0874814 ], [ -60.74403301, -25.08481928 ], [ -60.74977646, -25.08649965 ], [ -60.7538201, -25.08383415 ], [ -60.75474065, -25.0787756 ], [ -60.76021026, -25.07598484 ], [ -60.76434626, -25.0758341 ], [ -60.76595272, -25.07577387 ], [ -60.77177739, -25.07769483 ], [ -60.77755457, -25.07614767 ], [ -60.78333153, -25.07431215 ], [ -60.7847082, -25.07431554 ], [ -60.78786597, -25.07432333 ], [ -60.78907931, -25.07432553 ], [ -60.7951301, -25.07430432 ], [ -60.79635915, -25.07341119 ], [ -60.79985199, -25.07088243 ], [ -60.80559054, -25.06935973 ], [ -60.81091652, -25.06689497 ], [ -60.81626622, -25.06392212 ], [ -60.81822828, -25.05935395 ], [ -60.81988321, -25.05415375 ], [ -60.82441272, -25.05045404 ], [ -60.82769737, -25.04585535 ], [ -60.83221112, -25.04304614 ], [ -60.83786506, -25.04250043 ], [ -60.84135131, -25.04214914 ], [ -60.84664245, -25.03947004 ], [ -60.85200441, -25.03692374 ], [ -60.85666247, -25.03342088 ], [ -60.85937703, -25.02994949 ], [ -60.85660409, -25.02577452 ], [ -60.86229397, -25.02334266 ], [ -60.86828673, -25.0224112 ], [ -60.87442453, -25.02167359 ], [ -60.87982474, -25.01978022 ], [ -60.88324628, -25.01710704 ], [ -60.88832393, -25.02059571 ], [ -60.89414977, -25.01969342 ], [ -60.89847896, -25.01591655 ], [ -60.90228079, -25.01287776 ], [ -60.90245181, -25.00713436 ], [ -60.90224248, -25.00156698 ], [ -60.90235197, -24.99611411 ], [ -60.90599393, -24.99166496 ], [ -60.91126346, -24.98894632 ], [ -60.91716368, -24.98787887 ], [ -60.92321454, -24.98854971 ], [ -60.92954302, -24.98721725 ], [ -60.93372238, -24.98462707 ], [ -60.92917137, -24.98051864 ], [ -60.92350096, -24.97799267 ], [ -60.9189592, -24.97493335 ], [ -60.92121744, -24.96981049 ], [ -60.92667042, -24.96740357 ], [ -60.93220207, -24.96494058 ], [ -60.93740001, -24.96211929 ], [ -60.94137369, -24.95801346 ], [ -60.94494384, -24.95344352 ], [ -60.94906256, -24.94958097 ], [ -60.95480667, -24.94787159 ], [ -60.96072031, -24.94636133 ], [ -60.96625218, -24.94427957 ], [ -60.97005177, -24.93992374 ], [ -60.97571875, -24.93790917 ], [ -60.97980767, -24.93419766 ], [ -60.98372675, -24.9303452 ], [ -60.98970393, -24.92888529 ], [ -60.99212181, -24.92417149 ], [ -60.99264562, -24.91867346 ], [ -60.99645587, -24.91492494 ], [ -61.0027099, -24.91520722 ], [ -61.0086231, -24.91396491 ], [ -61.01216577, -24.91010337 ], [ -61.00639685, -24.90850952 ], [ -61.00486474, -24.90316748 ], [ -61.00366444, -24.8987191 ], [ -61.00958469, -24.89660787 ], [ -61.01503939, -24.89434571 ], [ -61.02120203, -24.89399364 ], [ -61.02343266, -24.88891261 ], [ -61.02843983, -24.88788668 ], [ -61.03438268, -24.88919271 ], [ -61.04030941, -24.88782331 ], [ -61.04478967, -24.88454135 ], [ -61.04628099, -24.87897143 ], [ -61.04803167, -24.87357672 ], [ -61.053005, -24.87121588 ], [ -61.0584843, -24.86884913 ], [ -61.06381554, -24.86622958 ], [ -61.06854063, -24.86333308 ], [ -61.07131837, -24.86130862 ], [ -61.07479878, -24.85706033 ], [ -61.07392863, -24.8514434 ], [ -61.07669179, -24.84666699 ], [ -61.08140705, -24.84299511 ], [ -61.08658737, -24.84421064 ], [ -61.08936267, -24.83911009 ], [ -61.08902662, -24.83369539 ], [ -61.09098322, -24.82882448 ], [ -61.09404713, -24.82402147 ], [ -61.098571, -24.82122518 ], [ -61.1030239, -24.82485682 ], [ -61.10674412, -24.82949553 ], [ -61.11071689, -24.8277255 ], [ -61.11496771, -24.82364985 ], [ -61.12008856, -24.82065624 ], [ -61.12462739, -24.81733718 ], [ -61.12534397, -24.81183518 ], [ -61.12856415, -24.80715343 ], [ -61.12890508, -24.80166164 ], [ -61.129718, -24.79734256 ], [ -61.13605457, -24.79785087 ], [ -61.1402008, -24.79482462 ], [ -61.13999814, -24.79268798 ], [ -60.8760262, -24.52969185 ], [ -60.86237051, -24.51603963 ], [ -60.82484631, -24.47851393 ], [ -60.52164067, -24.17602751 ], [ -60.37093345, -24.02489918 ], [ -60.36534973, -24.02442778 ], [ -60.35935125, -24.02436832 ], [ -60.35334775, -24.02431294 ], [ -60.34735037, -24.02423055 ], [ -60.34135321, -24.02425592 ], [ -60.33533864, -24.02417691 ], [ -60.32953634, -24.02523042 ], [ -60.32610205, -24.02974176 ], [ -60.32198493, -24.03367867 ], [ -60.3165728, -24.03603743 ], [ -60.31084752, -24.03771838 ], [ -60.30508836, -24.03927635 ], [ -60.29920426, -24.04033449 ], [ -60.29326814, -24.04118348 ], [ -60.28733628, -24.04204587 ], [ -60.28145415, -24.04316634 ], [ -60.27559861, -24.04445853 ], [ -60.26970235, -24.04539801 ], [ -60.26373402, -24.04570017 ], [ -60.25771877, -24.04562689 ], [ -60.25170214, -24.04553083 ], [ -60.24570354, -24.04579963 ], [ -60.23972938, -24.04634355 ], [ -60.23373686, -24.04647712 ], [ -60.22773339, -24.04625463 ], [ -60.22181362, -24.04531525 ], [ -60.21589275, -24.04434861 ], [ -60.20992162, -24.04428411 ], [ -60.20391058, -24.04472622 ], [ -60.19793387, -24.0454933 ], [ -60.1919785, -24.0460585 ], [ -60.18603923, -24.04561637 ], [ -60.18012319, -24.04450009 ], [ -60.17417107, -24.04380509 ], [ -60.16818201, -24.04344135 ], [ -60.16218407, -24.04316701 ], [ -60.15617765, -24.04302706 ], [ -60.15019944, -24.04259105 ], [ -60.14423234, -24.04196631 ], [ -60.13830309, -24.04110437 ], [ -60.13243353, -24.03995661 ], [ -60.12660185, -24.03862567 ], [ -60.12076568, -24.03723586 ], [ -60.11518025, -24.03529323 ], [ -60.1098499, -24.03275749 ], [ -60.10459481, -24.03008056 ], [ -60.09935219, -24.02740396 ], [ -60.09338568, -24.02636803 ], [ -60.0882814, -24.02372795 ], [ -60.08368878, -24.02008197 ], [ -60.07885044, -24.01667377 ], [ -60.07370922, -24.01405435 ], [ -60.06768372, -24.014747 ], [ -60.06169923, -24.01502717 ], [ -60.05569311, -24.01513983 ], [ -60.05063161, -24.01505066 ], [ -60.0496972, -24.01503225 ], [ -60.0435542, -24.01503563 ], [ -60.03859808, -24.01203554 ], [ -60.03409738, -24.00925102 ], [ -60.032781, -24.00986978 ], [ -60.02876002, -24.01179511 ], [ -60.02550697, -24.0136829 ], [ -60.01603224, -24.01932542 ], [ -59.96704556, -24.04852471 ], [ -59.95945551, -24.05288367 ], [ -59.89274356, -24.0911591 ], [ -59.82745108, -24.12827799 ], [ -59.78256808, -24.15447663 ], [ -59.76188084, -24.16654247 ], [ -59.75943894, -24.16797544 ], [ -59.73776385, -24.18061263 ], [ -59.69305029, -24.20679445 ], [ -59.65281431, -24.2303331 ], [ -59.63087196, -24.24296262 ], [ -59.6265232, -24.24545915 ], [ -59.61755736, -24.25061127 ], [ -59.60560145, -24.25748868 ], [ -59.55976967, -24.28382169 ], [ -59.50531562, -24.31507132 ], [ -59.4927905, -24.32187275 ], [ -59.47984552, -24.3288975 ], [ -59.4742905, -24.33099046 ], [ -59.47047846, -24.33543283 ], [ -59.46927638, -24.34058121 ], [ -59.47069964, -24.34609478 ], [ -59.46782904, -24.35067657 ], [ -59.46371212, -24.35497059 ], [ -59.45969861, -24.35915658 ], [ -59.45669136, -24.36380403 ], [ -59.45426514, -24.36878671 ], [ -59.45065002, -24.37322332 ], [ -59.44729846, -24.37782406 ], [ -59.4434756, -24.38204465 ], [ -59.43896377, -24.3856823 ], [ -59.43427505, -24.38917724 ], [ -59.42963703, -24.39268318 ], [ -59.42470392, -24.39586595 ], [ -59.42073297, -24.39993546 ], [ -59.41800781, -24.4048637 ], [ -59.41430237, -24.40919623 ], [ -59.40909211, -24.41188531 ], [ -59.40312488, -24.41252309 ], [ -59.39739047, -24.41420002 ], [ -59.39222495, -24.41705666 ], [ -59.38650234, -24.41854936 ], [ -59.38119499, -24.42120157 ], [ -59.37642792, -24.42459188 ], [ -59.37455753, -24.42969585 ], [ -59.37286071, -24.43499617 ], [ -59.37079862, -24.44019048 ], [ -59.36799389, -24.44503294 ], [ -59.36444938, -24.44951464 ], [ -59.36128954, -24.45423788 ], [ -59.36068632, -24.45968053 ], [ -59.35909552, -24.46499419 ], [ -59.35707596, -24.47019451 ], [ -59.35464466, -24.47523727 ], [ -59.35180767, -24.48010025 ], [ -59.34787946, -24.48428121 ], [ -59.34331382, -24.48788104 ], [ -59.33795514, -24.49040746 ], [ -59.33210293, -24.49232755 ], [ -59.32705491, -24.49028356 ], [ -59.32174738, -24.48818295 ], [ -59.31588936, -24.48965723 ], [ -59.31100832, -24.49293628 ], [ -59.30733393, -24.49725299 ], [ -59.30469395, -24.50224477 ], [ -59.30377636, -24.5039834 ], [ -59.30231056, -24.50679405 ], [ -59.30209166, -24.50721569 ], [ -59.29991242, -24.51235368 ], [ -59.29694472, -24.51721377 ], [ -59.2914559, -24.51928746 ], [ -59.28553804, -24.52042503 ], [ -59.28511527, -24.52047803 ], [ -59.27957369, -24.52123674 ], [ -59.27355722, -24.52104828 ], [ -59.26754593, -24.52126873 ], [ -59.26162949, -24.52242333 ], [ -59.25612779, -24.52486345 ], [ -59.25155784, -24.52833375 ], [ -59.25016467, -24.53364972 ], [ -59.24589846, -24.5376277 ], [ -59.24243674, -24.54207758 ], [ -59.23941664, -24.54698759 ], [ -59.23373582, -24.54807505 ], [ -59.22776942, -24.54903705 ], [ -59.22191645, -24.55039933 ], [ -59.21605676, -24.55170264 ], [ -59.21015646, -24.55280166 ], [ -59.20402843, -24.55284322 ], [ -59.19915451, -24.55562375 ], [ -59.19393557, -24.55819522 ], [ -59.18807333, -24.55962749 ], [ -59.18238612, -24.56158864 ], [ -59.17903433, -24.56604154 ], [ -59.17622518, -24.5710357 ], [ -59.17326158, -24.57579361 ], [ -59.16773914, -24.57777951 ], [ -59.16179264, -24.57785432 ], [ -59.15710258, -24.58141878 ], [ -59.15270363, -24.58518056 ], [ -59.14966207, -24.58985784 ], [ -59.14920258, -24.59322889 ], [ -59.14409006, -24.59641404 ], [ -59.13883867, -24.59872102 ], [ -59.13299002, -24.60008839 ], [ -59.12850081, -24.60363391 ], [ -59.12364772, -24.6068211 ], [ -59.11888675, -24.61020551 ], [ -59.1148054, -24.6144521 ], [ -59.11061236, -24.61634827 ], [ -59.10489641, -24.61404106 ], [ -59.0997348, -24.61407283 ], [ -59.09526064, -24.61117559 ], [ -59.0894855, -24.6094177 ], [ -59.08363396, -24.61011342 ], [ -59.07829782, -24.61277342 ], [ -59.07416389, -24.61688143 ], [ -59.06884648, -24.61910611 ], [ -59.06352855, -24.62151473 ], [ -59.05752182, -24.62198647 ], [ -59.05431457, -24.62646916 ], [ -59.04911354, -24.62915211 ], [ -59.04658722, -24.63357633 ], [ -59.04197247, -24.63684322 ], [ -59.03602641, -24.63683161 ], [ -59.03246347, -24.63903306 ], [ -59.02931643, -24.64232289 ], [ -59.02554205, -24.64663451 ], [ -59.02144745, -24.65077831 ], [ -59.01639618, -24.65277503 ], [ -59.01029114, -24.65287162 ], [ -59.00418058, -24.65254095 ], [ -58.99925138, -24.6538465 ], [ -58.99410415, -24.65518206 ], [ -58.9882347, -24.6534471 ], [ -58.98257808, -24.6541385 ], [ -58.97705861, -24.65667322 ], [ -58.97150484, -24.6587659 ], [ -58.96786556, -24.6631673 ], [ -58.96307371, -24.66647224 ], [ -58.95764899, -24.66888028 ], [ -58.95277124, -24.67213134 ], [ -58.94771845, -24.67525716 ], [ -58.94435523, -24.67918569 ], [ -58.93928016, -24.68165431 ], [ -58.9335959, -24.68376604 ], [ -58.93076204, -24.68857705 ], [ -58.92530112, -24.69073038 ], [ -58.91956491, -24.69244823 ], [ -58.91397033, -24.69461271 ], [ -58.91016262, -24.6987212 ], [ -58.90456604, -24.70039558 ], [ -58.90197771, -24.70457969 ], [ -58.89898664, -24.70711424 ], [ -58.89781877, -24.70810963 ], [ -58.89455563, -24.71265216 ], [ -58.89231047, -24.71649753 ], [ -58.89184114, -24.99259808 ], [ -58.8917386, -25.05133062 ], [ -58.90651767, -25.06245195 ], [ -59.05419548, -25.17339117 ], [ -59.26789139, -25.33330849 ], [ -59.27278586, -25.33697079 ], [ -59.27776124, -25.34067103 ], [ -59.41867284, -25.44546815 ], [ -59.54951948, -25.54277988 ], [ -59.60629749, -25.58500615 ], [ -59.65282472, -25.61402855 ], [ -59.65162796, -25.65646747 ], [ -59.65123874, -25.65697083 ] ], [ [ -59.03920192, -24.92799955 ], [ -59.04247089, -24.92805884 ], [ -59.04196052, -24.94662797 ], [ -59.04023805, -24.94980931 ], [ -59.04013316, -24.95010252 ], [ -59.04037006, -24.94957898 ], [ -59.0403528, -24.95737976 ], [ -59.0369268, -24.9572896 ], [ -59.03690284, -24.95750521 ], [ -58.99323453, -24.95750521 ], [ -58.99368432, -24.95135802 ], [ -58.98497855, -24.95135802 ], [ -58.98452506, -24.95099901 ], [ -58.97411367, -24.95135802 ], [ -58.97486639, -24.93881273 ], [ -58.98341485, -24.93943823 ], [ -58.98421263, -24.93693094 ], [ -58.99776154, -24.91535304 ], [ -59.02736842, -24.91485123 ], [ -59.03920192, -24.92799955 ] ], [ [ -60.32223708, -24.91483296 ], [ -60.30703981, -24.92524807 ], [ -60.29888146, -24.91443996 ], [ -60.28504809, -24.89702016 ], [ -60.30310163, -24.88345941 ], [ -60.30037574, -24.87630389 ], [ -60.30741003, -24.87521229 ], [ -60.3102469, -24.87809231 ], [ -60.32096438, -24.87004198 ], [ -60.34601212, -24.89371743 ], [ -60.34585029, -24.89381633 ], [ -60.34915858, -24.89693001 ], [ -60.32288334, -24.91481177 ], [ -60.32223708, -24.91483296 ] ], [ [ -60.11925117, -25.05445729 ], [ -60.11891874, -25.05469263 ], [ -60.08159835, -25.08049805 ], [ -60.08152366, -25.08040712 ], [ -60.08081582, -25.08089339 ], [ -60.06538764, -25.05715774 ], [ -60.10194736, -25.0324888 ], [ -60.10219497, -25.03281069 ], [ -60.10222044, -25.03279354 ], [ -60.11925117, -25.05445729 ] ], [ [ -59.92817458, -25.21360554 ], [ -59.92818296, -25.2136057 ], [ -59.93484703, -25.22047205 ], [ -59.8517313, -25.27773229 ], [ -59.84961208, -25.27520979 ], [ -59.84364626, -25.26810868 ], [ -59.79138447, -25.20590154 ], [ -59.79452057, -25.20375308 ], [ -59.79446509, -25.20367699 ], [ -59.87331045, -25.14936879 ], [ -59.92817458, -25.21360554 ] ], [ [ -59.66039805, -24.42499835 ], [ -59.66042285, -24.42499828 ], [ -59.66039327, -24.42532143 ], [ -59.66025401, -24.43474065 ], [ -59.66023382, -24.44235019 ], [ -59.65696421, -24.44229672 ], [ -59.65700642, -24.44471764 ], [ -59.64346599, -24.44500348 ], [ -59.64347602, -24.44492327 ], [ -59.63782827, -24.44503947 ], [ -59.62924691, -24.44503947 ], [ -59.62952958, -24.43088539 ], [ -59.62964771, -24.42942271 ], [ -59.63262185, -24.42947563 ], [ -59.63263798, -24.42723396 ], [ -59.63265351, -24.42507514 ], [ -59.6328175, -24.42506821 ], [ -59.63281971, -24.42504151 ], [ -59.63725183, -24.42488778 ], [ -59.63731064, -24.42416496 ], [ -59.63765864, -24.42373074 ], [ -59.63829443, -24.42293744 ], [ -59.63898558, -24.4221691 ], [ -59.64374172, -24.4207946 ], [ -59.64376283, -24.4214672 ], [ -59.64376136, -24.42147156 ], [ -59.64256061, -24.42505308 ], [ -59.65501053, -24.42501488 ], [ -59.66039805, -24.42499835 ] ], [ [ -60.59408248, -24.73914208 ], [ -60.59143119, -24.74085094 ], [ -60.56681116, -24.71176253 ], [ -60.56773673, -24.71142621 ], [ -60.56144288, -24.70419506 ], [ -60.56733884, -24.70012467 ], [ -60.57113818, -24.69740497 ], [ -60.60056359, -24.67715744 ], [ -60.61598793, -24.69539651 ], [ -60.61732271, -24.69697487 ], [ -60.61873535, -24.6986453 ], [ -60.62550089, -24.69384947 ], [ -60.62555185, -24.69390859 ], [ -60.62752822, -24.69242254 ], [ -60.6373392, -24.70545634 ], [ -60.63444673, -24.70729288 ], [ -60.62873145, -24.71092172 ], [ -60.62946954, -24.71174307 ], [ -60.62944878, -24.71176163 ], [ -60.63113792, -24.71369636 ], [ -60.61434933, -24.72526232 ], [ -60.59412612, -24.73919445 ], [ -60.59408248, -24.73914208 ] ], [ [ -59.51044532, -24.73739482 ], [ -59.51067356, -24.77345955 ], [ -59.51064077, -24.77345902 ], [ -59.510608, -24.77747492 ], [ -59.51071786, -24.78329302 ], [ -59.50109046, -24.78318403 ], [ -59.48161738, -24.78296359 ], [ -59.4689926, -24.78264696 ], [ -59.468935, -24.7827506 ], [ -59.46145725, -24.78248813 ], [ -59.46178489, -24.77811364 ], [ -59.46180432, -24.77810425 ], [ -59.46235343, -24.77164787 ], [ -59.45800001, -24.77144687 ], [ -59.45795447, -24.771416 ], [ -59.45743652, -24.77113601 ], [ -59.45710028, -24.7709813 ], [ -59.4570961, -24.7709748 ], [ -59.45681378, -24.77084837 ], [ -59.4566885, -24.7707915 ], [ -59.45640905, -24.77065041 ], [ -59.45603203, -24.77050604 ], [ -59.45597301, -24.77048089 ], [ -59.45586942, -24.77045573 ], [ -59.4556779, -24.77037917 ], [ -59.45537315, -24.77022824 ], [ -59.45505275, -24.77006801 ], [ -59.45489616, -24.76999364 ], [ -59.45467573, -24.76985364 ], [ -59.45443723, -24.76963709 ], [ -59.45430835, -24.76948014 ], [ -59.45426378, -24.76940905 ], [ -59.45414212, -24.76927124 ], [ -59.45399035, -24.76907273 ], [ -59.45385062, -24.7688857 ], [ -59.45371572, -24.76866477 ], [ -59.45358804, -24.76851657 ], [ -59.45347842, -24.7683547 ], [ -59.45335436, -24.76820704 ], [ -59.45327124, -24.76806322 ], [ -59.4532327, -24.768014 ], [ -59.45309659, -24.76788932 ], [ -59.45296288, -24.76772088 ], [ -59.45279545, -24.76754206 ], [ -59.45267861, -24.76739768 ], [ -59.45254009, -24.76728503 ], [ -59.4524618, -24.76718987 ], [ -59.45236784, -24.76711769 ], [ -59.45231605, -24.76710565 ], [ -59.45219319, -24.76700941 ], [ -59.45197035, -24.76683222 ], [ -59.45174389, -24.76668785 ], [ -59.45149215, -24.76661347 ], [ -59.4514259, -24.76659707 ], [ -59.45127292, -24.76653363 ], [ -59.45109586, -24.76644722 ], [ -59.45088386, -24.76637504 ], [ -59.45075979, -24.766328 ], [ -59.45056707, -24.76623394 ], [ -59.45042975, -24.76619894 ], [ -59.4500443, -24.76614207 ], [ -59.44994553, -24.76612894 ], [ -59.44974798, -24.76606441 ], [ -59.44967932, -24.76601738 ], [ -59.44960826, -24.76591129 ], [ -59.44952394, -24.76575597 ], [ -59.44942999, -24.7655241 ], [ -59.44939385, -24.76541691 ], [ -59.44933362, -24.76522988 ], [ -59.44933844, -24.76499855 ], [ -59.44934326, -24.76489355 ], [ -59.44938783, -24.76473277 ], [ -59.44947696, -24.76451784 ], [ -59.4495673, -24.76435815 ], [ -59.44967812, -24.76404424 ], [ -59.44971305, -24.76381127 ], [ -59.4497516, -24.76361549 ], [ -59.4497781, -24.76352908 ], [ -59.44982025, -24.76346564 ], [ -59.44992746, -24.7632622 ], [ -59.45018041, -24.76285313 ], [ -59.45025389, -24.76274703 ], [ -59.45035266, -24.76263 ], [ -59.45056466, -24.76242546 ], [ -59.45067306, -24.76234233 ], [ -59.45090072, -24.7621728 ], [ -59.45111031, -24.76201857 ], [ -59.45127015, -24.76190999 ], [ -59.45143192, -24.76179325 ], [ -59.45157165, -24.761662 ], [ -59.45182219, -24.76140605 ], [ -59.4520101, -24.76126167 ], [ -59.45227028, -24.76111511 ], [ -59.45254009, -24.76096416 ], [ -59.45274486, -24.7608526 ], [ -59.45313272, -24.76061852 ], [ -59.45336399, -24.76052446 ], [ -59.45356876, -24.76043477 ], [ -59.45377835, -24.76033851 ], [ -59.45400962, -24.76030132 ], [ -59.4542698, -24.76029476 ], [ -59.45449144, -24.76030351 ], [ -59.45484316, -24.76037133 ], [ -59.45510575, -24.76041726 ], [ -59.45551529, -24.76043258 ], [ -59.45573692, -24.7604282 ], [ -59.4560766, -24.7604282 ], [ -59.45651023, -24.76045227 ], [ -59.45687641, -24.76042383 ], [ -59.45736545, -24.76038445 ], [ -59.45775331, -24.7603232 ], [ -59.45798699, -24.76026851 ], [ -59.45797495, -24.76023351 ], [ -59.45616333, -24.75440561 ], [ -59.44754139, -24.75612472 ], [ -59.44199026, -24.74749706 ], [ -59.441369, -24.73662503 ], [ -59.51044532, -24.73739482 ] ], [ [ -59.82462871, -24.28045403 ], [ -59.82519952, -24.2795609 ], [ -59.83191507, -24.26874049 ], [ -59.83436077, -24.26464161 ], [ -59.84528615, -24.26830133 ], [ -59.84765774, -24.26906704 ], [ -59.85094875, -24.27018473 ], [ -59.86201699, -24.27378507 ], [ -59.85831137, -24.28117143 ], [ -59.84904734, -24.29973112 ], [ -59.84538152, -24.30272325 ], [ -59.84373541, -24.30406685 ], [ -59.8387405, -24.30160055 ], [ -59.83728186, -24.30088034 ], [ -59.833632, -24.29907818 ], [ -59.81855603, -24.29162979 ], [ -59.81855384, -24.29161919 ], [ -59.81806843, -24.29136637 ], [ -59.81839143, -24.29083423 ], [ -59.81838649, -24.29081035 ], [ -59.82462871, -24.28045403 ] ], [ [ -59.38948381, -24.5311745 ], [ -59.40384718, -24.56634961 ], [ -59.38134791, -24.57402287 ], [ -59.36618099, -24.53921539 ], [ -59.38948381, -24.5311745 ] ], [ [ -59.3033177, -25.03408732 ], [ -59.29428877, -25.04192701 ], [ -59.29104637, -25.04469984 ], [ -59.27565656, -25.04488451 ], [ -59.2724926, -25.03400963 ], [ -59.27595789, -25.03314506 ], [ -59.27716321, -25.03787738 ], [ -59.28168315, -25.0383779 ], [ -59.28193382, -25.03347224 ], [ -59.3033177, -25.03408732 ] ], [ [ -60.22173499, -24.19854108 ], [ -60.21270191, -24.22772198 ], [ -60.18518055, -24.22079309 ], [ -60.19421364, -24.19137958 ], [ -60.22173499, -24.19854108 ] ], [ [ -59.92811761, -24.52922374 ], [ -59.90540827, -24.54911395 ], [ -59.90296005, -24.55134084 ], [ -59.88126377, -24.53536777 ], [ -59.91064239, -24.51286379 ], [ -59.92811761, -24.52922374 ] ], [ [ -60.86365396, -24.52246745 ], [ -60.86482501, -24.52215773 ], [ -60.86756871, -24.52158168 ], [ -60.86404412, -24.52398187 ], [ -60.8615959, -24.52570998 ], [ -60.85112765, -24.53289099 ], [ -60.84909099, -24.53627015 ], [ -60.84748698, -24.53861246 ], [ -60.84170412, -24.54310498 ], [ -60.83068714, -24.55063055 ], [ -60.82413272, -24.55208279 ], [ -60.80941456, -24.56247654 ], [ -60.80902211, -24.56275368 ], [ -60.80650043, -24.56068952 ], [ -60.80979225, -24.55256984 ], [ -60.8119245, -24.54648386 ], [ -60.82315254, -24.53884285 ], [ -60.83205899, -24.53300619 ], [ -60.84170412, -24.52632442 ], [ -60.8451459, -24.52572685 ], [ -60.850304, -24.52483129 ], [ -60.85846176, -24.52367465 ], [ -60.86365396, -24.52246745 ] ], [ [ -59.93137616, -25.14980138 ], [ -59.91976032, -25.15826308 ], [ -59.91031956, -25.14686897 ], [ -59.92207423, -25.13869975 ], [ -59.93137616, -25.14980138 ] ], [ [ -60.4631826, -24.78999573 ], [ -60.46799554, -24.79747395 ], [ -60.46790298, -24.79831417 ], [ -60.45647226, -24.80558185 ], [ -60.45119654, -24.79860825 ], [ -60.4631826, -24.78999573 ] ], [ [ -60.53790461, -24.31381448 ], [ -60.53693277, -24.31347709 ], [ -60.53137938, -24.311031 ], [ -60.53082404, -24.31006098 ], [ -60.53336934, -24.3086692 ], [ -60.53457258, -24.30462031 ], [ -60.5351742, -24.30331283 ], [ -60.53892273, -24.30407202 ], [ -60.53998713, -24.30415637 ], [ -60.54151432, -24.30550602 ], [ -60.5413292, -24.30888008 ], [ -60.53924668, -24.31111535 ], [ -60.53790461, -24.31381448 ] ], [ [ -60.42596787, -24.44589627 ], [ -60.4260501, -24.44618073 ], [ -60.42595754, -24.44660202 ], [ -60.4239213, -24.45011977 ], [ -60.42132971, -24.454164 ], [ -60.42112229, -24.45418951 ], [ -60.42096898, -24.45420837 ], [ -60.42021904, -24.45375326 ], [ -60.41980253, -24.45261583 ], [ -60.41984881, -24.4492456 ], [ -60.420617, -24.4450497 ], [ -60.42089007, -24.44515908 ], [ -60.42146855, -24.44536973 ], [ -60.42237098, -24.44547506 ], [ -60.42418873, -24.44292469 ], [ -60.4243378, -24.44271553 ], [ -60.42560474, -24.44507317 ], [ -60.42587568, -24.44557736 ], [ -60.42596787, -24.44589627 ] ], [ [ -60.2369031, -24.64786732 ], [ -60.23692248, -24.64796597 ], [ -60.23585808, -24.64863896 ], [ -60.23458543, -24.64929091 ], [ -60.23333592, -24.64916473 ], [ -60.23238721, -24.64857587 ], [ -60.23236381, -24.64854783 ], [ -60.23200542, -24.64800804 ], [ -60.23179717, -24.64755587 ], [ -60.23167106, -24.64728366 ], [ -60.23161205, -24.64715628 ], [ -60.23141537, -24.64664102 ], [ -60.23135466, -24.64648846 ], [ -60.23121869, -24.64614679 ], [ -60.23112613, -24.64593648 ], [ -60.23082532, -24.64534761 ], [ -60.23073684, -24.64516319 ], [ -60.23539182, -24.64348266 ], [ -60.23510606, -24.64431181 ], [ -60.23521019, -24.64490069 ], [ -60.23561512, -24.64546854 ], [ -60.23619569, -24.64594067 ], [ -60.23627459, -24.64600483 ], [ -60.23664481, -24.64621514 ], [ -60.23708445, -24.64702484 ], [ -60.2369031, -24.64786732 ] ], [ [ -60.05084345, -24.59074896 ], [ -60.04909644, -24.5920745 ], [ -60.04714119, -24.59041231 ], [ -60.04799733, -24.58988629 ], [ -60.04733787, -24.5889605 ], [ -60.04849482, -24.58864489 ], [ -60.05084345, -24.59074896 ] ], [ [ -59.96960055, -24.28705284 ], [ -59.96906433, -24.28718503 ], [ -59.96899185, -24.28720289 ], [ -59.96926647, -24.28792255 ], [ -59.96836404, -24.2889771 ], [ -59.96681372, -24.28929346 ], [ -59.96618897, -24.287796 ], [ -59.96476591, -24.28621416 ], [ -59.96770458, -24.28609816 ], [ -59.96935903, -24.28593206 ], [ -59.96960055, -24.28705284 ] ], [ [ -59.2116569, -24.76812828 ], [ -59.21151807, -24.76772908 ], [ -59.21049995, -24.76798121 ], [ -59.20959752, -24.76535485 ], [ -59.20985205, -24.76386306 ], [ -59.21024542, -24.76260238 ], [ -59.21126354, -24.76211911 ], [ -59.21170318, -24.76228721 ], [ -59.21265188, -24.76239226 ], [ -59.2127213, -24.76512373 ], [ -59.21297583, -24.76520778 ], [ -59.21360059, -24.76564901 ], [ -59.21406337, -24.76630035 ], [ -59.21427162, -24.76707775 ], [ -59.2116569, -24.76812828 ] ], [ [ -59.79291154, -24.91925566 ], [ -59.79293628, -24.91964267 ], [ -59.79239635, -24.91971347 ], [ -59.79227215, -24.91957729 ], [ -59.79206945, -24.91935502 ], [ -59.7918499, -24.91450989 ], [ -59.79239635, -24.91517068 ], [ -59.79335913, -24.91571346 ], [ -59.79413976, -24.91583146 ], [ -59.79473824, -24.91587865 ], [ -59.79487497, -24.91603648 ], [ -59.79512856, -24.91671642 ], [ -59.79548389, -24.91833594 ], [ -59.79563597, -24.91902911 ], [ -59.79460814, -24.9191353 ], [ -59.79457578, -24.91908702 ], [ -59.79455609, -24.91908811 ], [ -59.79426986, -24.91863973 ], [ -59.79291154, -24.91925566 ] ], [ [ -60.3312114, -25.13366424 ], [ -60.33204408, -25.13253349 ], [ -60.33210913, -25.13221546 ], [ -60.33347523, -25.13238036 ], [ -60.33331911, -25.1328044 ], [ -60.33419081, -25.13287507 ], [ -60.33378749, -25.13426496 ], [ -60.3312114, -25.13366424 ] ], [ [ -60.19107788, -25.16400248 ], [ -60.18846631, -25.16587471 ], [ -60.18747751, -25.16413191 ], [ -60.18747683, -25.16412873 ], [ -60.18738512, -25.16369858 ], [ -60.18841427, -25.1631663 ], [ -60.19015768, -25.1619416 ], [ -60.19112046, -25.16401416 ], [ -60.19107788, -25.16400248 ] ], [ [ -60.12018702, -25.28089723 ], [ -60.12026509, -25.28053253 ], [ -60.12075949, -25.28035606 ], [ -60.12154012, -25.2818972 ], [ -60.12130593, -25.28228542 ], [ -60.12095465, -25.28281482 ], [ -60.12005692, -25.28332068 ], [ -60.11901608, -25.2833795 ], [ -60.1178061, -25.28309716 ], [ -60.1169474, -25.28240307 ], [ -60.11601064, -25.28100311 ], [ -60.11653106, -25.28097958 ], [ -60.11857372, -25.28123839 ], [ -60.11914618, -25.28114428 ], [ -60.12018702, -25.28089723 ] ], [ [ -60.30319341, -25.39054009 ], [ -60.3002966, -25.38840835 ], [ -60.30201819, -25.38570307 ], [ -60.30202227, -25.38569666 ], [ -60.30202453, -25.3856957 ], [ -60.30262075, -25.38500316 ], [ -60.3034274, -25.3848386 ], [ -60.30400963, -25.38546612 ], [ -60.30500168, -25.38647244 ], [ -60.30507974, -25.3867663 ], [ -60.30492361, -25.38698963 ], [ -60.30410395, -25.38895255 ], [ -60.30387111, -25.38940718 ], [ -60.3034274, -25.39064511 ], [ -60.30319341, -25.39054009 ] ], [ [ -60.03438633, -25.54466657 ], [ -60.0307109, -25.54613989 ], [ -60.02929451, -25.54670767 ], [ -60.01881276, -25.55090937 ], [ -60.01511843, -25.55227287 ], [ -60.00232021, -25.52598538 ], [ -60.01022806, -25.52213566 ], [ -60.010244, -25.52217269 ], [ -60.0362407, -25.50842588 ], [ -60.03936222, -25.52345021 ], [ -60.02941794, -25.52816897 ], [ -60.03438633, -25.54466657 ] ], [ [ -59.88691463, -25.60081311 ], [ -59.89060962, -25.59888885 ], [ -59.89289948, -25.60132938 ], [ -59.88920449, -25.60278428 ], [ -59.88816364, -25.60163444 ], [ -59.88691463, -25.60081311 ] ], [ [ -59.84346595, -25.56294394 ], [ -59.84608107, -25.56181719 ], [ -59.84671858, -25.56240404 ], [ -59.84634128, -25.56374205 ], [ -59.84565172, -25.56368337 ], [ -59.84498818, -25.56373032 ], [ -59.84450679, -25.56375379 ], [ -59.84420755, -25.56370684 ], [ -59.84394734, -25.56358947 ], [ -59.84370014, -25.56319042 ], [ -59.84346595, -25.56294394 ] ], [ [ -59.7780132, -25.45705335 ], [ -59.77858566, -25.45991966 ], [ -59.77965253, -25.4648768 ], [ -59.77397993, -25.46680322 ], [ -59.77267888, -25.467508 ], [ -59.77267888, -25.46663877 ], [ -59.7697385, -25.46194013 ], [ -59.77033698, -25.45996664 ], [ -59.77150793, -25.4589564 ], [ -59.77288705, -25.45843952 ], [ -59.77541109, -25.45782867 ], [ -59.7780132, -25.45705335 ] ], [ [ -59.66839701, -25.34558358 ], [ -59.66609769, -25.34722029 ], [ -59.65892456, -25.35188347 ], [ -59.65239933, -25.3459656 ], [ -59.65550023, -25.34394338 ], [ -59.65647182, -25.34330978 ], [ -59.65636525, -25.34313467 ], [ -59.65629915, -25.34302606 ], [ -59.63926674, -25.32271836 ], [ -59.64070765, -25.32156953 ], [ -59.63356881, -25.31256837 ], [ -59.67138201, -25.28672418 ], [ -59.67473887, -25.29075952 ], [ -59.69602242, -25.31634484 ], [ -59.6961662, -25.31621082 ], [ -59.72863312, -25.35605485 ], [ -59.73162769, -25.35922291 ], [ -59.70339959, -25.37851452 ], [ -59.69567425, -25.38379417 ], [ -59.69173584, -25.38648575 ], [ -59.68955243, -25.38379417 ], [ -59.67139372, -25.36140909 ], [ -59.66785627, -25.35704831 ], [ -59.66932669, -25.35603483 ], [ -59.66774634, -25.35192591 ], [ -59.67165108, -25.34956236 ], [ -59.66839701, -25.34558358 ] ], [ [ -59.56877358, -25.43317132 ], [ -59.55863961, -25.44017804 ], [ -59.53466748, -25.41409774 ], [ -59.54556299, -25.40682679 ], [ -59.54545694, -25.40669984 ], [ -59.57295013, -25.38822043 ], [ -59.59751333, -25.41342894 ], [ -59.59777406, -25.413729 ], [ -59.56877358, -25.43317132 ] ], [ [ -59.62691507, -25.36279656 ], [ -59.6170772, -25.369446 ], [ -59.61042496, -25.37394226 ], [ -59.6077871, -25.36963537 ], [ -59.6088515, -25.36737732 ], [ -59.60903662, -25.36043565 ], [ -59.609522, -25.35922425 ], [ -59.61000846, -25.35801016 ], [ -59.60914884, -25.3587194 ], [ -59.60905159, -25.35858782 ], [ -59.60760199, -25.35972474 ], [ -59.60274278, -25.35374451 ], [ -59.60214116, -25.35186256 ], [ -59.60218744, -25.35081702 ], [ -59.61061008, -25.34324704 ], [ -59.61587904, -25.34136531 ], [ -59.61630514, -25.34121314 ], [ -59.61699647, -25.34669751 ], [ -59.61847738, -25.35100522 ], [ -59.62691507, -25.36279656 ] ] ] ] } },
{ "type": "Feature", "properties": { "circuito": "00044", "codprov": "09", "coddepto": "005" }, "geometry": { "type": "MultiPolygon", "coordinates": [ [ [ [ -58.46459752, -25.25306748 ], [ -58.46462367, -25.25067863 ], [ -58.46463974, -25.24921092 ], [ -58.45953139, -25.25066192 ], [ -58.45843372, -25.25165469 ], [ -58.45844571, -25.2523053 ], [ -58.45847594, -25.25394569 ], [ -58.46100901, -25.25474753 ], [ -58.46299325, -25.25474753 ], [ -58.46434422, -25.25356386 ], [ -58.46459752, -25.25306748 ] ] ] ] } },
{ "type": "Feature", "properties": { "circuito": "00029", "codprov": "09", "coddepto": "003" }, "geometry": { "type": "MultiPolygon", "coordinates": [ [ [ [ -58.26483234, -25.12474716 ], [ -58.25748644, -25.1217657 ], [ -58.25849967, -25.11993092 ], [ -58.26035726, -25.11947222 ], [ -58.25841524, -25.1155732 ], [ -58.25672652, -25.11542029 ], [ -58.25664209, -25.11771385 ], [ -58.25258918, -25.11740805 ], [ -58.25132264, -25.11519094 ], [ -58.24752304, -25.11626127 ], [ -58.24769191, -25.12031316 ], [ -58.24490554, -25.1217657 ], [ -58.24186585, -25.12191859 ], [ -58.23950166, -25.12077186 ], [ -58.23713746, -25.11908997 ], [ -58.23173358, -25.12314177 ], [ -58.2348577, -25.12834011 ], [ -58.23409778, -25.12918099 ], [ -58.2374752, -25.1323916 ], [ -58.23333785, -25.13567856 ], [ -58.23148027, -25.14003556 ], [ -58.23266237, -25.14057062 ], [ -58.23519544, -25.13682516 ], [ -58.23755964, -25.13957694 ], [ -58.23291568, -25.14209935 ], [ -58.2339289, -25.14294014 ], [ -58.23924835, -25.140112 ], [ -58.24068375, -25.14164073 ], [ -58.24287908, -25.14079993 ], [ -58.2424569, -25.13919475 ], [ -58.24608763, -25.13736023 ], [ -58.24524328, -25.13598432 ], [ -58.24828296, -25.13468484 ], [ -58.24912732, -25.135755 ], [ -58.25149151, -25.13407331 ], [ -58.25064716, -25.13285025 ], [ -58.25697983, -25.12956321 ], [ -58.25697983, -25.12956321 ], [ -58.26483234, -25.12474716 ] ] ] ] } },
{ "type": "Feature", "properties": { "circuito": "S/D", "codprov": "09", "coddepto": "nan" }, "geometry": { "type": "MultiPolygon", "coordinates": [ [ [ [ -59.65123874, -25.65697083 ], [ -59.65162796, -25.65646747 ], [ -59.65282472, -25.61402855 ], [ -59.60629749, -25.58500615 ], [ -59.54951948, -25.54277988 ], [ -59.41867284, -25.44546815 ], [ -59.27776124, -25.34067103 ], [ -59.27278586, -25.33697079 ], [ -59.26789139, -25.33330849 ], [ -59.05419548, -25.17339117 ], [ -58.89006871, -25.28227222 ], [ -58.60564733, -25.47002858 ], [ -58.60564038, -25.47416322 ], [ -58.60563662, -25.48379339 ], [ -58.60552597, -25.5824534 ], [ -58.60547081, -25.63896283 ], [ -58.60530086, -25.77662401 ], [ -58.60549969, -25.77661621 ], [ -58.7405165, -25.7772604 ], [ -58.92642682, -25.77794095 ], [ -58.92642782, -25.78008807 ], [ -58.92662113, -25.95878195 ], [ -58.92661892, -25.96303562 ], [ -58.92663889, -25.98402702 ], [ -58.92663286, -26.01756744 ], [ -58.92660145, -26.18469126 ], [ -58.97502217, -26.18514821 ], [ -58.97506074, -26.201933 ], [ -58.97524453, -26.28487303 ], [ -58.97544574, -26.3765584 ], [ -58.97545843, -26.38234309 ], [ -58.97802333, -26.38166545 ], [ -58.98213297, -26.38010701 ], [ -58.98583973, -26.37992572 ], [ -58.98946521, -26.37639801 ], [ -59.00166684, -26.37298175 ], [ -59.00589724, -26.37164409 ], [ -59.01151089, -26.37275067 ], [ -59.01546399, -26.37302988 ], [ -59.02059235, -26.37251298 ], [ -59.02404966, -26.37175235 ], [ -59.02740767, -26.36949523 ], [ -59.03152025, -26.36803865 ], [ -59.03680264, -26.36545755 ], [ -59.04399417, -26.36288854 ], [ -59.04818491, -26.36502039 ], [ -59.0538858, -26.36750431 ], [ -59.06116869, -26.36839826 ], [ -59.06474461, -26.36844205 ], [ -59.06872182, -26.36744946 ], [ -59.071946, -26.36587202 ], [ -59.07593908, -26.36315472 ], [ -59.07918141, -26.36043677 ], [ -59.08176221, -26.35827069 ], [ -59.08474937, -26.35485278 ], [ -59.08810522, -26.35235573 ], [ -59.09198335, -26.34975358 ], [ -59.10000456, -26.34293975 ], [ -59.10419776, -26.3350372 ], [ -59.10790247, -26.33508147 ], [ -59.11160657, -26.33534578 ], [ -59.11822761, -26.33657749 ], [ -59.11943775, -26.33278529 ], [ -59.11886318, -26.3280623 ], [ -59.11535702, -26.32283394 ], [ -59.1257458, -26.31996501 ], [ -59.13266516, -26.31842453 ], [ -59.14009592, -26.31712844 ], [ -59.14393557, -26.3168232 ], [ -59.15110336, -26.31575649 ], [ -59.14999539, -26.31240077 ], [ -59.14515518, -26.31154383 ], [ -59.14290904, -26.30771105 ], [ -59.14450608, -26.30312829 ], [ -59.14007125, -26.30031369 ], [ -59.14102574, -26.29652235 ], [ -59.14437422, -26.29367719 ], [ -59.14903488, -26.28912006 ], [ -59.1585365, -26.2951068 ], [ -59.16196938, -26.29606656 ], [ -59.16767953, -26.29700042 ], [ -59.17102004, -26.29754216 ], [ -59.17770736, -26.30140264 ], [ -59.18177061, -26.30538471 ], [ -59.18569467, -26.3083041 ], [ -59.18691758, -26.31235267 ], [ -59.18800865, -26.31673646 ], [ -59.19255939, -26.32071017 ], [ -59.19904322, -26.3228482 ], [ -59.20350327, -26.32370327 ], [ -59.21191793, -26.32506545 ], [ -59.21573732, -26.32660417 ], [ -59.21902117, -26.32928571 ], [ -59.22344952, -26.33209795 ], [ -59.22817217, -26.33260979 ], [ -59.23441659, -26.33417779 ], [ -59.24231887, -26.33609819 ], [ -59.24855141, -26.33800658 ], [ -59.25594405, -26.33935392 ], [ -59.26192199, -26.34114637 ], [ -59.26791785, -26.34293495 ], [ -59.27659566, -26.34324989 ], [ -59.28441547, -26.34137576 ], [ -59.29070584, -26.33890792 ], [ -59.29636156, -26.33619871 ], [ -59.30112307, -26.33394162 ], [ -59.3050989, -26.33202947 ], [ -59.30820201, -26.32894823 ], [ -59.30905016, -26.32285347 ], [ -59.30930016, -26.32251196 ], [ -59.30931896, -26.32241084 ], [ -59.31051572, -26.32066774 ], [ -59.31078721, -26.32048056 ], [ -59.31181221, -26.31977384 ], [ -59.31425558, -26.32022079 ], [ -59.31501646, -26.32064947 ], [ -59.31600085, -26.32120409 ], [ -59.31684856, -26.32227676 ], [ -59.31799545, -26.32317065 ], [ -59.31904261, -26.32410922 ], [ -59.31942353, -26.32434673 ], [ -59.3201895, -26.32482432 ], [ -59.32088761, -26.32580758 ], [ -59.32133639, -26.32647797 ], [ -59.3240291, -26.32857852 ], [ -59.3248768, -26.32933829 ], [ -59.32637274, -26.33076842 ], [ -59.3275695, -26.33152817 ], [ -59.32861666, -26.3323326 ], [ -59.3294145, -26.33291358 ], [ -59.33071099, -26.33313703 ], [ -59.33300477, -26.33291358 ], [ -59.33450072, -26.33224322 ], [ -59.33508762, -26.33159582 ], [ -59.33758301, -26.33016126 ], [ -59.33797412, -26.33020051 ], [ -59.33737047, -26.29469167 ], [ -59.36112668, -26.29783119 ], [ -59.36235708, -26.29604931 ], [ -59.36746797, -26.29621901 ], [ -59.36898231, -26.29808574 ], [ -59.38584825, -26.29865098 ], [ -59.38548753, -26.29818388 ], [ -59.38528807, -26.29746862 ], [ -59.3855374, -26.29702157 ], [ -59.38688375, -26.29585925 ], [ -59.38778132, -26.29478634 ], [ -59.38867888, -26.29407105 ], [ -59.3900751, -26.29344517 ], [ -59.39043155, -26.2930415 ], [ -59.39102253, -26.29237223 ], [ -59.39102253, -26.29112045 ], [ -59.39022469, -26.29022632 ], [ -59.38892821, -26.28928747 ], [ -59.3872328, -26.28785683 ], [ -59.38609621, -26.28733895 ], [ -59.385313, -26.28723091 ], [ -59.38401652, -26.28597908 ], [ -59.38301922, -26.28517432 ], [ -59.38222138, -26.28463782 ], [ -59.38142355, -26.28347537 ], [ -59.38142355, -26.28293886 ], [ -59.38162301, -26.28168698 ], [ -59.3826203, -26.28043509 ], [ -59.38545353, -26.27919922 ], [ -59.38524057, -26.27567476 ], [ -59.38413797, -26.27209998 ], [ -59.38137207, -26.26792683 ], [ -59.37975215, -26.26376627 ], [ -59.38247633, -26.26079116 ], [ -59.38984575, -26.26408952 ], [ -59.39080303, -26.25834473 ], [ -59.3921622, -26.25109482 ], [ -59.39364791, -26.24455188 ], [ -59.39497126, -26.24029367 ], [ -59.3965359, -26.23731405 ], [ -59.39862969, -26.23330707 ], [ -59.40055849, -26.22992169 ], [ -59.4011593, -26.22886169 ], [ -59.40136481, -26.22848912 ], [ -59.40344559, -26.22505675 ], [ -59.40552399, -26.22161972 ], [ -59.40710363, -26.21783606 ], [ -59.408044, -26.21381167 ], [ -59.40885831, -26.20932751 ], [ -59.41340503, -26.20245308 ], [ -59.41638767, -26.19798763 ], [ -59.41121185, -26.19299421 ], [ -59.41028108, -26.18526547 ], [ -59.4058545, -26.18187956 ], [ -59.40243636, -26.17978051 ], [ -59.40450966, -26.17703084 ], [ -59.40799267, -26.17383809 ], [ -59.41044318, -26.17075506 ], [ -59.41466859, -26.16975818 ], [ -59.41547683, -26.16642427 ], [ -59.41885278, -26.16127552 ], [ -59.42514396, -26.15706493 ], [ -59.42850199, -26.15341629 ], [ -59.43502636, -26.15266336 ], [ -59.43999751, -26.15158737 ], [ -59.44014111, -26.15155798 ], [ -59.44830068, -26.15175121 ], [ -59.45212306, -26.15126505 ], [ -59.45507499, -26.15089188 ], [ -59.45749191, -26.15194083 ], [ -59.45913745, -26.15265496 ], [ -59.46152709, -26.1552092 ], [ -59.46418729, -26.15742515 ], [ -59.47004038, -26.15897291 ], [ -59.47295034, -26.16153723 ], [ -59.4776929, -26.15858405 ], [ -59.48215099, -26.15942957 ], [ -59.48637456, -26.15854269 ], [ -59.48565503, -26.15416323 ], [ -59.49113319, -26.15466822 ], [ -59.49558955, -26.1556346 ], [ -59.50093513, -26.1566007 ], [ -59.50465323, -26.15593307 ], [ -59.51025026, -26.15313872 ], [ -59.51262539, -26.14978933 ], [ -59.51648032, -26.14727998 ], [ -59.51688056, -26.14725822 ], [ -59.5200473, -26.14708605 ], [ -59.52490206, -26.14724685 ], [ -59.53061695, -26.1493703 ], [ -59.53482897, -26.14940289 ], [ -59.53652369, -26.14573462 ], [ -59.54252368, -26.14531706 ], [ -59.55053686, -26.14722851 ], [ -59.55384558, -26.14909901 ], [ -59.55780915, -26.14844542 ], [ -59.56318112, -26.14641186 ], [ -59.56600153, -26.14634509 ], [ -59.56747059, -26.14631157 ], [ -59.57045263, -26.14624347 ], [ -59.57376222, -26.14742576 ], [ -59.57746125, -26.14641808 ], [ -59.58037481, -26.14297898 ], [ -59.58090728, -26.13949622 ], [ -59.58126069, -26.13723276 ], [ -59.57941451, -26.13053711 ], [ -59.58327228, -26.12780548 ], [ -59.58826728, -26.12508407 ], [ -59.59255439, -26.12549948 ], [ -59.59463551, -26.12570109 ], [ -59.59923498, -26.12551515 ], [ -59.60066417, -26.12242288 ], [ -59.60807782, -26.12086049 ], [ -59.61759503, -26.12446249 ], [ -59.62031318, -26.12165205 ], [ -59.62402701, -26.12053574 ], [ -59.62977378, -26.11953651 ], [ -59.63006119, -26.11585815 ], [ -59.63316313, -26.11207082 ], [ -59.6373713, -26.11211349 ], [ -59.63737041, -26.10999989 ], [ -59.65174231, -26.11692448 ], [ -59.65172769, -26.1166094 ], [ -59.6515781, -26.09251869 ], [ -59.65162391, -26.08259706 ], [ -59.65162796, -26.08171992 ], [ -59.6515781, -26.05072881 ], [ -59.65162796, -26.04060383 ], [ -59.6514285, -26.03864929 ], [ -59.65127891, -26.01831795 ], [ -59.65127891, -25.99612308 ], [ -59.65127891, -25.96665042 ], [ -59.65136293, -25.92354509 ], [ -59.64000945, -25.92293774 ], [ -59.6405081, -25.92244441 ], [ -59.6405081, -25.92177169 ], [ -59.63995959, -25.9215923 ], [ -59.63841377, -25.92096442 ], [ -59.63816445, -25.91966382 ], [ -59.63836391, -25.91863229 ], [ -59.63931134, -25.9172868 ], [ -59.64030864, -25.9163898 ], [ -59.64095688, -25.91571705 ], [ -59.64120621, -25.91441638 ], [ -59.6413558, -25.91351936 ], [ -59.64255256, -25.91123193 ], [ -59.64384904, -25.91042459 ], [ -59.6451954, -25.91029003 ], [ -59.64614283, -25.91015548 ], [ -59.64714012, -25.90997607 ], [ -59.64823715, -25.90943784 ], [ -59.65038134, -25.90854078 ], [ -59.65139496, -25.90844309 ], [ -59.65137864, -25.90272655 ], [ -59.6513911, -25.88791918 ], [ -59.65135994, -25.87136294 ], [ -59.65135994, -25.86436345 ], [ -59.65131631, -25.85903223 ], [ -59.65131007, -25.85371198 ], [ -59.65135994, -25.8459219 ], [ -59.65135371, -25.83983392 ], [ -59.65131631, -25.83453525 ], [ -59.65131007, -25.82836814 ], [ -59.65129137, -25.82325411 ], [ -59.65127891, -25.81806131 ], [ -59.65131631, -25.81104744 ], [ -59.65133501, -25.80053147 ], [ -59.65134124, -25.79268177 ], [ -59.65138487, -25.78650125 ], [ -59.6513911, -25.77786622 ], [ -59.65134967, -25.77473776 ], [ -59.651716, -25.72962326 ], [ -59.65123874, -25.65697083 ] ], [ [ -59.13307102, -25.71077113 ], [ -59.17577921, -25.76153285 ], [ -59.12283808, -25.80318321 ], [ -59.10778373, -25.8024305 ], [ -59.05383899, -25.73443502 ], [ -59.11731815, -25.68701383 ], [ -59.11738153, -25.68797232 ], [ -59.13307102, -25.71077113 ] ], [ [ -59.33855099, -25.55389984 ], [ -59.34910202, -25.56606753 ], [ -59.34903612, -25.56611467 ], [ -59.34803475, -25.56683111 ], [ -59.34628604, -25.56795787 ], [ -59.34698415, -25.56921736 ], [ -59.34608604, -25.5700275 ], [ -59.34690592, -25.57117048 ], [ -59.34592551, -25.57187798 ], [ -59.34750372, -25.57360584 ], [ -59.35061292, -25.57700986 ], [ -59.34749101, -25.57910313 ], [ -59.34635689, -25.57986357 ], [ -59.33706264, -25.57979282 ], [ -59.3331018, -25.57756434 ], [ -59.33000372, -25.57370861 ], [ -59.33239936, -25.57208049 ], [ -59.33202469, -25.57137644 ], [ -59.32573087, -25.56635153 ], [ -59.32572915, -25.56635054 ], [ -59.32572544, -25.56634719 ], [ -59.32536907, -25.56602571 ], [ -59.32337617, -25.56422793 ], [ -59.32589814, -25.56244623 ], [ -59.32663112, -25.5619284 ], [ -59.32390862, -25.55895976 ], [ -59.31762119, -25.56103954 ], [ -59.31742511, -25.55711251 ], [ -59.33746461, -25.54695827 ], [ -59.34060191, -25.5478782 ], [ -59.3425235, -25.55254852 ], [ -59.33855099, -25.55389984 ] ], [ [ -59.37904593, -26.1932089 ], [ -59.3740303, -26.19328149 ], [ -59.37405726, -26.19388626 ], [ -59.37413003, -26.19551868 ], [ -59.36415706, -26.19538445 ], [ -59.36411911, -26.19388626 ], [ -59.3641072, -26.19341572 ], [ -59.35174957, -26.19374427 ], [ -59.35196926, -26.19268979 ], [ -59.35154125, -26.17566211 ], [ -59.36031747, -26.17552786 ], [ -59.35961936, -26.17431957 ], [ -59.36355868, -26.17414057 ], [ -59.36365841, -26.17306652 ], [ -59.36859503, -26.17302177 ], [ -59.36854921, -26.1750777 ], [ -59.37358152, -26.17499085 ], [ -59.37368125, -26.17279801 ], [ -59.37851814, -26.17284276 ], [ -59.37863807, -26.17747069 ], [ -59.37904593, -26.1932089 ] ], [ [ -59.07258521, -26.21558608 ], [ -59.07138939, -26.21553994 ], [ -59.05958243, -26.21508435 ], [ -59.05768638, -26.20730798 ], [ -59.06005254, -26.20059936 ], [ -59.06412233, -26.19745721 ], [ -59.0660028, -26.19695102 ], [ -59.06601886, -26.19695167 ], [ -59.06644116, -26.1969689 ], [ -59.07720717, -26.19741475 ], [ -59.08296139, -26.19755238 ], [ -59.08854106, -26.19295615 ], [ -59.09488236, -26.19193702 ], [ -59.09488846, -26.19196878 ], [ -59.09491193, -26.19195825 ], [ -59.09841384, -26.20902753 ], [ -59.09641444, -26.21727466 ], [ -59.09503152, -26.21723234 ], [ -59.09166258, -26.21712923 ], [ -59.07258521, -26.21558608 ] ], [ [ -58.98344517, -25.51002059 ], [ -58.98366635, -25.51025544 ], [ -58.98351022, -25.5110539 ], [ -58.98403065, -25.51363712 ], [ -58.98217014, -25.51456471 ], [ -58.98069995, -25.51354318 ], [ -58.97968513, -25.51350796 ], [ -58.97809784, -25.51367234 ], [ -58.977057, -25.51368408 ], [ -58.97540466, -25.51342576 ], [ -58.97450693, -25.51153532 ], [ -58.97677077, -25.51066641 ], [ -58.97825397, -25.51027892 ], [ -58.97994534, -25.51010279 ], [ -58.98077801, -25.5100793 ], [ -58.98210509, -25.51019672 ], [ -58.98344517, -25.51002059 ] ], [ [ -58.7628056, -25.65176999 ], [ -58.76320893, -25.65115426 ], [ -58.76387897, -25.65158821 ], [ -58.76346914, -25.65230363 ], [ -58.76281861, -25.65182863 ], [ -58.7628056, -25.65176999 ] ], [ [ -59.62671165, -25.7219194 ], [ -59.62606763, -25.72238826 ], [ -59.62494872, -25.72279264 ], [ -59.62460394, -25.72129231 ], [ -59.62535205, -25.7206828 ], [ -59.62671165, -25.7219194 ] ], [ [ -59.46522814, -25.76356387 ], [ -59.46278216, -25.77134386 ], [ -59.45580851, -25.77012534 ], [ -59.44716952, -25.7562521 ], [ -59.45320641, -25.75451783 ], [ -59.4565371, -25.75447095 ], [ -59.46522814, -25.76356387 ] ], [ [ -59.31070712, -25.78858923 ], [ -59.31071502, -25.78859509 ], [ -59.31069773, -25.7887076 ], [ -59.31051552, -25.78989337 ], [ -59.31042879, -25.79045772 ], [ -59.30905272, -25.79018983 ], [ -59.30864688, -25.79154707 ], [ -59.30864635, -25.79160574 ], [ -59.30854226, -25.79204503 ], [ -59.30559538, -25.79139488 ], [ -59.3058788, -25.79027425 ], [ -59.30618362, -25.78906901 ], [ -59.30703955, -25.78718931 ], [ -59.30769698, -25.78641612 ], [ -59.30770959, -25.78641612 ], [ -59.30793085, -25.78614108 ], [ -59.30831091, -25.78566864 ], [ -59.30844468, -25.78550235 ], [ -59.30822767, -25.78518897 ], [ -59.30809991, -25.78500446 ], [ -59.30818489, -25.78494245 ], [ -59.30875808, -25.78452422 ], [ -59.30885452, -25.78445385 ], [ -59.30902907, -25.7846247 ], [ -59.30915376, -25.78474673 ], [ -59.30967302, -25.78447766 ], [ -59.31069863, -25.78554808 ], [ -59.30922623, -25.7874905 ], [ -59.31068012, -25.78856919 ], [ -59.31070712, -25.78858923 ] ], [ [ -59.22418846, -25.87278254 ], [ -59.22333302, -25.873163 ], [ -59.22295571, -25.87334152 ], [ -59.22267273, -25.8734498 ], [ -59.22255889, -25.87355224 ], [ -59.222084, -25.8738566 ], [ -59.22072603, -25.87209625 ], [ -59.21775475, -25.86829889 ], [ -59.21610241, -25.86617993 ], [ -59.21674643, -25.86591067 ], [ -59.21776125, -25.86582286 ], [ -59.21793039, -25.86572921 ], [ -59.21841178, -25.86529019 ], [ -59.22418846, -25.87278254 ] ], [ [ -59.16307793, -26.03719653 ], [ -59.16497086, -26.03874851 ], [ -59.16267569, -26.0412784 ], [ -59.15974165, -26.04338306 ], [ -59.15931574, -26.04308544 ], [ -59.16191852, -26.04017291 ], [ -59.16104304, -26.0390674 ], [ -59.16149261, -26.03868473 ], [ -59.16307793, -26.03719653 ] ], [ [ -59.09633092, -26.11106489 ], [ -59.09622515, -26.11153025 ], [ -59.09310774, -26.10950118 ], [ -59.09321422, -26.10940026 ], [ -59.09321547, -26.10939998 ], [ -59.09566614, -26.10702853 ], [ -59.09617487, -26.10736849 ], [ -59.09728696, -26.10658233 ], [ -59.09789033, -26.10698604 ], [ -59.09747625, -26.10740036 ], [ -59.09633092, -26.11106489 ] ], [ [ -58.96348379, -26.05832188 ], [ -58.96345865, -26.05832188 ], [ -58.96341724, -26.05774132 ], [ -58.96341133, -26.05729493 ], [ -58.96335217, -26.05637558 ], [ -58.96331077, -26.05607799 ], [ -58.96313922, -26.05547749 ], [ -58.96302878, -26.05528385 ], [ -58.96296324, -26.05516894 ], [ -58.96295075, -26.05514705 ], [ -58.96280171, -26.05488573 ], [ -58.96443025, -26.05469762 ], [ -58.9647892, -26.05484549 ], [ -58.96735246, -26.05586675 ], [ -58.96751333, -26.0559257 ], [ -58.96753504, -26.05593366 ], [ -58.96780203, -26.05603149 ], [ -58.96794991, -26.0561856 ], [ -58.96807647, -26.05637329 ], [ -58.96831025, -26.05671999 ], [ -58.96832258, -26.05673827 ], [ -58.9689718, -26.0576616 ], [ -58.96888839, -26.05770715 ], [ -58.96805047, -26.05839628 ], [ -58.96348379, -26.05832188 ], [ -58.96348379, -26.05832188 ] ], [ [ -59.07653886, -26.3299952 ], [ -59.08024029, -26.32846088 ], [ -59.08080816, -26.33863982 ], [ -59.05454383, -26.34419545 ], [ -59.05373934, -26.33974248 ], [ -59.06045922, -26.33749473 ], [ -59.06159498, -26.33715545 ], [ -59.06116907, -26.33121776 ], [ -59.06475067, -26.32912682 ], [ -59.06334593, -26.32754897 ], [ -59.06358255, -26.32407093 ], [ -59.06400846, -26.32250154 ], [ -59.06526252, -26.32182288 ], [ -59.06582239, -26.32173044 ], [ -59.06580378, -26.32169828 ], [ -59.06819064, -26.32128472 ], [ -59.06859768, -26.32219189 ], [ -59.06862837, -26.3222603 ], [ -59.06871686, -26.32214133 ], [ -59.06881767, -26.3220058 ], [ -59.06938554, -26.32163466 ], [ -59.07105368, -26.32084995 ], [ -59.07163806, -26.32190604 ], [ -59.07240038, -26.3232837 ], [ -59.07250887, -26.32347976 ], [ -59.07220127, -26.32413721 ], [ -59.07150658, -26.32441191 ], [ -59.07194099, -26.32511277 ], [ -59.07250887, -26.32583382 ], [ -59.07307675, -26.32659729 ], [ -59.07302943, -26.32723351 ], [ -59.07265084, -26.32786973 ], [ -59.07255619, -26.32850594 ], [ -59.07317139, -26.32939664 ], [ -59.07373927, -26.33007525 ], [ -59.07515897, -26.33011767 ], [ -59.07653134, -26.32994801 ], [ -59.07653886, -26.3299952 ] ], [ [ -59.23755784, -26.32025222 ], [ -59.23889105, -26.32029322 ], [ -59.23908034, -26.32219667 ], [ -59.23910401, -26.32324117 ], [ -59.23926964, -26.32665561 ], [ -59.23422972, -26.32682527 ], [ -59.23406676, -26.32025222 ], [ -59.23755784, -26.32025222 ] ], [ [ -58.76250101, -25.47962334 ], [ -58.75531382, -25.48091029 ], [ -58.75204852, -25.47281458 ], [ -58.75391187, -25.47355689 ], [ -58.75630169, -25.47456087 ], [ -58.75772138, -25.47518034 ], [ -58.7583839, -25.47573572 ], [ -58.7613416, -25.47381323 ], [ -58.76174384, -25.47364234 ], [ -58.76233538, -25.4775941 ], [ -58.76233538, -25.47791451 ], [ -58.76250101, -25.47962334 ] ], [ [ -58.9290015, -25.53296393 ], [ -58.92856376, -25.53376458 ], [ -58.92803138, -25.53475738 ], [ -58.92613845, -25.53392471 ], [ -58.92755815, -25.53237679 ], [ -58.9290015, -25.53296393 ] ], [ [ -59.4456861, -25.50156455 ], [ -59.44513759, -25.5018796 ], [ -59.44513759, -25.5018796 ], [ -59.44513759, -25.5018796 ], [ -59.44608502, -25.50241968 ], [ -59.44563624, -25.50345482 ], [ -59.44598529, -25.50399489 ], [ -59.44463894, -25.50503002 ], [ -59.44573597, -25.50611014 ], [ -59.44404056, -25.50782032 ], [ -59.44229529, -25.50530005 ], [ -59.44079935, -25.50615515 ], [ -59.4403007, -25.50566009 ], [ -59.43900421, -25.50642518 ], [ -59.43725894, -25.50475998 ], [ -59.43626164, -25.50543506 ], [ -59.43496516, -25.50385987 ], [ -59.43626164, -25.50291474 ], [ -59.43451637, -25.50066441 ], [ -59.43571313, -25.50016933 ], [ -59.43571313, -25.49917917 ], [ -59.43641124, -25.49782894 ], [ -59.43825624, -25.49517343 ], [ -59.44050016, -25.49458831 ], [ -59.44139772, -25.49499339 ], [ -59.44204597, -25.49544348 ], [ -59.44359178, -25.49607361 ], [ -59.44628448, -25.49634366 ], [ -59.44842867, -25.49854906 ], [ -59.44723191, -25.49913416 ], [ -59.44608502, -25.49985428 ], [ -59.44663353, -25.50034936 ], [ -59.4456861, -25.50156455 ] ], [ [ -59.48337147, -26.00104755 ], [ -59.4834712, -26.0299963 ], [ -59.4834712, -26.0299963 ], [ -59.46222877, -26.03080282 ], [ -59.46163039, -26.00176463 ], [ -59.48337147, -26.00104755 ] ] ] ] } },
{ "type": "Feature", "properties": { "circuito": "00040", "codprov": "09", "coddepto": "004" }, "geometry": { "type": "MultiPolygon", "coordinates": [ [ [ [ -59.4456861, -25.50156455 ], [ -59.44663353, -25.50034936 ], [ -59.44608502, -25.49985428 ], [ -59.44723191, -25.49913416 ], [ -59.44842867, -25.49854906 ], [ -59.44628448, -25.49634366 ], [ -59.44359178, -25.49607361 ], [ -59.44204597, -25.49544348 ], [ -59.44139772, -25.49499339 ], [ -59.44050016, -25.49458831 ], [ -59.43825624, -25.49517343 ], [ -59.43641124, -25.49782894 ], [ -59.43571313, -25.49917917 ], [ -59.43571313, -25.50016933 ], [ -59.43451637, -25.50066441 ], [ -59.43626164, -25.50291474 ], [ -59.43496516, -25.50385987 ], [ -59.43626164, -25.50543506 ], [ -59.43725894, -25.50475998 ], [ -59.43900421, -25.50642518 ], [ -59.4403007, -25.50566009 ], [ -59.44079935, -25.50615515 ], [ -59.44229529, -25.50530005 ], [ -59.44404056, -25.50782032 ], [ -59.44573597, -25.50611014 ], [ -59.44463894, -25.50503002 ], [ -59.44598529, -25.50399489 ], [ -59.44563624, -25.50345482 ], [ -59.44608502, -25.50241968 ], [ -59.44513759, -25.5018796 ], [ -59.44513759, -25.5018796 ], [ -59.44513759, -25.5018796 ], [ -59.4456861, -25.50156455 ] ] ] ] } },
{ "type": "Feature", "properties": { "circuito": "0034B", "codprov": "09", "coddepto": "004" }, "geometry": { "type": "MultiPolygon", "coordinates": [ [ [ [ -59.48337147, -26.00104755 ], [ -59.46163039, -26.00176463 ], [ -59.46222877, -26.03080282 ], [ -59.4834712, -26.0299963 ], [ -59.4834712, -26.0299963 ], [ -59.48337147, -26.00104755 ] ] ] ] } },
{ "type": "Feature", "properties": { "circuito": "0037B", "codprov": "09", "coddepto": "004" }, "geometry": { "type": "MultiPolygon", "coordinates": [ [ [ [ -59.35575858, -26.19363769 ], [ -59.35661208, -26.19200085 ], [ -59.35716059, -26.19101647 ], [ -59.35823269, -26.18846597 ], [ -59.35875627, -26.18654187 ], [ -59.35886846, -26.18546794 ], [ -59.35910532, -26.18537844 ], [ -59.36157363, -26.18420382 ], [ -59.36235277, -26.1838794 ], [ -59.36273611, -26.18444434 ], [ -59.36566956, -26.18435485 ], [ -59.3660118, -26.18435485 ], [ -59.36609439, -26.18435275 ], [ -59.36618477, -26.18435275 ], [ -59.3662658, -26.18436883 ], [ -59.36635033, -26.18443927 ], [ -59.36637215, -26.18446235 ], [ -59.36641189, -26.18452178 ], [ -59.36643838, -26.18455604 ], [ -59.37022811, -26.18451129 ], [ -59.37386824, -26.18430992 ], [ -59.37881186, -26.18417683 ], [ -59.37863807, -26.17747069 ], [ -59.37851814, -26.17284276 ], [ -59.37368125, -26.17279801 ], [ -59.37358152, -26.17499085 ], [ -59.36854921, -26.1750777 ], [ -59.36859503, -26.17302177 ], [ -59.36365841, -26.17306652 ], [ -59.36355868, -26.17414057 ], [ -59.35961936, -26.17431957 ], [ -59.36031747, -26.17552786 ], [ -59.35154125, -26.17566211 ], [ -59.35196926, -26.19268979 ], [ -59.35174957, -26.19374427 ], [ -59.35575858, -26.19363769 ] ] ] ] } },
{ "type": "Feature", "properties": { "circuito": "00039", "codprov": "09", "coddepto": "004" }, "geometry": { "type": "MultiPolygon", "coordinates": [ [ [ [ -59.32395647, -25.55901194 ], [ -59.33860564, -25.55396286 ], [ -59.33855099, -25.55389984 ], [ -59.3425235, -25.55254852 ], [ -59.34060191, -25.5478782 ], [ -59.33746461, -25.54695827 ], [ -59.31742511, -25.55711251 ], [ -59.31762119, -25.56103954 ], [ -59.32390862, -25.55895976 ], [ -59.32395647, -25.55901194 ] ] ] ] } },
{ "type": "Feature", "properties": { "circuito": "S/D", "codprov": "09", "coddepto": "nan" }, "geometry": { "type": "MultiPolygon", "coordinates": [ [ [ [ -62.34799301, -22.45186218 ], [ -62.33629103, -22.46206005 ], [ -62.33306302, -22.47015171 ], [ -62.32888051, -22.47413671 ], [ -62.32012784, -22.47683595 ], [ -62.31282843, -22.47731821 ], [ -62.30786621, -22.47765987 ], [ -62.29967307, -22.48164665 ], [ -62.29453231, -22.48886369 ], [ -62.29314798, -22.50592787 ], [ -62.28554499, -22.51489107 ], [ -62.27313511, -22.50719668 ], [ -62.26588243, -22.51093722 ], [ -62.26271367, -22.51256777 ], [ -62.26082875, -22.52390749 ], [ -62.24874555, -22.5369164 ], [ -62.24352281, -22.54715437 ], [ -62.23707286, -22.55322025 ], [ -62.23644807, -22.55915647 ], [ -62.24097573, -22.56116051 ], [ -62.24598628, -22.5684549 ], [ -62.24886378, -22.58532899 ], [ -62.26314228, -22.59070705 ], [ -62.26831339, -22.59401935 ], [ -62.2626983, -22.60210273 ], [ -62.26017749, -22.60733669 ], [ -62.25424071, -22.60861818 ], [ -62.24958988, -22.61234145 ], [ -62.24831405, -22.61774854 ], [ -62.24441733, -22.6221159 ], [ -62.23688092, -22.61836405 ], [ -62.22594984, -22.62202005 ], [ -62.22351417, -22.62682696 ], [ -62.21842995, -22.62992131 ], [ -62.21473513, -22.64051378 ], [ -62.20498541, -22.62762427 ], [ -62.19957287, -22.62569722 ], [ -62.1990695, -22.62969295 ], [ -62.19349955, -22.64456344 ], [ -62.19815717, -22.65187349 ], [ -62.21091548, -22.66428032 ], [ -62.21348641, -22.67262709 ], [ -62.21106906, -22.67785784 ], [ -62.20249168, -22.67664907 ], [ -62.19790803, -22.67305091 ], [ -62.19317073, -22.67519674 ], [ -62.18662444, -22.68801481 ], [ -62.19926763, -22.69277891 ], [ -62.20450379, -22.69537828 ], [ -62.19521093, -22.70594952 ], [ -62.18623894, -22.70656504 ], [ -62.1783701, -22.71652441 ], [ -62.17003456, -22.7274052 ], [ -62.16273733, -22.74629385 ], [ -62.15916033, -22.75089145 ], [ -62.15476304, -22.75491921 ], [ -62.15031295, -22.75891399 ], [ -62.14544538, -22.76244773 ], [ -62.1406837, -22.76609656 ], [ -62.13476966, -22.76785104 ], [ -62.12968533, -22.77103187 ], [ -62.13320594, -22.77331261 ], [ -62.14114356, -22.77436599 ], [ -62.13780901, -22.77798161 ], [ -62.1362979, -22.78347152 ], [ -62.13460228, -22.78894791 ], [ -62.13147422, -22.79409647 ], [ -62.12784969, -22.79263803 ], [ -62.12362428, -22.79197177 ], [ -62.11933762, -22.79612717 ], [ -62.11462557, -22.79984382 ], [ -62.11028878, -22.80394811 ], [ -62.10582477, -22.80781474 ], [ -62.09979127, -22.8092492 ], [ -62.0942688, -22.81185442 ], [ -62.08917592, -22.81507399 ], [ -62.08461022, -22.81897798 ], [ -62.08031748, -22.82310489 ], [ -62.0768593, -22.82787879 ], [ -62.07427047, -22.83302112 ], [ -62.07118169, -22.83770029 ], [ -62.06584865, -22.83468362 ], [ -62.06326019, -22.83945611 ], [ -62.06547462, -22.8445458 ], [ -62.06388929, -22.85010937 ], [ -62.05888401, -22.85342004 ], [ -62.05471171, -22.85760311 ], [ -62.05175227, -22.86264104 ], [ -62.04836692, -22.86742941 ], [ -62.0458845, -22.87269089 ], [ -62.04328446, -22.87789079 ], [ -62.03642819, -22.8725318 ], [ -62.03144071, -22.87467896 ], [ -62.0295577, -22.88012636 ], [ -62.02613707, -22.88491322 ], [ -62.02296096, -22.88981428 ], [ -62.02439549, -22.89516887 ], [ -62.02963213, -22.8936007 ], [ -62.03520937, -22.89035509 ], [ -62.03468395, -22.89528655 ], [ -62.03127281, -22.90015486 ], [ -62.03050572, -22.90577437 ], [ -62.02661115, -22.91026984 ], [ -62.02281546, -22.9147857 ], [ -62.02240889, -22.91720945 ], [ -62.02184433, -22.92062536 ], [ -62.016859, -22.91822402 ], [ -62.01250995, -22.92093176 ], [ -62.01057426, -22.92645856 ], [ -62.00909617, -22.93097819 ], [ -62.00815562, -22.93259966 ], [ -62.0063206, -22.93576259 ], [ -62.00758144, -22.94129771 ], [ -62.0081757, -22.94682956 ], [ -62.00718996, -22.9523847 ], [ -62.00788397, -22.95808132 ], [ -62.00792428, -22.96382908 ], [ -62.00774244, -22.96959827 ], [ -62.01027464, -22.97477785 ], [ -62.01083358, -22.97993922 ], [ -62.00468117, -22.98057727 ], [ -61.99913909, -22.98313255 ], [ -61.99457182, -22.98704192 ], [ -61.99417674, -22.9926704 ], [ -61.99403832, -22.99826031 ], [ -61.99802164, -23.00268357 ], [ -61.99674456, -23.00825368 ], [ -61.99467069, -23.01367737 ], [ -61.99214432, -23.01891827 ], [ -61.98840793, -23.02349288 ], [ -61.98493861, -23.02841219 ], [ -61.97935512, -23.02924823 ], [ -61.97478314, -23.02546302 ], [ -61.96953971, -23.02232312 ], [ -61.966951, -23.02700302 ], [ -61.96343327, -23.03180333 ], [ -61.96294383, -23.03719027 ], [ -61.9588136, -23.04120407 ], [ -61.95390541, -23.04467949 ], [ -61.94974754, -23.04894918 ], [ -61.94480505, -23.05249548 ], [ -61.94051025, -23.05644135 ], [ -61.93842399, -23.06192671 ], [ -61.93602861, -23.06723731 ], [ -61.93118365, -23.06815804 ], [ -61.93071878, -23.06224649 ], [ -61.92615586, -23.06318787 ], [ -61.92154399, -23.06712042 ], [ -61.91351159, -23.06842687 ], [ -61.9084298, -23.06743435 ], [ -61.90520764, -23.07242092 ], [ -61.90290085, -23.0772509 ], [ -61.89717564, -23.07979261 ], [ -61.88857088, -23.08307025 ], [ -61.88027886, -23.08590486 ], [ -61.87401616, -23.08409615 ], [ -61.86892808, -23.08632892 ], [ -61.86435194, -23.09021085 ], [ -61.85986587, -23.09448255 ], [ -61.85491914, -23.09812006 ], [ -61.85225908, -23.10271891 ], [ -61.84453763, -23.49225706 ], [ -61.84449844, -23.49436053 ], [ -62.34393353, -23.49517014 ], [ -62.34547959, -22.99963713 ], [ -62.34548066, -22.9994084 ], [ -62.34799319, -22.45186223 ], [ -62.34799301, -22.45186218 ] ], [ [ -62.30752774, -23.18950759 ], [ -62.30545009, -23.18940708 ], [ -62.30494103, -23.19178926 ], [ -62.30124456, -23.1943605 ], [ -62.29698967, -23.19297806 ], [ -62.29850835, -23.18974739 ], [ -62.29846208, -23.18736517 ], [ -62.29693489, -23.18251552 ], [ -62.29931168, -23.17926043 ], [ -62.30147016, -23.17630432 ], [ -62.3052187, -23.17872927 ], [ -62.30796073, -23.17899834 ], [ -62.31345623, -23.17953758 ], [ -62.30752774, -23.18950759 ] ], [ [ -62.00897446, -23.16874176 ], [ -62.00716367, -23.16712524 ], [ -61.99646679, -23.15798457 ], [ -61.9964737, -23.15793816 ], [ -61.99378925, -23.15559466 ], [ -61.99434459, -23.15538191 ], [ -62.00355396, -23.14746735 ], [ -62.00357467, -23.14748093 ], [ -62.00394733, -23.14714821 ], [ -62.00976902, -23.15154424 ], [ -62.00990181, -23.15163135 ], [ -62.0241816, -23.1623694 ], [ -62.02092633, -23.16571288 ], [ -62.0209379, -23.16578944 ], [ -62.01496355, -23.17184781 ], [ -62.01248566, -23.17184781 ], [ -62.00898657, -23.16873818 ], [ -62.00897446, -23.16874176 ] ], [ [ -61.89388651, -23.32853301 ], [ -61.89392156, -23.33680334 ], [ -61.89318559, -23.34124401 ], [ -61.89227438, -23.34137272 ], [ -61.89111785, -23.34166232 ], [ -61.89055711, -23.34137272 ], [ -61.89006646, -23.34098658 ], [ -61.88894498, -23.3406648 ], [ -61.8882791, -23.34053609 ], [ -61.88722771, -23.34076133 ], [ -61.88645669, -23.34092223 ], [ -61.88575576, -23.34063262 ], [ -61.88537025, -23.34024648 ], [ -61.88463428, -23.34043955 ], [ -61.88382821, -23.3409544 ], [ -61.88305719, -23.34130836 ], [ -61.8825315, -23.34101876 ], [ -61.88225112, -23.34076133 ], [ -61.88169038, -23.34056826 ], [ -61.88116469, -23.34043955 ], [ -61.88074413, -23.34037519 ], [ -61.88046376, -23.33979598 ], [ -61.88007825, -23.33950637 ], [ -61.87965769, -23.33934548 ], [ -61.87906191, -23.3393133 ], [ -61.87822079, -23.33944202 ], [ -61.87734463, -23.33940984 ], [ -61.87681894, -23.34002123 ], [ -61.87650352, -23.34076133 ], [ -61.87608297, -23.34117965 ], [ -61.87513671, -23.34153361 ], [ -61.87440074, -23.34195193 ], [ -61.8747512, -23.34265984 ], [ -61.87506662, -23.34317469 ], [ -61.8752769, -23.343593 ], [ -61.87517176, -23.34417219 ], [ -61.8750491, -23.34502489 ], [ -61.87553975, -23.34582932 ], [ -61.87606544, -23.34637633 ], [ -61.87599535, -23.34701987 ], [ -61.87536452, -23.34740599 ], [ -61.87480377, -23.34724511 ], [ -61.87420799, -23.34650504 ], [ -61.87382248, -23.34615109 ], [ -61.87319164, -23.34656939 ], [ -61.87266595, -23.34734164 ], [ -61.87196502, -23.34772776 ], [ -61.87143932, -23.34785647 ], [ -61.87080849, -23.347953 ], [ -61.87014261, -23.34830694 ], [ -61.86842534, -23.34901482 ], [ -61.86569172, -23.35072015 ], [ -61.86110065, -23.34541102 ], [ -61.86499079, -23.3431586 ], [ -61.86555154, -23.34193584 ], [ -61.86730385, -23.3390076 ], [ -61.87780024, -23.32274829 ], [ -61.89388651, -23.32853301 ] ], [ [ -62.28461056, -22.731338 ], [ -62.28300184, -22.73320794 ], [ -62.27905717, -22.73780645 ], [ -62.27829688, -22.73932571 ], [ -62.27798836, -22.73967122 ], [ -62.27622538, -22.74083987 ], [ -62.27336054, -22.7428621 ], [ -62.27235784, -22.74351246 ], [ -62.2721595, -22.74353279 ], [ -62.27198321, -22.74347182 ], [ -62.2720383, -22.74326858 ], [ -62.27013208, -22.74149024 ], [ -62.27012106, -22.74124635 ], [ -62.27063893, -22.74005738 ], [ -62.27013208, -22.73930538 ], [ -62.26923957, -22.73807575 ], [ -62.26875475, -22.7381164 ], [ -62.26733334, -22.7353624 ], [ -62.26711297, -22.73473232 ], [ -62.27057282, -22.72745576 ], [ -62.27760271, -22.72938673 ], [ -62.27826383, -22.72776065 ], [ -62.28256109, -22.72889891 ], [ -62.28461056, -22.731338 ] ], [ [ -62.28065487, -22.84604788 ], [ -62.27404369, -22.85100306 ], [ -62.27210441, -22.85157167 ], [ -62.27206034, -22.85214028 ], [ -62.27228071, -22.85441471 ], [ -62.27219256, -22.85624235 ], [ -62.26981254, -22.85559252 ], [ -62.26637472, -22.85563314 ], [ -62.26492026, -22.85449594 ], [ -62.26456767, -22.85214028 ], [ -62.26571361, -22.85079998 ], [ -62.2660662, -22.84917535 ], [ -62.26893105, -22.84759131 ], [ -62.26928364, -22.84612911 ], [ -62.27117885, -22.8446669 ], [ -62.27241293, -22.84450443 ], [ -62.2735148, -22.84178303 ], [ -62.27492518, -22.83958963 ], [ -62.27593889, -22.83934592 ], [ -62.27633557, -22.83979273 ], [ -62.27792225, -22.84028015 ], [ -62.27889189, -22.83991458 ], [ -62.27999375, -22.84044263 ], [ -62.28113969, -22.84210798 ], [ -62.28091931, -22.84438257 ], [ -62.28065487, -22.84604788 ] ], [ [ -62.30692007, -23.21580248 ], [ -62.30495817, -23.2212115 ], [ -62.30495817, -23.2212115 ], [ -62.28087036, -23.21780585 ], [ -62.2840312, -23.21149515 ], [ -62.30692007, -23.21580248 ] ] ] ] } },
{ "type": "Feature", "properties": { "circuito": "0084B", "codprov": "09", "coddepto": "009" }, "geometry": { "type": "MultiPolygon", "coordinates": [ [ [ [ -62.2720959, -22.74351079 ], [ -62.27913823, -22.72799226 ], [ -62.27826383, -22.72776065 ], [ -62.27760271, -22.72938673 ], [ -62.27057282, -22.72745576 ], [ -62.26711297, -22.73473232 ], [ -62.26733334, -22.7353624 ], [ -62.26875475, -22.7381164 ], [ -62.26923957, -22.73807575 ], [ -62.27013208, -22.73930538 ], [ -62.27063893, -22.74005738 ], [ -62.27012106, -22.74124635 ], [ -62.27013208, -22.74149024 ], [ -62.2720383, -22.74326858 ], [ -62.27198321, -22.74347182 ], [ -62.2720959, -22.74351079 ] ] ] ] } },
{ "type": "Feature", "properties": { "circuito": "0083C", "codprov": "09", "coddepto": "009" }, "geometry": { "type": "MultiPolygon", "coordinates": [ [ [ [ -62.30692007, -23.21580248 ], [ -62.2840312, -23.21149515 ], [ -62.28087036, -23.21780585 ], [ -62.30495817, -23.2212115 ], [ -62.30495817, -23.2212115 ], [ -62.30692007, -23.21580248 ] ] ] ] } },
{ "type": "Feature", "properties": { "circuito": "00072", "codprov": "09", "coddepto": "007" }, "geometry": { "type": "MultiPolygon", "coordinates": [ [ [ [ -60.67543942, -24.15144945 ], [ -60.6786667, -24.15413654 ], [ -60.67867347, -24.1541388 ], [ -60.67906858, -24.15442473 ], [ -60.6821068, -24.15427555 ], [ -60.68277439, -24.15430041 ], [ -60.68289034, -24.15438754 ], [ -60.68297626, -24.1544521 ], [ -60.68300601, -24.15447445 ], [ -60.68315588, -24.15474794 ], [ -60.68314645, -24.15498008 ], [ -60.68314225, -24.15508359 ], [ -60.68319675, -24.15534465 ], [ -60.68339422, -24.15542691 ], [ -60.68981445, -24.15810133 ], [ -60.69064244, -24.15844624 ], [ -60.69447088, -24.16004984 ], [ -60.70091988, -24.15818372 ], [ -60.7036853, -24.1573835 ], [ -60.70381664, -24.15716497 ], [ -60.70408965, -24.15661886 ], [ -60.70455288, -24.15572381 ], [ -60.70477468, -24.15477935 ], [ -60.70475724, -24.15465471 ], [ -60.70464832, -24.15427374 ], [ -60.70302695, -24.14988095 ], [ -60.70179517, -24.14689161 ], [ -60.70138182, -24.14662219 ], [ -60.70100034, -24.14644193 ], [ -60.69582309, -24.14579545 ], [ -60.69473996, -24.14566491 ], [ -60.69150024, -24.14525232 ], [ -60.6873147, -24.14478843 ], [ -60.68039354, -24.14394302 ], [ -60.67826815, -24.14453978 ], [ -60.67685122, -24.1471257 ], [ -60.67537979, -24.14762298 ], [ -60.67534767, -24.14774439 ], [ -60.67529464, -24.14777372 ], [ -60.67522652, -24.14805966 ], [ -60.67498128, -24.14889261 ], [ -60.67450443, -24.14994932 ], [ -60.67443631, -24.15021039 ], [ -60.67451805, -24.15049633 ], [ -60.67470879, -24.15081955 ], [ -60.67472087, -24.15083118 ], [ -60.67487396, -24.15097863 ], [ -60.67495403, -24.15105576 ], [ -60.67543942, -24.15144945 ] ] ] ] } },
{ "type": "Feature", "properties": { "circuito": "00080", "codprov": "09", "coddepto": "007" }, "geometry": { "type": "MultiPolygon", "coordinates": [ [ [ [ -61.69897455, -23.57387675 ], [ -61.69553866, -23.57640433 ], [ -61.70393125, -23.58629372 ], [ -61.70998045, -23.58594411 ], [ -61.71363177, -23.58114933 ], [ -61.71428573, -23.57345735 ], [ -61.71118113, -23.57087858 ], [ -61.71112163, -23.57405979 ], [ -61.69899088, -23.57429073 ], [ -61.69897455, -23.57387675 ] ] ] ] } },
{ "type": "Feature", "properties": { "circuito": "00076", "codprov": "09", "coddepto": "007" }, "geometry": { "type": "MultiPolygon", "coordinates": [ [ [ [ -60.76059654, -23.90105769 ], [ -60.76037855, -23.89851664 ], [ -60.7553648, -23.88865093 ], [ -60.74762619, -23.89338457 ], [ -60.74615476, -23.90115734 ], [ -60.74675423, -23.90359869 ], [ -60.76097802, -23.90185487 ], [ -60.76097802, -23.90185487 ], [ -60.76059654, -23.90105769 ] ] ] ] } },
{ "type": "Feature", "properties": { "circuito": "00077", "codprov": "09", "coddepto": "007" }, "geometry": { "type": "MultiPolygon", "coordinates": [ [ [ [ -61.17033452, -23.67061663 ], [ -61.16684669, -23.67016742 ], [ -61.16548426, -23.66837055 ], [ -61.15491178, -23.67376107 ], [ -61.15758215, -23.67795354 ], [ -61.16777315, -23.67316214 ], [ -61.16919008, -23.67221382 ], [ -61.16919008, -23.67221382 ], [ -61.17033452, -23.67061663 ] ] ] ] } },
{ "type": "Feature", "properties": { "circuito": "00078", "codprov": "09", "coddepto": "007" }, "geometry": { "type": "MultiPolygon", "coordinates": [ [ [ [ -61.30941164, -23.59989665 ], [ -61.31355344, -23.61303004 ], [ -61.31355344, -23.61303004 ], [ -61.31447989, -23.61208128 ], [ -61.31551534, -23.61148207 ], [ -61.31660528, -23.61163187 ], [ -61.3182402, -23.61263056 ], [ -61.3163873, -23.59889786 ], [ -61.30941164, -23.59989665 ] ] ] ] } },
{ "type": "Feature", "properties": { "circuito": "00027", "codprov": "09", "coddepto": "003" }, "geometry": { "type": "MultiPolygon", "coordinates": [ [ [ [ -58.5620259, -25.45714253 ], [ -58.55791345, -25.45533636 ], [ -58.55764944, -25.45556557 ], [ -58.55731435, -25.45673912 ], [ -58.55715189, -25.45727088 ], [ -58.55714173, -25.45727088 ], [ -58.5620259, -25.45714253 ] ] ] ] } },
{ "type": "Feature", "properties": { "circuito": "0032A", "codprov": "09", "coddepto": "003" }, "geometry": { "type": "MultiPolygon", "coordinates": [ [ [ [ -57.6375623, -25.38019743 ], [ -57.64176448, -25.38092059 ], [ -57.64609339, -25.38056503 ], [ -57.64874976, -25.37985393 ], [ -57.65091422, -25.38056503 ], [ -57.65435767, -25.38029837 ], [ -57.65858819, -25.37709834 ], [ -57.66183487, -25.37372044 ], [ -57.66429447, -25.36651987 ], [ -57.66371388, -25.35200453 ], [ -57.66354853, -25.35210692 ], [ -57.65883689, -25.3555323 ], [ -57.65435495, -25.35927097 ], [ -57.65006803, -25.36318197 ], [ -57.64645702, -25.3675887 ], [ -57.64288439, -25.37207819 ], [ -57.64090869, -25.37644821 ], [ -57.64054115, -25.3772655 ], [ -57.6375623, -25.38019743 ] ] ] ] } },
{ "type": "Feature", "properties": { "circuito": "S/D", "codprov": "09", "coddepto": "nan" }, "geometry": { "type": "MultiPolygon", "coordinates": [ [ [ [ -58.38078091, -25.06260153 ], [ -58.3910473, -25.06221671 ], [ -58.39806251, -25.06514962 ], [ -58.39713742, -25.06563843 ], [ -58.39505599, -25.07953382 ], [ -58.38067325, -25.08171217 ], [ -58.38037931, -25.13389107 ], [ -58.37954715, -25.28004717 ], [ -58.37889144, -25.39234664 ], [ -58.48794059, -25.39268421 ], [ -58.5160183, -25.39335175 ], [ -58.5572151, -25.39352386 ], [ -58.605723, -25.39372171 ], [ -58.60564733, -25.47002858 ], [ -58.89006871, -25.28227222 ], [ -59.05419548, -25.17339117 ], [ -58.90651767, -25.06245195 ], [ -58.8917386, -25.05133062 ], [ -58.89184114, -24.99259808 ], [ -58.89231047, -24.71649753 ], [ -58.88812519, -24.72142258 ], [ -58.88448723, -24.7257987 ], [ -58.88149543, -24.73056481 ], [ -58.87580749, -24.73045494 ], [ -58.87024947, -24.72807857 ], [ -58.86505917, -24.73001306 ], [ -58.85978916, -24.73264861 ], [ -58.85399509, -24.73421691 ], [ -58.84935333, -24.73772193 ], [ -58.84627784, -24.73981091 ], [ -58.84199516, -24.74253795 ], [ -58.83714913, -24.74590691 ], [ -58.83275919, -24.74963441 ], [ -58.8302563, -24.75466055 ], [ -58.82666777, -24.75906403 ], [ -58.82170818, -24.76216636 ], [ -58.81678268, -24.76535545 ], [ -58.81246002, -24.76942665 ], [ -58.80748731, -24.77163858 ], [ -58.80153935, -24.77166562 ], [ -58.79617102, -24.77229975 ], [ -58.79038898, -24.77209635 ], [ -58.78460978, -24.77091393 ], [ -58.77952968, -24.77352824 ], [ -58.77382898, -24.77353469 ], [ -58.76777927, -24.77235645 ], [ -58.76180094, -24.77206606 ], [ -58.75631102, -24.77444851 ], [ -58.7504347, -24.77552766 ], [ -58.74438778, -24.7752332 ], [ -58.73855208, -24.77343109 ], [ -58.73277354, -24.77233653 ], [ -58.72673979, -24.77383808 ], [ -58.72275392, -24.77765309 ], [ -58.72007934, -24.78275338 ], [ -58.71792067, -24.78794168 ], [ -58.71632387, -24.79327415 ], [ -58.71525906, -24.79850691 ], [ -58.71191581, -24.80274801 ], [ -58.70973917, -24.8079756 ], [ -58.70440105, -24.80932587 ], [ -58.69857158, -24.80774228 ], [ -58.69328553, -24.80512105 ], [ -58.68849166, -24.80633582 ], [ -58.68428183, -24.80973877 ], [ -58.6831831, -24.81460119 ], [ -58.67924649, -24.81836758 ], [ -58.67773487, -24.82371694 ], [ -58.67621211, -24.823844 ], [ -58.67263563, -24.82417516 ], [ -58.67173027, -24.82426076 ], [ -58.66589314, -24.82604727 ], [ -58.66009054, -24.82683401 ], [ -58.65434847, -24.82502394 ], [ -58.64860756, -24.82311496 ], [ -58.64271138, -24.82200175 ], [ -58.63691683, -24.82307081 ], [ -58.63160033, -24.82544734 ], [ -58.62557542, -24.82468174 ], [ -58.61990637, -24.82488085 ], [ -58.61436767, -24.8273489 ], [ -58.60860153, -24.82587714 ], [ -58.6030049, -24.82379408 ], [ -58.59782752, -24.82169579 ], [ -58.59409716, -24.82172553 ], [ -58.59004267, -24.81895117 ], [ -58.58441972, -24.8169919 ], [ -58.57843742, -24.81619068 ], [ -58.57231761, -24.81620838 ], [ -58.56695186, -24.81833301 ], [ -58.56210126, -24.82162341 ], [ -58.55621822, -24.82285529 ], [ -58.55022513, -24.82378962 ], [ -58.54431904, -24.82491209 ], [ -58.53872487, -24.82697917 ], [ -58.53316876, -24.82914668 ], [ -58.52763243, -24.83139124 ], [ -58.52206509, -24.83349484 ], [ -58.51634353, -24.83521785 ], [ -58.51054105, -24.83648765 ], [ -58.51047131, -24.83650209 ], [ -58.50221574, -24.8387207 ], [ -58.49687547, -24.84128801 ], [ -58.49102531, -24.8426084 ], [ -58.48537323, -24.8445535 ], [ -58.47942258, -24.84501546 ], [ -58.4739859, -24.8425273 ], [ -58.46869087, -24.83989804 ], [ -58.46265397, -24.83943933 ], [ -58.45710598, -24.84137059 ], [ -58.45217746, -24.84459432 ], [ -58.44776677, -24.84835584 ], [ -58.44323162, -24.85197619 ], [ -58.43827512, -24.85516198 ], [ -58.43406414, -24.85902288 ], [ -58.43036684, -24.86340799 ], [ -58.42740529, -24.86822545 ], [ -58.42644049, -24.87361149 ], [ -58.42287994, -24.87807956 ], [ -58.41919709, -24.88245149 ], [ -58.41838614, -24.88788564 ], [ -58.42099839, -24.89286188 ], [ -58.42232959, -24.89794772 ], [ -58.41893452, -24.9023477 ], [ -58.41303209, -24.90390396 ], [ -58.40756029, -24.90613726 ], [ -58.40224879, -24.90888121 ], [ -58.39935723, -24.91363847 ], [ -58.39644787, -24.91852039 ], [ -58.39223856, -24.92245135 ], [ -58.38883656, -24.92677366 ], [ -58.38712235, -24.93213404 ], [ -58.385393, -24.93741729 ], [ -58.38146751, -24.94072057 ], [ -58.38078091, -25.06260153 ] ], [ [ -58.53397656, -24.99390229 ], [ -58.53159741, -24.9758518 ], [ -58.53150784, -24.96838114 ], [ -58.54027523, -24.96425994 ], [ -58.54043555, -24.96425853 ], [ -58.5419603, -24.96353249 ], [ -58.56100773, -24.96202271 ], [ -58.56632628, -24.96403175 ], [ -58.56634703, -24.96403157 ], [ -58.57562191, -24.96785839 ], [ -58.57562204, -24.96788481 ], [ -58.57719992, -24.96852915 ], [ -58.57495502, -24.97790391 ], [ -58.56988091, -24.97872947 ], [ -58.56886609, -24.98141838 ], [ -58.56753902, -24.98467919 ], [ -58.5665242, -24.98786326 ], [ -58.56087762, -24.99137744 ], [ -58.55710105, -24.99371109 ], [ -58.54606513, -24.99679592 ], [ -58.53397656, -24.99390229 ] ], [ [ -58.81627932, -24.98544405 ], [ -58.81595881, -24.98066159 ], [ -58.81589553, -24.97594369 ], [ -58.81586389, -24.9751693 ], [ -58.81586389, -24.96765465 ], [ -58.81586389, -24.95956203 ], [ -58.82838515, -24.95950149 ], [ -58.82838586, -24.95953791 ], [ -58.83128671, -24.9594948 ], [ -58.83141327, -24.9692472 ], [ -58.83065392, -24.96918984 ], [ -58.830713, -24.98450586 ], [ -58.83078048, -24.98679957 ], [ -58.83056691, -24.98701466 ], [ -58.83032566, -24.98740182 ], [ -58.82995785, -24.98789651 ], [ -58.82970473, -24.98821556 ], [ -58.82957817, -24.98831234 ], [ -58.82929342, -24.98846649 ], [ -58.82881487, -24.98868516 ], [ -58.82834818, -24.98885722 ], [ -58.82794873, -24.98896835 ], [ -58.82761256, -24.9890508 ], [ -58.82730012, -24.98910098 ], [ -58.8270826, -24.98909382 ], [ -58.82693627, -24.98907948 ], [ -58.82665547, -24.98903467 ], [ -58.82638257, -24.98892354 ], [ -58.82607409, -24.9887228 ], [ -58.82586448, -24.98858658 ], [ -58.82565091, -24.98839659 ], [ -58.82539384, -24.98809547 ], [ -58.82518818, -24.98780152 ], [ -58.82484805, -24.98713833 ], [ -58.824765, -24.98687306 ], [ -58.82467008, -24.98665439 ], [ -58.82453166, -24.98645006 ], [ -58.82431414, -24.98617761 ], [ -58.82419153, -24.98600912 ], [ -58.8240452, -24.98584602 ], [ -58.82404574, -24.98584596 ], [ -58.82392655, -24.98569187 ], [ -58.82376044, -24.98552159 ], [ -58.82358642, -24.98540688 ], [ -58.82352315, -24.9853764 ], [ -58.82335506, -24.98526348 ], [ -58.8232463, -24.98520792 ], [ -58.82316522, -24.98514877 ], [ -58.82311381, -24.98510396 ], [ -58.82295363, -24.98503943 ], [ -58.82279148, -24.98499103 ], [ -58.82263921, -24.98495519 ], [ -58.82239598, -24.98492651 ], [ -58.82223976, -24.98492651 ], [ -58.82211321, -24.98492471 ], [ -58.82200247, -24.98490858 ], [ -58.82195698, -24.984905 ], [ -58.8218067, -24.98487901 ], [ -58.82166036, -24.98483241 ], [ -58.82149623, -24.98476429 ], [ -58.82135781, -24.98464958 ], [ -58.821253, -24.98456175 ], [ -58.82115017, -24.98444524 ], [ -58.82106119, -24.98433232 ], [ -58.8209544, -24.98418892 ], [ -58.82090299, -24.98413694 ], [ -58.82067954, -24.98388421 ], [ -58.82058066, -24.98376232 ], [ -58.8204541, -24.9835795 ], [ -58.820375, -24.98346657 ], [ -58.82022669, -24.98319591 ], [ -58.82012387, -24.98295752 ], [ -58.82011398, -24.98292346 ], [ -58.81989052, -24.98244039 ], [ -58.81982131, -24.98225756 ], [ -58.81979165, -24.98213388 ], [ -58.81978572, -24.98202544 ], [ -58.81974617, -24.98194119 ], [ -58.81966311, -24.98184082 ], [ -58.81955237, -24.98174402 ], [ -58.81940406, -24.98167949 ], [ -58.81934474, -24.98166157 ], [ -58.81922214, -24.98164544 ], [ -58.81904021, -24.98165261 ], [ -58.81886026, -24.98168666 ], [ -58.81863878, -24.98177091 ], [ -58.81845883, -24.98186233 ], [ -58.81824922, -24.98202365 ], [ -58.81811673, -24.98213836 ], [ -58.81792096, -24.98236242 ], [ -58.81782011, -24.98251837 ], [ -58.8177153, -24.98274959 ], [ -58.81766389, -24.98285355 ], [ -58.81760258, -24.98298709 ], [ -58.81756699, -24.98316813 ], [ -58.81750371, -24.98342983 ], [ -58.81744834, -24.98361445 ], [ -58.81743648, -24.98367898 ], [ -58.81740681, -24.98389855 ], [ -58.81736924, -24.98414053 ], [ -58.81728026, -24.98436458 ], [ -58.81726246, -24.98446675 ], [ -58.81724268, -24.98463524 ], [ -58.81717347, -24.98478401 ], [ -58.81702912, -24.98500985 ], [ -58.81689663, -24.98519089 ], [ -58.81678984, -24.98529664 ], [ -58.81664549, -24.98535221 ], [ -58.8164596, -24.9854006 ], [ -58.81632118, -24.98544003 ], [ -58.81627932, -24.98544405 ] ], [ [ -58.52750681, -25.21196798 ], [ -58.52448828, -25.22274921 ], [ -58.52440772, -25.22297892 ], [ -58.52361207, -25.22604935 ], [ -58.52360794, -25.22604911 ], [ -58.52356831, -25.22611531 ], [ -58.52346227, -25.2264748 ], [ -58.52331168, -25.22698534 ], [ -58.52146472, -25.22653455 ], [ -58.51896123, -25.22590486 ], [ -58.51674646, -25.22534314 ], [ -58.51575377, -25.22510343 ], [ -58.51375652, -25.22458644 ], [ -58.51144287, -25.22441112 ], [ -58.50601668, -25.22396389 ], [ -58.50552627, -25.22377069 ], [ -58.50343014, -25.22292632 ], [ -58.50342926, -25.22292614 ], [ -58.50170168, -25.2222069 ], [ -58.50332138, -25.21504937 ], [ -58.50574919, -25.20802997 ], [ -58.50575763, -25.20802178 ], [ -58.50579938, -25.20788486 ], [ -58.50599078, -25.20725708 ], [ -58.50601075, -25.20719161 ], [ -58.50955438, -25.20736337 ], [ -58.5165557, -25.2077838 ], [ -58.51670493, -25.20779276 ], [ -58.51827307, -25.20986638 ], [ -58.5182733, -25.20986642 ], [ -58.51841347, -25.20998267 ], [ -58.52356171, -25.21111608 ], [ -58.52628778, -25.2117038 ], [ -58.52643807, -25.21173422 ], [ -58.52709365, -25.21187761 ], [ -58.52750681, -25.21196798 ] ], [ [ -58.76146083, -25.27814803 ], [ -58.75527898, -25.28205928 ], [ -58.75356905, -25.2831738 ], [ -58.75036382, -25.28512604 ], [ -58.74333, -25.28956989 ], [ -58.73377691, -25.27773264 ], [ -58.73292283, -25.27667436 ], [ -58.73289344, -25.27659618 ], [ -58.72839448, -25.27109229 ], [ -58.7430805, -25.25546139 ], [ -58.75378332, -25.26867176 ], [ -58.76146083, -25.27814803 ] ], [ [ -58.80466903, -24.95961647 ], [ -58.80070082, -24.95956929 ], [ -58.80081791, -24.95816563 ], [ -58.8044999, -24.95817742 ], [ -58.80453893, -24.95864924 ], [ -58.80466903, -24.95961647 ] ], [ [ -58.43900143, -25.0262956 ], [ -58.44123925, -25.02502238 ], [ -58.4521681, -25.03204851 ], [ -58.44712001, -25.03553785 ], [ -58.44456994, -25.03261436 ], [ -58.44274847, -25.03346312 ], [ -58.44280051, -25.03138836 ], [ -58.43900143, -25.0262956 ] ], [ [ -58.46462367, -25.25067863 ], [ -58.46459752, -25.25306748 ], [ -58.46434422, -25.25356386 ], [ -58.46299325, -25.25474753 ], [ -58.46100901, -25.25474753 ], [ -58.45847594, -25.25394569 ], [ -58.45844571, -25.2523053 ], [ -58.45843372, -25.25165469 ], [ -58.45953139, -25.25066192 ], [ -58.46463974, -25.24921092 ], [ -58.46462367, -25.25067863 ] ] ] ] } },
{ "type": "Feature", "properties": { "circuito": "00032", "codprov": "09", "coddepto": "003" }, "geometry": { "type": "MultiPolygon", "coordinates": [ [ [ [ -57.66371388, -25.35200453 ], [ -57.66429447, -25.36651987 ], [ -57.66183487, -25.37372044 ], [ -57.65858819, -25.37709834 ], [ -57.65435767, -25.38029837 ], [ -57.65091422, -25.38056503 ], [ -57.64874976, -25.37985393 ], [ -57.64609339, -25.38056503 ], [ -57.64176448, -25.38092059 ], [ -57.6375623, -25.38019743 ], [ -57.63723101, -25.3805235 ], [ -57.63676293, -25.38052316 ], [ -57.6308112, -25.38051895 ], [ -57.62498613, -25.38204103 ], [ -57.61966304, -25.38471685 ], [ -57.61481298, -25.38803822 ], [ -57.61028468, -25.39169614 ], [ -57.60513121, -25.39603517 ], [ -57.6000186, -25.39900457 ], [ -57.59504599, -25.40215662 ], [ -57.59455587, -25.40253184 ], [ -57.59045948, -25.40578344 ], [ -57.58679369, -25.41014452 ], [ -57.58343981, -25.41476998 ], [ -57.58334826, -25.41489155 ], [ -57.58124799, -25.41768068 ], [ -57.58450523, -25.41769345 ], [ -57.58449491, -25.41771615 ], [ -57.58782436, -25.41771615 ], [ -57.62417722, -25.41695533 ], [ -57.6320356, -25.41679087 ], [ -57.7349875, -25.41542508 ], [ -57.73499243, -25.41557642 ], [ -57.77927439, -25.41534819 ], [ -57.77930199, -25.41538312 ], [ -57.79450855, -25.41510629 ], [ -57.79447186, -25.41505928 ], [ -57.82469549, -25.41511377 ], [ -57.82469617, -25.41509931 ], [ -57.82488757, -25.41509931 ], [ -57.82499107, -25.40887282 ], [ -57.82513161, -25.40041833 ], [ -57.82602494, -25.34667784 ], [ -57.82677525, -25.30154118 ], [ -57.82711022, -25.28138989 ], [ -57.82823779, -25.21355853 ], [ -57.7893452, -25.21349838 ], [ -57.75592955, -25.2134467 ], [ -57.75592832, -25.2134505 ], [ -57.75341524, -25.21343479 ], [ -57.75244176, -25.21618281 ], [ -57.75232024, -25.21652586 ], [ -57.75196605, -25.21998947 ], [ -57.75190948, -25.22054262 ], [ -57.74888648, -25.22339473 ], [ -57.74536947, -25.22698568 ], [ -57.74924839, -25.23083563 ], [ -57.74307879, -25.23218342 ], [ -57.73745569, -25.2315844 ], [ -57.73812815, -25.23640631 ], [ -57.73692221, -25.24166496 ], [ -57.73923367, -25.24659714 ], [ -57.73106243, -25.24373795 ], [ -57.72705309, -25.24780713 ], [ -57.72639603, -25.2485502 ], [ -57.72423552, -25.25102427 ], [ -57.72578718, -25.25617378 ], [ -57.72247818, -25.258713 ], [ -57.71862638, -25.26132906 ], [ -57.71290258, -25.26233272 ], [ -57.70851024, -25.26491789 ], [ -57.70877911, -25.27064501 ], [ -57.71032704, -25.27598272 ], [ -57.71245257, -25.28145623 ], [ -57.70660999, -25.28165915 ], [ -57.70382214, -25.28578747 ], [ -57.69942266, -25.28579829 ], [ -57.70221246, -25.29013489 ], [ -57.7072488, -25.29350025 ], [ -57.70358369, -25.29782991 ], [ -57.70243054, -25.30004664 ], [ -57.70099064, -25.30284788 ], [ -57.70119785, -25.30838321 ], [ -57.70125544, -25.31379797 ], [ -57.69916511, -25.31629775 ], [ -57.69759577, -25.31817696 ], [ -57.69512893, -25.32299562 ], [ -57.68993773, -25.3259648 ], [ -57.68505187, -25.3292963 ], [ -57.68172154, -25.33374721 ], [ -57.67809552, -25.33783147 ], [ -57.67637622, -25.34223484 ], [ -57.6728952, -25.34513909 ], [ -57.66857375, -25.34899509 ], [ -57.66371388, -25.35200453 ] ] ] ] } }
]
}
