{
"type": "FeatureCollection",
"name": "SanLuis",
"crs": { "type": "name", "properties": { "name": "urn:ogc:def:crs:OGC:1.3:CRS84" } },
"features": [
{ "type": "Feature", "properties": { "circuito": "00002", "codprov": "19", "coddepto": "001" }, "geometry": { "type": "MultiPolygon", "coordinates": [ [ [ [ -66.28443677, -33.30548011 ], [ -66.28228664, -33.30347181 ], [ -66.28104915, -33.30231595 ], [ -66.28103405, -33.30230184 ], [ -66.28101872, -33.30228752 ], [ -66.28101591, -33.30228109 ], [ -66.28101273, -33.30227382 ], [ -66.27829062, -33.29604485 ], [ -66.27602832, -33.29086808 ], [ -66.27600689, -33.29081903 ], [ -66.26716016, -33.27057515 ], [ -66.26556133, -33.2669166 ], [ -66.26541943, -33.2665919 ], [ -66.25975306, -33.25362582 ], [ -66.25971823, -33.2535461 ], [ -66.25523417, -33.24328503 ], [ -66.25386738, -33.23945896 ], [ -66.25386645, -33.23945637 ], [ -66.25385412, -33.23942185 ], [ -66.25321861, -33.23764242 ], [ -66.25162634, -33.23781719 ], [ -66.25031941, -33.23790199 ], [ -66.24810092, -33.23804595 ], [ -66.21241842, -33.2403614 ], [ -66.21000684, -33.24051788 ], [ -66.21226292, -33.24873001 ], [ -66.21401619, -33.25511192 ], [ -66.21402049, -33.25512754 ], [ -66.19228728, -33.26056084 ], [ -66.17213604, -33.26559865 ], [ -66.17199342, -33.28033619 ], [ -66.1717667, -33.30376465 ], [ -66.17163742, -33.31712316 ], [ -66.1716769, -33.32062177 ], [ -66.1716807, -33.32095925 ], [ -66.17177614, -33.3294172 ], [ -66.17186076, -33.33691491 ], [ -66.23254262, -33.33691491 ], [ -66.23809627, -33.33691491 ], [ -66.24008965, -33.33691491 ], [ -66.24356903, -33.33691491 ], [ -66.2470411, -33.33698538 ], [ -66.24793669, -33.33700355 ], [ -66.24809896, -33.33521861 ], [ -66.25050296, -33.33524172 ], [ -66.25588717, -33.33529349 ], [ -66.25585146, -33.33691491 ], [ -66.28787132, -33.33711904 ], [ -66.28785261, -33.33195914 ], [ -66.28783714, -33.3276908 ], [ -66.28780939, -33.3200354 ], [ -66.28780024, -33.31751094 ], [ -66.287783, -33.31275545 ], [ -66.28737859, -33.31187618 ], [ -66.28443704, -33.3054807 ], [ -66.28443677, -33.30548011 ] ] ] ] } },
{ "type": "Feature", "properties": { "circuito": "00003", "codprov": "19", "coddepto": "001" }, "geometry": { "type": "MultiPolygon", "coordinates": [ [ [ [ -66.25973309, -33.17369245 ], [ -66.26227797, -33.17757674 ], [ -66.2625713, -33.17837282 ], [ -66.26248555, -33.17939183 ], [ -66.26229777, -33.18162329 ], [ -66.26201916, -33.18154526 ], [ -66.26174633, -33.18133519 ], [ -66.26145471, -33.18115381 ], [ -66.26112702, -33.18113384 ], [ -66.26083622, -33.18127917 ], [ -66.26056655, -33.18148914 ], [ -66.26037234, -33.18173091 ], [ -66.26028938, -33.18234435 ], [ -66.26027987, -33.18242187 ], [ -66.2601632, -33.18275139 ], [ -66.26009569, -33.18294206 ], [ -66.25992545, -33.18342141 ], [ -66.25992855, -33.1835372 ], [ -66.25993894, -33.18377791 ], [ -66.25995452, -33.18387805 ], [ -66.25998636, -33.18408271 ], [ -66.25998482, -33.18414269 ], [ -66.259979, -33.18437012 ], [ -66.25998641, -33.18455103 ], [ -66.2599971, -33.18471246 ], [ -66.26017573, -33.18493805 ], [ -66.26066002, -33.18534862 ], [ -66.2608804, -33.1855527 ], [ -66.26117252, -33.18563644 ], [ -66.26145088, -33.18573097 ], [ -66.26163047, -33.18593182 ], [ -66.26164673, -33.18620458 ], [ -66.26158615, -33.18651189 ], [ -66.26164454, -33.18682856 ], [ -66.26160597, -33.1871586 ], [ -66.26141925, -33.1873976 ], [ -66.26110846, -33.18754713 ], [ -66.2608833, -33.18777099 ], [ -66.26088434, -33.18783318 ], [ -66.26167419, -33.18903374 ], [ -66.26405086, -33.19264628 ], [ -66.26360099, -33.19574536 ], [ -66.26205636, -33.20638615 ], [ -66.2689263, -33.21813152 ], [ -66.26889034, -33.21816234 ], [ -66.26911764, -33.21853866 ], [ -66.26800713, -33.2194124 ], [ -66.2642832, -33.22234237 ], [ -66.2645751, -33.22837492 ], [ -66.26479407, -33.2329002 ], [ -66.26484678, -33.23398954 ], [ -66.26497668, -33.23586027 ], [ -66.27006596, -33.23584526 ], [ -66.27221391, -33.23583892 ], [ -66.28971782, -33.23578729 ], [ -66.34490964, -33.23562448 ], [ -66.37235071, -33.23554353 ], [ -66.38110781, -33.2355177 ], [ -66.38367946, -33.23551011 ], [ -66.39454651, -33.23547806 ], [ -66.39561782, -33.2354749 ], [ -66.40110672, -33.2316924 ], [ -66.40197876, -33.23117102 ], [ -66.41062088, -33.22325622 ], [ -66.4442329, -33.19247293 ], [ -66.45457335, -33.18300271 ], [ -66.50181971, -33.13973253 ], [ -66.51265852, -33.1298059 ], [ -66.51320732, -33.12930329 ], [ -66.49556038, -33.12930329 ], [ -66.4704928, -33.12930329 ], [ -66.46941042, -33.12573189 ], [ -66.46862068, -33.12312605 ], [ -66.44512005, -33.12277491 ], [ -66.43981553, -33.12269565 ], [ -66.39537113, -33.12269565 ], [ -66.39096604, -33.12875266 ], [ -66.36934119, -33.12984758 ], [ -66.3692159, -33.12985393 ], [ -66.36118335, -33.12820017 ], [ -66.36107986, -33.12817886 ], [ -66.36093318, -33.12814882 ], [ -66.35985433, -33.1279267 ], [ -66.34361056, -33.12957861 ], [ -66.34223397, -33.12627479 ], [ -66.3215851, -33.12957861 ], [ -66.31525278, -33.12930329 ], [ -66.30121155, -33.12517352 ], [ -66.28689501, -33.12655011 ], [ -66.28661969, -33.13343306 ], [ -66.27560696, -33.13508497 ], [ -66.26679678, -33.1339837 ], [ -66.25605937, -33.13893943 ], [ -66.24511323, -33.137852 ], [ -66.21663242, -33.13502261 ], [ -66.21663582, -33.1351819 ], [ -66.21698831, -33.13578278 ], [ -66.21758322, -33.13679687 ], [ -66.21874139, -33.13877112 ], [ -66.22035891, -33.14152837 ], [ -66.22255655, -33.14527453 ], [ -66.22424151, -33.14814676 ], [ -66.22478574, -33.14907447 ], [ -66.22486453, -33.14920877 ], [ -66.22494614, -33.14934788 ], [ -66.22533296, -33.15000726 ], [ -66.2253426, -33.15002369 ], [ -66.22535686, -33.15010757 ], [ -66.22542987, -33.15053682 ], [ -66.22693701, -33.15939824 ], [ -66.22771788, -33.16398944 ], [ -66.22830297, -33.16742957 ], [ -66.22848022, -33.1684717 ], [ -66.22860147, -33.16918462 ], [ -66.22860357, -33.16919697 ], [ -66.2397327, -33.17025459 ], [ -66.25298158, -33.17151365 ], [ -66.25846451, -33.17175734 ], [ -66.25846902, -33.17176423 ], [ -66.25846978, -33.17176425 ], [ -66.25973309, -33.17369245 ] ], [ [ -66.29843025, -33.17563859 ], [ -66.298431, -33.17563859 ], [ -66.29856039, -33.17564547 ], [ -66.29843025, -33.17563859 ] ], [ [ -66.29419367, -33.17511456 ], [ -66.29419442, -33.17511456 ], [ -66.2943835, -33.17512105 ], [ -66.29419367, -33.17511456 ] ], [ [ -66.29390274, -33.17511446 ], [ -66.29390349, -33.17511446 ], [ -66.29419367, -33.17511456 ], [ -66.29390274, -33.17511446 ] ], [ [ -66.29114252, -33.17484295 ], [ -66.29114327, -33.17484295 ], [ -66.29132189, -33.17484861 ], [ -66.29114252, -33.17484295 ] ], [ [ -66.29015854, -33.17398077 ], [ -66.29015929, -33.17398077 ], [ -66.2902665, -33.17398714 ], [ -66.29015854, -33.17398077 ] ], [ [ -66.28462811, -33.17322727 ], [ -66.28462886, -33.17322727 ], [ -66.2848083, -33.17323568 ], [ -66.28462811, -33.17322727 ] ], [ [ -66.28327441, -33.17299732 ], [ -66.28327516, -33.17299732 ], [ -66.28338052, -33.17299733 ], [ -66.28327441, -33.17299732 ] ] ] ] } },
{ "type": "Feature", "properties": { "circuito": "00066", "codprov": "19", "coddepto": "006" }, "geometry": { "type": "MultiPolygon", "coordinates": [ [ [ [ -65.39065066, -32.00608823 ], [ -65.38533492, -32.00849749 ], [ -65.36011675, -32.01992715 ], [ -65.34414966, -32.02716399 ], [ -65.34072281, -32.02871716 ], [ -65.33146024, -32.03291527 ], [ -65.32788613, -32.03485203 ], [ -65.32682608, -32.03542646 ], [ -65.31928824, -32.03951111 ], [ -65.31865531, -32.03985408 ], [ -65.31775285, -32.04034311 ], [ -65.31770637, -32.04033842 ], [ -65.31736473, -32.0403039 ], [ -65.31724296, -32.0402916 ], [ -65.31694553, -32.0402916 ], [ -65.31682342, -32.04026718 ], [ -65.3166481, -32.04023211 ], [ -65.3166218, -32.04022773 ], [ -65.31629118, -32.04017263 ], [ -65.3161331, -32.04027801 ], [ -65.3157558, -32.04052955 ], [ -65.31512799, -32.0410835 ], [ -65.3148815, -32.04130099 ], [ -65.3147634, -32.04138922 ], [ -65.31472084, -32.04142102 ], [ -65.3147135, -32.0414265 ], [ -65.31441995, -32.04147053 ], [ -65.31376189, -32.04156924 ], [ -65.3135548, -32.0416003 ], [ -65.31301942, -32.04154082 ], [ -65.31294113, -32.04168174 ], [ -65.31281463, -32.04190943 ], [ -65.31270796, -32.04210145 ], [ -65.31269509, -32.04212461 ], [ -65.31264381, -32.04221691 ], [ -65.31250644, -32.0424692 ], [ -65.31242378, -32.04261936 ], [ -65.31239722, -32.04266759 ], [ -65.31220998, -32.04314374 ], [ -65.31235041, -32.04361988 ], [ -65.31234993, -32.04362624 ], [ -65.3123499, -32.04362675 ], [ -65.31230817, -32.04418317 ], [ -65.31230558, -32.04421771 ], [ -65.31230253, -32.04422688 ], [ -65.31228809, -32.04427017 ], [ -65.312177, -32.04460347 ], [ -65.31199265, -32.04515652 ], [ -65.31194866, -32.04528847 ], [ -65.31143417, -32.0455743 ], [ -65.31142085, -32.0455817 ], [ -65.31141328, -32.0455859 ], [ -65.31131341, -32.04593547 ], [ -65.311296, -32.0459964 ], [ -65.31129431, -32.04600231 ], [ -65.31128135, -32.04611248 ], [ -65.31127808, -32.04614024 ], [ -65.31123977, -32.04620158 ], [ -65.31115675, -32.04633449 ], [ -65.31114099, -32.04656827 ], [ -65.31112555, -32.04679739 ], [ -65.31117622, -32.04700603 ], [ -65.31100424, -32.04773057 ], [ -65.3108779, -32.04826279 ], [ -65.3108779, -32.04897577 ], [ -65.3108779, -32.04897663 ], [ -65.31063996, -32.04945252 ], [ -65.31046574, -32.04980096 ], [ -65.3104615, -32.04980944 ], [ -65.3104615, -32.05040304 ], [ -65.3104615, -32.05040431 ], [ -65.31040201, -32.05105866 ], [ -65.31039465, -32.05110284 ], [ -65.31028304, -32.0517725 ], [ -65.31022663, -32.05244941 ], [ -65.31022355, -32.05248634 ], [ -65.31022256, -32.05248831 ], [ -65.31012723, -32.05267898 ], [ -65.31010458, -32.05272428 ], [ -65.30992612, -32.05320018 ], [ -65.30943507, -32.05355731 ], [ -65.30927478, -32.05367388 ], [ -65.30927177, -32.05367607 ], [ -65.30909331, -32.05367607 ], [ -65.30831998, -32.05367607 ], [ -65.3077846, -32.05361658 ], [ -65.30761558, -32.05348981 ], [ -65.30754666, -32.05343812 ], [ -65.30695179, -32.05325966 ], [ -65.3069405, -32.05325795 ], [ -65.30576359, -32.05307963 ], [ -65.30498874, -32.05296223 ], [ -65.30397747, -32.05337864 ], [ -65.30380826, -32.05354784 ], [ -65.30356106, -32.05379504 ], [ -65.30350879, -32.05403027 ], [ -65.30349536, -32.0540907 ], [ -65.30334337, -32.05431256 ], [ -65.30326588, -32.05450958 ], [ -65.30321854, -32.05462995 ], [ -65.30319193, -32.05473018 ], [ -65.30318376, -32.05476097 ], [ -65.30308517, -32.05492528 ], [ -65.30271241, -32.05545781 ], [ -65.30266876, -32.05552015 ], [ -65.30242865, -32.05590434 ], [ -65.30237133, -32.05599604 ], [ -65.30214415, -32.05602444 ], [ -65.30208125, -32.0560323 ], [ -65.3017035, -32.05607952 ], [ -65.30153583, -32.05610048 ], [ -65.30141955, -32.05611501 ], [ -65.30141533, -32.05611984 ], [ -65.3014132, -32.05612227 ], [ -65.30135675, -32.05618678 ], [ -65.30100314, -32.05659091 ], [ -65.30005136, -32.05694783 ], [ -65.29948153, -32.05729134 ], [ -65.29945121, -32.05730752 ], [ -65.29925784, -32.05741071 ], [ -65.29906452, -32.05752348 ], [ -65.29905071, -32.05753154 ], [ -65.29862368, -32.05778064 ], [ -65.29857527, -32.05781804 ], [ -65.29760432, -32.05856833 ], [ -65.29731498, -32.05879191 ], [ -65.29730926, -32.05880397 ], [ -65.2971775, -32.05908214 ], [ -65.29696801, -32.05952438 ], [ -65.2967796, -32.05992215 ], [ -65.29648216, -32.0601601 ], [ -65.29648072, -32.0601593 ], [ -65.29596371, -32.05987207 ], [ -65.29594679, -32.05986267 ], [ -65.29574816, -32.05933301 ], [ -65.29559155, -32.05891536 ], [ -65.29558987, -32.05891088 ], [ -65.29558987, -32.05843499 ], [ -65.29547089, -32.05766167 ], [ -65.29543833, -32.05758569 ], [ -65.29536127, -32.05740587 ], [ -65.29529817, -32.05725865 ], [ -65.29529243, -32.05724526 ], [ -65.29512987, -32.05722494 ], [ -65.29481654, -32.05718577 ], [ -65.29415898, -32.0574488 ], [ -65.29392424, -32.05754269 ], [ -65.29366019, -32.05780674 ], [ -65.29321265, -32.05825428 ], [ -65.29321041, -32.05825653 ], [ -65.29309143, -32.05897037 ], [ -65.29305774, -32.05918376 ], [ -65.2930222, -32.05940884 ], [ -65.29296433, -32.05977538 ], [ -65.29291297, -32.06010061 ], [ -65.29315092, -32.06081445 ], [ -65.29315092, -32.06134616 ], [ -65.29315092, -32.06163588 ], [ -65.29315092, -32.06164726 ], [ -65.29306019, -32.0619648 ], [ -65.29291297, -32.06248007 ], [ -65.29239253, -32.06284439 ], [ -65.29231811, -32.06289648 ], [ -65.29230826, -32.06289648 ], [ -65.29136632, -32.06289648 ], [ -65.29023608, -32.06307494 ], [ -65.29013953, -32.06310364 ], [ -65.28991716, -32.06316975 ], [ -65.28803508, -32.06372929 ], [ -65.28708329, -32.06390775 ], [ -65.28640651, -32.0642123 ], [ -65.28620835, -32.06430148 ], [ -65.28593534, -32.06442433 ], [ -65.28589356, -32.06444313 ], [ -65.28404948, -32.06557337 ], [ -65.28345462, -32.06622772 ], [ -65.28297872, -32.0667631 ], [ -65.28243777, -32.06719586 ], [ -65.28207348, -32.0674873 ], [ -65.28178899, -32.06771489 ], [ -65.28113829, -32.06817293 ], [ -65.28101112, -32.06826246 ], [ -65.28093554, -32.06831565 ], [ -65.28087348, -32.06837161 ], [ -65.28057054, -32.06864478 ], [ -65.28048029, -32.06872616 ], [ -65.28034505, -32.06872616 ], [ -65.28033681, -32.06872616 ], [ -65.2800044, -32.06872616 ], [ -65.27999106, -32.0687395 ], [ -65.27982128, -32.06890928 ], [ -65.27970696, -32.06902359 ], [ -65.27905261, -32.06938051 ], [ -65.27901625, -32.06943142 ], [ -65.27888191, -32.06961949 ], [ -65.27875518, -32.06979691 ], [ -65.27798186, -32.07057024 ], [ -65.27790758, -32.07066308 ], [ -65.27750596, -32.07116511 ], [ -65.2770535, -32.0715673 ], [ -65.27697058, -32.071641 ], [ -65.27650397, -32.07172334 ], [ -65.27595931, -32.07181946 ], [ -65.27447215, -32.07229535 ], [ -65.27433177, -32.07250592 ], [ -65.2742342, -32.07265227 ], [ -65.27372926, -32.07275857 ], [ -65.27310396, -32.07289021 ], [ -65.27277978, -32.07303204 ], [ -65.27264301, -32.07309188 ], [ -65.27215218, -32.07330662 ], [ -65.27135874, -32.07367028 ], [ -65.2707614, -32.07394406 ], [ -65.2707245, -32.07396097 ], [ -65.27047901, -32.07423374 ], [ -65.27020289, -32.07454054 ], [ -65.27019459, -32.07454976 ], [ -65.27020007, -32.07456152 ], [ -65.27020006, -32.07456153 ], [ -65.27169976, -32.07800564 ], [ -65.27611972, -32.09071805 ], [ -65.28336949, -32.10245174 ], [ -65.29317122, -32.11275535 ], [ -65.30514852, -32.12123239 ], [ -65.3188409, -32.12755654 ], [ -65.33372148, -32.13148431 ], [ -65.34921733, -32.13286442 ], [ -65.36473171, -32.13164372 ], [ -65.3796671, -32.1278692 ], [ -65.39246616, -32.12212697 ], [ -65.4055454, -32.11333274 ], [ -65.41549278, -32.10313041 ], [ -65.42290855, -32.09147181 ], [ -65.42750841, -32.07880543 ], [ -65.42911667, -32.06561836 ], [ -65.42767278, -32.05241749 ], [ -65.42323351, -32.03971005 ], [ -65.41597055, -32.02798408 ], [ -65.40616376, -32.01768977 ], [ -65.3952273, -32.00995567 ], [ -65.39065066, -32.00608823 ] ] ] ] } },
{ "type": "Feature", "properties": { "circuito": "03015", "codprov": "19", "coddepto": "003" }, "geometry": { "type": "MultiPolygon", "coordinates": [ [ [ [ -65.45975536, -33.72266968 ], [ -65.4635693, -33.71948978 ], [ -65.46099854, -33.70916748 ], [ -65.4565833, -33.69123888 ], [ -65.4397149, -33.69512001 ], [ -65.44549561, -33.7154541 ], [ -65.45014017, -33.7306864 ], [ -65.45975536, -33.72266968 ] ] ] ] } },
{ "type": "Feature", "properties": { "circuito": "03404", "codprov": "19", "coddepto": "003" }, "geometry": { "type": "MultiPolygon", "coordinates": [ [ [ [ -65.1741333, -33.86010742 ], [ -65.17785645, -33.86517334 ], [ -65.18347168, -33.86230469 ], [ -65.17972265, -33.85721944 ], [ -65.1741333, -33.86010742 ] ] ] ] } },
{ "type": "Feature", "properties": { "circuito": "03403", "codprov": "19", "coddepto": "003" }, "geometry": { "type": "MultiPolygon", "coordinates": [ [ [ [ -65.18347168, -33.86230469 ], [ -65.18798828, -33.86010742 ], [ -65.18798727, -33.86010601 ], [ -65.18426514, -33.85491943 ], [ -65.17972265, -33.85721944 ], [ -65.18347168, -33.86230469 ] ] ] ] } },
{ "type": "Feature", "properties": { "circuito": "1021B", "codprov": "19", "coddepto": "001" }, "geometry": { "type": "MultiPolygon", "coordinates": [ [ [ [ -66.40390779, -33.37170781 ], [ -66.40085945, -33.3678518 ], [ -66.39119694, -33.36095327 ], [ -66.38482379, -33.3549456 ], [ -66.38165701, -33.35157248 ], [ -66.37801168, -33.34887132 ], [ -66.3704824, -33.34320363 ], [ -66.3663231, -33.34000563 ], [ -66.36240175, -33.33700275 ], [ -66.36129292, -33.33577019 ], [ -66.35934176, -33.33304809 ], [ -66.35816631, -33.33167752 ], [ -66.35663584, -33.33015752 ], [ -66.35369261, -33.32725794 ], [ -66.35312946, -33.32681105 ], [ -66.35060533, -33.32503502 ], [ -66.34750645, -33.3225454 ], [ -66.34795117, -33.31901934 ], [ -66.34594524, -33.31846053 ], [ -66.34454426, -33.31804637 ], [ -66.34359694, -33.31775166 ], [ -66.34282175, -33.31756218 ], [ -66.34280159, -33.31755667 ], [ -66.34260885, -33.31777992 ], [ -66.34187442, -33.31923376 ], [ -66.34143139, -33.31968283 ], [ -66.34083339, -33.34383358 ], [ -66.34014319, -33.37170781 ], [ -66.40390779, -33.37170781 ] ] ] ] } },
{ "type": "Feature", "properties": { "circuito": "01020", "codprov": "19", "coddepto": "001" }, "geometry": { "type": "MultiPolygon", "coordinates": [ [ [ [ -66.394997, -33.31262523 ], [ -66.39246149, -33.31275525 ], [ -66.38986097, -33.31236517 ], [ -66.38361971, -33.31138998 ], [ -66.37477792, -33.31047979 ], [ -66.37062735, -33.30892938 ], [ -66.36394419, -33.30828032 ], [ -66.35935964, -33.30776572 ], [ -66.35519103, -33.30720988 ], [ -66.35235513, -33.30682999 ], [ -66.35130482, -33.30687376 ], [ -66.34983307, -33.3066825 ], [ -66.34969347, -33.30757863 ], [ -66.34954611, -33.30898931 ], [ -66.34941161, -33.31032888 ], [ -66.34924325, -33.31197501 ], [ -66.34910907, -33.31301645 ], [ -66.3489914, -33.31371582 ], [ -66.34882597, -33.31443795 ], [ -66.34839753, -33.31576199 ], [ -66.34827264, -33.31668952 ], [ -66.3481225, -33.31779691 ], [ -66.34797079, -33.31902481 ], [ -66.34795117, -33.31901934 ], [ -66.34750645, -33.3225454 ], [ -66.35060533, -33.32503502 ], [ -66.35312946, -33.32681105 ], [ -66.35369261, -33.32725794 ], [ -66.35663584, -33.33015752 ], [ -66.35816631, -33.33167752 ], [ -66.35934176, -33.33304809 ], [ -66.36129292, -33.33577019 ], [ -66.36240175, -33.33700275 ], [ -66.3663231, -33.34000563 ], [ -66.3704824, -33.34320363 ], [ -66.37801168, -33.34887132 ], [ -66.38165701, -33.35157248 ], [ -66.38482379, -33.3549456 ], [ -66.39119694, -33.36095327 ], [ -66.40085945, -33.3678518 ], [ -66.40390779, -33.37170781 ], [ -66.41518943, -33.37170781 ], [ -66.41518939, -33.33361001 ], [ -66.41518939, -33.33324192 ], [ -66.41518943, -33.30585988 ], [ -66.41166098, -33.30678454 ], [ -66.40876678, -33.30833436 ], [ -66.40415085, -33.3095046 ], [ -66.40122526, -33.31067483 ], [ -66.39582917, -33.31243019 ], [ -66.394997, -33.31262523 ] ] ] ] } },
{ "type": "Feature", "properties": { "circuito": "00062", "codprov": "19", "coddepto": "005" }, "geometry": { "type": "MultiPolygon", "coordinates": [ [ [ [ -65.52023691, -32.69524501 ], [ -65.53521967, -32.69914972 ], [ -65.55081617, -32.70050595 ], [ -65.56642573, -32.69926147 ], [ -65.58144716, -32.69546419 ], [ -65.59530208, -32.68926034 ], [ -65.60745728, -32.68088879 ], [ -65.61744536, -32.67067179 ], [ -65.62488273, -32.65900253 ], [ -65.6294843, -32.64632993 ], [ -65.63107433, -32.6331413 ], [ -65.62959303, -32.6199436 ], [ -65.62509863, -32.60724391 ], [ -65.62160582, -32.60065645 ], [ -65.57840815, -32.57001247 ], [ -65.56706501, -32.56660944 ], [ -65.55149143, -32.5652554 ], [ -65.53590496, -32.56649825 ], [ -65.52090327, -32.57029034 ], [ -65.50706175, -32.57648621 ], [ -65.49491156, -32.58484823 ], [ -65.48491933, -32.59505558 ], [ -65.4774693, -32.60671655 ], [ -65.47284848, -32.61938348 ], [ -65.47123553, -32.63256992 ], [ -65.47269374, -32.64576925 ], [ -65.47716839, -32.65847413 ], [ -65.48448865, -32.67019603 ], [ -65.49437397, -32.68048403 ], [ -65.50644476, -32.68894222 ], [ -65.52023691, -32.69524501 ] ] ] ] } },
{ "type": "Feature", "properties": { "circuito": "00060", "codprov": "19", "coddepto": "005" }, "geometry": { "type": "MultiPolygon", "coordinates": [ [ [ [ -65.5738322, -32.56269303 ], [ -65.57840815, -32.57001247 ], [ -65.62160582, -32.60065645 ], [ -65.63186641, -32.6033244 ], [ -65.64525723, -32.60447968 ], [ -65.66303956, -32.60341189 ], [ -65.67804097, -32.59960285 ], [ -65.68877863, -32.59477914 ], [ -65.7036993, -32.48893216 ], [ -65.69395708, -32.48211651 ], [ -65.62965289, -32.47136875 ], [ -65.6174254, -32.4744731 ], [ -65.60360514, -32.48067987 ], [ -65.59147678, -32.48905152 ], [ -65.58150613, -32.49926689 ], [ -65.57407658, -32.51093394 ], [ -65.56947436, -32.52360478 ], [ -65.56787743, -32.5367928 ], [ -65.56934845, -32.54999132 ], [ -65.5738322, -32.56269303 ] ] ] ] } },
{ "type": "Feature", "properties": { "circuito": "00053", "codprov": "19", "coddepto": "005" }, "geometry": { "type": "MultiPolygon", "coordinates": [ [ [ [ -65.81835939, -32.57259831 ], [ -65.82292927, -32.5599183 ], [ -65.82448937, -32.5467269 ], [ -65.82298106, -32.53353118 ], [ -65.81846359, -32.52083812 ], [ -65.81111169, -32.50913523 ], [ -65.79907363, -32.49738123 ], [ -65.78913523, -32.49044163 ], [ -65.77535523, -32.48416822 ], [ -65.76039747, -32.48029217 ], [ -65.74483566, -32.47896212 ], [ -65.72926654, -32.48022906 ], [ -65.71428713, -32.48404441 ], [ -65.7036993, -32.48893216 ], [ -65.68877863, -32.59477914 ], [ -65.70009829, -32.60272203 ], [ -65.71389105, -32.60900363 ], [ -65.72886809, -32.61288523 ], [ -65.74445276, -32.61421735 ], [ -65.76004484, -32.61294866 ], [ -65.77504381, -32.60912804 ], [ -65.78887217, -32.60290259 ], [ -65.80262689, -32.59283791 ], [ -65.81095427, -32.58427934 ], [ -65.81835939, -32.57259831 ] ] ] ] } },
{ "type": "Feature", "properties": { "circuito": "00052", "codprov": "19", "coddepto": "005" }, "geometry": { "type": "MultiPolygon", "coordinates": [ [ [ [ -65.69171787, -32.35006717 ], [ -65.67617946, -32.34872875 ], [ -65.66063182, -32.34998737 ], [ -65.64567114, -32.35379476 ], [ -65.63187126, -32.36000489 ], [ -65.61976174, -32.36837957 ], [ -65.60980767, -32.3785975 ], [ -65.60239182, -32.39026655 ], [ -65.59779987, -32.40293875 ], [ -65.5962094, -32.41612744 ], [ -65.59768279, -32.42932589 ], [ -65.60216474, -32.44202682 ], [ -65.60948411, -32.45374183 ], [ -65.61936039, -32.46402028 ], [ -65.62965289, -32.47136875 ], [ -65.69395708, -32.48211651 ], [ -65.70624658, -32.47891304 ], [ -65.72005962, -32.47269495 ], [ -65.73217397, -32.4643108 ], [ -65.74212383, -32.45408332 ], [ -65.74952705, -32.44240609 ], [ -65.75409988, -32.42972833 ], [ -65.75566766, -32.41653754 ], [ -65.75417144, -32.40334078 ], [ -65.74967002, -32.39064506 ], [ -65.74233749, -32.378938 ], [ -65.73245638, -32.36866903 ], [ -65.72040668, -32.36023224 ], [ -65.70665121, -32.35395132 ], [ -65.69171787, -32.35006717 ] ] ] ] } },
{ "type": "Feature", "properties": { "circuito": "00061", "codprov": "19", "coddepto": "005" }, "geometry": { "type": "MultiPolygon", "coordinates": [ [ [ [ -65.70866432, -32.8543363 ], [ -65.71223678, -32.85669005 ], [ -65.72606944, -32.86297028 ], [ -65.74108948, -32.86685049 ], [ -65.75671859, -32.86818125 ], [ -65.77235481, -32.86691129 ], [ -65.78739594, -32.86308953 ], [ -65.80126281, -32.85686313 ], [ -65.81342178, -32.84847183 ], [ -65.8234053, -32.83823867 ], [ -65.83082997, -32.82655744 ], [ -65.8354112, -32.81387752 ], [ -65.83697406, -32.80068651 ], [ -65.83545981, -32.78749145 ], [ -65.83092796, -32.77479931 ], [ -65.82355379, -32.76309754 ], [ -65.81362143, -32.75283537 ], [ -65.80151286, -32.74440663 ], [ -65.78769314, -32.73813467 ], [ -65.77269263, -32.73426006 ], [ -65.75708667, -32.73293137 ], [ -65.74147369, -32.73419956 ], [ -65.72645236, -32.73801599 ], [ -65.71259883, -32.74423429 ], [ -65.70044472, -32.75261596 ], [ -65.69045682, -32.76283943 ], [ -65.68301921, -32.77451239 ], [ -65.67841844, -32.78718671 ], [ -65.67683243, -32.80037564 ], [ -65.67832343, -32.81357247 ], [ -65.68283548, -32.82626995 ], [ -65.70866432, -32.8543363 ] ] ] ] } },
{ "type": "Feature", "properties": { "circuito": "00058", "codprov": "19", "coddepto": "005" }, "geometry": { "type": "MultiPolygon", "coordinates": [ [ [ [ -65.50084345, -32.44707716 ], [ -65.51640973, -32.44583844 ], [ -65.53139088, -32.44204663 ], [ -65.54521007, -32.43584774 ], [ -65.55733546, -32.42748045 ], [ -65.56730082, -32.41726683 ], [ -65.57472342, -32.40559995 ], [ -65.57931871, -32.39292863 ], [ -65.5809112, -32.37974012 ], [ -65.57944097, -32.36654139 ], [ -65.57496582, -32.35383956 ], [ -65.56765883, -32.34212246 ], [ -65.55836774, -32.33243063 ], [ -65.54577309, -32.32338658 ], [ -65.53468245, -32.31830078 ], [ -65.51711584, -32.313182 ], [ -65.50158656, -32.31182214 ], [ -65.48604308, -32.31305929 ], [ -65.47108146, -32.31684599 ], [ -65.45727555, -32.323037 ], [ -65.44515514, -32.33139486 ], [ -65.43518574, -32.34159891 ], [ -65.42775069, -32.35325756 ], [ -65.4231364, -32.36592324 ], [ -65.4215213, -32.37910954 ], [ -65.42296872, -32.39230985 ], [ -65.42742434, -32.40501679 ], [ -65.43471806, -32.41674177 ], [ -65.44457033, -32.42703374 ], [ -65.45660284, -32.43549665 ], [ -65.47035295, -32.44180474 ], [ -65.48529154, -32.44571511 ], [ -65.50084345, -32.44707716 ] ] ] ] } },
{ "type": "Feature", "properties": { "circuito": "01019", "codprov": "19", "coddepto": "001" }, "geometry": { "type": "MultiPolygon", "coordinates": [ [ [ [ -66.34619568, -33.30435999 ], [ -66.34576221, -33.30601547 ], [ -66.34547803, -33.30703139 ], [ -66.34516194, -33.30820951 ], [ -66.34478887, -33.30956458 ], [ -66.3444036, -33.31102307 ], [ -66.34416356, -33.31195306 ], [ -66.34397464, -33.31268478 ], [ -66.34377083, -33.31346966 ], [ -66.34358066, -33.31420636 ], [ -66.34329434, -33.3153465 ], [ -66.34308947, -33.31625714 ], [ -66.34282863, -33.31752534 ], [ -66.34359694, -33.31775166 ], [ -66.34454426, -33.31804637 ], [ -66.34594524, -33.31846053 ], [ -66.34795117, -33.31901934 ], [ -66.3481225, -33.31779691 ], [ -66.34827264, -33.31668952 ], [ -66.34839753, -33.31576199 ], [ -66.34882597, -33.31443795 ], [ -66.3489914, -33.31371582 ], [ -66.34910907, -33.31301645 ], [ -66.34924325, -33.31197501 ], [ -66.34941161, -33.31032888 ], [ -66.34954611, -33.30898931 ], [ -66.34969347, -33.30757863 ], [ -66.34983307, -33.3066825 ], [ -66.35130482, -33.30687376 ], [ -66.35235513, -33.30682999 ], [ -66.35156931, -33.30623043 ], [ -66.35061052, -33.30573328 ], [ -66.34975827, -33.30502307 ], [ -66.34878935, -33.30372081 ], [ -66.34650738, -33.30332569 ], [ -66.34619568, -33.30435999 ] ] ] ] } },
{ "type": "Feature", "properties": { "circuito": "01018", "codprov": "19", "coddepto": "001" }, "geometry": { "type": "MultiPolygon", "coordinates": [ [ [ [ -66.33887777, -33.30310631 ], [ -66.33836274, -33.30472473 ], [ -66.33813737, -33.3054075 ], [ -66.33793196, -33.30608025 ], [ -66.33766369, -33.30718505 ], [ -66.33746316, -33.30834283 ], [ -66.33716807, -33.30969404 ], [ -66.33689357, -33.3108945 ], [ -66.33662408, -33.31211789 ], [ -66.33514359, -33.31185808 ], [ -66.33437348, -33.31163477 ], [ -66.33355741, -33.31139147 ], [ -66.33247759, -33.31107727 ], [ -66.33070807, -33.31057253 ], [ -66.32968565, -33.31027575 ], [ -66.32845772, -33.30991766 ], [ -66.32752932, -33.3098634 ], [ -66.32895662, -33.31101488 ], [ -66.33015349, -33.3117428 ], [ -66.33019838, -33.31176999 ], [ -66.33101698, -33.31226586 ], [ -66.33160678, -33.31262002 ], [ -66.33214731, -33.31294758 ], [ -66.33314557, -33.31355713 ], [ -66.33453499, -33.31440786 ], [ -66.33544415, -33.31495353 ], [ -66.33621496, -33.31538581 ], [ -66.33735492, -33.31591394 ], [ -66.33893273, -33.31646165 ], [ -66.34006464, -33.31678986 ], [ -66.34093119, -33.31704468 ], [ -66.34163019, -33.31723631 ], [ -66.34282863, -33.31752534 ], [ -66.34308947, -33.31625714 ], [ -66.34329434, -33.3153465 ], [ -66.34358066, -33.31420636 ], [ -66.34377083, -33.31346966 ], [ -66.34397464, -33.31268478 ], [ -66.34416356, -33.31195306 ], [ -66.3444036, -33.31102307 ], [ -66.34478887, -33.30956458 ], [ -66.34516194, -33.30820951 ], [ -66.34547803, -33.30703139 ], [ -66.34576221, -33.30601547 ], [ -66.34619568, -33.30435999 ], [ -66.34650738, -33.30332569 ], [ -66.33928199, -33.30186005 ], [ -66.33887777, -33.30310631 ] ] ] ] } },
{ "type": "Feature", "properties": { "circuito": "1022F", "codprov": "19", "coddepto": "001" }, "geometry": { "type": "MultiPolygon", "coordinates": [ [ [ [ -66.30182349, -33.32698075 ], [ -66.28783714, -33.3276908 ], [ -66.28785261, -33.33195914 ], [ -66.28787132, -33.33711904 ], [ -66.25585146, -33.33691491 ], [ -66.25585126, -33.33691491 ], [ -66.25585126, -33.33692424 ], [ -66.25585126, -33.34153839 ], [ -66.25585126, -33.34713987 ], [ -66.25585126, -33.37170781 ], [ -66.31580571, -33.37170781 ], [ -66.31639051, -33.3686463 ], [ -66.31677552, -33.36688896 ], [ -66.31677403, -33.36428557 ], [ -66.31672242, -33.36297167 ], [ -66.31659512, -33.35975895 ], [ -66.31649175, -33.35781059 ], [ -66.3161989, -33.35515854 ], [ -66.31597008, -33.35298945 ], [ -66.31610582, -33.35106735 ], [ -66.31641659, -33.34856729 ], [ -66.31664536, -33.34666439 ], [ -66.31695558, -33.34441854 ], [ -66.31774892, -33.34109112 ], [ -66.31809091, -33.33999569 ], [ -66.31914611, -33.33700241 ], [ -66.32387762, -33.32603343 ], [ -66.31751642, -33.32601994 ], [ -66.31583218, -33.32603271 ], [ -66.31518258, -33.32591849 ], [ -66.31445609, -33.32761927 ], [ -66.31173027, -33.32665177 ], [ -66.31195047, -33.32618363 ], [ -66.3097804, -33.32558401 ], [ -66.30957424, -33.32593599 ], [ -66.30857797, -33.32560389 ], [ -66.30822775, -33.32569718 ], [ -66.30803545, -33.3260322 ], [ -66.3078007, -33.32653342 ], [ -66.30643645, -33.32607503 ], [ -66.30620161, -33.32659891 ], [ -66.30488028, -33.32617496 ], [ -66.30482399, -33.32628357 ], [ -66.30487175, -33.32688188 ], [ -66.30440893, -33.3269449 ], [ -66.30409491, -33.32686931 ], [ -66.30182349, -33.32698075 ] ] ] ] } },
{ "type": "Feature", "properties": { "circuito": "00013", "codprov": "19", "coddepto": "001" }, "geometry": { "type": "MultiPolygon", "coordinates": [ [ [ [ -66.08969882, -33.79123414 ], [ -66.08686967, -33.81495505 ], [ -66.08578319, -33.82406455 ], [ -66.07822318, -33.89117411 ], [ -66.08034226, -33.89332407 ], [ -66.09263764, -33.90172406 ], [ -66.10666411, -33.90796087 ], [ -66.12188186, -33.91179434 ], [ -66.13770488, -33.91307684 ], [ -66.15352371, -33.91175897 ], [ -66.16872905, -33.90789149 ], [ -66.18273537, -33.90162336 ], [ -66.19500366, -33.89319595 ], [ -66.20506217, -33.88293369 ], [ -66.21252466, -33.87123154 ], [ -66.21710514, -33.85853968 ], [ -66.21862879, -33.84534616 ], [ -66.21703843, -33.83215812 ], [ -66.21239657, -33.81948225 ], [ -66.20488277, -33.80780533 ], [ -66.19478655, -33.79757562 ], [ -66.18249616, -33.78918566 ], [ -66.16848364, -33.78295732 ], [ -66.15328668, -33.77912947 ], [ -66.13748811, -33.77784888 ], [ -66.12169368, -33.77916467 ], [ -66.10650898, -33.78302638 ], [ -66.09251637, -33.78928594 ], [ -66.08969882, -33.79123414 ] ] ] ] } },
{ "type": "Feature", "properties": { "circuito": "00010", "codprov": "19", "coddepto": "001" }, "geometry": { "type": "MultiPolygon", "coordinates": [ [ [ [ -66.64645398, -33.82831227 ], [ -66.66224851, -33.8269293 ], [ -66.67741505, -33.82299937 ], [ -66.69136962, -33.81667385 ], [ -66.7035752, -33.80819634 ], [ -66.71356249, -33.79789318 ], [ -66.72094802, -33.7861609 ], [ -66.72544877, -33.77345082 ], [ -66.72689298, -33.76025169 ], [ -66.72522655, -33.74707083 ], [ -66.7205149, -33.73441464 ], [ -66.71294023, -33.72276914 ], [ -66.70279439, -33.71258136 ], [ -66.6904675, -33.70424224 ], [ -66.67643296, -33.69807169 ], [ -66.66122931, -33.69430637 ], [ -66.64543961, -33.69309068 ], [ -66.62966928, -33.69447125 ], [ -66.61452298, -33.69839516 ], [ -66.60058164, -33.70471195 ], [ -66.58838025, -33.71317937 ], [ -66.57838747, -33.7234726 ], [ -66.57098763, -33.73519663 ], [ -66.5664659, -33.74790138 ], [ -66.56499723, -33.76109893 ], [ -66.56663947, -33.77428219 ], [ -66.57133087, -33.7869444 ], [ -66.57889232, -33.79859863 ], [ -66.58903397, -33.8087965 ], [ -66.60136635, -33.81714555 ], [ -66.61541521, -33.82332436 ], [ -66.63063984, -33.827095 ], [ -66.64645398, -33.82831227 ] ] ] ] } },
{ "type": "Feature", "properties": { "circuito": "00012", "codprov": "19", "coddepto": "001" }, "geometry": { "type": "MultiPolygon", "coordinates": [ [ [ [ -66.41578082, -33.872851 ], [ -66.43158762, -33.87149749 ], [ -66.44677296, -33.8675958 ], [ -66.46075208, -33.86129621 ], [ -66.47298703, -33.8528413 ], [ -66.48300736, -33.84255657 ], [ -66.49042831, -33.83083782 ], [ -66.49496551, -33.81813588 ], [ -66.49644578, -33.80493917 ], [ -66.49481364, -33.79175495 ], [ -66.49013318, -33.77908973 ], [ -66.48258544, -33.7674299 ], [ -66.47246123, -33.75722305 ], [ -66.46014985, -33.74886085 ], [ -66.44612414, -33.74266408 ], [ -66.42991661, -33.7387912 ], [ -66.4151273, -33.73762533 ], [ -66.40031697, -33.73889341 ], [ -66.38417988, -33.74287237 ], [ -66.3702142, -33.7491633 ], [ -66.35798369, -33.75760813 ], [ -66.34795809, -33.76788288 ], [ -66.34052298, -33.77959327 ], [ -66.33596488, -33.79228976 ], [ -66.3345628, -33.80632674 ], [ -66.336068, -33.81867121 ], [ -66.34072803, -33.83134234 ], [ -66.34826232, -33.84301082 ], [ -66.3583821, -33.85322776 ], [ -66.37069873, -33.86159994 ], [ -66.38473861, -33.86780506 ], [ -66.39996137, -33.87160419 ], [ -66.41578082, -33.872851 ] ] ] ] } },
{ "type": "Feature", "properties": { "circuito": "01017", "codprov": "19", "coddepto": "001" }, "geometry": { "type": "MultiPolygon", "coordinates": [ [ [ [ -66.32742197, -33.30106117 ], [ -66.32722791, -33.30176124 ], [ -66.32692171, -33.30244167 ], [ -66.32622482, -33.3035396 ], [ -66.32557312, -33.30491571 ], [ -66.32530423, -33.3055281 ], [ -66.32508462, -33.30617008 ], [ -66.32435239, -33.30828098 ], [ -66.32503059, -33.30869327 ], [ -66.32558477, -33.30902616 ], [ -66.32644021, -33.30954742 ], [ -66.32752932, -33.3098634 ], [ -66.32845772, -33.30991766 ], [ -66.32968565, -33.31027575 ], [ -66.33070807, -33.31057253 ], [ -66.33247759, -33.31107727 ], [ -66.33355741, -33.31139147 ], [ -66.33437348, -33.31163477 ], [ -66.33514359, -33.31185808 ], [ -66.33662408, -33.31211789 ], [ -66.33689357, -33.3108945 ], [ -66.33716807, -33.30969404 ], [ -66.33746316, -33.30834283 ], [ -66.33766369, -33.30718505 ], [ -66.33793196, -33.30608025 ], [ -66.33813737, -33.3054075 ], [ -66.33836274, -33.30472473 ], [ -66.33887777, -33.30310631 ], [ -66.33928199, -33.30186005 ], [ -66.33786756, -33.30158943 ], [ -66.33640968, -33.30133206 ], [ -66.33475554, -33.30100093 ], [ -66.33358301, -33.30077048 ], [ -66.33246214, -33.30057642 ], [ -66.33109994, -33.30031635 ], [ -66.32971506, -33.30005217 ], [ -66.32769636, -33.29963418 ], [ -66.32742197, -33.30106117 ] ] ] ] } },
{ "type": "Feature", "properties": { "circuito": "01016", "codprov": "19", "coddepto": "001" }, "geometry": { "type": "MultiPolygon", "coordinates": [ [ [ [ -66.31454301, -33.29632416 ], [ -66.31445423, -33.29694543 ], [ -66.31431589, -33.29783444 ], [ -66.31412357, -33.29907343 ], [ -66.31394878, -33.30033341 ], [ -66.31392062, -33.3014353 ], [ -66.31466032, -33.30175485 ], [ -66.31545137, -33.30218152 ], [ -66.31662402, -33.30296993 ], [ -66.31836317, -33.30419635 ], [ -66.32081763, -33.30593667 ], [ -66.32172162, -33.30657721 ], [ -66.32272108, -33.30726306 ], [ -66.32365201, -33.30785017 ], [ -66.32435239, -33.30828098 ], [ -66.32508462, -33.30617008 ], [ -66.32530423, -33.3055281 ], [ -66.32557312, -33.30491571 ], [ -66.32622482, -33.3035396 ], [ -66.32692171, -33.30244167 ], [ -66.32722791, -33.30176124 ], [ -66.32742197, -33.30106117 ], [ -66.32769636, -33.29963418 ], [ -66.32631765, -33.29937218 ], [ -66.32559757, -33.2992295 ], [ -66.32490631, -33.29909473 ], [ -66.32344839, -33.29881609 ], [ -66.32223975, -33.29857334 ], [ -66.31966122, -33.29832559 ], [ -66.31893418, -33.29811951 ], [ -66.31746991, -33.29758234 ], [ -66.31682341, -33.29733779 ], [ -66.31601589, -33.29669055 ], [ -66.31532922, -33.29638531 ], [ -66.31454301, -33.29632416 ] ] ] ] } },
{ "type": "Feature", "properties": { "circuito": "01012", "codprov": "19", "coddepto": "001" }, "geometry": { "type": "MultiPolygon", "coordinates": [ [ [ [ -66.34137932, -33.29517506 ], [ -66.34093082, -33.29659082 ], [ -66.34060017, -33.29768303 ], [ -66.34008294, -33.29926253 ], [ -66.33972677, -33.30049007 ], [ -66.33948817, -33.30123819 ], [ -66.33928199, -33.30186005 ], [ -66.34650738, -33.30332569 ], [ -66.34878935, -33.30372081 ], [ -66.34852002, -33.30248387 ], [ -66.34841288, -33.30139457 ], [ -66.34846645, -33.30016242 ], [ -66.34884145, -33.29855526 ], [ -66.34906769, -33.29792786 ], [ -66.34941643, -33.29694096 ], [ -66.35024688, -33.2944343 ], [ -66.34831738, -33.29421984 ], [ -66.34610465, -33.29398028 ], [ -66.34468939, -33.29382939 ], [ -66.34327105, -33.29368567 ], [ -66.34176198, -33.29354398 ], [ -66.34137932, -33.29517506 ] ] ] ] } },
{ "type": "Feature", "properties": { "circuito": "1015B", "codprov": "19", "coddepto": "001" }, "geometry": { "type": "MultiPolygon", "coordinates": [ [ [ [ -66.31393611, -33.3016096 ], [ -66.31393026, -33.30160671 ], [ -66.31251448, -33.30107728 ], [ -66.31213787, -33.30094709 ], [ -66.30960615, -33.30006875 ], [ -66.30874954, -33.29975942 ], [ -66.30409769, -33.29817707 ], [ -66.30336252, -33.29794731 ], [ -66.30245116, -33.29839499 ], [ -66.30138797, -33.29878874 ], [ -66.3007527, -33.29900356 ], [ -66.29969191, -33.29926616 ], [ -66.29777135, -33.29953483 ], [ -66.29547509, -33.2996668 ], [ -66.29371016, -33.29976823 ], [ -66.29171398, -33.3000891 ], [ -66.29028296, -33.30036559 ], [ -66.28104294, -33.3022825 ], [ -66.28103521, -33.3022841 ], [ -66.28103149, -33.30228487 ], [ -66.28101872, -33.30228752 ], [ -66.28103405, -33.30230184 ], [ -66.28104915, -33.30231595 ], [ -66.28228664, -33.30347181 ], [ -66.28443677, -33.30548011 ], [ -66.29733058, -33.30149628 ], [ -66.29726205, -33.3009912 ], [ -66.29731535, -33.30058003 ], [ -66.2986783, -33.30085668 ], [ -66.29963152, -33.30085337 ], [ -66.30007959, -33.30068451 ], [ -66.30044365, -33.30078088 ], [ -66.30110395, -33.30067737 ], [ -66.30157865, -33.30055959 ], [ -66.30223181, -33.30043466 ], [ -66.30276719, -33.30045965 ], [ -66.30317812, -33.30064796 ], [ -66.30345248, -33.30072734 ], [ -66.3037273, -33.30086297 ], [ -66.3038201, -33.30092364 ], [ -66.304009, -33.30088017 ], [ -66.30426982, -33.30082014 ], [ -66.30451966, -33.30080586 ], [ -66.3048052, -33.30083441 ], [ -66.30513357, -33.30079872 ], [ -66.30572427, -33.30089149 ], [ -66.30616506, -33.30094149 ], [ -66.30642204, -33.30102715 ], [ -66.30703238, -33.3009058 ], [ -66.30737859, -33.30093435 ], [ -66.30761772, -33.30093435 ], [ -66.3077712, -33.30087724 ], [ -66.30827089, -33.30101287 ], [ -66.30843864, -33.30097004 ], [ -66.30872417, -33.30079515 ], [ -66.30945694, -33.30097501 ], [ -66.30980564, -33.30115207 ], [ -66.30988059, -33.30108426 ], [ -66.31000908, -33.3010093 ], [ -66.3102255, -33.30079531 ], [ -66.31060157, -33.30085226 ], [ -66.31106556, -33.30106998 ], [ -66.31168303, -33.30152327 ], [ -66.31201854, -33.30150542 ], [ -66.31258247, -33.30159465 ], [ -66.31311785, -33.30197299 ], [ -66.31383894, -33.30242186 ], [ -66.31389582, -33.30245727 ], [ -66.31401346, -33.30248012 ], [ -66.31393611, -33.3016096 ] ] ] ] } },
{ "type": "Feature", "properties": { "circuito": "01013", "codprov": "19", "coddepto": "001" }, "geometry": { "type": "MultiPolygon", "coordinates": [ [ [ [ -66.32868625, -33.29402122 ], [ -66.32847958, -33.29517465 ], [ -66.32825019, -33.29640141 ], [ -66.32812515, -33.2973339 ], [ -66.32793847, -33.2983168 ], [ -66.32769636, -33.29963418 ], [ -66.32971506, -33.30005217 ], [ -66.33109994, -33.30031635 ], [ -66.33246214, -33.30057642 ], [ -66.33358301, -33.30077048 ], [ -66.33475554, -33.30100093 ], [ -66.33640968, -33.30133206 ], [ -66.33786756, -33.30158943 ], [ -66.33928199, -33.30186005 ], [ -66.33948817, -33.30123819 ], [ -66.33972677, -33.30049007 ], [ -66.34008294, -33.29926253 ], [ -66.34060017, -33.29768303 ], [ -66.34093082, -33.29659082 ], [ -66.34137932, -33.29517506 ], [ -66.34176198, -33.29354398 ], [ -66.34113418, -33.29347726 ], [ -66.34006322, -33.29336486 ], [ -66.338248, -33.29317807 ], [ -66.33637865, -33.2930054 ], [ -66.33479105, -33.29285956 ], [ -66.33345711, -33.29274042 ], [ -66.33200785, -33.29255584 ], [ -66.33123128, -33.2924781 ], [ -66.33046586, -33.29239628 ], [ -66.3290469, -33.29227106 ], [ -66.32868625, -33.29402122 ] ] ] ] } },
{ "type": "Feature", "properties": { "circuito": "01014", "codprov": "19", "coddepto": "001" }, "geometry": { "type": "MultiPolygon", "coordinates": [ [ [ [ -66.32631765, -33.29937218 ], [ -66.32769636, -33.29963418 ], [ -66.32793847, -33.2983168 ], [ -66.32812515, -33.2973339 ], [ -66.32825019, -33.29640141 ], [ -66.32847958, -33.29517465 ], [ -66.32868625, -33.29402122 ], [ -66.3290469, -33.29227106 ], [ -66.32921351, -33.29143744 ], [ -66.32947285, -33.28980988 ], [ -66.3288435, -33.28974263 ], [ -66.32792255, -33.2895867 ], [ -66.32714134, -33.28945443 ], [ -66.3263992, -33.28939542 ], [ -66.32471178, -33.28927144 ], [ -66.32360819, -33.28938846 ], [ -66.32226584, -33.28968369 ], [ -66.32102354, -33.29008868 ], [ -66.31954449, -33.29065032 ], [ -66.31830654, -33.29111292 ], [ -66.31631822, -33.29184754 ], [ -66.31508388, -33.29231908 ], [ -66.31491322, -33.29362375 ], [ -66.31476827, -33.2947475 ], [ -66.31454301, -33.29632416 ], [ -66.31532922, -33.29638531 ], [ -66.31601589, -33.29669055 ], [ -66.31682341, -33.29733779 ], [ -66.31746991, -33.29758234 ], [ -66.31893418, -33.29811951 ], [ -66.31966122, -33.29832559 ], [ -66.32223975, -33.29857334 ], [ -66.32344839, -33.29881609 ], [ -66.32490631, -33.29909473 ], [ -66.32559757, -33.2992295 ], [ -66.32631765, -33.29937218 ] ] ] ] } },
{ "type": "Feature", "properties": { "circuito": "01010", "codprov": "19", "coddepto": "001" }, "geometry": { "type": "MultiPolygon", "coordinates": [ [ [ [ -66.34176198, -33.29354398 ], [ -66.34327105, -33.29368567 ], [ -66.34468939, -33.29382939 ], [ -66.34610465, -33.29398028 ], [ -66.34831738, -33.29421984 ], [ -66.35024688, -33.2944343 ], [ -66.35041644, -33.29381593 ], [ -66.35057785, -33.29277504 ], [ -66.35058538, -33.29197648 ], [ -66.35047991, -33.291138 ], [ -66.35020117, -33.29025281 ], [ -66.34893084, -33.28840689 ], [ -66.34844334, -33.28801143 ], [ -66.347644, -33.28714584 ], [ -66.34710299, -33.28655738 ], [ -66.34655548, -33.28596184 ], [ -66.34591665, -33.2854312 ], [ -66.3452689, -33.28503746 ], [ -66.34455627, -33.28470342 ], [ -66.3434622, -33.28432367 ], [ -66.34294997, -33.28554645 ], [ -66.34283246, -33.28644834 ], [ -66.34265345, -33.28769899 ], [ -66.34254395, -33.28843958 ], [ -66.34241339, -33.28937101 ], [ -66.34229432, -33.29017174 ], [ -66.34218608, -33.29093064 ], [ -66.3420037, -33.29227127 ], [ -66.34176198, -33.29354398 ] ] ] ] } },
{ "type": "Feature", "properties": { "circuito": "01005", "codprov": "19", "coddepto": "001" }, "geometry": { "type": "MultiPolygon", "coordinates": [ [ [ [ -66.33800386, -33.27952749 ], [ -66.33790779, -33.28044681 ], [ -66.33783616, -33.28116989 ], [ -66.33776222, -33.28185011 ], [ -66.33768991, -33.28254976 ], [ -66.33761559, -33.28324435 ], [ -66.33745523, -33.28501223 ], [ -66.3373506, -33.28567306 ], [ -66.33867514, -33.28469744 ], [ -66.33970732, -33.28434556 ], [ -66.34057529, -33.28415789 ], [ -66.34165439, -33.28408751 ], [ -66.34237814, -33.28411029 ], [ -66.3434622, -33.28432367 ], [ -66.34455627, -33.28470342 ], [ -66.3452689, -33.28503746 ], [ -66.34591665, -33.2854312 ], [ -66.34655548, -33.28596184 ], [ -66.34710299, -33.28655738 ], [ -66.347644, -33.28714584 ], [ -66.34844334, -33.28801143 ], [ -66.34893084, -33.28840689 ], [ -66.34977977, -33.28880225 ], [ -66.35068265, -33.2889338 ], [ -66.35184391, -33.28878547 ], [ -66.35277408, -33.28840181 ], [ -66.35330586, -33.28802984 ], [ -66.35387164, -33.28740586 ], [ -66.35425924, -33.28660241 ], [ -66.35434525, -33.28537585 ], [ -66.3541446, -33.28455786 ], [ -66.35373495, -33.28393236 ], [ -66.35314376, -33.28339964 ], [ -66.35259156, -33.28306337 ], [ -66.35128209, -33.2825081 ], [ -66.35062223, -33.28232811 ], [ -66.34934371, -33.2820448 ], [ -66.34373595, -33.28057201 ], [ -66.34243111, -33.28034388 ], [ -66.34169223, -33.28020121 ], [ -66.34017, -33.27986844 ], [ -66.33955916, -33.27974195 ], [ -66.33890577, -33.27962731 ], [ -66.33800386, -33.27952749 ] ] ] ] } },
{ "type": "Feature", "properties": { "circuito": "01006", "codprov": "19", "coddepto": "001" }, "geometry": { "type": "MultiPolygon", "coordinates": [ [ [ [ -66.32808076, -33.2805305 ], [ -66.32786122, -33.28178908 ], [ -66.32763946, -33.2828996 ], [ -66.32733526, -33.28402675 ], [ -66.32697942, -33.28518334 ], [ -66.3268274, -33.28613083 ], [ -66.32667915, -33.28719132 ], [ -66.32655456, -33.28803702 ], [ -66.3263992, -33.28939542 ], [ -66.32714134, -33.28945443 ], [ -66.32792255, -33.2895867 ], [ -66.3288435, -33.28974263 ], [ -66.32947285, -33.28980988 ], [ -66.33012095, -33.28977506 ], [ -66.33094379, -33.28973039 ], [ -66.33175394, -33.28958868 ], [ -66.33249496, -33.28936453 ], [ -66.33365916, -33.28883823 ], [ -66.33426776, -33.28846481 ], [ -66.33521907, -33.28762788 ], [ -66.33629826, -33.28666364 ], [ -66.3373506, -33.28567306 ], [ -66.33745523, -33.28501223 ], [ -66.33755432, -33.28392005 ], [ -66.33761559, -33.28324435 ], [ -66.33768991, -33.28254976 ], [ -66.33776222, -33.28185011 ], [ -66.33783616, -33.28116989 ], [ -66.33790779, -33.28044681 ], [ -66.33640548, -33.2802475 ], [ -66.33416278, -33.28000559 ], [ -66.33331135, -33.2799215 ], [ -66.33224403, -33.27981991 ], [ -66.33124455, -33.27971315 ], [ -66.33020219, -33.27960809 ], [ -66.32930819, -33.27951764 ], [ -66.3283087, -33.2794084 ], [ -66.32808076, -33.2805305 ] ] ] ] } },
{ "type": "Feature", "properties": { "circuito": "01002", "codprov": "19", "coddepto": "001" }, "geometry": { "type": "MultiPolygon", "coordinates": [ [ [ [ -66.34490964, -33.23562448 ], [ -66.34243012, -33.24432755 ], [ -66.33970641, -33.25061035 ], [ -66.33942413, -33.25424576 ], [ -66.33972931, -33.25713349 ], [ -66.34043121, -33.26100922 ], [ -66.34007924, -33.26204579 ], [ -66.33904487, -33.26947576 ], [ -66.33891807, -33.2705865 ], [ -66.3387941, -33.27167213 ], [ -66.33872857, -33.2722986 ], [ -66.33864137, -33.27338098 ], [ -66.33858175, -33.27403198 ], [ -66.33850047, -33.27469244 ], [ -66.33837201, -33.2756589 ], [ -66.33827302, -33.2765921 ], [ -66.3381952, -33.27732626 ], [ -66.33805077, -33.27877367 ], [ -66.33800386, -33.27952749 ], [ -66.33890577, -33.27962731 ], [ -66.33955916, -33.27974195 ], [ -66.34017, -33.27986844 ], [ -66.34169223, -33.28020121 ], [ -66.34243111, -33.28034388 ], [ -66.34373595, -33.28057201 ], [ -66.34934371, -33.2820448 ], [ -66.35062223, -33.28232811 ], [ -66.35128209, -33.2825081 ], [ -66.35259156, -33.28306337 ], [ -66.35314376, -33.28339964 ], [ -66.35373495, -33.28393236 ], [ -66.36618477, -33.28422098 ], [ -66.37278747, -33.27809524 ], [ -66.38875375, -33.26075867 ], [ -66.38954162, -33.25990295 ], [ -66.39625549, -33.25315094 ], [ -66.41190531, -33.23643541 ], [ -66.41363035, -33.23542176 ], [ -66.39561782, -33.2354749 ], [ -66.39454651, -33.23547806 ], [ -66.38367946, -33.23551011 ], [ -66.38110781, -33.2355177 ], [ -66.37235071, -33.23554353 ], [ -66.34490964, -33.23562448 ] ] ] ] } },
{ "type": "Feature", "properties": { "circuito": "01004", "codprov": "19", "coddepto": "001" }, "geometry": { "type": "MultiPolygon", "coordinates": [ [ [ [ -66.41363035, -33.23542176 ], [ -66.41190531, -33.23643541 ], [ -66.39625549, -33.25315094 ], [ -66.38954162, -33.25990295 ], [ -66.38875375, -33.26075867 ], [ -66.37278747, -33.27809524 ], [ -66.36618477, -33.28422098 ], [ -66.35373495, -33.28393236 ], [ -66.3541446, -33.28455786 ], [ -66.35434525, -33.28537585 ], [ -66.35425924, -33.28660241 ], [ -66.35387164, -33.28740586 ], [ -66.35330586, -33.28802984 ], [ -66.35277408, -33.28840181 ], [ -66.35184391, -33.28878547 ], [ -66.35068265, -33.2889338 ], [ -66.34977977, -33.28880225 ], [ -66.34893084, -33.28840689 ], [ -66.35020117, -33.29025281 ], [ -66.35047991, -33.291138 ], [ -66.35058538, -33.29197648 ], [ -66.35057785, -33.29277504 ], [ -66.35041644, -33.29381593 ], [ -66.35024688, -33.2944343 ], [ -66.34941643, -33.29694096 ], [ -66.34906769, -33.29792786 ], [ -66.34884145, -33.29855526 ], [ -66.34846645, -33.30016242 ], [ -66.34841288, -33.30139457 ], [ -66.34852002, -33.30248387 ], [ -66.34878935, -33.30372081 ], [ -66.34975827, -33.30502307 ], [ -66.35061052, -33.30573328 ], [ -66.35156931, -33.30623043 ], [ -66.35235513, -33.30682999 ], [ -66.35519103, -33.30720988 ], [ -66.35935964, -33.30776572 ], [ -66.36394419, -33.30828032 ], [ -66.37062735, -33.30892938 ], [ -66.37477792, -33.31047979 ], [ -66.38361971, -33.31138998 ], [ -66.38986097, -33.31236517 ], [ -66.39246149, -33.31275525 ], [ -66.394997, -33.31262523 ], [ -66.39582917, -33.31243019 ], [ -66.40122526, -33.31067483 ], [ -66.40415085, -33.3095046 ], [ -66.40876678, -33.30833436 ], [ -66.41166098, -33.30678454 ], [ -66.41518943, -33.30585988 ], [ -66.41518943, -33.23576826 ], [ -66.41518943, -33.23541716 ], [ -66.41363035, -33.23542176 ] ] ] ] } },
{ "type": "Feature", "properties": { "circuito": "01011", "codprov": "19", "coddepto": "001" }, "geometry": { "type": "MultiPolygon", "coordinates": [ [ [ [ -66.33012095, -33.28977506 ], [ -66.32947285, -33.28980988 ], [ -66.32921351, -33.29143744 ], [ -66.3290469, -33.29227106 ], [ -66.33046586, -33.29239628 ], [ -66.33123128, -33.2924781 ], [ -66.33200785, -33.29255584 ], [ -66.33345711, -33.29274042 ], [ -66.33479105, -33.29285956 ], [ -66.33637865, -33.2930054 ], [ -66.338248, -33.29317807 ], [ -66.34006322, -33.29336486 ], [ -66.34113418, -33.29347726 ], [ -66.34176198, -33.29354398 ], [ -66.3420037, -33.29227127 ], [ -66.34218608, -33.29093064 ], [ -66.34229432, -33.29017174 ], [ -66.34241339, -33.28937101 ], [ -66.34254395, -33.28843958 ], [ -66.34265345, -33.28769899 ], [ -66.34283246, -33.28644834 ], [ -66.34294997, -33.28554645 ], [ -66.3434622, -33.28432367 ], [ -66.34237814, -33.28411029 ], [ -66.34165439, -33.28408751 ], [ -66.34057529, -33.28415789 ], [ -66.33970732, -33.28434556 ], [ -66.33867514, -33.28469744 ], [ -66.3373506, -33.28567306 ], [ -66.33629826, -33.28666364 ], [ -66.33521907, -33.28762788 ], [ -66.33426776, -33.28846481 ], [ -66.33365916, -33.28883823 ], [ -66.33249496, -33.28936453 ], [ -66.33175394, -33.28958868 ], [ -66.33094379, -33.28973039 ], [ -66.33012095, -33.28977506 ] ] ] ] } },
{ "type": "Feature", "properties": { "circuito": "1001C", "codprov": "19", "coddepto": "001" }, "geometry": { "type": "MultiPolygon", "coordinates": [ [ [ [ -66.30873046, -33.26552909 ], [ -66.30762934, -33.26597372 ], [ -66.30704757, -33.2649563 ], [ -66.30640592, -33.26523199 ], [ -66.3071163, -33.26655887 ], [ -66.3066442, -33.26701773 ], [ -66.30542919, -33.26748844 ], [ -66.30398011, -33.26806451 ], [ -66.30690762, -33.27306772 ], [ -66.30797199, -33.27498543 ], [ -66.30890229, -33.27660222 ], [ -66.30958677, -33.27627465 ], [ -66.30955245, -33.27542905 ], [ -66.30956834, -33.2743433 ], [ -66.30978535, -33.27281862 ], [ -66.30999368, -33.27150451 ], [ -66.31021009, -33.27014578 ], [ -66.3109071, -33.26762466 ], [ -66.3110487, -33.2666897 ], [ -66.31118765, -33.26569261 ], [ -66.31133306, -33.26470956 ], [ -66.31066216, -33.26464551 ], [ -66.30999016, -33.26481102 ], [ -66.30873046, -33.26552909 ] ] ] ] } },
{ "type": "Feature", "properties": { "circuito": "1008B", "codprov": "19", "coddepto": "001" }, "geometry": { "type": "MultiPolygon", "coordinates": [ [ [ [ -66.29636063, -33.26633293 ], [ -66.29617515, -33.26950271 ], [ -66.29597879, -33.27201621 ], [ -66.29714653, -33.2736284 ], [ -66.29859578, -33.27287522 ], [ -66.29925739, -33.27385014 ], [ -66.2982557, -33.2743502 ], [ -66.29890793, -33.2746852 ], [ -66.29954765, -33.27502022 ], [ -66.3001999, -33.27535521 ], [ -66.30085211, -33.27567967 ], [ -66.30177204, -33.27587087 ], [ -66.30153666, -33.27500057 ], [ -66.30207024, -33.27440988 ], [ -66.30287287, -33.27400788 ], [ -66.30376639, -33.27355684 ], [ -66.30436763, -33.27326124 ], [ -66.30495484, -33.27297738 ], [ -66.30565408, -33.27266576 ], [ -66.30690762, -33.27306772 ], [ -66.30398011, -33.26806451 ], [ -66.30065536, -33.26815055 ], [ -66.29997687, -33.26811931 ], [ -66.29932443, -33.26807705 ], [ -66.29864601, -33.26806772 ], [ -66.29794045, -33.26774612 ], [ -66.29735384, -33.26697196 ], [ -66.29636063, -33.26633293 ] ] ] ] } },
{ "type": "Feature", "properties": { "circuito": "1008C", "codprov": "19", "coddepto": "001" }, "geometry": { "type": "MultiPolygon", "coordinates": [ [ [ [ -66.29561418, -33.28528174 ], [ -66.29668091, -33.28565198 ], [ -66.29739974, -33.28590147 ], [ -66.29869042, -33.28625145 ], [ -66.29932082, -33.28689831 ], [ -66.30079682, -33.28728822 ], [ -66.30207198, -33.28786888 ], [ -66.30227605, -33.28556892 ], [ -66.30240563, -33.28340074 ], [ -66.30287692, -33.28228414 ], [ -66.30339411, -33.28130048 ], [ -66.30394048, -33.28037635 ], [ -66.30451017, -33.27962776 ], [ -66.30522896, -33.27884735 ], [ -66.30596149, -33.27820817 ], [ -66.30679691, -33.2776122 ], [ -66.30767914, -33.27711876 ], [ -66.30890229, -33.27660222 ], [ -66.30797199, -33.27498543 ], [ -66.30690762, -33.27306772 ], [ -66.30565408, -33.27266576 ], [ -66.30495484, -33.27297738 ], [ -66.30436763, -33.27326124 ], [ -66.30376639, -33.27355684 ], [ -66.30287287, -33.27400788 ], [ -66.30207024, -33.27440988 ], [ -66.30153666, -33.27500057 ], [ -66.30177204, -33.27587087 ], [ -66.30085211, -33.27567967 ], [ -66.3001999, -33.27535521 ], [ -66.29954765, -33.27502022 ], [ -66.29890793, -33.2746852 ], [ -66.2982557, -33.2743502 ], [ -66.29925739, -33.27385014 ], [ -66.29859578, -33.27287522 ], [ -66.29714653, -33.2736284 ], [ -66.29597879, -33.27201621 ], [ -66.29604283, -33.2731171 ], [ -66.29614931, -33.27521277 ], [ -66.29598764, -33.27754244 ], [ -66.29586844, -33.27932545 ], [ -66.2958393, -33.28075915 ], [ -66.29575803, -33.2823481 ], [ -66.29564702, -33.28444429 ], [ -66.29561418, -33.28528174 ] ] ] ] } },
{ "type": "Feature", "properties": { "circuito": "1008E", "codprov": "19", "coddepto": "001" }, "geometry": { "type": "MultiPolygon", "coordinates": [ [ [ [ -66.30958677, -33.27627465 ], [ -66.30890229, -33.27660222 ], [ -66.30952841, -33.27782346 ], [ -66.30932909, -33.27906636 ], [ -66.30912583, -33.28007595 ], [ -66.30901691, -33.28077253 ], [ -66.30889059, -33.2816458 ], [ -66.30875885, -33.28248557 ], [ -66.30859249, -33.28430031 ], [ -66.30982013, -33.28445113 ], [ -66.31068064, -33.28455603 ], [ -66.31057688, -33.28550576 ], [ -66.31040531, -33.2868314 ], [ -66.31024432, -33.28835735 ], [ -66.31555858, -33.28867006 ], [ -66.3157649, -33.28715385 ], [ -66.31588283, -33.2863453 ], [ -66.31606242, -33.28511761 ], [ -66.31606477, -33.28511778 ], [ -66.31678501, -33.2851674 ], [ -66.31678505, -33.28516724 ], [ -66.31705595, -33.28420289 ], [ -66.3173093, -33.28288381 ], [ -66.31745919, -33.28202304 ], [ -66.31848265, -33.28215759 ], [ -66.31835212, -33.2810839 ], [ -66.31695638, -33.2809245 ], [ -66.31673127, -33.28004521 ], [ -66.31684874, -33.27908191 ], [ -66.31695396, -33.27824225 ], [ -66.31731333, -33.27570791 ], [ -66.31755842, -33.27389614 ], [ -66.31756925, -33.27260184 ], [ -66.31667148, -33.27302023 ], [ -66.31572967, -33.27345498 ], [ -66.31497094, -33.27378521 ], [ -66.31414104, -33.27416673 ], [ -66.3135286, -33.27447572 ], [ -66.31288816, -33.27474114 ], [ -66.31199834, -33.27516445 ], [ -66.31109364, -33.27557774 ], [ -66.30958677, -33.27627465 ] ] ] ] } },
{ "type": "Feature", "properties": { "circuito": "1008D", "codprov": "19", "coddepto": "001" }, "geometry": { "type": "MultiPolygon", "coordinates": [ [ [ [ -66.30673801, -33.288142 ], [ -66.31024432, -33.28835735 ], [ -66.31040531, -33.2868314 ], [ -66.31057688, -33.28550576 ], [ -66.31068064, -33.28455603 ], [ -66.30982013, -33.28445113 ], [ -66.30859249, -33.28430031 ], [ -66.30875885, -33.28248557 ], [ -66.30889059, -33.2816458 ], [ -66.30901691, -33.28077253 ], [ -66.30912583, -33.28007595 ], [ -66.30932909, -33.27906636 ], [ -66.30952841, -33.27782346 ], [ -66.30890229, -33.27660222 ], [ -66.30767914, -33.27711876 ], [ -66.30679691, -33.2776122 ], [ -66.30596149, -33.27820817 ], [ -66.30522896, -33.27884735 ], [ -66.30451017, -33.27962776 ], [ -66.30394048, -33.28037635 ], [ -66.30339411, -33.28130048 ], [ -66.30287692, -33.28228414 ], [ -66.30240563, -33.28340074 ], [ -66.30227605, -33.28557487 ], [ -66.30207198, -33.28786888 ], [ -66.30313489, -33.28793456 ], [ -66.30400951, -33.28799058 ], [ -66.30488909, -33.28806784 ], [ -66.30564191, -33.28812343 ], [ -66.30673801, -33.288142 ] ] ] ] } },
{ "type": "Feature", "properties": { "circuito": "1001B", "codprov": "19", "coddepto": "001" }, "geometry": { "type": "MultiPolygon", "coordinates": [ [ [ [ -66.29974202, -33.26083081 ], [ -66.30398011, -33.26806451 ], [ -66.30542919, -33.26748844 ], [ -66.3066442, -33.26701773 ], [ -66.3071163, -33.26655887 ], [ -66.30640592, -33.26523199 ], [ -66.30704757, -33.2649563 ], [ -66.30762934, -33.26597372 ], [ -66.30873046, -33.26552909 ], [ -66.30999016, -33.26481102 ], [ -66.31066216, -33.26464551 ], [ -66.31133306, -33.26470956 ], [ -66.31183407, -33.2612784 ], [ -66.30676348, -33.26110288 ], [ -66.30525289, -33.26105853 ], [ -66.29974202, -33.26083081 ] ] ] ] } },
{ "type": "Feature", "properties": { "circuito": "1022A", "codprov": "19", "coddepto": "001" }, "geometry": { "type": "MultiPolygon", "coordinates": [ [ [ [ -66.30110395, -33.30067737 ], [ -66.30044365, -33.30078088 ], [ -66.30007959, -33.30068451 ], [ -66.29963152, -33.30085337 ], [ -66.2986783, -33.30085668 ], [ -66.29731535, -33.30058003 ], [ -66.29726205, -33.3009912 ], [ -66.29733058, -33.30149628 ], [ -66.28443677, -33.30548011 ], [ -66.28443704, -33.3054807 ], [ -66.28737859, -33.31187618 ], [ -66.30211551, -33.3121073 ], [ -66.30667663, -33.31217883 ], [ -66.30667967, -33.31190051 ], [ -66.30671995, -33.31109446 ], [ -66.31109408, -33.3120096 ], [ -66.31105631, -33.31291502 ], [ -66.31098819, -33.31406645 ], [ -66.31095263, -33.3143556 ], [ -66.31250404, -33.31472595 ], [ -66.31304638, -33.31483568 ], [ -66.31359172, -33.31496441 ], [ -66.31412292, -33.31507137 ], [ -66.31471913, -33.3152042 ], [ -66.31532485, -33.31534149 ], [ -66.31586086, -33.31547403 ], [ -66.31622395, -33.31439475 ], [ -66.31571459, -33.31413965 ], [ -66.3158926, -33.31360537 ], [ -66.31607686, -33.3130457 ], [ -66.31628571, -33.31241131 ], [ -66.31665051, -33.31192022 ], [ -66.31668955, -33.31183634 ], [ -66.31741883, -33.31207128 ], [ -66.31874627, -33.31249446 ], [ -66.31899715, -33.31193567 ], [ -66.31901277, -33.31190087 ], [ -66.31920797, -33.3114463 ], [ -66.31924936, -33.31136239 ], [ -66.3192821, -33.31129602 ], [ -66.3195548, -33.3106985 ], [ -66.31957617, -33.31065405 ], [ -66.3198562, -33.31005601 ], [ -66.31988604, -33.30999875 ], [ -66.32013705, -33.30944311 ], [ -66.32040665, -33.30883813 ], [ -66.32055739, -33.30855709 ], [ -66.32061403, -33.308465 ], [ -66.32065786, -33.30849949 ], [ -66.3214166, -33.30910843 ], [ -66.32164215, -33.3093098 ], [ -66.32213179, -33.3076865 ], [ -66.32221399, -33.30751941 ], [ -66.32227129, -33.30733847 ], [ -66.32247186, -33.30709204 ], [ -66.32172162, -33.30657721 ], [ -66.32081763, -33.30593667 ], [ -66.31836317, -33.30419635 ], [ -66.31662402, -33.30296993 ], [ -66.31545137, -33.30218152 ], [ -66.31466032, -33.30175485 ], [ -66.31392062, -33.3014353 ], [ -66.31401346, -33.30248012 ], [ -66.31389582, -33.30245727 ], [ -66.31383894, -33.30242186 ], [ -66.31311785, -33.30197299 ], [ -66.31258247, -33.30159465 ], [ -66.31201854, -33.30150542 ], [ -66.31168303, -33.30152327 ], [ -66.31106556, -33.30106998 ], [ -66.31060157, -33.30085226 ], [ -66.3102255, -33.30079531 ], [ -66.31000908, -33.3010093 ], [ -66.30988059, -33.30108426 ], [ -66.30980564, -33.30115207 ], [ -66.30945694, -33.30097501 ], [ -66.30872417, -33.30079515 ], [ -66.30843864, -33.30097004 ], [ -66.30827089, -33.30101287 ], [ -66.3077712, -33.30087724 ], [ -66.30761772, -33.30093435 ], [ -66.30737859, -33.30093435 ], [ -66.30703238, -33.3009058 ], [ -66.30642204, -33.30102715 ], [ -66.30616506, -33.30094149 ], [ -66.30572427, -33.30089149 ], [ -66.30513357, -33.30079872 ], [ -66.3048052, -33.30083441 ], [ -66.30451966, -33.30080586 ], [ -66.30426982, -33.30082014 ], [ -66.304009, -33.30088017 ], [ -66.3038201, -33.30092364 ], [ -66.3037273, -33.30086297 ], [ -66.30345248, -33.30072734 ], [ -66.30317812, -33.30064796 ], [ -66.30276719, -33.30045965 ], [ -66.30223181, -33.30043466 ], [ -66.30157865, -33.30055959 ], [ -66.30110395, -33.30067737 ] ] ] ] } },
{ "type": "Feature", "properties": { "circuito": "00088", "codprov": "19", "coddepto": "008" }, "geometry": { "type": "MultiPolygon", "coordinates": [ [ [ [ -66.43711611, -32.73563879 ], [ -66.45273206, -32.73688277 ], [ -66.46833482, -32.73552604 ], [ -66.48332349, -32.73162088 ], [ -66.49712095, -32.72531768 ], [ -66.50919625, -32.71685915 ], [ -66.51908511, -32.70657089 ], [ -66.5264078, -32.69484883 ], [ -66.53088368, -32.68214388 ], [ -66.53234188, -32.66894458 ], [ -66.53072767, -32.65575828 ], [ -66.5261044, -32.64309158 ], [ -66.51865083, -32.63143092 ], [ -66.50865411, -32.62122396 ], [ -66.49649863, -32.61286239 ], [ -66.48265125, -32.606667 ], [ -66.46764333, -32.60287542 ], [ -66.45205052, -32.60163306 ], [ -66.43647071, -32.60298759 ], [ -66.42150134, -32.60688707 ], [ -66.40771656, -32.61318196 ], [ -66.39564541, -32.62163083 ], [ -66.38575153, -32.63190954 ], [ -66.37841542, -32.64362363 ], [ -66.37391975, -32.65632338 ], [ -66.37243842, -32.66952104 ], [ -66.37402967, -32.68270954 ], [ -66.37418611, -32.68314016 ], [ -66.37419542, -32.68315204 ], [ -66.40661816, -32.72453072 ], [ -66.40822761, -32.72563864 ], [ -66.42208842, -32.73184201 ], [ -66.43711611, -32.73563879 ] ] ] ] } },
{ "type": "Feature", "properties": { "circuito": "1022E", "codprov": "19", "coddepto": "001" }, "geometry": { "type": "MultiPolygon", "coordinates": [ [ [ [ -66.30301733, -33.31751077 ], [ -66.30201388, -33.31754771 ], [ -66.30201453, -33.31751292 ], [ -66.28780024, -33.31751094 ], [ -66.28780939, -33.3200354 ], [ -66.28783714, -33.3276908 ], [ -66.30182349, -33.32698075 ], [ -66.30409491, -33.32686931 ], [ -66.30440893, -33.3269449 ], [ -66.30487175, -33.32688188 ], [ -66.30482399, -33.32628357 ], [ -66.30488028, -33.32617496 ], [ -66.30620161, -33.32659891 ], [ -66.30643645, -33.32607503 ], [ -66.3078007, -33.32653342 ], [ -66.30803545, -33.3260322 ], [ -66.30822775, -33.32569718 ], [ -66.30857797, -33.32560389 ], [ -66.30957424, -33.32593599 ], [ -66.3097804, -33.32558401 ], [ -66.31195047, -33.32618363 ], [ -66.31173027, -33.32665177 ], [ -66.31445609, -33.32761927 ], [ -66.31518258, -33.32591849 ], [ -66.31583218, -33.32603271 ], [ -66.31751642, -33.32601994 ], [ -66.32387762, -33.32603343 ], [ -66.32457958, -33.32440608 ], [ -66.32432439, -33.32438371 ], [ -66.31742146, -33.32377948 ], [ -66.31667955, -33.32361074 ], [ -66.31590792, -33.32343971 ], [ -66.31515423, -33.32326085 ], [ -66.31442198, -33.32308845 ], [ -66.31354732, -33.32289544 ], [ -66.31279789, -33.32272533 ], [ -66.3120376, -33.32255158 ], [ -66.31126443, -33.32238615 ], [ -66.31151584, -33.32163275 ], [ -66.31074173, -33.32145548 ], [ -66.31116887, -33.3201306 ], [ -66.31162399, -33.31878779 ], [ -66.30893727, -33.31816228 ], [ -66.30830298, -33.31801183 ], [ -66.30764864, -33.31785085 ], [ -66.30697041, -33.31769199 ], [ -66.30649428, -33.31757312 ], [ -66.30475066, -33.3175218 ], [ -66.30388968, -33.31753954 ], [ -66.30301733, -33.31751077 ] ] ] ] } },
{ "type": "Feature", "properties": { "circuito": "1022D", "codprov": "19", "coddepto": "001" }, "geometry": { "type": "MultiPolygon", "coordinates": [ [ [ [ -66.31162399, -33.31878779 ], [ -66.31116887, -33.3201306 ], [ -66.31074173, -33.32145548 ], [ -66.31151584, -33.32163275 ], [ -66.31126443, -33.32238615 ], [ -66.3120376, -33.32255158 ], [ -66.31279789, -33.32272533 ], [ -66.31354732, -33.32289544 ], [ -66.31442198, -33.32308845 ], [ -66.31515423, -33.32326085 ], [ -66.31590792, -33.32343971 ], [ -66.31667955, -33.32361074 ], [ -66.31742146, -33.32377948 ], [ -66.32432439, -33.32438371 ], [ -66.32457958, -33.32440608 ], [ -66.3266712, -33.31955711 ], [ -66.32458258, -33.31879919 ], [ -66.32247317, -33.31841222 ], [ -66.32167468, -33.31821502 ], [ -66.32092166, -33.31804234 ], [ -66.32017063, -33.31787293 ], [ -66.31941867, -33.31769487 ], [ -66.31865233, -33.31751709 ], [ -66.31789148, -33.31734621 ], [ -66.31713849, -33.31717359 ], [ -66.31639273, -33.31699521 ], [ -66.3155417, -33.31680435 ], [ -66.3153212, -33.3174467 ], [ -66.31510948, -33.31811962 ], [ -66.31494241, -33.3186057 ], [ -66.3148881, -33.31878073 ], [ -66.31467128, -33.31947803 ], [ -66.31393849, -33.31930728 ], [ -66.31315924, -33.3191403 ], [ -66.31238871, -33.31896789 ], [ -66.31170019, -33.31880573 ], [ -66.31162399, -33.31878779 ] ] ] ] } },
{ "type": "Feature", "properties": { "circuito": "1022B", "codprov": "19", "coddepto": "001" }, "geometry": { "type": "MultiPolygon", "coordinates": [ [ [ [ -66.31586086, -33.31547403 ], [ -66.31591259, -33.31548424 ], [ -66.31594027, -33.31555024 ], [ -66.31575029, -33.31615947 ], [ -66.3155417, -33.31680435 ], [ -66.31639273, -33.31699521 ], [ -66.31713849, -33.31717359 ], [ -66.31789148, -33.31734621 ], [ -66.31865233, -33.31751709 ], [ -66.31941867, -33.31769487 ], [ -66.32017063, -33.31787293 ], [ -66.32092166, -33.31804234 ], [ -66.32167468, -33.31821502 ], [ -66.32247317, -33.31841222 ], [ -66.32458258, -33.31879919 ], [ -66.3266712, -33.31955711 ], [ -66.32849261, -33.31533456 ], [ -66.32881647, -33.31459684 ], [ -66.33029079, -33.31182619 ], [ -66.33019838, -33.31176999 ], [ -66.32895662, -33.31101488 ], [ -66.32752932, -33.3098634 ], [ -66.32644021, -33.30954742 ], [ -66.32558477, -33.30902616 ], [ -66.32503059, -33.30869327 ], [ -66.32435239, -33.30828098 ], [ -66.32365201, -33.30785017 ], [ -66.32272108, -33.30726306 ], [ -66.32247186, -33.30709204 ], [ -66.32227129, -33.30733847 ], [ -66.32221399, -33.30751941 ], [ -66.32213179, -33.3076865 ], [ -66.32164215, -33.3093098 ], [ -66.3214166, -33.30910843 ], [ -66.32065786, -33.30849949 ], [ -66.32061403, -33.308465 ], [ -66.32055739, -33.30855709 ], [ -66.32040665, -33.30883813 ], [ -66.32013705, -33.30944311 ], [ -66.31988604, -33.30999875 ], [ -66.3198562, -33.31005601 ], [ -66.31957617, -33.31065405 ], [ -66.3195548, -33.3106985 ], [ -66.3192821, -33.31129602 ], [ -66.31924936, -33.31136239 ], [ -66.31920797, -33.3114463 ], [ -66.31901277, -33.31190087 ], [ -66.31899715, -33.31193567 ], [ -66.31874627, -33.31249446 ], [ -66.31741883, -33.31207128 ], [ -66.31668955, -33.31183634 ], [ -66.31665051, -33.31192022 ], [ -66.31628571, -33.31241131 ], [ -66.31607686, -33.3130457 ], [ -66.3158926, -33.31360537 ], [ -66.31571459, -33.31413965 ], [ -66.31622395, -33.31439475 ], [ -66.31586086, -33.31547403 ] ] ] ] } },
{ "type": "Feature", "properties": { "circuito": "1022C", "codprov": "19", "coddepto": "001" }, "geometry": { "type": "MultiPolygon", "coordinates": [ [ [ [ -66.30667967, -33.31190051 ], [ -66.30667663, -33.31217883 ], [ -66.30211551, -33.3121073 ], [ -66.28737859, -33.31187618 ], [ -66.287783, -33.31275545 ], [ -66.28780024, -33.31751094 ], [ -66.30201453, -33.31751292 ], [ -66.30201388, -33.31754771 ], [ -66.30301733, -33.31751077 ], [ -66.30388968, -33.31753954 ], [ -66.30475066, -33.3175218 ], [ -66.30649428, -33.31757312 ], [ -66.30697041, -33.31769199 ], [ -66.30764864, -33.31785085 ], [ -66.30830298, -33.31801183 ], [ -66.30893727, -33.31816228 ], [ -66.31162399, -33.31878779 ], [ -66.31170019, -33.31880573 ], [ -66.31238871, -33.31896789 ], [ -66.31315924, -33.3191403 ], [ -66.31393849, -33.31930728 ], [ -66.31467128, -33.31947803 ], [ -66.3148881, -33.31878073 ], [ -66.31494241, -33.3186057 ], [ -66.31510948, -33.31811962 ], [ -66.3153212, -33.3174467 ], [ -66.3155417, -33.31680435 ], [ -66.31575029, -33.31615947 ], [ -66.31594027, -33.31555024 ], [ -66.31591259, -33.31548424 ], [ -66.31586086, -33.31547403 ], [ -66.31532485, -33.31534149 ], [ -66.31471913, -33.3152042 ], [ -66.31412292, -33.31507137 ], [ -66.31359172, -33.31496441 ], [ -66.31304638, -33.31483568 ], [ -66.31250404, -33.31472595 ], [ -66.31095263, -33.3143556 ], [ -66.31098819, -33.31406645 ], [ -66.31105631, -33.31291502 ], [ -66.31109408, -33.3120096 ], [ -66.30671995, -33.31109446 ], [ -66.30667967, -33.31190051 ] ] ] ] } },
{ "type": "Feature", "properties": { "circuito": "1021A", "codprov": "19", "coddepto": "001" }, "geometry": { "type": "MultiPolygon", "coordinates": [ [ [ [ -66.32337116, -33.32720754 ], [ -66.32724029, -33.32838452 ], [ -66.3374339, -33.32834169 ], [ -66.34121671, -33.32835298 ], [ -66.34143139, -33.31968283 ], [ -66.34187442, -33.31923376 ], [ -66.34260885, -33.31777992 ], [ -66.34280159, -33.31755667 ], [ -66.34163019, -33.31723631 ], [ -66.34093119, -33.31704468 ], [ -66.34006464, -33.31678986 ], [ -66.33893273, -33.31646165 ], [ -66.33735492, -33.31591394 ], [ -66.33621496, -33.31538581 ], [ -66.33544415, -33.31495353 ], [ -66.33453499, -33.31440786 ], [ -66.33314557, -33.31355713 ], [ -66.33214731, -33.31294758 ], [ -66.33160678, -33.31262002 ], [ -66.33101698, -33.31226586 ], [ -66.33029079, -33.31182619 ], [ -66.32881647, -33.31459684 ], [ -66.32849261, -33.31533456 ], [ -66.32337116, -33.32720754 ] ] ] ] } },
{ "type": "Feature", "properties": { "circuito": "1021C", "codprov": "19", "coddepto": "001" }, "geometry": { "type": "MultiPolygon", "coordinates": [ [ [ [ -66.32337116, -33.32720754 ], [ -66.31915716, -33.33697679 ], [ -66.31914611, -33.33700241 ], [ -66.31809091, -33.33999569 ], [ -66.31774892, -33.34109112 ], [ -66.31695558, -33.34441854 ], [ -66.31664536, -33.34666439 ], [ -66.31641659, -33.34856729 ], [ -66.31610582, -33.35106735 ], [ -66.31597008, -33.35298945 ], [ -66.3161989, -33.35515854 ], [ -66.31649175, -33.35781059 ], [ -66.31659512, -33.35975895 ], [ -66.31672242, -33.36297167 ], [ -66.31677403, -33.36428557 ], [ -66.31677552, -33.36688896 ], [ -66.31639051, -33.3686463 ], [ -66.31580571, -33.37170781 ], [ -66.34014319, -33.37170781 ], [ -66.34083339, -33.34383358 ], [ -66.34121671, -33.32835298 ], [ -66.3374339, -33.32834169 ], [ -66.32724029, -33.32838452 ], [ -66.32337116, -33.32720754 ] ] ] ] } },
{ "type": "Feature", "properties": { "circuito": "1015A", "codprov": "19", "coddepto": "001" }, "geometry": { "type": "MultiPolygon", "coordinates": [ [ [ [ -66.30336252, -33.29794731 ], [ -66.30409769, -33.29817707 ], [ -66.30874954, -33.29975942 ], [ -66.30960615, -33.30006875 ], [ -66.31213787, -33.30094709 ], [ -66.31251448, -33.30107728 ], [ -66.31393026, -33.30160671 ], [ -66.31393611, -33.3016096 ], [ -66.31392062, -33.3014353 ], [ -66.31394878, -33.30033341 ], [ -66.31412357, -33.29907343 ], [ -66.31431589, -33.29783444 ], [ -66.31445423, -33.29694543 ], [ -66.31476827, -33.2947475 ], [ -66.31491322, -33.29362375 ], [ -66.31508388, -33.29231908 ], [ -66.31339591, -33.29302106 ], [ -66.3098861, -33.29459919 ], [ -66.30879618, -33.29508926 ], [ -66.30677164, -33.29620921 ], [ -66.30555752, -33.29686906 ], [ -66.30405307, -33.29760808 ], [ -66.30336252, -33.29794731 ] ] ] ] } },
{ "type": "Feature", "properties": { "circuito": "1008A", "codprov": "19", "coddepto": "001" }, "geometry": { "type": "MultiPolygon", "coordinates": [ [ [ [ -66.25971823, -33.2535461 ], [ -66.25975306, -33.25362582 ], [ -66.26541943, -33.2665919 ], [ -66.26556133, -33.2669166 ], [ -66.26716016, -33.27057515 ], [ -66.28590177, -33.27095937 ], [ -66.28673775, -33.27082453 ], [ -66.28800029, -33.27127703 ], [ -66.28934469, -33.27165298 ], [ -66.29126118, -33.27159866 ], [ -66.29299097, -33.27154115 ], [ -66.29373931, -33.27157922 ], [ -66.29476002, -33.27181542 ], [ -66.29597879, -33.27201621 ], [ -66.29617515, -33.26950271 ], [ -66.29636063, -33.26633293 ], [ -66.29735384, -33.26697196 ], [ -66.29794045, -33.26774612 ], [ -66.29864601, -33.26806772 ], [ -66.29932443, -33.26807705 ], [ -66.29997687, -33.26811931 ], [ -66.30065536, -33.26815055 ], [ -66.30398011, -33.26806451 ], [ -66.29974202, -33.26083081 ], [ -66.29918743, -33.25955255 ], [ -66.29828875, -33.2579948 ], [ -66.29735564, -33.25699204 ], [ -66.29678476, -33.25642078 ], [ -66.29544256, -33.25512509 ], [ -66.2945877, -33.25432435 ], [ -66.29385735, -33.25363476 ], [ -66.29305121, -33.25287231 ], [ -66.29204891, -33.25192717 ], [ -66.29135878, -33.2512777 ], [ -66.2907388, -33.25067119 ], [ -66.29029023, -33.2498362 ], [ -66.29023966, -33.2491176 ], [ -66.29020867, -33.24840825 ], [ -66.29015295, -33.24713319 ], [ -66.290094, -33.24641506 ], [ -66.29011962, -33.24557117 ], [ -66.29006775, -33.24423669 ], [ -66.28994142, -33.24098744 ], [ -66.28971782, -33.23578729 ], [ -66.27221391, -33.23583892 ], [ -66.27006596, -33.23584526 ], [ -66.26497668, -33.23586027 ], [ -66.2649373, -33.23586039 ], [ -66.26068546, -33.23573218 ], [ -66.26018306, -33.23571703 ], [ -66.25891272, -33.23567873 ], [ -66.2583931, -33.23566306 ], [ -66.25550948, -33.23557612 ], [ -66.25523417, -33.24328503 ], [ -66.25971823, -33.2535461 ] ] ] ] } },
{ "type": "Feature", "properties": { "circuito": "1001A", "codprov": "19", "coddepto": "001" }, "geometry": { "type": "MultiPolygon", "coordinates": [ [ [ [ -66.31881027, -33.27204403 ], [ -66.3188813, -33.2720121 ], [ -66.34007924, -33.26204579 ], [ -66.34043121, -33.26100922 ], [ -66.33972931, -33.25713349 ], [ -66.33942413, -33.25424576 ], [ -66.33959213, -33.25208208 ], [ -66.33970641, -33.25061035 ], [ -66.34243012, -33.24432755 ], [ -66.34490964, -33.23562448 ], [ -66.28971782, -33.23578729 ], [ -66.28994142, -33.24098744 ], [ -66.29006775, -33.24423669 ], [ -66.29011962, -33.24557117 ], [ -66.290094, -33.24641506 ], [ -66.29015295, -33.24713319 ], [ -66.29020867, -33.24840825 ], [ -66.29023966, -33.2491176 ], [ -66.29029023, -33.2498362 ], [ -66.2907388, -33.25067119 ], [ -66.29135878, -33.2512777 ], [ -66.29204891, -33.25192717 ], [ -66.29305121, -33.25287231 ], [ -66.29385735, -33.25363476 ], [ -66.2945877, -33.25432435 ], [ -66.29544256, -33.25512509 ], [ -66.29678476, -33.25642078 ], [ -66.29735564, -33.25699204 ], [ -66.29828875, -33.2579948 ], [ -66.29918743, -33.25955255 ], [ -66.29974202, -33.26083081 ], [ -66.30525289, -33.26105853 ], [ -66.30676348, -33.26110288 ], [ -66.31183407, -33.2612784 ], [ -66.31133306, -33.26470956 ], [ -66.31118765, -33.26569261 ], [ -66.3110487, -33.2666897 ], [ -66.3109071, -33.26762466 ], [ -66.31021009, -33.27014578 ], [ -66.30999368, -33.27150451 ], [ -66.30978535, -33.27281862 ], [ -66.30956834, -33.2743433 ], [ -66.30955245, -33.27542905 ], [ -66.30958677, -33.27627465 ], [ -66.31109364, -33.27557774 ], [ -66.31199834, -33.27516445 ], [ -66.31288816, -33.27474114 ], [ -66.3135286, -33.27447572 ], [ -66.31414104, -33.27416673 ], [ -66.31497094, -33.27378521 ], [ -66.31572967, -33.27345498 ], [ -66.31667148, -33.27302023 ], [ -66.31756925, -33.27260184 ], [ -66.31880985, -33.27204422 ], [ -66.31881027, -33.27204403 ] ] ] ] } },
{ "type": "Feature", "properties": { "circuito": "01003", "codprov": "19", "coddepto": "001" }, "geometry": { "type": "MultiPolygon", "coordinates": [ [ [ [ -66.31957772, -33.27215351 ], [ -66.31957939, -33.27215385 ], [ -66.32042223, -33.27229857 ], [ -66.32131475, -33.27242009 ], [ -66.32251415, -33.27259524 ], [ -66.32369318, -33.27302789 ], [ -66.32347332, -33.27387745 ], [ -66.32319012, -33.27480079 ], [ -66.32287068, -33.27659571 ], [ -66.32270833, -33.27749655 ], [ -66.32260326, -33.27816098 ], [ -66.3225007, -33.27881733 ], [ -66.32339386, -33.27889833 ], [ -66.32423816, -33.27898103 ], [ -66.32494863, -33.27905705 ], [ -66.32614005, -33.27918441 ], [ -66.3283087, -33.2794084 ], [ -66.32930819, -33.27951764 ], [ -66.33020219, -33.27960809 ], [ -66.33124455, -33.27971315 ], [ -66.33224403, -33.27981991 ], [ -66.33331135, -33.2799215 ], [ -66.33416278, -33.28000559 ], [ -66.33640548, -33.2802475 ], [ -66.33790779, -33.28044681 ], [ -66.33800386, -33.27952749 ], [ -66.33805077, -33.27877367 ], [ -66.3381952, -33.27732626 ], [ -66.33827302, -33.2765921 ], [ -66.33837201, -33.2756589 ], [ -66.33850047, -33.27469244 ], [ -66.33858175, -33.27403198 ], [ -66.33864137, -33.27338098 ], [ -66.33872857, -33.2722986 ], [ -66.3387941, -33.27167213 ], [ -66.33891807, -33.2705865 ], [ -66.33904487, -33.26947576 ], [ -66.34007924, -33.26204579 ], [ -66.3188813, -33.2720121 ], [ -66.31956747, -33.27215143 ], [ -66.31957562, -33.27215308 ], [ -66.31957772, -33.27215351 ] ] ] ] } },
{ "type": "Feature", "properties": { "circuito": "0004A", "codprov": "19", "coddepto": "001" }, "geometry": { "type": "MultiPolygon", "coordinates": [ [ [ [ -66.26167419, -33.18903374 ], [ -66.26088434, -33.18783318 ], [ -66.2608833, -33.18777099 ], [ -66.26110846, -33.18754713 ], [ -66.26141925, -33.1873976 ], [ -66.26160597, -33.1871586 ], [ -66.26164454, -33.18682856 ], [ -66.26158615, -33.18651189 ], [ -66.26164673, -33.18620458 ], [ -66.26163047, -33.18593182 ], [ -66.26145088, -33.18573097 ], [ -66.26117252, -33.18563644 ], [ -66.2608804, -33.1855527 ], [ -66.26066002, -33.18534862 ], [ -66.26017573, -33.18493805 ], [ -66.2599971, -33.18471246 ], [ -66.25998641, -33.18455103 ], [ -66.259979, -33.18437012 ], [ -66.25998482, -33.18414269 ], [ -66.25998636, -33.18408271 ], [ -66.25995452, -33.18387805 ], [ -66.25993894, -33.18377791 ], [ -66.25992855, -33.1835372 ], [ -66.25992545, -33.18342141 ], [ -66.26009569, -33.18294206 ], [ -66.2601632, -33.18275139 ], [ -66.26027987, -33.18242187 ], [ -66.26028938, -33.18234435 ], [ -66.26037234, -33.18173091 ], [ -66.26056655, -33.18148914 ], [ -66.26083622, -33.18127917 ], [ -66.26112702, -33.18113384 ], [ -66.26145471, -33.18115381 ], [ -66.26174633, -33.18133519 ], [ -66.26201916, -33.18154526 ], [ -66.26229777, -33.18162329 ], [ -66.26248555, -33.17939183 ], [ -66.2625713, -33.17837282 ], [ -66.26227797, -33.17757674 ], [ -66.25973309, -33.17369245 ], [ -66.25846978, -33.17176425 ], [ -66.25846902, -33.17176423 ], [ -66.25846451, -33.17175734 ], [ -66.25298158, -33.17151365 ], [ -66.2397327, -33.17025459 ], [ -66.22860357, -33.16919697 ], [ -66.22729039, -33.17111229 ], [ -66.21121126, -33.19456433 ], [ -66.20433979, -33.20458663 ], [ -66.20345118, -33.2058827 ], [ -66.1956506, -33.21726015 ], [ -66.18062902, -33.23914969 ], [ -66.18056843, -33.23923795 ], [ -66.18056194, -33.23923773 ], [ -66.18344625, -33.23941466 ], [ -66.18374925, -33.2394332 ], [ -66.18866967, -33.23973429 ], [ -66.1915002, -33.23984921 ], [ -66.2092227, -33.24056877 ], [ -66.21000684, -33.24051788 ], [ -66.21241842, -33.2403614 ], [ -66.24810092, -33.23804595 ], [ -66.25031941, -33.23790199 ], [ -66.25162634, -33.23781719 ], [ -66.25321861, -33.23764242 ], [ -66.25385412, -33.23942185 ], [ -66.25386645, -33.23945637 ], [ -66.25386738, -33.23945896 ], [ -66.25523417, -33.24328503 ], [ -66.25550948, -33.23557612 ], [ -66.2583931, -33.23566306 ], [ -66.25891272, -33.23567873 ], [ -66.26018306, -33.23571703 ], [ -66.26068546, -33.23573218 ], [ -66.2649373, -33.23586039 ], [ -66.26497668, -33.23586027 ], [ -66.26484678, -33.23398954 ], [ -66.26479407, -33.2329002 ], [ -66.2645751, -33.22837492 ], [ -66.2642832, -33.22234237 ], [ -66.26800713, -33.2194124 ], [ -66.26911764, -33.21853866 ], [ -66.26889034, -33.21816234 ], [ -66.2689263, -33.21813152 ], [ -66.26205636, -33.20638615 ], [ -66.26360099, -33.19574536 ], [ -66.26405086, -33.19264628 ], [ -66.26167419, -33.18903374 ] ] ] ] } },
{ "type": "Feature", "properties": { "circuito": "01007", "codprov": "19", "coddepto": "001" }, "geometry": { "type": "MultiPolygon", "coordinates": [ [ [ [ -66.31880985, -33.27204422 ], [ -66.31756925, -33.27260184 ], [ -66.31755842, -33.27389614 ], [ -66.31731333, -33.27570791 ], [ -66.31695396, -33.27824225 ], [ -66.31684874, -33.27908191 ], [ -66.31673127, -33.28004521 ], [ -66.31695638, -33.2809245 ], [ -66.31835212, -33.2810839 ], [ -66.31848265, -33.28215759 ], [ -66.31745919, -33.28202304 ], [ -66.3173093, -33.28288381 ], [ -66.31705833, -33.28420289 ], [ -66.31678739, -33.2851674 ], [ -66.31678505, -33.28516724 ], [ -66.3160648, -33.28511761 ], [ -66.31606477, -33.28511778 ], [ -66.31588521, -33.2863453 ], [ -66.31576728, -33.28715385 ], [ -66.31555858, -33.28867006 ], [ -66.3153491, -33.29018484 ], [ -66.31508388, -33.29231908 ], [ -66.31631822, -33.29184754 ], [ -66.31830654, -33.29111292 ], [ -66.31954449, -33.29065032 ], [ -66.32102354, -33.29008868 ], [ -66.32226584, -33.28968369 ], [ -66.32360819, -33.28938846 ], [ -66.32471178, -33.28927144 ], [ -66.3263992, -33.28939542 ], [ -66.32655694, -33.28803702 ], [ -66.32668153, -33.28719132 ], [ -66.32682978, -33.28613083 ], [ -66.3269818, -33.28518334 ], [ -66.32733526, -33.28402675 ], [ -66.32764184, -33.2828996 ], [ -66.3278636, -33.28178908 ], [ -66.32808076, -33.2805305 ], [ -66.3283087, -33.2794084 ], [ -66.32614243, -33.27918441 ], [ -66.32495101, -33.27905705 ], [ -66.32424054, -33.27898103 ], [ -66.32339624, -33.27889833 ], [ -66.32250308, -33.27881733 ], [ -66.32260563, -33.27816098 ], [ -66.32271071, -33.27749655 ], [ -66.32287306, -33.27659571 ], [ -66.32319012, -33.27480079 ], [ -66.32347332, -33.27387745 ], [ -66.32369318, -33.27302789 ], [ -66.32251415, -33.27259524 ], [ -66.32131475, -33.27242009 ], [ -66.32042223, -33.27229857 ], [ -66.31957939, -33.27215385 ], [ -66.31957772, -33.27215351 ], [ -66.31957562, -33.27215308 ], [ -66.31956747, -33.27215143 ], [ -66.3188813, -33.2720121 ], [ -66.31881027, -33.27204403 ], [ -66.31880985, -33.27204422 ] ] ] ] } },
{ "type": "Feature", "properties": { "circuito": "01009", "codprov": "19", "coddepto": "001" }, "geometry": { "type": "MultiPolygon", "coordinates": [ [ [ [ -66.27602832, -33.29086808 ], [ -66.27829062, -33.29604485 ], [ -66.28101273, -33.30227382 ], [ -66.28101591, -33.30228109 ], [ -66.28101872, -33.30228752 ], [ -66.28103149, -33.30228487 ], [ -66.28103521, -33.3022841 ], [ -66.28104294, -33.3022825 ], [ -66.29028296, -33.30036559 ], [ -66.29171398, -33.3000891 ], [ -66.29371016, -33.29976823 ], [ -66.29547509, -33.2996668 ], [ -66.29777135, -33.29953483 ], [ -66.29969191, -33.29926616 ], [ -66.3007527, -33.29900356 ], [ -66.30138797, -33.29878874 ], [ -66.30245116, -33.29839499 ], [ -66.30405307, -33.29760808 ], [ -66.30555752, -33.29686906 ], [ -66.30677164, -33.29620921 ], [ -66.30879618, -33.29508926 ], [ -66.3098861, -33.29459919 ], [ -66.31339591, -33.29302106 ], [ -66.31508388, -33.29231908 ], [ -66.3153491, -33.29018484 ], [ -66.31555858, -33.28867006 ], [ -66.31024432, -33.28835735 ], [ -66.30673801, -33.288142 ], [ -66.30564191, -33.28812343 ], [ -66.30488909, -33.28806784 ], [ -66.30400951, -33.28799058 ], [ -66.30313489, -33.28793456 ], [ -66.30207198, -33.28786888 ], [ -66.30079682, -33.28728822 ], [ -66.29932082, -33.28689831 ], [ -66.29869042, -33.28625145 ], [ -66.2973902, -33.28589816 ], [ -66.29673411, -33.28567044 ], [ -66.29561418, -33.28528174 ], [ -66.29564702, -33.28444429 ], [ -66.29575803, -33.2823481 ], [ -66.2958393, -33.28075915 ], [ -66.29586844, -33.27932545 ], [ -66.29598764, -33.27754244 ], [ -66.29614931, -33.27521277 ], [ -66.29604283, -33.2731171 ], [ -66.29597879, -33.27201621 ], [ -66.29476002, -33.27181542 ], [ -66.29373931, -33.27157922 ], [ -66.29299097, -33.27154115 ], [ -66.29126118, -33.27159866 ], [ -66.28934469, -33.27165298 ], [ -66.28800029, -33.27127703 ], [ -66.28673775, -33.27082453 ], [ -66.28590177, -33.27095937 ], [ -66.26716016, -33.27057515 ], [ -66.27600689, -33.29081903 ], [ -66.27602832, -33.29086808 ] ] ] ] } },
{ "type": "Feature", "properties": { "circuito": "00011", "codprov": "19", "coddepto": "001" }, "geometry": { "type": "MultiPolygon", "coordinates": [ [ [ [ -66.28099264, -33.69640102 ], [ -66.29679944, -33.69504751 ], [ -66.31198478, -33.69114582 ], [ -66.3259639, -33.68484623 ], [ -66.33819885, -33.67639132 ], [ -66.34821918, -33.66610659 ], [ -66.35564013, -33.65438784 ], [ -66.36017733, -33.64168589 ], [ -66.3616576, -33.62848919 ], [ -66.36002546, -33.61530497 ], [ -66.355345, -33.60263975 ], [ -66.34779726, -33.59097992 ], [ -66.33767305, -33.58077307 ], [ -66.32536168, -33.57241087 ], [ -66.31133596, -33.5662141 ], [ -66.29512843, -33.56234122 ], [ -66.28033912, -33.56117535 ], [ -66.26552879, -33.56244343 ], [ -66.2493917, -33.56642239 ], [ -66.23542602, -33.57271332 ], [ -66.22319551, -33.58115815 ], [ -66.21316991, -33.5914329 ], [ -66.2057348, -33.60314329 ], [ -66.2011767, -33.61583977 ], [ -66.19977463, -33.62987676 ], [ -66.20127982, -33.64222123 ], [ -66.20593985, -33.65489236 ], [ -66.21347414, -33.66656084 ], [ -66.22359392, -33.67677778 ], [ -66.23591055, -33.68514996 ], [ -66.24995043, -33.69135508 ], [ -66.26517319, -33.69515421 ], [ -66.28099264, -33.69640102 ] ] ] ] } },
{ "type": "Feature", "properties": { "circuito": "00014", "codprov": "19", "coddepto": "001" }, "geometry": { "type": "MultiPolygon", "coordinates": [ [ [ [ -66.46602005, -34.18899055 ], [ -66.48182685, -34.18763704 ], [ -66.49701219, -34.18373535 ], [ -66.51099131, -34.17743575 ], [ -66.52322626, -34.16898084 ], [ -66.53324659, -34.15869611 ], [ -66.54066754, -34.14697737 ], [ -66.54520474, -34.13427542 ], [ -66.54668501, -34.12107872 ], [ -66.54505287, -34.10789449 ], [ -66.54037241, -34.09522928 ], [ -66.53282467, -34.08356945 ], [ -66.52270046, -34.0733626 ], [ -66.51038909, -34.06500039 ], [ -66.49636337, -34.05880363 ], [ -66.48015584, -34.05493075 ], [ -66.46536653, -34.05376488 ], [ -66.4505562, -34.05503295 ], [ -66.43441911, -34.05901191 ], [ -66.42045343, -34.06530285 ], [ -66.40822292, -34.07374767 ], [ -66.39819732, -34.08402242 ], [ -66.39076221, -34.09573282 ], [ -66.38620411, -34.1084293 ], [ -66.38480203, -34.12246629 ], [ -66.38630723, -34.13481076 ], [ -66.39096726, -34.14748188 ], [ -66.39850155, -34.15915037 ], [ -66.40862133, -34.1693673 ], [ -66.42093796, -34.17773949 ], [ -66.43497784, -34.18394461 ], [ -66.4502006, -34.18774373 ], [ -66.46602005, -34.18899055 ] ] ] ] } },
{ "type": "Feature", "properties": { "circuito": "0008A", "codprov": "19", "coddepto": "001" }, "geometry": { "type": "MultiPolygon", "coordinates": [ [ [ [ -67.0147377, -33.31420793 ], [ -67.01361776, -33.30397369 ], [ -67.01344173, -33.28562349 ], [ -67.01474346, -33.26860786 ], [ -67.01640872, -33.25261733 ], [ -67.01081589, -33.24037058 ], [ -67.00305695, -33.224723 ], [ -66.99880319, -33.21370119 ], [ -66.99531185, -33.21353494 ], [ -66.99359263, -33.21339167 ], [ -66.9910138, -33.21267533 ], [ -66.98972438, -33.21339167 ], [ -66.98900804, -33.21468109 ], [ -66.98800516, -33.2155407 ], [ -66.98657248, -33.21525416 ], [ -66.98571286, -33.21525416 ], [ -66.98470999, -33.2155407 ], [ -66.9828475, -33.21568397 ], [ -66.98170135, -33.21568397 ], [ -66.98084174, -33.21640031 ], [ -66.9801254, -33.21683011 ], [ -66.97811964, -33.21783299 ], [ -66.97683022, -33.21897914 ], [ -66.97611388, -33.22026856 ], [ -66.97582734, -33.22155797 ], [ -66.975111, -33.22327719 ], [ -66.97353505, -33.22485315 ], [ -66.97267544, -33.22499641 ], [ -66.97152929, -33.22657237 ], [ -66.96981007, -33.22800505 ], [ -66.96852065, -33.22886466 ], [ -66.96723124, -33.22929447 ], [ -66.96479567, -33.229581 ], [ -66.96350626, -33.23058388 ], [ -66.96264664, -33.23201657 ], [ -66.9615005, -33.23258964 ], [ -66.96078415, -33.23330598 ], [ -66.95935147, -33.23330598 ], [ -66.95820532, -33.23301945 ], [ -66.95662937, -33.23430886 ], [ -66.95562649, -33.23488194 ], [ -66.95476688, -33.23631462 ], [ -66.953764, -33.23760404 ], [ -66.95304766, -33.23803384 ], [ -66.95147171, -33.23875019 ], [ -66.9506121, -33.24018287 ], [ -66.94989575, -33.24147229 ], [ -66.94731692, -33.24376458 ], [ -66.94545443, -33.24634341 ], [ -66.9374314, -33.25021166 ], [ -66.93442276, -33.25135781 ], [ -66.93299008, -33.25207415 ], [ -66.93026798, -33.25207415 ], [ -66.92883529, -33.25121454 ], [ -66.92754588, -33.25135781 ], [ -66.92611319, -33.25193088 ], [ -66.92453724, -33.25178761 ], [ -66.92324782, -33.25207415 ], [ -66.92138533, -33.25207415 ], [ -66.91966611, -33.25221742 ], [ -66.91780362, -33.25236069 ], [ -66.91594113, -33.25250396 ], [ -66.91450845, -33.25221742 ], [ -66.91192961, -33.25193088 ], [ -66.90849117, -33.25307703 ], [ -66.90591234, -33.25422318 ], [ -66.90261717, -33.25551259 ], [ -66.90104121, -33.25737508 ], [ -66.89932199, -33.25794816 ], [ -66.89831911, -33.2590943 ], [ -66.89617009, -33.25952411 ], [ -66.8943076, -33.25923757 ], [ -66.89115569, -33.25952411 ], [ -66.8888634, -33.2590943 ], [ -66.88714417, -33.2590943 ], [ -66.88528168, -33.25923757 ], [ -66.88255958, -33.2586645 ], [ -66.88026729, -33.25938084 ], [ -66.87625577, -33.26081353 ], [ -66.87396348, -33.26167314 ], [ -66.87152791, -33.26224621 ], [ -66.87038177, -33.26210294 ], [ -66.86722986, -33.26511158 ], [ -66.86422122, -33.27342115 ], [ -66.85992317, -33.27198846 ], [ -66.82740123, -33.27127212 ], [ -66.841155, -33.30092869 ], [ -66.80634077, -33.3068027 ], [ -66.81063882, -33.34261981 ], [ -66.81091916, -33.34258078 ], [ -66.8159123, -33.36158693 ], [ -66.81427689, -33.36338587 ], [ -66.81852894, -33.37957635 ], [ -66.81885602, -33.41293855 ], [ -66.72530017, -33.39485633 ], [ -66.72618055, -33.49750928 ], [ -66.89696554, -33.49598781 ], [ -66.89773137, -33.49632373 ], [ -66.91290977, -33.50006048 ], [ -66.96059523, -33.495766 ], [ -67.00854829, -33.49499375 ], [ -67.00794855, -33.46698915 ], [ -67.00712556, -33.42855943 ], [ -67.00606398, -33.37898893 ], [ -67.03057589, -33.3788501 ], [ -67.03050495, -33.37856422 ], [ -67.02562809, -33.35891049 ], [ -67.0169244, -33.34310041 ], [ -67.01290513, -33.33529629 ], [ -67.01045695, -33.33054272 ], [ -67.01382982, -33.32599349 ], [ -67.01522311, -33.3186437 ], [ -67.0147377, -33.31420793 ] ] ] ] } },
{ "type": "Feature", "properties": { "circuito": "00007", "codprov": "19", "coddepto": "001" }, "geometry": { "type": "MultiPolygon", "coordinates": [ [ [ [ -66.58699527, -33.54227492 ], [ -66.58522236, -33.56089047 ], [ -66.58500457, -33.56067083 ], [ -66.58326376, -33.57836907 ], [ -66.58723244, -33.63745824 ], [ -66.61060353, -33.63745824 ], [ -66.61525267, -33.63889401 ], [ -66.64058908, -33.64671849 ], [ -66.68997704, -33.63216667 ], [ -66.68997704, -33.61055944 ], [ -66.69967825, -33.58366064 ], [ -66.7085575, -33.55803192 ], [ -66.71908067, -33.52942207 ], [ -66.71510188, -33.51942106 ], [ -66.69945722, -33.50839286 ], [ -66.65875761, -33.49288825 ], [ -66.6306555, -33.48998113 ], [ -66.61757348, -33.48804306 ], [ -66.60594502, -33.49240373 ], [ -66.59577012, -33.51517613 ], [ -66.58699527, -33.54227492 ] ] ] ] } },
{ "type": "Feature", "properties": { "circuito": "00006", "codprov": "19", "coddepto": "001" }, "geometry": { "type": "MultiPolygon", "coordinates": [ [ [ [ -66.62555045, -33.27865835 ], [ -66.6098546, -33.28003562 ], [ -66.59477906, -33.28395657 ], [ -66.58090205, -33.29027085 ], [ -66.56875611, -33.2987363 ], [ -66.55880779, -33.30902815 ], [ -66.55143967, -33.32075145 ], [ -66.54693571, -33.33345615 ], [ -66.54547016, -33.34665431 ], [ -66.5471007, -33.35983881 ], [ -66.55176601, -33.37250287 ], [ -66.55928795, -33.38415947 ], [ -66.56937819, -33.39436016 ], [ -66.5712109, -33.39560758 ], [ -66.58164922, -33.40271238 ], [ -66.59562917, -33.40889459 ], [ -66.59876557, -33.40967588 ], [ -66.5944114, -33.46440556 ], [ -66.58699527, -33.54227492 ], [ -66.59577012, -33.51517613 ], [ -66.60594502, -33.49240373 ], [ -66.61757348, -33.48804306 ], [ -66.6306555, -33.48998113 ], [ -66.65875761, -33.49288825 ], [ -66.69945722, -33.50839286 ], [ -66.71510188, -33.51942106 ], [ -66.69197692, -33.46129463 ], [ -66.68409925, -33.44143211 ], [ -66.68405446, -33.44138697 ], [ -66.6841358, -33.44126339 ], [ -66.67459442, -33.41610883 ], [ -66.66874971, -33.40070004 ], [ -66.7059803, -33.34083447 ], [ -66.70494109, -33.33265988 ], [ -66.70025592, -33.32000175 ], [ -66.69272101, -33.30835373 ], [ -66.68418438, -33.29973559 ], [ -66.68262665, -33.29816297 ], [ -66.67036097, -33.28982053 ], [ -66.65639505, -33.28364646 ], [ -66.64126478, -33.27987755 ], [ -66.62555045, -33.27865835 ] ] ] ] } },
{ "type": "Feature", "properties": { "circuito": "00092", "codprov": "19", "coddepto": "008" }, "geometry": { "type": "MultiPolygon", "coordinates": [ [ [ [ -66.37053175, -32.97652041 ], [ -66.38305899, -32.96765394 ], [ -66.39258413, -32.95779587 ], [ -66.39994378, -32.94608136 ], [ -66.4044499, -32.93338118 ], [ -66.40593046, -32.92018369 ], [ -66.40432989, -32.90699616 ], [ -66.39971104, -32.89432526 ], [ -66.39225251, -32.88265759 ], [ -66.38224165, -32.87244106 ], [ -66.37006342, -32.86406774 ], [ -66.35618555, -32.85785886 ], [ -66.34114057, -32.85405257 ], [ -66.32550553, -32.85279484 ], [ -66.30987994, -32.8541339 ], [ -66.29486298, -32.85801841 ], [ -66.28103063, -32.86429943 ], [ -66.26891371, -32.87273603 ], [ -66.25897762, -32.88300457 ], [ -66.25160448, -32.89471098 ], [ -66.2470784, -32.90740584 ], [ -66.24557444, -32.9206016 ], [ -66.24715173, -32.93379126 ], [ -66.25175098, -32.94646784 ], [ -66.25891282, -32.95781017 ], [ -66.35888946, -32.98187496 ], [ -66.37053175, -32.97652041 ] ] ] ] } },
{ "type": "Feature", "properties": { "circuito": "00089", "codprov": "19", "coddepto": "008" }, "geometry": { "type": "MultiPolygon", "coordinates": [ [ [ [ -66.47314236, -32.57280014 ], [ -66.48875831, -32.57404412 ], [ -66.50436107, -32.57268739 ], [ -66.51934974, -32.56878223 ], [ -66.5331472, -32.56247903 ], [ -66.5452225, -32.5540205 ], [ -66.55511136, -32.54373224 ], [ -66.56243405, -32.53201018 ], [ -66.56690993, -32.51930523 ], [ -66.56836813, -32.50610593 ], [ -66.56675392, -32.49291963 ], [ -66.56213065, -32.48025292 ], [ -66.55467708, -32.46859227 ], [ -66.54468036, -32.45838531 ], [ -66.53252488, -32.45002374 ], [ -66.5186775, -32.44382834 ], [ -66.50366958, -32.44003677 ], [ -66.48807677, -32.43879441 ], [ -66.47249696, -32.44014894 ], [ -66.45752759, -32.44404842 ], [ -66.44374281, -32.45034331 ], [ -66.43167166, -32.45879218 ], [ -66.42177778, -32.46907089 ], [ -66.41444167, -32.48078498 ], [ -66.409946, -32.49348473 ], [ -66.40846467, -32.50668239 ], [ -66.41005592, -32.51987089 ], [ -66.4146599, -32.53254328 ], [ -66.42210079, -32.54421224 ], [ -66.43209336, -32.55442886 ], [ -66.44425386, -32.56279999 ], [ -66.45811467, -32.56900336 ], [ -66.47314236, -32.57280014 ] ] ] ] } },
{ "type": "Feature", "properties": { "circuito": "00091", "codprov": "19", "coddepto": "008" }, "geometry": { "type": "MultiPolygon", "coordinates": [ [ [ [ -66.40241872, -32.76276911 ], [ -66.40695338, -32.75131428 ], [ -66.40841158, -32.73811498 ], [ -66.40679737, -32.72492868 ], [ -66.40668173, -32.72461184 ], [ -66.40661816, -32.72453072 ], [ -66.37419542, -32.68315204 ], [ -66.37256833, -32.68203279 ], [ -66.35872095, -32.6758374 ], [ -66.34371303, -32.67204582 ], [ -66.32812022, -32.67080347 ], [ -66.31254041, -32.67215799 ], [ -66.29757104, -32.67605747 ], [ -66.28378626, -32.68235236 ], [ -66.27171511, -32.69080123 ], [ -66.26182123, -32.70107994 ], [ -66.25448512, -32.71279403 ], [ -66.24998945, -32.72549378 ], [ -66.24850812, -32.73869144 ], [ -66.25009937, -32.75187994 ], [ -66.25436927, -32.76291278 ], [ -66.25437391, -32.76292478 ], [ -66.26578547, -32.76291278 ], [ -66.40241872, -32.76276911 ] ] ] ] } },
{ "type": "Feature", "properties": { "circuito": "00096", "codprov": "19", "coddepto": "008" }, "geometry": { "type": "MultiPolygon", "coordinates": [ [ [ [ -66.87974234, -32.71157372 ], [ -66.89539723, -32.71276737 ], [ -66.91102715, -32.7113606 ], [ -66.92603013, -32.70740761 ], [ -66.94030645, -32.70072405 ], [ -66.95189131, -32.6925641 ], [ -66.96175477, -32.68224505 ], [ -66.96904014, -32.67050061 ], [ -66.97346826, -32.65778255 ], [ -66.97487009, -32.6445799 ], [ -66.97319311, -32.63140012 ], [ -66.96850307, -32.61874954 ], [ -66.96098131, -32.607114 ], [ -66.95091757, -32.59694014 ], [ -66.93869882, -32.58861838 ], [ -66.92479431, -32.582468 ], [ -66.90973758, -32.57872489 ], [ -66.89410611, -32.57753262 ], [ -66.87849929, -32.57893693 ], [ -66.86351557, -32.58288399 ], [ -66.84972966, -32.58922245 ], [ -66.83767066, -32.59770922 ], [ -66.82780175, -32.60801869 ], [ -66.8205025, -32.61975524 ], [ -66.8160542, -32.63246827 ], [ -66.81462894, -32.64566953 ], [ -66.81628282, -32.65885178 ], [ -66.82142721, -32.67224278 ], [ -66.82846289, -32.68315234 ], [ -66.83852282, -32.69333598 ], [ -66.85074703, -32.7016673 ], [ -66.86466542, -32.70782558 ], [ -66.87974234, -32.71157372 ] ] ] ] } },
{ "type": "Feature", "properties": { "circuito": "00098", "codprov": "19", "coddepto": "008" }, "geometry": { "type": "MultiPolygon", "coordinates": [ [ [ [ -66.83562551, -32.93146311 ], [ -66.8512804, -32.93265677 ], [ -66.86691032, -32.93125 ], [ -66.8819133, -32.92729701 ], [ -66.89150923, -32.9228046 ], [ -66.92033749, -32.8889335 ], [ -66.9294576, -32.87667203 ], [ -66.93075326, -32.8644693 ], [ -66.92907628, -32.85128952 ], [ -66.92438624, -32.83863894 ], [ -66.91686448, -32.82700339 ], [ -66.90680074, -32.81682953 ], [ -66.89458199, -32.80850778 ], [ -66.88067748, -32.8023574 ], [ -66.86562075, -32.79861429 ], [ -66.84998928, -32.79742202 ], [ -66.83438246, -32.79882633 ], [ -66.81939874, -32.80277339 ], [ -66.80561283, -32.80911185 ], [ -66.79355383, -32.81759861 ], [ -66.78368492, -32.82790809 ], [ -66.77638567, -32.83964464 ], [ -66.77193737, -32.85235767 ], [ -66.77051211, -32.86555893 ], [ -66.77216599, -32.87874117 ], [ -66.77731038, -32.89213218 ], [ -66.78434606, -32.90304174 ], [ -66.79440599, -32.91322538 ], [ -66.8066302, -32.9215567 ], [ -66.82054859, -32.92771498 ], [ -66.83562551, -32.93146311 ] ] ] ] } },
{ "type": "Feature", "properties": { "circuito": "00097", "codprov": "19", "coddepto": "008" }, "geometry": { "type": "MultiPolygon", "coordinates": [ [ [ [ -66.95516652, -33.00084762 ], [ -66.97082141, -33.00204128 ], [ -66.98645133, -33.00063451 ], [ -67.0014543, -32.99668151 ], [ -67.01573063, -32.98999796 ], [ -67.02731549, -32.981838 ], [ -67.03717895, -32.97151896 ], [ -67.04446432, -32.95977451 ], [ -67.04889243, -32.94705645 ], [ -67.05029427, -32.93385381 ], [ -67.04861729, -32.92067402 ], [ -67.04392725, -32.90802345 ], [ -67.03640549, -32.8963879 ], [ -67.02634175, -32.88621404 ], [ -67.014123, -32.87789229 ], [ -67.00021849, -32.87174191 ], [ -66.98516176, -32.8679988 ], [ -66.96953029, -32.86680653 ], [ -66.95392347, -32.86821084 ], [ -66.93893975, -32.8721579 ], [ -66.92963217, -32.87643732 ], [ -66.9294576, -32.87667203 ], [ -66.92033749, -32.8889335 ], [ -66.89150923, -32.9228046 ], [ -66.89134252, -32.92300047 ], [ -66.89005311, -32.93494344 ], [ -66.891707, -32.94812568 ], [ -66.89685139, -32.96151669 ], [ -66.90388707, -32.97242625 ], [ -66.913947, -32.98260989 ], [ -66.9261712, -32.99094121 ], [ -66.9400896, -32.99709949 ], [ -66.95516652, -33.00084762 ] ] ] ] } },
{ "type": "Feature", "properties": { "circuito": "00099", "codprov": "19", "coddepto": "008" }, "geometry": { "type": "MultiPolygon", "coordinates": [ [ [ [ -67.05074992, -33.09564937 ], [ -67.05428746, -33.08548915 ], [ -67.0556893, -33.0722865 ], [ -67.05401232, -33.05910672 ], [ -67.04932228, -33.04645614 ], [ -67.04180051, -33.0348206 ], [ -67.03173678, -33.02464673 ], [ -67.01951803, -33.01632498 ], [ -67.00561351, -33.0101746 ], [ -66.99055679, -33.00643149 ], [ -66.97492532, -33.00523922 ], [ -66.9593185, -33.00664353 ], [ -66.94433477, -33.01059059 ], [ -66.93054887, -33.01692905 ], [ -66.91848986, -33.02541582 ], [ -66.90862095, -33.03572529 ], [ -66.9013217, -33.04746184 ], [ -66.8968734, -33.06017487 ], [ -66.89544814, -33.07337613 ], [ -66.89710202, -33.08655838 ], [ -66.89889367, -33.09122208 ], [ -66.89889523, -33.09122212 ], [ -66.90031001, -33.09126337 ], [ -67.04937136, -33.09560918 ], [ -67.05074757, -33.0956493 ], [ -67.05074992, -33.09564937 ] ] ] ] } },
{ "type": "Feature", "properties": { "circuito": "01801", "codprov": "19", "coddepto": "002" }, "geometry": { "type": "MultiPolygon", "coordinates": [ [ [ [ -65.63238525, -33.05249023 ], [ -65.63452148, -33.05224609 ], [ -65.63452148, -33.05194092 ], [ -65.63452148, -33.05181885 ], [ -65.63439941, -33.05084229 ], [ -65.63439941, -33.05029297 ], [ -65.63439941, -33.04974365 ], [ -65.63427734, -33.04931641 ], [ -65.63415527, -33.04876709 ], [ -65.6338501, -33.04833984 ], [ -65.63348389, -33.04785156 ], [ -65.63305664, -33.04742432 ], [ -65.63250732, -33.04711914 ], [ -65.63183594, -33.046875 ], [ -65.63116455, -33.04675293 ], [ -65.63031006, -33.04669189 ], [ -65.62878418, -33.04644775 ], [ -65.62713623, -33.04632568 ], [ -65.62506104, -33.04620361 ], [ -65.62438965, -33.04602051 ], [ -65.62371826, -33.04602051 ], [ -65.62316895, -33.04577637 ], [ -65.62261963, -33.04547119 ], [ -65.62219238, -33.04522705 ], [ -65.62182617, -33.04492187 ], [ -65.62139893, -33.04455566 ], [ -65.62097168, -33.04400635 ], [ -65.62060547, -33.0435791 ], [ -65.62042236, -33.04327393 ], [ -65.62005615, -33.04333496 ], [ -65.62115479, -33.04669189 ], [ -65.62139893, -33.04852295 ], [ -65.621521, -33.0489502 ], [ -65.62164307, -33.04974365 ], [ -65.62115479, -33.05249023 ], [ -65.62109375, -33.05291748 ], [ -65.62097168, -33.05334473 ], [ -65.62207031, -33.0534668 ], [ -65.62304687, -33.05358887 ], [ -65.62426758, -33.0534668 ], [ -65.62426758, -33.05334473 ], [ -65.62438965, -33.05334473 ], [ -65.62548828, -33.05328369 ], [ -65.62567139, -33.05328369 ], [ -65.62670898, -33.05316162 ], [ -65.62677002, -33.05316162 ], [ -65.62799072, -33.05303955 ], [ -65.62890625, -33.05291748 ], [ -65.62896729, -33.05291748 ], [ -65.62908936, -33.05291748 ], [ -65.62976074, -33.05279541 ], [ -65.63018799, -33.05279541 ], [ -65.63031006, -33.05273437 ], [ -65.63061523, -33.05273437 ], [ -65.63128662, -33.0526123 ], [ -65.63140869, -33.0526123 ], [ -65.63153076, -33.0526123 ], [ -65.63238525, -33.05249023 ] ] ] ] } },
{ "type": "Feature", "properties": { "circuito": "00016", "codprov": "19", "coddepto": "002" }, "geometry": { "type": "MultiPolygon", "coordinates": [ [ [ [ -65.82223166, -33.26601722 ], [ -65.83732452, -33.26988587 ], [ -65.85302652, -33.27120473 ], [ -65.86873288, -33.26992299 ], [ -65.88383867, -33.26609003 ], [ -65.89776223, -33.25985346 ], [ -65.90924119, -33.2519535 ], [ -65.9199858, -33.24121325 ], [ -65.92743177, -33.22952707 ], [ -65.93202023, -33.21684444 ], [ -65.93357599, -33.20365306 ], [ -65.93175172, -33.18965736 ], [ -65.92747445, -33.1777721 ], [ -65.92005413, -33.16607669 ], [ -65.91006555, -33.15582273 ], [ -65.89789286, -33.14740372 ], [ -65.88400357, -33.14114264 ], [ -65.86893069, -33.13727962 ], [ -65.85325233, -33.1359628 ], [ -65.83756966, -33.13724268 ], [ -65.82248401, -33.14107016 ], [ -65.80857398, -33.14729848 ], [ -65.79637334, -33.15568874 ], [ -65.78635069, -33.16591907 ], [ -65.77889145, -33.17759688 ], [ -65.77428301, -33.19027388 ], [ -65.77270361, -33.20346322 ], [ -65.77421529, -33.21665816 ], [ -65.77876131, -33.22935151 ], [ -65.78616811, -33.24105518 ], [ -65.79615183, -33.25131893 ], [ -65.80832909, -33.25974777 ], [ -65.82223166, -33.26601722 ] ] ] ] } },
{ "type": "Feature", "properties": { "circuito": "00101", "codprov": "19", "coddepto": "009" }, "geometry": { "type": "MultiPolygon", "coordinates": [ [ [ [ -65.23379192, -34.82735751 ], [ -65.24977278, -34.82875605 ], [ -65.26577729, -34.82755476 ], [ -65.28118891, -34.82379988 ], [ -65.29541415, -34.81763604 ], [ -65.30790545, -34.80930059 ], [ -65.31818246, -34.79911445 ], [ -65.3258505, -34.78746966 ], [ -65.33061567, -34.77481425 ], [ -65.33229606, -34.76163491 ], [ -65.33082854, -34.74843826 ], [ -65.32627098, -34.73573134 ], [ -65.31879976, -34.72400217 ], [ -65.30870286, -34.71370099 ], [ -65.29636862, -34.70522311 ], [ -65.2822708, -34.69889371 ], [ -65.26695037, -34.69495552 ], [ -65.2509949, -34.69355953 ], [ -65.23501609, -34.69475924 ], [ -65.21962656, -34.69850863 ], [ -65.20541646, -34.70466394 ], [ -65.19293102, -34.71298909 ], [ -65.1826497, -34.72316473 ], [ -65.17496786, -34.73480043 ], [ -65.17018147, -34.74744955 ], [ -65.16847569, -34.76062634 ], [ -65.17003466, -34.77415298 ], [ -65.17445297, -34.78653697 ], [ -65.18190906, -34.79827468 ], [ -65.1920001, -34.80858615 ], [ -65.20433864, -34.81707454 ], [ -65.21845028, -34.82341302 ], [ -65.23379192, -34.82735751 ] ] ] ] } },
{ "type": "Feature", "properties": { "circuito": "0009B", "codprov": "19", "coddepto": "001" }, "geometry": { "type": "MultiPolygon", "coordinates": [ [ [ [ -67.03050495, -33.37856422 ], [ -67.03057589, -33.3788501 ], [ -67.00606398, -33.37898893 ], [ -67.00712556, -33.42855943 ], [ -67.03299827, -33.42523725 ], [ -67.03142621, -33.38107674 ], [ -67.03050495, -33.37856422 ] ] ] ] } },
{ "type": "Feature", "properties": { "circuito": "0008B", "codprov": "19", "coddepto": "001" }, "geometry": { "type": "MultiPolygon", "coordinates": [ [ [ [ -66.99341281, -33.12356454 ], [ -66.72300008, -33.1266656 ], [ -66.72530017, -33.39485633 ], [ -66.81885602, -33.41293855 ], [ -66.81852894, -33.37957635 ], [ -66.81427689, -33.36338587 ], [ -66.8159123, -33.36158693 ], [ -66.81091916, -33.34258078 ], [ -66.81063882, -33.34261981 ], [ -66.80634077, -33.3068027 ], [ -66.841155, -33.30092869 ], [ -66.82740123, -33.27127212 ], [ -66.85992317, -33.27198846 ], [ -66.86422122, -33.27342115 ], [ -66.86722986, -33.26511158 ], [ -66.87038177, -33.26210294 ], [ -66.87152791, -33.26224621 ], [ -66.87396348, -33.26167314 ], [ -66.87625577, -33.26081353 ], [ -66.88026729, -33.25938084 ], [ -66.88255958, -33.2586645 ], [ -66.88528168, -33.25923757 ], [ -66.88714417, -33.2590943 ], [ -66.8888634, -33.2590943 ], [ -66.89115569, -33.25952411 ], [ -66.8943076, -33.25923757 ], [ -66.89617009, -33.25952411 ], [ -66.89831911, -33.2590943 ], [ -66.89932199, -33.25794816 ], [ -66.90104121, -33.25737508 ], [ -66.90261717, -33.25551259 ], [ -66.90591234, -33.25422318 ], [ -66.90849117, -33.25307703 ], [ -66.91192961, -33.25193088 ], [ -66.91450845, -33.25221742 ], [ -66.91594113, -33.25250396 ], [ -66.91780362, -33.25236069 ], [ -66.91966611, -33.25221742 ], [ -66.92138533, -33.25207415 ], [ -66.92324782, -33.25207415 ], [ -66.92453724, -33.25178761 ], [ -66.92611319, -33.25193088 ], [ -66.92754588, -33.25135781 ], [ -66.92883529, -33.25121454 ], [ -66.93026798, -33.25207415 ], [ -66.93299008, -33.25207415 ], [ -66.93442276, -33.25135781 ], [ -66.9374314, -33.25021166 ], [ -66.94545443, -33.24634341 ], [ -66.94731692, -33.24376458 ], [ -66.94989575, -33.24147229 ], [ -66.9506121, -33.24018287 ], [ -66.95147171, -33.23875019 ], [ -66.95304766, -33.23803384 ], [ -66.953764, -33.23760404 ], [ -66.95476688, -33.23631462 ], [ -66.95562649, -33.23488194 ], [ -66.95662937, -33.23430886 ], [ -66.95820532, -33.23301945 ], [ -66.95935147, -33.23330598 ], [ -66.96078415, -33.23330598 ], [ -66.9615005, -33.23258964 ], [ -66.96264664, -33.23201657 ], [ -66.96350626, -33.23058388 ], [ -66.96479567, -33.229581 ], [ -66.96723124, -33.22929447 ], [ -66.96852065, -33.22886466 ], [ -66.96981007, -33.22800505 ], [ -66.97152929, -33.22657237 ], [ -66.97267544, -33.22499641 ], [ -66.97353505, -33.22485315 ], [ -66.975111, -33.22327719 ], [ -66.97582734, -33.22155797 ], [ -66.97611388, -33.22026856 ], [ -66.97683022, -33.21897914 ], [ -66.97811964, -33.21783299 ], [ -66.9801254, -33.21683011 ], [ -66.98084174, -33.21640031 ], [ -66.98170135, -33.21568397 ], [ -66.9828475, -33.21568397 ], [ -66.98470999, -33.2155407 ], [ -66.98571286, -33.21525416 ], [ -66.98657248, -33.21525416 ], [ -66.98800516, -33.2155407 ], [ -66.98900804, -33.21468109 ], [ -66.98972438, -33.21339167 ], [ -66.9910138, -33.21267533 ], [ -66.99359263, -33.21339167 ], [ -66.99531185, -33.21353494 ], [ -66.99880319, -33.21370119 ], [ -66.99661717, -33.20803702 ], [ -66.9979803, -33.18527753 ], [ -66.99556324, -33.17315888 ], [ -66.98932965, -33.14583081 ], [ -66.99341281, -33.12356454 ] ] ] ] } },
{ "type": "Feature", "properties": { "circuito": "00108", "codprov": "19", "coddepto": "009" }, "geometry": { "type": "MultiPolygon", "coordinates": [ [ [ [ -65.92632978, -35.22406264 ], [ -65.94240035, -35.22537024 ], [ -65.95847276, -35.22407793 ], [ -65.97392786, -35.22023548 ], [ -65.98817047, -35.21399089 ], [ -66.00065241, -35.20558466 ], [ -66.0108937, -35.19534042 ], [ -66.01850108, -35.18365247 ], [ -66.02290943, -35.17171172 ], [ -66.02476092, -35.15778215 ], [ -66.02317556, -35.14459441 ], [ -66.01848937, -35.13191394 ], [ -66.01088369, -35.12022772 ], [ -66.00065165, -35.10998431 ], [ -65.98818674, -35.10157678 ], [ -65.97396769, -35.09532763 ], [ -65.95854009, -35.09147648 ], [ -65.94249557, -35.09017101 ], [ -65.92644923, -35.09146126 ], [ -65.91101625, -35.09529777 ], [ -65.89678845, -35.10153343 ], [ -65.88431176, -35.10992911 ], [ -65.87406534, -35.12016278 ], [ -65.86644326, -35.13184176 ], [ -65.86173924, -35.14451775 ], [ -65.86013531, -35.15770394 ], [ -65.8616946, -35.17089374 ], [ -65.86635866, -35.18358016 ], [ -65.87394953, -35.19527531 ], [ -65.88417633, -35.20552926 ], [ -65.89664636, -35.21394736 ], [ -65.91088012, -35.22020548 ], [ -65.92632978, -35.22406264 ] ] ] ] } },
{ "type": "Feature", "properties": { "circuito": "00106", "codprov": "19", "coddepto": "009" }, "geometry": { "type": "MultiPolygon", "coordinates": [ [ [ [ -65.56731604, -35.21529163 ], [ -65.58339201, -35.21404913 ], [ -65.59886252, -35.21025464 ], [ -65.61313178, -35.20405429 ], [ -65.62565056, -35.19568688 ], [ -65.63593747, -35.18547455 ], [ -65.64359744, -35.17381036 ], [ -65.64833695, -35.16114309 ], [ -65.64997509, -35.14795987 ], [ -65.6484504, -35.13476747 ], [ -65.64382295, -35.12207275 ], [ -65.63627184, -35.11036324 ], [ -65.62608811, -35.10008842 ], [ -65.61366343, -35.09164257 ], [ -65.599475, -35.08534963 ], [ -65.58406725, -35.08145094 ], [ -65.56803107, -35.08009596 ], [ -65.55198124, -35.08133664 ], [ -65.53653306, -35.0851254 ], [ -65.52227894, -35.09131696 ], [ -65.50976579, -35.09967388 ], [ -65.49947416, -35.1098756 ], [ -65.49179982, -35.12153068 ], [ -65.4870385, -35.13419174 ], [ -65.4853744, -35.14737258 ], [ -65.48687296, -35.1605668 ], [ -65.49147807, -35.17326726 ], [ -65.49964669, -35.18562497 ], [ -65.50919214, -35.19527087 ], [ -65.52162155, -35.20372733 ], [ -65.53582434, -35.21002937 ], [ -65.55125391, -35.21393428 ], [ -65.56731604, -35.21529163 ] ] ] ] } },
{ "type": "Feature", "properties": { "circuito": "00102", "codprov": "19", "coddepto": "009" }, "geometry": { "type": "MultiPolygon", "coordinates": [ [ [ [ -65.68604897, -34.84601373 ], [ -65.70205107, -34.84475502 ], [ -65.71744666, -34.84094476 ], [ -65.73164284, -34.83472973 ], [ -65.74409321, -34.82634925 ], [ -65.75431901, -34.81612597 ], [ -65.76192755, -34.80445338 ], [ -65.76662725, -34.79178054 ], [ -65.76823873, -34.77859481 ], [ -65.76670152, -34.76540304 ], [ -65.76207614, -34.75271206 ], [ -65.75454159, -34.74100927 ], [ -65.74438825, -34.73074389 ], [ -65.73200661, -34.72230983 ], [ -65.71787221, -34.71603061 ], [ -65.70252743, -34.71214704 ], [ -65.68656073, -34.71080802 ], [ -65.67058427, -34.71206487 ], [ -65.65521054, -34.7158694 ], [ -65.64102913, -34.72207572 ], [ -65.62858417, -34.73044584 ], [ -65.61835361, -34.74065866 ], [ -65.61073086, -34.75232232 ], [ -65.60600966, -34.7649891 ], [ -65.60437267, -34.77817255 ], [ -65.60588425, -34.79136619 ], [ -65.61048776, -34.80406289 ], [ -65.61800754, -34.81577439 ], [ -65.62815547, -34.82605014 ], [ -65.64054187, -34.83449465 ], [ -65.65293089, -34.84000091 ], [ -65.67005676, -34.84467244 ], [ -65.68604897, -34.84601373 ] ] ] ] } },
{ "type": "Feature", "properties": { "circuito": "00104", "codprov": "19", "coddepto": "009" }, "geometry": { "type": "MultiPolygon", "coordinates": [ [ [ [ -65.47707437, -34.82865614 ], [ -65.49120933, -34.8349632 ], [ -65.5065666, -34.83887343 ], [ -65.5225548, -34.84023619 ], [ -65.53855805, -34.83899899 ], [ -65.55395988, -34.83520947 ], [ -65.56816717, -34.82901359 ], [ -65.58063308, -34.82064993 ], [ -65.59087823, -34.81044051 ], [ -65.59850919, -34.79877826 ], [ -65.60323351, -34.78611187 ], [ -65.60487085, -34.77292844 ], [ -65.60335974, -34.75973475 ], [ -65.59875972, -34.74703772 ], [ -65.5912488, -34.73532496 ], [ -65.58111647, -34.72504609 ], [ -65.56875241, -34.71659554 ], [ -65.55463151, -34.71029747 ], [ -65.53929563, -34.7063934 ], [ -65.5233329, -34.70503301 ], [ -65.50735532, -34.70626845 ], [ -65.49197544, -34.71005234 ], [ -65.47778305, -34.71623958 ], [ -65.46532273, -34.72459289 ], [ -65.45507298, -34.73479185 ], [ -65.44742795, -34.74644511 ], [ -65.44268225, -34.75910534 ], [ -65.44101944, -34.77228639 ], [ -65.44250488, -34.78548184 ], [ -65.44708295, -34.79818451 ], [ -65.45457897, -34.80990592 ], [ -65.46470572, -34.82019513 ], [ -65.47707437, -34.82865614 ] ] ] ] } },
{ "type": "Feature", "properties": { "circuito": "00025", "codprov": "19", "coddepto": "002" }, "geometry": { "type": "MultiPolygon", "coordinates": [ [ [ [ -65.99084471, -33.10533608 ], [ -65.99078503, -33.10538184 ], [ -65.99189903, -33.10571604 ], [ -65.99458742, -33.10773234 ], [ -65.99593162, -33.10857246 ], [ -65.99643569, -33.10949659 ], [ -65.99702378, -33.10974863 ], [ -65.99752785, -33.1102527 ], [ -65.99752785, -33.11100881 ], [ -65.99643569, -33.11100881 ], [ -65.99542755, -33.11042073 ], [ -65.99458742, -33.11042073 ], [ -65.99433539, -33.11117684 ], [ -65.99534353, -33.11176492 ], [ -65.99609964, -33.11184893 ], [ -65.99584761, -33.11268906 ], [ -65.99450341, -33.11336115 ], [ -65.99450341, -33.1143693 ], [ -65.99416736, -33.11495739 ], [ -65.99366329, -33.11655362 ], [ -65.99257113, -33.11730973 ], [ -65.99215107, -33.11823386 ], [ -65.99139496, -33.11856991 ], [ -65.99089089, -33.11882195 ], [ -65.98988274, -33.11907399 ], [ -65.99005076, -33.12025016 ], [ -65.98996675, -33.12142633 ], [ -65.99072286, -33.12235046 ], [ -65.99181502, -33.12293855 ], [ -65.99257113, -33.12335861 ], [ -65.9930752, -33.12369466 ], [ -65.99391533, -33.12428274 ], [ -65.99425138, -33.1247028 ], [ -65.99551156, -33.12520688 ], [ -65.99618366, -33.12545891 ], [ -65.99635168, -33.12613101 ], [ -65.99668773, -33.12655107 ], [ -65.99702378, -33.12713916 ], [ -65.99702378, -33.12831533 ], [ -65.99735983, -33.12898743 ], [ -65.99752785, -33.1294915 ], [ -65.99752785, -33.13024761 ], [ -65.99702378, -33.1308357 ], [ -65.99643569, -33.13091971 ], [ -65.99593162, -33.13184384 ], [ -65.99559557, -33.13259995 ], [ -65.99500749, -33.13369211 ], [ -65.99324323, -33.13369211 ], [ -65.99181502, -33.13352409 ], [ -65.99139496, -33.13394415 ], [ -65.99147897, -33.13478427 ], [ -65.99198305, -33.13554038 ], [ -65.99156298, -33.1363805 ], [ -65.99139496, -33.13663254 ], [ -65.99055484, -33.13764068 ], [ -65.98895861, -33.13780871 ], [ -65.98828651, -33.13831278 ], [ -65.98778244, -33.13856482 ], [ -65.98795046, -33.14024506 ], [ -65.98845453, -33.14200932 ], [ -65.98912663, -33.14360555 ], [ -65.98929465, -33.14503376 ], [ -65.9896307, -33.14578987 ], [ -65.99047083, -33.14612592 ], [ -65.99053493, -33.14644642 ], [ -65.9908717, -33.14673268 ], [ -65.9912243, -33.14702652 ], [ -65.99148875, -33.1472322 ], [ -65.99207643, -33.14911275 ], [ -65.99201766, -33.15008242 ], [ -65.99066601, -33.14964166 ], [ -65.98954943, -33.14917152 ], [ -65.98865423, -33.1486475 ], [ -65.9883447, -33.14846631 ], [ -65.98708121, -33.14814309 ], [ -65.9858471, -33.14781987 ], [ -65.9851125, -33.1474085 ], [ -65.98452706, -33.14684557 ], [ -65.98434853, -33.14667391 ], [ -65.98361394, -33.14608624 ], [ -65.98317318, -33.14585117 ], [ -65.98290723, -33.14587163 ], [ -65.9827912, -33.14588055 ], [ -65.98182154, -33.14673268 ], [ -65.98177608, -33.14690052 ], [ -65.98143955, -33.14814309 ], [ -65.98029359, -33.14920091 ], [ -65.98041112, -33.15102269 ], [ -65.9782955, -33.15258002 ], [ -65.97788413, -33.15293263 ], [ -65.97738461, -33.15384352 ], [ -65.97756091, -33.15631175 ], [ -65.97760645, -33.15676718 ], [ -66.00168363, -33.1566818 ], [ -66.01168286, -33.15664634 ], [ -66.04230807, -33.15653774 ], [ -66.04230559, -33.15643314 ], [ -66.05059034, -33.15675416 ], [ -66.05611524, -33.15696824 ], [ -66.0564293, -33.14589287 ], [ -66.05647333, -33.14589284 ], [ -66.05647743, -33.14543795 ], [ -66.0600102, -33.14547953 ], [ -66.06896544, -33.14558494 ], [ -66.06905757, -33.14558603 ], [ -66.06784179, -33.14462354 ], [ -66.06674995, -33.14380466 ], [ -66.06374739, -33.14080209 ], [ -66.06251906, -33.13793601 ], [ -66.06251906, -33.13479696 ], [ -66.06183666, -33.12906479 ], [ -66.06170018, -33.1255163 ], [ -66.06115426, -33.12469742 ], [ -66.06129074, -33.12319614 ], [ -66.06183666, -33.12114894 ], [ -66.06279202, -33.11896525 ], [ -66.06347443, -33.11855581 ], [ -66.06483923, -33.11828285 ], [ -66.06456627, -33.11596269 ], [ -66.06306499, -33.11596269 ], [ -66.06197314, -33.11432492 ], [ -66.06115426, -33.11405196 ], [ -66.05965298, -33.11364252 ], [ -66.05842466, -33.11391548 ], [ -66.05719633, -33.11391548 ], [ -66.05569505, -33.11418844 ], [ -66.05351137, -33.11418844 ], [ -66.05201008, -33.11405196 ], [ -66.05037232, -33.11323308 ], [ -66.04805216, -33.11296012 ], [ -66.04750624, -33.1117318 ], [ -66.04655087, -33.11132236 ], [ -66.04532255, -33.11132236 ], [ -66.04204702, -33.11132236 ], [ -66.04122814, -33.11132236 ], [ -66.04068222, -33.11227772 ], [ -66.03999982, -33.11405196 ], [ -66.0387715, -33.11568972 ], [ -66.03686077, -33.1144614 ], [ -66.03658781, -33.113779 ], [ -66.03563245, -33.11296012 ], [ -66.03563245, -33.11118588 ], [ -66.03535949, -33.11091292 ], [ -66.03399469, -33.11036699 ], [ -66.03331229, -33.11050347 ], [ -66.03181101, -33.10982107 ], [ -66.03126508, -33.10968459 ], [ -66.03071916, -33.10818331 ], [ -66.03071916, -33.10640907 ], [ -66.03017324, -33.10572667 ], [ -66.02867196, -33.10436186 ], [ -66.02880844, -33.10286058 ], [ -66.0290814, -33.10176874 ], [ -66.02880844, -33.09999449 ], [ -66.02962732, -33.09917561 ], [ -66.0297638, -33.09794729 ], [ -66.02962732, -33.09671897 ], [ -66.03017324, -33.09480824 ], [ -66.03099212, -33.09344344 ], [ -66.0311286, -33.09112328 ], [ -66.03126508, -33.0903044 ], [ -66.03222045, -33.08934903 ], [ -66.03235693, -33.08784775 ], [ -66.03201573, -33.08771127 ], [ -66.03119684, -33.08702887 ], [ -66.03037796, -33.08702887 ], [ -66.02887668, -33.08866663 ], [ -66.02778484, -33.08866663 ], [ -66.02546467, -33.08825719 ], [ -66.02423635, -33.08771127 ], [ -66.02218915, -33.08853015 ], [ -66.02218915, -33.08934903 ], [ -66.02137027, -33.09153272 ], [ -66.02137027, -33.09262456 ], [ -66.02137027, -33.09426232 ], [ -66.02000546, -33.09521769 ], [ -66.01864066, -33.09603657 ], [ -66.0170029, -33.09590009 ], [ -66.01563809, -33.09712841 ], [ -66.01509217, -33.09794729 ], [ -66.01509217, -33.09835673 ], [ -66.01495569, -33.09985801 ], [ -66.01413681, -33.1006769 ], [ -66.01359089, -33.10258762 ], [ -66.01331793, -33.10327002 ], [ -66.01181665, -33.10327002 ], [ -66.0107248, -33.10217818 ], [ -66.0107248, -33.10054042 ], [ -66.00854112, -33.09972153 ], [ -66.00676688, -33.09985801 ], [ -66.00649392, -33.09753785 ], [ -66.00622096, -33.09671897 ], [ -66.00390079, -33.09658249 ], [ -66.00171711, -33.09644601 ], [ -66.00134482, -33.09607372 ], [ -66.00089823, -33.09562713 ], [ -65.99885102, -33.09549065 ], [ -65.99680382, -33.09467176 ], [ -65.99571648, -33.09461136 ], [ -65.99518417, -33.09533722 ], [ -65.99425234, -33.0961914 ], [ -65.99378643, -33.09751149 ], [ -65.9930099, -33.09813272 ], [ -65.99246633, -33.09898689 ], [ -65.99234534, -33.09907332 ], [ -65.99192277, -33.09937516 ], [ -65.99068032, -33.10069525 ], [ -65.9900591, -33.102093 ], [ -65.98943788, -33.10255891 ], [ -65.98974849, -33.10442257 ], [ -65.99068032, -33.1051991 ], [ -65.99084471, -33.10533608 ] ] ] ] } },
{ "type": "Feature", "properties": { "circuito": "00111", "codprov": "19", "coddepto": "009" }, "geometry": { "type": "MultiPolygon", "coordinates": [ [ [ [ -65.24946483, -35.7628496 ], [ -65.25968265, -35.77315544 ], [ -65.27217381, -35.78163749 ], [ -65.28645801, -35.78796917 ], [ -65.30198549, -35.79190663 ], [ -65.31815827, -35.79329817 ], [ -65.33435331, -35.79209018 ], [ -65.34994671, -35.78832917 ], [ -65.3643379, -35.78216 ], [ -65.37697293, -35.77382027 ], [ -65.38736591, -35.76363107 ], [ -65.39511771, -35.75198459 ], [ -65.39910252, -35.74146364 ], [ -65.34411663, -35.66170627 ], [ -65.33545542, -35.65951014 ], [ -65.31930929, -35.65812118 ], [ -65.30314119, -35.65932747 ], [ -65.28757092, -35.66308276 ], [ -65.27319553, -35.66924304 ], [ -65.26056655, -35.67757208 ], [ -65.25016898, -35.68775042 ], [ -65.24240262, -35.69938751 ], [ -65.23756677, -35.71203669 ], [ -65.23584853, -35.72521223 ], [ -65.23758013, -35.73913981 ], [ -65.24191265, -35.75111664 ], [ -65.24946483, -35.7628496 ] ] ] ] } },
{ "type": "Feature", "properties": { "circuito": "00110", "codprov": "19", "coddepto": "009" }, "geometry": { "type": "MultiPolygon", "coordinates": [ [ [ [ -65.48331894, -35.62991627 ], [ -65.47082853, -35.62145593 ], [ -65.45655893, -35.6151461 ], [ -65.44105767, -35.61122872 ], [ -65.4249192, -35.60985399 ], [ -65.37788133, -35.62219073 ], [ -65.36623676, -35.62935719 ], [ -65.3558588, -35.63954495 ], [ -65.34811246, -35.65118917 ], [ -65.34411663, -35.66170627 ], [ -65.39910252, -35.74146364 ], [ -65.40778341, -35.74365756 ], [ -65.42394848, -35.74503481 ], [ -65.44013233, -35.74381245 ], [ -65.45571149, -35.74003757 ], [ -65.47008594, -35.73385554 ], [ -65.48270239, -35.72550447 ], [ -65.49307565, -35.71530589 ], [ -65.50080737, -35.70365233 ], [ -65.50560126, -35.69099217 ], [ -65.50727437, -35.6778123 ], [ -65.50576391, -35.66461935 ], [ -65.50112946, -35.65192022 ], [ -65.49355042, -35.64020259 ], [ -65.48331894, -35.62991627 ] ] ] ] } },
{ "type": "Feature", "properties": { "circuito": "00103", "codprov": "19", "coddepto": "009" }, "geometry": { "type": "MultiPolygon", "coordinates": [ [ [ [ -66.15483778, -34.84913203 ], [ -66.17090835, -34.85043964 ], [ -66.18698076, -34.84914732 ], [ -66.20243587, -34.84530487 ], [ -66.21667848, -34.83906028 ], [ -66.22916042, -34.83065405 ], [ -66.23940171, -34.82040981 ], [ -66.24700908, -34.80872186 ], [ -66.25141743, -34.79678111 ], [ -66.25326892, -34.78285154 ], [ -66.25168356, -34.7696638 ], [ -66.24699737, -34.75698333 ], [ -66.2393917, -34.74529711 ], [ -66.22915965, -34.7350537 ], [ -66.21669474, -34.72664617 ], [ -66.20247569, -34.72039702 ], [ -66.18704809, -34.71654587 ], [ -66.17100357, -34.7152404 ], [ -66.15495723, -34.71653065 ], [ -66.13952425, -34.72036716 ], [ -66.12529645, -34.72660282 ], [ -66.11281976, -34.73499851 ], [ -66.10257335, -34.74523218 ], [ -66.09495126, -34.75691115 ], [ -66.09024724, -34.76958714 ], [ -66.08864332, -34.78277333 ], [ -66.09020261, -34.79596313 ], [ -66.09486667, -34.80864955 ], [ -66.10245753, -34.8203447 ], [ -66.11268433, -34.83059865 ], [ -66.12515437, -34.83901675 ], [ -66.13938813, -34.84527487 ], [ -66.15483778, -34.84913203 ] ] ] ] } },
{ "type": "Feature", "properties": { "circuito": "00027", "codprov": "19", "coddepto": "002" }, "geometry": { "type": "MultiPolygon", "coordinates": [ [ [ [ -65.98865423, -33.1486475 ], [ -65.98954943, -33.14917152 ], [ -65.99066601, -33.14964166 ], [ -65.99201766, -33.15008242 ], [ -65.99207643, -33.14911275 ], [ -65.99148875, -33.1472322 ], [ -65.9912243, -33.14702652 ], [ -65.9908717, -33.14673268 ], [ -65.99053493, -33.14644642 ], [ -65.99047083, -33.14612592 ], [ -65.9896307, -33.14578987 ], [ -65.98929465, -33.14503376 ], [ -65.98912663, -33.14360555 ], [ -65.98845453, -33.14200932 ], [ -65.98795046, -33.14024506 ], [ -65.98778244, -33.13856482 ], [ -65.98828651, -33.13831278 ], [ -65.98895861, -33.13780871 ], [ -65.99055484, -33.13764068 ], [ -65.99139496, -33.13663254 ], [ -65.99156298, -33.1363805 ], [ -65.99198305, -33.13554038 ], [ -65.99147897, -33.13478427 ], [ -65.99139496, -33.13394415 ], [ -65.99181502, -33.13352409 ], [ -65.99324323, -33.13369211 ], [ -65.99500749, -33.13369211 ], [ -65.99559557, -33.13259995 ], [ -65.99593162, -33.13184384 ], [ -65.99643569, -33.13091971 ], [ -65.99702378, -33.1308357 ], [ -65.99752785, -33.13024761 ], [ -65.99752785, -33.1294915 ], [ -65.99735983, -33.12898743 ], [ -65.99702378, -33.12831533 ], [ -65.99702378, -33.12713916 ], [ -65.99668773, -33.12655107 ], [ -65.99635168, -33.12613101 ], [ -65.99618366, -33.12545891 ], [ -65.99551156, -33.12520688 ], [ -65.99425138, -33.1247028 ], [ -65.99391533, -33.12428274 ], [ -65.9930752, -33.12369466 ], [ -65.99257113, -33.12335861 ], [ -65.99181502, -33.12293855 ], [ -65.99072286, -33.12235046 ], [ -65.98996675, -33.12142633 ], [ -65.99005076, -33.12025016 ], [ -65.98988274, -33.11907399 ], [ -65.99089089, -33.11882195 ], [ -65.99139496, -33.11856991 ], [ -65.99215107, -33.11823386 ], [ -65.99257113, -33.11730973 ], [ -65.99366329, -33.11655362 ], [ -65.99416736, -33.11495739 ], [ -65.99450341, -33.1143693 ], [ -65.99450341, -33.11336115 ], [ -65.99584761, -33.11268906 ], [ -65.99609964, -33.11184893 ], [ -65.99534353, -33.11176492 ], [ -65.99433539, -33.11117684 ], [ -65.99458742, -33.11042073 ], [ -65.99542755, -33.11042073 ], [ -65.99643569, -33.11100881 ], [ -65.99752785, -33.11100881 ], [ -65.99752785, -33.1102527 ], [ -65.99702378, -33.10974863 ], [ -65.99643569, -33.10949659 ], [ -65.99593162, -33.10857246 ], [ -65.99458742, -33.10773234 ], [ -65.99189903, -33.10571604 ], [ -65.99078503, -33.10538184 ], [ -65.99084471, -33.10533608 ], [ -65.99068032, -33.1051991 ], [ -65.98974849, -33.10442257 ], [ -65.98943788, -33.10255891 ], [ -65.9900591, -33.102093 ], [ -65.99068032, -33.10069525 ], [ -65.99192277, -33.09937516 ], [ -65.99234534, -33.09907332 ], [ -65.99246633, -33.09898689 ], [ -65.9930099, -33.09813272 ], [ -65.99378643, -33.09751149 ], [ -65.99425234, -33.0961914 ], [ -65.99518417, -33.09533722 ], [ -65.99571648, -33.09461136 ], [ -65.99434717, -33.09453528 ], [ -65.99325533, -33.09480824 ], [ -65.99079869, -33.09289752 ], [ -65.98888796, -33.09194216 ], [ -65.98765964, -33.0903044 ], [ -65.98629484, -33.08934903 ], [ -65.98561244, -33.08757479 ], [ -65.98533948, -33.08416278 ], [ -65.98506652, -33.08225206 ], [ -65.98465707, -33.0806143 ], [ -65.98452059, -33.07952246 ], [ -65.98397467, -33.07733877 ], [ -65.98342875, -33.07501861 ], [ -65.98411115, -33.07174308 ], [ -65.98957036, -33.05945986 ], [ -65.98970684, -33.05809505 ], [ -65.98970684, -33.05782209 ], [ -65.988615, -33.05741265 ], [ -65.9865678, -33.05809505 ], [ -65.9858854, -33.05877746 ], [ -65.98438411, -33.05905042 ], [ -65.98356523, -33.05850449 ], [ -65.98383819, -33.05659377 ], [ -65.98260987, -33.05618433 ], [ -65.98151803, -33.05604785 ], [ -65.98056267, -33.05509249 ], [ -65.97933434, -33.05372769 ], [ -65.97796954, -33.05304528 ], [ -65.97660474, -33.05249936 ], [ -65.97605882, -33.05181696 ], [ -65.97605882, -33.04976976 ], [ -65.97592234, -33.04826847 ], [ -65.97633178, -33.04676719 ], [ -65.97728714, -33.04458351 ], [ -65.97742362, -33.04390111 ], [ -65.9775601, -33.04239982 ], [ -65.97796954, -33.04171742 ], [ -65.97837898, -33.04035262 ], [ -65.97865194, -33.03871486 ], [ -65.9789249, -33.03803246 ], [ -65.97783306, -33.03584877 ], [ -65.9768777, -33.03516637 ], [ -65.97592234, -33.03448397 ], [ -65.97523994, -33.03421101 ], [ -65.97428457, -33.03421101 ], [ -65.97319273, -33.03421101 ], [ -65.97210089, -33.03448397 ], [ -65.97100905, -33.03584877 ], [ -65.9685524, -33.03639469 ], [ -65.96800648, -33.03680413 ], [ -65.9671876, -33.03666765 ], [ -65.9658228, -33.03666765 ], [ -65.96486744, -33.03707709 ], [ -65.96418503, -33.03775949 ], [ -65.96295671, -33.0391243 ], [ -65.96268375, -33.03953374 ], [ -65.96213783, -33.03953374 ], [ -65.96172839, -33.0384419 ], [ -65.96186487, -33.03735005 ], [ -65.96131895, -33.03625821 ], [ -65.96061065, -33.03595071 ], [ -65.96029722, -33.03520446 ], [ -65.95997901, -33.03500558 ], [ -65.95993903, -33.03498059 ], [ -65.95922263, -33.03518954 ], [ -65.95886444, -33.03536864 ], [ -65.95804986, -33.03546695 ], [ -65.95771522, -33.03533879 ], [ -65.95523164, -33.03473853 ], [ -65.95313338, -33.03423139 ], [ -65.95313115, -33.03423562 ], [ -65.95107685, -33.0337152 ], [ -65.94976106, -33.03338187 ], [ -65.94974494, -33.03343513 ], [ -65.94742125, -33.0411087 ], [ -65.94693152, -33.04230581 ], [ -65.94567999, -33.04421031 ], [ -65.94464612, -33.0456795 ], [ -65.94421081, -33.04731193 ], [ -65.94382991, -33.04888994 ], [ -65.94377549, -33.0506312 ], [ -65.94393874, -33.05133858 ], [ -65.94404157, -33.05150997 ], [ -65.9444204, -33.05253762 ], [ -65.94370685, -33.05306502 ], [ -65.94001582, -33.05579317 ], [ -65.94084567, -33.06083608 ], [ -65.94097334, -33.06434697 ], [ -65.93471757, -33.06581516 ], [ -65.93427073, -33.06875154 ], [ -65.93229187, -33.06938989 ], [ -65.93248337, -33.07302844 ], [ -65.93043761, -33.07695401 ], [ -65.93529208, -33.07883737 ], [ -65.93229187, -33.08151841 ], [ -65.93669644, -33.08407179 ], [ -65.93350472, -33.08643366 ], [ -65.93484524, -33.08988072 ], [ -65.93841997, -33.09160424 ], [ -65.93727095, -33.09811535 ], [ -65.93816463, -33.10169007 ], [ -65.93707944, -33.10488179 ], [ -65.93452607, -33.10449878 ], [ -65.93190886, -33.10347743 ], [ -65.92948316, -33.1073075 ], [ -65.92029101, -33.11037155 ], [ -65.91754613, -33.11343559 ], [ -65.91473742, -33.11241424 ], [ -65.91097119, -33.11445694 ], [ -65.91148187, -33.11981903 ], [ -65.95893345, -33.12374547 ], [ -65.95896407, -33.12720592 ], [ -65.95914236, -33.14735256 ], [ -65.95921238, -33.14735116 ], [ -65.95916983, -33.1504569 ], [ -65.95922625, -33.15683235 ], [ -65.96886758, -33.15679817 ], [ -65.97760645, -33.15676718 ], [ -65.97756091, -33.15631175 ], [ -65.97738461, -33.15384352 ], [ -65.97788413, -33.15293263 ], [ -65.9782955, -33.15258002 ], [ -65.98041112, -33.15102269 ], [ -65.98029359, -33.14920091 ], [ -65.98143955, -33.14814309 ], [ -65.98177608, -33.14690052 ], [ -65.98182154, -33.14673268 ], [ -65.9827912, -33.14588055 ], [ -65.98290723, -33.14587163 ], [ -65.98317318, -33.14585117 ], [ -65.98361394, -33.14608624 ], [ -65.98434853, -33.14667391 ], [ -65.98452706, -33.14684557 ], [ -65.9851125, -33.1474085 ], [ -65.9858471, -33.14781987 ], [ -65.98708121, -33.14814309 ], [ -65.9883447, -33.14846631 ], [ -65.98865423, -33.1486475 ] ] ] ] } },
{ "type": "Feature", "properties": { "circuito": "00041", "codprov": "19", "coddepto": "003" }, "geometry": { "type": "MultiPolygon", "coordinates": [ [ [ [ -65.22657963, -33.66817537 ], [ -65.2405048, -33.67450993 ], [ -65.25564211, -33.67844968 ], [ -65.27140869, -33.67984285 ], [ -65.28719727, -33.67863578 ], [ -65.30239971, -33.67487494 ], [ -65.3164306, -33.66870516 ], [ -65.32874993, -33.660364 ], [ -65.33345025, -33.65697948 ], [ -65.3415086, -33.64870906 ], [ -65.34723428, -33.64001452 ], [ -65.35062727, -33.63216822 ], [ -65.35274789, -33.62495811 ], [ -65.35359614, -33.61689975 ], [ -65.35359614, -33.60735696 ], [ -65.35168758, -33.59866242 ], [ -65.34893078, -33.58848344 ], [ -65.34384129, -33.57978889 ], [ -65.33772576, -33.57325624 ], [ -65.32949108, -33.56474615 ], [ -65.317318, -33.55627075 ], [ -65.30340589, -33.54994488 ], [ -65.28828864, -33.54601117 ], [ -65.27254606, -33.54462044 ], [ -65.25678177, -33.54582599 ], [ -65.24160021, -33.54958159 ], [ -65.2275836, -33.55574319 ], [ -65.2152698, -33.56407449 ], [ -65.20481898, -33.57473664 ], [ -65.19755911, -33.58589662 ], [ -65.19284379, -33.59854992 ], [ -65.19116809, -33.61172983 ], [ -65.19259776, -33.62493001 ], [ -65.19707924, -33.6376431 ], [ -65.20444152, -33.64938024 ], [ -65.21440247, -33.65968991 ], [ -65.22657963, -33.66817537 ] ] ] ] } },
{ "type": "Feature", "properties": { "circuito": "00113", "codprov": "19", "coddepto": "009" }, "geometry": { "type": "MultiPolygon", "coordinates": [ [ [ [ -66.56108806, -34.83813822 ], [ -66.56108869, -34.83813639 ], [ -66.56166227, -34.83642609 ], [ -66.56229344, -34.83503839 ], [ -66.56229342, -34.83503811 ], [ -66.56220892, -34.83377526 ], [ -66.56211689, -34.83214789 ], [ -66.56211687, -34.83214755 ], [ -66.56211687, -34.83214755 ], [ -66.56211687, -34.83214753 ], [ -66.56211698, -34.83214728 ], [ -66.56282501, -34.83052293 ], [ -66.56350248, -34.82862564 ], [ -66.56350259, -34.82862534 ], [ -66.56451557, -34.82703726 ], [ -66.56712323, -34.8247493 ], [ -66.56998863, -34.82280502 ], [ -66.57362398, -34.82086055 ], [ -66.57527642, -34.81941572 ], [ -66.5760397, -34.81837537 ], [ -66.5772477, -34.81732644 ], [ -66.5779073, -34.81698273 ], [ -66.57801152, -34.81693012 ], [ -66.57831891, -34.81677695 ], [ -66.57831907, -34.81677687 ], [ -66.57960652, -34.81612735 ], [ -66.58113391, -34.81488359 ], [ -66.5811341, -34.81488344 ], [ -66.58151315, -34.81424172 ], [ -66.58272396, -34.81363853 ], [ -66.5827241, -34.81363852 ], [ -66.58425909, -34.81348595 ], [ -66.58604373, -34.81268494 ], [ -66.58604389, -34.81268487 ], [ -66.58846829, -34.81148282 ], [ -66.59074278, -34.80997439 ], [ -66.5925305, -34.8088271 ], [ -66.5944365, -34.80713583 ], [ -66.59499732, -34.80540327 ], [ -66.59418866, -34.80432374 ], [ -66.59418865, -34.80432371 ], [ -66.59358166, -34.80367508 ], [ -66.59330875, -34.80342643 ], [ -66.59382745, -34.80248329 ], [ -66.59542246, -34.80193168 ], [ -66.59900343, -34.80146989 ], [ -66.60143425, -34.80155552 ], [ -66.60284308, -34.80205874 ], [ -66.60284309, -34.80205871 ], [ -66.60309582, -34.80149456 ], [ -66.6032792, -34.80016325 ], [ -66.60327921, -34.8001632 ], [ -66.60211585, -34.79833758 ], [ -66.60038119, -34.796682 ], [ -66.5983149, -34.79474345 ], [ -66.59734162, -34.79301574 ], [ -66.59623778, -34.79054422 ], [ -66.59584319, -34.7890651 ], [ -66.59584319, -34.7890651 ], [ -66.59584319, -34.78906508 ], [ -66.59647471, -34.7880195 ], [ -66.59932932, -34.78474175 ], [ -66.59932992, -34.78474116 ], [ -66.60231422, -34.781855 ], [ -66.60294188, -34.7810911 ], [ -66.6042047, -34.77954843 ], [ -66.60533883, -34.77726285 ], [ -66.60628115, -34.77508654 ], [ -66.60856994, -34.77299639 ], [ -66.6116637, -34.77165695 ], [ -66.61166516, -34.77165638 ], [ -66.61463188, -34.77048869 ], [ -66.61704841, -34.76943909 ], [ -66.6170496, -34.76943857 ], [ -66.61838064, -34.7680478 ], [ -66.61971887, -34.76719728 ], [ -66.62201375, -34.76644435 ], [ -66.62470409, -34.76712083 ], [ -66.62707621, -34.76750949 ], [ -66.62937505, -34.76734631 ], [ -66.63109318, -34.76620058 ], [ -66.63332724, -34.76524658 ], [ -66.63574914, -34.76434548 ], [ -66.63802985, -34.76433132 ], [ -66.64080114, -34.76436547 ], [ -66.64131572, -34.76425684 ], [ -66.6427154, -34.76396134 ], [ -66.64411617, -34.76311319 ], [ -66.64585609, -34.7607956 ], [ -66.64731749, -34.75940513 ], [ -66.64966745, -34.75756012 ], [ -66.65157984, -34.75656141 ], [ -66.65239042, -34.75402843 ], [ -66.65289, -34.75009359 ], [ -66.65289, -34.75009358 ], [ -66.65272126, -34.74729881 ], [ -66.65091888, -34.74568123 ], [ -66.65091834, -34.74568071 ], [ -66.65056524, -34.74536381 ], [ -66.6499264, -34.74473443 ], [ -66.64870156, -34.74354517 ], [ -66.64869803, -34.74354174 ], [ -66.6474681, -34.74150686 ], [ -66.64627563, -34.74032208 ], [ -66.64403381, -34.73959208 ], [ -66.64223455, -34.73856504 ], [ -66.6410697, -34.73688846 ], [ -66.64106969, -34.73688845 ], [ -66.64131046, -34.7346068 ], [ -66.64135453, -34.7323806 ], [ -66.64135453, -34.73238057 ], [ -66.64058177, -34.73127162 ], [ -66.64025699, -34.73080555 ], [ -66.63947467, -34.72882925 ], [ -66.63947466, -34.72882924 ], [ -66.63991133, -34.72734341 ], [ -66.64015849, -34.72620106 ], [ -66.63905997, -34.72472514 ], [ -66.63905997, -34.72472511 ], [ -66.63906694, -34.72427528 ], [ -66.6313548, -34.71911641 ], [ -66.61715399, -34.71294197 ], [ -66.6017688, -34.70917191 ], [ -66.58578924, -34.70795081 ], [ -66.56982793, -34.70932548 ], [ -66.55449682, -34.71324324 ], [ -66.54038386, -34.71955389 ], [ -66.52803061, -34.72801542 ], [ -66.51791155, -34.73830325 ], [ -66.51041586, -34.75002261 ], [ -66.50583244, -34.76272362 ], [ -66.50433867, -34.77591852 ], [ -66.50599344, -34.78910033 ], [ -66.51073458, -34.80176233 ], [ -66.51838113, -34.8134176 ], [ -66.52864003, -34.8236177 ], [ -66.54111729, -34.83197005 ], [ -66.55533311, -34.83815309 ], [ -66.56063148, -34.83945175 ], [ -66.56108806, -34.83813822 ] ] ] ] } },
{ "type": "Feature", "properties": { "circuito": "00105", "codprov": "19", "coddepto": "009" }, "geometry": { "type": "MultiPolygon", "coordinates": [ [ [ [ -65.31027405, -35.16394212 ], [ -65.31310535, -35.1683244 ], [ -65.32304112, -35.17840536 ], [ -65.33566506, -35.18710044 ], [ -65.34985029, -35.19342413 ], [ -65.36526748, -35.19735263 ], [ -65.38132291, -35.19873459 ], [ -65.3973981, -35.19751678 ], [ -65.4128738, -35.19374609 ], [ -65.427154, -35.18756775 ], [ -65.43968905, -35.17921968 ], [ -65.44999692, -35.1690233 ], [ -65.45768173, -35.15737105 ], [ -65.46244899, -35.14471124 ], [ -65.46411671, -35.13153074 ], [ -65.4626223, -35.11833621 ], [ -65.45802466, -35.10563461 ], [ -65.45050176, -35.09391373 ], [ -65.44034355, -35.0836235 ], [ -65.42794074, -35.07515878 ], [ -65.4137697, -35.06884425 ], [ -65.3983742, -35.06492206 ], [ -65.38234466, -35.06354259 ], [ -65.36629562, -35.06475871 ], [ -65.35084235, -35.06852377 ], [ -65.33657743, -35.0746934 ], [ -65.32475973, -35.08258359 ], [ -65.31027405, -35.16394212 ] ] ] ] } },
{ "type": "Feature", "properties": { "circuito": "00107", "codprov": "19", "coddepto": "009" }, "geometry": { "type": "MultiPolygon", "coordinates": [ [ [ [ -65.17267813, -35.10161245 ], [ -65.17096423, -35.11478842 ], [ -65.17241148, -35.12798595 ], [ -65.17696576, -35.1406978 ], [ -65.18445334, -35.15243513 ], [ -65.19458735, -35.1627464 ], [ -65.2069787, -35.17123475 ], [ -65.22115095, -35.17757337 ], [ -65.23655866, -35.18151815 ], [ -65.25260849, -35.18291712 ], [ -65.26868219, -35.18171638 ], [ -65.28416055, -35.17796216 ], [ -65.29844746, -35.17179906 ], [ -65.31027405, -35.16394212 ], [ -65.32475973, -35.08258359 ], [ -65.32193733, -35.07817115 ], [ -65.31179736, -35.06787032 ], [ -65.29941039, -35.0593926 ], [ -65.2852522, -35.05306319 ], [ -65.26986608, -35.04912479 ], [ -65.25384209, -35.04772839 ], [ -65.23779455, -35.04892752 ], [ -65.22233867, -35.05267618 ], [ -65.20806715, -35.05883063 ], [ -65.19552756, -35.06715484 ], [ -65.18520144, -35.07732952 ], [ -65.17748587, -35.08896425 ], [ -65.17267813, -35.10161245 ] ] ] ] } },
{ "type": "Feature", "properties": { "circuito": "00023", "codprov": "19", "coddepto": "002" }, "geometry": { "type": "MultiPolygon", "coordinates": [ [ [ [ -65.95313338, -33.03423139 ], [ -65.95523164, -33.03473853 ], [ -65.95771522, -33.03533879 ], [ -65.95804986, -33.03546695 ], [ -65.95886444, -33.03536864 ], [ -65.95922263, -33.03518954 ], [ -65.95993903, -33.03498059 ], [ -65.95997901, -33.03500558 ], [ -65.96029722, -33.03520446 ], [ -65.96061065, -33.03595071 ], [ -65.96131895, -33.03625821 ], [ -65.96186487, -33.03735005 ], [ -65.96172839, -33.0384419 ], [ -65.96213783, -33.03953374 ], [ -65.96268375, -33.03953374 ], [ -65.96295671, -33.0391243 ], [ -65.96418503, -33.03775949 ], [ -65.96486744, -33.03707709 ], [ -65.9658228, -33.03666765 ], [ -65.9671876, -33.03666765 ], [ -65.96800648, -33.03680413 ], [ -65.9685524, -33.03639469 ], [ -65.97100905, -33.03584877 ], [ -65.97210089, -33.03448397 ], [ -65.97319273, -33.03421101 ], [ -65.97428457, -33.03421101 ], [ -65.97523994, -33.03421101 ], [ -65.97592234, -33.03448397 ], [ -65.9768777, -33.03516637 ], [ -65.97783306, -33.03584877 ], [ -65.9789249, -33.03803246 ], [ -65.97865194, -33.03871486 ], [ -65.97837898, -33.04035262 ], [ -65.97796954, -33.04171742 ], [ -65.9775601, -33.04239982 ], [ -65.97742362, -33.04390111 ], [ -65.97728714, -33.04458351 ], [ -65.97633178, -33.04676719 ], [ -65.97592234, -33.04826847 ], [ -65.97605882, -33.04976976 ], [ -65.97605882, -33.05181696 ], [ -65.97660474, -33.05249936 ], [ -65.97796954, -33.05304528 ], [ -65.97933434, -33.05372769 ], [ -65.98056267, -33.05509249 ], [ -65.98151803, -33.05604785 ], [ -65.98260987, -33.05618433 ], [ -65.98383819, -33.05659377 ], [ -65.98356523, -33.05850449 ], [ -65.98438411, -33.05905042 ], [ -65.9858854, -33.05877746 ], [ -65.9865678, -33.05809505 ], [ -65.988615, -33.05741265 ], [ -65.98970684, -33.05782209 ], [ -65.98970684, -33.05809505 ], [ -65.98957036, -33.05945986 ], [ -65.98411115, -33.07174308 ], [ -65.98342875, -33.07501861 ], [ -65.98397467, -33.07733877 ], [ -65.98452059, -33.07952246 ], [ -65.98465707, -33.0806143 ], [ -65.98506652, -33.08225206 ], [ -65.98533948, -33.08416278 ], [ -65.98561244, -33.08757479 ], [ -65.98629484, -33.08934903 ], [ -65.98765964, -33.0903044 ], [ -65.98888796, -33.09194216 ], [ -65.99079869, -33.09289752 ], [ -65.99325533, -33.09480824 ], [ -65.99434717, -33.09453528 ], [ -65.99571648, -33.09461136 ], [ -65.99680382, -33.09467176 ], [ -65.99885102, -33.09549065 ], [ -66.00089823, -33.09562713 ], [ -66.00134482, -33.09607372 ], [ -66.00268907, -33.0946504 ], [ -66.00448693, -33.09456868 ], [ -66.0075106, -33.09326115 ], [ -66.00930846, -33.09203533 ], [ -66.01053427, -33.09203533 ], [ -66.01184181, -33.09080952 ], [ -66.01176008, -33.09023748 ], [ -66.01094288, -33.08958371 ], [ -66.00914502, -33.08852134 ], [ -66.00759232, -33.08803102 ], [ -66.00440521, -33.08745897 ], [ -66.00416005, -33.08647832 ], [ -66.00481382, -33.08525251 ], [ -66.00612135, -33.08517079 ], [ -66.00759232, -33.08598799 ], [ -66.00800093, -33.0863966 ], [ -66.00914502, -33.08664176 ], [ -66.01037083, -33.08598799 ], [ -66.01159664, -33.08541595 ], [ -66.01249557, -33.08476218 ], [ -66.01282245, -33.0840267 ], [ -66.01363966, -33.08312777 ], [ -66.01462031, -33.08214712 ], [ -66.01412999, -33.0805127 ], [ -66.01412999, -33.07953205 ], [ -66.01388483, -33.07797936 ], [ -66.01314934, -33.07773419 ], [ -66.01323106, -33.07667182 ], [ -66.01323106, -33.07544601 ], [ -66.01462031, -33.07430192 ], [ -66.0153558, -33.07332127 ], [ -66.01487495, -33.07299896 ], [ -66.0149168, -33.07224582 ], [ -66.0144147, -33.07157637 ], [ -66.01449839, -33.07044666 ], [ -66.01454023, -33.07019561 ], [ -66.01445654, -33.06994456 ], [ -66.01374525, -33.06994456 ], [ -66.0125737, -33.06998641 ], [ -66.01219713, -33.06868933 ], [ -66.01198792, -33.06801988 ], [ -66.01064901, -33.06781067 ], [ -66.01031428, -33.06676464 ], [ -66.01060717, -33.06592782 ], [ -66.01069085, -33.06421234 ], [ -66.01215529, -33.06391945 ], [ -66.01253186, -33.0627479 ], [ -66.01265738, -33.06203661 ], [ -66.01345236, -33.06140899 ], [ -66.01357788, -33.06099058 ], [ -66.01403813, -33.06002823 ], [ -66.0142055, -33.05923325 ], [ -66.01387077, -33.05801986 ], [ -66.01428918, -33.05705752 ], [ -66.01550257, -33.056932 ], [ -66.01633939, -33.05689016 ], [ -66.01659044, -33.05651359 ], [ -66.01663228, -33.05617886 ], [ -66.01721805, -33.05513283 ], [ -66.01671596, -33.0547981 ], [ -66.01575362, -33.05391944 ], [ -66.01504232, -33.05341735 ], [ -66.01504232, -33.05274789 ], [ -66.01525152, -33.05216212 ], [ -66.01713437, -33.052455 ], [ -66.01780383, -33.05304078 ], [ -66.0188917, -33.05366839 ], [ -66.01922642, -33.05299894 ], [ -66.01843144, -33.05228764 ], [ -66.01830592, -33.05161818 ], [ -66.01855697, -33.05119977 ], [ -66.01893354, -33.05090688 ], [ -66.01893354, -33.05019559 ], [ -66.01868249, -33.04981902 ], [ -66.01776199, -33.04906588 ], [ -66.01767831, -33.04881483 ], [ -66.01832684, -33.04831274 ], [ -66.01979128, -33.04814537 ], [ -66.02079546, -33.04760144 ], [ -66.02121387, -33.04668094 ], [ -66.02096283, -33.046137 ], [ -66.02008417, -33.04525834 ], [ -66.02008417, -33.0445052 ], [ -66.02050258, -33.04400311 ], [ -66.02188333, -33.0437939 ], [ -66.02209254, -33.04316629 ], [ -66.02251095, -33.0421621 ], [ -66.0220507, -33.04119976 ], [ -66.02096283, -33.04044662 ], [ -66.02029337, -33.03990269 ], [ -66.0197076, -33.03839641 ], [ -66.02171597, -33.03831273 ], [ -66.02209254, -33.03776879 ], [ -66.02179965, -33.0365554 ], [ -66.02238542, -33.03605331 ], [ -66.02380802, -33.03613699 ], [ -66.02502141, -33.03622067 ], [ -66.02564903, -33.03588595 ], [ -66.02652769, -33.03509097 ], [ -66.0260256, -33.03433783 ], [ -66.02493773, -33.03396126 ], [ -66.02468668, -33.03274787 ], [ -66.02527246, -33.03228761 ], [ -66.02560719, -33.03199473 ], [ -66.0260256, -33.03199473 ], [ -66.02677874, -33.03149263 ], [ -66.02702978, -33.03048845 ], [ -66.02803397, -33.02960979 ], [ -66.0285779, -33.02910769 ], [ -66.02899631, -33.02852192 ], [ -66.02958209, -33.0278943 ], [ -66.02970761, -33.02705748 ], [ -66.02974945, -33.02601146 ], [ -66.03029338, -33.02513279 ], [ -66.03094192, -33.02425413 ], [ -66.03136033, -33.02404493 ], [ -66.03144401, -33.02308258 ], [ -66.03148585, -33.02212024 ], [ -66.03194611, -33.02128342 ], [ -66.03202979, -33.02057212 ], [ -66.03194611, -33.0197353 ], [ -66.03249004, -33.01781061 ], [ -66.03257372, -33.01638801 ], [ -66.0331595, -33.01542567 ], [ -66.03361975, -33.01513278 ], [ -66.03437289, -33.01458885 ], [ -66.03483314, -33.01404491 ], [ -66.03546075, -33.01324993 ], [ -66.03546075, -33.01241311 ], [ -66.03470762, -33.01182734 ], [ -66.03416368, -33.01157629 ], [ -66.03370343, -33.01124156 ], [ -66.03374527, -33.01032106 ], [ -66.03466577, -33.00981897 ], [ -66.03537707, -33.00956792 ], [ -66.0357118, -33.00931687 ], [ -66.03621389, -33.00906583 ], [ -66.03675783, -33.00889846 ], [ -66.0371344, -33.00852189 ], [ -66.03746913, -33.00797796 ], [ -66.03755281, -33.00755955 ], [ -66.03746913, -33.00630432 ], [ -66.03679967, -33.00576038 ], [ -66.03625573, -33.00471436 ], [ -66.03554444, -33.00366833 ], [ -66.03520971, -33.0031244 ], [ -66.03520971, -33.00228758 ], [ -66.03520971, -33.00157628 ], [ -66.0357118, -33.0007813 ], [ -66.03600469, -33.00036289 ], [ -66.03671599, -32.99952607 ], [ -66.03765741, -32.99894029 ], [ -66.03774109, -32.99881477 ], [ -66.03841055, -32.99852188 ], [ -66.03912185, -32.99831268 ], [ -66.03962394, -32.99856372 ], [ -66.04071181, -32.99860556 ], [ -66.04163231, -32.99810347 ], [ -66.04272018, -32.99726665 ], [ -66.04255281, -32.99668088 ], [ -66.04209256, -32.99651351 ], [ -66.04150679, -32.99584405 ], [ -66.04150679, -32.99546749 ], [ -66.04163231, -32.99488171 ], [ -66.04188336, -32.9944633 ], [ -66.04225993, -32.99421225 ], [ -66.04292938, -32.99404489 ], [ -66.04330595, -32.99404489 ], [ -66.04468671, -32.993752 ], [ -66.04464487, -32.99329175 ], [ -66.04443566, -32.9928315 ], [ -66.04330595, -32.99232941 ], [ -66.04205072, -32.99157627 ], [ -66.04184152, -32.99107417 ], [ -66.04159047, -32.99082313 ], [ -66.04188336, -32.99057208 ], [ -66.04251097, -32.9906976 ], [ -66.04318043, -32.9906976 ], [ -66.04393357, -32.99086497 ], [ -66.04493775, -32.99094865 ], [ -66.04573273, -32.99099049 ], [ -66.04644403, -32.99082313 ], [ -66.04715533, -32.99057208 ], [ -66.04757374, -32.99032104 ], [ -66.0477411, -32.98986078 ], [ -66.04778295, -32.9895679 ], [ -66.04761558, -32.98902396 ], [ -66.04723901, -32.98902396 ], [ -66.04698797, -32.98919133 ], [ -66.04665324, -32.9895679 ], [ -66.04598378, -32.98952606 ], [ -66.04548169, -32.98944237 ], [ -66.04531432, -32.98923317 ], [ -66.04531432, -32.98856371 ], [ -66.04514696, -32.98789425 ], [ -66.04506328, -32.9872248 ], [ -66.04468671, -32.98684823 ], [ -66.04368252, -32.98622061 ], [ -66.04322227, -32.98588588 ], [ -66.04305491, -32.98576036 ], [ -66.04313859, -32.98525827 ], [ -66.04322227, -32.98471433 ], [ -66.04322227, -32.98396119 ], [ -66.04305491, -32.9834591 ], [ -66.04272018, -32.98270596 ], [ -66.04280386, -32.98207835 ], [ -66.0428457, -32.98119969 ], [ -66.04288754, -32.98057207 ], [ -66.0426365, -32.98015366 ], [ -66.04242729, -32.97960972 ], [ -66.04234361, -32.97873106 ], [ -66.04234361, -32.97797792 ], [ -66.04217624, -32.97730847 ], [ -66.04225993, -32.97680637 ], [ -66.04251097, -32.97630428 ], [ -66.0426365, -32.9755093 ], [ -66.04238545, -32.9753001 ], [ -66.04184152, -32.97517457 ], [ -66.0412139, -32.97509089 ], [ -66.04071181, -32.97471432 ], [ -66.04027248, -32.97425407 ], [ -66.04010511, -32.97383566 ], [ -66.04014695, -32.97283147 ], [ -66.04077457, -32.97195281 ], [ -66.04140218, -32.97115783 ], [ -66.04156955, -32.97078126 ], [ -66.04232269, -32.97019549 ], [ -66.04253189, -32.96965155 ], [ -66.04290846, -32.96881473 ], [ -66.04290846, -32.96806159 ], [ -66.04269926, -32.96722477 ], [ -66.04286662, -32.96642979 ], [ -66.04328503, -32.96576034 ], [ -66.04399633, -32.96517456 ], [ -66.04487499, -32.96442142 ], [ -66.04587918, -32.96324987 ], [ -66.04592102, -32.96295698 ], [ -66.04596286, -32.96224569 ], [ -66.04684152, -32.962162 ], [ -66.04788755, -32.96174359 ], [ -66.04805491, -32.9610323 ], [ -66.04797123, -32.95994443 ], [ -66.04746914, -32.95906577 ], [ -66.04721809, -32.95831263 ], [ -66.0474273, -32.95776869 ], [ -66.04884989, -32.95755949 ], [ -66.04922646, -32.95680635 ], [ -66.04889173, -32.9563461 ], [ -66.04843148, -32.95559296 ], [ -66.0483478, -32.95483982 ], [ -66.04880805, -32.95463061 ], [ -66.04960303, -32.95412852 ], [ -66.04972855, -32.95383563 ], [ -66.04956119, -32.95320802 ], [ -66.04922646, -32.95283145 ], [ -66.04914278, -32.95241304 ], [ -66.04847332, -32.9523712 ], [ -66.04738546, -32.95228752 ], [ -66.04746914, -32.95140885 ], [ -66.04767834, -32.95090676 ], [ -66.04759466, -32.95015362 ], [ -66.04646495, -32.94960969 ], [ -66.04592102, -32.94906575 ], [ -66.04583734, -32.94814525 ], [ -66.04550261, -32.94726659 ], [ -66.0445821, -32.94680634 ], [ -66.04416369, -32.94613688 ], [ -66.04416369, -32.94521638 ], [ -66.04433106, -32.94467244 ], [ -66.04487499, -32.94417035 ], [ -66.04541893, -32.9439193 ], [ -66.04554445, -32.94320801 ], [ -66.04546077, -32.94253855 ], [ -66.0452934, -32.94199462 ], [ -66.04512604, -32.94140884 ], [ -66.04525156, -32.94103227 ], [ -66.04596286, -32.94036281 ], [ -66.04613774, -32.93922526 ], [ -66.04515709, -32.93765622 ], [ -66.04411107, -32.93641406 ], [ -66.04313042, -32.9346489 ], [ -66.04273816, -32.93307986 ], [ -66.04247665, -32.93092243 ], [ -66.04306504, -32.92935339 ], [ -66.04548398, -32.92713058 ], [ -66.0473799, -32.92562692 ], [ -66.05019109, -32.92386175 ], [ -66.0563365, -32.92373099 ], [ -66.06019372, -32.9209198 ], [ -66.06326642, -32.92013528 ], [ -66.06588149, -32.91856624 ], [ -66.06849656, -32.91738946 ], [ -66.07235378, -32.91555891 ], [ -66.08046048, -32.91320535 ], [ -66.08477534, -32.91229008 ], [ -66.08706353, -32.91098255 ], [ -66.0901994, -32.90965218 ], [ -66.09403016, -32.90963472 ], [ -66.09947138, -32.90661182 ], [ -66.04518678, -32.90677078 ], [ -66.02735651, -32.90682299 ], [ -66.02166003, -32.90683967 ], [ -66.01841091, -32.90918626 ], [ -66.01807407, -32.9103652 ], [ -66.01736483, -32.91024699 ], [ -66.0156035, -32.90936633 ], [ -66.01178729, -32.90965988 ], [ -66.00885175, -32.90936633 ], [ -66.00679687, -32.91098088 ], [ -66.0040081, -32.9140632 ], [ -66.00004511, -32.9172923 ], [ -65.99314658, -32.92066818 ], [ -65.99153203, -32.92198918 ], [ -65.99358691, -32.92492472 ], [ -65.99344013, -32.9269796 ], [ -65.99344013, -32.92815382 ], [ -65.99226592, -32.92947482 ], [ -65.99138525, -32.93108937 ], [ -65.98933037, -32.93094259 ], [ -65.98830293, -32.93108937 ], [ -65.98712871, -32.93167648 ], [ -65.98727549, -32.9334378 ], [ -65.98551416, -32.93431847 ], [ -65.98448672, -32.93534591 ], [ -65.98243184, -32.93607979 ], [ -65.98243184, -32.93754757 ], [ -65.98243184, -32.93901534 ], [ -65.98301895, -32.94092345 ], [ -65.98316572, -32.94165733 ], [ -65.98213828, -32.94297833 ], [ -65.9833125, -32.94606065 ], [ -65.9833125, -32.9476752 ], [ -65.98345928, -32.94943653 ], [ -65.98213828, -32.95075752 ], [ -65.98052373, -32.95105108 ], [ -65.97920274, -32.95105108 ], [ -65.97861563, -32.95134463 ], [ -65.97876241, -32.95295918 ], [ -65.97729463, -32.95501406 ], [ -65.97479942, -32.95618828 ], [ -65.97289131, -32.95662861 ], [ -65.97245098, -32.95750928 ], [ -65.97435909, -32.95941738 ], [ -65.97523975, -32.96117871 ], [ -65.97523975, -32.96205937 ], [ -65.97626719, -32.96279326 ], [ -65.97758819, -32.96338037 ], [ -65.97597364, -32.96470136 ], [ -65.97377198, -32.96616914 ], [ -65.97098321, -32.96587558 ], [ -65.96746056, -32.96925146 ], [ -65.96892833, -32.97115957 ], [ -65.96892833, -32.97248056 ], [ -65.97083643, -32.973508 ], [ -65.97230421, -32.97394833 ], [ -65.97303809, -32.97541611 ], [ -65.97347842, -32.97600322 ], [ -65.97303809, -32.97688388 ], [ -65.96995577, -32.97791132 ], [ -65.96760733, -32.97908554 ], [ -65.96731378, -32.98084687 ], [ -65.96423146, -32.98187431 ], [ -65.96217657, -32.98070009 ], [ -65.95982814, -32.98290175 ], [ -65.96100236, -32.98539696 ], [ -65.95469093, -32.98759862 ], [ -65.95454415, -32.98818573 ], [ -65.95483771, -32.98950673 ], [ -65.9542506, -32.99068094 ], [ -65.95248927, -32.99112128 ], [ -65.95190216, -32.99273583 ], [ -65.95043439, -32.99273583 ], [ -65.94881984, -32.9928826 ], [ -65.94823273, -32.99464393 ], [ -65.9464714, -32.99567137 ], [ -65.9464714, -32.99728592 ], [ -65.94808595, -32.99846014 ], [ -65.94926017, -32.99948758 ], [ -65.95014084, -33.00007469 ], [ -65.94955373, -33.00212957 ], [ -65.94984728, -33.00359734 ], [ -65.95072795, -33.00506512 ], [ -65.95307638, -33.005799 ], [ -65.95410382, -33.00667967 ], [ -65.95410382, -33.0090281 ], [ -65.9555716, -33.01020232 ], [ -65.95703937, -33.01078943 ], [ -65.95836036, -33.01255076 ], [ -65.95821359, -33.01416531 ], [ -65.95601193, -33.01519275 ], [ -65.95469093, -33.01519275 ], [ -65.95366349, -33.01577986 ], [ -65.95381027, -33.01724763 ], [ -65.95410382, -33.01959607 ], [ -65.95439738, -33.02062351 ], [ -65.95527804, -33.02165095 ], [ -65.95630548, -33.02267839 ], [ -65.95571837, -33.02502683 ], [ -65.95278283, -33.02590749 ], [ -65.95190216, -33.02590749 ], [ -65.94999406, -33.02664138 ], [ -65.94823273, -33.02913659 ], [ -65.94852629, -33.03016403 ], [ -65.94881984, -33.03133825 ], [ -65.94974494, -33.03343513 ], [ -65.94976106, -33.03338187 ], [ -65.95107685, -33.0337152 ], [ -65.95313115, -33.03423562 ], [ -65.95313338, -33.03423139 ] ] ] ] } },
{ "type": "Feature", "properties": { "circuito": "00109", "codprov": "19", "coddepto": "009" }, "geometry": { "type": "MultiPolygon", "coordinates": [ [ [ [ -66.28351219, -35.68440643 ], [ -66.29958276, -35.68571404 ], [ -66.31565517, -35.68442173 ], [ -66.33111028, -35.68057927 ], [ -66.34535289, -35.67433469 ], [ -66.35783483, -35.66592845 ], [ -66.36807612, -35.65568422 ], [ -66.37568349, -35.64399627 ], [ -66.38009184, -35.63205552 ], [ -66.38194333, -35.61812594 ], [ -66.38035797, -35.6049382 ], [ -66.37567178, -35.59225774 ], [ -66.36806611, -35.58057151 ], [ -66.35783406, -35.57032811 ], [ -66.34536915, -35.56192058 ], [ -66.3311501, -35.55567142 ], [ -66.3157225, -35.55182028 ], [ -66.29967798, -35.55051481 ], [ -66.28363164, -35.55180506 ], [ -66.26819866, -35.55564156 ], [ -66.25397086, -35.56187722 ], [ -66.24149417, -35.57027291 ], [ -66.23124776, -35.58050658 ], [ -66.22362567, -35.59218556 ], [ -66.21892165, -35.60486154 ], [ -66.21731773, -35.61804774 ], [ -66.21887702, -35.63123754 ], [ -66.22354108, -35.64392395 ], [ -66.23113194, -35.65561911 ], [ -66.24135874, -35.66587306 ], [ -66.25382878, -35.67429115 ], [ -66.26806254, -35.68054928 ], [ -66.28351219, -35.68440643 ] ] ] ] } },
{ "type": "Feature", "properties": { "circuito": "00112", "codprov": "19", "coddepto": "009" }, "geometry": { "type": "MultiPolygon", "coordinates": [ [ [ [ -65.35949682, -35.62117849 ], [ -65.37782556, -35.62218086 ], [ -65.42159448, -35.61068258 ], [ -65.42485133, -35.60982865 ], [ -65.43381945, -35.60270051 ], [ -65.44406074, -35.59245627 ], [ -65.45166812, -35.58076833 ], [ -65.45607647, -35.56882757 ], [ -65.45792795, -35.554898 ], [ -65.45634259, -35.54171026 ], [ -65.45165641, -35.5290298 ], [ -65.44405073, -35.51734357 ], [ -65.43381869, -35.50710017 ], [ -65.42135377, -35.49869264 ], [ -65.40713472, -35.49244348 ], [ -65.39170713, -35.48859234 ], [ -65.37566261, -35.48728687 ], [ -65.35961627, -35.48857712 ], [ -65.34418329, -35.49241362 ], [ -65.32995549, -35.49864928 ], [ -65.31747879, -35.50704497 ], [ -65.30723238, -35.51727864 ], [ -65.29961029, -35.52895762 ], [ -65.29490628, -35.5416336 ], [ -65.29330235, -35.5548198 ], [ -65.29486164, -35.5680096 ], [ -65.2995257, -35.58069601 ], [ -65.30711657, -35.59239116 ], [ -65.31734337, -35.60264511 ], [ -65.3298134, -35.61106321 ], [ -65.34404716, -35.61732134 ], [ -65.35949682, -35.62117849 ] ] ] ] } },
{ "type": "Feature", "properties": { "circuito": "03012", "codprov": "19", "coddepto": "003" }, "geometry": { "type": "MultiPolygon", "coordinates": [ [ [ [ -65.47242004, -33.68704789 ], [ -65.47240325, -33.68697086 ], [ -65.47240119, -33.68696142 ], [ -65.47216701, -33.68617204 ], [ -65.47213946, -33.68609349 ], [ -65.47212269, -33.68604567 ], [ -65.47189685, -33.68528468 ], [ -65.47187481, -33.68522028 ], [ -65.47185282, -33.68515604 ], [ -65.47176998, -33.68488315 ], [ -65.47160131, -33.68432754 ], [ -65.47134069, -33.68345112 ], [ -65.47133928, -33.68344626 ], [ -65.47128484, -33.68325849 ], [ -65.47121606, -33.68302125 ], [ -65.47118561, -33.68291623 ], [ -65.47108496, -33.6825691 ], [ -65.47108247, -33.68256099 ], [ -65.47100893, -33.68232157 ], [ -65.47081087, -33.68167674 ], [ -65.4708082, -33.68166828 ], [ -65.46962298, -33.68192771 ], [ -65.46857331, -33.68215622 ], [ -65.46839296, -33.68219548 ], [ -65.46751015, -33.68238767 ], [ -65.46655207, -33.68259623 ], [ -65.46645575, -33.68261726 ], [ -65.46540173, -33.68284746 ], [ -65.46434853, -33.68307747 ], [ -65.46407642, -33.68218164 ], [ -65.46380069, -33.68129344 ], [ -65.46275117, -33.68152413 ], [ -65.46274849, -33.68152472 ], [ -65.46169256, -33.6817498 ], [ -65.46063098, -33.68197608 ], [ -65.46090802, -33.68286653 ], [ -65.46117468, -33.6837579 ], [ -65.46144433, -33.68465929 ], [ -65.46170467, -33.68552952 ], [ -65.46196468, -33.68642641 ], [ -65.46221866, -33.68729177 ], [ -65.46222252, -33.68730442 ], [ -65.46248868, -33.68817685 ], [ -65.46249131, -33.68818601 ], [ -65.46273814, -33.68904648 ], [ -65.46274433, -33.68906708 ], [ -65.46300585, -33.68993635 ], [ -65.46301068, -33.68995221 ], [ -65.46303046, -33.68994797 ], [ -65.4640758, -33.68971706 ], [ -65.46410424, -33.68971078 ], [ -65.46513517, -33.68948721 ], [ -65.4651412, -33.6894859 ], [ -65.46618304, -33.68926018 ], [ -65.46619655, -33.68925726 ], [ -65.4672425, -33.68903779 ], [ -65.46725874, -33.68903438 ], [ -65.46830591, -33.68881343 ], [ -65.46835083, -33.68880396 ], [ -65.46934907, -33.68857507 ], [ -65.46941084, -33.68856091 ], [ -65.46980728, -33.68847508 ], [ -65.47264547, -33.68786067 ], [ -65.47265405, -33.68785881 ], [ -65.47265973, -33.68785758 ], [ -65.47265992, -33.68785754 ], [ -65.4726542, -33.68783996 ], [ -65.47242004, -33.68704789 ] ] ] ] } },
{ "type": "Feature", "properties": { "circuito": "03011", "codprov": "19", "coddepto": "003" }, "geometry": { "type": "MultiPolygon", "coordinates": [ [ [ [ -65.45348083, -33.6807601 ], [ -65.45368694, -33.6814762 ], [ -65.45371509, -33.68157744 ], [ -65.45374113, -33.68167107 ], [ -65.45398347, -33.68247825 ], [ -65.45423631, -33.68336422 ], [ -65.45530187, -33.68313172 ], [ -65.45546413, -33.68309632 ], [ -65.45637183, -33.68289795 ], [ -65.45638558, -33.68289494 ], [ -65.45742882, -33.68266694 ], [ -65.45743613, -33.68267169 ], [ -65.4585046, -33.6824355 ], [ -65.45850982, -33.68243438 ], [ -65.45957616, -33.68220398 ], [ -65.46062657, -33.68197702 ], [ -65.46063098, -33.68197608 ], [ -65.46169256, -33.6817498 ], [ -65.46274849, -33.68152472 ], [ -65.46275117, -33.68152413 ], [ -65.46380069, -33.68129344 ], [ -65.46353668, -33.68040268 ], [ -65.46327443, -33.67953675 ], [ -65.46326473, -33.67950247 ], [ -65.46301895, -33.67863412 ], [ -65.46301088, -33.6786079 ], [ -65.46274256, -33.67773577 ], [ -65.46273531, -33.67771263 ], [ -65.46246352, -33.67684395 ], [ -65.46245797, -33.67682435 ], [ -65.46220549, -33.67593258 ], [ -65.46220358, -33.67592626 ], [ -65.46193945, -33.67505173 ], [ -65.46193307, -33.67502877 ], [ -65.46168664, -33.67414256 ], [ -65.46168407, -33.67413438 ], [ -65.4614076, -33.6732551 ], [ -65.46140292, -33.67323994 ], [ -65.46113099, -33.6723581 ], [ -65.46087835, -33.67146285 ], [ -65.46087562, -33.67145338 ], [ -65.46061771, -33.67055801 ], [ -65.46061508, -33.67054954 ], [ -65.45956454, -33.67078013 ], [ -65.45955566, -33.67078202 ], [ -65.45850282, -33.67100631 ], [ -65.45746031, -33.67123246 ], [ -65.45746081, -33.67123422 ], [ -65.45771757, -33.67212638 ], [ -65.45772003, -33.67213469 ], [ -65.45672107, -33.67234311 ], [ -65.45664643, -33.67235992 ], [ -65.45654269, -33.67238329 ], [ -65.45563297, -33.67258035 ], [ -65.45557836, -33.67259293 ], [ -65.45549026, -33.67261323 ], [ -65.45461172, -33.67280856 ], [ -65.45450908, -33.67283552 ], [ -65.45438869, -33.67286715 ], [ -65.45399636, -33.67295506 ], [ -65.45357131, -33.67305031 ], [ -65.45354135, -33.67305702 ], [ -65.45346614, -33.67307396 ], [ -65.45336297, -33.67309719 ], [ -65.45313551, -33.67314484 ], [ -65.45269666, -33.67323676 ], [ -65.45245774, -33.6732868 ], [ -65.45237905, -33.67330288 ], [ -65.45229721, -33.6733196 ], [ -65.45138301, -33.67351847 ], [ -65.45131719, -33.67353155 ], [ -65.4513496, -33.67362658 ], [ -65.451449, -33.67396057 ], [ -65.45156325, -33.67434443 ], [ -65.45169036, -33.67477153 ], [ -65.45183802, -33.67526766 ], [ -65.45185578, -33.67532998 ], [ -65.45187416, -33.67539448 ], [ -65.45210223, -33.67613848 ], [ -65.45212601, -33.67620947 ], [ -65.452153, -33.67629009 ], [ -65.45235899, -33.67702164 ], [ -65.45238284, -33.67710965 ], [ -65.45240593, -33.67719485 ], [ -65.45262666, -33.67793264 ], [ -65.45264624, -33.67800389 ], [ -65.45267, -33.67809039 ], [ -65.45288349, -33.67880498 ], [ -65.45291533, -33.67889745 ], [ -65.45294155, -33.67897361 ], [ -65.45315138, -33.679682 ], [ -65.45317625, -33.6797717 ], [ -65.45320196, -33.6798645 ], [ -65.45343012, -33.68059923 ], [ -65.45345283, -33.68067127 ], [ -65.45348083, -33.6807601 ] ] ] ] } },
{ "type": "Feature", "properties": { "circuito": "03010", "codprov": "19", "coddepto": "003" }, "geometry": { "type": "MultiPolygon", "coordinates": [ [ [ [ -65.47027332, -33.67988126 ], [ -65.47027201, -33.67987662 ], [ -65.47001736, -33.67898407 ], [ -65.46973983, -33.67809731 ], [ -65.46949835, -33.67720465 ], [ -65.46949505, -33.6771936 ], [ -65.46923212, -33.67631157 ], [ -65.46922667, -33.67629424 ], [ -65.46894598, -33.67540166 ], [ -65.46894207, -33.67538732 ], [ -65.46870264, -33.67450868 ], [ -65.46870052, -33.67450181 ], [ -65.46842659, -33.67361484 ], [ -65.46819297, -33.67273349 ], [ -65.46792735, -33.67188431 ], [ -65.46791165, -33.67183672 ], [ -65.46788487, -33.6717555 ], [ -65.46765892, -33.67097473 ], [ -65.46764568, -33.67093483 ], [ -65.46762353, -33.67086806 ], [ -65.46738329, -33.67006713 ], [ -65.46737258, -33.67003797 ], [ -65.46733601, -33.6699383 ], [ -65.46712195, -33.66917968 ], [ -65.4671094, -33.6691352 ], [ -65.46589786, -33.66939582 ], [ -65.4658963, -33.66939616 ], [ -65.46484181, -33.66961758 ], [ -65.46484018, -33.66961792 ], [ -65.46379197, -33.66985531 ], [ -65.46378744, -33.66985629 ], [ -65.46272781, -33.67008371 ], [ -65.46272663, -33.67008397 ], [ -65.4616746, -33.67031816 ], [ -65.46167159, -33.67031882 ], [ -65.46061508, -33.67054954 ], [ -65.46061771, -33.67055801 ], [ -65.46087562, -33.67145338 ], [ -65.46087835, -33.67146285 ], [ -65.46113099, -33.6723581 ], [ -65.46140292, -33.67323994 ], [ -65.4614076, -33.6732551 ], [ -65.46168407, -33.67413438 ], [ -65.46168664, -33.67414256 ], [ -65.46193307, -33.67502877 ], [ -65.46193945, -33.67505173 ], [ -65.46220358, -33.67592626 ], [ -65.46220549, -33.67593258 ], [ -65.46245797, -33.67682435 ], [ -65.46246352, -33.67684395 ], [ -65.46273531, -33.67771263 ], [ -65.46274256, -33.67773577 ], [ -65.46301088, -33.6786079 ], [ -65.46301895, -33.67863412 ], [ -65.46326473, -33.67950247 ], [ -65.46327443, -33.67953675 ], [ -65.46353668, -33.68040268 ], [ -65.46380069, -33.68129344 ], [ -65.46407642, -33.68218164 ], [ -65.46434853, -33.68307747 ], [ -65.46540173, -33.68284746 ], [ -65.46645575, -33.68261726 ], [ -65.46655207, -33.68259623 ], [ -65.46751015, -33.68238767 ], [ -65.46839296, -33.68219548 ], [ -65.46857331, -33.68215622 ], [ -65.46962298, -33.68192771 ], [ -65.4708082, -33.68166828 ], [ -65.47052779, -33.68078016 ], [ -65.47051856, -33.6807509 ], [ -65.47027332, -33.67988126 ] ] ] ] } },
{ "type": "Feature", "properties": { "circuito": "03009", "codprov": "19", "coddepto": "003" }, "geometry": { "type": "MultiPolygon", "coordinates": [ [ [ [ -65.46061508, -33.67054954 ], [ -65.45980842, -33.6678681 ], [ -65.45820402, -33.66249044 ], [ -65.45776799, -33.66105384 ], [ -65.45349438, -33.65963455 ], [ -65.44640323, -33.66122253 ], [ -65.44642472, -33.66139923 ], [ -65.44661511, -33.66209845 ], [ -65.44668281, -33.66214483 ], [ -65.44681607, -33.66223612 ], [ -65.44703419, -33.66295292 ], [ -65.44704584, -33.6629989 ], [ -65.44706813, -33.66308692 ], [ -65.44729298, -33.66384158 ], [ -65.44730596, -33.66389513 ], [ -65.44732688, -33.66398141 ], [ -65.44755871, -33.66473319 ], [ -65.44757805, -33.66479657 ], [ -65.44759961, -33.66486723 ], [ -65.44782443, -33.66562771 ], [ -65.44784854, -33.66569972 ], [ -65.44786541, -33.66575011 ], [ -65.44808321, -33.66651928 ], [ -65.44810685, -33.6665933 ], [ -65.4483521, -33.66739588 ], [ -65.44837772, -33.66748529 ], [ -65.44839908, -33.66755983 ], [ -65.4486198, -33.6682899 ], [ -65.44864676, -33.66837746 ], [ -65.4486741, -33.66846624 ], [ -65.44888393, -33.66916692 ], [ -65.4489148, -33.66926583 ], [ -65.44894186, -33.66935254 ], [ -65.44915892, -33.67007796 ], [ -65.44918791, -33.67016993 ], [ -65.44920963, -33.67023884 ], [ -65.44941935, -33.67095805 ], [ -65.44944986, -33.6710678 ], [ -65.44947353, -33.67115292 ], [ -65.44968698, -33.67186752 ], [ -65.44971896, -33.67195897 ], [ -65.44974867, -33.67204388 ], [ -65.44995839, -33.6727631 ], [ -65.44998562, -33.67285117 ], [ -65.45000908, -33.67292706 ], [ -65.45022248, -33.67364937 ], [ -65.45025348, -33.67375722 ], [ -65.45032613, -33.67374463 ], [ -65.45121803, -33.67355125 ], [ -65.45131719, -33.67353155 ], [ -65.45138301, -33.67351847 ], [ -65.45229721, -33.6733196 ], [ -65.45237905, -33.67330288 ], [ -65.45245774, -33.6732868 ], [ -65.45269666, -33.67323676 ], [ -65.45313551, -33.67314484 ], [ -65.45336297, -33.67309719 ], [ -65.45346614, -33.67307396 ], [ -65.45354135, -33.67305702 ], [ -65.45357131, -33.67305031 ], [ -65.45399636, -33.67295506 ], [ -65.45438869, -33.67286715 ], [ -65.45450908, -33.67283552 ], [ -65.45461172, -33.67280856 ], [ -65.45549026, -33.67261323 ], [ -65.45557836, -33.67259293 ], [ -65.45563297, -33.67258035 ], [ -65.45654269, -33.67238329 ], [ -65.45664643, -33.67235992 ], [ -65.45672107, -33.67234311 ], [ -65.45772003, -33.67213469 ], [ -65.45771757, -33.67212638 ], [ -65.45746081, -33.67123422 ], [ -65.45746031, -33.67123246 ], [ -65.45850282, -33.67100631 ], [ -65.45955566, -33.67078202 ], [ -65.45956454, -33.67078013 ], [ -65.46061508, -33.67054954 ], [ -65.46061508, -33.67054954 ] ] ] ] } },
{ "type": "Feature", "properties": { "circuito": "03016", "codprov": "19", "coddepto": "003" }, "geometry": { "type": "MultiPolygon", "coordinates": [ [ [ [ -65.45530192, -33.6869212 ], [ -65.45422439, -33.68715608 ], [ -65.45422161, -33.68715668 ], [ -65.45317098, -33.68738276 ], [ -65.45313847, -33.68738975 ], [ -65.45211861, -33.68761176 ], [ -65.45209891, -33.68761588 ], [ -65.45102372, -33.68784052 ], [ -65.45100384, -33.68784467 ], [ -65.44995911, -33.68807033 ], [ -65.44995785, -33.68807062 ], [ -65.44885829, -33.68832057 ], [ -65.44782056, -33.6885449 ], [ -65.44781023, -33.68854723 ], [ -65.44673227, -33.68879012 ], [ -65.4456802, -33.68902104 ], [ -65.43933053, -33.69055186 ], [ -65.43834071, -33.69075594 ], [ -65.4397149, -33.69512001 ], [ -65.4565833, -33.69123888 ], [ -65.4563773, -33.69050903 ], [ -65.45635786, -33.69044981 ], [ -65.45633209, -33.69037129 ], [ -65.45611966, -33.68961665 ], [ -65.45610049, -33.6895606 ], [ -65.45607443, -33.68948442 ], [ -65.45585535, -33.68874075 ], [ -65.45583296, -33.68867875 ], [ -65.45580361, -33.68859749 ], [ -65.45576782, -33.68847876 ], [ -65.45558443, -33.68787032 ], [ -65.45556606, -33.68781812 ], [ -65.45531724, -33.68697453 ], [ -65.45530192, -33.6869212 ] ] ] ] } },
{ "type": "Feature", "properties": { "circuito": "00076", "codprov": "19", "coddepto": "007" }, "geometry": { "type": "MultiPolygon", "coordinates": [ [ [ [ -66.12136627, -32.60515701 ], [ -66.1196309, -32.60388004 ], [ -66.11645485, -32.60329067 ], [ -66.11291863, -32.60184999 ], [ -66.11128149, -32.60004913 ], [ -66.11020098, -32.59739697 ], [ -66.10990629, -32.59615274 ], [ -66.10826915, -32.59500675 ], [ -66.10709041, -32.59448286 ], [ -66.10456922, -32.59395898 ], [ -66.10270288, -32.59264927 ], [ -66.10073831, -32.59078293 ], [ -66.08525098, -32.5974952 ], [ -66.08715006, -32.60090045 ], [ -66.0864952, -32.60168627 ], [ -66.08767394, -32.60479684 ], [ -66.09166856, -32.60404375 ], [ -66.09301102, -32.60803837 ], [ -66.09379684, -32.60888969 ], [ -66.09494284, -32.60866049 ], [ -66.09566318, -32.60908614 ], [ -66.11291863, -32.61033037 ], [ -66.12136627, -32.60515701 ] ] ] ] } },
{ "type": "Feature", "properties": { "circuito": "03017", "codprov": "19", "coddepto": "003" }, "geometry": { "type": "MultiPolygon", "coordinates": [ [ [ [ -65.43384572, -33.67642988 ], [ -65.43387715, -33.67655185 ], [ -65.43613288, -33.68380154 ], [ -65.43615722, -33.68387505 ], [ -65.43619001, -33.68397412 ], [ -65.43683641, -33.68603274 ], [ -65.43716614, -33.68706816 ], [ -65.43721076, -33.68720368 ], [ -65.43721112, -33.68720476 ], [ -65.43737018, -33.68768781 ], [ -65.43747326, -33.68800088 ], [ -65.43751945, -33.68814759 ], [ -65.43766885, -33.68862209 ], [ -65.43788798, -33.68931805 ], [ -65.43803573, -33.68978732 ], [ -65.43810442, -33.69000548 ], [ -65.43834071, -33.69075594 ], [ -65.43933053, -33.69055186 ], [ -65.4456802, -33.68902104 ], [ -65.44673227, -33.68879012 ], [ -65.44781023, -33.68854723 ], [ -65.44782056, -33.6885449 ], [ -65.44885829, -33.68832057 ], [ -65.44995785, -33.68807062 ], [ -65.44995911, -33.68807033 ], [ -65.45100384, -33.68784467 ], [ -65.45102372, -33.68784052 ], [ -65.45209891, -33.68761588 ], [ -65.45211861, -33.68761176 ], [ -65.45313847, -33.68738975 ], [ -65.45317098, -33.68738276 ], [ -65.45422161, -33.68715668 ], [ -65.45422439, -33.68715608 ], [ -65.45530192, -33.6869212 ], [ -65.45506534, -33.6860975 ], [ -65.45505416, -33.68605781 ], [ -65.45482681, -33.68525074 ], [ -65.45479551, -33.68515071 ], [ -65.45453463, -33.68431689 ], [ -65.45451756, -33.68426132 ], [ -65.45423631, -33.68336422 ], [ -65.45398347, -33.68247825 ], [ -65.45374113, -33.68167107 ], [ -65.45371509, -33.68157744 ], [ -65.45368694, -33.6814762 ], [ -65.45348083, -33.6807601 ], [ -65.45345283, -33.68067127 ], [ -65.45343012, -33.68059923 ], [ -65.45320196, -33.6798645 ], [ -65.45317625, -33.6797717 ], [ -65.45315138, -33.679682 ], [ -65.45294155, -33.67897361 ], [ -65.45291533, -33.67889745 ], [ -65.45288349, -33.67880498 ], [ -65.45267, -33.67809039 ], [ -65.45264624, -33.67800389 ], [ -65.45262666, -33.67793264 ], [ -65.45240593, -33.67719485 ], [ -65.45238284, -33.67710965 ], [ -65.45235899, -33.67702164 ], [ -65.452153, -33.67629009 ], [ -65.45212601, -33.67620947 ], [ -65.45210223, -33.67613848 ], [ -65.45187416, -33.67539448 ], [ -65.45185578, -33.67532998 ], [ -65.45183802, -33.67526766 ], [ -65.45169036, -33.67477153 ], [ -65.45156325, -33.67434443 ], [ -65.451449, -33.67396057 ], [ -65.4513496, -33.67362658 ], [ -65.45131719, -33.67353155 ], [ -65.45121803, -33.67355125 ], [ -65.45032613, -33.67374463 ], [ -65.45025348, -33.67375722 ], [ -65.45022248, -33.67364937 ], [ -65.45022248, -33.67364937 ], [ -65.45000908, -33.67292706 ], [ -65.44998562, -33.67285117 ], [ -65.44987297, -33.67287506 ], [ -65.44900779, -33.67306854 ], [ -65.44890993, -33.6730922 ], [ -65.44883384, -33.67311059 ], [ -65.44795532, -33.67330029 ], [ -65.44786228, -33.67332391 ], [ -65.44776798, -33.67334785 ], [ -65.44679044, -33.67356495 ], [ -65.44260847, -33.67449999 ], [ -65.44251649, -33.67452043 ], [ -65.44239018, -33.6745485 ], [ -65.4413836, -33.6747802 ], [ -65.44132968, -33.67479233 ], [ -65.44116801, -33.67482872 ], [ -65.43842323, -33.67544175 ], [ -65.43833181, -33.67545702 ], [ -65.43812151, -33.67549213 ], [ -65.43384572, -33.67642988 ] ] ] ] } },
{ "type": "Feature", "properties": { "circuito": "03013", "codprov": "19", "coddepto": "003" }, "geometry": { "type": "MultiPolygon", "coordinates": [ [ [ [ -65.4565833, -33.69123888 ], [ -65.45660354, -33.6913081 ], [ -65.45669159, -33.69128749 ], [ -65.45759114, -33.69109614 ], [ -65.45766821, -33.69108138 ], [ -65.45769415, -33.69107641 ], [ -65.45775258, -33.69106522 ], [ -65.45865871, -33.69087389 ], [ -65.45872473, -33.69086342 ], [ -65.4598231, -33.69064636 ], [ -65.45984593, -33.69064141 ], [ -65.46089385, -33.69041003 ], [ -65.46092433, -33.69040331 ], [ -65.4619554, -33.69017821 ], [ -65.4619889, -33.6901709 ], [ -65.46301068, -33.68995221 ], [ -65.46300585, -33.68993635 ], [ -65.46274433, -33.68906708 ], [ -65.46273814, -33.68904648 ], [ -65.46249131, -33.68818601 ], [ -65.46248868, -33.68817685 ], [ -65.46222252, -33.68730442 ], [ -65.46221866, -33.68729177 ], [ -65.46196468, -33.68642641 ], [ -65.46170467, -33.68552952 ], [ -65.46144433, -33.68465929 ], [ -65.46117468, -33.6837579 ], [ -65.46090802, -33.68286653 ], [ -65.46063098, -33.68197608 ], [ -65.46062657, -33.68197702 ], [ -65.45957616, -33.68220398 ], [ -65.45850982, -33.68243438 ], [ -65.4585046, -33.6824355 ], [ -65.45743613, -33.68267169 ], [ -65.45742882, -33.68266694 ], [ -65.45638558, -33.68289494 ], [ -65.45637183, -33.68289795 ], [ -65.45546413, -33.68309632 ], [ -65.45530187, -33.68313172 ], [ -65.45423631, -33.68336422 ], [ -65.45451756, -33.68426132 ], [ -65.45453463, -33.68431689 ], [ -65.45479551, -33.68515071 ], [ -65.45482681, -33.68525074 ], [ -65.45505416, -33.68605781 ], [ -65.45506534, -33.6860975 ], [ -65.45530192, -33.6869212 ], [ -65.45531724, -33.68697453 ], [ -65.45556606, -33.68781812 ], [ -65.45558443, -33.68787032 ], [ -65.45576782, -33.68847876 ], [ -65.45580361, -33.68859749 ], [ -65.45583296, -33.68867875 ], [ -65.45585535, -33.68874075 ], [ -65.45607443, -33.68948442 ], [ -65.45610049, -33.6895606 ], [ -65.45611966, -33.68961665 ], [ -65.45633209, -33.69037129 ], [ -65.45635786, -33.69044981 ], [ -65.4563773, -33.69050903 ], [ -65.4565833, -33.69123888 ] ] ] ] } },
{ "type": "Feature", "properties": { "circuito": "00032", "codprov": "19", "coddepto": "003" }, "geometry": { "type": "MultiPolygon", "coordinates": [ [ [ [ -65.4049993, -33.88922554 ], [ -65.42080694, -33.8905997 ], [ -65.43663212, -33.8893736 ], [ -65.45186529, -33.88559446 ], [ -65.46591985, -33.87940781 ], [ -65.47825487, -33.87105189 ], [ -65.4887524, -33.86029872 ], [ -65.49595384, -33.84918995 ], [ -65.50063864, -33.83652515 ], [ -65.50227154, -33.823341 ], [ -65.50079119, -33.81014431 ], [ -65.49575005, -33.79664274 ], [ -65.48884105, -33.78572225 ], [ -65.47883249, -33.77543463 ], [ -65.46775867, -33.76776594 ], [ -65.45687037, -33.76195021 ], [ -65.44838789, -33.75898134 ], [ -65.43646397, -33.75665974 ], [ -65.42171398, -33.75537776 ], [ -65.40591331, -33.75660223 ], [ -65.39070115, -33.760376 ], [ -65.3766609, -33.76655434 ], [ -65.36433131, -33.77490029 ], [ -65.35841803, -33.78084154 ], [ -65.35418588, -33.7850937 ], [ -65.34661474, -33.7967434 ], [ -65.34190959, -33.80940221 ], [ -65.3402524, -33.82258399 ], [ -65.34188874, -33.83629048 ], [ -65.34622255, -33.84848988 ], [ -65.35362306, -33.86021805 ], [ -65.36362619, -33.87051564 ], [ -65.37584783, -33.87898635 ], [ -65.38880457, -33.88484583 ], [ -65.4049993, -33.88922554 ] ] ] ] } },
{ "type": "Feature", "properties": { "circuito": "00036", "codprov": "19", "coddepto": "003" }, "geometry": { "type": "MultiPolygon", "coordinates": [ [ [ [ -65.42610377, -33.17714472 ], [ -65.41859604, -33.1888005 ], [ -65.41393526, -33.20146366 ], [ -65.41230167, -33.2146479 ], [ -65.41375936, -33.2278467 ], [ -65.4182537, -33.24055274 ], [ -65.42561311, -33.25227744 ], [ -65.43555558, -33.26256976 ], [ -65.44769933, -33.27103361 ], [ -65.46157744, -33.27734317 ], [ -65.47665584, -33.28125549 ], [ -65.49235395, -33.28261988 ], [ -65.50806716, -33.28138377 ], [ -65.52319024, -33.27759476 ], [ -65.53551185, -33.27214846 ], [ -65.57171286, -33.22705115 ], [ -65.57318914, -33.21530379 ], [ -65.57170766, -33.20210662 ], [ -65.56719298, -33.18940586 ], [ -65.55981973, -33.1776893 ], [ -65.54987205, -33.16740672 ], [ -65.53773251, -33.15895274 ], [ -65.52386739, -33.15265168 ], [ -65.50880878, -33.14874519 ], [ -65.49313424, -33.14738307 ], [ -65.47744481, -33.14861755 ], [ -65.46234208, -33.15240127 ], [ -65.44840527, -33.15858913 ], [ -65.43616919, -33.16694378 ], [ -65.42610377, -33.17714472 ] ] ] ] } },
{ "type": "Feature", "properties": { "circuito": "03018", "codprov": "19", "coddepto": "003" }, "geometry": { "type": "MultiPolygon", "coordinates": [ [ [ [ -65.44915892, -33.67007796 ], [ -65.44894186, -33.66935254 ], [ -65.4489148, -33.66926583 ], [ -65.44888393, -33.66916692 ], [ -65.4486741, -33.66846624 ], [ -65.44864676, -33.66837746 ], [ -65.4486198, -33.6682899 ], [ -65.44839908, -33.66755983 ], [ -65.44837772, -33.66748529 ], [ -65.4483521, -33.66739588 ], [ -65.44810685, -33.6665933 ], [ -65.44808321, -33.66651928 ], [ -65.44786541, -33.66575011 ], [ -65.44784854, -33.66569972 ], [ -65.44782443, -33.66562771 ], [ -65.44759961, -33.66486723 ], [ -65.44757805, -33.66479657 ], [ -65.44755871, -33.66473319 ], [ -65.44732688, -33.66398141 ], [ -65.44730596, -33.66389513 ], [ -65.44729298, -33.66384158 ], [ -65.44706813, -33.66308692 ], [ -65.44704584, -33.6629989 ], [ -65.44703419, -33.66295292 ], [ -65.44681607, -33.66223612 ], [ -65.44668281, -33.66214483 ], [ -65.44661511, -33.66209845 ], [ -65.44642472, -33.66139923 ], [ -65.44640323, -33.66122253 ], [ -65.3804671, -33.67571988 ], [ -65.38018799, -33.67578125 ], [ -65.3807373, -33.68267822 ], [ -65.38100661, -33.68440949 ], [ -65.38116455, -33.6854248 ], [ -65.38146973, -33.68743896 ], [ -65.38261691, -33.68719784 ], [ -65.43384572, -33.67642988 ], [ -65.43812151, -33.67549213 ], [ -65.43833181, -33.67545702 ], [ -65.43842323, -33.67544175 ], [ -65.44116801, -33.67482872 ], [ -65.44132968, -33.67479233 ], [ -65.4413836, -33.6747802 ], [ -65.44239018, -33.6745485 ], [ -65.44251649, -33.67452043 ], [ -65.44260847, -33.67449999 ], [ -65.44679044, -33.67356495 ], [ -65.44776798, -33.67334785 ], [ -65.44786228, -33.67332391 ], [ -65.44795532, -33.67330029 ], [ -65.44883384, -33.67311059 ], [ -65.44890993, -33.6730922 ], [ -65.44900779, -33.67306854 ], [ -65.44987297, -33.67287506 ], [ -65.44998562, -33.67285117 ], [ -65.44995839, -33.6727631 ], [ -65.44974867, -33.67204388 ], [ -65.44971896, -33.67195897 ], [ -65.44968698, -33.67186752 ], [ -65.44947353, -33.67115292 ], [ -65.44944986, -33.6710678 ], [ -65.44941935, -33.67095805 ], [ -65.44920963, -33.67023884 ], [ -65.44918791, -33.67016993 ], [ -65.44915892, -33.67007796 ] ] ] ] } },
{ "type": "Feature", "properties": { "circuito": "03020", "codprov": "19", "coddepto": "003" }, "geometry": { "type": "MultiPolygon", "coordinates": [ [ [ [ -65.43766885, -33.68862209 ], [ -65.43751945, -33.68814759 ], [ -65.43747326, -33.68800088 ], [ -65.43737018, -33.68768781 ], [ -65.43721112, -33.68720476 ], [ -65.43721076, -33.68720368 ], [ -65.43716614, -33.68706816 ], [ -65.43683641, -33.68603274 ], [ -65.43619001, -33.68397412 ], [ -65.43615722, -33.68387505 ], [ -65.43613288, -33.68380154 ], [ -65.43387715, -33.67655185 ], [ -65.43384572, -33.67642988 ], [ -65.38261691, -33.68719784 ], [ -65.38146973, -33.68743896 ], [ -65.38256836, -33.69146729 ], [ -65.38366699, -33.69476318 ], [ -65.38386011, -33.69522809 ], [ -65.38531494, -33.69873047 ], [ -65.38613996, -33.70076874 ], [ -65.38635254, -33.70129395 ], [ -65.38964844, -33.70678711 ], [ -65.3924553, -33.71083636 ], [ -65.39337158, -33.7121582 ], [ -65.41021729, -33.70446777 ], [ -65.41967773, -33.70367432 ], [ -65.43625646, -33.69706236 ], [ -65.43964333, -33.69516908 ], [ -65.4397149, -33.69512001 ], [ -65.43834071, -33.69075594 ], [ -65.43810442, -33.69000548 ], [ -65.43803573, -33.68978732 ], [ -65.43788798, -33.68931805 ], [ -65.43766885, -33.68862209 ] ] ] ] } },
{ "type": "Feature", "properties": { "circuito": "03007", "codprov": "19", "coddepto": "003" }, "geometry": { "type": "MultiPolygon", "coordinates": [ [ [ [ -65.44879742, -33.61032561 ], [ -65.44805908, -33.60797119 ], [ -65.44127492, -33.60908609 ], [ -65.43902588, -33.60955811 ], [ -65.43881113, -33.60961649 ], [ -65.43852893, -33.6096932 ], [ -65.43467713, -33.61074029 ], [ -65.43191769, -33.61162331 ], [ -65.43263455, -33.61406397 ], [ -65.44277874, -33.64860115 ], [ -65.44640323, -33.66122253 ], [ -65.45349438, -33.65963455 ], [ -65.45776799, -33.66105384 ], [ -65.46403104, -33.66313384 ], [ -65.46550552, -33.66369962 ], [ -65.46535012, -33.66310904 ], [ -65.44879742, -33.61032561 ] ] ] ] } },
{ "type": "Feature", "properties": { "circuito": "03019", "codprov": "19", "coddepto": "003" }, "geometry": { "type": "MultiPolygon", "coordinates": [ [ [ [ -65.43263455, -33.61406397 ], [ -65.43191769, -33.61162331 ], [ -65.42939399, -33.61240791 ], [ -65.42243713, -33.61512364 ], [ -65.41228969, -33.62046544 ], [ -65.40887451, -33.62261963 ], [ -65.40624968, -33.62464204 ], [ -65.40515137, -33.62548828 ], [ -65.40216064, -33.62792969 ], [ -65.40170358, -33.62801321 ], [ -65.40151765, -33.62815782 ], [ -65.36616564, -33.63473081 ], [ -65.3666465, -33.63604188 ], [ -65.3705559, -33.64670083 ], [ -65.3759859, -33.6615057 ], [ -65.37600119, -33.66154738 ], [ -65.38037109, -33.67346191 ], [ -65.38025815, -33.67489254 ], [ -65.38022437, -33.67532041 ], [ -65.38018799, -33.67578125 ], [ -65.3804671, -33.67571988 ], [ -65.44640323, -33.66122253 ], [ -65.44277874, -33.64860115 ], [ -65.43263455, -33.61406397 ] ] ] ] } },
{ "type": "Feature", "properties": { "circuito": "3001A", "codprov": "19", "coddepto": "003" }, "geometry": { "type": "MultiPolygon", "coordinates": [ [ [ [ -65.47564592, -33.6953108 ], [ -65.47643516, -33.69475175 ], [ -65.47669825, -33.69462021 ], [ -65.47827673, -33.69462021 ], [ -65.47877, -33.69432424 ], [ -65.47946059, -33.69406116 ], [ -65.48024983, -33.693535 ], [ -65.48087465, -33.69304173 ], [ -65.48182832, -33.69218671 ], [ -65.48370277, -33.69152901 ], [ -65.48419604, -33.69113439 ], [ -65.48531413, -33.68998341 ], [ -65.4856101, -33.68919417 ], [ -65.48616915, -33.68817474 ], [ -65.48661247, -33.68733735 ], [ -65.48676108, -33.68705664 ], [ -65.48801071, -33.68528085 ], [ -65.48899726, -33.68399833 ], [ -65.48945765, -33.68334063 ], [ -65.49054286, -33.68281447 ], [ -65.49195692, -33.68202523 ], [ -65.49402868, -33.68067694 ], [ -65.4945056, -33.68035386 ], [ -65.48468641, -33.68247521 ], [ -65.48464566, -33.68234134 ], [ -65.47577166, -33.68434181 ], [ -65.47370622, -33.68480742 ], [ -65.47187481, -33.68522028 ], [ -65.47189685, -33.68528468 ], [ -65.47212269, -33.68604567 ], [ -65.47213946, -33.68609349 ], [ -65.47216701, -33.68617204 ], [ -65.47240119, -33.68696142 ], [ -65.47240325, -33.68697086 ], [ -65.47242004, -33.68704789 ], [ -65.4726542, -33.68783996 ], [ -65.47265992, -33.68785754 ], [ -65.47265973, -33.68785758 ], [ -65.47265405, -33.68785881 ], [ -65.47264547, -33.68786067 ], [ -65.47468717, -33.69485575 ], [ -65.47503452, -33.69599983 ], [ -65.47518553, -33.69580407 ], [ -65.47564592, -33.6953108 ] ] ] ] } },
{ "type": "Feature", "properties": { "circuito": "03014", "codprov": "19", "coddepto": "003" }, "geometry": { "type": "MultiPolygon", "coordinates": [ [ [ [ -65.47689551, -33.70629272 ], [ -65.47730626, -33.70450303 ], [ -65.47743507, -33.70413093 ], [ -65.47668008, -33.70141988 ], [ -65.47563832, -33.69798859 ], [ -65.47503452, -33.69599983 ], [ -65.47468717, -33.69485575 ], [ -65.47264547, -33.68786067 ], [ -65.46980728, -33.68847508 ], [ -65.46941084, -33.68856091 ], [ -65.46934907, -33.68857507 ], [ -65.46835083, -33.68880396 ], [ -65.46830591, -33.68881343 ], [ -65.46725874, -33.68903438 ], [ -65.4672425, -33.68903779 ], [ -65.46619655, -33.68925726 ], [ -65.46618304, -33.68926018 ], [ -65.4651412, -33.6894859 ], [ -65.46513517, -33.68948721 ], [ -65.46410424, -33.68971078 ], [ -65.4640758, -33.68971706 ], [ -65.46303046, -33.68994797 ], [ -65.46301068, -33.68995221 ], [ -65.4619889, -33.6901709 ], [ -65.4619554, -33.69017821 ], [ -65.46092433, -33.69040331 ], [ -65.46089385, -33.69041003 ], [ -65.45984593, -33.69064141 ], [ -65.4598231, -33.69064636 ], [ -65.45872473, -33.69086342 ], [ -65.45865871, -33.69087389 ], [ -65.45775258, -33.69106522 ], [ -65.45769415, -33.69107641 ], [ -65.45766821, -33.69108138 ], [ -65.45759114, -33.69109614 ], [ -65.45669159, -33.69128749 ], [ -65.45660354, -33.6913081 ], [ -65.4565833, -33.69123888 ], [ -65.46099854, -33.70916748 ], [ -65.4635693, -33.71948978 ], [ -65.46358048, -33.71953464 ], [ -65.47296407, -33.71136838 ], [ -65.47610336, -33.70872786 ], [ -65.47689551, -33.70629272 ] ] ] ] } },
{ "type": "Feature", "properties": { "circuito": "3001B", "codprov": "19", "coddepto": "003" }, "geometry": { "type": "MultiPolygon", "coordinates": [ [ [ [ -65.49606755, -33.67929577 ], [ -65.4945056, -33.68035386 ], [ -65.49402868, -33.68067694 ], [ -65.49195692, -33.68202523 ], [ -65.49054286, -33.68281447 ], [ -65.48945765, -33.68334063 ], [ -65.48899726, -33.68399833 ], [ -65.48801071, -33.68528085 ], [ -65.48676108, -33.68705664 ], [ -65.48661247, -33.68733735 ], [ -65.48616915, -33.68817474 ], [ -65.4856101, -33.68919417 ], [ -65.48531413, -33.68998341 ], [ -65.48419604, -33.69113439 ], [ -65.48370277, -33.69152901 ], [ -65.48182832, -33.69218671 ], [ -65.48087465, -33.69304173 ], [ -65.48024983, -33.693535 ], [ -65.47946059, -33.69406116 ], [ -65.47877, -33.69432424 ], [ -65.47827673, -33.69462021 ], [ -65.47669825, -33.69462021 ], [ -65.47643516, -33.69475175 ], [ -65.47564592, -33.6953108 ], [ -65.47518553, -33.69580407 ], [ -65.47503452, -33.69599983 ], [ -65.47563832, -33.69798859 ], [ -65.47668008, -33.70141988 ], [ -65.47743507, -33.70413093 ], [ -65.47730626, -33.70450303 ], [ -65.47689551, -33.70629272 ], [ -65.47610336, -33.70872786 ], [ -65.47296407, -33.71136838 ], [ -65.46358048, -33.71953464 ], [ -65.4635693, -33.71948978 ], [ -65.45975536, -33.72266968 ], [ -65.45014017, -33.7306864 ], [ -65.44026492, -33.73891996 ], [ -65.45070536, -33.73913522 ], [ -65.45174417, -33.73915664 ], [ -65.46514982, -33.73790545 ], [ -65.48087913, -33.73379438 ], [ -65.49875333, -33.72646595 ], [ -65.50357937, -33.72360608 ], [ -65.51805747, -33.7130603 ], [ -65.51833906, -33.712769 ], [ -65.52842451, -33.70233578 ], [ -65.53397316, -33.69369021 ], [ -65.53611042, -33.69036006 ], [ -65.54022149, -33.68142295 ], [ -65.54165143, -33.67588195 ], [ -65.55521472, -33.66772501 ], [ -65.53941795, -33.66998572 ], [ -65.51656045, -33.67325692 ], [ -65.50874824, -33.67437495 ], [ -65.50764607, -33.67471408 ], [ -65.50730694, -33.67496843 ], [ -65.50679824, -33.67488365 ], [ -65.50535693, -33.67496843 ], [ -65.50459389, -33.67496843 ], [ -65.50298302, -33.67590104 ], [ -65.50231348, -33.67626624 ], [ -65.50206663, -33.67640089 ], [ -65.5003755, -33.67725689 ], [ -65.49919163, -33.67755286 ], [ -65.49807354, -33.67798036 ], [ -65.49764603, -33.67807902 ], [ -65.49606755, -33.67929577 ] ] ] ] } },
{ "type": "Feature", "properties": { "circuito": "03021", "codprov": "19", "coddepto": "003" }, "geometry": { "type": "MultiPolygon", "coordinates": [ [ [ [ -65.44026492, -33.73891996 ], [ -65.45014017, -33.7306864 ], [ -65.44549561, -33.7154541 ], [ -65.4397149, -33.69512001 ], [ -65.43964333, -33.69516908 ], [ -65.43625646, -33.69706236 ], [ -65.41967773, -33.70367432 ], [ -65.41021729, -33.70446777 ], [ -65.39337158, -33.7121582 ], [ -65.39470661, -33.71343164 ], [ -65.40940799, -33.75347129 ], [ -65.41772531, -33.74863871 ], [ -65.42817645, -33.74256632 ], [ -65.43268354, -33.73994759 ], [ -65.43463953, -33.73880397 ], [ -65.44026492, -33.73891996 ] ] ] ] } },
{ "type": "Feature", "properties": { "circuito": "03006", "codprov": "19", "coddepto": "003" }, "geometry": { "type": "MultiPolygon", "coordinates": [ [ [ [ -65.50424696, -33.65335205 ], [ -65.53443641, -33.64538402 ], [ -65.57712596, -33.63411678 ], [ -65.58295415, -33.63257852 ], [ -65.58817691, -33.63120005 ], [ -65.58578599, -33.62536175 ], [ -65.57968106, -33.61045436 ], [ -65.57969857, -33.61029213 ], [ -65.57971669, -33.61012432 ], [ -65.5754881, -33.5999757 ], [ -65.57471871, -33.59812915 ], [ -65.49269222, -33.61242397 ], [ -65.4846175, -33.61012227 ], [ -65.48040771, -33.60906982 ], [ -65.47553912, -33.60825081 ], [ -65.47387695, -33.60797119 ], [ -65.46386719, -33.6071167 ], [ -65.45465088, -33.60723877 ], [ -65.44805908, -33.60797119 ], [ -65.44879742, -33.61032561 ], [ -65.46535012, -33.66310904 ], [ -65.46651642, -33.66287344 ], [ -65.46674168, -33.66282793 ], [ -65.46843925, -33.66221863 ], [ -65.4685021, -33.6624011 ], [ -65.47173293, -33.66179999 ], [ -65.47288579, -33.66163494 ], [ -65.47281135, -33.66142964 ], [ -65.47540737, -33.66107421 ], [ -65.47683333, -33.66070572 ], [ -65.47751077, -33.66040256 ], [ -65.47812058, -33.66005077 ], [ -65.47862615, -33.65969795 ], [ -65.47921358, -33.659153 ], [ -65.47960396, -33.65871826 ], [ -65.4798584, -33.65869141 ], [ -65.49195365, -33.65609093 ], [ -65.50427246, -33.65344238 ], [ -65.50424696, -33.65335205 ] ] ] ] } },
{ "type": "Feature", "properties": { "circuito": "03005", "codprov": "19", "coddepto": "003" }, "geometry": { "type": "MultiPolygon", "coordinates": [ [ [ [ -65.57678347, -33.63728855 ], [ -65.58347506, -33.63550555 ], [ -65.58480249, -33.63515186 ], [ -65.58930406, -33.6339524 ], [ -65.58817691, -33.63120005 ], [ -65.58295415, -33.63257852 ], [ -65.57712596, -33.63411678 ], [ -65.53443641, -33.64538402 ], [ -65.50424696, -33.65335205 ], [ -65.50427246, -33.65344238 ], [ -65.49195365, -33.65609093 ], [ -65.4798584, -33.65869141 ], [ -65.47960396, -33.65871826 ], [ -65.47921358, -33.659153 ], [ -65.47862615, -33.65969795 ], [ -65.47812058, -33.66005077 ], [ -65.47751077, -33.66040256 ], [ -65.47683333, -33.66070572 ], [ -65.47540737, -33.66107421 ], [ -65.47281135, -33.66142964 ], [ -65.47288579, -33.66163494 ], [ -65.47173293, -33.66179999 ], [ -65.4685021, -33.6624011 ], [ -65.46843925, -33.66221863 ], [ -65.46674168, -33.66282793 ], [ -65.46651642, -33.66287344 ], [ -65.46535012, -33.66310904 ], [ -65.46550552, -33.66369962 ], [ -65.46553889, -33.66378656 ], [ -65.46590686, -33.66391776 ], [ -65.46651114, -33.6641332 ], [ -65.46631491, -33.66421373 ], [ -65.46706092, -33.66449412 ], [ -65.46801642, -33.66474439 ], [ -65.46899928, -33.6649223 ], [ -65.46921218, -33.66493187 ], [ -65.46925385, -33.66485202 ], [ -65.46933612, -33.66487061 ], [ -65.47039876, -33.66495634 ], [ -65.47163738, -33.66494935 ], [ -65.47264809, -33.66487286 ], [ -65.4738003, -33.66466988 ], [ -65.47431713, -33.66454546 ], [ -65.47478162, -33.66438656 ], [ -65.47586266, -33.66410442 ], [ -65.47684643, -33.66384434 ], [ -65.47966973, -33.66310731 ], [ -65.48141778, -33.66266293 ], [ -65.50512695, -33.65637207 ], [ -65.53454899, -33.64853641 ], [ -65.56015408, -33.64171728 ], [ -65.57678347, -33.63728855 ] ] ] ] } },
{ "type": "Feature", "properties": { "circuito": "03004", "codprov": "19", "coddepto": "003" }, "geometry": { "type": "MultiPolygon", "coordinates": [ [ [ [ -65.50287201, -33.66544293 ], [ -65.53727297, -33.6565351 ], [ -65.56015408, -33.65061023 ], [ -65.57578194, -33.64656353 ], [ -65.58039169, -33.64536988 ], [ -65.58457639, -33.64428629 ], [ -65.59267702, -33.6421887 ], [ -65.58930406, -33.6339524 ], [ -65.58480249, -33.63515186 ], [ -65.58347506, -33.63550555 ], [ -65.57678347, -33.63728855 ], [ -65.56015408, -33.64171728 ], [ -65.53454899, -33.64853641 ], [ -65.50512695, -33.65637207 ], [ -65.48141778, -33.66266293 ], [ -65.47966973, -33.66310731 ], [ -65.47684643, -33.66384434 ], [ -65.47586266, -33.66410442 ], [ -65.47478162, -33.66438656 ], [ -65.47431713, -33.66454546 ], [ -65.4738003, -33.66466988 ], [ -65.47264809, -33.66487286 ], [ -65.47163738, -33.66494935 ], [ -65.47039876, -33.66495634 ], [ -65.46933612, -33.66487061 ], [ -65.46925385, -33.66485202 ], [ -65.46921218, -33.66493187 ], [ -65.46899928, -33.6649223 ], [ -65.46801642, -33.66474439 ], [ -65.46706092, -33.66449412 ], [ -65.46631491, -33.66421373 ], [ -65.46651114, -33.6641332 ], [ -65.46590686, -33.66391776 ], [ -65.46553889, -33.66378656 ], [ -65.46570712, -33.66436415 ], [ -65.46573255, -33.66446701 ], [ -65.46573995, -33.66449694 ], [ -65.46588493, -33.6650021 ], [ -65.46603988, -33.66554203 ], [ -65.46627877, -33.6663744 ], [ -65.46632129, -33.66646161 ], [ -65.46633573, -33.66649121 ], [ -65.46655926, -33.66726996 ], [ -65.46658342, -33.66733946 ], [ -65.46659705, -33.66737866 ], [ -65.46682771, -33.66817151 ], [ -65.46684744, -33.66824241 ], [ -65.46686299, -33.66829828 ], [ -65.46708902, -33.66906297 ], [ -65.4671094, -33.6691352 ], [ -65.46712195, -33.66917968 ], [ -65.46733601, -33.6699383 ], [ -65.46737258, -33.67003797 ], [ -65.46738329, -33.67006713 ], [ -65.46762353, -33.67086806 ], [ -65.46764568, -33.67093483 ], [ -65.46765892, -33.67097473 ], [ -65.46788487, -33.6717555 ], [ -65.46791165, -33.67183672 ], [ -65.46792735, -33.67188431 ], [ -65.46819297, -33.67273349 ], [ -65.46842659, -33.67361484 ], [ -65.47378875, -33.67243801 ], [ -65.47351446, -33.6715689 ], [ -65.50292969, -33.6652832 ], [ -65.50287201, -33.66544293 ] ] ] ] } },
{ "type": "Feature", "properties": { "circuito": "03003", "codprov": "19", "coddepto": "003" }, "geometry": { "type": "MultiPolygon", "coordinates": [ [ [ [ -65.50061035, -33.67266846 ], [ -65.5005863, -33.67279621 ], [ -65.53727297, -33.66165157 ], [ -65.54553909, -33.6591405 ], [ -65.57540349, -33.65006832 ], [ -65.58057744, -33.64849658 ], [ -65.58727306, -33.64646259 ], [ -65.59363574, -33.64452974 ], [ -65.59267702, -33.6421887 ], [ -65.58457639, -33.64428629 ], [ -65.58039169, -33.64536988 ], [ -65.57578194, -33.64656353 ], [ -65.56015408, -33.65061023 ], [ -65.53727297, -33.6565351 ], [ -65.50287201, -33.66544293 ], [ -65.50292969, -33.6652832 ], [ -65.47351446, -33.6715689 ], [ -65.47378875, -33.67243801 ], [ -65.46842659, -33.67361484 ], [ -65.46870052, -33.67450181 ], [ -65.46870264, -33.67450868 ], [ -65.46894207, -33.67538732 ], [ -65.46894598, -33.67540166 ], [ -65.46922667, -33.67629424 ], [ -65.46923212, -33.67631157 ], [ -65.46949505, -33.6771936 ], [ -65.46949835, -33.67720465 ], [ -65.46973983, -33.67809731 ], [ -65.47001736, -33.67898407 ], [ -65.47305058, -33.67834146 ], [ -65.4846471, -33.67588468 ], [ -65.48499875, -33.67582704 ], [ -65.48524291, -33.67664926 ], [ -65.48975086, -33.67567346 ], [ -65.48961969, -33.67484152 ], [ -65.50061035, -33.67266846 ] ] ] ] } },
{ "type": "Feature", "properties": { "circuito": "03008", "codprov": "19", "coddepto": "003" }, "geometry": { "type": "MultiPolygon", "coordinates": [ [ [ [ -65.46061508, -33.67054954 ], [ -65.46167159, -33.67031882 ], [ -65.4616746, -33.67031816 ], [ -65.46272663, -33.67008397 ], [ -65.46272781, -33.67008371 ], [ -65.46378744, -33.66985629 ], [ -65.46379197, -33.66985531 ], [ -65.46484018, -33.66961792 ], [ -65.46484181, -33.66961758 ], [ -65.4658963, -33.66939616 ], [ -65.46589786, -33.66939582 ], [ -65.4671094, -33.6691352 ], [ -65.46708902, -33.66906297 ], [ -65.46686299, -33.66829828 ], [ -65.46684744, -33.66824241 ], [ -65.46682771, -33.66817151 ], [ -65.46659705, -33.66737866 ], [ -65.46658342, -33.66733946 ], [ -65.46655926, -33.66726996 ], [ -65.46633573, -33.66649121 ], [ -65.46632129, -33.66646161 ], [ -65.46627877, -33.6663744 ], [ -65.46603988, -33.66554203 ], [ -65.46588493, -33.6650021 ], [ -65.46573995, -33.66449694 ], [ -65.46573255, -33.66446701 ], [ -65.46570712, -33.66436415 ], [ -65.46553889, -33.66378656 ], [ -65.46550552, -33.66369962 ], [ -65.46403104, -33.66313384 ], [ -65.45776799, -33.66105384 ], [ -65.45820402, -33.66249044 ], [ -65.45980842, -33.6678681 ], [ -65.46061508, -33.67054954 ] ] ] ] } },
{ "type": "Feature", "properties": { "circuito": "03002", "codprov": "19", "coddepto": "003" }, "geometry": { "type": "MultiPolygon", "coordinates": [ [ [ [ -65.58727306, -33.64646259 ], [ -65.58057744, -33.64849658 ], [ -65.57540349, -33.65006832 ], [ -65.54553909, -33.6591405 ], [ -65.53727297, -33.66165157 ], [ -65.5005863, -33.67279621 ], [ -65.50061035, -33.67266846 ], [ -65.48961969, -33.67484152 ], [ -65.48975086, -33.67567346 ], [ -65.48524291, -33.67664926 ], [ -65.48499875, -33.67582704 ], [ -65.4846471, -33.67588468 ], [ -65.47305058, -33.67834146 ], [ -65.47001736, -33.67898407 ], [ -65.47027201, -33.67987662 ], [ -65.47027332, -33.67988126 ], [ -65.47051856, -33.6807509 ], [ -65.47052779, -33.68078016 ], [ -65.4708082, -33.68166828 ], [ -65.47081087, -33.68167674 ], [ -65.47100893, -33.68232157 ], [ -65.47108247, -33.68256099 ], [ -65.47108496, -33.6825691 ], [ -65.47118561, -33.68291623 ], [ -65.47121606, -33.68302125 ], [ -65.47128484, -33.68325849 ], [ -65.47133928, -33.68344626 ], [ -65.47134069, -33.68345112 ], [ -65.47160131, -33.68432754 ], [ -65.47176998, -33.68488315 ], [ -65.47185282, -33.68515604 ], [ -65.47187481, -33.68522028 ], [ -65.47370622, -33.68480742 ], [ -65.47577166, -33.68434181 ], [ -65.48464566, -33.68234134 ], [ -65.48468641, -33.68247521 ], [ -65.4945056, -33.68035386 ], [ -65.49606755, -33.67929577 ], [ -65.49764603, -33.67807902 ], [ -65.49807354, -33.67798036 ], [ -65.49919163, -33.67755286 ], [ -65.5003755, -33.67725689 ], [ -65.50206663, -33.67640089 ], [ -65.50206253, -33.67639452 ], [ -65.50231348, -33.67626624 ], [ -65.50298302, -33.67590104 ], [ -65.50459389, -33.67496843 ], [ -65.50535693, -33.67496843 ], [ -65.50679824, -33.67488365 ], [ -65.50730694, -33.67496843 ], [ -65.50764607, -33.67471408 ], [ -65.50874824, -33.67437495 ], [ -65.51656045, -33.67325692 ], [ -65.53941795, -33.66998572 ], [ -65.55521472, -33.66772501 ], [ -65.56218082, -33.6635356 ], [ -65.56226989, -33.66348203 ], [ -65.56721154, -33.66051013 ], [ -65.57376406, -33.65660383 ], [ -65.57476202, -33.65600889 ], [ -65.57507043, -33.65580542 ], [ -65.5752069, -33.65571538 ], [ -65.57568893, -33.65539737 ], [ -65.5757392, -33.65536421 ], [ -65.57625699, -33.65502259 ], [ -65.57932849, -33.65318402 ], [ -65.5875109, -33.6482861 ], [ -65.59366537, -33.64460209 ], [ -65.59363574, -33.64452974 ], [ -65.58727306, -33.64646259 ] ] ] ] } },
{ "type": "Feature", "properties": { "circuito": "03408", "codprov": "19", "coddepto": "003" }, "geometry": { "type": "MultiPolygon", "coordinates": [ [ [ [ -65.2002219, -33.85392036 ], [ -65.24116895, -33.9073687 ], [ -65.24544867, -33.90382524 ], [ -65.25049507, -33.89873914 ], [ -65.25351796, -33.89513067 ], [ -65.25750826, -33.88942962 ], [ -65.26175576, -33.88137539 ], [ -65.26409751, -33.87506979 ], [ -65.26569066, -33.86860375 ], [ -65.26632916, -33.86423432 ], [ -65.26664485, -33.85763838 ], [ -65.26618812, -33.85104818 ], [ -65.26496349, -33.84452652 ], [ -65.26372601, -33.84024757 ], [ -65.2602651, -33.83193615 ], [ -65.25683641, -33.82598734 ], [ -65.25272572, -33.82034578 ], [ -65.2444831, -33.81177025 ], [ -65.23468615, -33.80442234 ], [ -65.22590226, -33.79955943 ], [ -65.21643724, -33.79568922 ], [ -65.20389277, -33.79234538 ], [ -65.19349333, -33.79092053 ], [ -65.17769962, -33.79092053 ], [ -65.16220557, -33.79347803 ], [ -65.15647623, -33.79517855 ], [ -65.15647627, -33.7951786 ], [ -65.19632349, -33.84876226 ], [ -65.2002219, -33.85392036 ] ] ] ] } },
{ "type": "Feature", "properties": { "circuito": "03401", "codprov": "19", "coddepto": "003" }, "geometry": { "type": "MultiPolygon", "coordinates": [ [ [ [ -65.2002219, -33.85392036 ], [ -65.19632349, -33.84876226 ], [ -65.18426133, -33.85491943 ], [ -65.18798447, -33.86010742 ], [ -65.18798727, -33.86010601 ], [ -65.2002219, -33.85392036 ] ] ] ] } },
{ "type": "Feature", "properties": { "circuito": "03402", "codprov": "19", "coddepto": "003" }, "geometry": { "type": "MultiPolygon", "coordinates": [ [ [ [ -65.19010046, -33.8713091 ], [ -65.22417679, -33.91759773 ], [ -65.22710063, -33.91630162 ], [ -65.23369542, -33.9126486 ], [ -65.23983094, -33.90847652 ], [ -65.24116895, -33.9073687 ], [ -65.2002219, -33.85392036 ], [ -65.18798828, -33.86010742 ], [ -65.18347168, -33.86230469 ], [ -65.18347168, -33.86230469 ], [ -65.18856543, -33.86911366 ], [ -65.19010046, -33.8713091 ] ] ] ] } },
{ "type": "Feature", "properties": { "circuito": "03405", "codprov": "19", "coddepto": "003" }, "geometry": { "type": "MultiPolygon", "coordinates": [ [ [ [ -65.18248248, -33.87154786 ], [ -65.21780986, -33.92022772 ], [ -65.2201095, -33.91940072 ], [ -65.22293679, -33.91814741 ], [ -65.22417679, -33.91759773 ], [ -65.19010046, -33.8713091 ], [ -65.18856543, -33.86911366 ], [ -65.18347168, -33.86230469 ], [ -65.18347168, -33.86230469 ], [ -65.18347168, -33.86230469 ], [ -65.18347168, -33.86230469 ], [ -65.17785645, -33.86517334 ], [ -65.17870962, -33.8662683 ], [ -65.18121675, -33.86967128 ], [ -65.18248248, -33.87154786 ] ] ] ] } },
{ "type": "Feature", "properties": { "circuito": "00049", "codprov": "19", "coddepto": "004" }, "geometry": { "type": "MultiPolygon", "coordinates": [ [ [ [ -65.35944238, -32.98610588 ], [ -65.37508606, -32.98748449 ], [ -65.39074812, -32.98626256 ], [ -65.40582532, -32.98248713 ], [ -65.41973711, -32.97630359 ], [ -65.43194808, -32.96795003 ], [ -65.44198869, -32.95774801 ], [ -65.4494733, -32.94609016 ], [ -65.45411502, -32.93342496 ], [ -65.45573658, -32.92023945 ], [ -65.45427699, -32.90704049 ], [ -65.44979366, -32.89433519 ], [ -65.44324176, -32.88386137 ], [ -65.43255872, -32.8723196 ], [ -65.42047051, -32.86385434 ], [ -65.40665971, -32.85754053 ], [ -65.39165633, -32.85362032 ], [ -65.37603586, -32.85224403 ], [ -65.36039726, -32.85346443 ], [ -65.34534018, -32.8572347 ], [ -65.33144212, -32.86341024 ], [ -65.31923639, -32.87175418 ], [ -65.30919175, -32.88194642 ], [ -65.30169444, -32.89359583 ], [ -65.29703329, -32.9062552 ], [ -65.29538852, -32.91943838 ], [ -65.29682466, -32.93263889 ], [ -65.30128787, -32.94534934 ], [ -65.30860776, -32.95708099 ], [ -65.31850382, -32.96738255 ], [ -65.33059607, -32.97585759 ], [ -65.34441958, -32.98217984 ], [ -65.35944238, -32.98610588 ] ] ] ] } },
{ "type": "Feature", "properties": { "circuito": "00045", "codprov": "19", "coddepto": "004" }, "geometry": { "type": "MultiPolygon", "coordinates": [ [ [ [ -65.20043473, -32.61975344 ], [ -65.21419423, -32.62608949 ], [ -65.22915153, -32.63003044 ], [ -65.23737276, -32.63076634 ], [ -65.31621055, -32.59426277 ], [ -65.31887817, -32.59010224 ], [ -65.32351899, -32.57744116 ], [ -65.32515241, -32.56425676 ], [ -65.32371698, -32.55105584 ], [ -65.31926915, -32.53834561 ], [ -65.31198099, -32.52661424 ], [ -65.30213334, -32.5163121 ], [ -65.29010493, -32.50783458 ], [ -65.2763578, -32.50150691 ], [ -65.26141952, -32.49757177 ], [ -65.2458631, -32.49618008 ], [ -65.23028506, -32.49738517 ], [ -65.21528275, -32.50114082 ], [ -65.20143159, -32.50730298 ], [ -65.18926308, -32.51563529 ], [ -65.17924456, -32.52581807 ], [ -65.17176124, -32.53746056 ], [ -65.16710141, -32.55011582 ], [ -65.1654452, -32.56329785 ], [ -65.16685757, -32.5765002 ], [ -65.17128556, -32.58921544 ], [ -65.17924619, -32.60167353 ], [ -65.18840249, -32.61126625 ], [ -65.20043473, -32.61975344 ] ] ] ] } },
{ "type": "Feature", "properties": { "circuito": "00042", "codprov": "19", "coddepto": "004" }, "geometry": { "type": "MultiPolygon", "coordinates": [ [ [ [ -65.22469479, -32.77316164 ], [ -65.23456103, -32.78346971 ], [ -65.24662053, -32.79195265 ], [ -65.26040961, -32.7982839 ], [ -65.27539767, -32.80221967 ], [ -65.29100761, -32.80360839 ], [ -65.36360527, -32.70725298 ], [ -65.23489674, -32.68832904 ], [ -65.22534507, -32.69802628 ], [ -65.21785284, -32.70967107 ], [ -65.21306146, -32.72335264 ], [ -65.2115368, -32.73550999 ], [ -65.21295812, -32.74871161 ], [ -65.21740064, -32.76142512 ], [ -65.22469479, -32.77316164 ] ] ] ] } },
{ "type": "Feature", "properties": { "circuito": "00044", "codprov": "19", "coddepto": "004" }, "geometry": { "type": "MultiPolygon", "coordinates": [ [ [ [ -65.3242023, -32.59517041 ], [ -65.31621055, -32.59426277 ], [ -65.23737276, -32.63076634 ], [ -65.23447284, -32.63510234 ], [ -65.22981642, -32.64775979 ], [ -65.22816728, -32.66094255 ], [ -65.2295901, -32.67414416 ], [ -65.23403152, -32.68685721 ], [ -65.23489674, -32.68832904 ], [ -65.36360527, -32.70725298 ], [ -65.3642553, -32.70720218 ], [ -65.36637653, -32.70738966 ], [ -65.36637664, -32.70738955 ], [ -65.37431535, -32.69932679 ], [ -65.38178654, -32.68767236 ], [ -65.38642382, -32.67500911 ], [ -65.38805006, -32.661824 ], [ -65.38660408, -32.64862386 ], [ -65.38214275, -32.63591588 ], [ -65.37483866, -32.62418814 ], [ -65.36497326, -32.61389086 ], [ -65.35292598, -32.60541924 ], [ -65.33915955, -32.59909827 ], [ -65.3242023, -32.59517041 ] ] ] ] } },
{ "type": "Feature", "properties": { "circuito": "00046", "codprov": "19", "coddepto": "004" }, "geometry": { "type": "MultiPolygon", "coordinates": [ [ [ [ -64.90654059, -32.5965126 ], [ -64.90746325, -32.59699398 ], [ -64.90809465, -32.59732341 ], [ -64.90874384, -32.59795351 ], [ -64.9112279, -32.60030908 ], [ -64.91388202, -32.60290903 ], [ -64.91870277, -32.60718813 ], [ -64.92054073, -32.60897896 ], [ -64.92175801, -32.61014413 ], [ -64.92272588, -32.61232183 ], [ -64.92407397, -32.61463779 ], [ -64.92408833, -32.61469435 ], [ -64.92412139, -32.61475105 ], [ -64.92416307, -32.61493259 ], [ -64.92429903, -32.61552479 ], [ -64.9246616, -32.61695375 ], [ -64.92491078, -32.61834915 ], [ -64.92504849, -32.61902842 ], [ -64.92524491, -32.61999727 ], [ -64.92515466, -32.62047208 ], [ -64.92475317, -32.62258427 ], [ -64.92462704, -32.62338313 ], [ -64.92436059, -32.62404925 ], [ -64.92406913, -32.62479769 ], [ -64.92375106, -32.62561447 ], [ -64.92197018, -32.62750266 ], [ -64.92184475, -32.62763566 ], [ -64.92043947, -32.62918622 ], [ -64.92024882, -32.62949943 ], [ -64.91929984, -32.63112864 ], [ -64.91907052, -32.63146454 ], [ -64.91879532, -32.63186764 ], [ -64.91816309, -32.63288895 ], [ -64.91790791, -32.63434345 ], [ -64.91782941, -32.63498512 ], [ -64.91793091, -32.63605094 ], [ -64.91814995, -32.63757752 ], [ -64.91813322, -32.63779572 ], [ -64.91816309, -32.6380048 ], [ -64.91803474, -32.63907966 ], [ -64.91793522, -32.64037725 ], [ -64.91821878, -32.64161058 ], [ -64.91847418, -32.64260216 ], [ -64.91901221, -32.64440614 ], [ -64.91908592, -32.64460459 ], [ -64.92030621, -32.64623165 ], [ -64.92033174, -32.64629966 ], [ -64.92036268, -32.64634098 ], [ -64.92115997, -32.64848363 ], [ -64.92130276, -32.64883719 ], [ -64.92221371, -32.65034712 ], [ -64.92273781, -32.65127055 ], [ -64.9242103, -32.65392851 ], [ -64.92452103, -32.65555937 ], [ -64.92462159, -32.65615232 ], [ -64.92462153, -32.65615347 ], [ -64.92462216, -32.65615682 ], [ -64.92462016, -32.65617924 ], [ -64.92460425, -32.65647828 ], [ -64.92457985, -32.65663084 ], [ -64.92458773, -32.65663014 ], [ -64.92972924, -32.65615837 ], [ -65.05507719, -32.64465699 ], [ -65.05831377, -32.63653539 ], [ -65.05915826, -32.63441631 ], [ -65.06083155, -32.62123613 ], [ -65.05943422, -32.60803294 ], [ -65.05502127, -32.59531406 ], [ -65.04776343, -32.58356798 ], [ -65.03794039, -32.57324566 ], [ -65.02988491, -32.56754333 ], [ -64.93798816, -32.56367925 ], [ -64.92500712, -32.57233037 ], [ -64.91495286, -32.58249129 ], [ -64.90743093, -32.59411717 ], [ -64.90654059, -32.5965126 ] ] ] ] } },
{ "type": "Feature", "properties": { "circuito": "00043", "codprov": "19", "coddepto": "004" }, "geometry": { "type": "MultiPolygon", "coordinates": [ [ [ [ -65.42990335, -32.79298266 ], [ -65.42787418, -32.79246877 ], [ -65.42243842, -32.79112736 ], [ -65.42161035, -32.78277497 ], [ -65.4213443, -32.78048795 ], [ -65.41973175, -32.76375076 ], [ -65.41568063, -32.72272446 ], [ -65.4156097, -32.72200617 ], [ -65.40904357, -32.71929216 ], [ -65.40902524, -32.71910279 ], [ -65.4086166, -32.71881608 ], [ -65.39482889, -32.71250108 ], [ -65.37985028, -32.70857966 ], [ -65.36637664, -32.70738955 ], [ -65.3642553, -32.70720218 ], [ -65.36360527, -32.70725298 ], [ -65.29100761, -32.80360839 ], [ -65.29692614, -32.81203646 ], [ -65.30680504, -32.82233895 ], [ -65.31887671, -32.83081504 ], [ -65.33267702, -32.83713844 ], [ -65.34767492, -32.84106566 ], [ -65.36329294, -32.84244546 ], [ -65.37892957, -32.84122468 ], [ -65.39398258, -32.83745031 ], [ -65.40787235, -32.8312677 ], [ -65.42006432, -32.82291489 ], [ -65.43008967, -32.81271343 ], [ -65.43756336, -32.80105591 ], [ -65.43953446, -32.795671 ], [ -65.43934413, -32.79560118 ], [ -65.42990335, -32.79298266 ] ] ] ] } },
{ "type": "Feature", "properties": { "circuito": "07005", "codprov": "19", "coddepto": "006" }, "geometry": { "type": "MultiPolygon", "coordinates": [ [ [ [ -64.99890137, -32.33374023 ], [ -64.99890137, -32.3338623 ], [ -64.99890137, -32.33416748 ], [ -64.99890137, -32.33428955 ], [ -64.9987793, -32.33453369 ], [ -64.99847412, -32.3347168 ], [ -64.99835205, -32.33496094 ], [ -64.99804687, -32.33526611 ], [ -64.99761963, -32.33581543 ], [ -64.99749756, -32.3359375 ], [ -64.99737549, -32.33630371 ], [ -64.99725342, -32.33648682 ], [ -64.99707031, -32.33673096 ], [ -64.99682617, -32.33691406 ], [ -64.99584961, -32.3371582 ], [ -64.9954834, -32.33740234 ], [ -64.99530029, -32.33795166 ], [ -64.99530029, -32.33892822 ], [ -64.99530029, -32.33905029 ], [ -64.9954834, -32.33935547 ], [ -64.99560547, -32.33959961 ], [ -64.99572754, -32.33947754 ], [ -64.99584961, -32.33947754 ], [ -64.99603271, -32.33947754 ], [ -64.99627686, -32.33947754 ], [ -64.99639893, -32.33947754 ], [ -64.99658203, -32.33947754 ], [ -64.99658203, -32.33959961 ], [ -64.9967041, -32.33978271 ], [ -64.99658203, -32.34112549 ], [ -64.996521, -32.34155273 ], [ -64.996521, -32.3416748 ], [ -64.99639893, -32.34179687 ], [ -64.99639893, -32.34210205 ], [ -64.99627686, -32.34246826 ], [ -64.99584961, -32.34375 ], [ -64.99584961, -32.34399414 ], [ -64.99572754, -32.34411621 ], [ -64.99560547, -32.34472656 ], [ -64.99560547, -32.34484863 ], [ -64.9954834, -32.3449707 ], [ -64.9954834, -32.34521484 ], [ -64.9954834, -32.34527588 ], [ -64.9954834, -32.34539795 ], [ -64.99560547, -32.34619141 ], [ -64.99560547, -32.34631348 ], [ -64.99560547, -32.34637451 ], [ -64.99572754, -32.34674072 ], [ -64.99572754, -32.34729004 ], [ -64.99584961, -32.34741211 ], [ -64.99584961, -32.34771729 ], [ -64.99682617, -32.34759521 ], [ -64.99694824, -32.34759521 ], [ -64.99707031, -32.34759521 ], [ -64.99768066, -32.34741211 ], [ -64.99780273, -32.34741211 ], [ -64.9979248, -32.34741211 ], [ -64.99847412, -32.34741211 ], [ -64.99859619, -32.34741211 ], [ -64.9987793, -32.34741211 ], [ -64.99969482, -32.34729004 ], [ -64.99981689, -32.34729004 ], [ -64.99987793, -32.34716797 ], [ -65.00079346, -32.34716797 ], [ -65.00164795, -32.3470459 ], [ -65.00177002, -32.3470459 ], [ -65.00189209, -32.3470459 ], [ -65.00274658, -32.34686279 ], [ -65.00341797, -32.34686279 ], [ -65.00421143, -32.34674072 ], [ -65.0057373, -32.34649658 ], [ -65.00585937, -32.34649658 ], [ -65.0065918, -32.34637451 ], [ -65.00671387, -32.34637451 ], [ -65.00683594, -32.34637451 ], [ -65.00769043, -32.34619141 ], [ -65.00915527, -32.34606934 ], [ -65.00933838, -32.34606934 ], [ -65.01043701, -32.3458252 ], [ -65.01055908, -32.3458252 ], [ -65.01068115, -32.3458252 ], [ -65.01208496, -32.34564209 ], [ -65.01312256, -32.34564209 ], [ -65.01330566, -32.34564209 ], [ -65.01409912, -32.34564209 ], [ -65.01409912, -32.34454346 ], [ -65.01409912, -32.34442139 ], [ -65.01409912, -32.34307861 ], [ -65.01409912, -32.34301758 ], [ -65.01409912, -32.34289551 ], [ -65.01409912, -32.34222412 ], [ -65.01409912, -32.34210205 ], [ -65.01409912, -32.34112549 ], [ -65.01409912, -32.34100342 ], [ -65.01409912, -32.34088135 ], [ -65.01409912, -32.34069824 ], [ -65.01422119, -32.34033203 ], [ -65.01422119, -32.34014893 ], [ -65.01422119, -32.33959961 ], [ -65.01422119, -32.33947754 ], [ -65.01422119, -32.33935547 ], [ -65.01422119, -32.33880615 ], [ -65.01422119, -32.33868408 ], [ -65.0144043, -32.33813477 ], [ -65.0144043, -32.33795166 ], [ -65.0144043, -32.33782959 ], [ -65.0144043, -32.33770752 ], [ -65.0144043, -32.33728027 ], [ -65.0144043, -32.33673096 ], [ -65.0144043, -32.33660889 ], [ -65.0144043, -32.33636475 ], [ -65.0144043, -32.33551025 ], [ -65.0144043, -32.33538818 ], [ -65.0144043, -32.33526611 ], [ -65.0144043, -32.33508301 ], [ -65.0144043, -32.33496094 ], [ -65.01422119, -32.33496094 ], [ -65.01422119, -32.33483887 ], [ -65.01409912, -32.33483887 ], [ -65.01409912, -32.3347168 ], [ -65.01397705, -32.33465576 ], [ -65.01397705, -32.33453369 ], [ -65.01385498, -32.33453369 ], [ -65.01367187, -32.33453369 ], [ -65.0135498, -32.33453369 ], [ -65.01342773, -32.33453369 ], [ -65.01330566, -32.33453369 ], [ -65.01312256, -32.33453369 ], [ -65.01300049, -32.33453369 ], [ -65.01287842, -32.33453369 ], [ -65.01287842, -32.33441162 ], [ -65.01275635, -32.33441162 ], [ -65.01257324, -32.33441162 ], [ -65.0111084, -32.33428955 ], [ -65.01098633, -32.33428955 ], [ -65.00982666, -32.33428955 ], [ -65.00970459, -32.33428955 ], [ -65.00891113, -32.33416748 ], [ -65.00878906, -32.33416748 ], [ -65.00769043, -32.33416748 ], [ -65.00616455, -32.33398437 ], [ -65.00604248, -32.33398437 ], [ -65.00299072, -32.33374023 ], [ -65.00274658, -32.33374023 ], [ -64.99987793, -32.33361816 ], [ -64.99945068, -32.33355713 ], [ -64.99914551, -32.33343506 ], [ -64.99890137, -32.33331299 ], [ -64.99890137, -32.33343506 ], [ -64.99890137, -32.33374023 ] ] ] ] } },
{ "type": "Feature", "properties": { "circuito": "07006", "codprov": "19", "coddepto": "006" }, "geometry": { "type": "MultiPolygon", "coordinates": [ [ [ [ -65.01574707, -32.34741211 ], [ -65.01574707, -32.34729004 ], [ -65.01574707, -32.34661865 ], [ -65.015625, -32.34564209 ], [ -65.01495361, -32.34564209 ], [ -65.01409912, -32.34564209 ], [ -65.01330566, -32.34564209 ], [ -65.01312256, -32.34564209 ], [ -65.01208496, -32.34564209 ], [ -65.01068115, -32.3458252 ], [ -65.01055908, -32.3458252 ], [ -65.01043701, -32.3458252 ], [ -65.00933838, -32.34606934 ], [ -65.00915527, -32.34606934 ], [ -65.00769043, -32.34619141 ], [ -65.00683594, -32.34637451 ], [ -65.00671387, -32.34637451 ], [ -65.0065918, -32.34637451 ], [ -65.00585937, -32.34649658 ], [ -65.0057373, -32.34649658 ], [ -65.00421143, -32.34674072 ], [ -65.00341797, -32.34686279 ], [ -65.00274658, -32.34686279 ], [ -65.00189209, -32.3470459 ], [ -65.00177002, -32.3470459 ], [ -65.00164795, -32.3470459 ], [ -65.00079346, -32.34716797 ], [ -64.99987793, -32.34716797 ], [ -64.99981689, -32.34729004 ], [ -64.99969482, -32.34729004 ], [ -64.9987793, -32.34741211 ], [ -64.99859619, -32.34741211 ], [ -64.99847412, -32.34741211 ], [ -64.9979248, -32.34741211 ], [ -64.99780273, -32.34741211 ], [ -64.99768066, -32.34741211 ], [ -64.99707031, -32.34759521 ], [ -64.99694824, -32.34759521 ], [ -64.99682617, -32.34759521 ], [ -64.99584961, -32.34771729 ], [ -64.99597168, -32.34814453 ], [ -64.99603271, -32.34881592 ], [ -64.99615479, -32.34924316 ], [ -64.99615479, -32.34936523 ], [ -64.99615479, -32.3494873 ], [ -64.99615479, -32.35003662 ], [ -64.99627686, -32.3503418 ], [ -64.99627686, -32.35046387 ], [ -64.99627686, -32.35101318 ], [ -64.99627686, -32.35113525 ], [ -64.99627686, -32.35125732 ], [ -64.99627686, -32.3515625 ], [ -64.99627686, -32.35168457 ], [ -64.99615479, -32.35223389 ], [ -64.99493408, -32.35797119 ], [ -64.99462891, -32.35906982 ], [ -64.99365234, -32.36236572 ], [ -64.9934082, -32.36322021 ], [ -64.99365234, -32.36322021 ], [ -64.99530029, -32.36334229 ], [ -64.99780273, -32.36419678 ], [ -65.00231934, -32.36474609 ], [ -65.00421143, -32.36584473 ], [ -65.01025391, -32.36688232 ], [ -65.01202393, -32.36743164 ], [ -65.01544189, -32.36785889 ], [ -65.01641846, -32.36828613 ], [ -65.01574707, -32.36541748 ], [ -65.01574707, -32.36193848 ], [ -65.01586914, -32.35852051 ], [ -65.01586914, -32.35687256 ], [ -65.01586914, -32.35540771 ], [ -65.01574707, -32.35290527 ], [ -65.01574707, -32.35101318 ], [ -65.01574707, -32.34936523 ], [ -65.01574707, -32.34851074 ], [ -65.01574707, -32.34759521 ], [ -65.01574707, -32.34741211 ] ] ] ] } },
{ "type": "Feature", "properties": { "circuito": "07002", "codprov": "19", "coddepto": "006" }, "geometry": { "type": "MultiPolygon", "coordinates": [ [ [ [ -65.01641846, -32.32232666 ], [ -65.01629639, -32.32250977 ], [ -65.015625, -32.3236084 ], [ -65.01531982, -32.32409668 ], [ -65.01531982, -32.32427979 ], [ -65.01519775, -32.32452393 ], [ -65.01507568, -32.32495117 ], [ -65.01507568, -32.32519531 ], [ -65.01495361, -32.32537842 ], [ -65.01495361, -32.32574463 ], [ -65.01477051, -32.3260498 ], [ -65.01477051, -32.3269043 ], [ -65.01477051, -32.32739258 ], [ -65.01477051, -32.328125 ], [ -65.01464844, -32.32891846 ], [ -65.01464844, -32.32989502 ], [ -65.01464844, -32.33123779 ], [ -65.01452637, -32.33276367 ], [ -65.01452637, -32.33319092 ], [ -65.01452637, -32.33361816 ], [ -65.01452637, -32.33398437 ], [ -65.01452637, -32.33410645 ], [ -65.0144043, -32.33496094 ], [ -65.0144043, -32.33508301 ], [ -65.0144043, -32.33526611 ], [ -65.0144043, -32.33538818 ], [ -65.0144043, -32.33551025 ], [ -65.0144043, -32.33636475 ], [ -65.0144043, -32.33660889 ], [ -65.0144043, -32.33673096 ], [ -65.0144043, -32.33728027 ], [ -65.0144043, -32.33770752 ], [ -65.0144043, -32.33782959 ], [ -65.0144043, -32.33795166 ], [ -65.0144043, -32.33813477 ], [ -65.01422119, -32.33868408 ], [ -65.01422119, -32.33880615 ], [ -65.01422119, -32.33935547 ], [ -65.01422119, -32.33947754 ], [ -65.01422119, -32.33959961 ], [ -65.01422119, -32.34014893 ], [ -65.01422119, -32.34033203 ], [ -65.01409912, -32.34069824 ], [ -65.01409912, -32.34088135 ], [ -65.01409912, -32.34100342 ], [ -65.01409912, -32.34112549 ], [ -65.01409912, -32.34210205 ], [ -65.01409912, -32.34222412 ], [ -65.01409912, -32.34289551 ], [ -65.01409912, -32.34301758 ], [ -65.01550293, -32.34307861 ], [ -65.015625, -32.34307861 ], [ -65.01660156, -32.34307861 ], [ -65.01672363, -32.34307861 ], [ -65.0177002, -32.34307861 ], [ -65.01782227, -32.34307861 ], [ -65.01861572, -32.34307861 ], [ -65.01879883, -32.34307861 ], [ -65.0189209, -32.34307861 ], [ -65.01959229, -32.34307861 ], [ -65.01959229, -32.34344482 ], [ -65.02001953, -32.34356689 ], [ -65.02044678, -32.34356689 ], [ -65.02056885, -32.34356689 ], [ -65.02081299, -32.34356689 ], [ -65.02166748, -32.34356689 ], [ -65.02246094, -32.34356689 ], [ -65.02331543, -32.34362793 ], [ -65.02423096, -32.34362793 ], [ -65.02496338, -32.34362793 ], [ -65.02587891, -32.34362793 ], [ -65.0267334, -32.34362793 ], [ -65.02716064, -32.34362793 ], [ -65.02740479, -32.34362793 ], [ -65.02752686, -32.34362793 ], [ -65.02752686, -32.34356689 ], [ -65.02752686, -32.34344482 ], [ -65.02783203, -32.34332275 ], [ -65.03356934, -32.34344482 ], [ -65.03369141, -32.34783936 ], [ -65.03509521, -32.34796143 ], [ -65.03521729, -32.34796143 ], [ -65.03546143, -32.34796143 ], [ -65.03564453, -32.34796143 ], [ -65.0357666, -32.34796143 ], [ -65.03601074, -32.34796143 ], [ -65.03619385, -32.34796143 ], [ -65.03662109, -32.34796143 ], [ -65.03686523, -32.34796143 ], [ -65.0369873, -32.34796143 ], [ -65.03765869, -32.34796143 ], [ -65.03796387, -32.34796143 ], [ -65.03820801, -32.34796143 ], [ -65.03875732, -32.34796143 ], [ -65.03930664, -32.34796143 ], [ -65.03948975, -32.34796143 ], [ -65.03973389, -32.34796143 ], [ -65.03991699, -32.34796143 ], [ -65.04003906, -32.34796143 ], [ -65.04016113, -32.34796143 ], [ -65.04046631, -32.34796143 ], [ -65.04058838, -32.34796143 ], [ -65.04083252, -32.34796143 ], [ -65.0411377, -32.34796143 ], [ -65.04125977, -32.34796143 ], [ -65.04180908, -32.34814453 ], [ -65.04180908, -32.34796143 ], [ -65.04193115, -32.34796143 ], [ -65.04211426, -32.34796143 ], [ -65.0423584, -32.34796143 ], [ -65.04260254, -32.34814453 ], [ -65.04278564, -32.34814453 ], [ -65.04290771, -32.34814453 ], [ -65.04302979, -32.34814453 ], [ -65.04333496, -32.34814453 ], [ -65.04345703, -32.34814453 ], [ -65.0435791, -32.34814453 ], [ -65.04370117, -32.34814453 ], [ -65.04412842, -32.34814453 ], [ -65.04425049, -32.34814453 ], [ -65.04443359, -32.34814453 ], [ -65.04467773, -32.34814453 ], [ -65.04498291, -32.34814453 ], [ -65.04522705, -32.34814453 ], [ -65.04534912, -32.34814453 ], [ -65.04577637, -32.34814453 ], [ -65.04589844, -32.34814453 ], [ -65.04608154, -32.34814453 ], [ -65.04632568, -32.34814453 ], [ -65.04644775, -32.34814453 ], [ -65.04663086, -32.34814453 ], [ -65.04699707, -32.34814453 ], [ -65.04730225, -32.34814453 ], [ -65.04742432, -32.34814453 ], [ -65.04772949, -32.34814453 ], [ -65.04797363, -32.34814453 ], [ -65.0480957, -32.34814453 ], [ -65.04840088, -32.34814453 ], [ -65.04864502, -32.3482666 ], [ -65.04882812, -32.3482666 ], [ -65.04907227, -32.3482666 ], [ -65.04937744, -32.3482666 ], [ -65.04962158, -32.3482666 ], [ -65.04986572, -32.3482666 ], [ -65.05004883, -32.3482666 ], [ -65.05059814, -32.3482666 ], [ -65.05084229, -32.3482666 ], [ -65.05102539, -32.3482666 ], [ -65.05126953, -32.3482666 ], [ -65.05157471, -32.3482666 ], [ -65.05181885, -32.3482666 ], [ -65.05206299, -32.3482666 ], [ -65.05249023, -32.3482666 ], [ -65.05279541, -32.3482666 ], [ -65.05316162, -32.3482666 ], [ -65.0534668, -32.3482666 ], [ -65.05371094, -32.3482666 ], [ -65.05389404, -32.3482666 ], [ -65.05426025, -32.3482666 ], [ -65.05444336, -32.3482666 ], [ -65.0546875, -32.3482666 ], [ -65.05499268, -32.3482666 ], [ -65.05523682, -32.3482666 ], [ -65.05548096, -32.34838867 ], [ -65.05603027, -32.34838867 ], [ -65.05621338, -32.34838867 ], [ -65.05645752, -32.34838867 ], [ -65.0567627, -32.34838867 ], [ -65.05700684, -32.34838867 ], [ -65.05731201, -32.34838867 ], [ -65.05755615, -32.34838867 ], [ -65.05786133, -32.34838867 ], [ -65.05810547, -32.34838867 ], [ -65.05828857, -32.34838867 ], [ -65.05853271, -32.34838867 ], [ -65.05883789, -32.34838867 ], [ -65.05908203, -32.34838867 ], [ -65.05938721, -32.34838867 ], [ -65.05963135, -32.34838867 ], [ -65.06018066, -32.34838867 ], [ -65.06048584, -32.34838867 ], [ -65.06072998, -32.34838867 ], [ -65.06103516, -32.34838867 ], [ -65.0612793, -32.34838867 ], [ -65.06158447, -32.34838867 ], [ -65.06182861, -32.34838867 ], [ -65.06207275, -32.34851074 ], [ -65.06237793, -32.34851074 ], [ -65.06292725, -32.34851074 ], [ -65.06317139, -32.34851074 ], [ -65.06347656, -32.34851074 ], [ -65.0637207, -32.34851074 ], [ -65.06402588, -32.34851074 ], [ -65.0645752, -32.34851074 ], [ -65.06481934, -32.34851074 ], [ -65.06512451, -32.34851074 ], [ -65.06536865, -32.34851074 ], [ -65.06546419, -32.34851074 ], [ -65.06567383, -32.34851074 ], [ -65.06591797, -32.34851074 ], [ -65.06622314, -32.34851074 ], [ -65.06646729, -32.34851074 ], [ -65.06677246, -32.34851074 ], [ -65.0670166, -32.34851074 ], [ -65.06719971, -32.34851074 ], [ -65.06744385, -32.34851074 ], [ -65.06768799, -32.34851074 ], [ -65.06787109, -32.34851074 ], [ -65.06811523, -32.34851074 ], [ -65.06842041, -32.34851074 ], [ -65.06866455, -32.34851074 ], [ -65.06884766, -32.34851074 ], [ -65.06896973, -32.34851074 ], [ -65.06933594, -32.34851074 ], [ -65.06951904, -32.34851074 ], [ -65.06964111, -32.34869385 ], [ -65.06988525, -32.34869385 ], [ -65.07049561, -32.34869385 ], [ -65.07061768, -32.34869385 ], [ -65.07073975, -32.34869385 ], [ -65.07086182, -32.34851074 ], [ -65.07073975, -32.34796143 ], [ -65.07061768, -32.34741211 ], [ -65.07045619, -32.34676072 ], [ -65.0703125, -32.34619141 ], [ -65.07019043, -32.34552002 ], [ -65.07006836, -32.34466553 ], [ -65.06994629, -32.34399414 ], [ -65.06988525, -32.34344482 ], [ -65.06976318, -32.34277344 ], [ -65.06964111, -32.3416748 ], [ -65.0695989, -32.34111694 ], [ -65.06957794, -32.34083997 ], [ -65.06951904, -32.33990479 ], [ -65.06951904, -32.33947754 ], [ -65.06951904, -32.33905029 ], [ -65.06951904, -32.33880615 ], [ -65.06951904, -32.33850098 ], [ -65.06951904, -32.33837891 ], [ -65.06951904, -32.33813477 ], [ -65.06951904, -32.33795166 ], [ -65.06951904, -32.33782959 ], [ -65.06951904, -32.33758545 ], [ -65.06951904, -32.33742825 ], [ -65.06951904, -32.33740234 ], [ -65.06951904, -32.33728832 ], [ -65.06951904, -32.33728027 ], [ -65.06951904, -32.3371582 ], [ -65.06951904, -32.33703613 ], [ -65.06951904, -32.33691406 ], [ -65.06951904, -32.33685303 ], [ -65.06951904, -32.33636475 ], [ -65.06939697, -32.33563232 ], [ -65.06939697, -32.33551025 ], [ -65.06939697, -32.33538818 ], [ -65.06939697, -32.33526611 ], [ -65.06939697, -32.33520508 ], [ -65.06939697, -32.33508301 ], [ -65.06939697, -32.33483887 ], [ -65.06939697, -32.3347168 ], [ -65.06939697, -32.33465576 ], [ -65.06939697, -32.33453369 ], [ -65.06939697, -32.33416748 ], [ -65.06939697, -32.33410645 ], [ -65.06939697, -32.33398437 ], [ -65.06939697, -32.3338623 ], [ -65.06939697, -32.33374023 ], [ -65.06921387, -32.33361816 ], [ -65.06896973, -32.33343506 ], [ -65.06854248, -32.33331299 ], [ -65.06829834, -32.33319092 ], [ -65.06811523, -32.33306885 ], [ -65.06799316, -32.33306885 ], [ -65.06774902, -32.33300781 ], [ -65.06744385, -32.33288574 ], [ -65.06732178, -32.33288574 ], [ -65.0670166, -32.33276367 ], [ -65.06689453, -32.3326416 ], [ -65.06658936, -32.33251953 ], [ -65.06646729, -32.33251953 ], [ -65.06610107, -32.3324585 ], [ -65.0657959, -32.33221436 ], [ -65.06567383, -32.33209229 ], [ -65.06555176, -32.33197021 ], [ -65.06555176, -32.33190918 ], [ -65.06512451, -32.33166504 ], [ -65.06481934, -32.33154297 ], [ -65.06469727, -32.33154297 ], [ -65.0645752, -32.33154297 ], [ -65.06414795, -32.3314209 ], [ -65.06402588, -32.3314209 ], [ -65.06390381, -32.3314209 ], [ -65.0637207, -32.3314209 ], [ -65.06359863, -32.3314209 ], [ -65.06347656, -32.33135986 ], [ -65.06304932, -32.33123779 ], [ -65.06292725, -32.33123779 ], [ -65.06280518, -32.33123779 ], [ -65.06237793, -32.33111572 ], [ -65.06170654, -32.33099365 ], [ -65.06152344, -32.33099365 ], [ -65.06085205, -32.33087158 ], [ -65.06072998, -32.33087158 ], [ -65.06060791, -32.33087158 ], [ -65.05975342, -32.33068848 ], [ -65.05950928, -32.33068848 ], [ -65.05895996, -32.33056641 ], [ -65.05883789, -32.33056641 ], [ -65.05877686, -32.33056641 ], [ -65.05810547, -32.33044434 ], [ -65.0579834, -32.33044434 ], [ -65.05718994, -32.33032227 ], [ -65.05688477, -32.33032227 ], [ -65.0567627, -32.33032227 ], [ -65.05645752, -32.33026123 ], [ -65.05633545, -32.33026123 ], [ -65.056189, -32.330188 ], [ -65.05609131, -32.33013916 ], [ -65.0559082, -32.33001709 ], [ -65.05566406, -32.32989502 ], [ -65.05535889, -32.32977295 ], [ -65.05523682, -32.32971191 ], [ -65.05493164, -32.32958984 ], [ -65.05426025, -32.32946777 ], [ -65.05413818, -32.32946777 ], [ -65.05401611, -32.32946777 ], [ -65.05389404, -32.32946777 ], [ -65.05371094, -32.32946777 ], [ -65.05358887, -32.32946777 ], [ -65.0534668, -32.32946777 ], [ -65.05334473, -32.3293457 ], [ -65.05334473, -32.32922363 ], [ -65.05334473, -32.32904053 ], [ -65.05334473, -32.32891846 ], [ -65.0534668, -32.32849121 ], [ -65.0534668, -32.32836914 ], [ -65.05358887, -32.328125 ], [ -65.05358887, -32.32794189 ], [ -65.05334473, -32.32781982 ], [ -65.05303955, -32.32769775 ], [ -65.05291748, -32.32769775 ], [ -65.05279541, -32.32769775 ], [ -65.0526123, -32.32769775 ], [ -65.0489502, -32.32739258 ], [ -65.04837414, -32.32739258 ], [ -65.04620361, -32.32739258 ], [ -65.04467773, -32.32714844 ], [ -65.04193115, -32.32672119 ], [ -65.03552246, -32.32537842 ], [ -65.02905273, -32.32409668 ], [ -65.02178955, -32.32287598 ], [ -65.01654053, -32.32208252 ], [ -65.01641846, -32.32232666 ] ] ] ] } },
{ "type": "Feature", "properties": { "circuito": "00068", "codprov": "19", "coddepto": "006" }, "geometry": { "type": "MultiPolygon", "coordinates": [ [ [ [ -65.58419097, -32.18359393 ], [ -65.56867034, -32.18484148 ], [ -65.5537331, -32.18863826 ], [ -65.53995218, -32.19483867 ], [ -65.52785644, -32.20320488 ], [ -65.51791041, -32.2134159 ], [ -65.51049656, -32.22507987 ], [ -65.50590048, -32.23774901 ], [ -65.50429989, -32.25093679 ], [ -65.50546177, -32.26022419 ], [ -65.50548742, -32.26042918 ], [ -65.5054906, -32.26042917 ], [ -65.50652156, -32.26042573 ], [ -65.50729477, -32.26042316 ], [ -65.66209772, -32.25990713 ], [ -65.662456, -32.25990594 ], [ -65.66245689, -32.25990593 ], [ -65.66346723, -32.25146101 ], [ -65.6619869, -32.23826291 ], [ -65.65750633, -32.22556371 ], [ -65.65019879, -32.21385114 ], [ -65.64034585, -32.20357488 ], [ -65.62832642, -32.19512929 ], [ -65.61460218, -32.18883839 ], [ -65.59969982, -32.18494349 ], [ -65.58419097, -32.18359393 ] ] ] ] } },
{ "type": "Feature", "properties": { "circuito": "07001", "codprov": "19", "coddepto": "006" }, "geometry": { "type": "MultiPolygon", "coordinates": [ [ [ [ -65.0801224, -32.3820133 ], [ -65.08014939, -32.38197551 ], [ -65.08032227, -32.38171387 ], [ -65.08050537, -32.38146973 ], [ -65.08062744, -32.38128662 ], [ -65.08087158, -32.38092041 ], [ -65.08099365, -32.3807373 ], [ -65.08129883, -32.38031006 ], [ -65.08154297, -32.37994385 ], [ -65.08172607, -32.37963867 ], [ -65.08197021, -32.37927246 ], [ -65.08233715, -32.37869387 ], [ -65.08282471, -32.37786865 ], [ -65.08319092, -32.37731934 ], [ -65.08348572, -32.3768434 ], [ -65.08370449, -32.37645142 ], [ -65.08392334, -32.37609863 ], [ -65.08412381, -32.37573129 ], [ -65.08428955, -32.37542725 ], [ -65.08459473, -32.37487793 ], [ -65.08483887, -32.37445068 ], [ -65.085163, -32.37385346 ], [ -65.08539089, -32.3734068 ], [ -65.08569336, -32.37280273 ], [ -65.08587402, -32.37251346 ], [ -65.08607456, -32.37209414 ], [ -65.08631157, -32.37155632 ], [ -65.08648682, -32.37115479 ], [ -65.08666992, -32.37072754 ], [ -65.08681293, -32.37039863 ], [ -65.08703613, -32.36981201 ], [ -65.08721924, -32.36938477 ], [ -65.08737043, -32.36904459 ], [ -65.08746338, -32.36883545 ], [ -65.08758545, -32.36853027 ], [ -65.0877883, -32.36798299 ], [ -65.0880127, -32.36743164 ], [ -65.08811647, -32.36716258 ], [ -65.08823497, -32.36685265 ], [ -65.08832613, -32.36662475 ], [ -65.08843994, -32.36633301 ], [ -65.08856201, -32.3659668 ], [ -65.08868408, -32.36566162 ], [ -65.08879103, -32.36533945 ], [ -65.08886719, -32.3651123 ], [ -65.08898926, -32.36474609 ], [ -65.08911007, -32.36437319 ], [ -65.08919022, -32.36414879 ], [ -65.08924681, -32.36399033 ], [ -65.08935547, -32.36364746 ], [ -65.08953857, -32.36303711 ], [ -65.08966064, -32.36254883 ], [ -65.08978463, -32.36209428 ], [ -65.08990314, -32.36167496 ], [ -65.09000341, -32.36124652 ], [ -65.09008789, -32.36090088 ], [ -65.09020996, -32.36047363 ], [ -65.09033157, -32.35992475 ], [ -65.0904541, -32.359375 ], [ -65.09051514, -32.35906982 ], [ -65.09063721, -32.35852051 ], [ -65.09075928, -32.35797119 ], [ -65.09088135, -32.35742187 ], [ -65.09100342, -32.35675049 ], [ -65.09107905, -32.35632407 ], [ -65.09118652, -32.35577393 ], [ -65.09133429, -32.35482911 ], [ -65.09143066, -32.35400391 ], [ -65.09149837, -32.35349822 ], [ -65.09155273, -32.35302734 ], [ -65.09158953, -32.35276897 ], [ -65.09167157, -32.3520306 ], [ -65.09173538, -32.35126489 ], [ -65.09177184, -32.35088203 ], [ -65.09179919, -32.35043536 ], [ -65.09182654, -32.34984285 ], [ -65.09185791, -32.34906006 ], [ -65.09185791, -32.34851074 ], [ -65.09185791, -32.3482666 ], [ -65.09185791, -32.34771729 ], [ -65.08538818, -32.3482666 ], [ -65.08349609, -32.3482666 ], [ -65.08337402, -32.3482666 ], [ -65.08319092, -32.3482666 ], [ -65.08306885, -32.3482666 ], [ -65.0826416, -32.3482666 ], [ -65.08251953, -32.3482666 ], [ -65.08227539, -32.3482666 ], [ -65.08209229, -32.3482666 ], [ -65.08172607, -32.3482666 ], [ -65.08154297, -32.3482666 ], [ -65.0814209, -32.34838867 ], [ -65.08062744, -32.34838867 ], [ -65.08032227, -32.34838867 ], [ -65.07995605, -32.34838867 ], [ -65.07977295, -32.34838867 ], [ -65.07952881, -32.34838867 ], [ -65.07940674, -32.34838867 ], [ -65.07879639, -32.34851074 ], [ -65.07855225, -32.34851074 ], [ -65.078125, -32.34851074 ], [ -65.07745361, -32.34851074 ], [ -65.0769043, -32.34851074 ], [ -65.07623291, -32.34851074 ], [ -65.07592773, -32.34851074 ], [ -65.07568359, -32.34869385 ], [ -65.07550049, -32.34869385 ], [ -65.07525635, -32.34869385 ], [ -65.07501221, -32.34869385 ], [ -65.07446289, -32.34869385 ], [ -65.07427979, -32.34869385 ], [ -65.07403564, -32.34869385 ], [ -65.07373047, -32.34869385 ], [ -65.07348633, -32.34869385 ], [ -65.07318115, -32.34869385 ], [ -65.07305908, -32.34869385 ], [ -65.07281494, -32.34869385 ], [ -65.07250977, -32.34851074 ], [ -65.07226562, -32.34851074 ], [ -65.07208252, -32.34851074 ], [ -65.07183838, -32.34851074 ], [ -65.07073975, -32.34869385 ], [ -65.07061768, -32.34869385 ], [ -65.07049561, -32.34869385 ], [ -65.06988525, -32.34869385 ], [ -65.06964111, -32.34869385 ], [ -65.06951904, -32.34851074 ], [ -65.06933594, -32.34851074 ], [ -65.06896973, -32.34851074 ], [ -65.06884766, -32.34851074 ], [ -65.06866455, -32.34851074 ], [ -65.06842041, -32.34851074 ], [ -65.06811523, -32.34851074 ], [ -65.06787109, -32.34851074 ], [ -65.06768799, -32.34851074 ], [ -65.06744385, -32.34851074 ], [ -65.06719971, -32.34851074 ], [ -65.0670166, -32.34851074 ], [ -65.06677246, -32.34851074 ], [ -65.06646729, -32.34851074 ], [ -65.06622314, -32.34851074 ], [ -65.06591797, -32.34851074 ], [ -65.06567383, -32.34851074 ], [ -65.06546419, -32.34851074 ], [ -65.06536865, -32.34851074 ], [ -65.06512451, -32.34851074 ], [ -65.06481934, -32.34851074 ], [ -65.0645752, -32.34851074 ], [ -65.06402588, -32.34851074 ], [ -65.0637207, -32.34851074 ], [ -65.06347656, -32.34851074 ], [ -65.06317139, -32.34851074 ], [ -65.06292725, -32.34851074 ], [ -65.06237793, -32.34851074 ], [ -65.06207275, -32.34851074 ], [ -65.06182861, -32.34838867 ], [ -65.06158447, -32.34838867 ], [ -65.0612793, -32.34838867 ], [ -65.06103516, -32.34838867 ], [ -65.06072998, -32.34838867 ], [ -65.06048584, -32.34838867 ], [ -65.06018066, -32.34838867 ], [ -65.05963135, -32.34838867 ], [ -65.05938721, -32.34838867 ], [ -65.05908203, -32.34838867 ], [ -65.05883789, -32.34838867 ], [ -65.05853271, -32.34838867 ], [ -65.05828857, -32.34838867 ], [ -65.05810547, -32.34838867 ], [ -65.05786133, -32.34838867 ], [ -65.05755615, -32.34838867 ], [ -65.05731201, -32.34838867 ], [ -65.05700684, -32.34838867 ], [ -65.0567627, -32.34838867 ], [ -65.05645752, -32.34838867 ], [ -65.05621338, -32.34838867 ], [ -65.05603027, -32.34838867 ], [ -65.05548096, -32.34838867 ], [ -65.05523682, -32.3482666 ], [ -65.05499268, -32.3482666 ], [ -65.0546875, -32.3482666 ], [ -65.05444336, -32.3482666 ], [ -65.05426025, -32.3482666 ], [ -65.05389404, -32.3482666 ], [ -65.05371094, -32.3482666 ], [ -65.0534668, -32.3482666 ], [ -65.05316162, -32.3482666 ], [ -65.05279541, -32.3482666 ], [ -65.05249023, -32.3482666 ], [ -65.05206299, -32.3482666 ], [ -65.05181885, -32.3482666 ], [ -65.05157471, -32.3482666 ], [ -65.05126953, -32.3482666 ], [ -65.05102539, -32.3482666 ], [ -65.05084229, -32.3482666 ], [ -65.05059814, -32.3482666 ], [ -65.05004883, -32.3482666 ], [ -65.04986572, -32.3482666 ], [ -65.04962158, -32.3482666 ], [ -65.04937744, -32.3482666 ], [ -65.04907227, -32.3482666 ], [ -65.04882812, -32.3482666 ], [ -65.04864502, -32.3482666 ], [ -65.04840088, -32.34814453 ], [ -65.0480957, -32.34814453 ], [ -65.04797363, -32.34814453 ], [ -65.04772949, -32.34814453 ], [ -65.04742432, -32.34814453 ], [ -65.04730225, -32.34814453 ], [ -65.04699707, -32.34814453 ], [ -65.04663086, -32.34814453 ], [ -65.04644775, -32.34814453 ], [ -65.04632568, -32.34814453 ], [ -65.04608154, -32.34814453 ], [ -65.04589844, -32.34814453 ], [ -65.04577637, -32.34814453 ], [ -65.04534912, -32.34814453 ], [ -65.04522705, -32.34814453 ], [ -65.04498291, -32.34814453 ], [ -65.04467773, -32.34814453 ], [ -65.04443359, -32.34814453 ], [ -65.04425049, -32.34814453 ], [ -65.04412842, -32.34814453 ], [ -65.04370117, -32.34814453 ], [ -65.0435791, -32.34814453 ], [ -65.04345703, -32.34814453 ], [ -65.04333496, -32.34814453 ], [ -65.04302979, -32.34814453 ], [ -65.04290771, -32.34814453 ], [ -65.04278564, -32.34814453 ], [ -65.04260254, -32.34814453 ], [ -65.0423584, -32.34796143 ], [ -65.04211426, -32.34796143 ], [ -65.04193115, -32.34796143 ], [ -65.04180908, -32.34796143 ], [ -65.04180908, -32.34814453 ], [ -65.04125977, -32.34796143 ], [ -65.0411377, -32.34796143 ], [ -65.04083252, -32.34796143 ], [ -65.04058838, -32.34796143 ], [ -65.04046631, -32.34796143 ], [ -65.04016113, -32.34796143 ], [ -65.04003906, -32.34796143 ], [ -65.03991699, -32.34796143 ], [ -65.03973389, -32.34796143 ], [ -65.03948975, -32.34796143 ], [ -65.03930664, -32.34796143 ], [ -65.03875732, -32.34796143 ], [ -65.03820801, -32.34796143 ], [ -65.03796387, -32.34796143 ], [ -65.03765869, -32.34796143 ], [ -65.0369873, -32.34796143 ], [ -65.03686523, -32.34796143 ], [ -65.03662109, -32.34796143 ], [ -65.03619385, -32.34796143 ], [ -65.03601074, -32.34796143 ], [ -65.0357666, -32.34796143 ], [ -65.03564453, -32.34796143 ], [ -65.03546143, -32.34796143 ], [ -65.03521729, -32.34796143 ], [ -65.03509521, -32.34796143 ], [ -65.03369141, -32.34783936 ], [ -65.03356934, -32.34344482 ], [ -65.02783203, -32.34332275 ], [ -65.02752686, -32.34344482 ], [ -65.02752686, -32.34356689 ], [ -65.02752686, -32.34362793 ], [ -65.02740479, -32.34362793 ], [ -65.02716064, -32.34362793 ], [ -65.0267334, -32.34362793 ], [ -65.02587891, -32.34362793 ], [ -65.02496338, -32.34362793 ], [ -65.02423096, -32.34362793 ], [ -65.02331543, -32.34362793 ], [ -65.02246094, -32.34356689 ], [ -65.02166748, -32.34356689 ], [ -65.02081299, -32.34356689 ], [ -65.02056885, -32.34356689 ], [ -65.02044678, -32.34356689 ], [ -65.02001953, -32.34356689 ], [ -65.01959229, -32.34344482 ], [ -65.01959229, -32.34307861 ], [ -65.0189209, -32.34307861 ], [ -65.01879883, -32.34307861 ], [ -65.01861572, -32.34307861 ], [ -65.01782227, -32.34307861 ], [ -65.0177002, -32.34307861 ], [ -65.01672363, -32.34307861 ], [ -65.01660156, -32.34307861 ], [ -65.015625, -32.34307861 ], [ -65.01550293, -32.34307861 ], [ -65.01409912, -32.34301758 ], [ -65.01409912, -32.34307861 ], [ -65.01409912, -32.34442139 ], [ -65.01409912, -32.34454346 ], [ -65.01409912, -32.34564209 ], [ -65.01495361, -32.34564209 ], [ -65.015625, -32.34564209 ], [ -65.01574707, -32.34661865 ], [ -65.01574707, -32.34729004 ], [ -65.01574707, -32.34741211 ], [ -65.01574707, -32.34759521 ], [ -65.01574707, -32.34851074 ], [ -65.01574707, -32.34936523 ], [ -65.01574707, -32.35101318 ], [ -65.01574707, -32.35290527 ], [ -65.01586914, -32.35540771 ], [ -65.01586914, -32.35687256 ], [ -65.01586914, -32.35852051 ], [ -65.01574707, -32.36193848 ], [ -65.01574707, -32.36541748 ], [ -65.01641846, -32.36828613 ], [ -65.01824951, -32.37542725 ], [ -65.01806641, -32.37719727 ], [ -65.01794434, -32.37884521 ], [ -65.01782227, -32.3807373 ], [ -65.01531982, -32.38531494 ], [ -65.01515407, -32.38653044 ], [ -65.01495361, -32.38800049 ], [ -65.01422119, -32.39117432 ], [ -65.01385498, -32.3939209 ], [ -65.01397705, -32.3939209 ], [ -65.01605225, -32.39379883 ], [ -65.01879883, -32.39215088 ], [ -65.02423096, -32.39160156 ], [ -65.04568858, -32.39176942 ], [ -65.07104492, -32.39196777 ], [ -65.07318115, -32.38995361 ], [ -65.07372286, -32.38945034 ], [ -65.07416953, -32.3890219 ], [ -65.07484408, -32.38836558 ], [ -65.07557334, -32.38761809 ], [ -65.07642109, -32.38667918 ], [ -65.07678223, -32.38623047 ], [ -65.07714844, -32.38580322 ], [ -65.07757568, -32.38525391 ], [ -65.07784661, -32.38492879 ], [ -65.07788086, -32.3848877 ], [ -65.078125, -32.38458252 ], [ -65.07843018, -32.38421631 ], [ -65.07867432, -32.38391113 ], [ -65.07925606, -32.38314231 ], [ -65.07947483, -32.38285972 ], [ -65.07965715, -32.38260449 ], [ -65.0799215, -32.38229455 ], [ -65.0801224, -32.3820133 ] ] ] ] } },
{ "type": "Feature", "properties": { "circuito": "00086", "codprov": "19", "coddepto": "007" }, "geometry": { "type": "MultiPolygon", "coordinates": [ [ [ [ -66.92625973, -32.38137229 ], [ -66.9417631, -32.3826939 ], [ -66.95727137, -32.38141453 ], [ -66.97218729, -32.37758345 ], [ -66.98593656, -32.37134819 ], [ -66.99799008, -32.36294881 ], [ -67.00788438, -32.35270864 ], [ -67.01523947, -32.34102174 ], [ -67.01977342, -32.32833767 ], [ -67.02131307, -32.3151442 ], [ -67.01923723, -32.3003619 ], [ -67.01529519, -32.28925741 ], [ -67.00797127, -32.2775585 ], [ -66.99811096, -32.26730086 ], [ -66.98609342, -32.25887814 ], [ -66.97238025, -32.2526135 ], [ -66.95749772, -32.24874723 ], [ -66.94201669, -32.2474276 ], [ -66.92653082, -32.24870521 ], [ -66.91163395, -32.25253106 ], [ -66.89789749, -32.25875843 ], [ -66.88584858, -32.26714844 ], [ -66.87594999, -32.2773792 ], [ -66.86858237, -32.28905809 ], [ -66.86402955, -32.30173675 ], [ -66.86246757, -32.31492825 ], [ -66.86395771, -32.32812576 ], [ -66.868444, -32.34082202 ], [ -66.87575511, -32.35252883 ], [ -66.88561081, -32.36279583 ], [ -66.89763263, -32.37122795 ], [ -66.91135833, -32.37750061 ], [ -66.92625973, -32.38137229 ] ] ] ] } },
{ "type": "Feature", "properties": { "circuito": "00085", "codprov": "19", "coddepto": "007" }, "geometry": { "type": "MultiPolygon", "coordinates": [ [ [ [ -67.00957563, -32.24458499 ], [ -67.02507899, -32.2459066 ], [ -67.04058727, -32.24462723 ], [ -67.05550319, -32.24079615 ], [ -67.06925246, -32.23456089 ], [ -67.08130598, -32.22616152 ], [ -67.09120028, -32.21592135 ], [ -67.09855537, -32.20423444 ], [ -67.10308932, -32.19155038 ], [ -67.10462897, -32.1783569 ], [ -67.10255313, -32.16357461 ], [ -67.09861109, -32.15247011 ], [ -67.09128717, -32.1407712 ], [ -67.08142686, -32.13051356 ], [ -67.06940932, -32.12209085 ], [ -67.05569615, -32.1158262 ], [ -67.04081362, -32.11195993 ], [ -67.02533259, -32.1106403 ], [ -67.00984672, -32.11191791 ], [ -66.99494985, -32.11574376 ], [ -66.98121339, -32.12197113 ], [ -66.96916448, -32.13036114 ], [ -66.95926589, -32.14059191 ], [ -66.95189827, -32.1522708 ], [ -66.94734545, -32.16494945 ], [ -66.94578347, -32.17814095 ], [ -66.94727361, -32.19133847 ], [ -66.9517599, -32.20403473 ], [ -66.95907101, -32.21574153 ], [ -66.96892671, -32.22600853 ], [ -66.98094853, -32.23444066 ], [ -66.99467423, -32.24071331 ], [ -67.00957563, -32.24458499 ] ] ] ] } },
{ "type": "Feature", "properties": { "circuito": "00084", "codprov": "19", "coddepto": "007" }, "geometry": { "type": "MultiPolygon", "coordinates": [ [ [ [ -66.56563867, -32.30303048 ], [ -66.58114204, -32.30435208 ], [ -66.59665031, -32.30307271 ], [ -66.61156623, -32.29924164 ], [ -66.6253155, -32.29300637 ], [ -66.63736902, -32.284607 ], [ -66.64726332, -32.27436683 ], [ -66.65461841, -32.26267992 ], [ -66.65915236, -32.24999586 ], [ -66.66069201, -32.23680238 ], [ -66.65861617, -32.22202009 ], [ -66.65467413, -32.21091559 ], [ -66.64735021, -32.19921669 ], [ -66.6374899, -32.18895904 ], [ -66.62547236, -32.18053633 ], [ -66.61175919, -32.17427169 ], [ -66.59687667, -32.17040541 ], [ -66.58139563, -32.16908578 ], [ -66.56590976, -32.17036339 ], [ -66.55101289, -32.17418924 ], [ -66.53727643, -32.18041661 ], [ -66.52522752, -32.18880662 ], [ -66.51532894, -32.19903739 ], [ -66.50796131, -32.21071628 ], [ -66.50340849, -32.22339493 ], [ -66.50184651, -32.23658643 ], [ -66.50333665, -32.24978395 ], [ -66.50659612, -32.25900828 ], [ -66.50701713, -32.25945747 ], [ -66.53556005, -32.28991123 ], [ -66.53842959, -32.29268349 ], [ -66.54010054, -32.2942978 ], [ -66.55073727, -32.2991588 ], [ -66.56563867, -32.30303048 ] ] ] ] } },
{ "type": "Feature", "properties": { "circuito": "00095", "codprov": "19", "coddepto": "008" }, "geometry": { "type": "MultiPolygon", "coordinates": [ [ [ [ -66.44861585, -32.382606 ], [ -66.46411921, -32.3839276 ], [ -66.47962748, -32.38264824 ], [ -66.4945434, -32.37881716 ], [ -66.50829268, -32.3725819 ], [ -66.5203462, -32.36418252 ], [ -66.5302405, -32.35394235 ], [ -66.53759559, -32.34225544 ], [ -66.54212954, -32.32957138 ], [ -66.54366919, -32.31637791 ], [ -66.54159335, -32.30159561 ], [ -66.53842959, -32.29268349 ], [ -66.53556005, -32.28991123 ], [ -66.50701713, -32.25945747 ], [ -66.49473637, -32.25384721 ], [ -66.47985384, -32.24998093 ], [ -66.46437281, -32.2486613 ], [ -66.44888694, -32.24993891 ], [ -66.43399007, -32.25376477 ], [ -66.4202536, -32.25999213 ], [ -66.40820469, -32.26838214 ], [ -66.39830611, -32.27861291 ], [ -66.39093849, -32.2902918 ], [ -66.38638567, -32.30297045 ], [ -66.38624461, -32.30416174 ], [ -66.38630819, -32.30455993 ], [ -66.38631345, -32.30459287 ], [ -66.39259267, -32.34391645 ], [ -66.39268102, -32.34446978 ], [ -66.39280926, -32.34527284 ], [ -66.39811122, -32.35376253 ], [ -66.40796693, -32.36402954 ], [ -66.41998875, -32.37246166 ], [ -66.43371445, -32.37873432 ], [ -66.44861585, -32.382606 ] ] ] ] } },
{ "type": "Feature", "properties": { "circuito": "00079", "codprov": "19", "coddepto": "007" }, "geometry": { "type": "MultiPolygon", "coordinates": [ [ [ [ -66.29968715, -32.3993876 ], [ -66.31519052, -32.40070921 ], [ -66.33069879, -32.39942984 ], [ -66.34561471, -32.39559876 ], [ -66.35936398, -32.3893635 ], [ -66.3714175, -32.38096412 ], [ -66.3813118, -32.37072395 ], [ -66.38866689, -32.35903704 ], [ -66.39279501, -32.34518904 ], [ -66.39268102, -32.34446978 ], [ -66.38637557, -32.30468325 ], [ -66.38630819, -32.30455993 ], [ -66.38139869, -32.29557381 ], [ -66.37153838, -32.28531616 ], [ -66.35952084, -32.27689345 ], [ -66.34580767, -32.27062881 ], [ -66.33092515, -32.26676254 ], [ -66.31544411, -32.2654429 ], [ -66.29995824, -32.26672051 ], [ -66.28506137, -32.27054637 ], [ -66.27132491, -32.27677373 ], [ -66.259276, -32.28516375 ], [ -66.24937742, -32.29539451 ], [ -66.24200979, -32.3070734 ], [ -66.23745697, -32.31975205 ], [ -66.23589499, -32.33294355 ], [ -66.23738513, -32.34614107 ], [ -66.24187142, -32.35883733 ], [ -66.24918253, -32.37054413 ], [ -66.25903823, -32.38081114 ], [ -66.27106005, -32.38924326 ], [ -66.28478575, -32.39551592 ], [ -66.29968715, -32.3993876 ] ] ] ] } },
{ "type": "Feature", "properties": { "circuito": "00075", "codprov": "19", "coddepto": "007" }, "geometry": { "type": "MultiPolygon", "coordinates": [ [ [ [ -66.14305977, -32.67002183 ], [ -66.14719967, -32.66895419 ], [ -66.15805193, -32.66615549 ], [ -66.17186247, -32.65988794 ], [ -66.18395992, -32.65146051 ], [ -66.19387912, -32.64119761 ], [ -66.20123916, -32.62949419 ], [ -66.20575795, -32.61680045 ], [ -66.20726295, -32.60360452 ], [ -66.20569763, -32.59041361 ], [ -66.20112346, -32.57773453 ], [ -66.19371732, -32.5660542 ], [ -66.18376454, -32.55582103 ], [ -66.17164787, -32.54742774 ], [ -66.15783265, -32.54119632 ], [ -66.14284907, -32.5373658 ], [ -66.12727182, -32.53608307 ], [ -66.11169822, -32.53739732 ], [ -66.11086254, -32.53761286 ], [ -66.07036372, -32.55641008 ], [ -66.06091093, -32.56618871 ], [ -66.05915982, -32.56896634 ], [ -66.05353778, -32.57788406 ], [ -66.04899944, -32.59057243 ], [ -66.04747145, -32.60376653 ], [ -66.04796842, -32.60801746 ], [ -66.04901381, -32.61695943 ], [ -66.05356857, -32.62964401 ], [ -66.06096181, -32.64133251 ], [ -66.07091014, -32.65157528 ], [ -66.08303151, -32.65997814 ], [ -66.09685984, -32.66621764 ], [ -66.09727652, -32.66632417 ], [ -66.11186297, -32.67005352 ], [ -66.12746322, -32.67133808 ], [ -66.14305977, -32.67002183 ] ], [ [ -66.12136627, -32.60515701 ], [ -66.11291863, -32.61033037 ], [ -66.09566318, -32.60908614 ], [ -66.09494284, -32.60866049 ], [ -66.09379684, -32.60888969 ], [ -66.09301102, -32.60803837 ], [ -66.09166856, -32.60404375 ], [ -66.08767394, -32.60479684 ], [ -66.0864952, -32.60168627 ], [ -66.08715006, -32.60090045 ], [ -66.08525098, -32.5974952 ], [ -66.10073831, -32.59078293 ], [ -66.10270288, -32.59264927 ], [ -66.10456922, -32.59395898 ], [ -66.10709041, -32.59448286 ], [ -66.10826915, -32.59500675 ], [ -66.10990629, -32.59615274 ], [ -66.11020098, -32.59739697 ], [ -66.11128149, -32.60004913 ], [ -66.11291863, -32.60184999 ], [ -66.11645485, -32.60329067 ], [ -66.1196309, -32.60388004 ], [ -66.12136627, -32.60515701 ] ] ] ] } },
{ "type": "Feature", "properties": { "circuito": "07008", "codprov": "19", "coddepto": "006" }, "geometry": { "type": "MultiPolygon", "coordinates": [ [ [ [ -65.01515407, -32.38653044 ], [ -65.01531982, -32.38531494 ], [ -65.01782227, -32.3807373 ], [ -65.01794434, -32.37884521 ], [ -65.01806641, -32.37719727 ], [ -65.01824951, -32.37542725 ], [ -65.01641846, -32.36828613 ], [ -65.01544189, -32.36785889 ], [ -65.01202393, -32.36743164 ], [ -65.01025391, -32.36688232 ], [ -65.00421143, -32.36584473 ], [ -65.00231934, -32.36474609 ], [ -64.99780273, -32.36419678 ], [ -64.99530029, -32.36334229 ], [ -64.99365234, -32.36322021 ], [ -64.9934082, -32.36322021 ], [ -64.99230957, -32.36309814 ], [ -64.98986816, -32.36224365 ], [ -64.98760986, -32.36169434 ], [ -64.98602295, -32.3605957 ], [ -64.98406982, -32.35961914 ], [ -64.98132324, -32.35742187 ], [ -64.98052979, -32.35705566 ], [ -64.97857666, -32.35675049 ], [ -64.97723389, -32.35662842 ], [ -64.97473145, -32.35620117 ], [ -64.97296143, -32.35638428 ], [ -64.97052002, -32.35565186 ], [ -64.96911621, -32.3560791 ], [ -64.96801758, -32.35528564 ], [ -64.96624756, -32.35522461 ], [ -64.96447754, -32.35522461 ], [ -64.96270752, -32.35540771 ], [ -64.96105957, -32.35552979 ], [ -64.96104349, -32.35552979 ], [ -64.96051025, -32.35552979 ], [ -64.96038818, -32.35552979 ], [ -64.96032715, -32.35565186 ], [ -64.96024669, -32.355742 ], [ -64.96020508, -32.35583496 ], [ -64.96016983, -32.35596779 ], [ -64.96008301, -32.3560791 ], [ -64.9600257, -32.35617436 ], [ -64.95996094, -32.35620117 ], [ -64.95983887, -32.35620117 ], [ -64.95977783, -32.35620117 ], [ -64.95965576, -32.3560791 ], [ -64.95953369, -32.3560791 ], [ -64.95945883, -32.3560975 ], [ -64.95943961, -32.35619358 ], [ -64.95957893, -32.35636653 ], [ -64.95965576, -32.35638428 ], [ -64.95968462, -32.35650104 ], [ -64.95962697, -32.35663075 ], [ -64.95953369, -32.35662842 ], [ -64.95941162, -32.35662842 ], [ -64.95930029, -32.35661634 ], [ -64.95922823, -32.35653467 ], [ -64.95910645, -32.35650635 ], [ -64.95898437, -32.35650635 ], [ -64.95890155, -32.35646741 ], [ -64.95881988, -32.35640015 ], [ -64.95874023, -32.35638428 ], [ -64.9586792, -32.35638428 ], [ -64.95853164, -32.35636172 ], [ -64.95843506, -32.35632324 ], [ -64.95829144, -32.35630888 ], [ -64.95820016, -32.35623682 ], [ -64.95812988, -32.35620117 ], [ -64.95800781, -32.35620117 ], [ -64.95788574, -32.35620117 ], [ -64.95776779, -32.35617917 ], [ -64.9576621, -32.35611671 ], [ -64.95757083, -32.3560975 ], [ -64.9574585, -32.3560791 ], [ -64.95737866, -32.35605907 ], [ -64.9573018, -32.35602063 ], [ -64.95722013, -32.3559822 ], [ -64.95709229, -32.35595703 ], [ -64.95703125, -32.35595703 ], [ -64.95690918, -32.35595703 ], [ -64.95678711, -32.35595703 ], [ -64.95666504, -32.35595703 ], [ -64.95656678, -32.35593416 ], [ -64.9564755, -32.35584769 ], [ -64.95635986, -32.35583496 ], [ -64.95623779, -32.35583496 ], [ -64.95611572, -32.35583496 ], [ -64.95599365, -32.35583496 ], [ -64.95581055, -32.35577393 ], [ -64.95568283, -32.35569396 ], [ -64.95556641, -32.35565186 ], [ -64.95544434, -32.35552979 ], [ -64.95526123, -32.35540771 ], [ -64.95523125, -32.35532885 ], [ -64.95513916, -32.35528564 ], [ -64.95501709, -32.35528564 ], [ -64.95489502, -32.35528564 ], [ -64.95471191, -32.35540771 ], [ -64.95458984, -32.35540771 ], [ -64.95446777, -32.35540771 ], [ -64.9543425, -32.35539611 ], [ -64.95424641, -32.35534326 ], [ -64.95419837, -32.35526159 ], [ -64.9541167, -32.35512227 ], [ -64.95405425, -32.35505502 ], [ -64.95400141, -32.35499256 ], [ -64.95392935, -32.35494933 ], [ -64.9538765, -32.35485325 ], [ -64.95378042, -32.35481001 ], [ -64.95367432, -32.35473633 ], [ -64.95349121, -32.35473633 ], [ -64.95336914, -32.35473633 ], [ -64.95324707, -32.35467529 ], [ -64.95315589, -32.35465147 ], [ -64.95311265, -32.35457941 ], [ -64.95306396, -32.35455322 ], [ -64.95295412, -32.35452177 ], [ -64.95281982, -32.35443115 ], [ -64.95269775, -32.35443115 ], [ -64.95257568, -32.35443115 ], [ -64.95251465, -32.35443115 ], [ -64.95239258, -32.35443115 ], [ -64.95227051, -32.35455322 ], [ -64.95227051, -32.35473633 ], [ -64.95227051, -32.3548584 ], [ -64.95214844, -32.35498047 ], [ -64.95214844, -32.35510254 ], [ -64.95217106, -32.35518953 ], [ -64.95227051, -32.35522461 ], [ -64.95239258, -32.35528564 ], [ -64.95249773, -32.35537689 ], [ -64.95256499, -32.35542493 ], [ -64.95269775, -32.35565186 ], [ -64.95281982, -32.35577393 ], [ -64.95294189, -32.35595703 ], [ -64.95306396, -32.3560791 ], [ -64.95306396, -32.35620117 ], [ -64.9530454, -32.35629927 ], [ -64.95301177, -32.35634731 ], [ -64.95293971, -32.35641457 ], [ -64.9529349, -32.35652026 ], [ -64.9529253, -32.35660193 ], [ -64.95290608, -32.35667879 ], [ -64.95292049, -32.35674605 ], [ -64.95294189, -32.35687256 ], [ -64.9530454, -32.35691419 ], [ -64.95306942, -32.35696223 ], [ -64.953125, -32.35705566 ], [ -64.953125, -32.35717773 ], [ -64.953125, -32.3572998 ], [ -64.95306396, -32.35742187 ], [ -64.95281982, -32.35760498 ], [ -64.95269775, -32.35760498 ], [ -64.95239258, -32.35772705 ], [ -64.95227051, -32.35772705 ], [ -64.95202637, -32.35784912 ], [ -64.95196533, -32.35784912 ], [ -64.95172119, -32.35797119 ], [ -64.95159912, -32.35797119 ], [ -64.95147705, -32.35797119 ], [ -64.95135437, -32.35793265 ], [ -64.95129395, -32.35784912 ], [ -64.95129395, -32.35772705 ], [ -64.95129395, -32.35760498 ], [ -64.95132554, -32.35731773 ], [ -64.95141602, -32.35705566 ], [ -64.95147705, -32.35687256 ], [ -64.95154172, -32.35677487 ], [ -64.95159912, -32.35662842 ], [ -64.95159912, -32.35650635 ], [ -64.95147705, -32.35650635 ], [ -64.95129395, -32.35662842 ], [ -64.95117187, -32.35675049 ], [ -64.9510498, -32.35687256 ], [ -64.95074463, -32.35705566 ], [ -64.95062256, -32.35717773 ], [ -64.95037842, -32.3572998 ], [ -64.95019531, -32.35742187 ], [ -64.9498291, -32.35760498 ], [ -64.949646, -32.35760498 ], [ -64.94952393, -32.35760498 ], [ -64.94927979, -32.35742187 ], [ -64.94909668, -32.35742187 ], [ -64.94866943, -32.3572998 ], [ -64.94854736, -32.3572998 ], [ -64.94842529, -32.3572998 ], [ -64.94830322, -32.3572998 ], [ -64.94818115, -32.3572998 ], [ -64.94812012, -32.3572998 ], [ -64.94799805, -32.3572998 ], [ -64.94787598, -32.3572998 ], [ -64.94775391, -32.3572998 ], [ -64.94763184, -32.3572998 ], [ -64.9475708, -32.3572998 ], [ -64.94744873, -32.3572998 ], [ -64.94732666, -32.3572998 ], [ -64.94720459, -32.3572998 ], [ -64.94708252, -32.3572998 ], [ -64.94689941, -32.35717773 ], [ -64.94677734, -32.35717773 ], [ -64.94665527, -32.35717773 ], [ -64.9465332, -32.35717773 ], [ -64.9463501, -32.35717773 ], [ -64.94622803, -32.3572998 ], [ -64.94622803, -32.35742187 ], [ -64.94622803, -32.35760498 ], [ -64.9463501, -32.35772705 ], [ -64.9465332, -32.35784912 ], [ -64.94666079, -32.357875 ], [ -64.94677734, -32.35797119 ], [ -64.94689941, -32.35797119 ], [ -64.94701629, -32.35800471 ], [ -64.94708252, -32.3581543 ], [ -64.94720459, -32.35827637 ], [ -64.94723248, -32.35841786 ], [ -64.94733336, -32.35849953 ], [ -64.94744873, -32.35852051 ], [ -64.94760719, -32.35852836 ], [ -64.94787598, -32.35870361 ], [ -64.94818115, -32.35894775 ], [ -64.94830322, -32.35906982 ], [ -64.94873047, -32.35949707 ], [ -64.94885254, -32.35961914 ], [ -64.94897461, -32.35974121 ], [ -64.94905802, -32.35980624 ], [ -64.94909668, -32.35992432 ], [ -64.94906763, -32.36000801 ], [ -64.94897461, -32.36016846 ], [ -64.94885254, -32.36035156 ], [ -64.94854736, -32.36047363 ], [ -64.94842529, -32.3605957 ], [ -64.94830322, -32.3605957 ], [ -64.94818115, -32.36071777 ], [ -64.94799805, -32.36083984 ], [ -64.9479627, -32.36090637 ], [ -64.94799805, -32.36102295 ], [ -64.94812012, -32.36114502 ], [ -64.94827016, -32.36126667 ], [ -64.94842529, -32.36138916 ], [ -64.94854736, -32.3614502 ], [ -64.94873047, -32.36157227 ], [ -64.94873047, -32.36169434 ], [ -64.94885254, -32.36181641 ], [ -64.94897461, -32.36199951 ], [ -64.94909668, -32.36212158 ], [ -64.94921875, -32.36212158 ], [ -64.94928381, -32.36214582 ], [ -64.94927979, -32.36224365 ], [ -64.94909668, -32.36236572 ], [ -64.94897461, -32.36236572 ], [ -64.94888508, -32.36237161 ], [ -64.94882262, -32.36241965 ], [ -64.94866943, -32.36248779 ], [ -64.94854736, -32.36248779 ], [ -64.94842529, -32.36248779 ], [ -64.94830322, -32.36248779 ], [ -64.94818115, -32.36248779 ], [ -64.94799805, -32.36254883 ], [ -64.94787598, -32.36254883 ], [ -64.94763184, -32.3626709 ], [ -64.94750287, -32.3626709 ], [ -64.94744873, -32.3626709 ], [ -64.94727571, -32.36272231 ], [ -64.94708252, -32.36279297 ], [ -64.94684815, -32.3628328 ], [ -64.94665527, -32.36291504 ], [ -64.9465332, -32.36291504 ], [ -64.94626686, -32.36297212 ], [ -64.94610596, -32.36303711 ], [ -64.94598389, -32.36303711 ], [ -64.94580078, -32.36309814 ], [ -64.94555664, -32.36322021 ], [ -64.94525146, -32.36334229 ], [ -64.94512939, -32.36334229 ], [ -64.94500732, -32.36334229 ], [ -64.94470215, -32.36322021 ], [ -64.94458008, -32.36322021 ], [ -64.94445801, -32.36322021 ], [ -64.94433594, -32.36322021 ], [ -64.94415283, -32.36322021 ], [ -64.94375914, -32.36326997 ], [ -64.94348145, -32.36334229 ], [ -64.94333158, -32.36338527 ], [ -64.9432373, -32.36346436 ], [ -64.94311523, -32.36346436 ], [ -64.94281006, -32.36334229 ], [ -64.94256592, -32.36322021 ], [ -64.94247165, -32.36317869 ], [ -64.94226074, -32.36309814 ], [ -64.94213867, -32.36309814 ], [ -64.9420166, -32.36309814 ], [ -64.94195557, -32.36309814 ], [ -64.9418335, -32.36309814 ], [ -64.9415925, -32.36313546 ], [ -64.94146729, -32.36322021 ], [ -64.94128418, -32.36322021 ], [ -64.94107367, -32.36324114 ], [ -64.94091797, -32.36334229 ], [ -64.94077101, -32.36336605 ], [ -64.94061279, -32.36346436 ], [ -64.94043953, -32.36350056 ], [ -64.94030762, -32.36358643 ], [ -64.94018555, -32.36364746 ], [ -64.94006348, -32.36364746 ], [ -64.93981934, -32.36376953 ], [ -64.9397583, -32.36376953 ], [ -64.93965647, -32.36379361 ], [ -64.93963623, -32.3638916 ], [ -64.93963623, -32.36401367 ], [ -64.93968529, -32.36415872 ], [ -64.9397583, -32.36419678 ], [ -64.93993991, -32.36430284 ], [ -64.94006348, -32.36431885 ], [ -64.94019933, -32.36433647 ], [ -64.94036865, -32.36444092 ], [ -64.94049072, -32.36456299 ], [ -64.94061279, -32.36468506 ], [ -64.94070856, -32.36488414 ], [ -64.94073486, -32.3651123 ], [ -64.94073486, -32.36523437 ], [ -64.94084307, -32.3653117 ], [ -64.94091797, -32.36541748 ], [ -64.94104004, -32.36553955 ], [ -64.9411169, -32.3656672 ], [ -64.94116211, -32.36578369 ], [ -64.941237, -32.36586416 ], [ -64.94128418, -32.3659668 ], [ -64.94128418, -32.36608887 ], [ -64.94128418, -32.36621094 ], [ -64.94124661, -32.3663734 ], [ -64.94116211, -32.36651611 ], [ -64.94116211, -32.36663818 ], [ -64.94105925, -32.3667337 ], [ -64.94108327, -32.36689223 ], [ -64.94116494, -32.36700273 ], [ -64.94128418, -32.36706543 ], [ -64.94140625, -32.3671875 ], [ -64.94156368, -32.36726695 ], [ -64.94165976, -32.3673294 ], [ -64.94171143, -32.36743164 ], [ -64.94178947, -32.3674399 ], [ -64.94184712, -32.36748313 ], [ -64.94195281, -32.36751196 ], [ -64.94213867, -32.36752633 ], [ -64.94228429, -32.36746392 ], [ -64.94249086, -32.3674399 ], [ -64.94275509, -32.36749274 ], [ -64.94299049, -32.36748313 ], [ -64.94313941, -32.36754559 ], [ -64.94317785, -32.36761284 ], [ -64.94333158, -32.3676753 ], [ -64.94349972, -32.36766569 ], [ -64.94363904, -32.36767049 ], [ -64.94367747, -32.36769451 ], [ -64.94373512, -32.36776657 ], [ -64.94376875, -32.36778099 ], [ -64.94392248, -32.36783864 ], [ -64.94398013, -32.36790589 ], [ -64.94402336, -32.36799237 ], [ -64.94403297, -32.36808845 ], [ -64.94401375, -32.36811727 ], [ -64.94400895, -32.36855925 ], [ -64.94398493, -32.36865533 ], [ -64.94388885, -32.36867454 ], [ -64.94385042, -32.36878984 ], [ -64.943836, -32.3688571 ], [ -64.94384561, -32.36899161 ], [ -64.94385042, -32.36913093 ], [ -64.94385042, -32.36918858 ], [ -64.94381679, -32.3693375 ], [ -64.94377835, -32.36938554 ], [ -64.94376875, -32.36943839 ], [ -64.94376875, -32.36949604 ], [ -64.94376875, -32.3695633 ], [ -64.94378796, -32.3695729 ], [ -64.943836, -32.36961614 ], [ -64.94385522, -32.36964977 ], [ -64.94385522, -32.36967859 ], [ -64.94388885, -32.3698083 ], [ -64.94396091, -32.36991399 ], [ -64.94410023, -32.36996203 ], [ -64.9441867, -32.37000047 ], [ -64.94425876, -32.37006292 ], [ -64.94432121, -32.37012057 ], [ -64.94450377, -32.37018302 ], [ -64.94472956, -32.3702791 ], [ -64.94485447, -32.37026949 ], [ -64.94496496, -32.37026949 ], [ -64.94499859, -32.3702791 ], [ -64.94504663, -32.37029832 ], [ -64.94519075, -32.3703992 ], [ -64.94529164, -32.37038479 ], [ -64.94534638, -32.37036133 ], [ -64.94543457, -32.37036133 ], [ -64.94555664, -32.37036133 ], [ -64.94567871, -32.37036133 ], [ -64.94580078, -32.37036133 ], [ -64.94598389, -32.37036133 ], [ -64.94610596, -32.37036133 ], [ -64.94622803, -32.37036133 ], [ -64.9463501, -32.37036133 ], [ -64.9465332, -32.37036133 ], [ -64.94665527, -32.3704834 ], [ -64.94665527, -32.37060547 ], [ -64.94665527, -32.37072754 ], [ -64.94656894, -32.37081388 ], [ -64.94652628, -32.37084118 ], [ -64.94648785, -32.37087961 ], [ -64.946435, -32.37093245 ], [ -64.94636775, -32.37096128 ], [ -64.94633412, -32.37102854 ], [ -64.94629088, -32.37113422 ], [ -64.94628127, -32.37128795 ], [ -64.94621402, -32.37140325 ], [ -64.94614195, -32.37142727 ], [ -64.94605548, -32.37148012 ], [ -64.94597862, -32.37152335 ], [ -64.94582969, -32.37156659 ], [ -64.94579126, -32.37152335 ], [ -64.94574802, -32.37146571 ], [ -64.94570959, -32.37143688 ], [ -64.94557508, -32.37142727 ], [ -64.94549126, -32.37142727 ], [ -64.94548689, -32.37142509 ], [ -64.94540213, -32.37131678 ], [ -64.94534928, -32.37128315 ], [ -64.94527722, -32.37126393 ], [ -64.94521477, -32.37123511 ], [ -64.94516193, -32.37123511 ], [ -64.94506104, -32.37123031 ], [ -64.94494094, -32.37120148 ], [ -64.94489375, -32.37116328 ], [ -64.94488525, -32.37115479 ], [ -64.94488325, -32.37115479 ], [ -64.94484005, -32.37111981 ], [ -64.94476799, -32.37109099 ], [ -64.94469113, -32.37106697 ], [ -64.94459024, -32.37102854 ], [ -64.94450377, -32.37101893 ], [ -64.94444422, -32.37101893 ], [ -64.94433594, -32.37091064 ], [ -64.94433594, -32.37084961 ], [ -64.94415283, -32.37072754 ], [ -64.94404894, -32.37072754 ], [ -64.94404738, -32.37072588 ], [ -64.94391287, -32.37067784 ], [ -64.94390869, -32.37067099 ], [ -64.94386874, -32.37060547 ], [ -64.94373992, -32.3705097 ], [ -64.94361021, -32.3705193 ], [ -64.94337962, -32.37050009 ], [ -64.94335937, -32.37049402 ], [ -64.94335937, -32.3704834 ], [ -64.94332399, -32.3704834 ], [ -64.94328354, -32.37047126 ], [ -64.94320667, -32.37042803 ], [ -64.9431202, -32.37035116 ], [ -64.94307216, -32.37033195 ], [ -64.94303372, -32.37031273 ], [ -64.94296166, -32.37025028 ], [ -64.94287519, -32.37021665 ], [ -64.94271666, -32.37008213 ], [ -64.94269264, -32.36999086 ], [ -64.94270224, -32.36988997 ], [ -64.94270224, -32.36974585 ], [ -64.94272146, -32.36952006 ], [ -64.94271666, -32.36942398 ], [ -64.94270224, -32.36936633 ], [ -64.94268799, -32.36931579 ], [ -64.9426558, -32.36920166 ], [ -64.94262057, -32.36916936 ], [ -64.94256592, -32.36911243 ], [ -64.94253439, -32.36907959 ], [ -64.94250528, -32.36904926 ], [ -64.942414, -32.36905406 ], [ -64.94234674, -32.36905887 ], [ -64.94230351, -32.36910691 ], [ -64.94227468, -32.36915495 ], [ -64.94214978, -32.36918858 ], [ -64.94201046, -32.3692174 ], [ -64.94196658, -32.3692627 ], [ -64.9418335, -32.3692627 ], [ -64.94158936, -32.3692627 ], [ -64.94146729, -32.3692627 ], [ -64.94128418, -32.3692627 ], [ -64.94117574, -32.36937113 ], [ -64.9410016, -32.36937113 ], [ -64.94086229, -32.36935192 ], [ -64.94080464, -32.36934231 ], [ -64.94077581, -32.36929427 ], [ -64.94073486, -32.3692627 ], [ -64.94071336, -32.36924623 ], [ -64.94062689, -32.36922701 ], [ -64.94054041, -32.36915975 ], [ -64.940526, -32.36904446 ], [ -64.94050198, -32.3689724 ], [ -64.94049072, -32.36894425 ], [ -64.94044433, -32.36883788 ], [ -64.94034142, -32.36871338 ], [ -64.94030501, -32.36867454 ], [ -64.94025217, -32.3686217 ], [ -64.94017172, -32.36853027 ], [ -64.94014648, -32.3685016 ], [ -64.94002638, -32.36846797 ], [ -64.93990628, -32.36846797 ], [ -64.93977217, -32.36843595 ], [ -64.93972372, -32.36840071 ], [ -64.93963725, -32.36832865 ], [ -64.93963623, -32.36832773 ], [ -64.93963623, -32.36828613 ], [ -64.93951416, -32.36816406 ], [ -64.93942587, -32.36802119 ], [ -64.93939209, -32.36798096 ], [ -64.93933459, -32.3679107 ], [ -64.93927214, -32.36784824 ], [ -64.93919047, -32.36778579 ], [ -64.93911361, -32.36771373 ], [ -64.93908691, -32.36768825 ], [ -64.93900991, -32.36761475 ], [ -64.93900792, -32.36761284 ], [ -64.93896484, -32.36754628 ], [ -64.93889903, -32.36743164 ], [ -64.93888782, -32.36741107 ], [ -64.93883497, -32.36737745 ], [ -64.93867163, -32.36736784 ], [ -64.93856114, -32.36730538 ], [ -64.93854673, -32.36730538 ], [ -64.93835065, -32.36724469 ], [ -64.93829346, -32.3671875 ], [ -64.93827844, -32.3671875 ], [ -64.93822966, -32.36714685 ], [ -64.93822005, -32.36714685 ], [ -64.93813838, -32.36711322 ], [ -64.93802789, -32.36710361 ], [ -64.9380222, -32.36709935 ], [ -64.93798828, -32.36706543 ], [ -64.93794453, -32.36706543 ], [ -64.93787416, -32.36705077 ], [ -64.93777808, -32.3670892 ], [ -64.93775406, -32.36713244 ], [ -64.93771082, -32.36723813 ], [ -64.93771082, -32.3673294 ], [ -64.9378069, -32.36739666 ], [ -64.93793181, -32.36741588 ], [ -64.93801348, -32.3674399 ], [ -64.93811916, -32.36748794 ], [ -64.93829346, -32.36752062 ], [ -64.93831613, -32.36758882 ], [ -64.93841553, -32.36761475 ], [ -64.9385376, -32.36761475 ], [ -64.9386301, -32.36770725 ], [ -64.93866683, -32.3677954 ], [ -64.93880134, -32.36798756 ], [ -64.93884277, -32.36803855 ], [ -64.93884277, -32.36816406 ], [ -64.93891072, -32.36823201 ], [ -64.93896484, -32.36842531 ], [ -64.93896484, -32.36853027 ], [ -64.93901551, -32.36860628 ], [ -64.93903194, -32.36866493 ], [ -64.93909919, -32.368737 ], [ -64.93920008, -32.36879945 ], [ -64.9392601, -32.36881561 ], [ -64.93927002, -32.36883545 ], [ -64.93939209, -32.36895752 ], [ -64.93942781, -32.36899324 ], [ -64.93944989, -32.36903004 ], [ -64.93949112, -32.36905655 ], [ -64.93951416, -32.36907959 ], [ -64.93953608, -32.36907959 ], [ -64.93958921, -32.3690973 ], [ -64.9396949, -32.36919819 ], [ -64.93978137, -32.36927025 ], [ -64.93980059, -32.36929907 ], [ -64.93981934, -32.3693205 ], [ -64.93981934, -32.36938477 ], [ -64.93993254, -32.36949797 ], [ -64.93993991, -32.36952006 ], [ -64.93993623, -32.36963408 ], [ -64.93981934, -32.36975098 ], [ -64.93981934, -32.36993408 ], [ -64.93981934, -32.37000699 ], [ -64.939815, -32.37003409 ], [ -64.93981934, -32.37005615 ], [ -64.93985343, -32.37025508 ], [ -64.93995432, -32.37030793 ], [ -64.94006348, -32.37036133 ], [ -64.94018555, -32.37036133 ], [ -64.94030762, -32.37036133 ], [ -64.94036865, -32.37036133 ], [ -64.94049072, -32.37036133 ], [ -64.94061279, -32.37036133 ], [ -64.94068836, -32.37036133 ], [ -64.94075179, -32.37037999 ], [ -64.94083346, -32.37037999 ], [ -64.9410016, -32.37036557 ], [ -64.94110249, -32.37037038 ], [ -64.94118416, -32.37036557 ], [ -64.94128418, -32.37039891 ], [ -64.94128418, -32.3704834 ], [ -64.9413875, -32.3704834 ], [ -64.94140625, -32.37052793 ], [ -64.94140625, -32.37060547 ], [ -64.94134726, -32.37066446 ], [ -64.94128418, -32.37072754 ], [ -64.94116211, -32.37072754 ], [ -64.94104004, -32.37072754 ], [ -64.94091797, -32.37072754 ], [ -64.94085693, -32.37072754 ], [ -64.94073486, -32.37060547 ], [ -64.94061279, -32.37060547 ], [ -64.94049072, -32.37060547 ], [ -64.94030762, -32.37072754 ], [ -64.94018555, -32.37072754 ], [ -64.94006348, -32.37072754 ], [ -64.93994141, -32.37072754 ], [ -64.93981934, -32.37072754 ], [ -64.93973333, -32.3706346 ], [ -64.93963623, -32.37060547 ], [ -64.93951416, -32.3704834 ], [ -64.93946911, -32.37040401 ], [ -64.93939705, -32.37030793 ], [ -64.93935861, -32.37016861 ], [ -64.93927002, -32.37005615 ], [ -64.93919528, -32.36998605 ], [ -64.9391088, -32.3699284 ], [ -64.93905596, -32.36981791 ], [ -64.93896484, -32.36981201 ], [ -64.93884277, -32.36981201 ], [ -64.93877956, -32.36978041 ], [ -64.9387207, -32.36975098 ], [ -64.93865967, -32.36975098 ], [ -64.93842182, -32.36964977 ], [ -64.93829346, -32.36962891 ], [ -64.93817139, -32.36962891 ], [ -64.93811035, -32.36962891 ], [ -64.93800865, -32.36954566 ], [ -64.93795117, -32.36952267 ], [ -64.93786621, -32.36950684 ], [ -64.93775573, -32.36946902 ], [ -64.93772493, -32.36945605 ], [ -64.93768292, -32.36943837 ], [ -64.93766603, -32.36943098 ], [ -64.93801832, -32.37028968 ], [ -64.94055477, -32.37549609 ], [ -64.94300841, -32.37595354 ], [ -64.94378662, -32.37609863 ], [ -64.94479675, -32.37643534 ], [ -64.94543457, -32.37664795 ], [ -64.94702148, -32.37774658 ], [ -64.94873047, -32.37786865 ], [ -64.95019531, -32.37896729 ], [ -64.95214844, -32.37884521 ], [ -64.9543457, -32.37927246 ], [ -64.95776367, -32.38037109 ], [ -64.96118164, -32.38146973 ], [ -64.96490479, -32.38183594 ], [ -64.96612549, -32.38238525 ], [ -64.96875, -32.38256836 ], [ -64.9699707, -32.38433838 ], [ -64.97064209, -32.38568115 ], [ -64.97064209, -32.38708496 ], [ -64.97198486, -32.38830566 ], [ -64.97351074, -32.38873291 ], [ -64.97558594, -32.3885498 ], [ -64.97747803, -32.38830566 ], [ -64.97888184, -32.38842773 ], [ -64.98120117, -32.3885498 ], [ -64.98297119, -32.38928223 ], [ -64.98339844, -32.3894043 ], [ -64.98547363, -32.38995361 ], [ -64.98760986, -32.38952637 ], [ -64.98768287, -32.38952637 ], [ -64.98931885, -32.38952637 ], [ -64.99151611, -32.38983154 ], [ -64.99420166, -32.38995361 ], [ -64.99749756, -32.390625 ], [ -65.00056033, -32.39113671 ], [ -65.00350969, -32.39240575 ], [ -65.00628662, -32.39282227 ], [ -65.00836262, -32.39327529 ], [ -65.01037598, -32.39324951 ], [ -65.01228727, -32.39333404 ], [ -65.01385498, -32.3939209 ], [ -65.01422119, -32.39117432 ], [ -65.01495361, -32.38800049 ], [ -65.01515407, -32.38653044 ] ] ] ] } },
{ "type": "Feature", "properties": { "circuito": "00083", "codprov": "19", "coddepto": "007" }, "geometry": { "type": "MultiPolygon", "coordinates": [ [ [ [ -65.81206501, -32.13018107 ], [ -65.82756838, -32.13150268 ], [ -65.84307665, -32.13022331 ], [ -65.85799257, -32.12639223 ], [ -65.87174184, -32.12015697 ], [ -65.88379537, -32.1117576 ], [ -65.89368966, -32.10151742 ], [ -65.90104475, -32.08983052 ], [ -65.9055787, -32.07714645 ], [ -65.90711835, -32.06395298 ], [ -65.90504251, -32.04917068 ], [ -65.90110047, -32.03806619 ], [ -65.89377656, -32.02636728 ], [ -65.88391624, -32.01610964 ], [ -65.8718987, -32.00768692 ], [ -65.85818554, -32.00142228 ], [ -65.84330301, -31.99755601 ], [ -65.82782198, -31.99623638 ], [ -65.8123361, -31.99751399 ], [ -65.79743924, -32.00133984 ], [ -65.78370277, -32.00756721 ], [ -65.77165386, -32.01595722 ], [ -65.76175528, -32.02618798 ], [ -65.75438765, -32.03786687 ], [ -65.74983484, -32.05054553 ], [ -65.74827285, -32.06373703 ], [ -65.749763, -32.07693454 ], [ -65.75424928, -32.0896308 ], [ -65.76156039, -32.10133761 ], [ -65.77141609, -32.11160461 ], [ -65.78343791, -32.12003673 ], [ -65.79716361, -32.12630939 ], [ -65.81206501, -32.13018107 ] ] ] ] } },
{ "type": "Feature", "properties": { "circuito": "00080", "codprov": "19", "coddepto": "007" }, "geometry": { "type": "MultiPolygon", "coordinates": [ [ [ [ -66.03837222, -32.5566382 ], [ -66.05395178, -32.55793194 ], [ -66.06952979, -32.55662483 ], [ -66.07036372, -32.55641008 ], [ -66.11086254, -32.53761286 ], [ -66.12030893, -32.52782993 ], [ -66.12766935, -32.5161306 ], [ -66.13219289, -32.50343927 ], [ -66.13370684, -32.49024396 ], [ -66.13215431, -32.47705186 ], [ -66.12759627, -32.46436982 ], [ -66.12020896, -32.4526849 ], [ -66.11027702, -32.44244568 ], [ -66.09818237, -32.4340451 ], [ -66.08438953, -32.42780546 ], [ -66.08438953, -32.42780546 ], [ -66.06942783, -32.42396608 ], [ -66.05387112, -32.42267421 ], [ -66.03831595, -32.42397939 ], [ -66.02335881, -32.42783156 ], [ -66.00957338, -32.434083 ], [ -65.99706952, -32.44130112 ], [ -65.98756894, -32.45274166 ], [ -65.98019554, -32.46443292 ], [ -65.97565259, -32.47711887 ], [ -65.97423813, -32.48926221 ], [ -65.97564548, -32.50350636 ], [ -65.98018419, -32.51619383 ], [ -65.9875586, -32.52788686 ], [ -65.99748605, -32.53813563 ], [ -66.0095853, -32.54654574 ], [ -66.02339112, -32.55279345 ], [ -66.03837222, -32.5566382 ] ] ] ] } },
{ "type": "Feature", "properties": { "circuito": "00087", "codprov": "19", "coddepto": "007" }, "geometry": { "type": "MultiPolygon", "coordinates": [ [ [ [ -66.69247516, -32.43918118 ], [ -66.72374412, -32.43933008 ], [ -66.7399839, -32.43959453 ], [ -66.74688253, -32.43970686 ], [ -66.74712993, -32.43944144 ], [ -66.74713105, -32.43944144 ], [ -66.75095858, -32.43548012 ], [ -66.75831367, -32.42379321 ], [ -66.76284762, -32.41110915 ], [ -66.76438727, -32.39791568 ], [ -66.76231143, -32.38313338 ], [ -66.75836939, -32.37202888 ], [ -66.75104547, -32.36032998 ], [ -66.74118516, -32.35007234 ], [ -66.72916762, -32.34164962 ], [ -66.71545445, -32.33538498 ], [ -66.70057192, -32.33151871 ], [ -66.68509089, -32.33019907 ], [ -66.66960502, -32.33147668 ], [ -66.65470815, -32.33530254 ], [ -66.64097169, -32.3415299 ], [ -66.62892278, -32.34991992 ], [ -66.61902419, -32.36015068 ], [ -66.61165657, -32.37182957 ], [ -66.60710375, -32.38450823 ], [ -66.60554177, -32.39769973 ], [ -66.60703191, -32.41089724 ], [ -66.6115182, -32.4235935 ], [ -66.61882931, -32.4353003 ], [ -66.62109304, -32.43765851 ], [ -66.62223363, -32.43884669 ], [ -66.69247516, -32.43918118 ] ] ] ] } },
{ "type": "Feature", "properties": { "circuito": "0083A", "codprov": "19", "coddepto": "007" }, "geometry": { "type": "MultiPolygon", "coordinates": [ [ [ [ -65.89646718, -31.90728671 ], [ -65.89543743, -31.90731178 ], [ -65.88952894, -31.90725202 ], [ -65.88731761, -31.90725202 ], [ -65.88348181, -31.90545154 ], [ -65.8678595, -31.89914529 ], [ -65.86386371, -31.89890289 ], [ -65.86269942, -31.89898605 ], [ -65.85923849, -31.89790451 ], [ -65.85672879, -31.89726454 ], [ -65.84384679, -31.89579607 ], [ -65.83866506, -31.89570224 ], [ -65.83664367, -31.89575155 ], [ -65.8353808, -31.89564278 ], [ -65.83460243, -31.89562868 ], [ -65.83068663, -31.89527357 ], [ -65.83053411, -31.89525974 ], [ -65.83035447, -31.89520986 ], [ -65.83019838, -31.89519642 ], [ -65.82601986, -31.89401937 ], [ -65.82256522, -31.89361189 ], [ -65.82135143, -31.89343491 ], [ -65.81831479, -31.89305612 ], [ -65.81681705, -31.89277375 ], [ -65.81483961, -31.89248542 ], [ -65.80650233, -31.89086723 ], [ -65.80527592, -31.89068459 ], [ -65.79944683, -31.89000131 ], [ -65.79589371, -31.88952818 ], [ -65.7925877, -31.88939505 ], [ -65.79106114, -31.88934361 ], [ -65.78632855, -31.88926248 ], [ -65.78465319, -31.88912768 ], [ -65.78010276, -31.88897434 ], [ -65.77089944, -31.88866422 ], [ -65.77008023, -31.88863661 ], [ -65.77004032, -31.88863933 ], [ -65.7520956, -31.88986358 ], [ -65.73892643, -31.89076202 ], [ -65.73891011, -31.89091759 ], [ -65.73832468, -31.89586171 ], [ -65.73981483, -31.90905922 ], [ -65.74430111, -31.92175548 ], [ -65.75161222, -31.93346229 ], [ -65.76146793, -31.94372929 ], [ -65.77348975, -31.95216141 ], [ -65.78721545, -31.95843407 ], [ -65.80211685, -31.96230575 ], [ -65.81762021, -31.96362736 ], [ -65.83312848, -31.96234799 ], [ -65.8480444, -31.95851691 ], [ -65.86179368, -31.95228165 ], [ -65.8738472, -31.94388228 ], [ -65.8837415, -31.9336421 ], [ -65.89109659, -31.9219552 ], [ -65.89523848, -31.91036795 ], [ -65.89513754, -31.9103892 ], [ -65.89646718, -31.90728671 ] ] ] ] } },
{ "type": "Feature", "properties": { "circuito": "00100", "codprov": "19", "coddepto": "008" }, "geometry": { "type": "MultiPolygon", "coordinates": [ [ [ [ -66.24561673, -32.9863687 ], [ -66.24837494, -32.98756418 ], [ -66.2486094, -32.98751353 ], [ -66.25258144, -32.98665547 ], [ -66.25932312, -32.98519909 ], [ -66.25989115, -32.98550147 ], [ -66.26309967, -32.98720942 ], [ -66.26210022, -32.99208836 ], [ -66.25968819, -32.99433015 ], [ -66.25950602, -32.99449945 ], [ -66.25820923, -32.99570465 ], [ -66.25354767, -32.99843594 ], [ -66.24892426, -33.00121301 ], [ -66.24005127, -33.00719057 ], [ -66.23989797, -33.0073155 ], [ -66.23596954, -33.01051695 ], [ -66.23167419, -33.01365259 ], [ -66.22832307, -33.01616594 ], [ -66.22325897, -33.02015276 ], [ -66.21975708, -33.02386442 ], [ -66.21643528, -33.02995874 ], [ -66.2157669, -33.03113292 ], [ -66.21540562, -33.03201807 ], [ -66.21490713, -33.03364466 ], [ -66.21487045, -33.03596284 ], [ -66.21487078, -33.03679789 ], [ -66.21509852, -33.03774445 ], [ -66.21549594, -33.03926186 ], [ -66.21578142, -33.04003179 ], [ -66.21609206, -33.04086958 ], [ -66.21794574, -33.04523791 ], [ -66.22539526, -33.05691573 ], [ -66.23540915, -33.06714451 ], [ -66.24760281, -33.07553061 ], [ -66.26150739, -33.08175119 ], [ -66.27658776, -33.08556674 ], [ -66.29226325, -33.08683032 ], [ -66.30793011, -33.08549327 ], [ -66.32298494, -33.08160709 ], [ -66.33684807, -33.07532146 ], [ -66.348986, -33.0668784 ], [ -66.35893203, -33.05660294 ], [ -66.36630422, -33.04489051 ], [ -66.37082005, -33.03219167 ], [ -66.37230711, -33.01899474 ], [ -66.37070961, -33.00580697 ], [ -66.36609026, -32.99313502 ], [ -66.35888946, -32.98187496 ], [ -66.25891282, -32.95781017 ], [ -66.24728868, -32.96307841 ], [ -66.23515513, -32.9715117 ], [ -66.22578822, -32.98117491 ], [ -66.22520415, -32.98177746 ], [ -66.22410732, -32.98351584 ], [ -66.22396482, -32.98375623 ], [ -66.22388899, -32.98388415 ], [ -66.22711947, -32.98432154 ], [ -66.23223239, -32.98471934 ], [ -66.23278018, -32.98476196 ], [ -66.23844091, -32.9851931 ], [ -66.24367233, -32.98552594 ], [ -66.24561673, -32.9863687 ] ] ] ] } },
{ "type": "Feature", "properties": { "circuito": "00072", "codprov": "19", "coddepto": "006" }, "geometry": { "type": "MultiPolygon", "coordinates": [ [ [ [ -64.93294073, -32.40417251 ], [ -64.93326267, -32.40630111 ], [ -64.93384191, -32.40954618 ], [ -64.93390795, -32.40989602 ], [ -64.9339769, -32.41030245 ], [ -64.93424318, -32.41179421 ], [ -64.93426255, -32.41182794 ], [ -64.93535756, -32.41373441 ], [ -64.93627045, -32.41650517 ], [ -64.93737651, -32.41985899 ], [ -64.93750001, -32.42075805 ], [ -64.93819367, -32.42580881 ], [ -64.93820016, -32.42585566 ], [ -64.93820185, -32.42586787 ], [ -64.93820214, -32.42586998 ], [ -64.93821602, -32.42597023 ], [ -64.93821651, -32.42597147 ], [ -64.93825834, -32.42596657 ], [ -64.95139313, -32.42401038 ], [ -64.95266724, -32.42483434 ], [ -64.95400925, -32.42562277 ], [ -64.95419312, -32.42573079 ], [ -64.95648956, -32.42670734 ], [ -64.96059418, -32.42694384 ], [ -64.96434021, -32.42840486 ], [ -64.96686554, -32.4301863 ], [ -64.96865845, -32.43060209 ], [ -64.97104645, -32.43062117 ], [ -64.97292622, -32.4304565 ], [ -64.97387695, -32.43037322 ], [ -64.97610474, -32.42991546 ], [ -64.9803772, -32.43001845 ], [ -64.98158831, -32.43014936 ], [ -64.9830099, -32.43030302 ], [ -64.98584747, -32.43060972 ], [ -64.98720551, -32.43102934 ], [ -64.9873519, -32.43099166 ], [ -64.98901367, -32.43056395 ], [ -64.99105835, -32.43078901 ], [ -64.99353027, -32.43148328 ], [ -64.9988327, -32.43180371 ], [ -65.00191498, -32.43168164 ], [ -65.00662231, -32.43097593 ], [ -65.00860596, -32.42970184 ], [ -65.01023102, -32.42916779 ], [ -65.01307678, -32.42763048 ], [ -65.01462555, -32.42668826 ], [ -65.01651001, -32.42656619 ], [ -65.01907349, -32.42604359 ], [ -65.02246047, -32.4261874 ], [ -65.0855271, -32.42886526 ], [ -65.08616674, -32.4247076 ], [ -65.08694137, -32.41502469 ], [ -65.08616674, -32.40708471 ], [ -65.08461748, -32.400694 ], [ -65.08306821, -32.39565889 ], [ -65.07996968, -32.39023646 ], [ -65.07784661, -32.38492879 ], [ -65.07757568, -32.38525391 ], [ -65.07714844, -32.38580322 ], [ -65.07678223, -32.38623047 ], [ -65.07642109, -32.38667918 ], [ -65.07557334, -32.38761809 ], [ -65.07484408, -32.38836558 ], [ -65.07416953, -32.3890219 ], [ -65.07372286, -32.38945034 ], [ -65.07318115, -32.38995361 ], [ -65.07104492, -32.39196777 ], [ -65.04568858, -32.39176942 ], [ -65.02423096, -32.39160156 ], [ -65.01879883, -32.39215088 ], [ -65.01605225, -32.39379883 ], [ -65.01397705, -32.3939209 ], [ -65.01385498, -32.3939209 ], [ -65.01228727, -32.39333404 ], [ -65.01037598, -32.39324951 ], [ -65.00836262, -32.39327529 ], [ -65.00628662, -32.39282227 ], [ -65.00350969, -32.39240575 ], [ -65.00056033, -32.39113671 ], [ -64.99749756, -32.390625 ], [ -64.99420166, -32.38995361 ], [ -64.99151611, -32.38983154 ], [ -64.98931885, -32.38952637 ], [ -64.98768287, -32.38952637 ], [ -64.98760986, -32.38952637 ], [ -64.98547363, -32.38995361 ], [ -64.98339844, -32.3894043 ], [ -64.98297119, -32.38928223 ], [ -64.98120117, -32.3885498 ], [ -64.97888184, -32.38842773 ], [ -64.97747803, -32.38830566 ], [ -64.97558594, -32.3885498 ], [ -64.97351074, -32.38873291 ], [ -64.97198486, -32.38830566 ], [ -64.97064209, -32.38708496 ], [ -64.97064209, -32.38568115 ], [ -64.9699707, -32.38433838 ], [ -64.96875, -32.38256836 ], [ -64.96612549, -32.38238525 ], [ -64.96490479, -32.38183594 ], [ -64.96118164, -32.38146973 ], [ -64.95776367, -32.38037109 ], [ -64.9543457, -32.37927246 ], [ -64.95214844, -32.37884521 ], [ -64.95019531, -32.37896729 ], [ -64.94873047, -32.37786865 ], [ -64.94702148, -32.37774658 ], [ -64.94543457, -32.37664795 ], [ -64.94479675, -32.37643534 ], [ -64.94378662, -32.37609863 ], [ -64.94300841, -32.37595354 ], [ -64.93916207, -32.38049922 ], [ -64.93584173, -32.38547973 ], [ -64.93267231, -32.39166765 ], [ -64.93110153, -32.39613832 ], [ -64.93110166, -32.39613867 ], [ -64.9310883, -32.39617655 ], [ -64.93109727, -32.39620025 ], [ -64.93111166, -32.39623784 ], [ -64.93217529, -32.39901778 ], [ -64.93284144, -32.40351625 ], [ -64.93294073, -32.40417251 ] ] ] ] } },
{ "type": "Feature", "properties": { "circuito": "00063", "codprov": "19", "coddepto": "006" }, "geometry": { "type": "MultiPolygon", "coordinates": [ [ [ [ -65.1322098, -32.32333723 ], [ -65.12913645, -32.33169528 ], [ -65.1290877, -32.33208312 ], [ -65.12747947, -32.34487724 ], [ -65.12888364, -32.35808032 ], [ -65.13329629, -32.37079706 ], [ -65.14054897, -32.3825385 ], [ -65.15036375, -32.39285296 ], [ -65.16236374, -32.40134354 ], [ -65.17608758, -32.4076834 ], [ -65.19100719, -32.41162842 ], [ -65.20272902, -32.41268324 ], [ -65.22211188, -32.41182429 ], [ -65.23709904, -32.40806754 ], [ -65.25093254, -32.4019011 ], [ -65.26308, -32.39356237 ], [ -65.27307429, -32.38337234 ], [ -65.28053156, -32.37172317 ], [ -65.28516594, -32.35906299 ], [ -65.2868004, -32.34587865 ], [ -65.2853734, -32.33267696 ], [ -65.2809411, -32.31996516 ], [ -65.27367493, -32.30823149 ], [ -65.26385489, -32.29792641 ], [ -65.25185865, -32.28944541 ], [ -65.23814701, -32.28311387 ], [ -65.2347308, -32.28221075 ], [ -65.22516871, -32.27968288 ], [ -65.2232462, -32.27917464 ], [ -65.22241628, -32.27911164 ], [ -65.21902442, -32.27885416 ], [ -65.21902335, -32.27885408 ], [ -65.21902412, -32.27885573 ], [ -65.21904624, -32.27890274 ], [ -65.21905476, -32.27892085 ], [ -65.21920917, -32.27924897 ], [ -65.21926729, -32.2796558 ], [ -65.21926866, -32.27966537 ], [ -65.21915604, -32.27991313 ], [ -65.21914887, -32.2799289 ], [ -65.21891014, -32.28045412 ], [ -65.21883025, -32.28062987 ], [ -65.21880739, -32.28065672 ], [ -65.21879262, -32.28067406 ], [ -65.21878999, -32.28069847 ], [ -65.21878718, -32.28072463 ], [ -65.21869013, -32.28093813 ], [ -65.21867379, -32.28097408 ], [ -65.21831687, -32.28168791 ], [ -65.21807893, -32.28234227 ], [ -65.21807893, -32.28272118 ], [ -65.21807893, -32.28280977 ], [ -65.21807893, -32.28281816 ], [ -65.21843585, -32.28341302 ], [ -65.21851176, -32.2838796 ], [ -65.21855482, -32.28418635 ], [ -65.21855482, -32.2852571 ], [ -65.21849533, -32.28579248 ], [ -65.21832259, -32.28636829 ], [ -65.21831687, -32.28638735 ], [ -65.21748406, -32.28692273 ], [ -65.21743844, -32.28695314 ], [ -65.2173056, -32.2870417 ], [ -65.21707015, -32.28717625 ], [ -65.2168892, -32.28727965 ], [ -65.21678349, -32.28731136 ], [ -65.21661111, -32.28736307 ], [ -65.21630818, -32.28745395 ], [ -65.21629433, -32.28745811 ], [ -65.21621814, -32.28756477 ], [ -65.21602683, -32.28783261 ], [ -65.2159969, -32.28787451 ], [ -65.21594302, -32.28800023 ], [ -65.21581844, -32.28829092 ], [ -65.21492614, -32.28846938 ], [ -65.21445025, -32.28912373 ], [ -65.21433127, -32.28965911 ], [ -65.21409977, -32.29000637 ], [ -65.21397436, -32.29019449 ], [ -65.21392132, -32.29036685 ], [ -65.21373641, -32.29096781 ], [ -65.21328885, -32.29125262 ], [ -65.21308206, -32.29138422 ], [ -65.21284411, -32.29168165 ], [ -65.21285851, -32.29188316 ], [ -65.2129036, -32.29251446 ], [ -65.2129036, -32.29252605 ], [ -65.2129036, -32.29318978 ], [ -65.2129036, -32.2932283 ], [ -65.21264254, -32.293646 ], [ -65.21260617, -32.29370419 ], [ -65.21306041, -32.29471362 ], [ -65.21314154, -32.29489392 ], [ -65.21314154, -32.29510766 ], [ -65.21314154, -32.29571247 ], [ -65.21314154, -32.29572673 ], [ -65.21302257, -32.29638109 ], [ -65.21297947, -32.29685524 ], [ -65.21290858, -32.297635 ], [ -65.21290436, -32.29768144 ], [ -65.2129036, -32.29768979 ], [ -65.21218976, -32.29840363 ], [ -65.21210039, -32.2987611 ], [ -65.2120113, -32.29911747 ], [ -65.21142561, -32.29952745 ], [ -65.21141644, -32.29953387 ], [ -65.21076208, -32.2998313 ], [ -65.21076131, -32.29983113 ], [ -65.2102267, -32.29971233 ], [ -65.21021631, -32.29972064 ], [ -65.20963184, -32.30018822 ], [ -65.2094124, -32.30057225 ], [ -65.20921433, -32.30091887 ], [ -65.20915595, -32.30102103 ], [ -65.2086764, -32.30145263 ], [ -65.20867608, -32.30145292 ], [ -65.20856108, -32.30155641 ], [ -65.20842591, -32.30173317 ], [ -65.20778776, -32.30256768 ], [ -65.2076149, -32.30354718 ], [ -65.2076093, -32.30357896 ], [ -65.20764159, -32.30371621 ], [ -65.20781412, -32.30444947 ], [ -65.20782345, -32.30454797 ], [ -65.20784724, -32.30466362 ], [ -65.20784724, -32.30479173 ], [ -65.20784724, -32.30518509 ], [ -65.20784724, -32.3056671 ], [ -65.20784724, -32.3060179 ], [ -65.20782305, -32.30612677 ], [ -65.20773111, -32.30654049 ], [ -65.20772827, -32.30655328 ], [ -65.207919, -32.30675868 ], [ -65.20841445, -32.30729224 ], [ -65.2085016, -32.30738609 ], [ -65.2088132, -32.30774963 ], [ -65.20885677, -32.30780046 ], [ -65.20921543, -32.3082189 ], [ -65.20923184, -32.30826483 ], [ -65.20923473, -32.30827292 ], [ -65.20930955, -32.30848244 ], [ -65.20951287, -32.30905172 ], [ -65.20954292, -32.30924709 ], [ -65.20956095, -32.30936428 ], [ -65.20959228, -32.30956788 ], [ -65.20963184, -32.30982504 ], [ -65.20963057, -32.30983456 ], [ -65.20957944, -32.31021802 ], [ -65.20957315, -32.3102652 ], [ -65.20951287, -32.31071734 ], [ -65.20951287, -32.31077147 ], [ -65.20951287, -32.3110643 ], [ -65.20951287, -32.31119323 ], [ -65.20951287, -32.3122045 ], [ -65.20951287, -32.31231745 ], [ -65.20951287, -32.31260957 ], [ -65.20951287, -32.31286185 ], [ -65.20951287, -32.31297783 ], [ -65.20950771, -32.31299329 ], [ -65.20944725, -32.31317467 ], [ -65.20921543, -32.31387012 ], [ -65.20923912, -32.31420176 ], [ -65.20925709, -32.31445336 ], [ -65.20927492, -32.31470293 ], [ -65.209239, -32.31538546 ], [ -65.20921543, -32.31583318 ], [ -65.20903697, -32.31696342 ], [ -65.20963184, -32.31827213 ], [ -65.20931196, -32.3189119 ], [ -65.20903697, -32.31946186 ], [ -65.2090382, -32.31948142 ], [ -65.2090822, -32.32018554 ], [ -65.20909646, -32.32041364 ], [ -65.20921543, -32.32088953 ], [ -65.20902251, -32.32127539 ], [ -65.20885851, -32.32160337 ], [ -65.20868006, -32.32267413 ], [ -65.20876171, -32.32304156 ], [ -65.20879903, -32.32320951 ], [ -65.20889517, -32.32328817 ], [ -65.20917318, -32.32351563 ], [ -65.20945338, -32.32374489 ], [ -65.20950155, -32.32378235 ], [ -65.20998876, -32.32416129 ], [ -65.21034785, -32.32444343 ], [ -65.21063614, -32.32466995 ], [ -65.21082157, -32.32481564 ], [ -65.21089545, -32.32491168 ], [ -65.21105594, -32.32512032 ], [ -65.21108065, -32.32513912 ], [ -65.21123491, -32.32535299 ], [ -65.21141644, -32.32558897 ], [ -65.21140156, -32.32558754 ], [ -65.19383779, -32.32389831 ], [ -65.18525643, -32.32307298 ], [ -65.17497936, -32.32208456 ], [ -65.16988716, -32.32159481 ], [ -65.14289069, -32.31899837 ], [ -65.13436853, -32.31817873 ], [ -65.13428489, -32.31836036 ], [ -65.13400799, -32.31883504 ], [ -65.13378962, -32.3190409 ], [ -65.13362199, -32.31949676 ], [ -65.13349298, -32.31971793 ], [ -65.13349548, -32.3198408 ], [ -65.1322098, -32.32333723 ] ] ] ] } },
{ "type": "Feature", "properties": { "circuito": "00026", "codprov": "19", "coddepto": "002" }, "geometry": { "type": "MultiPolygon", "coordinates": [ [ [ [ -66.22729039, -33.17111229 ], [ -66.22860357, -33.16919697 ], [ -66.22860147, -33.16918462 ], [ -66.22848022, -33.1684717 ], [ -66.22830297, -33.16742957 ], [ -66.22771788, -33.16398944 ], [ -66.22693701, -33.15939824 ], [ -66.22542987, -33.15053682 ], [ -66.22535686, -33.15010757 ], [ -66.2253426, -33.15002369 ], [ -66.22533296, -33.15000726 ], [ -66.22494614, -33.14934788 ], [ -66.22486453, -33.14920877 ], [ -66.22478574, -33.14907447 ], [ -66.22424151, -33.14814676 ], [ -66.22255655, -33.14527453 ], [ -66.22035891, -33.14152837 ], [ -66.21874139, -33.13877112 ], [ -66.21758322, -33.13679687 ], [ -66.21698831, -33.13578278 ], [ -66.21663582, -33.1351819 ], [ -66.21663242, -33.13502261 ], [ -66.21662986, -33.13490233 ], [ -66.21659502, -33.13490233 ], [ -66.21586648, -33.13490233 ], [ -66.21474074, -33.13308382 ], [ -66.21475754, -33.12343844 ], [ -66.21476927, -33.11670568 ], [ -66.21479361, -33.10273776 ], [ -66.21482601, -33.08413557 ], [ -66.21457749, -33.08413768 ], [ -66.119497, -33.08490739 ], [ -66.09553865, -33.08508968 ], [ -66.09624669, -33.14586826 ], [ -66.09321941, -33.14587043 ], [ -66.06905757, -33.14558603 ], [ -66.06896544, -33.14558494 ], [ -66.0600102, -33.14547953 ], [ -66.05647743, -33.14543795 ], [ -66.05647333, -33.14589284 ], [ -66.0564293, -33.14589287 ], [ -66.05611524, -33.15696824 ], [ -66.05059034, -33.15675416 ], [ -66.04230559, -33.15643314 ], [ -66.04230807, -33.15653774 ], [ -66.04309535, -33.18982745 ], [ -66.04328948, -33.19803228 ], [ -66.08055074, -33.19801259 ], [ -66.08808907, -33.1980086 ], [ -66.10497873, -33.19799563 ], [ -66.10597186, -33.22230479 ], [ -66.10597191, -33.22230601 ], [ -66.12313072, -33.23102943 ], [ -66.13620609, -33.23767364 ], [ -66.13626888, -33.23767587 ], [ -66.13949414, -33.23779028 ], [ -66.1498972, -33.23815694 ], [ -66.15137276, -33.23648891 ], [ -66.14943827, -33.2340708 ], [ -66.14444082, -33.22730007 ], [ -66.14250633, -33.22343108 ], [ -66.13831493, -33.21698277 ], [ -66.13476836, -33.2092448 ], [ -66.13186662, -33.20456977 ], [ -66.12767521, -33.20021716 ], [ -66.12505511, -33.19819254 ], [ -66.15258524, -33.18946647 ], [ -66.15419728, -33.19107852 ], [ -66.15568533, -33.19256656 ], [ -66.15742138, -33.1936826 ], [ -66.15903343, -33.19467463 ], [ -66.16076948, -33.19417861 ], [ -66.16200952, -33.19405461 ], [ -66.16362157, -33.19541865 ], [ -66.16548162, -33.19628667 ], [ -66.16535762, -33.1972787 ], [ -66.16746568, -33.19926276 ], [ -66.16870572, -33.2006268 ], [ -66.1715578, -33.20211485 ], [ -66.17366587, -33.20335489 ], [ -66.17688748, -33.20351361 ], [ -66.17664939, -33.2050215 ], [ -66.17664939, -33.20645002 ], [ -66.17617322, -33.20724364 ], [ -66.17720493, -33.20843408 ], [ -66.178316, -33.20914834 ], [ -66.17871282, -33.2098626 ], [ -66.17823664, -33.21041814 ], [ -66.17672876, -33.21137049 ], [ -66.17585577, -33.21184666 ], [ -66.17704621, -33.21184666 ], [ -66.17791919, -33.21144985 ], [ -66.17974453, -33.21081495 ], [ -66.18180795, -33.21010069 ], [ -66.18379201, -33.20938643 ], [ -66.18474436, -33.2085928 ], [ -66.18680778, -33.2079579 ], [ -66.18926801, -33.20740237 ], [ -66.19212506, -33.2050215 ], [ -66.19347422, -33.20279935 ], [ -66.19553764, -33.20264062 ], [ -66.19641062, -33.20232317 ], [ -66.19791851, -33.20049784 ], [ -66.19926767, -33.19843442 ], [ -66.20006129, -33.19819633 ], [ -66.201093, -33.19883123 ], [ -66.20156918, -33.20073593 ], [ -66.20164854, -33.20176764 ], [ -66.20220408, -33.201847 ], [ -66.20268025, -33.20264062 ], [ -66.20283898, -33.20359297 ], [ -66.20339451, -33.20446596 ], [ -66.20331515, -33.20518022 ], [ -66.20402219, -33.20470886 ], [ -66.2042675, -33.20454532 ], [ -66.20433979, -33.20458663 ], [ -66.21121126, -33.19456433 ], [ -66.22729039, -33.17111229 ] ] ] ] } },
{ "type": "Feature", "properties": { "circuito": "07004", "codprov": "19", "coddepto": "006" }, "geometry": { "type": "MultiPolygon", "coordinates": [ [ [ [ -65.01853599, -32.31855376 ], [ -65.01849365, -32.31878662 ], [ -65.01818848, -32.31903076 ], [ -65.01794434, -32.31921387 ], [ -65.0177002, -32.31933594 ], [ -65.01696777, -32.32122803 ], [ -65.0168457, -32.32141113 ], [ -65.01654053, -32.32208252 ], [ -65.02178955, -32.32287598 ], [ -65.02905273, -32.32409668 ], [ -65.03552246, -32.32537842 ], [ -65.04193115, -32.32672119 ], [ -65.04467773, -32.32714844 ], [ -65.04620361, -32.32739258 ], [ -65.04837414, -32.32739258 ], [ -65.0489502, -32.32739258 ], [ -65.0526123, -32.32769775 ], [ -65.05279541, -32.32769775 ], [ -65.05291748, -32.32769775 ], [ -65.05303955, -32.32769775 ], [ -65.05334473, -32.32781982 ], [ -65.05358887, -32.32794189 ], [ -65.05358887, -32.328125 ], [ -65.0534668, -32.32836914 ], [ -65.0534668, -32.32849121 ], [ -65.05334473, -32.32891846 ], [ -65.05334473, -32.32904053 ], [ -65.05334473, -32.32922363 ], [ -65.05334473, -32.3293457 ], [ -65.0534668, -32.32946777 ], [ -65.05358887, -32.32946777 ], [ -65.05371094, -32.32946777 ], [ -65.05389404, -32.32946777 ], [ -65.05401611, -32.32946777 ], [ -65.05413818, -32.32946777 ], [ -65.05426025, -32.32946777 ], [ -65.05493164, -32.32958984 ], [ -65.05523682, -32.32971191 ], [ -65.05535889, -32.32977295 ], [ -65.05566406, -32.32989502 ], [ -65.0559082, -32.33001709 ], [ -65.05609131, -32.33013916 ], [ -65.056189, -32.330188 ], [ -65.05633545, -32.33026123 ], [ -65.05645752, -32.33026123 ], [ -65.0567627, -32.33032227 ], [ -65.05688477, -32.33032227 ], [ -65.05718994, -32.33032227 ], [ -65.0579834, -32.33044434 ], [ -65.05810547, -32.33044434 ], [ -65.05877686, -32.33056641 ], [ -65.05883789, -32.33056641 ], [ -65.05895996, -32.33056641 ], [ -65.05950928, -32.33068848 ], [ -65.05975342, -32.33068848 ], [ -65.06060791, -32.33087158 ], [ -65.06072998, -32.33087158 ], [ -65.06085205, -32.33087158 ], [ -65.06152344, -32.33099365 ], [ -65.06170654, -32.33099365 ], [ -65.06237793, -32.33111572 ], [ -65.06280518, -32.33123779 ], [ -65.06292725, -32.33123779 ], [ -65.06304932, -32.33123779 ], [ -65.06347656, -32.33135986 ], [ -65.06359863, -32.3314209 ], [ -65.0637207, -32.3314209 ], [ -65.06390381, -32.3314209 ], [ -65.06402588, -32.3314209 ], [ -65.06414795, -32.3314209 ], [ -65.0645752, -32.33154297 ], [ -65.06469727, -32.33154297 ], [ -65.06481934, -32.33154297 ], [ -65.06512451, -32.33166504 ], [ -65.06555176, -32.33190918 ], [ -65.06555176, -32.33197021 ], [ -65.06567383, -32.33209229 ], [ -65.0657959, -32.33221436 ], [ -65.06610107, -32.3324585 ], [ -65.06646729, -32.33251953 ], [ -65.06658936, -32.33251953 ], [ -65.06689453, -32.3326416 ], [ -65.0670166, -32.33276367 ], [ -65.06732178, -32.33288574 ], [ -65.06744385, -32.33288574 ], [ -65.06774902, -32.33300781 ], [ -65.06799316, -32.33306885 ], [ -65.06811523, -32.33306885 ], [ -65.06829834, -32.33319092 ], [ -65.06854248, -32.33331299 ], [ -65.06896973, -32.33343506 ], [ -65.06921387, -32.33361816 ], [ -65.06939697, -32.33374023 ], [ -65.06939697, -32.3338623 ], [ -65.06939697, -32.33398437 ], [ -65.06939697, -32.33410645 ], [ -65.06939697, -32.33416748 ], [ -65.06939697, -32.33453369 ], [ -65.06939697, -32.33465576 ], [ -65.06939697, -32.3347168 ], [ -65.06939697, -32.33483887 ], [ -65.06939697, -32.33508301 ], [ -65.06939697, -32.33520508 ], [ -65.06939697, -32.33526611 ], [ -65.06939697, -32.33538818 ], [ -65.06939697, -32.33551025 ], [ -65.06939697, -32.33563232 ], [ -65.06951904, -32.33636475 ], [ -65.06951904, -32.33685303 ], [ -65.06951904, -32.33691406 ], [ -65.06951904, -32.33703613 ], [ -65.06951904, -32.3371582 ], [ -65.06951904, -32.33728027 ], [ -65.06951904, -32.33728832 ], [ -65.06951904, -32.33740234 ], [ -65.06951904, -32.33742825 ], [ -65.06951904, -32.33758545 ], [ -65.06951904, -32.33782959 ], [ -65.06951904, -32.33795166 ], [ -65.06951904, -32.33813477 ], [ -65.06951904, -32.33837891 ], [ -65.06951904, -32.33850098 ], [ -65.06951904, -32.33880615 ], [ -65.06951904, -32.33905029 ], [ -65.06951904, -32.33947754 ], [ -65.06951904, -32.33990479 ], [ -65.06957794, -32.34083997 ], [ -65.0695989, -32.34111694 ], [ -65.06964111, -32.3416748 ], [ -65.06976318, -32.34277344 ], [ -65.06988525, -32.34344482 ], [ -65.06994629, -32.34399414 ], [ -65.07006836, -32.34466553 ], [ -65.07019043, -32.34552002 ], [ -65.0703125, -32.34619141 ], [ -65.07045619, -32.34676072 ], [ -65.07061768, -32.34741211 ], [ -65.07073975, -32.34796143 ], [ -65.07086182, -32.34851074 ], [ -65.07073975, -32.34869385 ], [ -65.07183838, -32.34851074 ], [ -65.07208252, -32.34851074 ], [ -65.07226562, -32.34851074 ], [ -65.07250977, -32.34851074 ], [ -65.07281494, -32.34869385 ], [ -65.07305908, -32.34869385 ], [ -65.07318115, -32.34869385 ], [ -65.07348633, -32.34869385 ], [ -65.07373047, -32.34869385 ], [ -65.07403564, -32.34869385 ], [ -65.07427979, -32.34869385 ], [ -65.07446289, -32.34869385 ], [ -65.07501221, -32.34869385 ], [ -65.07525635, -32.34869385 ], [ -65.07550049, -32.34869385 ], [ -65.07568359, -32.34869385 ], [ -65.07592773, -32.34851074 ], [ -65.07623291, -32.34851074 ], [ -65.0769043, -32.34851074 ], [ -65.07745361, -32.34851074 ], [ -65.078125, -32.34851074 ], [ -65.07855225, -32.34851074 ], [ -65.07879639, -32.34851074 ], [ -65.07940674, -32.34838867 ], [ -65.07952881, -32.34838867 ], [ -65.07977295, -32.34838867 ], [ -65.07995605, -32.34838867 ], [ -65.08032227, -32.34838867 ], [ -65.08062744, -32.34838867 ], [ -65.0814209, -32.34838867 ], [ -65.08154297, -32.3482666 ], [ -65.08172607, -32.3482666 ], [ -65.08209229, -32.3482666 ], [ -65.08227539, -32.3482666 ], [ -65.08251953, -32.3482666 ], [ -65.0826416, -32.3482666 ], [ -65.08306885, -32.3482666 ], [ -65.08319092, -32.3482666 ], [ -65.08337402, -32.3482666 ], [ -65.08349609, -32.3482666 ], [ -65.08538818, -32.3482666 ], [ -65.09185791, -32.34771729 ], [ -65.09185791, -32.34759521 ], [ -65.09185791, -32.34741211 ], [ -65.09185791, -32.34674072 ], [ -65.09185791, -32.34649658 ], [ -65.09185791, -32.34619141 ], [ -65.09185791, -32.34576416 ], [ -65.09185791, -32.34527588 ], [ -65.09185791, -32.34484863 ], [ -65.09185791, -32.34442139 ], [ -65.09185791, -32.34399414 ], [ -65.09180128, -32.34308713 ], [ -65.09176558, -32.34246822 ], [ -65.09171797, -32.34203974 ], [ -65.09165846, -32.3412661 ], [ -65.09155273, -32.34033203 ], [ -65.09152753, -32.34006399 ], [ -65.09149183, -32.33970693 ], [ -65.09143066, -32.3392334 ], [ -65.09137281, -32.33876666 ], [ -65.09128949, -32.33817156 ], [ -65.09118652, -32.33758545 ], [ -65.09109906, -32.33706466 ], [ -65.09101574, -32.33657667 ], [ -65.09092053, -32.33610059 ], [ -65.09083721, -32.3356245 ], [ -65.0907658, -32.33533885 ], [ -65.09069439, -32.33498179 ], [ -65.09062297, -32.33463663 ], [ -65.09055156, -32.33422006 ], [ -65.0904541, -32.33374023 ], [ -65.09033203, -32.33319092 ], [ -65.0902302, -32.33270849 ], [ -65.09011118, -32.3322205 ], [ -65.09002787, -32.33186344 ], [ -65.08992075, -32.33150637 ], [ -65.08978983, -32.33100649 ], [ -65.08966064, -32.33056641 ], [ -65.08955178, -32.33022095 ], [ -65.08945657, -32.32991149 ], [ -65.08935547, -32.32958984 ], [ -65.08923043, -32.32918546 ], [ -65.08911133, -32.32879639 ], [ -65.08900429, -32.32839992 ], [ -65.08882576, -32.32787623 ], [ -65.08864722, -32.32734064 ], [ -65.08846869, -32.32684075 ], [ -65.08831787, -32.32647705 ], [ -65.08813477, -32.3260498 ], [ -65.0880127, -32.32574463 ], [ -65.08789062, -32.32537842 ], [ -65.08776855, -32.32507324 ], [ -65.08759984, -32.32459125 ], [ -65.08746338, -32.32427979 ], [ -65.08734131, -32.32397461 ], [ -65.0871582, -32.3236084 ], [ -65.08703613, -32.32330322 ], [ -65.08679199, -32.32275391 ], [ -65.08660889, -32.32232666 ], [ -65.08636475, -32.32177734 ], [ -65.08624268, -32.3215332 ], [ -65.08605256, -32.32116344 ], [ -65.08593354, -32.3209016 ], [ -65.08581543, -32.32067871 ], [ -65.08569336, -32.32043457 ], [ -65.08483887, -32.32080078 ], [ -65.08282471, -32.32122803 ], [ -65.08209229, -32.3213501 ], [ -65.08154297, -32.3213501 ], [ -65.07922363, -32.32232666 ], [ -65.07867432, -32.32244873 ], [ -65.07757568, -32.32263184 ], [ -65.07720947, -32.32263184 ], [ -65.07702637, -32.32263184 ], [ -65.07647705, -32.32263184 ], [ -65.07623291, -32.32275391 ], [ -65.07513428, -32.32250977 ], [ -65.07403564, -32.32244873 ], [ -65.07293701, -32.32232666 ], [ -65.07141113, -32.32189941 ], [ -65.07104492, -32.3215332 ], [ -65.07049561, -32.32110596 ], [ -65.0690918, -32.32080078 ], [ -65.06866455, -32.32067871 ], [ -65.06799316, -32.32067871 ], [ -65.06744385, -32.32043457 ], [ -65.06732178, -32.31988525 ], [ -65.06744385, -32.31945801 ], [ -65.06756592, -32.31890869 ], [ -65.06774902, -32.3182373 ], [ -65.06773171, -32.31821307 ], [ -65.06730859, -32.31762069 ], [ -65.06722797, -32.31750783 ], [ -65.0671805, -32.31744138 ], [ -65.06705371, -32.3174786 ], [ -65.06702866, -32.31746761 ], [ -65.06615034, -32.3170824 ], [ -65.06579342, -32.3166065 ], [ -65.06575441, -32.31656099 ], [ -65.06573123, -32.31653394 ], [ -65.06565434, -32.31644424 ], [ -65.0656002, -32.31638107 ], [ -65.06556622, -32.31634143 ], [ -65.06543651, -32.3161901 ], [ -65.06496061, -32.31613061 ], [ -65.06424677, -32.31577369 ], [ -65.06275961, -32.31547626 ], [ -65.06257172, -32.31562658 ], [ -65.06246218, -32.31571421 ], [ -65.06231681, -32.31570382 ], [ -65.06227762, -32.31570102 ], [ -65.06162937, -32.31565472 ], [ -65.06091553, -32.31553575 ], [ -65.06041678, -32.31513675 ], [ -65.06036313, -32.31509382 ], [ -65.0603507, -32.31508388 ], [ -65.06032066, -32.31505985 ], [ -65.05984477, -32.31476242 ], [ -65.05943936, -32.3148493 ], [ -65.05940361, -32.31485696 ], [ -65.0591152, -32.31491876 ], [ -65.05901196, -32.31494088 ], [ -65.05876402, -32.31502943 ], [ -65.05817915, -32.31523831 ], [ -65.05816864, -32.31523831 ], [ -65.05812909, -32.31523831 ], [ -65.05808687, -32.31523831 ], [ -65.05770326, -32.31523831 ], [ -65.05739637, -32.31493143 ], [ -65.05730814, -32.3148432 ], [ -65.05728685, -32.31482191 ], [ -65.05723651, -32.31462054 ], [ -65.05716788, -32.31434602 ], [ -65.05657301, -32.31410807 ], [ -65.05609712, -32.31410807 ], [ -65.0557402, -32.31410807 ], [ -65.05520482, -32.31410807 ], [ -65.05472893, -32.31381064 ], [ -65.05419355, -32.31404858 ], [ -65.05371766, -32.31422704 ], [ -65.05288485, -32.31416756 ], [ -65.0522305, -32.31422704 ], [ -65.05139769, -32.31446499 ], [ -65.05092179, -32.31494088 ], [ -65.05091929, -32.31494276 ], [ -65.05086097, -32.3149865 ], [ -65.05079792, -32.31503379 ], [ -65.05068385, -32.31511934 ], [ -65.05008756, -32.31518949 ], [ -65.04968769, -32.31523654 ], [ -65.04967258, -32.31523831 ], [ -65.04895874, -32.3152978 ], [ -65.04872079, -32.3152978 ], [ -65.04866588, -32.31525387 ], [ -65.04842336, -32.31505985 ], [ -65.0482449, -32.31500037 ], [ -65.04800695, -32.31476242 ], [ -65.04759055, -32.31476242 ], [ -65.04702967, -32.31511934 ], [ -65.0469362, -32.31517883 ], [ -65.04653662, -32.31531202 ], [ -65.04641892, -32.31535125 ], [ -65.04640082, -32.31535729 ], [ -65.04621851, -32.31531171 ], [ -65.04592493, -32.31523831 ], [ -65.04581736, -32.31516148 ], [ -65.0455918, -32.31500037 ], [ -65.04550852, -32.31494088 ], [ -65.04509211, -32.31482191 ], [ -65.04467571, -32.31476242 ], [ -65.0442593, -32.31500037 ], [ -65.04420973, -32.31509951 ], [ -65.04415299, -32.31521299 ], [ -65.04414033, -32.31523831 ], [ -65.04374284, -32.31531059 ], [ -65.04348598, -32.31535729 ], [ -65.0434448, -32.31534081 ], [ -65.04336995, -32.31531087 ], [ -65.04335078, -32.31530321 ], [ -65.04328938, -32.31527865 ], [ -65.04320624, -32.31524539 ], [ -65.04318855, -32.31523831 ], [ -65.04297534, -32.31525471 ], [ -65.04241522, -32.3152978 ], [ -65.04235045, -32.31533828 ], [ -65.0421504, -32.31546332 ], [ -65.04213361, -32.31547381 ], [ -65.04193933, -32.31559523 ], [ -65.04152292, -32.31589267 ], [ -65.04051165, -32.31636856 ], [ -65.0401413, -32.31649738 ], [ -65.03934243, -32.31677524 ], [ -65.0391662, -32.31683654 ], [ -65.03911593, -32.31682872 ], [ -65.03904562, -32.31685843 ], [ -65.03891109, -32.31687764 ], [ -65.03877106, -32.31689765 ], [ -65.03870962, -32.31690643 ], [ -65.03864082, -32.31691626 ], [ -65.03831065, -32.31696342 ], [ -65.0376563, -32.31714188 ], [ -65.03756461, -32.31715022 ], [ -65.03700195, -32.31720137 ], [ -65.03630022, -32.31720137 ], [ -65.0362904, -32.31720611 ], [ -65.03611495, -32.31720233 ], [ -65.03607067, -32.31720137 ], [ -65.03605382, -32.31720137 ], [ -65.0354553, -32.31720137 ], [ -65.034563, -32.31702291 ], [ -65.0341848, -32.31697563 ], [ -65.0341271, -32.31696842 ], [ -65.03408711, -32.31696342 ], [ -65.03368845, -32.31696342 ], [ -65.03343785, -32.31696342 ], [ -65.03289738, -32.31696342 ], [ -65.03283753, -32.31695798 ], [ -65.03260385, -32.31693674 ], [ -65.03147435, -32.31683406 ], [ -65.03093432, -32.31678496 ], [ -65.03034523, -32.31634314 ], [ -65.02998254, -32.31607113 ], [ -65.02964204, -32.31603107 ], [ -65.02948475, -32.31595511 ], [ -65.0294083, -32.31600357 ], [ -65.02897127, -32.31595215 ], [ -65.02881927, -32.31610414 ], [ -65.0288108, -32.31611262 ], [ -65.02879281, -32.31613061 ], [ -65.02856061, -32.31628541 ], [ -65.02843589, -32.31636856 ], [ -65.02807897, -32.31630907 ], [ -65.02778154, -32.31624959 ], [ -65.02755577, -32.31602381 ], [ -65.02742462, -32.31589267 ], [ -65.0272759, -32.31583318 ], [ -65.02726244, -32.31582779 ], [ -65.02725552, -32.31582503 ], [ -65.02712718, -32.31577369 ], [ -65.02665129, -32.31553575 ], [ -65.02627046, -32.31550676 ], [ -65.02536546, -32.31553314 ], [ -65.02519002, -32.31556662 ], [ -65.0250558, -32.31556218 ], [ -65.02490467, -32.31561029 ], [ -65.02482017, -32.31563719 ], [ -65.02480876, -32.31563937 ], [ -65.02447703, -32.31570268 ], [ -65.02409337, -32.31565472 ], [ -65.02386106, -32.31565472 ], [ -65.02334793, -32.31559449 ], [ -65.02331765, -32.31559093 ], [ -65.02323188, -32.31554807 ], [ -65.02320682, -32.31553805 ], [ -65.02320107, -32.31553575 ], [ -65.02319508, -32.31553755 ], [ -65.0231618, -32.31554753 ], [ -65.02311762, -32.31556078 ], [ -65.0230733, -32.31557408 ], [ -65.02260621, -32.31571421 ], [ -65.0221898, -32.31571421 ], [ -65.0220825, -32.31567844 ], [ -65.02183288, -32.31559523 ], [ -65.02141648, -32.31559523 ], [ -65.02082161, -32.31559523 ], [ -65.02080665, -32.31558276 ], [ -65.02079129, -32.31556997 ], [ -65.02075571, -32.31554032 ], [ -65.02052575, -32.31534868 ], [ -65.02046469, -32.3152978 ], [ -65.02028623, -32.31500037 ], [ -65.01969137, -32.31500037 ], [ -65.01933445, -32.31535729 ], [ -65.01883394, -32.31525004 ], [ -65.01880097, -32.31561271 ], [ -65.01879883, -32.31561279 ], [ -65.01872089, -32.316548 ], [ -65.01861572, -32.31781006 ], [ -65.01861572, -32.31811523 ], [ -65.01853599, -32.31855376 ] ] ] ] } },
{ "type": "Feature", "properties": { "circuito": "07003", "codprov": "19", "coddepto": "006" }, "geometry": { "type": "MultiPolygon", "coordinates": [ [ [ [ -64.97604509, -32.32244611 ], [ -64.97637939, -32.32263184 ], [ -64.97680664, -32.32263184 ], [ -64.97705078, -32.32287598 ], [ -64.97747803, -32.32299805 ], [ -64.97802734, -32.32318115 ], [ -64.97845459, -32.32342529 ], [ -64.97912598, -32.32452393 ], [ -64.97955322, -32.32470703 ], [ -64.9798584, -32.3248291 ], [ -64.98022461, -32.3248291 ], [ -64.98040771, -32.32507324 ], [ -64.98065186, -32.32537842 ], [ -64.9810791, -32.32592773 ], [ -64.9810791, -32.32617187 ], [ -64.9810791, -32.32635498 ], [ -64.9810791, -32.32672119 ], [ -64.9810791, -32.3269043 ], [ -64.98132324, -32.32727051 ], [ -64.98150635, -32.32739258 ], [ -64.98187256, -32.32739258 ], [ -64.98205566, -32.32739258 ], [ -64.98242187, -32.32757568 ], [ -64.98254395, -32.32781982 ], [ -64.98260498, -32.32836914 ], [ -64.98205566, -32.32849121 ], [ -64.98199463, -32.32879639 ], [ -64.98217773, -32.32891846 ], [ -64.98260498, -32.32904053 ], [ -64.98297119, -32.32904053 ], [ -64.98352051, -32.32904053 ], [ -64.98419189, -32.32879639 ], [ -64.98449707, -32.32867432 ], [ -64.98474121, -32.32879639 ], [ -64.98492432, -32.32904053 ], [ -64.98529053, -32.32958984 ], [ -64.98571777, -32.32958984 ], [ -64.98614502, -32.32977295 ], [ -64.98657227, -32.33013916 ], [ -64.98706055, -32.33026123 ], [ -64.98736572, -32.33056641 ], [ -64.98779297, -32.33087158 ], [ -64.98815918, -32.33111572 ], [ -64.98846436, -32.33123779 ], [ -64.98876953, -32.33123779 ], [ -64.98913574, -32.33099365 ], [ -64.98986816, -32.33044434 ], [ -64.99035645, -32.33044434 ], [ -64.99078369, -32.33032227 ], [ -64.99151611, -32.33013916 ], [ -64.99188232, -32.33013916 ], [ -64.99261475, -32.33001709 ], [ -64.99316406, -32.33026123 ], [ -64.99395752, -32.33026123 ], [ -64.99450684, -32.33026123 ], [ -64.99530029, -32.33013916 ], [ -64.99658203, -32.33013916 ], [ -64.9979248, -32.33013916 ], [ -64.99835205, -32.33013916 ], [ -64.99847412, -32.33032227 ], [ -64.99847412, -32.33044434 ], [ -64.99859619, -32.33068848 ], [ -64.99859619, -32.33081055 ], [ -64.9987793, -32.33123779 ], [ -64.99890137, -32.33190918 ], [ -64.99890137, -32.3324585 ], [ -64.99890137, -32.33251953 ], [ -64.99890137, -32.33319092 ], [ -64.99890137, -32.33331299 ], [ -64.99914551, -32.33343506 ], [ -64.99945068, -32.33355713 ], [ -64.99987793, -32.33361816 ], [ -65.00274658, -32.33374023 ], [ -65.00299072, -32.33374023 ], [ -65.00604248, -32.33398437 ], [ -65.00616455, -32.33398437 ], [ -65.00769043, -32.33416748 ], [ -65.00878906, -32.33416748 ], [ -65.00891113, -32.33416748 ], [ -65.00970459, -32.33428955 ], [ -65.00982666, -32.33428955 ], [ -65.01098633, -32.33428955 ], [ -65.0111084, -32.33428955 ], [ -65.01257324, -32.33441162 ], [ -65.01275635, -32.33441162 ], [ -65.01287842, -32.33441162 ], [ -65.01287842, -32.33453369 ], [ -65.01300049, -32.33453369 ], [ -65.01312256, -32.33453369 ], [ -65.01330566, -32.33453369 ], [ -65.01342773, -32.33453369 ], [ -65.0135498, -32.33453369 ], [ -65.01367187, -32.33453369 ], [ -65.01385498, -32.33453369 ], [ -65.01397705, -32.33453369 ], [ -65.01397705, -32.33465576 ], [ -65.01409912, -32.3347168 ], [ -65.01409912, -32.33483887 ], [ -65.01422119, -32.33483887 ], [ -65.01422119, -32.33496094 ], [ -65.0144043, -32.33496094 ], [ -65.01452637, -32.33410645 ], [ -65.01452637, -32.33398437 ], [ -65.01452637, -32.33361816 ], [ -65.01452637, -32.33319092 ], [ -65.01452637, -32.33276367 ], [ -65.01464844, -32.33123779 ], [ -65.01464844, -32.32989502 ], [ -65.01464844, -32.32891846 ], [ -65.01477051, -32.328125 ], [ -65.01477051, -32.32739258 ], [ -65.01477051, -32.3269043 ], [ -65.01477051, -32.3260498 ], [ -65.01495361, -32.32574463 ], [ -65.01495361, -32.32537842 ], [ -65.01507568, -32.32519531 ], [ -65.01507568, -32.32495117 ], [ -65.01519775, -32.32452393 ], [ -65.01531982, -32.32427979 ], [ -65.01531982, -32.32409668 ], [ -65.015625, -32.3236084 ], [ -65.01629639, -32.32250977 ], [ -65.01641846, -32.32232666 ], [ -65.01654053, -32.32208252 ], [ -65.0168457, -32.32141113 ], [ -65.01696777, -32.32122803 ], [ -65.0177002, -32.31933594 ], [ -65.01794434, -32.31921387 ], [ -65.01818848, -32.31903076 ], [ -65.01849365, -32.31878662 ], [ -65.01853599, -32.31855376 ], [ -65.01861572, -32.31811523 ], [ -65.01861572, -32.31781006 ], [ -65.01872089, -32.316548 ], [ -65.01879883, -32.31561279 ], [ -65.01880097, -32.31561271 ], [ -65.01883394, -32.31525004 ], [ -65.01850164, -32.31517883 ], [ -65.01790677, -32.31535729 ], [ -65.01757827, -32.31561279 ], [ -65.0175397, -32.31564279 ], [ -65.01750757, -32.31566778 ], [ -65.01737139, -32.31577369 ], [ -65.01659807, -32.31583318 ], [ -65.0160032, -32.31595215 ], [ -65.01517039, -32.31571421 ], [ -65.01445655, -32.31583318 ], [ -65.01424389, -32.31575138 ], [ -65.01423838, -32.31574927 ], [ -65.01417038, -32.31572311 ], [ -65.01368323, -32.31553575 ], [ -65.0129099, -32.31559523 ], [ -65.01213658, -32.31553575 ], [ -65.01130377, -32.31589267 ], [ -65.0107089, -32.31624959 ], [ -65.00957866, -32.31630907 ], [ -65.00874585, -32.31630907 ], [ -65.0076156, -32.31648753 ], [ -65.00613025, -32.31659756 ], [ -65.00610311, -32.31658806 ], [ -65.00605776, -32.31659699 ], [ -65.00600947, -32.3166065 ], [ -65.0059649, -32.3166065 ], [ -65.00546744, -32.3166065 ], [ -65.00511717, -32.3166065 ], [ -65.00291617, -32.31624959 ], [ -65.00202387, -32.31589267 ], [ -65.00187493, -32.31586075 ], [ -65.00157229, -32.3157959 ], [ -65.00124995, -32.31572683 ], [ -65.00119106, -32.31571421 ], [ -65.00113219, -32.31567741 ], [ -65.00071517, -32.31541677 ], [ -65.00006082, -32.31505985 ], [ -64.99910903, -32.31482191 ], [ -64.99885464, -32.31482191 ], [ -64.99880204, -32.31482191 ], [ -64.99808297, -32.31461006 ], [ -64.99752216, -32.31440422 ], [ -64.99719813, -32.31405176 ], [ -64.99717798, -32.31402984 ], [ -64.99716683, -32.31403186 ], [ -64.99708465, -32.31404674 ], [ -64.997027, -32.3139891 ], [ -64.99687339, -32.31396484 ], [ -64.99682011, -32.31395643 ], [ -64.99589676, -32.31381064 ], [ -64.99452857, -32.31410807 ], [ -64.99387422, -32.31434602 ], [ -64.99343624, -32.31457961 ], [ -64.99324861, -32.31467967 ], [ -64.99314252, -32.31473625 ], [ -64.99298192, -32.31482191 ], [ -64.99256551, -32.31505985 ], [ -64.99243802, -32.31501205 ], [ -64.99240771, -32.31500068 ], [ -64.99232801, -32.31497079 ], [ -64.99208962, -32.31488139 ], [ -64.99179219, -32.31505985 ], [ -64.99119732, -32.3152978 ], [ -64.99054297, -32.31541677 ], [ -64.99022541, -32.31560202 ], [ -64.9901767, -32.31563043 ], [ -64.98982913, -32.31583318 ], [ -64.98977597, -32.3158509 ], [ -64.98960726, -32.31590714 ], [ -64.98929375, -32.31601164 ], [ -64.98901237, -32.31612888 ], [ -64.98857992, -32.31630907 ], [ -64.98796072, -32.31657444 ], [ -64.9877471, -32.31666599 ], [ -64.98770616, -32.31666599 ], [ -64.98762945, -32.31666599 ], [ -64.98757144, -32.31666599 ], [ -64.98744967, -32.31666599 ], [ -64.98625994, -32.3170824 ], [ -64.98581151, -32.31717208 ], [ -64.98578639, -32.31717711 ], [ -64.98566508, -32.31720137 ], [ -64.9851297, -32.31720137 ], [ -64.98489175, -32.31726085 ], [ -64.98429689, -32.31755829 ], [ -64.98417791, -32.31803418 ], [ -64.98396858, -32.31810396 ], [ -64.98380589, -32.31814406 ], [ -64.98380589, -32.31816178 ], [ -64.98340459, -32.3183911 ], [ -64.9829287, -32.31827213 ], [ -64.98239332, -32.31821264 ], [ -64.98209589, -32.31862904 ], [ -64.98192369, -32.31926044 ], [ -64.98191743, -32.3192834 ], [ -64.98186008, -32.31942677 ], [ -64.98183446, -32.31949082 ], [ -64.98179845, -32.31958083 ], [ -64.98170816, -32.31958083 ], [ -64.98165672, -32.31958083 ], [ -64.98138205, -32.31958083 ], [ -64.98102513, -32.31975929 ], [ -64.98099042, -32.31975929 ], [ -64.98019232, -32.31975929 ], [ -64.97953796, -32.32005672 ], [ -64.9789431, -32.32029467 ], [ -64.97811029, -32.32077056 ], [ -64.9776344, -32.32083005 ], [ -64.97719633, -32.32104908 ], [ -64.97712615, -32.32108417 ], [ -64.97710264, -32.32109593 ], [ -64.97703953, -32.32112748 ], [ -64.9764662, -32.32112748 ], [ -64.97614835, -32.3209596 ], [ -64.97591059, -32.32083402 ], [ -64.97522235, -32.32054322 ], [ -64.97513596, -32.32041364 ], [ -64.9745411, -32.32005672 ], [ -64.97376777, -32.31958083 ], [ -64.97311342, -32.31904545 ], [ -64.97267265, -32.31904545 ], [ -64.97338867, -32.31976318 ], [ -64.97528076, -32.3215332 ], [ -64.97536746, -32.32163725 ], [ -64.97558594, -32.32189941 ], [ -64.97583008, -32.32232666 ], [ -64.97604509, -32.32244611 ] ] ] ] } },
{ "type": "Feature", "properties": { "circuito": "00015", "codprov": "19", "coddepto": "001" }, "geometry": { "type": "MultiPolygon", "coordinates": [ [ [ [ -66.44821825, -33.10630101 ], [ -66.442286, -33.11573734 ], [ -66.43981553, -33.12269565 ], [ -66.44512005, -33.12277491 ], [ -66.46862068, -33.12312605 ], [ -66.46941042, -33.12573189 ], [ -66.4704928, -33.12930329 ], [ -66.49556038, -33.12930329 ], [ -66.51320732, -33.12930329 ], [ -66.51265852, -33.1298059 ], [ -66.50181971, -33.13973253 ], [ -66.45457335, -33.18300271 ], [ -66.45529472, -33.18403324 ], [ -66.45525115, -33.18407333 ], [ -66.46008908, -33.18936543 ], [ -66.46602118, -33.19342157 ], [ -66.47232091, -33.19772908 ], [ -66.48626044, -33.20392418 ], [ -66.50027915, -33.20743851 ], [ -66.51707133, -33.20894725 ], [ -66.53275613, -33.20758179 ], [ -66.5478215, -33.20366841 ], [ -66.56168736, -33.19735786 ], [ -66.57382011, -33.1888931 ], [ -66.58375328, -33.17860002 ], [ -66.59110543, -33.16687471 ], [ -66.59559481, -33.15416824 ], [ -66.59705006, -33.14096921 ], [ -66.5954166, -33.12778493 ], [ -66.59075854, -33.11512194 ], [ -66.58325601, -33.10346654 ], [ -66.58053238, -33.10070462 ], [ -66.58006344, -33.10022909 ], [ -66.57975685, -33.09991819 ], [ -66.48370356, -33.10448496 ], [ -66.45339869, -33.10592578 ], [ -66.44850189, -33.10614699 ], [ -66.44830975, -33.10615567 ], [ -66.4483018, -33.10616811 ], [ -66.44821825, -33.10630101 ] ] ] ] } },
{ "type": "Feature", "properties": { "circuito": "0005B", "codprov": "19", "coddepto": "001" }, "geometry": { "type": "MultiPolygon", "coordinates": [ [ [ [ -66.21627458, -33.11663767 ], [ -66.21476927, -33.11670568 ], [ -66.21475754, -33.12343844 ], [ -66.21474074, -33.13308382 ], [ -66.21586648, -33.13490233 ], [ -66.21659502, -33.13490233 ], [ -66.21662986, -33.13490233 ], [ -66.21663242, -33.13502261 ], [ -66.24511323, -33.137852 ], [ -66.25605937, -33.13893943 ], [ -66.26679678, -33.1339837 ], [ -66.27560696, -33.13508497 ], [ -66.28661969, -33.13343306 ], [ -66.28689501, -33.12655011 ], [ -66.30121155, -33.12517352 ], [ -66.31525278, -33.12930329 ], [ -66.3215851, -33.12957861 ], [ -66.34223397, -33.12627479 ], [ -66.34361056, -33.12957861 ], [ -66.35985433, -33.1279267 ], [ -66.36093318, -33.12814882 ], [ -66.36107986, -33.12817886 ], [ -66.36118335, -33.12820017 ], [ -66.3692159, -33.12985393 ], [ -66.36934119, -33.12984758 ], [ -66.39096604, -33.12875266 ], [ -66.39537113, -33.12269565 ], [ -66.43981553, -33.12269565 ], [ -66.442286, -33.11573734 ], [ -66.44821825, -33.10630101 ], [ -66.4483018, -33.10616811 ], [ -66.44830975, -33.10615567 ], [ -66.44814249, -33.10616322 ], [ -66.21627458, -33.11663767 ] ] ] ] } },
{ "type": "Feature", "properties": { "circuito": "0026A", "codprov": "19", "coddepto": "002" }, "geometry": { "type": "MultiPolygon", "coordinates": [ [ [ [ -66.20345118, -33.2058827 ], [ -66.20433979, -33.20458663 ], [ -66.2042675, -33.20454532 ], [ -66.20402219, -33.20470886 ], [ -66.20331515, -33.20518022 ], [ -66.20339451, -33.20446596 ], [ -66.20283898, -33.20359297 ], [ -66.20268025, -33.20264062 ], [ -66.20220408, -33.201847 ], [ -66.20164854, -33.20176764 ], [ -66.20156918, -33.20073593 ], [ -66.201093, -33.19883123 ], [ -66.20006129, -33.19819633 ], [ -66.19926767, -33.19843442 ], [ -66.19791851, -33.20049784 ], [ -66.19641062, -33.20232317 ], [ -66.19553764, -33.20264062 ], [ -66.19347422, -33.20279935 ], [ -66.19212506, -33.2050215 ], [ -66.18926801, -33.20740237 ], [ -66.18680778, -33.2079579 ], [ -66.18474436, -33.2085928 ], [ -66.18379201, -33.20938643 ], [ -66.18180795, -33.21010069 ], [ -66.17974453, -33.21081495 ], [ -66.17791919, -33.21144985 ], [ -66.17704621, -33.21184666 ], [ -66.17585577, -33.21184666 ], [ -66.17672876, -33.21137049 ], [ -66.17823664, -33.21041814 ], [ -66.17871282, -33.2098626 ], [ -66.178316, -33.20914834 ], [ -66.17720493, -33.20843408 ], [ -66.17617322, -33.20724364 ], [ -66.17664939, -33.20645002 ], [ -66.17664939, -33.2050215 ], [ -66.17688748, -33.20351361 ], [ -66.17366587, -33.20335489 ], [ -66.1715578, -33.20211485 ], [ -66.16870572, -33.2006268 ], [ -66.16746568, -33.19926276 ], [ -66.16535762, -33.1972787 ], [ -66.16548162, -33.19628667 ], [ -66.16362157, -33.19541865 ], [ -66.16200952, -33.19405461 ], [ -66.16076948, -33.19417861 ], [ -66.15903343, -33.19467463 ], [ -66.15742138, -33.1936826 ], [ -66.15568533, -33.19256656 ], [ -66.15419728, -33.19107852 ], [ -66.15258524, -33.18946647 ], [ -66.12505511, -33.19819254 ], [ -66.12767521, -33.20021716 ], [ -66.13186662, -33.20456977 ], [ -66.13476836, -33.2092448 ], [ -66.13831493, -33.21698277 ], [ -66.14250633, -33.22343108 ], [ -66.14444082, -33.22730007 ], [ -66.14943827, -33.2340708 ], [ -66.15137276, -33.23648891 ], [ -66.1498972, -33.23815694 ], [ -66.15088152, -33.23819163 ], [ -66.157007, -33.23840752 ], [ -66.15942083, -33.2384926 ], [ -66.17939165, -33.23919648 ], [ -66.18014187, -33.23922292 ], [ -66.18056194, -33.23923773 ], [ -66.18056843, -33.23923795 ], [ -66.18062902, -33.23914969 ], [ -66.1956506, -33.21726015 ], [ -66.20345118, -33.2058827 ] ] ] ] } },
{ "type": "Feature", "properties": { "circuito": "07007", "codprov": "19", "coddepto": "006" }, "geometry": { "type": "MultiPolygon", "coordinates": [ [ [ [ -64.94615009, -32.30803577 ], [ -64.94344075, -32.31103031 ], [ -64.93743735, -32.32245614 ], [ -64.93433882, -32.33078344 ], [ -64.93319474, -32.33637673 ], [ -64.9325959, -32.33930439 ], [ -64.93240224, -32.34569511 ], [ -64.93317687, -32.35382875 ], [ -64.93422944, -32.35920856 ], [ -64.93491979, -32.36273702 ], [ -64.93766603, -32.36943098 ], [ -64.93768292, -32.36943837 ], [ -64.93772493, -32.36945605 ], [ -64.93775573, -32.36946902 ], [ -64.93786621, -32.36950684 ], [ -64.93795117, -32.36952267 ], [ -64.93800865, -32.36954566 ], [ -64.93811035, -32.36962891 ], [ -64.93817139, -32.36962891 ], [ -64.93829346, -32.36962891 ], [ -64.93842182, -32.36964977 ], [ -64.93865967, -32.36975098 ], [ -64.9387207, -32.36975098 ], [ -64.93877956, -32.36978041 ], [ -64.93884277, -32.36981201 ], [ -64.93896484, -32.36981201 ], [ -64.93905596, -32.36981791 ], [ -64.9391088, -32.3699284 ], [ -64.93919528, -32.36998605 ], [ -64.93927002, -32.37005615 ], [ -64.93935861, -32.37016861 ], [ -64.93939705, -32.37030793 ], [ -64.93946911, -32.37040401 ], [ -64.93951416, -32.3704834 ], [ -64.93963623, -32.37060547 ], [ -64.93973333, -32.3706346 ], [ -64.93981934, -32.37072754 ], [ -64.93994141, -32.37072754 ], [ -64.94006348, -32.37072754 ], [ -64.94018555, -32.37072754 ], [ -64.94030762, -32.37072754 ], [ -64.94049072, -32.37060547 ], [ -64.94061279, -32.37060547 ], [ -64.94073486, -32.37060547 ], [ -64.94085693, -32.37072754 ], [ -64.94091797, -32.37072754 ], [ -64.94104004, -32.37072754 ], [ -64.94116211, -32.37072754 ], [ -64.94128418, -32.37072754 ], [ -64.94134726, -32.37066446 ], [ -64.94140625, -32.37060547 ], [ -64.94140625, -32.37052793 ], [ -64.9413875, -32.3704834 ], [ -64.94128418, -32.3704834 ], [ -64.94128418, -32.37039891 ], [ -64.94118416, -32.37036557 ], [ -64.94110249, -32.37037038 ], [ -64.9410016, -32.37036557 ], [ -64.94083346, -32.37037999 ], [ -64.94075179, -32.37037999 ], [ -64.94068836, -32.37036133 ], [ -64.94061279, -32.37036133 ], [ -64.94049072, -32.37036133 ], [ -64.94036865, -32.37036133 ], [ -64.94030762, -32.37036133 ], [ -64.94018555, -32.37036133 ], [ -64.94006348, -32.37036133 ], [ -64.93995432, -32.37030793 ], [ -64.93985343, -32.37025508 ], [ -64.93981934, -32.37005615 ], [ -64.939815, -32.37003409 ], [ -64.93981934, -32.37000699 ], [ -64.93981934, -32.36993408 ], [ -64.93981934, -32.36975098 ], [ -64.93993623, -32.36963408 ], [ -64.93993991, -32.36952006 ], [ -64.93993254, -32.36949797 ], [ -64.93981934, -32.36938477 ], [ -64.93981934, -32.3693205 ], [ -64.93980059, -32.36929907 ], [ -64.93978137, -32.36927025 ], [ -64.9396949, -32.36919819 ], [ -64.93958921, -32.3690973 ], [ -64.93953608, -32.36907959 ], [ -64.93951416, -32.36907959 ], [ -64.93949112, -32.36905655 ], [ -64.93944989, -32.36903004 ], [ -64.93942781, -32.36899324 ], [ -64.93939209, -32.36895752 ], [ -64.93927002, -32.36883545 ], [ -64.9392601, -32.36881561 ], [ -64.93920008, -32.36879945 ], [ -64.93909919, -32.368737 ], [ -64.93903194, -32.36866493 ], [ -64.93901551, -32.36860628 ], [ -64.93896484, -32.36853027 ], [ -64.93896484, -32.36842531 ], [ -64.93891072, -32.36823201 ], [ -64.93884277, -32.36816406 ], [ -64.93884277, -32.36803855 ], [ -64.93880134, -32.36798756 ], [ -64.93866683, -32.3677954 ], [ -64.9386301, -32.36770725 ], [ -64.9385376, -32.36761475 ], [ -64.93841553, -32.36761475 ], [ -64.93831613, -32.36758882 ], [ -64.93829346, -32.36752062 ], [ -64.93811916, -32.36748794 ], [ -64.93801348, -32.3674399 ], [ -64.93793181, -32.36741588 ], [ -64.9378069, -32.36739666 ], [ -64.93771082, -32.3673294 ], [ -64.93771082, -32.36723813 ], [ -64.93775406, -32.36713244 ], [ -64.93777808, -32.3670892 ], [ -64.93787416, -32.36705077 ], [ -64.93794453, -32.36706543 ], [ -64.93798828, -32.36706543 ], [ -64.9380222, -32.36709935 ], [ -64.93802789, -32.36710361 ], [ -64.93813838, -32.36711322 ], [ -64.93822005, -32.36714685 ], [ -64.93822966, -32.36714685 ], [ -64.93827844, -32.3671875 ], [ -64.93829346, -32.3671875 ], [ -64.93835065, -32.36724469 ], [ -64.93854673, -32.36730538 ], [ -64.93856114, -32.36730538 ], [ -64.93867163, -32.36736784 ], [ -64.93883497, -32.36737745 ], [ -64.93888782, -32.36741107 ], [ -64.93889903, -32.36743164 ], [ -64.93896484, -32.36754628 ], [ -64.93900792, -32.36761284 ], [ -64.93900991, -32.36761475 ], [ -64.93908691, -32.36768825 ], [ -64.93911361, -32.36771373 ], [ -64.93919047, -32.36778579 ], [ -64.93927214, -32.36784824 ], [ -64.93933459, -32.3679107 ], [ -64.93939209, -32.36798096 ], [ -64.93942587, -32.36802119 ], [ -64.93951416, -32.36816406 ], [ -64.93963623, -32.36828613 ], [ -64.93963623, -32.36832773 ], [ -64.93963725, -32.36832865 ], [ -64.93972372, -32.36840071 ], [ -64.93977217, -32.36843595 ], [ -64.93990628, -32.36846797 ], [ -64.94002638, -32.36846797 ], [ -64.94014648, -32.3685016 ], [ -64.94017172, -32.36853027 ], [ -64.94025217, -32.3686217 ], [ -64.94030501, -32.36867454 ], [ -64.94034142, -32.36871338 ], [ -64.94044433, -32.36883788 ], [ -64.94049072, -32.36894425 ], [ -64.94050198, -32.3689724 ], [ -64.940526, -32.36904446 ], [ -64.94054041, -32.36915975 ], [ -64.94062689, -32.36922701 ], [ -64.94071336, -32.36924623 ], [ -64.94073486, -32.3692627 ], [ -64.94077581, -32.36929427 ], [ -64.94080464, -32.36934231 ], [ -64.94086229, -32.36935192 ], [ -64.9410016, -32.36937113 ], [ -64.94117574, -32.36937113 ], [ -64.94128418, -32.3692627 ], [ -64.94146729, -32.3692627 ], [ -64.94158936, -32.3692627 ], [ -64.9418335, -32.3692627 ], [ -64.94196658, -32.3692627 ], [ -64.94201046, -32.3692174 ], [ -64.94214978, -32.36918858 ], [ -64.94227468, -32.36915495 ], [ -64.94230351, -32.36910691 ], [ -64.94234674, -32.36905887 ], [ -64.942414, -32.36905406 ], [ -64.94250528, -32.36904926 ], [ -64.94253439, -32.36907959 ], [ -64.94256592, -32.36911243 ], [ -64.94262057, -32.36916936 ], [ -64.9426558, -32.36920166 ], [ -64.94268799, -32.36931579 ], [ -64.94270224, -32.36936633 ], [ -64.94271666, -32.36942398 ], [ -64.94272146, -32.36952006 ], [ -64.94270224, -32.36974585 ], [ -64.94270224, -32.36988997 ], [ -64.94269264, -32.36999086 ], [ -64.94271666, -32.37008213 ], [ -64.94287519, -32.37021665 ], [ -64.94296166, -32.37025028 ], [ -64.94303372, -32.37031273 ], [ -64.94307216, -32.37033195 ], [ -64.9431202, -32.37035116 ], [ -64.94320667, -32.37042803 ], [ -64.94328354, -32.37047126 ], [ -64.94332399, -32.3704834 ], [ -64.94335937, -32.3704834 ], [ -64.94335937, -32.37049402 ], [ -64.94337962, -32.37050009 ], [ -64.94361021, -32.3705193 ], [ -64.94373992, -32.3705097 ], [ -64.94386874, -32.37060547 ], [ -64.94390869, -32.37067099 ], [ -64.94391287, -32.37067784 ], [ -64.94404738, -32.37072588 ], [ -64.94404894, -32.37072754 ], [ -64.94415283, -32.37072754 ], [ -64.94433594, -32.37084961 ], [ -64.94433594, -32.37091064 ], [ -64.94444422, -32.37101893 ], [ -64.94450377, -32.37101893 ], [ -64.94459024, -32.37102854 ], [ -64.94469113, -32.37106697 ], [ -64.94476799, -32.37109099 ], [ -64.94484005, -32.37111981 ], [ -64.94488325, -32.37115479 ], [ -64.94488525, -32.37115479 ], [ -64.94489375, -32.37116328 ], [ -64.94494094, -32.37120148 ], [ -64.94506104, -32.37123031 ], [ -64.94516193, -32.37123511 ], [ -64.94521477, -32.37123511 ], [ -64.94527722, -32.37126393 ], [ -64.94534928, -32.37128315 ], [ -64.94540213, -32.37131678 ], [ -64.94548689, -32.37142509 ], [ -64.94549126, -32.37142727 ], [ -64.94557508, -32.37142727 ], [ -64.94570959, -32.37143688 ], [ -64.94574802, -32.37146571 ], [ -64.94579126, -32.37152335 ], [ -64.94582969, -32.37156659 ], [ -64.94597862, -32.37152335 ], [ -64.94605548, -32.37148012 ], [ -64.94614195, -32.37142727 ], [ -64.94621402, -32.37140325 ], [ -64.94628127, -32.37128795 ], [ -64.94629088, -32.37113422 ], [ -64.94633412, -32.37102854 ], [ -64.94636775, -32.37096128 ], [ -64.946435, -32.37093245 ], [ -64.94648785, -32.37087961 ], [ -64.94652628, -32.37084118 ], [ -64.94656894, -32.37081388 ], [ -64.94665527, -32.37072754 ], [ -64.94665527, -32.37060547 ], [ -64.94665527, -32.3704834 ], [ -64.9465332, -32.37036133 ], [ -64.9463501, -32.37036133 ], [ -64.94622803, -32.37036133 ], [ -64.94610596, -32.37036133 ], [ -64.94598389, -32.37036133 ], [ -64.94580078, -32.37036133 ], [ -64.94567871, -32.37036133 ], [ -64.94555664, -32.37036133 ], [ -64.94543457, -32.37036133 ], [ -64.94534638, -32.37036133 ], [ -64.94529164, -32.37038479 ], [ -64.94519075, -32.3703992 ], [ -64.94504663, -32.37029832 ], [ -64.94499859, -32.3702791 ], [ -64.94496496, -32.37026949 ], [ -64.94485447, -32.37026949 ], [ -64.94472956, -32.3702791 ], [ -64.94450377, -32.37018302 ], [ -64.94432121, -32.37012057 ], [ -64.94425876, -32.37006292 ], [ -64.9441867, -32.37000047 ], [ -64.94410023, -32.36996203 ], [ -64.94396091, -32.36991399 ], [ -64.94388885, -32.3698083 ], [ -64.94385522, -32.36967859 ], [ -64.94385522, -32.36964977 ], [ -64.943836, -32.36961614 ], [ -64.94378796, -32.3695729 ], [ -64.94376875, -32.3695633 ], [ -64.94376875, -32.36949604 ], [ -64.94376875, -32.36943839 ], [ -64.94377835, -32.36938554 ], [ -64.94381679, -32.3693375 ], [ -64.94385042, -32.36918858 ], [ -64.94385042, -32.36913093 ], [ -64.94384561, -32.36899161 ], [ -64.943836, -32.3688571 ], [ -64.94385042, -32.36878984 ], [ -64.94388885, -32.36867454 ], [ -64.94398493, -32.36865533 ], [ -64.94400895, -32.36855925 ], [ -64.94401375, -32.36811727 ], [ -64.94403297, -32.36808845 ], [ -64.94402336, -32.36799237 ], [ -64.94398013, -32.36790589 ], [ -64.94392248, -32.36783864 ], [ -64.94376875, -32.36778099 ], [ -64.94373512, -32.36776657 ], [ -64.94367747, -32.36769451 ], [ -64.94363904, -32.36767049 ], [ -64.94349972, -32.36766569 ], [ -64.94333158, -32.3676753 ], [ -64.94317785, -32.36761284 ], [ -64.94313941, -32.36754559 ], [ -64.94299049, -32.36748313 ], [ -64.94275509, -32.36749274 ], [ -64.94249086, -32.3674399 ], [ -64.94228429, -32.36746392 ], [ -64.94213867, -32.36752633 ], [ -64.94195281, -32.36751196 ], [ -64.94184712, -32.36748313 ], [ -64.94178947, -32.3674399 ], [ -64.94171143, -32.36743164 ], [ -64.94165976, -32.3673294 ], [ -64.94156368, -32.36726695 ], [ -64.94140625, -32.3671875 ], [ -64.94128418, -32.36706543 ], [ -64.94116494, -32.36700273 ], [ -64.94108327, -32.36689223 ], [ -64.94105925, -32.3667337 ], [ -64.94116211, -32.36663818 ], [ -64.94116211, -32.36651611 ], [ -64.94124661, -32.3663734 ], [ -64.94128418, -32.36621094 ], [ -64.94128418, -32.36608887 ], [ -64.94128418, -32.3659668 ], [ -64.941237, -32.36586416 ], [ -64.94116211, -32.36578369 ], [ -64.9411169, -32.3656672 ], [ -64.94104004, -32.36553955 ], [ -64.94091797, -32.36541748 ], [ -64.94084307, -32.3653117 ], [ -64.94073486, -32.36523437 ], [ -64.94073486, -32.3651123 ], [ -64.94070856, -32.36488414 ], [ -64.94061279, -32.36468506 ], [ -64.94049072, -32.36456299 ], [ -64.94036865, -32.36444092 ], [ -64.94019933, -32.36433647 ], [ -64.94006348, -32.36431885 ], [ -64.93993991, -32.36430284 ], [ -64.9397583, -32.36419678 ], [ -64.93968529, -32.36415872 ], [ -64.93963623, -32.36401367 ], [ -64.93963623, -32.3638916 ], [ -64.93965647, -32.36379361 ], [ -64.9397583, -32.36376953 ], [ -64.93981934, -32.36376953 ], [ -64.94006348, -32.36364746 ], [ -64.94018555, -32.36364746 ], [ -64.94030762, -32.36358643 ], [ -64.94043953, -32.36350056 ], [ -64.94061279, -32.36346436 ], [ -64.94077101, -32.36336605 ], [ -64.94091797, -32.36334229 ], [ -64.94107367, -32.36324114 ], [ -64.94128418, -32.36322021 ], [ -64.94146729, -32.36322021 ], [ -64.9415925, -32.36313546 ], [ -64.9418335, -32.36309814 ], [ -64.94195557, -32.36309814 ], [ -64.9420166, -32.36309814 ], [ -64.94213867, -32.36309814 ], [ -64.94226074, -32.36309814 ], [ -64.94247165, -32.36317869 ], [ -64.94256592, -32.36322021 ], [ -64.94281006, -32.36334229 ], [ -64.94311523, -32.36346436 ], [ -64.9432373, -32.36346436 ], [ -64.94333158, -32.36338527 ], [ -64.94348145, -32.36334229 ], [ -64.94375914, -32.36326997 ], [ -64.94415283, -32.36322021 ], [ -64.94433594, -32.36322021 ], [ -64.94445801, -32.36322021 ], [ -64.94458008, -32.36322021 ], [ -64.94470215, -32.36322021 ], [ -64.94500732, -32.36334229 ], [ -64.94512939, -32.36334229 ], [ -64.94525146, -32.36334229 ], [ -64.94555664, -32.36322021 ], [ -64.94580078, -32.36309814 ], [ -64.94598389, -32.36303711 ], [ -64.94610596, -32.36303711 ], [ -64.94626686, -32.36297212 ], [ -64.9465332, -32.36291504 ], [ -64.94665527, -32.36291504 ], [ -64.94684815, -32.3628328 ], [ -64.94708252, -32.36279297 ], [ -64.94727571, -32.36272231 ], [ -64.94744873, -32.3626709 ], [ -64.94750287, -32.3626709 ], [ -64.94763184, -32.3626709 ], [ -64.94787598, -32.36254883 ], [ -64.94799805, -32.36254883 ], [ -64.94818115, -32.36248779 ], [ -64.94830322, -32.36248779 ], [ -64.94842529, -32.36248779 ], [ -64.94854736, -32.36248779 ], [ -64.94866943, -32.36248779 ], [ -64.94882262, -32.36241965 ], [ -64.94888508, -32.36237161 ], [ -64.94897461, -32.36236572 ], [ -64.94909668, -32.36236572 ], [ -64.94927979, -32.36224365 ], [ -64.94928381, -32.36214582 ], [ -64.94921875, -32.36212158 ], [ -64.94909668, -32.36212158 ], [ -64.94897461, -32.36199951 ], [ -64.94885254, -32.36181641 ], [ -64.94873047, -32.36169434 ], [ -64.94873047, -32.36157227 ], [ -64.94854736, -32.3614502 ], [ -64.94842529, -32.36138916 ], [ -64.94827016, -32.36126667 ], [ -64.94812012, -32.36114502 ], [ -64.94799805, -32.36102295 ], [ -64.9479627, -32.36090637 ], [ -64.94799805, -32.36083984 ], [ -64.94818115, -32.36071777 ], [ -64.94830322, -32.3605957 ], [ -64.94842529, -32.3605957 ], [ -64.94854736, -32.36047363 ], [ -64.94885254, -32.36035156 ], [ -64.94897461, -32.36016846 ], [ -64.94906763, -32.36000801 ], [ -64.94909668, -32.35992432 ], [ -64.94905802, -32.35980624 ], [ -64.94897461, -32.35974121 ], [ -64.94885254, -32.35961914 ], [ -64.94873047, -32.35949707 ], [ -64.94830322, -32.35906982 ], [ -64.94818115, -32.35894775 ], [ -64.94787598, -32.35870361 ], [ -64.94760719, -32.35852836 ], [ -64.94744873, -32.35852051 ], [ -64.94733336, -32.35849953 ], [ -64.94723248, -32.35841786 ], [ -64.94720459, -32.35827637 ], [ -64.94708252, -32.3581543 ], [ -64.94701629, -32.35800471 ], [ -64.94689941, -32.35797119 ], [ -64.94677734, -32.35797119 ], [ -64.94666079, -32.357875 ], [ -64.9465332, -32.35784912 ], [ -64.9463501, -32.35772705 ], [ -64.94622803, -32.35760498 ], [ -64.94622803, -32.35742187 ], [ -64.94622803, -32.3572998 ], [ -64.9463501, -32.35717773 ], [ -64.9465332, -32.35717773 ], [ -64.94665527, -32.35717773 ], [ -64.94677734, -32.35717773 ], [ -64.94689941, -32.35717773 ], [ -64.94708252, -32.3572998 ], [ -64.94720459, -32.3572998 ], [ -64.94732666, -32.3572998 ], [ -64.94744873, -32.3572998 ], [ -64.9475708, -32.3572998 ], [ -64.94763184, -32.3572998 ], [ -64.94775391, -32.3572998 ], [ -64.94787598, -32.3572998 ], [ -64.94799805, -32.3572998 ], [ -64.94812012, -32.3572998 ], [ -64.94818115, -32.3572998 ], [ -64.94830322, -32.3572998 ], [ -64.94842529, -32.3572998 ], [ -64.94854736, -32.3572998 ], [ -64.94866943, -32.3572998 ], [ -64.94909668, -32.35742187 ], [ -64.94927979, -32.35742187 ], [ -64.94952393, -32.35760498 ], [ -64.949646, -32.35760498 ], [ -64.9498291, -32.35760498 ], [ -64.95019531, -32.35742187 ], [ -64.95037842, -32.3572998 ], [ -64.95062256, -32.35717773 ], [ -64.95074463, -32.35705566 ], [ -64.9510498, -32.35687256 ], [ -64.95117187, -32.35675049 ], [ -64.95129395, -32.35662842 ], [ -64.95147705, -32.35650635 ], [ -64.95159912, -32.35650635 ], [ -64.95159912, -32.35662842 ], [ -64.95154172, -32.35677487 ], [ -64.95147705, -32.35687256 ], [ -64.95141602, -32.35705566 ], [ -64.95132554, -32.35731773 ], [ -64.95129395, -32.35760498 ], [ -64.95129395, -32.35772705 ], [ -64.95129395, -32.35784912 ], [ -64.95135437, -32.35793265 ], [ -64.95147705, -32.35797119 ], [ -64.95159912, -32.35797119 ], [ -64.95172119, -32.35797119 ], [ -64.95196533, -32.35784912 ], [ -64.95202637, -32.35784912 ], [ -64.95227051, -32.35772705 ], [ -64.95239258, -32.35772705 ], [ -64.95269775, -32.35760498 ], [ -64.95281982, -32.35760498 ], [ -64.95306396, -32.35742187 ], [ -64.953125, -32.3572998 ], [ -64.953125, -32.35717773 ], [ -64.953125, -32.35705566 ], [ -64.95306942, -32.35696223 ], [ -64.9530454, -32.35691419 ], [ -64.95294189, -32.35687256 ], [ -64.95292049, -32.35674605 ], [ -64.95290608, -32.35667879 ], [ -64.9529253, -32.35660193 ], [ -64.9529349, -32.35652026 ], [ -64.95293971, -32.35641457 ], [ -64.95301177, -32.35634731 ], [ -64.9530454, -32.35629927 ], [ -64.95306396, -32.35620117 ], [ -64.95306396, -32.3560791 ], [ -64.95294189, -32.35595703 ], [ -64.95281982, -32.35577393 ], [ -64.95269775, -32.35565186 ], [ -64.95256499, -32.35542493 ], [ -64.95249773, -32.35537689 ], [ -64.95239258, -32.35528564 ], [ -64.95227051, -32.35522461 ], [ -64.95217106, -32.35518953 ], [ -64.95214844, -32.35510254 ], [ -64.95214844, -32.35498047 ], [ -64.95227051, -32.3548584 ], [ -64.95227051, -32.35473633 ], [ -64.95227051, -32.35455322 ], [ -64.95239258, -32.35443115 ], [ -64.95251465, -32.35443115 ], [ -64.95257568, -32.35443115 ], [ -64.95269775, -32.35443115 ], [ -64.95281982, -32.35443115 ], [ -64.95295412, -32.35452177 ], [ -64.95306396, -32.35455322 ], [ -64.95311265, -32.35457941 ], [ -64.95315589, -32.35465147 ], [ -64.95324707, -32.35467529 ], [ -64.95336914, -32.35473633 ], [ -64.95349121, -32.35473633 ], [ -64.95367432, -32.35473633 ], [ -64.95378042, -32.35481001 ], [ -64.9538765, -32.35485325 ], [ -64.95392935, -32.35494933 ], [ -64.95400141, -32.35499256 ], [ -64.95405425, -32.35505502 ], [ -64.9541167, -32.35512227 ], [ -64.95419837, -32.35526159 ], [ -64.95424641, -32.35534326 ], [ -64.9543425, -32.35539611 ], [ -64.95446777, -32.35540771 ], [ -64.95458984, -32.35540771 ], [ -64.95471191, -32.35540771 ], [ -64.95489502, -32.35528564 ], [ -64.95501709, -32.35528564 ], [ -64.95513916, -32.35528564 ], [ -64.95523125, -32.35532885 ], [ -64.95526123, -32.35540771 ], [ -64.95544434, -32.35552979 ], [ -64.95556641, -32.35565186 ], [ -64.95568283, -32.35569396 ], [ -64.95581055, -32.35577393 ], [ -64.95599365, -32.35583496 ], [ -64.95611572, -32.35583496 ], [ -64.95623779, -32.35583496 ], [ -64.95635986, -32.35583496 ], [ -64.9564755, -32.35584769 ], [ -64.95656678, -32.35593416 ], [ -64.95666504, -32.35595703 ], [ -64.95678711, -32.35595703 ], [ -64.95690918, -32.35595703 ], [ -64.95703125, -32.35595703 ], [ -64.95709229, -32.35595703 ], [ -64.95722013, -32.3559822 ], [ -64.9573018, -32.35602063 ], [ -64.95737866, -32.35605907 ], [ -64.9574585, -32.3560791 ], [ -64.95757083, -32.3560975 ], [ -64.9576621, -32.35611671 ], [ -64.95776779, -32.35617917 ], [ -64.95788574, -32.35620117 ], [ -64.95800781, -32.35620117 ], [ -64.95812988, -32.35620117 ], [ -64.95820016, -32.35623682 ], [ -64.95829144, -32.35630888 ], [ -64.95843506, -32.35632324 ], [ -64.95853164, -32.35636172 ], [ -64.9586792, -32.35638428 ], [ -64.95874023, -32.35638428 ], [ -64.95881988, -32.35640015 ], [ -64.95890155, -32.35646741 ], [ -64.95898437, -32.35650635 ], [ -64.95910645, -32.35650635 ], [ -64.95922823, -32.35653467 ], [ -64.95930029, -32.35661634 ], [ -64.95941162, -32.35662842 ], [ -64.95953369, -32.35662842 ], [ -64.95962697, -32.35663075 ], [ -64.95968462, -32.35650104 ], [ -64.95965576, -32.35638428 ], [ -64.95957893, -32.35636653 ], [ -64.95943961, -32.35619358 ], [ -64.95945883, -32.3560975 ], [ -64.95953369, -32.3560791 ], [ -64.95965576, -32.3560791 ], [ -64.95977783, -32.35620117 ], [ -64.95983887, -32.35620117 ], [ -64.95996094, -32.35620117 ], [ -64.9600257, -32.35617436 ], [ -64.96008301, -32.3560791 ], [ -64.96016983, -32.35596779 ], [ -64.96020508, -32.35583496 ], [ -64.96024669, -32.355742 ], [ -64.96032715, -32.35565186 ], [ -64.96038818, -32.35552979 ], [ -64.96051025, -32.35552979 ], [ -64.96104349, -32.35552979 ], [ -64.96105957, -32.35552979 ], [ -64.96270752, -32.35540771 ], [ -64.96447754, -32.35522461 ], [ -64.96624756, -32.35522461 ], [ -64.96801758, -32.35528564 ], [ -64.96911621, -32.3560791 ], [ -64.97052002, -32.35565186 ], [ -64.97296143, -32.35638428 ], [ -64.97473145, -32.35620117 ], [ -64.97723389, -32.35662842 ], [ -64.97857666, -32.35675049 ], [ -64.98052979, -32.35705566 ], [ -64.98132324, -32.35742187 ], [ -64.98406982, -32.35961914 ], [ -64.98602295, -32.3605957 ], [ -64.98760986, -32.36169434 ], [ -64.98986816, -32.36224365 ], [ -64.99230957, -32.36309814 ], [ -64.9934082, -32.36322021 ], [ -64.99365234, -32.36236572 ], [ -64.99462891, -32.35906982 ], [ -64.99493408, -32.35797119 ], [ -64.99615479, -32.35223389 ], [ -64.99627686, -32.35168457 ], [ -64.99627686, -32.3515625 ], [ -64.99627686, -32.35125732 ], [ -64.99627686, -32.35113525 ], [ -64.99627686, -32.35101318 ], [ -64.99627686, -32.35046387 ], [ -64.99627686, -32.3503418 ], [ -64.99615479, -32.35003662 ], [ -64.99615479, -32.3494873 ], [ -64.99615479, -32.34936523 ], [ -64.99615479, -32.34924316 ], [ -64.99603271, -32.34881592 ], [ -64.99597168, -32.34814453 ], [ -64.99584961, -32.34771729 ], [ -64.99584961, -32.34741211 ], [ -64.99572754, -32.34729004 ], [ -64.99572754, -32.34674072 ], [ -64.99560547, -32.34637451 ], [ -64.99560547, -32.34631348 ], [ -64.99560547, -32.34619141 ], [ -64.9954834, -32.34539795 ], [ -64.9954834, -32.34527588 ], [ -64.9954834, -32.34521484 ], [ -64.9954834, -32.3449707 ], [ -64.99560547, -32.34484863 ], [ -64.99560547, -32.34472656 ], [ -64.99572754, -32.34411621 ], [ -64.99584961, -32.34399414 ], [ -64.99584961, -32.34375 ], [ -64.99627686, -32.34246826 ], [ -64.99639893, -32.34210205 ], [ -64.99639893, -32.34179687 ], [ -64.996521, -32.3416748 ], [ -64.996521, -32.34155273 ], [ -64.99658203, -32.34112549 ], [ -64.9967041, -32.33978271 ], [ -64.99658203, -32.33959961 ], [ -64.99658203, -32.33947754 ], [ -64.99639893, -32.33947754 ], [ -64.99627686, -32.33947754 ], [ -64.99603271, -32.33947754 ], [ -64.99584961, -32.33947754 ], [ -64.99572754, -32.33947754 ], [ -64.99560547, -32.33959961 ], [ -64.9954834, -32.33935547 ], [ -64.99530029, -32.33905029 ], [ -64.99530029, -32.33892822 ], [ -64.99530029, -32.33795166 ], [ -64.9954834, -32.33740234 ], [ -64.99584961, -32.3371582 ], [ -64.99682617, -32.33691406 ], [ -64.99707031, -32.33673096 ], [ -64.99725342, -32.33648682 ], [ -64.99737549, -32.33630371 ], [ -64.99749756, -32.3359375 ], [ -64.99761963, -32.33581543 ], [ -64.99804687, -32.33526611 ], [ -64.99835205, -32.33496094 ], [ -64.99847412, -32.3347168 ], [ -64.9987793, -32.33453369 ], [ -64.99890137, -32.33428955 ], [ -64.99890137, -32.33416748 ], [ -64.99890137, -32.3338623 ], [ -64.99890137, -32.33374023 ], [ -64.99890137, -32.33343506 ], [ -64.99890137, -32.33331299 ], [ -64.99890137, -32.33319092 ], [ -64.99890137, -32.33251953 ], [ -64.99890137, -32.3324585 ], [ -64.99890137, -32.33190918 ], [ -64.9987793, -32.33123779 ], [ -64.99859619, -32.33081055 ], [ -64.99859619, -32.33068848 ], [ -64.99847412, -32.33044434 ], [ -64.99847412, -32.33032227 ], [ -64.99835205, -32.33013916 ], [ -64.9979248, -32.33013916 ], [ -64.99658203, -32.33013916 ], [ -64.99530029, -32.33013916 ], [ -64.99450684, -32.33026123 ], [ -64.99395752, -32.33026123 ], [ -64.99316406, -32.33026123 ], [ -64.99261475, -32.33001709 ], [ -64.99188232, -32.33013916 ], [ -64.99151611, -32.33013916 ], [ -64.99078369, -32.33032227 ], [ -64.99035645, -32.33044434 ], [ -64.98986816, -32.33044434 ], [ -64.98913574, -32.33099365 ], [ -64.98876953, -32.33123779 ], [ -64.98846436, -32.33123779 ], [ -64.98815918, -32.33111572 ], [ -64.98779297, -32.33087158 ], [ -64.98736572, -32.33056641 ], [ -64.98706055, -32.33026123 ], [ -64.98657227, -32.33013916 ], [ -64.98614502, -32.32977295 ], [ -64.98571777, -32.32958984 ], [ -64.98529053, -32.32958984 ], [ -64.98492432, -32.32904053 ], [ -64.98474121, -32.32879639 ], [ -64.98449707, -32.32867432 ], [ -64.98419189, -32.32879639 ], [ -64.98352051, -32.32904053 ], [ -64.98297119, -32.32904053 ], [ -64.98260498, -32.32904053 ], [ -64.98217773, -32.32891846 ], [ -64.98199463, -32.32879639 ], [ -64.98205566, -32.32849121 ], [ -64.98260498, -32.32836914 ], [ -64.98254395, -32.32781982 ], [ -64.98242187, -32.32757568 ], [ -64.98205566, -32.32739258 ], [ -64.98187256, -32.32739258 ], [ -64.98150635, -32.32739258 ], [ -64.98132324, -32.32727051 ], [ -64.9810791, -32.3269043 ], [ -64.9810791, -32.32672119 ], [ -64.9810791, -32.32635498 ], [ -64.9810791, -32.32617187 ], [ -64.9810791, -32.32592773 ], [ -64.98065186, -32.32537842 ], [ -64.98040771, -32.32507324 ], [ -64.98022461, -32.3248291 ], [ -64.9798584, -32.3248291 ], [ -64.97955322, -32.32470703 ], [ -64.97912598, -32.32452393 ], [ -64.97845459, -32.32342529 ], [ -64.97802734, -32.32318115 ], [ -64.97747803, -32.32299805 ], [ -64.97705078, -32.32287598 ], [ -64.97680664, -32.32263184 ], [ -64.97637939, -32.32263184 ], [ -64.97604509, -32.32244611 ], [ -64.97583008, -32.32232666 ], [ -64.97558594, -32.32189941 ], [ -64.97536746, -32.32163725 ], [ -64.97528076, -32.3215332 ], [ -64.97338867, -32.31976318 ], [ -64.97267265, -32.31904545 ], [ -64.97251855, -32.31904545 ], [ -64.97109088, -32.31904545 ], [ -64.97022554, -32.31846856 ], [ -64.97019858, -32.31845059 ], [ -64.97016662, -32.31841382 ], [ -64.97009833, -32.31833526 ], [ -64.97005442, -32.31833526 ], [ -64.96990115, -32.31821264 ], [ -64.96888988, -32.31785572 ], [ -64.96787861, -32.31761778 ], [ -64.96675921, -32.3176232 ], [ -64.96670091, -32.31762144 ], [ -64.96497635, -32.3176268 ], [ -64.96456761, -32.31762808 ], [ -64.96385027, -32.31745533 ], [ -64.9634653, -32.31736263 ], [ -64.96312195, -32.31727994 ], [ -64.96297019, -32.3172434 ], [ -64.96099706, -32.31676824 ], [ -64.96029764, -32.31641157 ], [ -64.9602401, -32.31638223 ], [ -64.95949984, -32.31600473 ], [ -64.95760903, -32.3134453 ], [ -64.95743061, -32.3132038 ], [ -64.95688123, -32.31246015 ], [ -64.95654287, -32.31157706 ], [ -64.95652894, -32.31154072 ], [ -64.95617786, -32.31062443 ], [ -64.95540915, -32.31000405 ], [ -64.95528441, -32.30990337 ], [ -64.95479594, -32.30950915 ], [ -64.95373829, -32.30902532 ], [ -64.95280015, -32.30859616 ], [ -64.95230851, -32.30837125 ], [ -64.95199738, -32.30822892 ], [ -64.95199443, -32.30822757 ], [ -64.95113564, -32.30783471 ], [ -64.95014382, -32.30679382 ], [ -64.94869994, -32.3052785 ], [ -64.9486729, -32.30530734 ], [ -64.94712025, -32.3069635 ], [ -64.94615009, -32.30803577 ] ] ] ] } },
{ "type": "Feature", "properties": { "circuito": "00021", "codprov": "19", "coddepto": "002" }, "geometry": { "type": "MultiPolygon", "coordinates": [ [ [ [ -66.16271689, -32.83305975 ], [ -66.16574097, -32.83099177 ], [ -66.16951752, -32.82740981 ], [ -66.17279053, -32.82348072 ], [ -66.17423248, -32.81891839 ], [ -66.17517687, -32.81502681 ], [ -66.17536926, -32.814234 ], [ -66.17655945, -32.80954579 ], [ -66.17817688, -32.80497965 ], [ -66.17871115, -32.80407882 ], [ -66.17899723, -32.80359646 ], [ -66.17782438, -32.80060522 ], [ -66.1704027, -32.78892398 ], [ -66.16042772, -32.7786894 ], [ -66.14828301, -32.77029424 ], [ -66.13989956, -32.76652043 ], [ -66.13443503, -32.76406057 ], [ -66.11941518, -32.76022748 ], [ -66.10379956, -32.75894197 ], [ -66.08818694, -32.76025335 ], [ -66.07629235, -32.76331056 ], [ -66.07614482, -32.7634155 ], [ -66.07518005, -32.76410184 ], [ -66.0737915, -32.76874046 ], [ -66.07176208, -32.77322267 ], [ -66.06943512, -32.77758663 ], [ -66.06857296, -32.77898576 ], [ -66.06679535, -32.78187049 ], [ -66.06317902, -32.78547915 ], [ -66.05874634, -32.78850417 ], [ -66.05408478, -32.7912469 ], [ -66.04902649, -32.79342889 ], [ -66.03853607, -32.79706806 ], [ -66.0333786, -32.79900591 ], [ -66.03029236, -32.7997894 ], [ -66.03011633, -32.80027163 ], [ -66.02531853, -32.81341499 ], [ -66.02378327, -32.82660834 ], [ -66.02532602, -32.83980105 ], [ -66.02988881, -32.85248604 ], [ -66.03729742, -32.86417551 ], [ -66.04726788, -32.87441977 ], [ -66.05941731, -32.88282458 ], [ -66.07327853, -32.88906642 ], [ -66.08831813, -32.89290492 ], [ -66.103957, -32.89419229 ], [ -66.11959283, -32.89287892 ], [ -66.1346234, -32.88901542 ], [ -66.14398404, -32.88478023 ], [ -66.13659102, -32.8729066 ], [ -66.13631155, -32.86927354 ], [ -66.13603209, -32.86340476 ], [ -66.1539179, -32.83406085 ], [ -66.16258745, -32.83314827 ], [ -66.16271689, -32.83305975 ] ] ] ] } },
{ "type": "Feature", "properties": { "circuito": "0093B", "codprov": "19", "coddepto": "008" }, "geometry": { "type": "MultiPolygon", "coordinates": [ [ [ [ -66.19958317, -32.76348867 ], [ -66.198427, -32.76535345 ], [ -66.19823034, -32.76567064 ], [ -66.19690476, -32.76780869 ], [ -66.19617649, -32.7689833 ], [ -66.19425833, -32.77317929 ], [ -66.18970268, -32.78492806 ], [ -66.18796502, -32.79014105 ], [ -66.1870652, -32.7928405 ], [ -66.18262944, -32.79979385 ], [ -66.17899723, -32.80359646 ], [ -66.17871115, -32.80407882 ], [ -66.17817688, -32.80497965 ], [ -66.17655945, -32.80954579 ], [ -66.17536926, -32.814234 ], [ -66.17517687, -32.81502681 ], [ -66.17423248, -32.81891839 ], [ -66.17279053, -32.82348072 ], [ -66.16951752, -32.82740981 ], [ -66.16574097, -32.83099177 ], [ -66.16271689, -32.83305975 ], [ -66.16258745, -32.83314827 ], [ -66.15833383, -32.83772347 ], [ -66.15516048, -32.8416949 ], [ -66.15448425, -32.84267799 ], [ -66.15351687, -32.84408433 ], [ -66.15062004, -32.84894687 ], [ -66.14867874, -32.85273703 ], [ -66.14810244, -32.85386217 ], [ -66.14688836, -32.85565136 ], [ -66.14582462, -32.85721897 ], [ -66.14465343, -32.85936616 ], [ -66.144386, -32.85985644 ], [ -66.14362561, -32.86318312 ], [ -66.14356187, -32.86346201 ], [ -66.14342691, -32.86405243 ], [ -66.14476661, -32.86795988 ], [ -66.14486554, -32.86824842 ], [ -66.14738313, -32.8725643 ], [ -66.1533774, -32.88059662 ], [ -66.15351798, -32.88055445 ], [ -66.15374587, -32.88048608 ], [ -66.1547838, -32.88220092 ], [ -66.15613477, -32.88443295 ], [ -66.15616351, -32.88468203 ], [ -66.15622402, -32.88477645 ], [ -66.15624601, -32.8850867 ], [ -66.15630305, -32.88589144 ], [ -66.15648209, -32.88744307 ], [ -66.15649442, -32.88754997 ], [ -66.15649442, -32.88859131 ], [ -66.15649442, -32.8891609 ], [ -66.15649442, -32.89022121 ], [ -66.15649442, -32.89090677 ], [ -66.15636446, -32.8921631 ], [ -66.15613477, -32.89438344 ], [ -66.15565523, -32.89738058 ], [ -66.15542022, -32.89839892 ], [ -66.15530319, -32.89906935 ], [ -66.15543695, -32.90374894 ], [ -66.1572384, -32.9074599 ], [ -66.1576067, -32.90821859 ], [ -66.16004858, -32.91207253 ], [ -66.160284, -32.91244409 ], [ -66.16138665, -32.91420193 ], [ -66.16262943, -32.91618317 ], [ -66.16290492, -32.91664649 ], [ -66.16336796, -32.91742524 ], [ -66.16480125, -32.919927 ], [ -66.1654231, -32.92101242 ], [ -66.16566432, -32.92125553 ], [ -66.1657256, -32.92135766 ], [ -66.16932216, -32.92495422 ], [ -66.16936109, -32.92498203 ], [ -66.1702525, -32.92561875 ], [ -66.17384793, -32.92818691 ], [ -66.17435735, -32.92855078 ], [ -66.17608857, -32.92993576 ], [ -66.17735448, -32.93094849 ], [ -66.17771142, -32.93114396 ], [ -66.18067058, -32.93276445 ], [ -66.18238967, -32.93370586 ], [ -66.1842609, -32.9350733 ], [ -66.18550669, -32.93598368 ], [ -66.18635432, -32.9369524 ], [ -66.18637611, -32.93696976 ], [ -66.18665782, -32.93729925 ], [ -66.18802429, -32.93886093 ], [ -66.18818804, -32.93908901 ], [ -66.19134679, -32.94348871 ], [ -66.19138108, -32.94353646 ], [ -66.19456758, -32.94855762 ], [ -66.1953373, -32.9497705 ], [ -66.19785489, -32.95384661 ], [ -66.19972913, -32.9585322 ], [ -66.19977306, -32.95864202 ], [ -66.20006983, -32.96230222 ], [ -66.20012933, -32.96303612 ], [ -66.20013271, -32.96307778 ], [ -66.20045262, -32.96384555 ], [ -66.20133157, -32.96595503 ], [ -66.20137972, -32.96617174 ], [ -66.20174495, -32.96781525 ], [ -66.20281878, -32.96941721 ], [ -66.20374461, -32.97079839 ], [ -66.20396905, -32.97111011 ], [ -66.20492263, -32.97222262 ], [ -66.20608878, -32.97358313 ], [ -66.20684248, -32.97446245 ], [ -66.2068463, -32.9744669 ], [ -66.20739897, -32.9749991 ], [ -66.2100832, -32.97758392 ], [ -66.21188656, -32.97900762 ], [ -66.21236102, -32.9793822 ], [ -66.21451896, -32.98082082 ], [ -66.21703656, -32.98213956 ], [ -66.22199878, -32.98362823 ], [ -66.22283617, -32.98387945 ], [ -66.22303083, -32.98393784 ], [ -66.22354587, -32.9838377 ], [ -66.22373653, -32.98386351 ], [ -66.22388899, -32.98388415 ], [ -66.22396482, -32.98375623 ], [ -66.22410732, -32.98351584 ], [ -66.22520415, -32.98177746 ], [ -66.22578822, -32.98117491 ], [ -66.23515513, -32.9715117 ], [ -66.24728868, -32.96307841 ], [ -66.25891282, -32.95781017 ], [ -66.25175098, -32.94646784 ], [ -66.24715173, -32.93379126 ], [ -66.24557444, -32.9206016 ], [ -66.2470784, -32.90740584 ], [ -66.25160448, -32.89471098 ], [ -66.25897762, -32.88300457 ], [ -66.26891371, -32.87273603 ], [ -66.28103063, -32.86429943 ], [ -66.29486298, -32.85801841 ], [ -66.30987994, -32.8541339 ], [ -66.32550553, -32.85279484 ], [ -66.34114057, -32.85405257 ], [ -66.35618555, -32.85785886 ], [ -66.37006342, -32.86406774 ], [ -66.38224165, -32.87244106 ], [ -66.39225251, -32.88265759 ], [ -66.39971104, -32.89432526 ], [ -66.40432989, -32.90699616 ], [ -66.40593046, -32.92018369 ], [ -66.4044499, -32.93338118 ], [ -66.39994378, -32.94608136 ], [ -66.39258413, -32.95779587 ], [ -66.38305899, -32.96765394 ], [ -66.37053175, -32.97652041 ], [ -66.35888946, -32.98187496 ], [ -66.36609026, -32.99313502 ], [ -66.37070961, -33.00580697 ], [ -66.37230711, -33.01899474 ], [ -66.37082005, -33.03219167 ], [ -66.36630422, -33.04489051 ], [ -66.35893203, -33.05660294 ], [ -66.348986, -33.0668784 ], [ -66.33684807, -33.07532146 ], [ -66.32298494, -33.08160709 ], [ -66.30793011, -33.08549327 ], [ -66.29226325, -33.08683032 ], [ -66.27658776, -33.08556674 ], [ -66.26150739, -33.08175119 ], [ -66.24760281, -33.07553061 ], [ -66.23540915, -33.06714451 ], [ -66.22539526, -33.05691573 ], [ -66.21794574, -33.04523791 ], [ -66.21609206, -33.04086958 ], [ -66.21578142, -33.04003179 ], [ -66.21549594, -33.03926186 ], [ -66.21509852, -33.03774445 ], [ -66.21487078, -33.03679789 ], [ -66.214874, -33.04502367 ], [ -66.21488421, -33.0710415 ], [ -66.2148843, -33.07125566 ], [ -66.21460792, -33.08286012 ], [ -66.21457803, -33.08411516 ], [ -66.21457749, -33.08413768 ], [ -66.21482601, -33.08413557 ], [ -66.21479361, -33.10273776 ], [ -66.21476927, -33.11670568 ], [ -66.21627458, -33.11663767 ], [ -66.44814249, -33.10616322 ], [ -66.44830975, -33.10615567 ], [ -66.44850189, -33.10614699 ], [ -66.45339869, -33.10592578 ], [ -66.48370356, -33.10448496 ], [ -66.57975685, -33.09991819 ], [ -66.58006344, -33.10022909 ], [ -66.58053238, -33.10070462 ], [ -66.58373379, -33.10040179 ], [ -66.59102057, -33.0997125 ], [ -66.59979071, -33.09888289 ], [ -66.58953208, -32.76291278 ], [ -66.26578547, -32.76291278 ], [ -66.25436927, -32.76291278 ], [ -66.20226883, -32.76291278 ], [ -66.20222865, -32.76302671 ], [ -66.19998899, -32.76299058 ], [ -66.19989294, -32.76298903 ], [ -66.19958317, -32.76348867 ] ] ] ] } },
{ "type": "Feature", "properties": { "circuito": "00082", "codprov": "19", "coddepto": "007" }, "geometry": { "type": "MultiPolygon", "coordinates": [ [ [ [ -65.75875989, -32.29038098 ], [ -65.75938416, -32.29081425 ], [ -65.76358032, -32.29402237 ], [ -65.76482425, -32.29452171 ], [ -65.77503245, -32.29861948 ], [ -65.78996098, -32.30249378 ], [ -65.80549327, -32.30381817 ], [ -65.82103113, -32.30254165 ], [ -65.83597615, -32.29871337 ], [ -65.84975291, -32.29248075 ], [ -65.86183125, -32.28408377 ], [ -65.87174673, -32.27384565 ], [ -65.87911856, -32.26216037 ], [ -65.88366416, -32.24947747 ], [ -65.88520994, -32.23628463 ], [ -65.88369779, -32.22308898 ], [ -65.87918708, -32.21039749 ], [ -65.87185226, -32.19869761 ], [ -65.86197593, -32.1884385 ], [ -65.8499379, -32.18001387 ], [ -65.83620052, -32.17374695 ], [ -65.82129101, -32.16987811 ], [ -65.80578124, -32.16855572 ], [ -65.79026598, -32.16983048 ], [ -65.77534019, -32.17365351 ], [ -65.76157636, -32.17987819 ], [ -65.74950269, -32.18826575 ], [ -65.73958291, -32.1984944 ], [ -65.73219846, -32.21017159 ], [ -65.72763384, -32.22284904 ], [ -65.72606553, -32.23603987 ], [ -65.7275551, -32.24923729 ], [ -65.73204658, -32.26193402 ], [ -65.73936846, -32.27364184 ], [ -65.74924012, -32.28391038 ], [ -65.75069665, -32.28488687 ], [ -65.75398067, -32.28708854 ], [ -65.75502014, -32.28778542 ], [ -65.75875989, -32.29038098 ] ] ] ] } },
{ "type": "Feature", "properties": { "circuito": "00081", "codprov": "19", "coddepto": "007" }, "geometry": { "type": "MultiPolygon", "coordinates": [ [ [ [ -65.876616, -32.39938859 ], [ -65.87956574, -32.40252661 ], [ -65.88055587, -32.40357994 ], [ -65.8806394, -32.40373506 ], [ -65.88118028, -32.40473955 ], [ -65.88216806, -32.40657399 ], [ -65.88399586, -32.40895014 ], [ -65.88562273, -32.41106506 ], [ -65.88849966, -32.41303349 ], [ -65.8915382, -32.41511249 ], [ -65.89218661, -32.41555614 ], [ -65.89419102, -32.41709441 ], [ -65.8971383, -32.41935628 ], [ -65.89795452, -32.41996844 ], [ -65.90300673, -32.4237576 ], [ -65.90773263, -32.42730203 ], [ -65.91406174, -32.4325399 ], [ -65.91441167, -32.4328295 ], [ -65.91662899, -32.43275031 ], [ -65.91670603, -32.43281781 ], [ -65.92695355, -32.43546121 ], [ -65.94251064, -32.43676875 ], [ -65.95806938, -32.43547541 ], [ -65.97303056, -32.43163099 ], [ -65.98681813, -32.42538355 ], [ -65.99890151, -32.41697362 ], [ -66.00881608, -32.40672494 ], [ -66.0161811, -32.3950319 ], [ -66.02071426, -32.38234432 ], [ -66.02224245, -32.36915008 ], [ -66.02070824, -32.35595633 ], [ -66.01617188, -32.34327 ], [ -66.00880879, -32.3315783 ], [ -65.99890267, -32.32133009 ], [ -65.98683444, -32.31291865 ], [ -65.97306764, -32.30666671 ], [ -65.95813058, -32.30281405 ], [ -65.94259619, -32.30150843 ], [ -65.92706017, -32.30279992 ], [ -65.91211827, -32.30663899 ], [ -65.89834361, -32.3128784 ], [ -65.8862648, -32.32127884 ], [ -65.87634576, -32.33151802 ], [ -65.86896793, -32.34320298 ], [ -65.86460891, -32.35534658 ], [ -65.86286467, -32.36907747 ], [ -65.86437616, -32.38227307 ], [ -65.8671181, -32.38937352 ], [ -65.8673286, -32.38955793 ], [ -65.8680039, -32.3917189 ], [ -65.86884312, -32.39248183 ], [ -65.86927061, -32.39287045 ], [ -65.87341622, -32.39551904 ], [ -65.87370192, -32.39589997 ], [ -65.87514355, -32.39782215 ], [ -65.876616, -32.39938859 ] ] ] ] } },
{ "type": "Feature", "properties": { "circuito": "01803", "codprov": "19", "coddepto": "002" }, "geometry": { "type": "MultiPolygon", "coordinates": [ [ [ [ -65.58808836, -33.04553454 ], [ -65.58808803, -33.04556751 ], [ -65.58807366, -33.04698983 ], [ -65.58806134, -33.04820981 ], [ -65.58804732, -33.04959781 ], [ -65.58804698, -33.04963147 ], [ -65.58803758, -33.04966436 ], [ -65.58796576, -33.0501551 ], [ -65.58796574, -33.05015523 ], [ -65.59145426, -33.05033489 ], [ -65.59283267, -33.05040588 ], [ -65.59283795, -33.05041127 ], [ -65.59483037, -33.05055906 ], [ -65.59581952, -33.05063243 ], [ -65.59599213, -33.05064524 ], [ -65.60326894, -33.051185 ], [ -65.61016846, -33.05169678 ], [ -65.61138916, -33.05181885 ], [ -65.61260986, -33.05194092 ], [ -65.61383057, -33.05206299 ], [ -65.6151123, -33.05224609 ], [ -65.61633301, -33.05236816 ], [ -65.61688232, -33.05249023 ], [ -65.61755371, -33.05249023 ], [ -65.61865234, -33.0526123 ], [ -65.61877441, -33.0526123 ], [ -65.61987305, -33.05279541 ], [ -65.61999512, -33.05279541 ], [ -65.62109375, -33.05291748 ], [ -65.62115479, -33.05249023 ], [ -65.62164307, -33.04974365 ], [ -65.621521, -33.0489502 ], [ -65.62115479, -33.04876709 ], [ -65.62109375, -33.04876709 ], [ -65.62005615, -33.04864502 ], [ -65.61987305, -33.04864502 ], [ -65.61877441, -33.04852295 ], [ -65.61865234, -33.04852295 ], [ -65.61785889, -33.04840088 ], [ -65.61575951, -33.04822593 ], [ -65.61566162, -33.04821777 ], [ -65.61450195, -33.0480957 ], [ -65.61437988, -33.0480957 ], [ -65.61328125, -33.04797363 ], [ -65.61315918, -33.04785156 ], [ -65.61206055, -33.04779053 ], [ -65.61083984, -33.04766846 ], [ -65.60613396, -33.04725212 ], [ -65.60613659, -33.04724726 ], [ -65.60452291, -33.04709037 ], [ -65.5978315, -33.04643982 ], [ -65.58879866, -33.04556163 ], [ -65.58808878, -33.04549261 ], [ -65.58808836, -33.04553454 ] ] ] ] } },
{ "type": "Feature", "properties": { "circuito": "00024", "codprov": "19", "coddepto": "002" }, "geometry": { "type": "MultiPolygon", "coordinates": [ [ [ [ -66.21488421, -33.0710415 ], [ -66.214874, -33.04502367 ], [ -66.21487078, -33.03679789 ], [ -66.21487045, -33.03596284 ], [ -66.21490713, -33.03364466 ], [ -66.21491862, -33.03291857 ], [ -66.21492947, -33.03289863 ], [ -66.21497593, -32.99345588 ], [ -66.21362985, -32.99184708 ], [ -66.20995713, -32.99084543 ], [ -66.20089847, -32.98822606 ], [ -66.20177159, -32.98604325 ], [ -66.20264471, -32.9837513 ], [ -66.20431987, -32.98072006 ], [ -66.20417382, -32.9805455 ], [ -66.20482753, -32.97927654 ], [ -66.20329956, -32.97545662 ], [ -66.20133503, -32.9762206 ], [ -66.20049097, -32.97614387 ], [ -66.20037254, -32.97600232 ], [ -66.19664199, -32.97600232 ], [ -66.19216722, -32.97436521 ], [ -66.19151238, -32.9721824 ], [ -66.18409083, -32.96814421 ], [ -66.1786338, -32.96497913 ], [ -66.1775424, -32.96323288 ], [ -66.17699669, -32.95941296 ], [ -66.17415904, -32.95646617 ], [ -66.16662834, -32.95592047 ], [ -66.16444553, -32.95450164 ], [ -66.16444553, -32.95177313 ], [ -66.1578971, -32.94948118 ], [ -66.15778796, -32.94216876 ], [ -66.15342234, -32.93791228 ], [ -66.15309492, -32.93212783 ], [ -66.14807446, -32.92426972 ], [ -66.14466705, -32.91716285 ], [ -66.14425454, -32.91630246 ], [ -66.14403626, -32.91019059 ], [ -66.14412418, -32.90953117 ], [ -66.14494601, -32.90647866 ], [ -66.12085096, -32.90654922 ], [ -66.09947138, -32.90661182 ], [ -66.09403016, -32.90963472 ], [ -66.0901994, -32.90965218 ], [ -66.08706353, -32.91098255 ], [ -66.08477534, -32.91229008 ], [ -66.08046048, -32.91320535 ], [ -66.07235378, -32.91555891 ], [ -66.06849656, -32.91738946 ], [ -66.06588149, -32.91856624 ], [ -66.06326642, -32.92013528 ], [ -66.06019372, -32.9209198 ], [ -66.0563365, -32.92373099 ], [ -66.05019109, -32.92386175 ], [ -66.0473799, -32.92562692 ], [ -66.04548398, -32.92713058 ], [ -66.04306504, -32.92935339 ], [ -66.04247665, -32.93092243 ], [ -66.04273816, -32.93307986 ], [ -66.04313042, -32.9346489 ], [ -66.04411107, -32.93641406 ], [ -66.04515709, -32.93765622 ], [ -66.04613774, -32.93922526 ], [ -66.04596286, -32.94036281 ], [ -66.04525156, -32.94103227 ], [ -66.04512604, -32.94140884 ], [ -66.0452934, -32.94199462 ], [ -66.04546077, -32.94253855 ], [ -66.04554445, -32.94320801 ], [ -66.04541893, -32.9439193 ], [ -66.04487499, -32.94417035 ], [ -66.04433106, -32.94467244 ], [ -66.04416369, -32.94521638 ], [ -66.04416369, -32.94613688 ], [ -66.0445821, -32.94680634 ], [ -66.04550261, -32.94726659 ], [ -66.04583734, -32.94814525 ], [ -66.04592102, -32.94906575 ], [ -66.04646495, -32.94960969 ], [ -66.04759466, -32.95015362 ], [ -66.04767834, -32.95090676 ], [ -66.04746914, -32.95140885 ], [ -66.04738546, -32.95228752 ], [ -66.04847332, -32.9523712 ], [ -66.04914278, -32.95241304 ], [ -66.04922646, -32.95283145 ], [ -66.04956119, -32.95320802 ], [ -66.04972855, -32.95383563 ], [ -66.04960303, -32.95412852 ], [ -66.04880805, -32.95463061 ], [ -66.0483478, -32.95483982 ], [ -66.04843148, -32.95559296 ], [ -66.04889173, -32.9563461 ], [ -66.04922646, -32.95680635 ], [ -66.04884989, -32.95755949 ], [ -66.0474273, -32.95776869 ], [ -66.04721809, -32.95831263 ], [ -66.04746914, -32.95906577 ], [ -66.04797123, -32.95994443 ], [ -66.04805491, -32.9610323 ], [ -66.04788755, -32.96174359 ], [ -66.04684152, -32.962162 ], [ -66.04596286, -32.96224569 ], [ -66.04592102, -32.96295698 ], [ -66.04587918, -32.96324987 ], [ -66.04487499, -32.96442142 ], [ -66.04399633, -32.96517456 ], [ -66.04328503, -32.96576034 ], [ -66.04286662, -32.96642979 ], [ -66.04269926, -32.96722477 ], [ -66.04290846, -32.96806159 ], [ -66.04290846, -32.96881473 ], [ -66.04253189, -32.96965155 ], [ -66.04232269, -32.97019549 ], [ -66.04156955, -32.97078126 ], [ -66.04140218, -32.97115783 ], [ -66.04077457, -32.97195281 ], [ -66.04014695, -32.97283147 ], [ -66.04010511, -32.97383566 ], [ -66.04027248, -32.97425407 ], [ -66.04071181, -32.97471432 ], [ -66.0412139, -32.97509089 ], [ -66.04184152, -32.97517457 ], [ -66.04238545, -32.9753001 ], [ -66.0426365, -32.9755093 ], [ -66.04251097, -32.97630428 ], [ -66.04225993, -32.97680637 ], [ -66.04217624, -32.97730847 ], [ -66.04234361, -32.97797792 ], [ -66.04234361, -32.97873106 ], [ -66.04242729, -32.97960972 ], [ -66.0426365, -32.98015366 ], [ -66.04288754, -32.98057207 ], [ -66.0428457, -32.98119969 ], [ -66.04280386, -32.98207835 ], [ -66.04272018, -32.98270596 ], [ -66.04305491, -32.9834591 ], [ -66.04322227, -32.98396119 ], [ -66.04322227, -32.98471433 ], [ -66.04313859, -32.98525827 ], [ -66.04305491, -32.98576036 ], [ -66.04322227, -32.98588588 ], [ -66.04368252, -32.98622061 ], [ -66.04468671, -32.98684823 ], [ -66.04506328, -32.9872248 ], [ -66.04514696, -32.98789425 ], [ -66.04531432, -32.98856371 ], [ -66.04531432, -32.98923317 ], [ -66.04548169, -32.98944237 ], [ -66.04598378, -32.98952606 ], [ -66.04665324, -32.9895679 ], [ -66.04698797, -32.98919133 ], [ -66.04723901, -32.98902396 ], [ -66.04761558, -32.98902396 ], [ -66.04778295, -32.9895679 ], [ -66.0477411, -32.98986078 ], [ -66.04757374, -32.99032104 ], [ -66.04715533, -32.99057208 ], [ -66.04644403, -32.99082313 ], [ -66.04573273, -32.99099049 ], [ -66.04493775, -32.99094865 ], [ -66.04393357, -32.99086497 ], [ -66.04318043, -32.9906976 ], [ -66.04251097, -32.9906976 ], [ -66.04188336, -32.99057208 ], [ -66.04159047, -32.99082313 ], [ -66.04184152, -32.99107417 ], [ -66.04205072, -32.99157627 ], [ -66.04330595, -32.99232941 ], [ -66.04443566, -32.9928315 ], [ -66.04464487, -32.99329175 ], [ -66.04468671, -32.993752 ], [ -66.04330595, -32.99404489 ], [ -66.04292938, -32.99404489 ], [ -66.04225993, -32.99421225 ], [ -66.04188336, -32.9944633 ], [ -66.04163231, -32.99488171 ], [ -66.04150679, -32.99546749 ], [ -66.04150679, -32.99584405 ], [ -66.04209256, -32.99651351 ], [ -66.04255281, -32.99668088 ], [ -66.04272018, -32.99726665 ], [ -66.04163231, -32.99810347 ], [ -66.04071181, -32.99860556 ], [ -66.03962394, -32.99856372 ], [ -66.03912185, -32.99831268 ], [ -66.03841055, -32.99852188 ], [ -66.03774109, -32.99881477 ], [ -66.03765741, -32.99894029 ], [ -66.03671599, -32.99952607 ], [ -66.03600469, -33.00036289 ], [ -66.0357118, -33.0007813 ], [ -66.03520971, -33.00157628 ], [ -66.03520971, -33.00228758 ], [ -66.03520971, -33.0031244 ], [ -66.03554444, -33.00366833 ], [ -66.03625573, -33.00471436 ], [ -66.03679967, -33.00576038 ], [ -66.03746913, -33.00630432 ], [ -66.03755281, -33.00755955 ], [ -66.03746913, -33.00797796 ], [ -66.0371344, -33.00852189 ], [ -66.03675783, -33.00889846 ], [ -66.03621389, -33.00906583 ], [ -66.0357118, -33.00931687 ], [ -66.03537707, -33.00956792 ], [ -66.03466577, -33.00981897 ], [ -66.03374527, -33.01032106 ], [ -66.03370343, -33.01124156 ], [ -66.03416368, -33.01157629 ], [ -66.03470762, -33.01182734 ], [ -66.03546075, -33.01241311 ], [ -66.03546075, -33.01324993 ], [ -66.03483314, -33.01404491 ], [ -66.03437289, -33.01458885 ], [ -66.03361975, -33.01513278 ], [ -66.0331595, -33.01542567 ], [ -66.03257372, -33.01638801 ], [ -66.03249004, -33.01781061 ], [ -66.03194611, -33.0197353 ], [ -66.03202979, -33.02057212 ], [ -66.03194611, -33.02128342 ], [ -66.03148585, -33.02212024 ], [ -66.03144401, -33.02308258 ], [ -66.03136033, -33.02404493 ], [ -66.03094192, -33.02425413 ], [ -66.03029338, -33.02513279 ], [ -66.02974945, -33.02601146 ], [ -66.02970761, -33.02705748 ], [ -66.02958209, -33.0278943 ], [ -66.02899631, -33.02852192 ], [ -66.0285779, -33.02910769 ], [ -66.02803397, -33.02960979 ], [ -66.02702978, -33.03048845 ], [ -66.02677874, -33.03149263 ], [ -66.0260256, -33.03199473 ], [ -66.02560719, -33.03199473 ], [ -66.02527246, -33.03228761 ], [ -66.02468668, -33.03274787 ], [ -66.02493773, -33.03396126 ], [ -66.0260256, -33.03433783 ], [ -66.02652769, -33.03509097 ], [ -66.02564903, -33.03588595 ], [ -66.02502141, -33.03622067 ], [ -66.02380802, -33.03613699 ], [ -66.02238542, -33.03605331 ], [ -66.02179965, -33.0365554 ], [ -66.02209254, -33.03776879 ], [ -66.02171597, -33.03831273 ], [ -66.0197076, -33.03839641 ], [ -66.02029337, -33.03990269 ], [ -66.02096283, -33.04044662 ], [ -66.0220507, -33.04119976 ], [ -66.02251095, -33.0421621 ], [ -66.02209254, -33.04316629 ], [ -66.02188333, -33.0437939 ], [ -66.02050258, -33.04400311 ], [ -66.02008417, -33.0445052 ], [ -66.02008417, -33.04525834 ], [ -66.02096283, -33.046137 ], [ -66.02121387, -33.04668094 ], [ -66.02079546, -33.04760144 ], [ -66.01979128, -33.04814537 ], [ -66.01832684, -33.04831274 ], [ -66.01767831, -33.04881483 ], [ -66.01776199, -33.04906588 ], [ -66.01868249, -33.04981902 ], [ -66.01893354, -33.05019559 ], [ -66.01893354, -33.05090688 ], [ -66.01855697, -33.05119977 ], [ -66.01830592, -33.05161818 ], [ -66.01843144, -33.05228764 ], [ -66.01922642, -33.05299894 ], [ -66.0188917, -33.05366839 ], [ -66.01780383, -33.05304078 ], [ -66.01713437, -33.052455 ], [ -66.01525152, -33.05216212 ], [ -66.01504232, -33.05274789 ], [ -66.01504232, -33.05341735 ], [ -66.01575362, -33.05391944 ], [ -66.01671596, -33.0547981 ], [ -66.01721805, -33.05513283 ], [ -66.01663228, -33.05617886 ], [ -66.01659044, -33.05651359 ], [ -66.01633939, -33.05689016 ], [ -66.01550257, -33.056932 ], [ -66.01428918, -33.05705752 ], [ -66.01387077, -33.05801986 ], [ -66.0142055, -33.05923325 ], [ -66.01403813, -33.06002823 ], [ -66.01357788, -33.06099058 ], [ -66.01345236, -33.06140899 ], [ -66.01265738, -33.06203661 ], [ -66.01253186, -33.0627479 ], [ -66.01215529, -33.06391945 ], [ -66.01069085, -33.06421234 ], [ -66.01060717, -33.06592782 ], [ -66.01031428, -33.06676464 ], [ -66.01064901, -33.06781067 ], [ -66.01198792, -33.06801988 ], [ -66.01219713, -33.06868933 ], [ -66.0125737, -33.06998641 ], [ -66.01374525, -33.06994456 ], [ -66.01445654, -33.06994456 ], [ -66.01454023, -33.07019561 ], [ -66.01449839, -33.07044666 ], [ -66.0144147, -33.07157637 ], [ -66.0149168, -33.07224582 ], [ -66.01487495, -33.07299896 ], [ -66.0153558, -33.07332127 ], [ -66.01462031, -33.07430192 ], [ -66.01323106, -33.07544601 ], [ -66.01323106, -33.07667182 ], [ -66.01314934, -33.07773419 ], [ -66.01388483, -33.07797936 ], [ -66.01412999, -33.07953205 ], [ -66.01412999, -33.0805127 ], [ -66.01462031, -33.08214712 ], [ -66.01363966, -33.08312777 ], [ -66.01282245, -33.0840267 ], [ -66.01249557, -33.08476218 ], [ -66.01159664, -33.08541595 ], [ -66.01037083, -33.08598799 ], [ -66.00914502, -33.08664176 ], [ -66.00800093, -33.0863966 ], [ -66.00759232, -33.08598799 ], [ -66.00612135, -33.08517079 ], [ -66.00481382, -33.08525251 ], [ -66.00416005, -33.08647832 ], [ -66.00440521, -33.08745897 ], [ -66.00759232, -33.08803102 ], [ -66.00914502, -33.08852134 ], [ -66.01094288, -33.08958371 ], [ -66.01176008, -33.09023748 ], [ -66.01184181, -33.09080952 ], [ -66.01053427, -33.09203533 ], [ -66.00930846, -33.09203533 ], [ -66.0075106, -33.09326115 ], [ -66.00448693, -33.09456868 ], [ -66.00268907, -33.0946504 ], [ -66.00134482, -33.09607372 ], [ -66.00171711, -33.09644601 ], [ -66.00390079, -33.09658249 ], [ -66.00622096, -33.09671897 ], [ -66.00649392, -33.09753785 ], [ -66.00676688, -33.09985801 ], [ -66.00854112, -33.09972153 ], [ -66.0107248, -33.10054042 ], [ -66.0107248, -33.10217818 ], [ -66.01181665, -33.10327002 ], [ -66.01331793, -33.10327002 ], [ -66.01359089, -33.10258762 ], [ -66.01413681, -33.1006769 ], [ -66.01495569, -33.09985801 ], [ -66.01509217, -33.09835673 ], [ -66.01509217, -33.09794729 ], [ -66.01563809, -33.09712841 ], [ -66.0170029, -33.09590009 ], [ -66.01864066, -33.09603657 ], [ -66.02000546, -33.09521769 ], [ -66.02137027, -33.09426232 ], [ -66.02137027, -33.09262456 ], [ -66.02137027, -33.09153272 ], [ -66.02218915, -33.08934903 ], [ -66.02218915, -33.08853015 ], [ -66.02423635, -33.08771127 ], [ -66.02546467, -33.08825719 ], [ -66.02778484, -33.08866663 ], [ -66.02887668, -33.08866663 ], [ -66.03037796, -33.08702887 ], [ -66.03119684, -33.08702887 ], [ -66.03201573, -33.08771127 ], [ -66.03235693, -33.08784775 ], [ -66.03222045, -33.08934903 ], [ -66.03126508, -33.0903044 ], [ -66.0311286, -33.09112328 ], [ -66.03099212, -33.09344344 ], [ -66.03017324, -33.09480824 ], [ -66.02962732, -33.09671897 ], [ -66.0297638, -33.09794729 ], [ -66.02962732, -33.09917561 ], [ -66.02880844, -33.09999449 ], [ -66.0290814, -33.10176874 ], [ -66.02880844, -33.10286058 ], [ -66.02867196, -33.10436186 ], [ -66.03017324, -33.10572667 ], [ -66.03071916, -33.10640907 ], [ -66.03071916, -33.10818331 ], [ -66.03126508, -33.10968459 ], [ -66.03181101, -33.10982107 ], [ -66.03331229, -33.11050347 ], [ -66.03399469, -33.11036699 ], [ -66.03535949, -33.11091292 ], [ -66.03563245, -33.11118588 ], [ -66.03563245, -33.11296012 ], [ -66.03658781, -33.113779 ], [ -66.03686077, -33.1144614 ], [ -66.0387715, -33.11568972 ], [ -66.03999982, -33.11405196 ], [ -66.04068222, -33.11227772 ], [ -66.04122814, -33.11132236 ], [ -66.04204702, -33.11132236 ], [ -66.04532255, -33.11132236 ], [ -66.04655087, -33.11132236 ], [ -66.04750624, -33.1117318 ], [ -66.04805216, -33.11296012 ], [ -66.05037232, -33.11323308 ], [ -66.05201008, -33.11405196 ], [ -66.05351137, -33.11418844 ], [ -66.05569505, -33.11418844 ], [ -66.05719633, -33.11391548 ], [ -66.05842466, -33.11391548 ], [ -66.05965298, -33.11364252 ], [ -66.06115426, -33.11405196 ], [ -66.06197314, -33.11432492 ], [ -66.06306499, -33.11596269 ], [ -66.06456627, -33.11596269 ], [ -66.06483923, -33.11828285 ], [ -66.06347443, -33.11855581 ], [ -66.06279202, -33.11896525 ], [ -66.06183666, -33.12114894 ], [ -66.06129074, -33.12319614 ], [ -66.06115426, -33.12469742 ], [ -66.06170018, -33.1255163 ], [ -66.06183666, -33.12906479 ], [ -66.06251906, -33.13479696 ], [ -66.06251906, -33.13793601 ], [ -66.06374739, -33.14080209 ], [ -66.06674995, -33.14380466 ], [ -66.06784179, -33.14462354 ], [ -66.06905757, -33.14558603 ], [ -66.09321941, -33.14587043 ], [ -66.09624669, -33.14586826 ], [ -66.09553865, -33.08508968 ], [ -66.119497, -33.08490739 ], [ -66.21457749, -33.08413768 ], [ -66.21457803, -33.08411516 ], [ -66.21460792, -33.08286012 ], [ -66.2148843, -33.07125566 ], [ -66.21488421, -33.0710415 ] ] ] ] } },
{ "type": "Feature", "properties": { "circuito": "01804", "codprov": "19", "coddepto": "002" }, "geometry": { "type": "MultiPolygon", "coordinates": [ [ [ [ -65.58794757, -33.05027939 ], [ -65.58794348, -33.05037144 ], [ -65.58792036, -33.05089158 ], [ -65.5879059, -33.05121713 ], [ -65.58787975, -33.05180541 ], [ -65.5878602, -33.05193251 ], [ -65.58779614, -33.05234889 ], [ -65.58780679, -33.05238004 ], [ -65.58801138, -33.05297807 ], [ -65.58869849, -33.05498654 ], [ -65.58886234, -33.0554655 ], [ -65.58888311, -33.0555262 ], [ -65.58888976, -33.0555262 ], [ -65.58899925, -33.0555262 ], [ -65.58919751, -33.0555262 ], [ -65.58975412, -33.0555262 ], [ -65.58976105, -33.0555262 ], [ -65.59009522, -33.05540685 ], [ -65.59034634, -33.05531716 ], [ -65.59061513, -33.05532556 ], [ -65.59137407, -33.05534928 ], [ -65.59168415, -33.05535897 ], [ -65.59381709, -33.05517021 ], [ -65.59430717, -33.05512684 ], [ -65.59493916, -33.05507092 ], [ -65.59504931, -33.05506117 ], [ -65.5964083, -33.0549409 ], [ -65.59838867, -33.05483803 ], [ -65.59893647, -33.05480957 ], [ -65.59959723, -33.05477524 ], [ -65.59962741, -33.05477368 ], [ -65.59973508, -33.05480957 ], [ -65.59999742, -33.05489702 ], [ -65.60025394, -33.05498252 ], [ -65.6002545, -33.05498271 ], [ -65.60025449, -33.05498274 ], [ -65.60037151, -33.05502935 ], [ -65.60058594, -33.05511475 ], [ -65.60095215, -33.05493164 ], [ -65.60137939, -33.05511475 ], [ -65.60192871, -33.05523682 ], [ -65.60247803, -33.05566406 ], [ -65.60302734, -33.05603027 ], [ -65.60357666, -33.05645752 ], [ -65.60412598, -33.05700684 ], [ -65.60479736, -33.05755615 ], [ -65.605896, -33.05853271 ], [ -65.60687256, -33.05944824 ], [ -65.60784912, -33.06030273 ], [ -65.60839844, -33.06072998 ], [ -65.60894775, -33.06115723 ], [ -65.60949707, -33.06140137 ], [ -65.60998535, -33.06170654 ], [ -65.6104126, -33.06195068 ], [ -65.61083984, -33.06219482 ], [ -65.61126709, -33.06225586 ], [ -65.61138195, -33.06231329 ], [ -65.61151123, -33.06237793 ], [ -65.61193848, -33.0625 ], [ -65.61218262, -33.06262207 ], [ -65.61260986, -33.06274414 ], [ -65.61315918, -33.06280518 ], [ -65.61383057, -33.06292725 ], [ -65.61456299, -33.06304932 ], [ -65.61523437, -33.06304932 ], [ -65.61767578, -33.06335449 ], [ -65.61950684, -33.06347656 ], [ -65.61962891, -33.06347656 ], [ -65.62097168, -33.05334473 ], [ -65.62109375, -33.05291748 ], [ -65.61999512, -33.05279541 ], [ -65.61987305, -33.05279541 ], [ -65.61877441, -33.0526123 ], [ -65.61865234, -33.0526123 ], [ -65.61755371, -33.05249023 ], [ -65.61688232, -33.05249023 ], [ -65.61633301, -33.05236816 ], [ -65.6151123, -33.05224609 ], [ -65.61383057, -33.05206299 ], [ -65.61260986, -33.05194092 ], [ -65.61138916, -33.05181885 ], [ -65.61016846, -33.05169678 ], [ -65.60326894, -33.051185 ], [ -65.59599213, -33.05064524 ], [ -65.59581952, -33.05063243 ], [ -65.59483037, -33.05055906 ], [ -65.59283795, -33.05041127 ], [ -65.59283267, -33.05040588 ], [ -65.59145426, -33.05033489 ], [ -65.58796574, -33.05015523 ], [ -65.58794757, -33.05027939 ] ] ] ] } },
{ "type": "Feature", "properties": { "circuito": "01802", "codprov": "19", "coddepto": "002" }, "geometry": { "type": "MultiPolygon", "coordinates": [ [ [ [ -65.63176483, -33.063793 ], [ -65.63201703, -33.06364516 ], [ -65.63337673, -33.06321163 ], [ -65.63362669, -33.06313575 ], [ -65.63448025, -33.06287663 ], [ -65.63455575, -33.06284039 ], [ -65.63466442, -33.06278823 ], [ -65.6349729, -33.06264016 ], [ -65.63502425, -33.06263503 ], [ -65.63516996, -33.06262046 ], [ -65.63570202, -33.06250222 ], [ -65.63626909, -33.06224298 ], [ -65.63639065, -33.06218742 ], [ -65.63639172, -33.06218693 ], [ -65.63641865, -33.06218004 ], [ -65.63658757, -33.06213683 ], [ -65.63723907, -33.06197016 ], [ -65.63727355, -33.06196786 ], [ -65.63753126, -33.06195068 ], [ -65.63780968, -33.06193212 ], [ -65.63783024, -33.06193075 ], [ -65.63787976, -33.06193385 ], [ -65.63814916, -33.06195068 ], [ -65.6383388, -33.06196254 ], [ -65.63846083, -33.06197016 ], [ -65.63897318, -33.0620884 ], [ -65.63939708, -33.06218731 ], [ -65.63954343, -33.06222145 ], [ -65.63956436, -33.06222634 ], [ -65.6395871, -33.06223913 ], [ -65.6396755, -33.06228886 ], [ -65.63987965, -33.06240369 ], [ -65.63982379, -33.06234354 ], [ -65.63962348, -33.06212781 ], [ -65.63953255, -33.0620231 ], [ -65.63832289, -33.06063017 ], [ -65.63823047, -33.06052255 ], [ -65.63729691, -33.05943553 ], [ -65.63692669, -33.05900446 ], [ -65.63688437, -33.05895517 ], [ -65.63609613, -33.05793047 ], [ -65.63608396, -33.0579089 ], [ -65.63540643, -33.05670871 ], [ -65.63540268, -33.05669997 ], [ -65.63525378, -33.05635253 ], [ -65.63517972, -33.05617971 ], [ -65.63511674, -33.05598341 ], [ -65.63503038, -33.05571425 ], [ -65.63494873, -33.05548096 ], [ -65.63470459, -33.05426025 ], [ -65.63458252, -33.05316162 ], [ -65.63452148, -33.05224609 ], [ -65.63238525, -33.05249023 ], [ -65.63153076, -33.0526123 ], [ -65.63140869, -33.0526123 ], [ -65.63128662, -33.0526123 ], [ -65.63061523, -33.05273437 ], [ -65.63031006, -33.05273437 ], [ -65.63018799, -33.05279541 ], [ -65.62976074, -33.05279541 ], [ -65.62908936, -33.05291748 ], [ -65.62896729, -33.05291748 ], [ -65.62890625, -33.05291748 ], [ -65.62799072, -33.05303955 ], [ -65.62677002, -33.05316162 ], [ -65.62670898, -33.05316162 ], [ -65.62567139, -33.05328369 ], [ -65.62548828, -33.05328369 ], [ -65.62438965, -33.05334473 ], [ -65.62426758, -33.05334473 ], [ -65.62426758, -33.0534668 ], [ -65.62304687, -33.05358887 ], [ -65.62207031, -33.0534668 ], [ -65.62097168, -33.05334473 ], [ -65.61962891, -33.06347656 ], [ -65.62030029, -33.06359863 ], [ -65.62304687, -33.06384277 ], [ -65.62384033, -33.06384277 ], [ -65.62567139, -33.06402588 ], [ -65.62731934, -33.06414795 ], [ -65.62799072, -33.06427002 ], [ -65.62878418, -33.06427002 ], [ -65.6295166, -33.06427002 ], [ -65.6295645, -33.06427002 ], [ -65.63036925, -33.06427496 ], [ -65.63042475, -33.06427539 ], [ -65.63042567, -33.06427531 ], [ -65.63085438, -33.06423633 ], [ -65.6309129, -33.06421098 ], [ -65.63144556, -33.06398016 ], [ -65.63176483, -33.063793 ] ] ] ] } },
{ "type": "Feature", "properties": { "circuito": "00055", "codprov": "19", "coddepto": "005" }, "geometry": { "type": "MultiPolygon", "coordinates": [ [ [ [ -65.7146719, -32.88015627 ], [ -65.71318272, -32.86703264 ], [ -65.70866432, -32.8543363 ], [ -65.68283548, -32.82626995 ], [ -65.67926503, -32.82391537 ], [ -65.66544174, -32.81762998 ], [ -65.65043333, -32.81374073 ], [ -65.63481546, -32.81239676 ], [ -65.61918699, -32.81364959 ], [ -65.6041472, -32.81745118 ], [ -65.59027293, -32.82365573 ], [ -65.57809658, -32.83202525 ], [ -65.5680858, -32.84223867 ], [ -65.56062554, -32.85390404 ], [ -65.55600323, -32.86657353 ], [ -65.55439759, -32.87976059 ], [ -65.55587165, -32.89295858 ], [ -65.56037011, -32.90566021 ], [ -65.56772122, -32.91737706 ], [ -65.57764325, -32.92765841 ], [ -65.5897552, -32.93610859 ], [ -65.59653136, -32.9391909 ], [ -65.60085039, -32.94115551 ], [ -65.6053147, -32.94350833 ], [ -65.60549968, -32.94361608 ], [ -65.60748434, -32.94294352 ], [ -65.60791463, -32.9427977 ], [ -65.60824719, -32.94268501 ], [ -65.60997499, -32.94209949 ], [ -65.61305863, -32.9405121 ], [ -65.61476297, -32.93963474 ], [ -65.61502164, -32.93939543 ], [ -65.61617719, -32.93832636 ], [ -65.61859027, -32.93609388 ], [ -65.62056571, -32.93381912 ], [ -65.62195625, -32.93221789 ], [ -65.62321799, -32.93079255 ], [ -65.62483543, -32.92896539 ], [ -65.62528667, -32.92845565 ], [ -65.62595465, -32.9279825 ], [ -65.62938251, -32.92577549 ], [ -65.62977343, -32.9255238 ], [ -65.63523482, -32.92404307 ], [ -65.63740837, -32.92263266 ], [ -65.63974986, -32.92111327 ], [ -65.63975843, -32.92110771 ], [ -65.64259158, -32.91710337 ], [ -65.64320157, -32.91228113 ], [ -65.64373646, -32.90751277 ], [ -65.64466387, -32.90279962 ], [ -65.64491127, -32.90212884 ], [ -65.6461884, -32.89866623 ], [ -65.64635488, -32.89821485 ], [ -65.64713124, -32.89661219 ], [ -65.64786351, -32.89510057 ], [ -65.64848374, -32.89382021 ], [ -65.64849661, -32.89379363 ], [ -65.64948414, -32.89265524 ], [ -65.65185968, -32.88991679 ], [ -65.6537317, -32.88764104 ], [ -65.65498699, -32.88611503 ], [ -65.65514543, -32.88592242 ], [ -65.65546957, -32.88572492 ], [ -65.65581071, -32.88551707 ], [ -65.65930526, -32.88338791 ], [ -65.65966842, -32.88316664 ], [ -65.65997753, -32.883066 ], [ -65.66211411, -32.88237041 ], [ -65.66242058, -32.88227063 ], [ -65.6644127, -32.88162207 ], [ -65.66507968, -32.88140492 ], [ -65.66695813, -32.88129737 ], [ -65.67013117, -32.8811157 ], [ -65.67064835, -32.88108609 ], [ -65.67289236, -32.88163659 ], [ -65.67618416, -32.88244405 ], [ -65.67860335, -32.88394157 ], [ -65.68077709, -32.88528715 ], [ -65.68183883, -32.88637248 ], [ -65.68437613, -32.88896615 ], [ -65.68644925, -32.89145545 ], [ -65.68766458, -32.89291476 ], [ -65.68966561, -32.8950154 ], [ -65.69087547, -32.89628549 ], [ -65.69130646, -32.89673793 ], [ -65.69634535, -32.89845445 ], [ -65.70216248, -32.89843237 ], [ -65.70651162, -32.89548513 ], [ -65.70941513, -32.89136299 ], [ -65.70954814, -32.89122998 ], [ -65.71303459, -32.88834186 ], [ -65.71343738, -32.88800819 ], [ -65.71356026, -32.88794596 ], [ -65.71386061, -32.88779386 ], [ -65.71393971, -32.88640081 ], [ -65.71468015, -32.88022893 ], [ -65.7146719, -32.88015627 ] ] ] ] } },
{ "type": "Feature", "properties": { "circuito": "00038", "codprov": "19", "coddepto": "003" }, "geometry": { "type": "MultiPolygon", "coordinates": [ [ [ [ -65.65182446, -33.2242769 ], [ -65.6453134, -33.22165714 ], [ -65.63057085, -33.21785137 ], [ -65.61488196, -33.21650449 ], [ -65.59918173, -33.21775421 ], [ -65.58407214, -33.22155261 ], [ -65.57171286, -33.22705115 ], [ -65.53551185, -33.27214846 ], [ -65.53407731, -33.28384793 ], [ -65.53555435, -33.29704534 ], [ -65.5400698, -33.30974704 ], [ -65.54745129, -33.32146459 ], [ -65.55741594, -33.33174725 ], [ -65.56958111, -33.34019929 ], [ -65.58347907, -33.34649534 ], [ -65.59857496, -33.35039296 ], [ -65.61428753, -33.35174204 ], [ -65.6300116, -33.35049061 ], [ -65.63434148, -33.34940205 ], [ -65.6366885, -33.34881199 ], [ -65.63669652, -33.34859522 ], [ -65.64008505, -33.34783453 ], [ -65.64634181, -33.3454671 ], [ -65.65023115, -33.34174686 ], [ -65.65023112, -33.34174675 ], [ -65.65034196, -33.34164058 ], [ -65.64905596, -33.33812856 ], [ -65.64760841, -33.33349014 ], [ -65.6465338, -33.32963272 ], [ -65.64630881, -33.32882507 ], [ -65.64566828, -33.3254273 ], [ -65.6454177, -33.32409804 ], [ -65.64506405, -33.31927336 ], [ -65.64561994, -33.31459554 ], [ -65.64753643, -33.31133348 ], [ -65.64816361, -33.31026596 ], [ -65.64986507, -33.30569954 ], [ -65.65008876, -33.30484705 ], [ -65.65030922, -33.30400687 ], [ -65.65053431, -33.30314905 ], [ -65.65109439, -33.30101456 ], [ -65.65166623, -33.2962646 ], [ -65.65166457, -33.2956611 ], [ -65.65165305, -33.29147694 ], [ -65.65172441, -33.28893571 ], [ -65.65174834, -33.2880833 ], [ -65.65178747, -33.28668968 ], [ -65.65189647, -33.28561019 ], [ -65.65218896, -33.28271353 ], [ -65.65227076, -33.2819034 ], [ -65.65237036, -33.28151301 ], [ -65.65303201, -33.2789198 ], [ -65.65345924, -33.27724531 ], [ -65.65476911, -33.27375965 ], [ -65.65518124, -33.27267884 ], [ -65.6569165, -33.26810337 ], [ -65.65869988, -33.263528 ], [ -65.65916092, -33.26161601 ], [ -65.65936254, -33.26077985 ], [ -65.65982871, -33.25887868 ], [ -65.65987608, -33.25742148 ], [ -65.65998405, -33.25410047 ], [ -65.65987827, -33.25014917 ], [ -65.65985515, -33.2492854 ], [ -65.65977988, -33.2444795 ], [ -65.65999308, -33.24012078 ], [ -65.66001292, -33.23971501 ], [ -65.66118746, -33.23702183 ], [ -65.66196685, -33.23523471 ], [ -65.66287272, -33.23311243 ], [ -65.66189918, -33.2319998 ], [ -65.6546278, -33.22540483 ], [ -65.65182446, -33.2242769 ] ] ] ] } },
{ "type": "Feature", "properties": { "circuito": "00017", "codprov": "19", "coddepto": "002" }, "geometry": { "type": "MultiPolygon", "coordinates": [ [ [ [ -65.83084714, -33.56425762 ], [ -65.83090291, -33.56425748 ], [ -65.83738935, -33.56136639 ], [ -65.84964297, -33.55297281 ], [ -65.85970289, -33.54273812 ], [ -65.86718278, -33.5310562 ], [ -65.87179597, -33.51837646 ], [ -65.87336632, -33.5051865 ], [ -65.87183486, -33.49199333 ], [ -65.86726181, -33.47930384 ], [ -65.85982407, -33.46760536 ], [ -65.84980824, -33.45734699 ], [ -65.8375995, -33.44892239 ], [ -65.82366678, -33.44265474 ], [ -65.80854472, -33.43878444 ], [ -65.79281332, -33.43745989 ], [ -65.77707576, -33.43873187 ], [ -65.76193547, -33.4425516 ], [ -65.74797312, -33.44877261 ], [ -65.73572448, -33.4571563 ], [ -65.72565999, -33.46738105 ], [ -65.71816667, -33.47905448 ], [ -65.71353324, -33.49172849 ], [ -65.7119389, -33.50491634 ], [ -65.7134463, -33.51811136 ], [ -65.71799888, -33.53080636 ], [ -65.72542284, -33.54251317 ], [ -65.73543369, -33.55278143 ], [ -65.74764699, -33.56121598 ], [ -65.75351541, -33.56440398 ], [ -65.75524015, -33.56511416 ], [ -65.75777652, -33.56663598 ], [ -65.76315363, -33.56876654 ], [ -65.76315661, -33.56876656 ], [ -65.76362522, -33.56877011 ], [ -65.76357652, -33.56881114 ], [ -65.81707932, -33.56910755 ], [ -65.81748352, -33.56910979 ], [ -65.81763493, -33.5690709 ], [ -65.82341786, -33.56754908 ], [ -65.83084714, -33.56425762 ] ] ] ] } },
{ "type": "Feature", "properties": { "circuito": "00004", "codprov": "19", "coddepto": "001" }, "geometry": { "type": "MultiPolygon", "coordinates": [ [ [ [ -66.1472127, -33.31715633 ], [ -66.14719872, -33.3172673 ], [ -66.14725667, -33.31729651 ], [ -66.14725656, -33.31729739 ], [ -66.14750243, -33.3174161 ], [ -66.15590096, -33.31928527 ], [ -66.16429852, -33.3204496 ], [ -66.1716769, -33.32062177 ], [ -66.17163742, -33.31712316 ], [ -66.1717667, -33.30376465 ], [ -66.17199342, -33.28033619 ], [ -66.17213604, -33.26559865 ], [ -66.19228728, -33.26056084 ], [ -66.21402049, -33.25512754 ], [ -66.21401619, -33.25511192 ], [ -66.21226292, -33.24873001 ], [ -66.21000684, -33.24051788 ], [ -66.2092227, -33.24056877 ], [ -66.1915002, -33.23984921 ], [ -66.18866967, -33.23973429 ], [ -66.18374925, -33.2394332 ], [ -66.18344625, -33.23941466 ], [ -66.18056843, -33.23923795 ], [ -66.18056194, -33.23923773 ], [ -66.18014187, -33.23922292 ], [ -66.17939165, -33.23919648 ], [ -66.15942083, -33.2384926 ], [ -66.157007, -33.23840752 ], [ -66.15038459, -33.29198886 ], [ -66.1472127, -33.31715633 ] ] ] ] } },
{ "type": "Feature", "properties": { "circuito": "00018", "codprov": "19", "coddepto": "nan" }, "geometry": { "type": "MultiPolygon", "coordinates": [ [ [ [ -65.61575951, -33.04822593 ], [ -65.61785889, -33.04840088 ], [ -65.61865234, -33.04852295 ], [ -65.61877441, -33.04852295 ], [ -65.61987305, -33.04864502 ], [ -65.62005615, -33.04864502 ], [ -65.62109375, -33.04876709 ], [ -65.62115479, -33.04876709 ], [ -65.621521, -33.0489502 ], [ -65.62139893, -33.04852295 ], [ -65.62115479, -33.04669189 ], [ -65.62005615, -33.04333496 ], [ -65.62042236, -33.04327393 ], [ -65.62060547, -33.0435791 ], [ -65.62097168, -33.04400635 ], [ -65.62139893, -33.04455566 ], [ -65.62182617, -33.04492187 ], [ -65.62219238, -33.04522705 ], [ -65.62261963, -33.04547119 ], [ -65.62316895, -33.04577637 ], [ -65.62371826, -33.04602051 ], [ -65.62438965, -33.04602051 ], [ -65.62506104, -33.04620361 ], [ -65.62713623, -33.04632568 ], [ -65.62878418, -33.04644775 ], [ -65.63031006, -33.04669189 ], [ -65.63116455, -33.04675293 ], [ -65.63183594, -33.046875 ], [ -65.63250732, -33.04711914 ], [ -65.63305664, -33.04742432 ], [ -65.63348389, -33.04785156 ], [ -65.6338501, -33.04833984 ], [ -65.63415527, -33.04876709 ], [ -65.63427734, -33.04931641 ], [ -65.63439941, -33.04974365 ], [ -65.63439941, -33.05029297 ], [ -65.63439941, -33.05084229 ], [ -65.63452148, -33.05181885 ], [ -65.63452148, -33.05194092 ], [ -65.63452148, -33.05224609 ], [ -65.63458252, -33.05316162 ], [ -65.63470459, -33.05426025 ], [ -65.63494873, -33.05548096 ], [ -65.63503038, -33.05571425 ], [ -65.63511674, -33.05598341 ], [ -65.63517972, -33.05617971 ], [ -65.63519195, -33.05617586 ], [ -65.63534155, -33.05612874 ], [ -65.63554127, -33.05606378 ], [ -65.63567124, -33.0560215 ], [ -65.63600628, -33.05591428 ], [ -65.63633601, -33.05579803 ], [ -65.63637198, -33.05578555 ], [ -65.63667108, -33.05568179 ], [ -65.63699545, -33.05556552 ], [ -65.63732785, -33.05544927 ], [ -65.63765757, -33.05533301 ], [ -65.63799268, -33.05520775 ], [ -65.63831169, -33.05509146 ], [ -65.63863873, -33.0549752 ], [ -65.63897919, -33.05484995 ], [ -65.6392982, -33.05473366 ], [ -65.63963327, -33.05461741 ], [ -65.63996031, -33.05450114 ], [ -65.64018475, -33.0544293 ], [ -65.64029534, -33.05439391 ], [ -65.6406304, -33.05427766 ], [ -65.64096008, -33.05417041 ], [ -65.64129511, -33.05406317 ], [ -65.64162478, -33.05395592 ], [ -65.6419678, -33.05385772 ], [ -65.64230279, -33.0537595 ], [ -65.64264309, -33.05367031 ], [ -65.64298607, -33.05358113 ], [ -65.64331567, -33.0534919 ], [ -65.64365865, -33.05340272 ], [ -65.64400431, -33.05331354 ], [ -65.64435264, -33.05322437 ], [ -65.6446929, -33.05314419 ], [ -65.64503588, -33.053055 ], [ -65.64537614, -33.05297482 ], [ -65.64571908, -33.05289464 ], [ -65.64606741, -33.05280546 ], [ -65.64640767, -33.05272528 ], [ -65.64675596, -33.05264512 ], [ -65.64710426, -33.05256495 ], [ -65.64744715, -33.05249379 ], [ -65.64778741, -33.0524136 ], [ -65.64814106, -33.05233345 ], [ -65.64848931, -33.0522623 ], [ -65.64883224, -33.05218212 ], [ -65.64918049, -33.05211096 ], [ -65.64952075, -33.05203077 ], [ -65.64986365, -33.0519596 ], [ -65.65022264, -33.05187946 ], [ -65.65056553, -33.05180829 ], [ -65.65090843, -33.05173711 ], [ -65.65126206, -33.05165695 ], [ -65.65160496, -33.05158578 ], [ -65.65195588, -33.05151463 ], [ -65.65229881, -33.05143443 ], [ -65.6526417, -33.05136326 ], [ -65.6529953, -33.05129211 ], [ -65.65333819, -33.05122093 ], [ -65.65369718, -33.05114078 ], [ -65.65404007, -33.05106959 ], [ -65.65438031, -33.05098939 ], [ -65.65455429, -33.05094995 ], [ -65.65473394, -33.05090922 ], [ -65.65507687, -33.05082902 ], [ -65.65543324, -33.05073082 ], [ -65.65578962, -33.05063262 ], [ -65.65614603, -33.0505254 ], [ -65.65650779, -33.0504182 ], [ -65.65686423, -33.05030197 ], [ -65.65722603, -33.05018575 ], [ -65.65759314, -33.05007855 ], [ -65.65795489, -33.04997133 ], [ -65.6579555, -33.04997117 ], [ -65.6583113, -33.04986413 ], [ -65.65867841, -33.04975693 ], [ -65.65902404, -33.04966771 ], [ -65.65938305, -33.04957853 ], [ -65.65939536, -33.04957571 ], [ -65.65973399, -33.04949833 ], [ -65.65979329, -33.04948766 ], [ -65.66006645, -33.04943851 ], [ -65.66007951, -33.04943616 ], [ -65.66043303, -33.04938302 ], [ -65.66076777, -33.04933885 ], [ -65.66110776, -33.04932174 ], [ -65.66116978, -33.04932015 ], [ -65.66135168, -33.0493155 ], [ -65.66142631, -33.04931359 ], [ -65.66146913, -33.04931485 ], [ -65.66176352, -33.04932352 ], [ -65.66207123, -33.0493514 ], [ -65.66223874, -33.04938082 ], [ -65.66238418, -33.04940635 ], [ -65.66261194, -33.04945993 ], [ -65.66269439, -33.04947932 ], [ -65.66282862, -33.04952011 ], [ -65.66299382, -33.0495703 ], [ -65.66330653, -33.04968836 ], [ -65.66360312, -33.04982441 ], [ -65.66389693, -33.0499875 ], [ -65.66419609, -33.0501506 ], [ -65.66423582, -33.0501768 ], [ -65.66448444, -33.05034073 ], [ -65.66477544, -33.05053988 ], [ -65.66506637, -33.05075706 ], [ -65.66511931, -33.05079847 ], [ -65.66534392, -33.0509742 ], [ -65.6656107, -33.05120935 ], [ -65.66587744, -33.05145351 ], [ -65.66613348, -33.05169764 ], [ -65.66615137, -33.05171611 ], [ -65.66637878, -33.05195076 ], [ -65.66662408, -33.05220389 ], [ -65.66686132, -33.052466 ], [ -65.66705924, -33.05269518 ], [ -65.66707985, -33.05271905 ], [ -65.66728233, -33.05297205 ], [ -65.6674821, -33.05323407 ], [ -65.66767926, -33.05347804 ], [ -65.66785501, -33.05372196 ], [ -65.66800396, -33.05397482 ], [ -65.66808453, -33.05412411 ], [ -65.66815016, -33.05424571 ], [ -65.66825886, -33.05452551 ], [ -65.6683515, -33.05480527 ], [ -65.66843068, -33.05510303 ], [ -65.66849113, -33.05540074 ], [ -65.66854887, -33.05570746 ], [ -65.66859052, -33.05602315 ], [ -65.66862149, -33.05632979 ], [ -65.66863637, -33.05664541 ], [ -65.66866196, -33.05696106 ], [ -65.66868219, -33.0572767 ], [ -65.66869175, -33.05758329 ], [ -65.66871201, -33.05788991 ], [ -65.6687296, -33.05819652 ], [ -65.6687392, -33.05849409 ], [ -65.66875946, -33.05880071 ], [ -65.66875567, -33.05909825 ], [ -65.66877062, -33.05939583 ], [ -65.66876947, -33.05970239 ], [ -65.66875497, -33.0599999 ], [ -65.66875386, -33.06029745 ], [ -65.668742, -33.06060398 ], [ -65.6687275, -33.06090149 ], [ -65.668721, -33.06120804 ], [ -65.66869312, -33.06150551 ], [ -65.66868394, -33.06181205 ], [ -65.66867756, -33.0619225 ], [ -65.66866676, -33.06210955 ], [ -65.66864958, -33.06240705 ], [ -65.6686297, -33.06271356 ], [ -65.66861787, -33.06301108 ], [ -65.66860602, -33.06331761 ], [ -65.66858616, -33.06361511 ], [ -65.66857966, -33.06392165 ], [ -65.66856784, -33.06421917 ], [ -65.66855598, -33.0645257 ], [ -65.66855219, -33.06482324 ], [ -65.66855643, -33.0651208 ], [ -65.66856598, -33.06542739 ], [ -65.66858361, -33.06572498 ], [ -65.66859419, -33.06588504 ], [ -65.66872775, -33.06733199 ], [ -65.66875883, -33.0675468 ], [ -65.6687898, -33.06785344 ], [ -65.66882081, -33.06815107 ], [ -65.66885179, -33.06845772 ], [ -65.66888545, -33.06876437 ], [ -65.66890575, -33.06906197 ], [ -65.66890999, -33.06935953 ], [ -65.66892223, -33.06966613 ], [ -65.66892135, -33.06990086 ], [ -65.66892393, -33.06993955 ], [ -65.66892112, -33.0699613 ], [ -65.66892111, -33.06996367 ], [ -65.66891197, -33.07026119 ], [ -65.66888408, -33.07055867 ], [ -65.66885619, -33.07085614 ], [ -65.66881497, -33.07114005 ], [ -65.66875494, -33.07144195 ], [ -65.66869228, -33.07173031 ], [ -65.66861356, -33.07201864 ], [ -65.66853216, -33.07230695 ], [ -65.66842667, -33.0725952 ], [ -65.66836775, -33.07277958 ], [ -65.66834513, -33.07287214 ], [ -65.66830683, -33.07295557 ], [ -65.6682237, -33.07317172 ], [ -65.66810218, -33.07345091 ], [ -65.667994, -33.07373915 ], [ -65.66786708, -33.07402734 ], [ -65.6677402, -33.07430652 ], [ -65.6676106, -33.07459471 ], [ -65.66747836, -33.07487387 ], [ -65.66734612, -33.07515303 ], [ -65.66730131, -33.07525848 ], [ -65.66733642, -33.07528969 ], [ -65.66830926, -33.07605725 ], [ -65.66827649, -33.0761253 ], [ -65.66804151, -33.07661323 ], [ -65.66670903, -33.0793801 ], [ -65.66499548, -33.08071559 ], [ -65.66202818, -33.08302822 ], [ -65.65807608, -33.08647079 ], [ -65.6556679, -33.08927949 ], [ -65.6547674, -33.09032977 ], [ -65.65362408, -33.0916852 ], [ -65.65147432, -33.09423378 ], [ -65.64976766, -33.09623125 ], [ -65.64815424, -33.0981196 ], [ -65.64497549, -33.10208687 ], [ -65.64206369, -33.10619909 ], [ -65.64015859, -33.10847924 ], [ -65.63890683, -33.10997744 ], [ -65.63877198, -33.11013883 ], [ -65.63672082, -33.11456899 ], [ -65.63666069, -33.11474236 ], [ -65.63577932, -33.11728368 ], [ -65.63513148, -33.11915168 ], [ -65.63512139, -33.11918076 ], [ -65.63483923, -33.12023916 ], [ -65.63450088, -33.12150831 ], [ -65.63392488, -33.12366892 ], [ -65.63481378, -33.12370458 ], [ -65.63547157, -33.12373098 ], [ -65.63810114, -33.12383649 ], [ -65.65319166, -33.12003135 ], [ -65.66710821, -33.11382039 ], [ -65.67931523, -33.10544277 ], [ -65.6893433, -33.09522098 ], [ -65.69680732, -33.08354839 ], [ -65.70142119, -33.07087407 ], [ -65.70300872, -33.0576854 ], [ -65.70151024, -33.04448934 ], [ -65.69698468, -33.0317929 ], [ -65.6896071, -33.02008369 ], [ -65.67966177, -33.00981123 ], [ -65.66753118, -33.00136974 ], [ -65.65368124, -32.99508306 ], [ -65.63864347, -32.99119231 ], [ -65.62299464, -32.98984668 ], [ -65.6073348, -32.99109777 ], [ -65.5922644, -32.99489759 ], [ -65.5882878, -32.99667188 ], [ -65.5840467, -32.99856419 ], [ -65.58431863, -33.00048587 ], [ -65.58541477, -33.00823201 ], [ -65.58537886, -33.00822635 ], [ -65.58604872, -33.01333637 ], [ -65.58607069, -33.013504 ], [ -65.58693106, -33.02006743 ], [ -65.58696746, -33.02034506 ], [ -65.5870107, -33.02067497 ], [ -65.59141241, -33.02511189 ], [ -65.59245757, -33.0257808 ], [ -65.5945097, -33.02684224 ], [ -65.59527674, -33.02727393 ], [ -65.60060986, -33.03050494 ], [ -65.60112503, -33.03084754 ], [ -65.6028529, -33.03199662 ], [ -65.60435565, -33.03299598 ], [ -65.60485323, -33.03332689 ], [ -65.60515731, -33.03360246 ], [ -65.60586719, -33.03424579 ], [ -65.60619104, -33.03453928 ], [ -65.60649793, -33.03482525 ], [ -65.60803053, -33.03625335 ], [ -65.60805078, -33.03636554 ], [ -65.6089131, -33.04114425 ], [ -65.60903389, -33.04181363 ], [ -65.60866379, -33.04251092 ], [ -65.60680317, -33.04601643 ], [ -65.60613659, -33.04724726 ], [ -65.60613396, -33.04725212 ], [ -65.61083984, -33.04766846 ], [ -65.61206055, -33.04779053 ], [ -65.61315918, -33.04785156 ], [ -65.61328125, -33.04797363 ], [ -65.61437988, -33.0480957 ], [ -65.61450195, -33.0480957 ], [ -65.61566162, -33.04821777 ], [ -65.61575951, -33.04822593 ] ] ], [ [ [ -65.60025449, -33.05498274 ], [ -65.5983314, -33.05786737 ], [ -65.59979463, -33.06384571 ], [ -65.60221942, -33.06727385 ], [ -65.60359457, -33.06913435 ], [ -65.60435155, -33.07015851 ], [ -65.6065673, -33.07287594 ], [ -65.60895028, -33.07571879 ], [ -65.61196035, -33.07801815 ], [ -65.612696, -33.07801815 ], [ -65.61282709, -33.07811539 ], [ -65.61608911, -33.07914886 ], [ -65.61947633, -33.078483 ], [ -65.62074114, -33.07787647 ], [ -65.62310101, -33.0767448 ], [ -65.62636141, -33.07437875 ], [ -65.62865335, -33.07179784 ], [ -65.62983017, -33.06888448 ], [ -65.63033115, -33.06559943 ], [ -65.63042475, -33.06427539 ], [ -65.63042567, -33.06427531 ], [ -65.63036925, -33.06427496 ], [ -65.6295645, -33.06427002 ], [ -65.6295166, -33.06427002 ], [ -65.62878418, -33.06427002 ], [ -65.62799072, -33.06427002 ], [ -65.62731934, -33.06414795 ], [ -65.62567139, -33.06402588 ], [ -65.62384033, -33.06384277 ], [ -65.62304687, -33.06384277 ], [ -65.62030029, -33.06359863 ], [ -65.61962891, -33.06347656 ], [ -65.61950684, -33.06347656 ], [ -65.61767578, -33.06335449 ], [ -65.61523437, -33.06304932 ], [ -65.61456299, -33.06304932 ], [ -65.61383057, -33.06292725 ], [ -65.61315918, -33.06280518 ], [ -65.61260986, -33.06274414 ], [ -65.61218262, -33.06262207 ], [ -65.61193848, -33.0625 ], [ -65.61151123, -33.06237793 ], [ -65.61138195, -33.06231329 ], [ -65.61126709, -33.06225586 ], [ -65.61083984, -33.06219482 ], [ -65.6104126, -33.06195068 ], [ -65.60998535, -33.06170654 ], [ -65.60949707, -33.06140137 ], [ -65.60894775, -33.06115723 ], [ -65.60839844, -33.06072998 ], [ -65.60784912, -33.06030273 ], [ -65.60687256, -33.05944824 ], [ -65.605896, -33.05853271 ], [ -65.60479736, -33.05755615 ], [ -65.60412598, -33.05700684 ], [ -65.60357666, -33.05645752 ], [ -65.60302734, -33.05603027 ], [ -65.60247803, -33.05566406 ], [ -65.60192871, -33.05523682 ], [ -65.60137939, -33.05511475 ], [ -65.60095215, -33.05493164 ], [ -65.60058594, -33.05511475 ], [ -65.60037151, -33.05502935 ], [ -65.60025449, -33.05498274 ] ] ], [ [ [ -65.6002545, -33.05498271 ], [ -65.60025394, -33.05498252 ], [ -65.60025449, -33.05498274 ], [ -65.6002545, -33.05498271 ] ] ] ] } },
{ "type": "Feature", "properties": { "circuito": "0005A", "codprov": "19", "coddepto": "001" }, "geometry": { "type": "MultiPolygon", "coordinates": [ [ [ [ -66.14717936, -33.31742094 ], [ -66.14485975, -33.33582601 ], [ -66.12764985, -33.47213296 ], [ -66.12587746, -33.48705752 ], [ -66.12598224, -33.48705853 ], [ -66.12598187, -33.48706148 ], [ -66.17464306, -33.48675591 ], [ -66.17906535, -33.48652518 ], [ -66.1875435, -33.48546541 ], [ -66.19496187, -33.48546541 ], [ -66.19505821, -33.47612018 ], [ -66.21056936, -33.47544578 ], [ -66.21885482, -33.47313356 ], [ -66.22241949, -33.47255551 ], [ -66.22367194, -33.47091769 ], [ -66.23542573, -33.46947255 ], [ -66.25141859, -33.4759275 ], [ -66.26384678, -33.47698726 ], [ -66.30614115, -33.47573481 ], [ -66.30758628, -33.46243954 ], [ -66.32150487, -33.46121768 ], [ -66.35922588, -33.46436639 ], [ -66.35845514, -33.46176515 ], [ -66.41876556, -33.4630176 ], [ -66.42184852, -33.47602384 ], [ -66.48466385, -33.47496407 ], [ -66.48504922, -33.49298012 ], [ -66.51953984, -33.49288378 ], [ -66.52320086, -33.50483025 ], [ -66.53090826, -33.49924239 ], [ -66.52904951, -33.49056743 ], [ -66.53774858, -33.48421295 ], [ -66.53630344, -33.4752531 ], [ -66.54401084, -33.46870181 ], [ -66.54372181, -33.46677496 ], [ -66.51163975, -33.44413446 ], [ -66.51674591, -33.41715856 ], [ -66.52137035, -33.41927809 ], [ -66.51814817, -33.38658547 ], [ -66.51770933, -33.36966169 ], [ -66.51780568, -33.35376517 ], [ -66.41518939, -33.33361001 ], [ -66.41518943, -33.37170781 ], [ -66.40390779, -33.37170781 ], [ -66.34014319, -33.37170781 ], [ -66.31580571, -33.37170781 ], [ -66.25585126, -33.37170781 ], [ -66.25585126, -33.34713987 ], [ -66.25585126, -33.34153839 ], [ -66.25585126, -33.33692424 ], [ -66.25585126, -33.33691491 ], [ -66.25585146, -33.33691491 ], [ -66.25588717, -33.33529349 ], [ -66.25050296, -33.33524172 ], [ -66.24809896, -33.33521861 ], [ -66.24793669, -33.33700355 ], [ -66.2470411, -33.33698538 ], [ -66.24356903, -33.33691491 ], [ -66.24008965, -33.33691491 ], [ -66.23809627, -33.33691491 ], [ -66.23254262, -33.33691491 ], [ -66.17186076, -33.33691491 ], [ -66.17177614, -33.3294172 ], [ -66.1716807, -33.32095925 ], [ -66.1716769, -33.32062177 ], [ -66.16429852, -33.3204496 ], [ -66.15590096, -33.31928527 ], [ -66.14750243, -33.3174161 ], [ -66.14725656, -33.31729739 ], [ -66.14725667, -33.31729651 ], [ -66.14719872, -33.3172673 ], [ -66.14717936, -33.31742094 ] ] ] ] } },
{ "type": "Feature", "properties": { "circuito": "00048", "codprov": "19", "coddepto": "004" }, "geometry": { "type": "MultiPolygon", "coordinates": [ [ [ [ -65.04081539, -33.0116265 ], [ -65.05442574, -33.01060196 ], [ -65.06952051, -33.00686747 ], [ -65.08345879, -33.00072185 ], [ -65.09613201, -32.99197 ], [ -65.10578564, -32.98222744 ], [ -65.11331611, -32.97059048 ], [ -65.11800686, -32.95793856 ], [ -65.11967873, -32.94475822 ], [ -65.11826879, -32.93155612 ], [ -65.11383256, -32.91883953 ], [ -65.10654167, -32.90709686 ], [ -65.0966771, -32.89677892 ], [ -65.08461826, -32.88828168 ], [ -65.07082834, -32.88193112 ], [ -65.05583658, -32.87797082 ], [ -65.040218, -32.87655262 ], [ -65.02457152, -32.87773089 ], [ -65.00949707, -32.8814604 ], [ -64.99557281, -32.88759814 ], [ -64.99433509, -32.88843852 ], [ -64.98333305, -32.89590866 ], [ -64.98129137, -32.89804682 ], [ -64.98099304, -32.89835925 ], [ -64.98106777, -32.89848153 ], [ -64.98135737, -32.89864241 ], [ -64.98132937, -32.89976239 ], [ -64.98137064, -32.9003608 ], [ -64.98145836, -32.90163272 ], [ -64.98154169, -32.90228269 ], [ -64.98129599, -32.90271266 ], [ -64.98102513, -32.90332209 ], [ -64.98102513, -32.90452417 ], [ -64.98103481, -32.90486313 ], [ -64.98096892, -32.90499051 ], [ -64.98034362, -32.90634534 ], [ -64.98034362, -32.90767397 ], [ -64.98156277, -32.91133141 ], [ -64.98191488, -32.91205764 ], [ -64.98399517, -32.915855 ], [ -64.98590302, -32.91890756 ], [ -64.98691411, -32.92009707 ], [ -64.9879928, -32.92131347 ], [ -64.98958714, -32.9241117 ], [ -64.9902886, -32.92530418 ], [ -64.99165108, -32.92630637 ], [ -64.99225223, -32.92690841 ], [ -64.99280346, -32.92735465 ], [ -64.99220859, -32.93104281 ], [ -64.99217122, -32.93111757 ], [ -64.99181148, -32.93197466 ], [ -64.99135659, -32.93481472 ], [ -64.99114628, -32.93528208 ], [ -64.99054297, -32.93699146 ], [ -64.99006708, -32.93865708 ], [ -64.99008796, -32.93897023 ], [ -64.99054574, -32.94152075 ], [ -64.99089989, -32.9425832 ], [ -64.99101451, -32.94294998 ], [ -64.99149476, -32.94448676 ], [ -64.99316038, -32.94686623 ], [ -64.99451841, -32.94867693 ], [ -64.99471906, -32.94890498 ], [ -64.99545766, -32.94974444 ], [ -64.99842948, -32.95194827 ], [ -64.99958492, -32.9526959 ], [ -65.00077729, -32.95315451 ], [ -65.00263088, -32.95386743 ], [ -65.00283036, -32.95393766 ], [ -65.00288655, -32.95396576 ], [ -65.00422487, -32.9544805 ], [ -65.0075999, -32.95726857 ], [ -65.00937363, -32.95863776 ], [ -65.00965277, -32.95896442 ], [ -65.00969763, -32.95900148 ], [ -65.01223488, -32.9618012 ], [ -65.012649, -32.96225816 ], [ -65.0133331, -32.9629277 ], [ -65.0164791, -32.96495013 ], [ -65.01656436, -32.96510719 ], [ -65.01660809, -32.96513495 ], [ -65.01794439, -32.96757716 ], [ -65.01927683, -32.96958672 ], [ -65.01897621, -32.9693863 ], [ -65.01916847, -32.9696074 ], [ -65.01930452, -32.96976386 ], [ -65.0195628, -32.97006088 ], [ -65.01989576, -32.97038999 ], [ -65.02198391, -32.97271543 ], [ -65.02230878, -32.9730403 ], [ -65.02230259, -32.97307033 ], [ -65.02239421, -32.97317236 ], [ -65.02148568, -32.97709039 ], [ -65.01950879, -32.97921649 ], [ -65.01862061, -32.98017868 ], [ -65.01858519, -32.98020979 ], [ -65.01847618, -32.98032703 ], [ -65.01816016, -32.98058312 ], [ -65.01602382, -32.98245956 ], [ -65.01576526, -32.98267711 ], [ -65.01296968, -32.98497348 ], [ -65.01251396, -32.98538072 ], [ -65.01064012, -32.98748169 ], [ -65.01011667, -32.98800646 ], [ -65.00961794, -32.98846751 ], [ -65.00862687, -32.98945858 ], [ -65.00811337, -32.99054977 ], [ -65.00780097, -32.99128616 ], [ -65.00772206, -32.99138131 ], [ -65.00767509, -32.99148112 ], [ -65.00585918, -32.99363751 ], [ -65.00558305, -32.99421279 ], [ -65.00529563, -32.99493134 ], [ -65.00513738, -32.99508959 ], [ -65.00325692, -32.99712252 ], [ -65.00273804, -32.99795273 ], [ -65.00262526, -32.99813317 ], [ -65.00200909, -32.99923579 ], [ -65.00126112, -33.00028294 ], [ -65.00073128, -33.0010933 ], [ -64.9997039, -33.00266459 ], [ -64.99990812, -33.00264277 ], [ -65.00810294, -33.0063945 ], [ -65.02311397, -33.01036082 ], [ -65.03875571, -33.01178155 ], [ -65.04081539, -33.0116265 ] ] ] ] } },
{ "type": "Feature", "properties": { "circuito": "00039", "codprov": "19", "coddepto": "003" }, "geometry": { "type": "MultiPolygon", "coordinates": [ [ [ [ -65.14855474, -33.18820374 ], [ -65.15261879, -33.18401309 ], [ -65.16016098, -33.17237386 ], [ -65.16485645, -33.15972064 ], [ -65.16645904, -33.14591873 ], [ -65.16510638, -33.13333873 ], [ -65.16065392, -33.12062394 ], [ -65.15334076, -33.10888401 ], [ -65.14344872, -33.09856963 ], [ -65.13135826, -33.09007664 ], [ -65.1175338, -33.08373086 ], [ -65.10250589, -33.07977567 ], [ -65.08685093, -33.07836271 ], [ -65.0711692, -33.07954615 ], [ -65.06243176, -33.08170601 ], [ -65.05606201, -33.08328059 ], [ -65.05204353, -33.08498082 ], [ -65.05204761, -33.08507526 ], [ -65.05205204, -33.08511291 ], [ -65.05205204, -33.08511548 ], [ -65.05205204, -33.08517778 ], [ -65.05217734, -33.08807834 ], [ -65.05234218, -33.08873766 ], [ -65.05276588, -33.09034772 ], [ -65.05361448, -33.09197422 ], [ -65.05496116, -33.09444874 ], [ -65.05522674, -33.09492088 ], [ -65.05637875, -33.09647359 ], [ -65.05666826, -33.09685961 ], [ -65.05944366, -33.09912653 ], [ -65.05942837, -33.10012034 ], [ -65.05942837, -33.1005794 ], [ -65.05764377, -33.10307784 ], [ -65.05692993, -33.10402962 ], [ -65.05629905, -33.10484606 ], [ -65.05590742, -33.10537102 ], [ -65.05526431, -33.10724189 ], [ -65.05437201, -33.10920495 ], [ -65.05431344, -33.10967356 ], [ -65.05428075, -33.11017473 ], [ -65.05426078, -33.1117924 ], [ -65.05437201, -33.11307157 ], [ -65.05442316, -33.11409461 ], [ -65.05476825, -33.11531967 ], [ -65.05484526, -33.11556169 ], [ -65.05512549, -33.11583025 ], [ -65.05579969, -33.11646231 ], [ -65.05583033, -33.11650572 ], [ -65.05585299, -33.11652744 ], [ -65.05590964, -33.11661808 ], [ -65.05651353, -33.11747358 ], [ -65.05698942, -33.11794947 ], [ -65.05715696, -33.11816728 ], [ -65.05734025, -33.11835464 ], [ -65.05750468, -33.11861931 ], [ -65.05758428, -33.11872279 ], [ -65.05767716, -33.11889693 ], [ -65.05808067, -33.11954644 ], [ -65.05863629, -33.12081923 ], [ -65.05954989, -33.12164785 ], [ -65.05984734, -33.12262519 ], [ -65.06053839, -33.12320871 ], [ -65.06118283, -33.12433415 ], [ -65.06180783, -33.12538528 ], [ -65.0628191, -33.12687245 ], [ -65.0633415, -33.12780115 ], [ -65.0633555, -33.12782485 ], [ -65.06454421, -33.12853807 ], [ -65.0645698, -33.12856195 ], [ -65.064582, -33.12856924 ], [ -65.06483579, -33.12881022 ], [ -65.06543651, -33.12937088 ], [ -65.0663288, -33.12996575 ], [ -65.06658455, -33.13014843 ], [ -65.066684, -33.13021539 ], [ -65.06705997, -33.13048801 ], [ -65.06757802, -33.13085805 ], [ -65.06826124, -33.13135907 ], [ -65.06846522, -33.13150698 ], [ -65.06846601, -33.13150924 ], [ -65.06847032, -33.1315124 ], [ -65.06861896, -33.13194481 ], [ -65.06885354, -33.13261286 ], [ -65.06892883, -33.13284624 ], [ -65.06908933, -33.13331315 ], [ -65.06912467, -33.13341597 ], [ -65.06948159, -33.13418929 ], [ -65.06948159, -33.13463502 ], [ -65.06948142, -33.13496413 ], [ -65.06973619, -33.13563095 ], [ -65.06995748, -33.13621183 ], [ -65.07000588, -33.1365748 ], [ -65.07007613, -33.137104 ], [ -65.07011137, -33.13714272 ], [ -65.07051836, -33.13759255 ], [ -65.07056534, -33.13764396 ], [ -65.07063169, -33.13780504 ], [ -65.07068439, -33.13784771 ], [ -65.07092409, -33.13804099 ], [ -65.07101495, -33.13814142 ], [ -65.07109061, -33.13820976 ], [ -65.07113352, -33.13827247 ], [ -65.0712067, -33.13835335 ], [ -65.07147624, -33.13849277 ], [ -65.07150426, -33.13850522 ], [ -65.07168998, -33.13863185 ], [ -65.07201921, -33.13880068 ], [ -65.07230623, -33.13896108 ], [ -65.07252572, -33.1391468 ], [ -65.07281274, -33.13937472 ], [ -65.07285041, -33.13942181 ], [ -65.07290051, -33.13946376 ], [ -65.07295603, -33.13955383 ], [ -65.07301534, -33.13962798 ], [ -65.07311298, -33.14008364 ], [ -65.07319348, -33.14023733 ], [ -65.07342055, -33.14064099 ], [ -65.07364083, -33.14109135 ], [ -65.07376462, -33.14132767 ], [ -65.07378586, -33.14138785 ], [ -65.07380043, -33.14141763 ], [ -65.07396982, -33.14189977 ], [ -65.07412429, -33.1423394 ], [ -65.07453273, -33.14240725 ], [ -65.07490008, -33.14245516 ], [ -65.07531276, -33.1424303 ], [ -65.07570827, -33.14240532 ], [ -65.07586294, -33.14239126 ], [ -65.07666576, -33.1420285 ], [ -65.07762905, -33.14233142 ], [ -65.07793535, -33.14268106 ], [ -65.07810713, -33.14287432 ], [ -65.07886113, -33.1434847 ], [ -65.07940483, -33.14388466 ], [ -65.08005496, -33.14472393 ], [ -65.08024865, -33.14495635 ], [ -65.08137889, -33.14525378 ], [ -65.08148457, -33.14527492 ], [ -65.08159613, -33.14529723 ], [ -65.08166006, -33.14533522 ], [ -65.08174281, -33.14535643 ], [ -65.0820413, -33.14555543 ], [ -65.08204185, -33.14555579 ], [ -65.08285935, -33.14558113 ], [ -65.08286444, -33.14558233 ], [ -65.0829924, -33.14558646 ], [ -65.08314191, -33.1455926 ], [ -65.08314752, -33.14559195 ], [ -65.08415489, -33.14561538 ], [ -65.08483757, -33.14551146 ], [ -65.08484751, -33.1455098 ], [ -65.08544541, -33.14537982 ], [ -65.08575408, -33.14547557 ], [ -65.08601884, -33.14555122 ], [ -65.0861973, -33.14590813 ], [ -65.0861973, -33.1459727 ], [ -65.08625801, -33.14626104 ], [ -65.08595453, -33.14677155 ], [ -65.08569074, -33.14705828 ], [ -65.08549143, -33.14773287 ], [ -65.08556515, -33.14810144 ], [ -65.0855842, -33.14814589 ], [ -65.0857674, -33.14848411 ], [ -65.08625801, -33.14871408 ], [ -65.08652419, -33.14894312 ], [ -65.08678838, -33.14914586 ], [ -65.08681371, -33.14919225 ], [ -65.08684066, -33.14921543 ], [ -65.08698941, -33.14930012 ], [ -65.08723617, -33.14948948 ], [ -65.0873884, -33.1496063 ], [ -65.08757353, -33.14981927 ], [ -65.08783715, -33.15010925 ], [ -65.08809779, -33.15040055 ], [ -65.08832482, -33.15084126 ], [ -65.08852438, -33.15104316 ], [ -65.08861906, -33.15112113 ], [ -65.08880152, -33.15149909 ], [ -65.08966162, -33.15241091 ], [ -65.08969723, -33.15244207 ], [ -65.08970084, -33.15245248 ], [ -65.09033863, -33.15312863 ], [ -65.09097417, -33.15373749 ], [ -65.09142101, -33.15416557 ], [ -65.0916087, -33.15434074 ], [ -65.09171905, -33.15445109 ], [ -65.09196071, -33.1546826 ], [ -65.09199482, -33.15472686 ], [ -65.09200732, -33.15473936 ], [ -65.09249793, -33.15533729 ], [ -65.0926798, -33.15558911 ], [ -65.0932254, -33.15570039 ], [ -65.09381274, -33.15596082 ], [ -65.09414728, -33.15582692 ], [ -65.09450635, -33.15567458 ], [ -65.09464434, -33.15552127 ], [ -65.09466175, -33.15550966 ], [ -65.09466591, -33.15550473 ], [ -65.09467399, -33.1555015 ], [ -65.09482831, -33.15539862 ], [ -65.09540331, -33.15482362 ], [ -65.0955188, -33.15464731 ], [ -65.09596284, -33.15391146 ], [ -65.09630364, -33.15370259 ], [ -65.09648502, -33.15357886 ], [ -65.09673435, -33.15358066 ], [ -65.09689807, -33.15355884 ], [ -65.09807859, -33.15401878 ], [ -65.09827492, -33.1541104 ], [ -65.09834216, -33.15413663 ], [ -65.09845784, -33.15419452 ], [ -65.09849467, -33.15421295 ], [ -65.09853854, -33.15423342 ], [ -65.09853952, -33.1542354 ], [ -65.09856938, -33.15425034 ], [ -65.09871707, -33.15459049 ], [ -65.09873785, -33.15463204 ], [ -65.09882983, -33.15532196 ], [ -65.09892169, -33.15538101 ], [ -65.09915511, -33.15549451 ], [ -65.09944032, -33.15571441 ], [ -65.09947376, -33.15573591 ], [ -65.09976551, -33.15596514 ], [ -65.09981236, -33.15600195 ], [ -65.10010981, -33.15623061 ], [ -65.10011437, -33.15623925 ], [ -65.10011768, -33.15624185 ], [ -65.10033232, -33.15657914 ], [ -65.10051058, -33.15697657 ], [ -65.10048564, -33.15763701 ], [ -65.10025566, -33.15861823 ], [ -65.10047941, -33.1588708 ], [ -65.1004703, -33.15907817 ], [ -65.10059554, -33.15950257 ], [ -65.10073784, -33.15996528 ], [ -65.10182187, -33.16077699 ], [ -65.1027547, -33.16143923 ], [ -65.10388923, -33.16177652 ], [ -65.10404254, -33.16225179 ], [ -65.10406931, -33.16289429 ], [ -65.10411041, -33.16335151 ], [ -65.10467827, -33.16372864 ], [ -65.10567253, -33.16438897 ], [ -65.10630723, -33.16480248 ], [ -65.10630715, -33.16482454 ], [ -65.10631161, -33.16482749 ], [ -65.10630224, -33.16643763 ], [ -65.10630224, -33.16745578 ], [ -65.10629629, -33.16746202 ], [ -65.10629627, -33.1674645 ], [ -65.10618326, -33.16758049 ], [ -65.10595165, -33.16782326 ], [ -65.1057175, -33.1680667 ], [ -65.10596414, -33.16834179 ], [ -65.10609028, -33.1684638 ], [ -65.10613285, -33.16850498 ], [ -65.10618535, -33.16850957 ], [ -65.10631222, -33.16852068 ], [ -65.10760501, -33.16860882 ], [ -65.10801997, -33.16862663 ], [ -65.10813057, -33.16863143 ], [ -65.10814588, -33.16866469 ], [ -65.10838136, -33.16913564 ], [ -65.10844301, -33.16919957 ], [ -65.10907018, -33.16980677 ], [ -65.10919216, -33.16997646 ], [ -65.10920926, -33.1699942 ], [ -65.10927466, -33.17009124 ], [ -65.10980266, -33.17082583 ], [ -65.11029011, -33.17152847 ], [ -65.11047333, -33.17186991 ], [ -65.11063509, -33.17210995 ], [ -65.11093798, -33.17338209 ], [ -65.11104801, -33.1738154 ], [ -65.11116919, -33.1749607 ], [ -65.11128815, -33.17517619 ], [ -65.11141909, -33.17538082 ], [ -65.11143077, -33.17543456 ], [ -65.11169266, -33.17590898 ], [ -65.11169516, -33.17592018 ], [ -65.11170829, -33.17594282 ], [ -65.11179004, -33.17634476 ], [ -65.11180159, -33.17639646 ], [ -65.11190237, -33.17684743 ], [ -65.11505087, -33.17686174 ], [ -65.11848417, -33.17748743 ], [ -65.118789, -33.177696 ], [ -65.11878774, -33.17772123 ], [ -65.11880067, -33.17773123 ], [ -65.11877722, -33.17804248 ], [ -65.11880164, -33.17818896 ], [ -65.11905511, -33.17876162 ], [ -65.11916531, -33.17900498 ], [ -65.11996735, -33.17932318 ], [ -65.12013665, -33.17938057 ], [ -65.12073026, -33.1790597 ], [ -65.12243087, -33.17910783 ], [ -65.12243117, -33.17911908 ], [ -65.1224345, -33.17911919 ], [ -65.12244954, -33.17975201 ], [ -65.12245133, -33.17983254 ], [ -65.12245691, -33.18008424 ], [ -65.12246289, -33.18030874 ], [ -65.12303392, -33.18081618 ], [ -65.12330438, -33.18105653 ], [ -65.12452661, -33.1829079 ], [ -65.12457294, -33.18293137 ], [ -65.12487269, -33.18339281 ], [ -65.12603919, -33.18396849 ], [ -65.12706001, -33.18416187 ], [ -65.12714766, -33.18417757 ], [ -65.12839905, -33.18438613 ], [ -65.1289412, -33.18449703 ], [ -65.12894863, -33.18450502 ], [ -65.1290276, -33.18451489 ], [ -65.12906438, -33.18454431 ], [ -65.12911761, -33.1845869 ], [ -65.12944416, -33.18482201 ], [ -65.12966398, -33.18501436 ], [ -65.12991128, -33.185454 ], [ -65.13013866, -33.18585526 ], [ -65.13041889, -33.18607545 ], [ -65.13090048, -33.1864432 ], [ -65.13090747, -33.18645932 ], [ -65.13093117, -33.18647795 ], [ -65.13110963, -33.18683486 ], [ -65.13155609, -33.18705809 ], [ -65.1321782, -33.18732249 ], [ -65.13222003, -33.18736122 ], [ -65.13223987, -33.18737024 ], [ -65.1330132, -33.18802459 ], [ -65.13396498, -33.18873843 ], [ -65.13402061, -33.18880102 ], [ -65.13404669, -33.18882003 ], [ -65.13409623, -33.18888609 ], [ -65.13444087, -33.18927381 ], [ -65.13497625, -33.1897497 ], [ -65.13533317, -33.1902256 ], [ -65.13558413, -33.19041382 ], [ -65.13580527, -33.19053739 ], [ -65.13599942, -33.19072528 ], [ -65.13628496, -33.19093943 ], [ -65.13662732, -33.19112097 ], [ -65.13666576, -33.19114192 ], [ -65.13706924, -33.19132051 ], [ -65.13724788, -33.19150552 ], [ -65.13818852, -33.19224814 ], [ -65.13902134, -33.19290249 ], [ -65.13997312, -33.19337838 ], [ -65.14003022, -33.19338357 ], [ -65.14042153, -33.19339508 ], [ -65.14062647, -33.19343778 ], [ -65.14062745, -33.19343798 ], [ -65.14063272, -33.19343908 ], [ -65.14141074, -33.19360117 ], [ -65.14215264, -33.19402707 ], [ -65.14215566, -33.1940296 ], [ -65.14218841, -33.19404764 ], [ -65.14237961, -33.19421724 ], [ -65.14266098, -33.19445298 ], [ -65.14345731, -33.19343829 ], [ -65.14347002, -33.19344686 ], [ -65.14855474, -33.18820374 ] ] ] ] } },
{ "type": "Feature", "properties": { "circuito": "00047", "codprov": "19", "coddepto": "004" }, "geometry": { "type": "MultiPolygon", "coordinates": [ [ [ [ -64.9549545, -32.74298079 ], [ -64.95687925, -32.74392273 ], [ -64.97184396, -32.74789445 ], [ -64.98743878, -32.74932075 ], [ -65.00359674, -32.74801451 ], [ -65.01811515, -32.74441744 ], [ -65.03201535, -32.73827662 ], [ -65.04422872, -32.72996064 ], [ -65.0542856, -32.71978963 ], [ -65.06179973, -32.70815501 ], [ -65.06648303, -32.69550438 ], [ -65.06815663, -32.68232424 ], [ -65.06675749, -32.66912122 ], [ -65.06234072, -32.65640264 ], [ -65.06090267, -32.65407721 ], [ -65.05507719, -32.64465699 ], [ -64.92972924, -32.65615837 ], [ -64.92458773, -32.65663014 ], [ -64.92457985, -32.65663084 ], [ -64.92457685, -32.65666446 ], [ -64.92457411, -32.65669515 ], [ -64.92442858, -32.65832565 ], [ -64.92439396, -32.6587135 ], [ -64.92368012, -32.65954632 ], [ -64.92260936, -32.66133091 ], [ -64.9215386, -32.66335345 ], [ -64.92131119, -32.6641873 ], [ -64.92082477, -32.66597086 ], [ -64.92011093, -32.66787443 ], [ -64.91939709, -32.67037286 ], [ -64.91847469, -32.67180771 ], [ -64.91832633, -32.67203849 ], [ -64.91832451, -32.67204623 ], [ -64.91811973, -32.67291655 ], [ -64.91785044, -32.67406103 ], [ -64.91773147, -32.67429897 ], [ -64.91689865, -32.6759646 ], [ -64.91618482, -32.67917687 ], [ -64.91621352, -32.67921464 ], [ -64.9184453, -32.68215119 ], [ -64.91908942, -32.68331078 ], [ -64.91930972, -32.68370739 ], [ -64.91934165, -32.68376487 ], [ -64.92095334, -32.68527253 ], [ -64.92177655, -32.68595833 ], [ -64.92259974, -32.68650712 ], [ -64.92347395, -32.68708993 ], [ -64.92391806, -32.68738601 ], [ -64.92427498, -32.68774293 ], [ -64.92434358, -32.68785725 ], [ -64.92438612, -32.68792815 ], [ -64.92498882, -32.68893266 ], [ -64.92474708, -32.68957731 ], [ -64.9243102, -32.69074232 ], [ -64.92391806, -32.69178801 ], [ -64.92364325, -32.69233763 ], [ -64.92320423, -32.69321569 ], [ -64.92343573, -32.69468185 ], [ -64.92356115, -32.69547618 ], [ -64.92439048, -32.6963809 ], [ -64.92463278, -32.69664523 ], [ -64.92487961, -32.6969145 ], [ -64.92491289, -32.6969508 ], [ -64.92610424, -32.69825046 ], [ -64.92617855, -32.69833153 ], [ -64.92624949, -32.69868622 ], [ -64.9264165, -32.69952126 ], [ -64.92661317, -32.69982521 ], [ -64.92661532, -32.69982856 ], [ -64.92713997, -32.70064685 ], [ -64.92740905, -32.70104851 ], [ -64.92773241, -32.70153121 ], [ -64.9286264, -32.70247621 ], [ -64.92946618, -32.70336392 ], [ -64.93034261, -32.70428018 ], [ -64.93296002, -32.7077304 ], [ -64.93533948, -32.709515 ], [ -64.93592739, -32.70987894 ], [ -64.93637455, -32.71015576 ], [ -64.93783791, -32.71106165 ], [ -64.93932632, -32.7127485 ], [ -64.93962251, -32.71308419 ], [ -64.94028541, -32.71348193 ], [ -64.94115224, -32.71400203 ], [ -64.9414071, -32.71415494 ], [ -64.94146837, -32.71422934 ], [ -64.94307273, -32.71617749 ], [ -64.94541724, -32.71830887 ], [ -64.94808341, -32.72255802 ], [ -64.94865155, -32.72515488 ], [ -64.94866446, -32.72521944 ], [ -64.94865308, -32.72551527 ], [ -64.94854549, -32.72831274 ], [ -64.94902138, -32.73128706 ], [ -64.94902829, -32.73133541 ], [ -64.94906904, -32.7316207 ], [ -64.9493783, -32.7337855 ], [ -64.94933231, -32.73433732 ], [ -64.94922143, -32.73566791 ], [ -64.94914035, -32.73664085 ], [ -64.94973522, -32.73997209 ], [ -64.9497297, -32.74011008 ], [ -64.94975431, -32.740227 ], [ -64.95127646, -32.74106904 ], [ -64.95243773, -32.74171144 ], [ -64.95244848, -32.74175437 ], [ -64.9549545, -32.74298079 ] ] ] ] } },
{ "type": "Feature", "properties": { "circuito": "00114", "codprov": "19", "coddepto": "009" }, "geometry": { "type": "MultiPolygon", "coordinates": [ [ [ [ -66.55637009, -35.58590998 ], [ -66.54423051, -35.58287962 ], [ -66.52818599, -35.58157415 ], [ -66.51213965, -35.5828644 ], [ -66.49670667, -35.5867009 ], [ -66.48247887, -35.59293656 ], [ -66.47000218, -35.60133225 ], [ -66.45975576, -35.61156592 ], [ -66.45213367, -35.6232449 ], [ -66.44742966, -35.63592088 ], [ -66.44582573, -35.64910708 ], [ -66.44738502, -35.66229688 ], [ -66.45204908, -35.67498329 ], [ -66.45963995, -35.68667845 ], [ -66.46986675, -35.6969324 ], [ -66.48233678, -35.70535049 ], [ -66.49657054, -35.71160862 ], [ -66.5120202, -35.71546577 ], [ -66.52809077, -35.71677338 ], [ -66.54416317, -35.71548107 ], [ -66.55961828, -35.71163861 ], [ -66.56013508, -35.71141203 ], [ -66.57386089, -35.70539403 ], [ -66.5780996, -35.70253938 ], [ -66.5785793, -35.70221631 ], [ -66.57976307, -35.70141907 ], [ -66.57930671, -35.70054155 ], [ -66.57895166, -35.70001711 ], [ -66.57822482, -35.69894348 ], [ -66.57763971, -35.69826735 ], [ -66.57678836, -35.69737846 ], [ -66.57678276, -35.69737472 ], [ -66.57608861, -35.6969107 ], [ -66.57333109, -35.69506738 ], [ -66.57188897, -35.69428264 ], [ -66.56996441, -35.69323538 ], [ -66.5687783, -35.69146017 ], [ -66.56776328, -35.69030135 ], [ -66.56699387, -35.68845971 ], [ -66.56664263, -35.68780833 ], [ -66.56621074, -35.68700738 ], [ -66.56614536, -35.68688612 ], [ -66.56589181, -35.68578396 ], [ -66.56579961, -35.68538318 ], [ -66.56538827, -35.68484882 ], [ -66.56469806, -35.68395219 ], [ -66.56343073, -35.68245404 ], [ -66.56306463, -35.68175614 ], [ -66.56274913, -35.68115469 ], [ -66.56255109, -35.6792784 ], [ -66.56248187, -35.6786226 ], [ -66.56121049, -35.67678227 ], [ -66.56086516, -35.67621011 ], [ -66.55976849, -35.67439304 ], [ -66.55845175, -35.67194609 ], [ -66.55840878, -35.67186625 ], [ -66.55845175, -35.67139291 ], [ -66.55855143, -35.67029478 ], [ -66.55897551, -35.66890864 ], [ -66.5590173, -35.66846817 ], [ -66.55913149, -35.66726472 ], [ -66.55951668, -35.6666052 ], [ -66.56009768, -35.6656104 ], [ -66.56029311, -35.66527579 ], [ -66.56054471, -35.66499781 ], [ -66.56128996, -35.66417442 ], [ -66.56136204, -35.66225827 ], [ -66.56062714, -35.66148567 ], [ -66.5603482, -35.66119241 ], [ -66.5602621, -35.66110189 ], [ -66.55909298, -35.66059677 ], [ -66.55890609, -35.66051603 ], [ -66.55819735, -35.65971735 ], [ -66.55776714, -35.65891492 ], [ -66.55778949, -35.65882713 ], [ -66.55815796, -35.65737921 ], [ -66.55817825, -35.65729949 ], [ -66.55882126, -35.65671592 ], [ -66.55945721, -35.65613875 ], [ -66.55957861, -35.65602857 ], [ -66.55973836, -35.65594757 ], [ -66.56064444, -35.65548812 ], [ -66.56080203, -35.65425398 ], [ -66.5603763, -35.65336587 ], [ -66.55987116, -35.65267712 ], [ -66.55912518, -35.65166001 ], [ -66.55785141, -35.65074743 ], [ -66.55660864, -35.64996722 ], [ -66.55657715, -35.64994745 ], [ -66.55646063, -35.64989522 ], [ -66.55530482, -35.64937708 ], [ -66.55515507, -35.648116 ], [ -66.55467256, -35.64733543 ], [ -66.55430208, -35.64673608 ], [ -66.55369983, -35.64618256 ], [ -66.55330987, -35.64582414 ], [ -66.55217401, -35.64490743 ], [ -66.55076004, -35.64387732 ], [ -66.55057634, -35.64374432 ], [ -66.54937142, -35.64287194 ], [ -66.54934356, -35.64285177 ], [ -66.5491913, -35.64146915 ], [ -66.54926426, -35.64113366 ], [ -66.54946633, -35.64020453 ], [ -66.5494088, -35.64009217 ], [ -66.54902038, -35.63933354 ], [ -66.54882409, -35.63895017 ], [ -66.54846684, -35.63825243 ], [ -66.54826313, -35.63706049 ], [ -66.54817276, -35.63653172 ], [ -66.54943037, -35.63503095 ], [ -66.54965434, -35.63479564 ], [ -66.55096964, -35.63341377 ], [ -66.55144599, -35.63278214 ], [ -66.55166786, -35.63248794 ], [ -66.55177372, -35.63245038 ], [ -66.55265092, -35.63213916 ], [ -66.55321157, -35.63190643 ], [ -66.55532627, -35.63201059 ], [ -66.55616287, -35.63152691 ], [ -66.55673009, -35.63119898 ], [ -66.55765326, -35.63052247 ], [ -66.55813256, -35.63017122 ], [ -66.55851612, -35.62921287 ], [ -66.55871519, -35.62871547 ], [ -66.55887495, -35.6283163 ], [ -66.55948528, -35.62751454 ], [ -66.56028488, -35.62646415 ], [ -66.56030213, -35.62644422 ], [ -66.56153369, -35.62502207 ], [ -66.56157592, -35.62497554 ], [ -66.56267054, -35.62376981 ], [ -66.56273531, -35.62369846 ], [ -66.5627379, -35.62355652 ], [ -66.56276192, -35.62223648 ], [ -66.56276738, -35.62193661 ], [ -66.56345525, -35.6208001 ], [ -66.56352887, -35.62067847 ], [ -66.56359727, -35.62056546 ], [ -66.56369896, -35.6203252 ], [ -66.56409146, -35.61939791 ], [ -66.56430531, -35.61909301 ], [ -66.56500437, -35.61809635 ], [ -66.56512554, -35.61765239 ], [ -66.56524902, -35.61719994 ], [ -66.56536249, -35.6167842 ], [ -66.56521583, -35.61609049 ], [ -66.56529067, -35.61479574 ], [ -66.56536697, -35.61390627 ], [ -66.56525731, -35.61330831 ], [ -66.56516038, -35.61277978 ], [ -66.56510493, -35.61247739 ], [ -66.5650446, -35.61231662 ], [ -66.56459509, -35.6111189 ], [ -66.56425302, -35.60968788 ], [ -66.56382632, -35.60846203 ], [ -66.56473779, -35.60750279 ], [ -66.56497715, -35.607383 ], [ -66.56711962, -35.60631082 ], [ -66.56712672, -35.60629752 ], [ -66.56749692, -35.60560457 ], [ -66.56767455, -35.60527205 ], [ -66.56770782, -35.60501872 ], [ -66.5677354, -35.60480873 ], [ -66.56781052, -35.6042367 ], [ -66.56623691, -35.60279823 ], [ -66.56578721, -35.60238714 ], [ -66.56561155, -35.60122592 ], [ -66.56578668, -35.60102308 ], [ -66.56643757, -35.6002692 ], [ -66.56761703, -35.60010187 ], [ -66.56848427, -35.59997885 ], [ -66.56890402, -35.59974572 ], [ -66.569032, -35.59970344 ], [ -66.56960778, -35.59951319 ], [ -66.56934442, -35.59784245 ], [ -66.56919754, -35.59691062 ], [ -66.56916616, -35.59671154 ], [ -66.56864482, -35.59559694 ], [ -66.56857817, -35.59545446 ], [ -66.5685285, -35.59459685 ], [ -66.56848656, -35.59387266 ], [ -66.56848339, -35.59381796 ], [ -66.56851647, -35.59370374 ], [ -66.56899082, -35.59206574 ], [ -66.56913589, -35.59156483 ], [ -66.56907004, -35.59086723 ], [ -66.55965811, -35.58673076 ], [ -66.55637009, -35.58590998 ] ] ] ] } },
{ "type": "Feature", "properties": { "circuito": "03406", "codprov": "19", "coddepto": "003" }, "geometry": { "type": "MultiPolygon", "coordinates": [ [ [ [ -65.18121675, -33.86967128 ], [ -65.17870962, -33.8662683 ], [ -65.17785645, -33.86517334 ], [ -65.1741333, -33.86010742 ], [ -65.12184921, -33.88759015 ], [ -65.1196289, -33.88875532 ], [ -65.11962171, -33.8887591 ], [ -65.11961827, -33.88876088 ], [ -65.11961315, -33.88876352 ], [ -65.11951663, -33.88881335 ], [ -65.11946389, -33.89039074 ], [ -65.11924165, -33.89703793 ], [ -65.11934174, -33.89716228 ], [ -65.1193416, -33.89716626 ], [ -65.12575189, -33.90382524 ], [ -65.13540596, -33.91131371 ], [ -65.1396554, -33.91392577 ], [ -65.14638949, -33.91739778 ], [ -65.15593919, -33.9211442 ], [ -65.16599227, -33.92382429 ], [ -65.17900603, -33.92560737 ], [ -65.18955964, -33.9257507 ], [ -65.19744052, -33.92510651 ], [ -65.2052083, -33.92382429 ], [ -65.21028726, -33.92262081 ], [ -65.21526137, -33.9211442 ], [ -65.21711033, -33.92047928 ], [ -65.21754986, -33.92032121 ], [ -65.21780986, -33.92022772 ], [ -65.18248248, -33.87154786 ], [ -65.18121675, -33.86967128 ] ] ] ] } },
{ "type": "Feature", "properties": { "circuito": "00073", "codprov": "19", "coddepto": "006" }, "geometry": { "type": "MultiPolygon", "coordinates": [ [ [ [ -64.98186794, -32.45693376 ], [ -64.98590977, -32.45581745 ], [ -64.98774874, -32.45530954 ], [ -64.99083273, -32.45521537 ], [ -64.99278446, -32.45515578 ], [ -64.99329052, -32.4551816 ], [ -64.99360732, -32.45519776 ], [ -64.99375282, -32.45520519 ], [ -64.99540817, -32.45528964 ], [ -64.99647333, -32.45541789 ], [ -64.99829865, -32.45563768 ], [ -64.99871568, -32.45580361 ], [ -65.00056477, -32.45653935 ], [ -65.00337982, -32.45765944 ], [ -65.00375186, -32.45769876 ], [ -65.00567614, -32.45790214 ], [ -65.00672405, -32.45801289 ], [ -65.00809307, -32.4582867 ], [ -65.00924489, -32.45851706 ], [ -65.00935236, -32.45853855 ], [ -65.01071161, -32.4583561 ], [ -65.0152817, -32.45776441 ], [ -65.01781626, -32.4563586 ], [ -65.02002253, -32.45513488 ], [ -65.02007508, -32.45510573 ], [ -65.02510159, -32.45405368 ], [ -65.02543388, -32.45398414 ], [ -65.02558623, -32.45400578 ], [ -65.02567689, -32.45398851 ], [ -65.02941037, -32.45446065 ], [ -65.03012085, -32.4545505 ], [ -65.03081323, -32.45461823 ], [ -65.03172053, -32.45470699 ], [ -65.03328007, -32.45485955 ], [ -65.03332006, -32.45486584 ], [ -65.03553749, -32.45521465 ], [ -65.0365033, -32.45536658 ], [ -65.03674528, -32.45527702 ], [ -65.04159185, -32.45348341 ], [ -65.04160246, -32.45347268 ], [ -65.04161493, -32.45346813 ], [ -65.04214102, -32.45293433 ], [ -65.0445673, -32.45047254 ], [ -65.04495224, -32.45008197 ], [ -65.04495995, -32.45007414 ], [ -65.04736154, -32.44659184 ], [ -65.0504203, -32.44159716 ], [ -65.05052686, -32.44142316 ], [ -65.05257029, -32.43929959 ], [ -65.05334017, -32.43856418 ], [ -65.05412807, -32.43781156 ], [ -65.0547546, -32.43721308 ], [ -65.0552548, -32.43673528 ], [ -65.05829991, -32.43429118 ], [ -65.06121813, -32.4328568 ], [ -65.06302785, -32.43196727 ], [ -65.06601029, -32.43113645 ], [ -65.06863727, -32.43040465 ], [ -65.07133647, -32.42976734 ], [ -65.07152212, -32.42972351 ], [ -65.07294956, -32.42929332 ], [ -65.07386877, -32.4290163 ], [ -65.0740813, -32.42906803 ], [ -65.07709342, -32.42980115 ], [ -65.08468387, -32.43164861 ], [ -65.08508391, -32.43174597 ], [ -65.0850893, -32.43171094 ], [ -65.0855271, -32.42886526 ], [ -65.02246047, -32.4261874 ], [ -65.01907349, -32.42604359 ], [ -65.01651001, -32.42656619 ], [ -65.01462555, -32.42668826 ], [ -65.01307678, -32.42763048 ], [ -65.01023102, -32.42916779 ], [ -65.00860596, -32.42970184 ], [ -65.00662231, -32.43097593 ], [ -65.00191498, -32.43168164 ], [ -64.9988327, -32.43180371 ], [ -64.99353027, -32.43148328 ], [ -64.99105835, -32.43078901 ], [ -64.98901367, -32.43056395 ], [ -64.9873519, -32.43099166 ], [ -64.98720551, -32.43102934 ], [ -64.98584747, -32.43060972 ], [ -64.9830099, -32.43030302 ], [ -64.98158831, -32.43014936 ], [ -64.9803772, -32.43001845 ], [ -64.97610474, -32.42991546 ], [ -64.97387695, -32.43037322 ], [ -64.97292622, -32.4304565 ], [ -64.97104645, -32.43062117 ], [ -64.96865845, -32.43060209 ], [ -64.96686554, -32.4301863 ], [ -64.96434021, -32.42840486 ], [ -64.96059418, -32.42694384 ], [ -64.95648956, -32.42670734 ], [ -64.95419312, -32.42573079 ], [ -64.95400925, -32.42562277 ], [ -64.95266724, -32.42483434 ], [ -64.95139313, -32.42401038 ], [ -64.93825834, -32.42596657 ], [ -64.93821651, -32.42597147 ], [ -64.93821619, -32.4259715 ], [ -64.93821888, -32.42599112 ], [ -64.93834137, -32.42688278 ], [ -64.93832674, -32.42743223 ], [ -64.93827577, -32.42934754 ], [ -64.93825374, -32.43017538 ], [ -64.93822025, -32.43143356 ], [ -64.93814883, -32.43411677 ], [ -64.93814823, -32.43413945 ], [ -64.9380194, -32.43457749 ], [ -64.93694108, -32.43824386 ], [ -64.93688434, -32.43843594 ], [ -64.93654319, -32.43959079 ], [ -64.93533455, -32.44101108 ], [ -64.933488, -32.44318464 ], [ -64.93261631, -32.44397636 ], [ -64.93189223, -32.44463143 ], [ -64.93082396, -32.44560259 ], [ -64.9304766, -32.44626071 ], [ -64.92977047, -32.44759362 ], [ -64.92969087, -32.44774429 ], [ -64.92950587, -32.44930941 ], [ -64.92956225, -32.45284976 ], [ -64.92967558, -32.45340126 ], [ -64.93000177, -32.45498946 ], [ -64.9302155, -32.45572447 ], [ -64.93035863, -32.45621513 ], [ -64.93041127, -32.45639561 ], [ -64.93043713, -32.45648932 ], [ -64.93051998, -32.45677185 ], [ -64.93052555, -32.456791 ], [ -64.93052562, -32.45679103 ], [ -64.93052494, -32.45678867 ], [ -64.93057974, -32.45679444 ], [ -64.93085263, -32.45682317 ], [ -64.93142106, -32.456883 ], [ -64.93301577, -32.45701058 ], [ -64.93310975, -32.4570181 ], [ -64.93691655, -32.45739878 ], [ -64.93714586, -32.45742171 ], [ -64.9383806, -32.457443 ], [ -64.93845038, -32.45745763 ], [ -64.93869491, -32.4575089 ], [ -64.93879663, -32.4575089 ], [ -64.93910994, -32.4575089 ], [ -64.94133332, -32.45742171 ], [ -64.94137987, -32.45742218 ], [ -64.94279274, -32.4574366 ], [ -64.94627755, -32.45747216 ], [ -64.94739812, -32.4575089 ], [ -64.94935508, -32.45757306 ], [ -64.95034212, -32.45777047 ], [ -64.95086862, -32.45787577 ], [ -64.95198781, -32.45804795 ], [ -64.95349209, -32.45827938 ], [ -64.95687233, -32.4588848 ], [ -64.9612616, -32.45949021 ], [ -64.96193054, -32.45956594 ], [ -64.96553802, -32.46044032 ], [ -64.96563354, -32.46042875 ], [ -64.96572501, -32.46046483 ], [ -64.96596651, -32.46056011 ], [ -64.96629889, -32.46069123 ], [ -64.97175745, -32.46007618 ], [ -64.97967622, -32.4575391 ], [ -64.98058968, -32.45728681 ], [ -64.98186794, -32.45693376 ] ] ] ] } },
{ "type": "Feature", "properties": { "circuito": "00051", "codprov": "19", "coddepto": "004" }, "geometry": { "type": "MultiPolygon", "coordinates": [ [ [ [ -65.02510159, -32.45405368 ], [ -65.02007508, -32.45510573 ], [ -65.02002253, -32.45513488 ], [ -65.01781626, -32.4563586 ], [ -65.0152817, -32.45776441 ], [ -65.01071161, -32.4583561 ], [ -65.00935236, -32.45853855 ], [ -65.00924489, -32.45851706 ], [ -65.00809307, -32.4582867 ], [ -65.00672405, -32.45801289 ], [ -65.00567614, -32.45790214 ], [ -65.00375186, -32.45769876 ], [ -65.00337982, -32.45765944 ], [ -65.00056477, -32.45653935 ], [ -64.99871568, -32.45580361 ], [ -64.99829865, -32.45563768 ], [ -64.99647333, -32.45541789 ], [ -64.99540817, -32.45528964 ], [ -64.99375282, -32.45520519 ], [ -64.99360732, -32.45519776 ], [ -64.99329052, -32.4551816 ], [ -64.99278446, -32.45515578 ], [ -64.99083273, -32.45521537 ], [ -64.98774874, -32.45530954 ], [ -64.98590977, -32.45581745 ], [ -64.98186794, -32.45693376 ], [ -64.98058968, -32.45728681 ], [ -64.97967622, -32.4575391 ], [ -64.97175745, -32.46007618 ], [ -64.96629889, -32.46069123 ], [ -64.96596651, -32.46056011 ], [ -64.96572501, -32.46046483 ], [ -64.96563354, -32.46042875 ], [ -64.96553802, -32.46044032 ], [ -64.96193054, -32.45956594 ], [ -64.9612616, -32.45949021 ], [ -64.95687233, -32.4588848 ], [ -64.95349209, -32.45827938 ], [ -64.95198781, -32.45804795 ], [ -64.95086862, -32.45787577 ], [ -64.95034212, -32.45777047 ], [ -64.94935508, -32.45757306 ], [ -64.94739812, -32.4575089 ], [ -64.94627755, -32.45747216 ], [ -64.94279274, -32.4574366 ], [ -64.94137987, -32.45742218 ], [ -64.94133332, -32.45742171 ], [ -64.93910994, -32.4575089 ], [ -64.93879663, -32.4575089 ], [ -64.93869491, -32.4575089 ], [ -64.93845038, -32.45745763 ], [ -64.9383806, -32.457443 ], [ -64.93714586, -32.45742171 ], [ -64.93691655, -32.45739878 ], [ -64.93310975, -32.4570181 ], [ -64.93301577, -32.45701058 ], [ -64.93142106, -32.456883 ], [ -64.93085263, -32.45682317 ], [ -64.93057974, -32.45679444 ], [ -64.93052494, -32.45678867 ], [ -64.93052562, -32.45679103 ], [ -64.93053147, -32.45681114 ], [ -64.93063061, -32.45715208 ], [ -64.93063735, -32.45717526 ], [ -64.93075911, -32.45759401 ], [ -64.93086889, -32.45797157 ], [ -64.92998409, -32.46774724 ], [ -64.92937731, -32.47043084 ], [ -64.92626755, -32.47492761 ], [ -64.92549811, -32.4768512 ], [ -64.92518073, -32.47721869 ], [ -64.92514936, -32.47728489 ], [ -64.92492729, -32.47751215 ], [ -64.92381177, -32.47880381 ], [ -64.92326273, -32.47921559 ], [ -64.92307554, -32.47940715 ], [ -64.9229032, -32.47948523 ], [ -64.92239169, -32.47986887 ], [ -64.92061659, -32.48057891 ], [ -64.91786518, -32.48182148 ], [ -64.91573506, -32.48279778 ], [ -64.91546347, -32.48285598 ], [ -64.91535971, -32.48290299 ], [ -64.91430866, -32.48310258 ], [ -64.91421888, -32.48324156 ], [ -64.91357682, -32.48324156 ], [ -64.9124143, -32.48346232 ], [ -64.91026782, -32.48327677 ], [ -64.90942697, -32.48329034 ], [ -64.90653512, -32.48367218 ], [ -64.90410636, -32.48427763 ], [ -64.9040194, -32.48430662 ], [ -64.90206679, -32.48528292 ], [ -64.89946528, -32.48684383 ], [ -64.89799785, -32.48784533 ], [ -64.8973643, -32.48837328 ], [ -64.89621917, -32.48947046 ], [ -64.8950744, -32.49140226 ], [ -64.89496639, -32.49158453 ], [ -64.89523265, -32.49371465 ], [ -64.89616197, -32.49593072 ], [ -64.89684307, -32.49714828 ], [ -64.89762196, -32.49905253 ], [ -64.90012393, -32.50044494 ], [ -64.90203964, -32.50047089 ], [ -64.90251057, -32.50028252 ], [ -64.90428567, -32.50099256 ], [ -64.90509368, -32.50168913 ], [ -64.90525521, -32.50178234 ], [ -64.90746453, -32.50358248 ], [ -64.91209933, -32.50806475 ], [ -64.91230795, -32.50839356 ], [ -64.91236237, -32.50844798 ], [ -64.91245274, -32.50862176 ], [ -64.91467137, -32.51211859 ], [ -64.9159373, -32.51433129 ], [ -64.91587562, -32.51451215 ], [ -64.91600133, -32.51474959 ], [ -64.91528764, -32.51623643 ], [ -64.91501899, -32.51702428 ], [ -64.9139245, -32.51898086 ], [ -64.91371965, -32.51934708 ], [ -64.91366429, -32.51942763 ], [ -64.91360494, -32.51954236 ], [ -64.91339763, -32.51981564 ], [ -64.91151558, -32.52255418 ], [ -64.90974443, -32.52477458 ], [ -64.90920757, -32.52513632 ], [ -64.90957862, -32.52621203 ], [ -64.91295167, -32.53599058 ], [ -64.92018806, -32.5477441 ], [ -64.92999466, -32.55807533 ], [ -64.93798816, -32.56367925 ], [ -65.02988491, -32.56754333 ], [ -65.03072039, -32.5673023 ], [ -65.04291024, -32.5589858 ], [ -65.05294766, -32.54881427 ], [ -65.06044711, -32.53717916 ], [ -65.0651211, -32.52452808 ], [ -65.06679107, -32.51134755 ], [ -65.06539416, -32.49814421 ], [ -65.06098534, -32.4854254 ], [ -65.05373518, -32.47367961 ], [ -65.04392307, -32.46335779 ], [ -65.0319369, -32.45486351 ], [ -65.03193868, -32.45486369 ], [ -65.03172053, -32.45470699 ], [ -65.03081323, -32.45461823 ], [ -65.03012085, -32.4545505 ], [ -65.02941037, -32.45446065 ], [ -65.02567689, -32.45398851 ], [ -65.02558623, -32.45400578 ], [ -65.02543388, -32.45398414 ], [ -65.02510159, -32.45405368 ] ] ] ] } },
{ "type": "Feature", "properties": { "circuito": "03407", "codprov": "19", "coddepto": "003" }, "geometry": { "type": "MultiPolygon", "coordinates": [ [ [ [ -65.19632349, -33.84876226 ], [ -65.15647627, -33.7951786 ], [ -65.15475576, -33.79568927 ], [ -65.14529074, -33.79955948 ], [ -65.14080407, -33.8018716 ], [ -65.13045581, -33.80867218 ], [ -65.12202857, -33.81629762 ], [ -65.12198843, -33.817504 ], [ -65.12190717, -33.81731342 ], [ -65.11974427, -33.88200471 ], [ -65.11973148, -33.88238743 ], [ -65.11951663, -33.88881335 ], [ -65.11961315, -33.88876352 ], [ -65.11961827, -33.88876088 ], [ -65.11962171, -33.8887591 ], [ -65.1196289, -33.88875532 ], [ -65.12184921, -33.88759015 ], [ -65.17972265, -33.85721944 ], [ -65.18426514, -33.85491943 ], [ -65.19632349, -33.84876226 ] ] ] ] } },
{ "type": "Feature", "properties": { "circuito": "0009A", "codprov": "19", "coddepto": "001" }, "geometry": { "type": "MultiPolygon", "coordinates": [ [ [ [ -67.10324279, -33.49491136 ], [ -67.10323098, -33.49400025 ], [ -67.1065324, -33.49396726 ], [ -67.10715004, -33.49310461 ], [ -67.10762541, -33.4904273 ], [ -67.10839223, -33.48999203 ], [ -67.11172018, -33.49001206 ], [ -67.11509991, -33.48721115 ], [ -67.11606079, -33.48406734 ], [ -67.11547192, -33.48264133 ], [ -67.11320012, -33.4810281 ], [ -67.1148762, -33.4806166 ], [ -67.11628303, -33.48166863 ], [ -67.11752827, -33.48118136 ], [ -67.1192696, -33.47902932 ], [ -67.11952151, -33.47652154 ], [ -67.12095796, -33.47332584 ], [ -67.12288547, -33.4725546 ], [ -67.12545437, -33.47312647 ], [ -67.12671913, -33.47192243 ], [ -67.12694508, -33.46983433 ], [ -67.12924139, -33.47134291 ], [ -67.13012264, -33.47108696 ], [ -67.13162392, -33.47065093 ], [ -67.13161109, -33.46958692 ], [ -67.1316084, -33.46936348 ], [ -67.13202361, -33.46917118 ], [ -67.13237339, -33.46900919 ], [ -67.13305014, -33.46813665 ], [ -67.13385431, -33.46709983 ], [ -67.13558074, -33.46397085 ], [ -67.13115469, -33.46270012 ], [ -67.13054938, -33.46008134 ], [ -67.13394508, -33.45849986 ], [ -67.13246494, -33.45652277 ], [ -67.13219064, -33.45482065 ], [ -67.13287272, -33.45266778 ], [ -67.13126272, -33.45157316 ], [ -67.13134171, -33.44899459 ], [ -67.13267734, -33.44861225 ], [ -67.13404223, -33.44658519 ], [ -67.13618297, -33.4449465 ], [ -67.13855721, -33.44358819 ], [ -67.14268437, -33.44136509 ], [ -67.14589681, -33.43922654 ], [ -67.14391191, -33.4374196 ], [ -67.14402719, -33.43527214 ], [ -67.14272646, -33.43373048 ], [ -67.14341127, -33.43169907 ], [ -67.14366579, -33.42942986 ], [ -67.14312622, -33.42751598 ], [ -67.14367366, -33.42598453 ], [ -67.14572617, -33.42380375 ], [ -67.14702643, -33.42127886 ], [ -67.14779046, -33.41865934 ], [ -67.14795612, -33.41740186 ], [ -67.15071012, -33.41580546 ], [ -67.15071717, -33.41398137 ], [ -67.15267852, -33.41181255 ], [ -67.15181527, -33.41110745 ], [ -67.15051792, -33.40968734 ], [ -67.15163257, -33.40800626 ], [ -67.15345482, -33.40596369 ], [ -67.15244604, -33.40502029 ], [ -67.15145949, -33.40358527 ], [ -67.15083092, -33.40109796 ], [ -67.1493886, -33.3995611 ], [ -67.15059541, -33.39863351 ], [ -67.15149218, -33.39739656 ], [ -67.14962292, -33.39574341 ], [ -67.14827286, -33.39038909 ], [ -67.14851735, -33.38740418 ], [ -67.15078235, -33.38654924 ], [ -67.15147022, -33.38487346 ], [ -67.15031907, -33.3838087 ], [ -67.14986242, -33.38154529 ], [ -67.14983561, -33.37940259 ], [ -67.15235201, -33.37627852 ], [ -67.15344701, -33.37523403 ], [ -67.15740664, -33.37145708 ], [ -67.15737347, -33.36907141 ], [ -67.15714529, -33.36719203 ], [ -67.15705545, -33.36645212 ], [ -67.1581527, -33.36346111 ], [ -67.15612248, -33.36049845 ], [ -67.15594142, -33.35545626 ], [ -67.15581481, -33.35460036 ], [ -67.15580522, -33.35383511 ], [ -67.15686825, -33.35238091 ], [ -67.15569395, -33.34941204 ], [ -67.15609053, -33.34725964 ], [ -67.15548504, -33.34440229 ], [ -67.15658877, -33.34188844 ], [ -67.15611558, -33.33831512 ], [ -67.15408898, -33.33546936 ], [ -67.15434405, -33.3334433 ], [ -67.15386094, -33.32914976 ], [ -67.15240635, -33.3264244 ], [ -67.15281243, -33.32486614 ], [ -67.1544881, -33.32270694 ], [ -67.15530936, -33.3220013 ], [ -67.15673513, -33.32077626 ], [ -67.15870749, -33.31944469 ], [ -67.15982783, -33.31824524 ], [ -67.15965552, -33.31597682 ], [ -67.15954634, -33.31515712 ], [ -67.15933843, -33.31359617 ], [ -67.16131626, -33.31295329 ], [ -67.16386508, -33.3121248 ], [ -67.16356031, -33.31045528 ], [ -67.16348729, -33.31024054 ], [ -67.16267159, -33.30784164 ], [ -67.16546908, -33.30447379 ], [ -67.16901391, -33.30396291 ], [ -67.17011417, -33.30144909 ], [ -67.17078719, -33.29858035 ], [ -67.17061115, -33.29595631 ], [ -67.17213003, -33.29272138 ], [ -67.1737909, -33.28948615 ], [ -67.17460649, -33.28685579 ], [ -67.17500226, -33.2845863 ], [ -67.17438986, -33.28152661 ], [ -67.17479927, -33.27993667 ], [ -67.17620618, -33.27897065 ], [ -67.17700807, -33.27538152 ], [ -67.17724434, -33.27415316 ], [ -67.17588326, -33.27416744 ], [ -67.17430597, -33.27493204 ], [ -67.17245648, -33.27471052 ], [ -67.17222925, -33.27286728 ], [ -67.17284274, -33.27184691 ], [ -67.17239307, -33.27006069 ], [ -67.17161921, -33.26962736 ], [ -67.17099092, -33.26729773 ], [ -67.17472301, -33.26371818 ], [ -67.17540638, -33.26180379 ], [ -67.1753793, -33.25977369 ], [ -67.1754845, -33.25703212 ], [ -67.17645433, -33.25511259 ], [ -67.17718843, -33.25297132 ], [ -67.18012893, -33.25208425 ], [ -67.17976038, -33.25008817 ], [ -67.18075582, -33.24797862 ], [ -67.18046456, -33.24732193 ], [ -67.17930151, -33.24518597 ], [ -67.17926128, -33.24220611 ], [ -67.17934547, -33.24026234 ], [ -67.17762552, -33.23661396 ], [ -67.17744005, -33.2333958 ], [ -67.17865368, -33.23091865 ], [ -67.17828326, -33.22882355 ], [ -67.17846201, -33.22503922 ], [ -67.17941196, -33.22180988 ], [ -67.17866883, -33.219313 ], [ -67.17779, -33.21717195 ], [ -67.17805025, -33.21537987 ], [ -67.17901012, -33.21286623 ], [ -67.1776874, -33.20983943 ], [ -67.17845835, -33.20842196 ], [ -67.18261595, -33.20483248 ], [ -67.18224079, -33.20235476 ], [ -67.1822221, -33.19864463 ], [ -67.18123998, -33.19539924 ], [ -67.17861364, -33.19418162 ], [ -67.17861086, -33.193898 ], [ -67.17858391, -33.19164272 ], [ -67.1782572, -33.18854639 ], [ -67.17639569, -33.18713186 ], [ -67.17622732, -33.18522359 ], [ -67.17732231, -33.18223257 ], [ -67.17741791, -33.17889236 ], [ -67.17737335, -33.17778603 ], [ -67.17668525, -33.17711113 ], [ -67.17481763, -33.1753365 ], [ -67.17368939, -33.17390629 ], [ -67.17219581, -33.17239377 ], [ -67.17007338, -33.17049251 ], [ -67.16863787, -33.16907255 ], [ -67.16732545, -33.16646406 ], [ -67.16743417, -33.16395653 ], [ -67.16866419, -33.16036661 ], [ -67.17260279, -33.15806384 ], [ -67.17228927, -33.15580015 ], [ -67.17217617, -33.15398007 ], [ -67.17194931, -33.15151082 ], [ -67.17433051, -33.14934132 ], [ -67.17415557, -33.14683881 ], [ -67.17580176, -33.14497768 ], [ -67.1766786, -33.14286767 ], [ -67.17790852, -33.14131772 ], [ -67.17899275, -33.13748944 ], [ -67.18008063, -33.1340213 ], [ -67.18231584, -33.13149631 ], [ -67.1841062, -33.12991846 ], [ -67.18441137, -33.12753564 ], [ -67.18448138, -33.12698902 ], [ -67.18451561, -33.12670771 ], [ -67.18401757, -33.12490691 ], [ -67.18392122, -33.12456117 ], [ -67.18431841, -33.12382414 ], [ -67.1847024, -33.12311161 ], [ -67.18489014, -33.12276325 ], [ -67.18487741, -33.12266808 ], [ -67.18470376, -33.12266808 ], [ -67.18470439, -33.12266621 ], [ -67.01485397, -33.12394882 ], [ -66.99341281, -33.12356454 ], [ -66.98932965, -33.14583081 ], [ -66.99556324, -33.17315888 ], [ -66.9979803, -33.18527753 ], [ -66.99661717, -33.20803702 ], [ -66.99880319, -33.21370119 ], [ -67.00305695, -33.224723 ], [ -67.01081589, -33.24037058 ], [ -67.01640872, -33.25261733 ], [ -67.01474346, -33.26860786 ], [ -67.01344173, -33.28562349 ], [ -67.01361776, -33.30397369 ], [ -67.0147377, -33.31420793 ], [ -67.01522311, -33.3186437 ], [ -67.01382982, -33.32599349 ], [ -67.01045695, -33.33054272 ], [ -67.01290513, -33.33529629 ], [ -67.0169244, -33.34310041 ], [ -67.02562809, -33.35891049 ], [ -67.03050495, -33.37856422 ], [ -67.03142621, -33.38107674 ], [ -67.03299827, -33.42523725 ], [ -67.00712556, -33.42855943 ], [ -67.00794855, -33.46698915 ], [ -67.00854829, -33.49499375 ], [ -67.00857332, -33.4961625 ], [ -67.10324279, -33.49491136 ] ] ] ] } }
]
}
