{
"type": "FeatureCollection",
"name": "SantaCruz",
"crs": { "type": "name", "properties": { "name": "urn:ogc:def:crs:OGC:1.3:CRS84" } },
"features": [
{ "type": "Feature", "properties": { "circuito": "00009", "codprov": "20", "coddepto": "002" }, "geometry": { "type": "MultiPolygon", "coordinates": [ [ [ [ -71.63834144, -46.54833095 ], [ -71.63030866, -46.54623541 ], [ -71.63216277, -46.5423602 ], [ -71.62539514, -46.54060223 ], [ -71.62338629, -46.54465593 ], [ -71.62544981, -46.54528298 ], [ -71.62227218, -46.55155832 ], [ -71.62964132, -46.55341276 ], [ -71.6304199, -46.55324835 ], [ -71.63491626, -46.55447042 ], [ -71.6367052, -46.55126383 ], [ -71.63775512, -46.5493819 ], [ -71.63834144, -46.54833095 ] ] ] ] } },
{ "type": "Feature", "properties": { "circuito": "00012", "codprov": "20", "coddepto": "004" }, "geometry": { "type": "MultiPolygon", "coordinates": [ [ [ [ -70.92799633, -47.44849469 ], [ -70.92820154, -47.44686188 ], [ -70.9303446, -47.44690897 ], [ -70.93061551, -47.44456256 ], [ -70.92800373, -47.44460765 ], [ -70.92711508, -47.44301298 ], [ -70.92320319, -47.44315894 ], [ -70.92799633, -47.44849469 ] ] ] ] } },
{ "type": "Feature", "properties": { "circuito": "0012B", "codprov": "20", "coddepto": "004" }, "geometry": { "type": "MultiPolygon", "coordinates": [ [ [ [ -71.74855403, -47.56382312 ], [ -71.74027258, -47.56398283 ], [ -71.737169, -47.56583927 ], [ -71.73857287, -47.56915659 ], [ -71.74058677, -47.56900148 ], [ -71.74318197, -47.56881264 ], [ -71.745214, -47.56882301 ], [ -71.74855403, -47.56382312 ] ] ] ] } },
{ "type": "Feature", "properties": { "circuito": "S/D", "codprov": "20", "coddepto": "nan" }, "geometry": { "type": "MultiPolygon", "coordinates": [ [ [ [ -67.76139921, -49.31350561 ], [ -67.76330815, -49.31471714 ], [ -67.76480726, -49.3170572 ], [ -67.7711477, -49.31598985 ], [ -67.77244172, -49.31671171 ], [ -67.77490093, -49.31808356 ], [ -67.77667055, -49.31781234 ], [ -67.78191835, -49.31963249 ], [ -67.78240577, -49.3219603 ], [ -67.78303161, -49.32486263 ], [ -67.78085082, -49.32866404 ], [ -67.78290985, -49.32977516 ], [ -67.78836332, -49.32873916 ], [ -67.79301702, -49.32740779 ], [ -67.79348937, -49.32575532 ], [ -67.79760874, -49.32727981 ], [ -67.79296149, -49.32956021 ], [ -67.79447346, -49.33180041 ], [ -67.79875753, -49.33048867 ], [ -67.80039354, -49.33315096 ], [ -67.80194374, -49.33680189 ], [ -67.80399177, -49.33846187 ], [ -67.8047417, -49.34202016 ], [ -67.80123547, -49.34880997 ], [ -67.79619509, -49.35205596 ], [ -67.79316992, -49.3541879 ], [ -67.79515802, -49.35830203 ], [ -67.79505806, -49.3623995 ], [ -67.79245145, -49.36646621 ], [ -67.78982435, -49.37135236 ], [ -67.78725753, -49.37378446 ], [ -67.78050682, -49.37644397 ], [ -67.77460211, -49.37856426 ], [ -67.77215538, -49.3799025 ], [ -67.78157617, -49.37939989 ], [ -67.78454896, -49.38194851 ], [ -67.79889872, -49.38157728 ], [ -67.80425636, -49.37908269 ], [ -67.80959525, -49.37731732 ], [ -67.81938692, -49.37575706 ], [ -67.81929315, -49.37957992 ], [ -67.81920237, -49.38339816 ], [ -67.82584247, -49.38537861 ], [ -67.83252923, -49.38544501 ], [ -67.83752871, -49.38604511 ], [ -67.83623018, -49.38793932 ], [ -67.83327473, -49.38927771 ], [ -67.83020643, -49.39525386 ], [ -67.83008228, -49.40044096 ], [ -67.82628705, -49.40176484 ], [ -67.82344201, -49.39932438 ], [ -67.82130602, -49.40034929 ], [ -67.82165703, -49.403083 ], [ -67.81869232, -49.40469128 ], [ -67.81542048, -49.4016567 ], [ -67.81088107, -49.39915171 ], [ -67.8054874, -49.39745583 ], [ -67.79261138, -49.39404664 ], [ -67.7876085, -49.39344923 ], [ -67.78090567, -49.39489224 ], [ -67.77711232, -49.39525181 ], [ -67.76962558, -49.39380735 ], [ -67.76310981, -49.38691109 ], [ -67.75890896, -49.38768272 ], [ -67.75426547, -49.38954299 ], [ -67.74632615, -49.38946061 ], [ -67.74086954, -49.39022027 ], [ -67.7285613, -49.38949298 ], [ -67.71378439, -49.3851139 ], [ -67.70150246, -49.37722177 ], [ -67.69296934, -49.36811436 ], [ -67.69064245, -49.36126404 ], [ -67.69117651, -49.35689721 ], [ -67.68544052, -49.35274028 ], [ -67.68288172, -49.34473424 ], [ -67.68308088, -49.34103776 ], [ -67.68611729, -49.33326776 ], [ -67.68767275, -49.32965108 ], [ -67.68888147, -49.32680416 ], [ -67.69218883, -49.3186811 ], [ -67.69823366, -49.31110314 ], [ -67.69914547, -49.30811076 ], [ -67.69333572, -49.30695297 ], [ -67.6820996, -49.30573199 ], [ -67.67593683, -49.30211375 ], [ -67.67271957, -49.29770565 ], [ -67.67252957, -49.28923904 ], [ -67.67312815, -49.28241824 ], [ -67.67328315, -49.27668595 ], [ -67.67299623, -49.27176772 ], [ -67.67191333, -49.26893286 ], [ -67.66781332, -49.2664271 ], [ -67.66500765, -49.2648494 ], [ -67.66417114, -49.26228787 ], [ -67.66760744, -49.25850538 ], [ -67.66809869, -49.25577767 ], [ -67.66813466, -49.2544133 ], [ -67.66020297, -49.25486916 ], [ -67.65227616, -49.25504989 ], [ -67.64597229, -49.25688742 ], [ -67.64019236, -49.25490718 ], [ -67.63689635, -49.25350598 ], [ -67.63611482, -49.25158527 ], [ -67.63111374, -49.2515254 ], [ -67.62609841, -49.25201015 ], [ -67.61534759, -49.24887864 ], [ -67.61283277, -49.24939311 ], [ -67.61226345, -49.25484947 ], [ -67.61039534, -49.26192756 ], [ -67.60984884, -49.26656435 ], [ -67.60845155, -49.27173442 ], [ -67.60545816, -49.27442688 ], [ -67.60428481, -49.28738293 ], [ -67.60449502, -49.29475572 ], [ -67.61117881, -49.30930947 ], [ -67.62078792, -49.32389862 ], [ -67.62535256, -49.33979144 ], [ -67.63165301, -49.35455737 ], [ -67.63611236, -49.36045051 ], [ -67.64167294, -49.3671268 ], [ -67.65250691, -49.38336442 ], [ -67.6606226, -49.39320681 ], [ -67.66084038, -49.39339593 ], [ -67.66374793, -49.39898189 ], [ -67.66680013, -49.40651857 ], [ -67.66777884, -49.4084761 ], [ -67.66857409, -49.41604555 ], [ -67.66827157, -49.42000704 ], [ -67.67084115, -49.42643415 ], [ -67.67303956, -49.43225102 ], [ -67.67368612, -49.43737505 ], [ -67.67594212, -49.44085507 ], [ -67.67675215, -49.44360206 ], [ -68.69030749, -49.45402617 ], [ -68.82385046, -49.45474329 ], [ -68.82805879, -49.31668227 ], [ -69.24457985, -49.3182659 ], [ -69.75912395, -49.31812577 ], [ -69.7627582, -49.31810628 ], [ -69.7628752, -49.31810696 ], [ -69.75952513, -49.20854667 ], [ -69.73984589, -48.48611193 ], [ -69.73566484, -48.32192804 ], [ -69.35657808, -48.43817173 ], [ -68.99479357, -48.41840309 ], [ -68.98957434, -48.4181117 ], [ -68.66478526, -48.3993585 ], [ -68.33662617, -48.37947311 ], [ -68.18675824, -48.44444129 ], [ -67.61726564, -48.09152467 ], [ -67.58856026, -48.11221065 ], [ -67.55425586, -48.1128462 ], [ -67.24790071, -48.4114708 ], [ -67.1730668, -48.48376224 ], [ -66.86893866, -48.58448853 ], [ -66.86883277, -48.58479142 ], [ -66.86971313, -48.58690716 ], [ -66.87230392, -48.59028761 ], [ -66.87401059, -48.59265434 ], [ -66.87616596, -48.59512286 ], [ -66.87840557, -48.59744908 ], [ -66.88140843, -48.59831924 ], [ -66.88458352, -48.59869327 ], [ -66.88909653, -48.59997546 ], [ -66.89129076, -48.60064334 ], [ -66.89452122, -48.60146947 ], [ -66.89777563, -48.60198887 ], [ -66.90201022, -48.60211511 ], [ -66.90464578, -48.60243493 ], [ -66.90675498, -48.60305142 ], [ -66.90946152, -48.60437619 ], [ -66.91307667, -48.60534615 ], [ -66.91587342, -48.60581765 ], [ -66.91918775, -48.606141 ], [ -66.92410209, -48.60636919 ], [ -66.92788617, -48.60619051 ], [ -66.93417291, -48.60592611 ], [ -66.93840708, -48.60560575 ], [ -66.94462089, -48.60519035 ], [ -66.94674076, -48.60515359 ], [ -66.94893051, -48.60531678 ], [ -66.95421498, -48.60620112 ], [ -66.95722925, -48.60667313 ], [ -66.96069975, -48.60734073 ], [ -66.96288804, -48.60765663 ], [ -66.96493107, -48.60802247 ], [ -66.96794905, -48.60853904 ], [ -66.97066581, -48.6087601 ], [ -66.97308201, -48.6091264 ], [ -66.97791275, -48.61035366 ], [ -66.98032432, -48.61091788 ], [ -66.98349077, -48.61193714 ], [ -66.98906996, -48.61327294 ], [ -66.99215739, -48.61414628 ], [ -66.99509679, -48.61511914 ], [ -66.99780157, -48.61638344 ], [ -67.0018686, -48.61831541 ], [ -67.00502877, -48.61958617 ], [ -67.00698027, -48.62049869 ], [ -67.00946771, -48.62166684 ], [ -67.01187373, -48.62283328 ], [ -67.01419016, -48.62500579 ], [ -67.01607542, -48.62576304 ], [ -67.01794975, -48.62697941 ], [ -67.01981263, -48.62950049 ], [ -67.02151966, -48.63176612 ], [ -67.02286234, -48.63337432 ], [ -67.02450103, -48.63614154 ], [ -67.02476948, -48.63840349 ], [ -67.02686764, -48.64012013 ], [ -67.03003608, -48.64104361 ], [ -67.03342577, -48.64261141 ], [ -67.03553116, -48.64432763 ], [ -67.03748542, -48.64559486 ], [ -67.0410986, -48.64706463 ], [ -67.04660862, -48.6484001 ], [ -67.04872266, -48.64886092 ], [ -67.05203748, -48.64948179 ], [ -67.05536591, -48.65010209 ], [ -67.05891525, -48.65102034 ], [ -67.06155348, -48.65208761 ], [ -67.06396213, -48.65325288 ], [ -67.06636235, -48.65507058 ], [ -67.06854955, -48.65618062 ], [ -67.07087561, -48.65800084 ], [ -67.07267885, -48.65906143 ], [ -67.07439088, -48.66117769 ], [ -67.07604932, -48.66254471 ], [ -67.07830232, -48.66420996 ], [ -67.08146446, -48.66577993 ], [ -67.0840956, -48.66699536 ], [ -67.08794569, -48.66841929 ], [ -67.09005419, -48.66913143 ], [ -67.09346165, -48.66995022 ], [ -67.09572362, -48.67071076 ], [ -67.10206493, -48.67269765 ], [ -67.10432337, -48.67391242 ], [ -67.10802632, -48.67518351 ], [ -67.11112073, -48.6761524 ], [ -67.11344854, -48.67746347 ], [ -67.11525519, -48.67837935 ], [ -67.11827125, -48.680048 ], [ -67.12136346, -48.68156542 ], [ -67.12407799, -48.68278146 ], [ -67.12693716, -48.68435207 ], [ -67.12889877, -48.68516322 ], [ -67.13085644, -48.68667164 ], [ -67.13235527, -48.68813354 ], [ -67.13424138, -48.689595 ], [ -67.13603024, -48.69160866 ], [ -67.13806848, -48.69252035 ], [ -67.13979289, -48.69473867 ], [ -67.14098278, -48.69689974 ], [ -67.1413324, -48.69991416 ], [ -67.14048059, -48.70211725 ], [ -67.14029649, -48.70492149 ], [ -67.14118267, -48.70743533 ], [ -67.1417588, -48.71014473 ], [ -67.14038025, -48.71189452 ], [ -67.1411106, -48.71490872 ], [ -67.14207434, -48.7171229 ], [ -67.14325672, -48.71968003 ], [ -67.14459147, -48.72284785 ], [ -67.14556025, -48.7247065 ], [ -67.14652102, -48.72762241 ], [ -67.14733233, -48.72963065 ], [ -67.14791593, -48.731845 ], [ -67.14848101, -48.73630889 ], [ -67.14861135, -48.73846762 ], [ -67.14957285, -48.7407268 ], [ -67.1506824, -48.74379023 ], [ -67.1505107, -48.74599583 ], [ -67.15132056, -48.74855732 ], [ -67.1536571, -48.75082531 ], [ -67.15674613, -48.75289516 ], [ -67.15908182, -48.75416007 ], [ -67.163002, -48.75718471 ], [ -67.1667723, -48.75925662 ], [ -67.17092273, -48.76168344 ], [ -67.17333089, -48.76319732 ], [ -67.17590378, -48.76480862 ], [ -67.18003684, -48.76869303 ], [ -67.18146608, -48.7702513 ], [ -67.18380053, -48.77246479 ], [ -67.18476936, -48.7745795 ], [ -67.18642285, -48.77608907 ], [ -67.18929223, -48.7778557 ], [ -67.19040664, -48.78036536 ], [ -67.19136676, -48.78322696 ], [ -67.19232323, -48.78669588 ], [ -67.19321586, -48.78935753 ], [ -67.19273206, -48.79196138 ], [ -67.19164949, -48.79391688 ], [ -67.19193933, -48.79592132 ], [ -67.19313896, -48.7975283 ], [ -67.19456635, -48.79994555 ], [ -67.19522879, -48.80221077 ], [ -67.19603641, -48.8046641 ], [ -67.19556516, -48.80717305 ], [ -67.19493768, -48.809076 ], [ -67.19361941, -48.81253336 ], [ -67.1948009, -48.81579166 ], [ -67.19593094, -48.81745512 ], [ -67.19758782, -48.81882049 ], [ -67.20030052, -48.82063306 ], [ -67.20295083, -48.82234889 ], [ -67.20529194, -48.82411195 ], [ -67.20671875, -48.82557105 ], [ -67.20861131, -48.82673424 ], [ -67.21071586, -48.8285958 ], [ -67.21253306, -48.83035989 ], [ -67.21425714, -48.83247369 ], [ -67.2159885, -48.83503698 ], [ -67.21717775, -48.83779553 ], [ -67.21868191, -48.8395575 ], [ -67.22140595, -48.84107682 ], [ -67.2233745, -48.84163428 ], [ -67.22595147, -48.84209291 ], [ -67.22899495, -48.84250735 ], [ -67.23217827, -48.84356875 ], [ -67.23452647, -48.84458433 ], [ -67.23710042, -48.84544762 ], [ -67.23853218, -48.84690616 ], [ -67.24012058, -48.84816101 ], [ -67.24169923, -48.85022579 ], [ -67.24289862, -48.85223707 ], [ -67.24432997, -48.85364608 ], [ -67.24683372, -48.85475913 ], [ -67.2491833, -48.85481633 ], [ -67.25359426, -48.85522911 ], [ -67.25578987, -48.8558406 ], [ -67.25799636, -48.85629873 ], [ -67.26255096, -48.85671484 ], [ -67.26506106, -48.85717508 ], [ -67.26779243, -48.85763155 ], [ -67.27052302, -48.85839834 ], [ -67.27537698, -48.85956297 ], [ -67.27826642, -48.8600718 ], [ -67.28160211, -48.86113518 ], [ -67.2858494, -48.86225447 ], [ -67.28835307, -48.86291234 ], [ -67.29116006, -48.86336995 ], [ -67.29329045, -48.86352888 ], [ -67.29602904, -48.86414184 ], [ -67.29830277, -48.86489804 ], [ -67.30126257, -48.86586244 ], [ -67.30421499, -48.86642224 ], [ -67.31021275, -48.86889648 ], [ -67.31385193, -48.87046032 ], [ -67.31733768, -48.87146757 ], [ -67.31938991, -48.87217769 ], [ -67.32379054, -48.87374862 ], [ -67.32924687, -48.87597235 ], [ -67.33327639, -48.87683273 ], [ -67.33721864, -48.87810106 ], [ -67.33904225, -48.87915679 ], [ -67.34237548, -48.88051537 ], [ -67.34981556, -48.88349538 ], [ -67.35163017, -48.88440283 ], [ -67.35383672, -48.88565974 ], [ -67.3564156, -48.88656968 ], [ -67.35930005, -48.88758044 ], [ -67.36309803, -48.88874091 ], [ -67.36506572, -48.89030354 ], [ -67.36688399, -48.89226311 ], [ -67.3699186, -48.89377617 ], [ -67.37242142, -48.8947831 ], [ -67.37492495, -48.89634319 ], [ -67.37712057, -48.89750113 ], [ -67.37940168, -48.89830944 ], [ -67.3818279, -48.89956647 ], [ -67.38341604, -48.90087335 ], [ -67.38675699, -48.90228885 ], [ -67.38964077, -48.90354627 ], [ -67.39245691, -48.90465327 ], [ -67.39473015, -48.9060643 ], [ -67.39859689, -48.9084849 ], [ -67.40095363, -48.9092899 ], [ -67.40337998, -48.91049699 ], [ -67.40528058, -48.91135084 ], [ -67.40838639, -48.91407011 ], [ -67.41066888, -48.91472483 ], [ -67.41256717, -48.91578105 ], [ -67.41446783, -48.9169406 ], [ -67.4166654, -48.91860149 ], [ -67.4187915, -48.91910463 ], [ -67.42183107, -48.92086803 ], [ -67.42418602, -48.9223743 ], [ -67.42638365, -48.92418344 ], [ -67.42858944, -48.92538951 ], [ -67.43101519, -48.92665003 ], [ -67.43435619, -48.92876134 ], [ -67.43708857, -48.93047322 ], [ -67.43898898, -48.93157841 ], [ -67.44050531, -48.9330852 ], [ -67.44233101, -48.93484542 ], [ -67.44430508, -48.93554737 ], [ -67.44756999, -48.93690559 ], [ -67.4497748, -48.93831819 ], [ -67.45213329, -48.93942345 ], [ -67.45494115, -48.94078115 ], [ -67.45737469, -48.94218926 ], [ -67.45965627, -48.94334683 ], [ -67.46140236, -48.94485345 ], [ -67.46329388, -48.94661079 ], [ -67.4659501, -48.94947193 ], [ -67.46777297, -48.95038175 ], [ -67.47097, -48.95168798 ], [ -67.4730214, -48.95244041 ], [ -67.47568457, -48.9536548 ], [ -67.47819585, -48.95465914 ], [ -67.48108619, -48.95707003 ], [ -67.48397147, -48.95877486 ], [ -67.48602122, -48.9600354 ], [ -67.48777098, -48.96133908 ], [ -67.48913589, -48.96409709 ], [ -67.49057841, -48.96615937 ], [ -67.49171515, -48.96831454 ], [ -67.49383641, -48.97187961 ], [ -67.49558287, -48.97408739 ], [ -67.49702469, -48.97579429 ], [ -67.50115925, -48.97762743 ], [ -67.50436203, -48.97865604 ], [ -67.5070273, -48.9806253 ], [ -67.5092281, -48.98221687 ], [ -67.5115381, -48.98444733 ], [ -67.51342068, -48.98599282 ], [ -67.51498708, -48.98736626 ], [ -67.51674548, -48.98874564 ], [ -67.51925105, -48.99097728 ], [ -67.52214239, -48.99312624 ], [ -67.52446385, -48.99501865 ], [ -67.53021064, -48.99908189 ], [ -67.53289826, -49.00166329 ], [ -67.53856688, -49.00467855 ], [ -67.54215016, -49.006224 ], [ -67.55005993, -49.01242932 ], [ -67.55548281, -49.0174056 ], [ -67.56199457, -49.02533418 ], [ -67.56834278, -49.03182953 ], [ -67.57624526, -49.04207711 ], [ -67.57870944, -49.0466616 ], [ -67.58127774, -49.05690491 ], [ -67.58254002, -49.06150564 ], [ -67.58553249, -49.07191191 ], [ -67.58714702, -49.07468137 ], [ -67.5895328, -49.0810185 ], [ -67.59158931, -49.08545255 ], [ -67.59251846, -49.08935577 ], [ -67.5947639, -49.0906786 ], [ -67.59670175, -49.0919327 ], [ -67.59930291, -49.09398792 ], [ -67.59988867, -49.09805773 ], [ -67.59955052, -49.09936217 ], [ -67.59921046, -49.10256934 ], [ -67.60064232, -49.1049366 ], [ -67.6019385, -49.10668853 ], [ -67.60321096, -49.10755529 ], [ -67.61083932, -49.110021 ], [ -67.61556523, -49.11191883 ], [ -67.6197458, -49.11483691 ], [ -67.62428747, -49.1187569 ], [ -67.62670279, -49.12158365 ], [ -67.63121335, -49.12769068 ], [ -67.63399402, -49.13236479 ], [ -67.63661724, -49.13901531 ], [ -67.63722047, -49.14359703 ], [ -67.63692787, -49.146627 ], [ -67.63698329, -49.14985886 ], [ -67.63516151, -49.15252304 ], [ -67.63353097, -49.15558432 ], [ -67.63196838, -49.15687961 ], [ -67.63092878, -49.15679995 ], [ -67.63041508, -49.15658669 ], [ -67.62626204, -49.15617777 ], [ -67.62509191, -49.15734475 ], [ -67.61965919, -49.15895258 ], [ -67.61838987, -49.15946226 ], [ -67.6149359, -49.15974908 ], [ -67.61372238, -49.16067479 ], [ -67.61710644, -49.16217653 ], [ -67.61778715, -49.16278347 ], [ -67.61773909, -49.16451264 ], [ -67.61670143, -49.16666379 ], [ -67.61618208, -49.17106567 ], [ -67.61342026, -49.17459476 ], [ -67.61180904, -49.17497412 ], [ -67.61028951, -49.17807108 ], [ -67.61069752, -49.17957958 ], [ -67.61165823, -49.17980202 ], [ -67.61226994, -49.18176566 ], [ -67.61390818, -49.18439889 ], [ -67.61519891, -49.18558416 ], [ -67.61748553, -49.18744021 ], [ -67.61922752, -49.18867932 ], [ -67.62073669, -49.18845239 ], [ -67.62356528, -49.18909011 ], [ -67.62665512, -49.1910172 ], [ -67.62939863, -49.19272423 ], [ -67.63135078, -49.19451698 ], [ -67.63403689, -49.19454394 ], [ -67.63501933, -49.19602027 ], [ -67.63605579, -49.1961675 ], [ -67.64326331, -49.19529708 ], [ -67.64583526, -49.19652035 ], [ -67.64732748, -49.19713489 ], [ -67.65151657, -49.19785201 ], [ -67.65793213, -49.20005332 ], [ -67.65998268, -49.20178314 ], [ -67.66464608, -49.20268301 ], [ -67.66744837, -49.20804819 ], [ -67.66797942, -49.21160263 ], [ -67.66776097, -49.21576319 ], [ -67.66992005, -49.21641341 ], [ -67.6702138, -49.21766996 ], [ -67.67283164, -49.21794169 ], [ -67.67487605, -49.21984693 ], [ -67.67468103, -49.22185197 ], [ -67.67349898, -49.22456726 ], [ -67.67254135, -49.22675166 ], [ -67.67099429, -49.23040381 ], [ -67.66720914, -49.23908994 ], [ -67.66719715, -49.24165432 ], [ -67.66759612, -49.24518712 ], [ -67.66989331, -49.24637603 ], [ -67.67422243, -49.24718114 ], [ -67.67734199, -49.24736497 ], [ -67.67891311, -49.2480299 ], [ -67.68027033, -49.25111444 ], [ -67.68282708, -49.25206315 ], [ -67.68286988, -49.25331188 ], [ -67.68483859, -49.2562096 ], [ -67.6875802, -49.25772645 ], [ -67.68891595, -49.26093772 ], [ -67.69482812, -49.26373779 ], [ -67.69698671, -49.2654401 ], [ -67.69922945, -49.26672511 ], [ -67.70090636, -49.26726398 ], [ -67.70379066, -49.26716432 ], [ -67.70530611, -49.26867681 ], [ -67.71298257, -49.26923586 ], [ -67.71625636, -49.26849923 ], [ -67.72009117, -49.2687786 ], [ -67.72594258, -49.26947897 ], [ -67.72973596, -49.27104617 ], [ -67.73223889, -49.27288214 ], [ -67.73495827, -49.27396248 ], [ -67.73639586, -49.274902 ], [ -67.7397658, -49.27394934 ], [ -67.74136892, -49.27453565 ], [ -67.74227305, -49.27568146 ], [ -67.74199465, -49.27761361 ], [ -67.74014827, -49.27857567 ], [ -67.74005144, -49.27904245 ], [ -67.73980287, -49.28024068 ], [ -67.73871607, -49.28363644 ], [ -67.73758999, -49.28662448 ], [ -67.736519, -49.28792265 ], [ -67.74376094, -49.29165828 ], [ -67.74006605, -49.29445918 ], [ -67.74347702, -49.29857137 ], [ -67.74730392, -49.30294227 ], [ -67.74760198, -49.3032827 ], [ -67.76296675, -49.30361244 ], [ -67.76279738, -49.30463852 ], [ -67.76139921, -49.31350561 ] ] ] ] } },
{ "type": "Feature", "properties": { "circuito": "00006", "codprov": "20", "coddepto": "001" }, "geometry": { "type": "MultiPolygon", "coordinates": [ [ [ [ -68.91211855, -46.55051803 ], [ -68.92249325, -46.56676723 ], [ -68.93866751, -46.56656341 ], [ -68.93836903, -46.56341134 ], [ -68.95183174, -46.56229171 ], [ -68.94812728, -46.54915494 ], [ -68.95338393, -46.54858247 ], [ -68.95365874, -46.5259131 ], [ -68.94163556, -46.52587894 ], [ -68.92857667, -46.526953 ], [ -68.91475371, -46.52808991 ], [ -68.91483628, -46.53156921 ], [ -68.90001704, -46.53236645 ], [ -68.89938112, -46.54092007 ], [ -68.90329891, -46.5414374 ], [ -68.90629776, -46.5430126 ], [ -68.90647079, -46.54326208 ], [ -68.90959169, -46.54656037 ], [ -68.91211855, -46.55051803 ] ] ] ] } },
{ "type": "Feature", "properties": { "circuito": "00005", "codprov": "20", "coddepto": "001" }, "geometry": { "type": "MultiPolygon", "coordinates": [ [ [ [ -67.93374379, -46.80535099 ], [ -67.93781237, -46.80697349 ], [ -67.94887596, -46.81121813 ], [ -67.9751814, -46.80380327 ], [ -67.97853796, -46.81169217 ], [ -67.98230221, -46.81173636 ], [ -67.98914279, -46.81094969 ], [ -67.98963073, -46.78480534 ], [ -67.98598615, -46.78574195 ], [ -67.98580158, -46.78406728 ], [ -67.9855644, -46.78364431 ], [ -67.96979854, -46.78824226 ], [ -67.96557637, -46.77994424 ], [ -67.95598258, -46.78301458 ], [ -67.94882728, -46.78530296 ], [ -67.93728394, -46.78922403 ], [ -67.93611543, -46.78882481 ], [ -67.92411289, -46.7847242 ], [ -67.92290147, -46.79496555 ], [ -67.92147468, -46.80141986 ], [ -67.92142273, -46.80296265 ], [ -67.92189775, -46.80367306 ], [ -67.92589839, -46.80308171 ], [ -67.92927982, -46.80357082 ], [ -67.93374379, -46.80535099 ] ] ] ] } },
{ "type": "Feature", "properties": { "circuito": "00010", "codprov": "20", "coddepto": "003" }, "geometry": { "type": "MultiPolygon", "coordinates": [ [ [ [ -67.74044425, -49.3118938 ], [ -67.74044846, -49.31189429 ], [ -67.74517491, -49.31535022 ], [ -67.74517766, -49.31535223 ], [ -67.75124615, -49.31506635 ], [ -67.75390234, -49.31414272 ], [ -67.75827342, -49.31323822 ], [ -67.76085268, -49.31315874 ], [ -67.76139921, -49.31350561 ], [ -67.76279738, -49.30463852 ], [ -67.76296675, -49.30361244 ], [ -67.74760198, -49.3032827 ], [ -67.74730392, -49.30294227 ], [ -67.74347702, -49.29857137 ], [ -67.74006605, -49.29445918 ], [ -67.74376094, -49.29165828 ], [ -67.736519, -49.28792265 ], [ -67.73521234, -49.28950649 ], [ -67.73506889, -49.29137909 ], [ -67.73357359, -49.2928529 ], [ -67.72943041, -49.29418343 ], [ -67.72859766, -49.295612 ], [ -67.72492165, -49.298592 ], [ -67.72006229, -49.30056778 ], [ -67.720725, -49.30213747 ], [ -67.72018203, -49.30505196 ], [ -67.71686802, -49.30798089 ], [ -67.714373, -49.31149247 ], [ -67.71438381, -49.31343969 ], [ -67.71569352, -49.3169891 ], [ -67.71805572, -49.31852078 ], [ -67.72151903, -49.31800568 ], [ -67.72311901, -49.31628486 ], [ -67.72269791, -49.31425998 ], [ -67.72463172, -49.31376244 ], [ -67.72799103, -49.31216737 ], [ -67.73324609, -49.31125906 ], [ -67.73735542, -49.31153112 ], [ -67.74044425, -49.3118938 ] ] ] ] } },
{ "type": "Feature", "properties": { "circuito": "S/D", "codprov": "20", "coddepto": "nan" }, "geometry": { "type": "MultiPolygon", "coordinates": [ [ [ [ -71.8921047, -47.22782909 ], [ -71.88992994, -47.22792925 ], [ -71.88665842, -47.22847771 ], [ -71.88329464, -47.22914583 ], [ -71.88034008, -47.23043916 ], [ -71.87780719, -47.23190205 ], [ -71.87461891, -47.23257421 ], [ -71.87142246, -47.23329644 ], [ -71.86806434, -47.23339192 ], [ -71.86607961, -47.23149389 ], [ -71.86325141, -47.23027837 ], [ -71.86360872, -47.22794105 ], [ -71.86447812, -47.22572136 ], [ -71.86743117, -47.22459514 ], [ -71.87061977, -47.22398619 ], [ -71.87364901, -47.22292139 ], [ -71.8761817, -47.22140008 ], [ -71.87847182, -47.21975359 ], [ -71.8805844, -47.21793636 ], [ -71.88345184, -47.2168164 ], [ -71.88680134, -47.21695072 ], [ -71.88991434, -47.21617154 ], [ -71.89077595, -47.21395225 ], [ -71.89147806, -47.21166889 ], [ -71.89050138, -47.20944034 ], [ -71.88851109, -47.20760619 ], [ -71.88525366, -47.20701455 ], [ -71.88190474, -47.20693868 ], [ -71.8815994, -47.20465308 ], [ -71.88271194, -47.20249078 ], [ -71.88524515, -47.20101874 ], [ -71.88819076, -47.19972147 ], [ -71.88830599, -47.197385 ], [ -71.88833499, -47.19504627 ], [ -71.88895334, -47.19248137 ], [ -71.88973904, -47.19026353 ], [ -71.8904352, -47.18804368 ], [ -71.89071728, -47.18575718 ], [ -71.88999277, -47.18341438 ], [ -71.88800938, -47.1815752 ], [ -71.88508423, -47.1804759 ], [ -71.88182768, -47.17999666 ], [ -71.8789964, -47.1787278 ], [ -71.87625162, -47.17734407 ], [ -71.87384818, -47.17567251 ], [ -71.87126996, -47.17400104 ], [ -71.8684451, -47.1726684 ], [ -71.86611946, -47.17088707 ], [ -71.86295191, -47.1700087 ], [ -71.85969445, -47.16947938 ], [ -71.85677952, -47.16837406 ], [ -71.85377496, -47.16744221 ], [ -71.85103453, -47.16611606 ], [ -71.8508133, -47.16376986 ], [ -71.85093024, -47.16149186 ], [ -71.85212551, -47.15938647 ], [ -71.85457568, -47.15785856 ], [ -71.85726935, -47.15656372 ], [ -71.859803, -47.15498417 ], [ -71.86075397, -47.15276268 ], [ -71.86170152, -47.15059997 ], [ -71.86290685, -47.14838113 ], [ -71.86351853, -47.14610504 ], [ -71.86413584, -47.14388254 ], [ -71.86482886, -47.1416001 ], [ -71.8640298, -47.13937103 ], [ -71.86255011, -47.13731209 ], [ -71.86098606, -47.13530023 ], [ -71.86084751, -47.13301514 ], [ -71.86187769, -47.13085499 ], [ -71.86315812, -47.12875185 ], [ -71.8648612, -47.12659321 ], [ -71.86655988, -47.12460595 ], [ -71.86925564, -47.12331515 ], [ -71.87203255, -47.12207647 ], [ -71.87464058, -47.12065733 ], [ -71.87651079, -47.11879157 ], [ -71.87695274, -47.11651067 ], [ -71.87689985, -47.11416939 ], [ -71.87743438, -47.11189026 ], [ -71.87871714, -47.10972823 ], [ -71.88016468, -47.10762533 ], [ -71.88310124, -47.10655846 ], [ -71.88620802, -47.10577982 ], [ -71.88947137, -47.10522743 ], [ -71.8925846, -47.10433105 ], [ -71.89576678, -47.10343369 ], [ -71.89896341, -47.10248559 ], [ -71.90181797, -47.10136612 ], [ -71.90492111, -47.10029462 ], [ -71.90786646, -47.09922641 ], [ -71.9112922, -47.0990748 ], [ -71.9145587, -47.09864298 ], [ -71.91741847, -47.09745967 ], [ -71.92011335, -47.09604164 ], [ -71.92296708, -47.09486317 ], [ -71.92540653, -47.09328049 ], [ -71.92842981, -47.09226863 ], [ -71.93161859, -47.09126168 ], [ -71.93472285, -47.09047737 ], [ -71.93782776, -47.08969742 ], [ -71.94109263, -47.08920191 ], [ -71.94435992, -47.08870162 ], [ -71.94754085, -47.08798294 ], [ -71.94973879, -47.08622517 ], [ -71.95059974, -47.08394696 ], [ -71.95087352, -47.08160697 ], [ -71.95148348, -47.07932602 ], [ -71.95351362, -47.07751387 ], [ -71.95462843, -47.07529665 ], [ -71.95356572, -47.073062 ], [ -71.95157596, -47.07122902 ], [ -71.94900683, -47.0697883 ], [ -71.94634933, -47.0681744 ], [ -71.94377727, -47.06661674 ], [ -71.94137493, -47.06495114 ], [ -71.93914082, -47.0631687 ], [ -71.93673725, -47.06161113 ], [ -71.93399112, -47.06034606 ], [ -71.93090836, -47.05946754 ], [ -71.92757382, -47.05916693 ], [ -71.9242336, -47.0592043 ], [ -71.92096719, -47.05952388 ], [ -71.91763262, -47.0592815 ], [ -71.91556435, -47.05744057 ], [ -71.91391912, -47.05548989 ], [ -71.91151414, -47.05387789 ], [ -71.90894199, -47.05232847 ], [ -71.90653981, -47.05071164 ], [ -71.9048927, -47.04870696 ], [ -71.90342103, -47.04664799 ], [ -71.90185549, -47.04457835 ], [ -71.90020877, -47.04257357 ], [ -71.89848202, -47.04050302 ], [ -71.89649867, -47.03866862 ], [ -71.89451472, -47.03682973 ], [ -71.89270715, -47.03476542 ], [ -71.8915619, -47.03264474 ], [ -71.89009133, -47.03052701 ], [ -71.88827444, -47.02846337 ], [ -71.88688603, -47.02640219 ], [ -71.88741245, -47.0241777 ], [ -71.88652166, -47.02200106 ], [ -71.88504757, -47.01993757 ], [ -71.88415446, -47.0177656 ], [ -71.88301009, -47.01558626 ], [ -71.88195751, -47.01324668 ], [ -71.88098208, -47.01101361 ], [ -71.88218097, -47.00879509 ], [ -71.89254665, -46.99896413 ], [ -71.89532311, -46.99618846 ], [ -71.89707242, -46.99525916 ], [ -71.89885547, -46.99504295 ], [ -71.90001089, -46.9946148 ], [ -71.90074468, -46.99439974 ], [ -71.90294633, -46.99497447 ], [ -71.90588399, -46.99583807 ], [ -71.90966088, -46.99627113 ], [ -71.91291051, -46.99677696 ], [ -71.91458939, -46.99756804 ], [ -71.91668915, -46.99649389 ], [ -71.91826303, -46.9957761 ], [ -71.92015211, -46.99556473 ], [ -71.92246239, -46.99549131 ], [ -71.92372192, -46.99513576 ], [ -71.9252946, -46.99448999 ], [ -71.92770875, -46.99434978 ], [ -71.93033397, -46.99413439 ], [ -71.93201097, -46.99377743 ], [ -71.9322234, -46.99277036 ], [ -71.92991636, -46.99090351 ], [ -71.927086, -46.9894649 ], [ -71.92320786, -46.98817156 ], [ -71.91985526, -46.98522523 ], [ -71.91954136, -46.98386337 ], [ -71.92090416, -46.9833602 ], [ -71.922693, -46.98127947 ], [ -71.9258423, -46.97905578 ], [ -71.92961958, -46.97704823 ], [ -71.93339803, -46.97583275 ], [ -71.936546, -46.9753285 ], [ -71.93885089, -46.97561979 ], [ -71.94210262, -46.97612458 ], [ -71.94703134, -46.97662774 ], [ -71.94923403, -46.97670178 ], [ -71.95353432, -46.97677248 ], [ -71.95506551, -46.97653021 ], [ -71.95521141, -46.97612706 ], [ -71.95689286, -46.9747655 ], [ -71.95804682, -46.97304488 ], [ -71.95857371, -46.97095956 ], [ -71.95857357, -46.96923993 ], [ -71.95731664, -46.9675159 ], [ -71.95731881, -46.96471569 ], [ -71.95679936, -46.96098427 ], [ -71.95621003, -46.95945517 ], [ -71.95533292, -46.95897064 ], [ -71.95302593, -46.95739239 ], [ -71.95124506, -46.95602923 ], [ -71.95250431, -46.95401676 ], [ -71.95366006, -46.95301181 ], [ -71.9551308, -46.9500688 ], [ -71.95691321, -46.94913594 ], [ -71.95796061, -46.94856265 ], [ -71.95879917, -46.94792028 ], [ -71.95848529, -46.94691417 ], [ -71.95775268, -46.94533336 ], [ -71.95754553, -46.94382815 ], [ -71.95817734, -46.94267991 ], [ -71.95859715, -46.94031044 ], [ -71.95817993, -46.93808353 ], [ -71.957867, -46.93592943 ], [ -71.95900975, -46.93518204 ], [ -71.96101164, -46.93420928 ], [ -71.96363299, -46.93248534 ], [ -71.96509358, -46.93060089 ], [ -71.96509658, -46.92929068 ], [ -71.96436987, -46.92868181 ], [ -71.96384589, -46.92724664 ], [ -71.96447498, -46.92581048 ], [ -71.96531413, -46.92394358 ], [ -71.96615322, -46.92207667 ], [ -71.96856478, -46.91920776 ], [ -71.9696154, -46.91748618 ], [ -71.96919804, -46.91525934 ], [ -71.96951108, -46.91296129 ], [ -71.97066479, -46.91138462 ], [ -71.97118935, -46.90987564 ], [ -71.97035393, -46.90750628 ], [ -71.97119477, -46.90485142 ], [ -71.97025213, -46.9032693 ], [ -71.96710894, -46.90197803 ], [ -71.96543503, -46.90147549 ], [ -71.96428419, -46.90090011 ], [ -71.96040743, -46.90010773 ], [ -71.95821235, -46.89716583 ], [ -71.95737382, -46.8953008 ], [ -71.95737753, -46.89135262 ], [ -71.95737957, -46.89013253 ], [ -71.95654047, -46.88933893 ], [ -71.95423775, -46.88876428 ], [ -71.95214534, -46.88926689 ], [ -71.95088674, -46.88912303 ], [ -71.95005242, -46.8863213 ], [ -71.94900741, -46.88467057 ], [ -71.94555483, -46.88222819 ], [ -71.94503104, -46.88108104 ], [ -71.94586946, -46.87950247 ], [ -71.94534874, -46.87792293 ], [ -71.94262946, -46.87605292 ], [ -71.9386534, -46.8746149 ], [ -71.93729282, -46.8741143 ], [ -71.93708501, -46.87267666 ], [ -71.93425965, -46.8705222 ], [ -71.93206401, -46.86901137 ], [ -71.93133256, -46.86793453 ], [ -71.93123123, -46.86685763 ], [ -71.9324892, -46.86427383 ], [ -71.93270268, -46.86176319 ], [ -71.93239117, -46.85860512 ], [ -71.93491142, -46.85207318 ], [ -71.93543844, -46.85028062 ], [ -71.93439359, -46.84826964 ], [ -71.93261501, -46.84661798 ], [ -71.93198995, -46.84417333 ], [ -71.93241638, -46.83979583 ], [ -71.93555712, -46.83592048 ], [ -71.9372346, -46.83312355 ], [ -71.94090033, -46.82939128 ], [ -71.94540152, -46.82508889 ], [ -71.95000615, -46.82229067 ], [ -71.95126336, -46.8211427 ], [ -71.95262566, -46.81848743 ], [ -71.95440394, -46.81733884 ], [ -71.95336132, -46.81518383 ], [ -71.95179081, -46.81283187 ], [ -71.95061149, -46.81230815 ], [ -71.94766385, -46.81242348 ], [ -71.94682926, -46.81192207 ], [ -71.94716385, -46.8097665 ], [ -71.94418678, -46.80760631 ], [ -71.93955782, -46.80817348 ], [ -71.93542691, -46.80555924 ], [ -71.92765449, -46.80498685 ], [ -71.92187049, -46.80259664 ], [ -71.91922617, -46.80191313 ], [ -71.91724547, -46.8000971 ], [ -71.91625493, -46.80021091 ], [ -71.91410355, -46.80032134 ], [ -71.91134667, -46.80029919 ], [ -71.90964535, -46.79793443 ], [ -71.90584066, -46.79781882 ], [ -71.9038579, -46.7981544 ], [ -71.90120947, -46.79963148 ], [ -71.89426391, -46.79996426 ], [ -71.89046517, -46.79848374 ], [ -71.88831585, -46.79927772 ], [ -71.8841801, -46.79949789 ], [ -71.87888936, -46.7990385 ], [ -71.87591212, -46.80096833 ], [ -71.86962745, -46.80141445 ], [ -71.86367386, -46.80186139 ], [ -71.85953606, -46.80321966 ], [ -71.85656465, -46.80162392 ], [ -71.85391822, -46.80219043 ], [ -71.85160751, -46.80002987 ], [ -71.84780706, -46.79934479 ], [ -71.84534806, -46.79864511 ], [ -71.84309659, -46.79858642 ], [ -71.84170969, -46.79798771 ], [ -71.8394575, -46.7979245 ], [ -71.83763797, -46.79798061 ], [ -71.83592398, -46.79718672 ], [ -71.83417707, -46.79643139 ], [ -71.83287892, -46.79541604 ], [ -71.83142357, -46.79471901 ], [ -71.83079816, -46.79352978 ], [ -71.83037534, -46.79249584 ], [ -71.82916639, -46.79237829 ], [ -71.82725874, -46.79201796 ], [ -71.82553166, -46.79106289 ], [ -71.82371659, -46.78963299 ], [ -71.82303141, -46.78845737 ], [ -71.82190499, -46.7872485 ], [ -71.82051837, -46.78694661 ], [ -71.81878835, -46.78688743 ], [ -71.81705467, -46.78628835 ], [ -71.8167998, -46.78527734 ], [ -71.8166296, -46.78432277 ], [ -71.81576491, -46.78354816 ], [ -71.8144645, -46.78317198 ], [ -71.81256763, -46.78146017 ], [ -71.81040511, -46.78133991 ], [ -71.80884527, -46.78139791 ], [ -71.80659363, -46.78115395 ], [ -71.80521195, -46.78002324 ], [ -71.80244791, -46.7779959 ], [ -71.80076988, -46.77747328 ], [ -71.79812684, -46.77689939 ], [ -71.79582442, -46.77349023 ], [ -71.79219428, -46.77234897 ], [ -71.78724075, -46.77188618 ], [ -71.78427632, -46.76892864 ], [ -71.78196815, -46.76767578 ], [ -71.77833865, -46.76653403 ], [ -71.77520442, -46.76493527 ], [ -71.77140743, -46.76458947 ], [ -71.76844525, -46.76117673 ], [ -71.76548046, -46.759128 ], [ -71.76103637, -46.7555999 ], [ -71.75790598, -46.75411741 ], [ -71.75527026, -46.75195302 ], [ -71.75264995, -46.7469516 ], [ -71.75117467, -46.74479218 ], [ -71.7498675, -46.74149449 ], [ -71.74790087, -46.73842765 ], [ -71.74526279, -46.73762709 ], [ -71.74245966, -46.7369382 ], [ -71.74081163, -46.73568321 ], [ -71.73982926, -46.73375129 ], [ -71.74034053, -46.73114174 ], [ -71.73820397, -46.728754 ], [ -71.73374798, -46.72840365 ], [ -71.72911834, -46.7292998 ], [ -71.72796869, -46.72838891 ], [ -71.72782234, -46.72487122 ], [ -71.72502012, -46.72383975 ], [ -71.72139413, -46.72247088 ], [ -71.71711341, -46.72041397 ], [ -71.71596845, -46.71848084 ], [ -71.71432718, -46.71643274 ], [ -71.71086606, -46.71563154 ], [ -71.70856067, -46.71414745 ], [ -71.70708973, -46.71153255 ], [ -71.70131186, -46.71185843 ], [ -71.69736767, -46.70855518 ], [ -71.69275068, -46.70786446 ], [ -71.69194449, -46.70468085 ], [ -71.69031053, -46.70183967 ], [ -71.68867048, -46.70013321 ], [ -71.68355914, -46.6988678 ], [ -71.68010995, -46.6962463 ], [ -71.67665381, -46.69487654 ], [ -71.67285581, -46.69531973 ], [ -71.6682409, -46.69451083 ], [ -71.665442, -46.69348215 ], [ -71.66429973, -46.69098118 ], [ -71.6611685, -46.69040536 ], [ -71.65853069, -46.69039497 ], [ -71.65506867, -46.68959214 ], [ -71.65153509, -46.6885471 ], [ -71.6494589, -46.68832717 ], [ -71.64746882, -46.68764604 ], [ -71.64549887, -46.68645922 ], [ -71.64438048, -46.68422181 ], [ -71.6440608, -46.68251773 ], [ -71.64424134, -46.68001939 ], [ -71.64392707, -46.67786029 ], [ -71.64493175, -46.67570881 ], [ -71.64659579, -46.67332708 ], [ -71.64727492, -46.6704937 ], [ -71.64613582, -46.66810485 ], [ -71.64665043, -46.66504095 ], [ -71.64633664, -46.6623147 ], [ -71.64566984, -46.66009694 ], [ -71.64587044, -46.6581102 ], [ -71.64802165, -46.65709568 ], [ -71.65002192, -46.65369806 ], [ -71.65053476, -46.6507468 ], [ -71.65022037, -46.6483627 ], [ -71.64941422, -46.64552093 ], [ -71.64744916, -46.64335707 ], [ -71.64532376, -46.64096683 ], [ -71.6456805, -46.63665469 ], [ -71.64701199, -46.63495542 ], [ -71.64652985, -46.63290816 ], [ -71.64702947, -46.63188889 ], [ -71.6488421, -46.63200739 ], [ -71.650174, -46.62996598 ], [ -71.65232901, -46.62804637 ], [ -71.65399323, -46.62577705 ], [ -71.65663018, -46.62555802 ], [ -71.65878144, -46.62443076 ], [ -71.65845892, -46.62295201 ], [ -71.65912909, -46.62102397 ], [ -71.66227704, -46.61876287 ], [ -71.66525577, -46.61673065 ], [ -71.66724956, -46.61389585 ], [ -71.66808776, -46.61128878 ], [ -71.6653103, -46.60741837 ], [ -71.66533496, -46.60344659 ], [ -71.66435272, -46.60253584 ], [ -71.66520911, -46.59754187 ], [ -71.66638107, -46.59459427 ], [ -71.66722344, -46.59130274 ], [ -71.66806575, -46.58801122 ], [ -71.66761022, -46.58153755 ], [ -71.6674772, -46.57654261 ], [ -71.66650969, -46.57336226 ], [ -71.6653745, -46.57051877 ], [ -71.66556305, -46.56677307 ], [ -71.66409085, -46.5648375 ], [ -71.66443586, -46.56245265 ], [ -71.6636324, -46.55949832 ], [ -71.66431121, -46.55598077 ], [ -71.6648181, -46.55405618 ], [ -71.66433914, -46.55121212 ], [ -71.66632966, -46.5488367 ], [ -71.66486787, -46.54610818 ], [ -71.66735463, -46.54282168 ], [ -71.66787048, -46.53896098 ], [ -71.66969931, -46.53612975 ], [ -71.67136793, -46.53215849 ], [ -71.67088935, -46.52988606 ], [ -71.66991758, -46.5271607 ], [ -71.68207961, -46.50107988 ], [ -71.69188683, -46.48076828 ], [ -71.69521999, -46.47409467 ], [ -71.70111926, -46.46216975 ], [ -71.7027779, -46.45830232 ], [ -71.70535834, -46.45277536 ], [ -71.70818495, -46.44687838 ], [ -71.7158195, -46.43134035 ], [ -71.71864379, -46.42521825 ], [ -71.72179609, -46.41875131 ], [ -71.72905176, -46.40332706 ], [ -71.73192068, -46.39761978 ], [ -71.73487571, -46.39137921 ], [ -71.74226378, -46.37590793 ], [ -71.74520901, -46.3699829 ], [ -71.74816103, -46.36367921 ], [ -71.75085091, -46.35809329 ], [ -71.75570859, -46.34786623 ], [ -71.75632706, -46.34417734 ], [ -71.75591085, -46.3410859 ], [ -71.75497131, -46.33983066 ], [ -71.75253423, -46.33809235 ], [ -71.74691508, -46.33517261 ], [ -71.74580404, -46.33410156 ], [ -71.745209, -46.33302673 ], [ -71.74470085, -46.3313601 ], [ -71.74479357, -46.32981368 ], [ -71.74453919, -46.32909966 ], [ -71.74389353, -46.32762815 ], [ -71.74154242, -46.3270667 ], [ -71.74025247, -46.32712557 ], [ -71.7387097, -46.32688435 ], [ -71.73811066, -46.32622837 ], [ -71.73820114, -46.32533475 ], [ -71.73828771, -46.32467996 ], [ -71.73752041, -46.32386591 ], [ -71.73654631, -46.3220461 ], [ -71.73676085, -46.32062983 ], [ -71.73650769, -46.31974017 ], [ -71.73640069, -46.31858721 ], [ -71.7333582, -46.31413616 ], [ -71.73114201, -46.31056209 ], [ -71.72842282, -46.30749477 ], [ -71.72781239, -46.3067451 ], [ -71.72773387, -46.30513987 ], [ -71.72697007, -46.30329031 ], [ -71.72672416, -46.3013289 ], [ -71.72630111, -46.29966015 ], [ -71.72568861, -46.2974974 ], [ -71.7242264, -46.29499492 ], [ -71.72419584, -46.29180174 ], [ -71.7242923, -46.28942244 ], [ -71.72464582, -46.28775698 ], [ -71.72413665, -46.28656294 ], [ -71.72362019, -46.28477536 ], [ -71.72372323, -46.28322818 ], [ -71.72450642, -46.28144868 ], [ -71.72528257, -46.28049785 ], [ -71.72657985, -46.27817921 ], [ -71.72676044, -46.27675209 ], [ -71.72711142, -46.27484829 ], [ -71.72712343, -46.27240798 ], [ -71.72762102, -46.27093397 ], [ -71.72842331, -46.27014763 ], [ -71.7290257, -46.26967371 ], [ -71.73091627, -46.26944271 ], [ -71.7330644, -46.26873278 ], [ -71.73564091, -46.26808434 ], [ -71.73607121, -46.26748862 ], [ -71.73599045, -46.26659919 ], [ -71.73634283, -46.26505081 ], [ -71.73731588, -46.2639137 ], [ -71.73986682, -46.26345166 ], [ -71.74132941, -46.2629204 ], [ -71.74201993, -46.2622686 ], [ -71.74240666, -46.26006495 ], [ -71.74263564, -46.25863858 ], [ -71.74384417, -46.25727173 ], [ -71.74488279, -46.25531037 ], [ -71.74497639, -46.2536469 ], [ -71.7452416, -46.25192068 ], [ -71.74627231, -46.25132814 ], [ -71.74747957, -46.2502584 ], [ -71.74966643, -46.2479339 ], [ -71.7504964, -46.24566454 ], [ -71.74956355, -46.24413424 ], [ -71.74931357, -46.24318137 ], [ -71.7498339, -46.24181353 ], [ -71.75043789, -46.24074528 ], [ -71.75149027, -46.23533077 ], [ -71.75301875, -46.23033859 ], [ -71.75303125, -46.22750219 ], [ -71.75505064, -46.22587912 ], [ -71.75616999, -46.22456853 ], [ -71.75651955, -46.22296631 ], [ -71.75738465, -46.22112175 ], [ -71.75859042, -46.22029054 ], [ -71.76065493, -46.21862788 ], [ -71.76415921, -46.21682694 ], [ -71.76563705, -46.21625818 ], [ -71.76752875, -46.2149553 ], [ -71.76847195, -46.2149544 ], [ -71.76976487, -46.21674923 ], [ -71.77132383, -46.21723178 ], [ -71.77187931, -46.21740036 ], [ -71.77317724, -46.21728647 ], [ -71.77352248, -46.21675119 ], [ -71.77318125, -46.21591795 ], [ -71.77344434, -46.21466892 ], [ -71.7750001, -46.2114566 ], [ -71.77715879, -46.20265277 ], [ -71.77744136, -46.20146522 ], [ -71.77805003, -46.19944232 ], [ -71.77968776, -46.19700672 ], [ -71.78011749, -46.19647388 ], [ -71.7811493, -46.19587642 ], [ -71.78381287, -46.19409944 ], [ -71.78578782, -46.19243425 ], [ -71.78834788, -46.19112425 ], [ -71.79213777, -46.19012842 ], [ -71.79603762, -46.18943447 ], [ -71.79891018, -46.18936468 ], [ -71.80077699, -46.19001196 ], [ -71.80321832, -46.19273893 ], [ -71.80480863, -46.19378116 ], [ -71.80618165, -46.19512378 ], [ -71.81019288, -46.1977152 ], [ -71.81276117, -46.19873086 ], [ -71.81676443, -46.20014349 ], [ -71.82020788, -46.20141948 ], [ -71.82182538, -46.20132068 ], [ -71.82423538, -46.20101168 ], [ -71.8250955, -46.20029665 ], [ -71.82586929, -46.19940831 ], [ -71.82767265, -46.19875487 ], [ -71.83016052, -46.19780508 ], [ -71.8324794, -46.19542817 ], [ -71.83377434, -46.19311296 ], [ -71.83506254, -46.19204046 ], [ -71.83706795, -46.19097507 ], [ -71.84524551, -46.19064811 ], [ -71.8488398, -46.19201497 ], [ -71.85619179, -46.19327287 ], [ -71.85831714, -46.19339042 ], [ -71.86046168, -46.19278631 ], [ -71.86089173, -46.19124047 ], [ -71.86330089, -46.18809073 ], [ -71.86364599, -46.18696108 ], [ -71.86339125, -46.18582881 ], [ -71.86176683, -46.18410147 ], [ -71.86082869, -46.18291008 ], [ -71.8607477, -46.18076957 ], [ -71.86126479, -46.17940146 ], [ -71.86392909, -46.17606975 ], [ -71.868742, -46.16970751 ], [ -71.87002967, -46.16845912 ], [ -71.87097956, -46.16566639 ], [ -71.87157994, -46.16435473 ], [ -71.87312302, -46.16346438 ], [ -71.87398284, -46.16251496 ], [ -71.87449952, -46.16132685 ], [ -71.87475994, -46.16013629 ], [ -71.87416122, -46.15935951 ], [ -71.870397, -46.15763322 ], [ -71.86714651, -46.15643822 ], [ -71.87133998, -46.15703738 ], [ -71.87270883, -46.15787092 ], [ -71.87595974, -46.15900722 ], [ -71.88075159, -46.16055833 ], [ -71.88606308, -46.16097936 ], [ -71.89248314, -46.16128619 ], [ -71.89702393, -46.16158711 ], [ -71.89864975, -46.1612885 ], [ -71.90284909, -46.15909107 ], [ -71.90482205, -46.15855809 ], [ -71.90636404, -46.15754584 ], [ -71.90799438, -46.15612157 ], [ -71.90859804, -46.15403982 ], [ -71.90954103, -46.15261102 ], [ -71.9092895, -46.14993036 ], [ -71.90766529, -46.1483252 ], [ -71.90741003, -46.14761164 ], [ -71.90886387, -46.14683581 ], [ -71.90912403, -46.1457082 ], [ -71.90869753, -46.14422048 ], [ -71.90870102, -46.14302752 ], [ -71.91247146, -46.14065189 ], [ -71.91512711, -46.13910641 ], [ -71.91307425, -46.13898426 ], [ -71.90956597, -46.13767574 ], [ -71.90699938, -46.13618513 ], [ -71.9052029, -46.13558813 ], [ -71.90191434, -46.13517126 ], [ -71.89938239, -46.13516748 ], [ -71.89732988, -46.13498651 ], [ -71.89472448, -46.13415126 ], [ -71.89390911, -46.13349512 ], [ -71.89382606, -46.13206592 ], [ -71.89357199, -46.13069964 ], [ -71.89169305, -46.12801608 ], [ -71.89015387, -46.1270071 ], [ -71.88793029, -46.12658733 ], [ -71.88485377, -46.12479865 ], [ -71.88220056, -46.12372383 ], [ -71.88100359, -46.12300747 ], [ -71.87878115, -46.12235339 ], [ -71.877328, -46.12205311 ], [ -71.87356001, -46.12240656 ], [ -71.87112541, -46.12306062 ], [ -71.86992762, -46.12275827 ], [ -71.86928128, -46.12204371 ], [ -71.86697446, -46.12138701 ], [ -71.86500677, -46.12126632 ], [ -71.8632934, -46.12173781 ], [ -71.8625261, -46.12007404 ], [ -71.86184563, -46.11828646 ], [ -71.86013765, -46.11756931 ], [ -71.85414648, -46.11756021 ], [ -71.85115293, -46.1176184 ], [ -71.84935232, -46.11797046 ], [ -71.84747119, -46.11862582 ], [ -71.84395816, -46.11903488 ], [ -71.84045699, -46.11682805 ], [ -71.83618634, -46.11444254 ], [ -71.83199738, -46.1134862 ], [ -71.82934561, -46.11241003 ], [ -71.82789651, -46.11062359 ], [ -71.8255919, -46.10925027 ], [ -71.82199993, -46.10924623 ], [ -71.81746273, -46.10923907 ], [ -71.8151501, -46.11000845 ], [ -71.81299199, -46.11643203 ], [ -71.80766339, -46.11702154 ], [ -71.8031125, -46.11677182 ], [ -71.79621883, -46.11658214 ], [ -71.79044688, -46.11680916 ], [ -71.78791269, -46.11781567 ], [ -71.78653923, -46.11924077 ], [ -71.78662034, -46.12037313 ], [ -71.7862751, -46.12114698 ], [ -71.78533217, -46.12126053 ], [ -71.78319669, -46.11982823 ], [ -71.78140986, -46.11774331 ], [ -71.77992076, -46.11672896 ], [ -71.77872287, -46.11678569 ], [ -71.77739383, -46.11648801 ], [ -71.77448576, -46.11582643 ], [ -71.7703882, -46.11361405 ], [ -71.76962207, -46.11248515 ], [ -71.76680445, -46.11105128 ], [ -71.76166849, -46.10946343 ], [ -71.75976376, -46.10859794 ], [ -71.75831045, -46.10758054 ], [ -71.75767073, -46.10632928 ], [ -71.75810845, -46.10424772 ], [ -71.75922784, -46.10246456 ], [ -71.76000125, -46.10163523 ], [ -71.76000783, -46.09973098 ], [ -71.75852135, -46.0990717 ], [ -71.75675994, -46.09936523 ], [ -71.75445891, -46.09763465 ], [ -71.75297049, -46.0966784 ], [ -71.75194596, -46.09637942 ], [ -71.7501101, -46.09405478 ], [ -71.74862425, -46.09333681 ], [ -71.74720865, -46.09285643 ], [ -71.74447199, -46.09267143 ], [ -71.74010389, -46.09361571 ], [ -71.73316559, -46.09633745 ], [ -71.73145068, -46.09704556 ], [ -71.72931402, -46.09656646 ], [ -71.72436163, -46.09465225 ], [ -71.72239799, -46.09375466 ], [ -71.72001331, -46.09207932 ], [ -71.71744938, -46.09171835 ], [ -71.71539598, -46.0913541 ], [ -71.71420241, -46.09064022 ], [ -71.7126298, -46.08986093 ], [ -71.71195123, -46.08896795 ], [ -71.7107961, -46.08825108 ], [ -71.70976015, -46.08598137 ], [ -71.7098361, -46.08431935 ], [ -71.70874487, -46.0804562 ], [ -71.70814117, -46.07624057 ], [ -71.70731478, -46.07449482 ], [ -71.70669546, -46.07325972 ], [ -71.70701399, -46.07216865 ], [ -71.70649642, -46.07137129 ], [ -71.70420156, -46.07092637 ], [ -71.69845863, -46.07134897 ], [ -71.69668513, -46.07090891 ], [ -71.69283633, -46.06842716 ], [ -71.69337811, -46.06523079 ], [ -71.6963204, -46.06167937 ], [ -71.69559472, -46.06044338 ], [ -71.69486922, -46.05935138 ], [ -71.6918497, -46.05818318 ], [ -71.68925161, -46.05642905 ], [ -71.68508884, -46.05438515 ], [ -71.68217765, -46.05234431 ], [ -71.68051967, -46.05052252 ], [ -71.67906166, -46.04986452 ], [ -71.67762092, -46.04888565 ], [ -71.67671618, -46.04814928 ], [ -71.67639514, -46.04713874 ], [ -71.67672684, -46.04612776 ], [ -71.6770038, -46.04476994 ], [ -71.67631202, -46.04380576 ], [ -71.67589133, -46.04261382 ], [ -71.67530413, -46.04112409 ], [ -71.67394134, -46.04016621 ], [ -71.67119856, -46.03879629 ], [ -71.67005712, -46.03770443 ], [ -71.67012266, -46.03551671 ], [ -71.66976962, -46.0335635 ], [ -71.66938011, -46.03105053 ], [ -71.67052651, -46.0289152 ], [ -71.67093782, -46.02801967 ], [ -71.67063909, -46.02716943 ], [ -71.6684786, -46.02491785 ], [ -71.66555545, -46.0227245 ], [ -71.66243742, -46.02126153 ], [ -71.66056614, -46.02016682 ], [ -71.6599811, -46.01751574 ], [ -71.65839763, -46.01638102 ], [ -71.65278639, -46.01316842 ], [ -71.65113247, -46.01195347 ], [ -71.6503049, -46.01018043 ], [ -71.65031378, -46.0085101 ], [ -71.65146859, -46.00720691 ], [ -71.65190359, -46.00444649 ], [ -71.65118785, -46.00204837 ], [ -71.64985277, -45.99928345 ], [ -71.64943904, -45.99917841 ], [ -71.64927214, -45.99913604 ], [ -71.64462885, -45.99918219 ], [ -71.6192007, -45.99911026 ], [ -71.43915823, -45.99909657 ], [ -71.20208481, -45.99913985 ], [ -71.0456003, -45.99917366 ], [ -70.89537111, -45.99920238 ], [ -70.75734162, -45.99916496 ], [ -70.6492289, -45.99917498 ], [ -70.55437667, -45.99904607 ], [ -70.50156643, -45.99894664 ], [ -70.50122067, -45.99894604 ], [ -70.50024971, -45.99894611 ], [ -70.50019271, -45.99894611 ], [ -70.49762718, -45.99894629 ], [ -70.4567632, -45.99894912 ], [ -70.44256523, -45.9989501 ], [ -70.44210007, -45.99895034 ], [ -70.44205342, -45.99895036 ], [ -70.4419889, -45.9989504 ], [ -70.44164173, -45.99895058 ], [ -70.44156312, -45.99895062 ], [ -70.44147789, -45.99895066 ], [ -70.44141834, -45.99895069 ], [ -70.44139003, -45.99895071 ], [ -70.44131768, -45.99895074 ], [ -70.44128011, -45.99895076 ], [ -70.44122824, -45.99895079 ], [ -70.44118669, -45.99895081 ], [ -70.44117233, -45.99895082 ], [ -70.44014091, -45.99895135 ], [ -70.44000789, -45.99895131 ], [ -70.43989661, -45.99895128 ], [ -70.43975886, -45.99895124 ], [ -70.43972489, -45.99895123 ], [ -70.43970285, -45.99895123 ], [ -70.43969939, -45.99895123 ], [ -70.43969406, -45.99895123 ], [ -70.4396665, -45.99895122 ], [ -70.43966634, -45.99895122 ], [ -70.4393343, -45.99895112 ], [ -70.43923037, -45.9989511 ], [ -70.43913824, -45.99895107 ], [ -70.43514324, -45.99894995 ], [ -70.4263671, -45.9990108 ], [ -70.41577852, -45.99901376 ], [ -70.41319992, -45.99902 ], [ -70.41078192, -45.99902021 ], [ -70.40835431, -45.99902099 ], [ -70.40577828, -45.99902239 ], [ -70.38642232, -45.99903108 ], [ -70.38383604, -45.99902814 ], [ -70.38141535, -45.99903239 ], [ -70.37641736, -45.9990284 ], [ -70.36714423, -45.99902842 ], [ -70.35704739, -45.99902844 ], [ -70.35204405, -45.99903271 ], [ -70.34962589, -45.99903162 ], [ -70.34704649, -45.99903189 ], [ -70.32768231, -45.9990265 ], [ -70.32268462, -45.9990246 ], [ -70.32026057, -45.99902775 ], [ -70.31768051, -45.9990229 ], [ -70.29831572, -45.99901249 ], [ -70.29573997, -45.99901586 ], [ -70.29332108, -45.99900909 ], [ -70.29089375, -45.99901182 ], [ -70.28831361, -45.9990063 ], [ -70.26895201, -45.99899514 ], [ -70.26395402, -45.99899065 ], [ -70.26153563, -45.99898767 ], [ -70.258956, -45.99898594 ], [ -70.23953306, -45.99907828 ], [ -70.20786988, -45.9990526 ], [ -70.12213127, -45.99900505 ], [ -70.11712521, -45.99901255 ], [ -70.11470646, -45.99900644 ], [ -70.11212118, -45.9990107 ], [ -70.09275745, -45.99900536 ], [ -70.09017851, -45.99900872 ], [ -70.08776027, -45.9990065 ], [ -70.08534259, -45.99900869 ], [ -70.08275723, -45.99901228 ], [ -70.03746297, -45.99903011 ], [ -70.02400945, -45.99903413 ], [ -70.00468676, -45.999048 ], [ -69.97029075, -45.99900082 ], [ -69.96787334, -45.99900497 ], [ -69.96529463, -45.99900996 ], [ -69.94593003, -45.99904693 ], [ -69.94334485, -45.9990518 ], [ -69.94092417, -45.99905558 ], [ -69.93850724, -45.99906357 ], [ -69.93592845, -45.99906789 ], [ -69.91656379, -45.99910432 ], [ -69.91156041, -45.99910702 ], [ -69.90914021, -45.99911458 ], [ -69.90656397, -45.99911357 ], [ -69.8871987, -45.99914499 ], [ -69.88219573, -45.99915086 ], [ -69.87977489, -45.99915333 ], [ -69.87719649, -45.99916077 ], [ -69.8578327, -45.99917806 ], [ -69.85524783, -45.99918539 ], [ -69.85283013, -45.9991871 ], [ -69.85040922, -45.99918894 ], [ -69.84782377, -45.99919165 ], [ -69.82846691, -45.99921247 ], [ -69.82589102, -45.99921409 ], [ -69.82346363, -45.99921575 ], [ -69.8210464, -45.99922124 ], [ -69.81846673, -45.99921842 ], [ -69.79910232, -45.99923015 ], [ -69.79409944, -45.99923661 ], [ -69.79167893, -45.99924167 ], [ -69.78908637, -45.99923894 ], [ -69.76972138, -45.99924567 ], [ -69.76472475, -45.99925044 ], [ -69.76230683, -45.99925022 ], [ -69.75972115, -45.99925091 ], [ -69.74036254, -45.99925671 ], [ -69.73535936, -45.99926058 ], [ -69.73294082, -45.99925526 ], [ -69.73035561, -45.99925975 ], [ -69.71099269, -45.99925626 ], [ -69.70841383, -45.99925988 ], [ -69.70599202, -45.99925418 ], [ -69.70356754, -45.99925308 ], [ -69.70098867, -45.99925653 ], [ -69.68162519, -45.99924803 ], [ -69.67662813, -45.99924893 ], [ -69.67420945, -45.99924236 ], [ -69.67162355, -45.99924105 ], [ -69.65692285, -45.99923419 ], [ -69.65777203, -46.02725707 ], [ -69.65807204, -46.02725624 ], [ -69.67011656, -46.49257585 ], [ -69.68787862, -47.16110817 ], [ -69.70879439, -47.23449835 ], [ -69.71041638, -47.30108071 ], [ -69.73566484, -48.32192804 ], [ -69.78427705, -48.30689312 ], [ -70.25108564, -47.84512105 ], [ -70.77016821, -47.31967937 ], [ -71.57282726, -47.36365099 ], [ -71.8921047, -47.22782909 ] ], [ [ -70.92279677, -46.60298167 ], [ -70.92240191, -46.60740292 ], [ -70.90140348, -46.60708754 ], [ -70.90187329, -46.60542534 ], [ -70.9026336, -46.60383614 ], [ -70.90373108, -46.60258334 ], [ -70.90548312, -46.6013159 ], [ -70.90803562, -46.59969909 ], [ -70.90992165, -46.59764304 ], [ -70.91082714, -46.59560667 ], [ -70.91209004, -46.59434667 ], [ -70.912702, -46.59321365 ], [ -70.91282883, -46.59220048 ], [ -70.913444, -46.59117529 ], [ -70.91489196, -46.59059109 ], [ -70.91648411, -46.58943833 ], [ -70.91808392, -46.58862261 ], [ -70.91853971, -46.58760426 ], [ -70.91785925, -46.58682832 ], [ -70.91344352, -46.58645169 ], [ -70.91510968, -46.57470134 ], [ -70.91809361, -46.57501815 ], [ -70.92484041, -46.56748428 ], [ -70.92572251, -46.56476949 ], [ -70.93032042, -46.56498031 ], [ -70.92992395, -46.56829948 ], [ -70.92254789, -46.57640514 ], [ -70.92025411, -46.58071484 ], [ -70.92466939, -46.58109122 ], [ -70.92570719, -46.57814927 ], [ -70.92611607, -46.57729936 ], [ -70.92810658, -46.57687602 ], [ -70.93756304, -46.57221597 ], [ -70.94183794, -46.5686569 ], [ -70.94369869, -46.57053773 ], [ -70.94609318, -46.56914734 ], [ -70.94770999, -46.56867237 ], [ -70.9536077, -46.5694692 ], [ -70.95523984, -46.56955579 ], [ -70.95766711, -46.56906347 ], [ -70.96174467, -46.56910668 ], [ -70.96064592, -46.57606897 ], [ -70.95808526, -46.57613977 ], [ -70.95537626, -46.57787247 ], [ -70.95284488, -46.58005177 ], [ -70.95579063, -46.58033776 ], [ -70.95642389, -46.58437709 ], [ -70.94421963, -46.58964364 ], [ -70.9438051, -46.59178949 ], [ -70.94007285, -46.59390805 ], [ -70.93786793, -46.59381003 ], [ -70.9376912, -46.59380418 ], [ -70.93763513, -46.59379761 ], [ -70.93681627, -46.59544807 ], [ -70.93503922, -46.59686104 ], [ -70.93321199, -46.59790277 ], [ -70.93108435, -46.59869202 ], [ -70.92832801, -46.59924296 ], [ -70.92577511, -46.59941166 ], [ -70.92480944, -46.60307928 ], [ -70.9228435, -46.60299315 ], [ -70.92279677, -46.60298167 ] ], [ [ -71.63834144, -46.54833095 ], [ -71.63775512, -46.5493819 ], [ -71.6367052, -46.55126383 ], [ -71.63491626, -46.55447042 ], [ -71.6304199, -46.55324835 ], [ -71.62964132, -46.55341276 ], [ -71.62227218, -46.55155832 ], [ -71.62544981, -46.54528298 ], [ -71.62338629, -46.54465593 ], [ -71.62539514, -46.54060223 ], [ -71.63216277, -46.5423602 ], [ -71.63030866, -46.54623541 ], [ -71.63834144, -46.54833095 ] ] ] ] } },
{ "type": "Feature", "properties": { "circuito": "00002", "codprov": "20", "coddepto": "001" }, "geometry": { "type": "MultiPolygon", "coordinates": [ [ [ [ -67.26306542, -47.02479535 ], [ -67.2565136, -47.02054534 ], [ -67.24502278, -47.02698085 ], [ -67.2508524, -47.03171614 ], [ -67.26306542, -47.02479535 ] ] ], [ [ [ -67.15140971, -47.18344533 ], [ -67.1452535, -47.18015201 ], [ -67.1364704, -47.18709347 ], [ -67.14247411, -47.19033931 ], [ -67.15140971, -47.18344533 ] ] ] ] } },
{ "type": "Feature", "properties": { "circuito": "00300", "codprov": "20", "coddepto": "001" }, "geometry": { "type": "MultiPolygon", "coordinates": [ [ [ [ -67.51864053, -46.42629643 ], [ -67.51863792, -46.42630038 ], [ -67.51851697, -46.42648326 ], [ -67.51756873, -46.42791706 ], [ -67.51757349, -46.4279144 ], [ -67.51737913, -46.42809466 ], [ -67.51662719, -46.42890481 ], [ -67.51636864, -46.42931293 ], [ -67.51613742, -46.42972533 ], [ -67.51587753, -46.42990851 ], [ -67.5156018, -46.4302348 ], [ -67.51519978, -46.43094317 ], [ -67.51469427, -46.43192593 ], [ -67.51432105, -46.43246298 ], [ -67.51419588, -46.43346467 ], [ -67.51410464, -46.43430099 ], [ -67.51380845, -46.43587513 ], [ -67.51398454, -46.43648694 ], [ -67.51398744, -46.4369234 ], [ -67.51386523, -46.4373792 ], [ -67.51371632, -46.43774848 ], [ -67.51280589, -46.43884458 ], [ -67.51165452, -46.43955327 ], [ -67.50987804, -46.44067667 ], [ -67.50792867, -46.44296247 ], [ -67.50494189, -46.44705692 ], [ -67.50409542, -46.44791959 ], [ -67.50279216, -46.44930394 ], [ -67.50177286, -46.45053001 ], [ -67.50124414, -46.45146946 ], [ -67.49974894, -46.45339745 ], [ -67.49830186, -46.45514069 ], [ -67.4978457, -46.45579447 ], [ -67.49752052, -46.45646329 ], [ -67.49688994, -46.45766426 ], [ -67.49646462, -46.45828087 ], [ -67.49591414, -46.45891631 ], [ -67.49483146, -46.45998156 ], [ -67.49430286, -46.46090549 ], [ -67.49387228, -46.46186434 ], [ -67.49347471, -46.46293162 ], [ -67.49303992, -46.46420426 ], [ -67.49317351, -46.4656728 ], [ -67.49338, -46.46640819 ], [ -67.49363166, -46.46864734 ], [ -67.49376122, -46.46926486 ], [ -67.49389306, -46.46996433 ], [ -67.49395832, -46.47042423 ], [ -67.49222137, -46.4723643 ], [ -67.49158719, -46.4730622 ], [ -67.49089914, -46.47391141 ], [ -67.49024619, -46.47432493 ], [ -67.48941625, -46.4749115 ], [ -67.48875626, -46.47543487 ], [ -67.48781341, -46.47653497 ], [ -67.48700111, -46.47728828 ], [ -67.48560302, -46.47932095 ], [ -67.49225998, -46.48111467 ], [ -67.49258089, -46.48124004 ], [ -67.49306258, -46.48146048 ], [ -67.49365175, -46.48190532 ], [ -67.4943387, -46.48257897 ], [ -67.49503321, -46.48316439 ], [ -67.49551788, -46.48343316 ], [ -67.49594008, -46.48360794 ], [ -67.49730783, -46.48395727 ], [ -67.49916793, -46.48441899 ], [ -67.50046123, -46.48458876 ], [ -67.50126997, -46.48460251 ], [ -67.50177566, -46.48457994 ], [ -67.50306327, -46.48440584 ], [ -67.50825917, -46.48360513 ], [ -67.51519801, -46.48253088 ], [ -67.51625226, -46.48232227 ], [ -67.51689148, -46.48207285 ], [ -67.51727091, -46.48179197 ], [ -67.5178553, -46.48212564 ], [ -67.51920111, -46.48273188 ], [ -67.51995246, -46.48319438 ], [ -67.52083795, -46.4835071 ], [ -67.5218889, -46.48325159 ], [ -67.52352717, -46.48274081 ], [ -67.52382054, -46.48250264 ], [ -67.52442755, -46.48239081 ], [ -67.52506504, -46.48231838 ], [ -67.52530442, -46.48221303 ], [ -67.52568461, -46.48224554 ], [ -67.52604373, -46.48208215 ], [ -67.52637223, -46.48243697 ], [ -67.52675445, -46.48284779 ], [ -67.52714564, -46.48309989 ], [ -67.52757635, -46.48335208 ], [ -67.52826543, -46.48349171 ], [ -67.52892826, -46.48380635 ], [ -67.52960543, -46.48429853 ], [ -67.53011576, -46.48465972 ], [ -67.53052191, -46.48504032 ], [ -67.53084254, -46.48529949 ], [ -67.53071167, -46.4856122 ], [ -67.53022984, -46.48583573 ], [ -67.52953777, -46.48594198 ], [ -67.52913007, -46.48603928 ], [ -67.52900257, -46.48641323 ], [ -67.52851419, -46.48684464 ], [ -67.52867734, -46.48713637 ], [ -67.53206869, -46.48800559 ], [ -67.53429274, -46.48889752 ], [ -67.53531454, -46.48921697 ], [ -67.53602382, -46.48927235 ], [ -67.53605338, -46.4892969 ], [ -67.53666486, -46.48935799 ], [ -67.53691275, -46.48962304 ], [ -67.53692241, -46.48964682 ], [ -67.53708187, -46.48989922 ], [ -67.53709105, -46.48990502 ], [ -67.53743667, -46.49006041 ], [ -67.53789283, -46.48993966 ], [ -67.53873809, -46.48982918 ], [ -67.53880175, -46.48983317 ], [ -67.53963444, -46.48982781 ], [ -67.53965746, -46.48982887 ], [ -67.53963586, -46.48978949 ], [ -67.5395892, -46.48970444 ], [ -67.53921527, -46.48902286 ], [ -67.53919885, -46.48899321 ], [ -67.53919431, -46.4889856 ], [ -67.5389352, -46.48855094 ], [ -67.53776858, -46.48659392 ], [ -67.5372742, -46.48560411 ], [ -67.53700446, -46.48470699 ], [ -67.53697349, -46.48331981 ], [ -67.53695729, -46.48207173 ], [ -67.53697213, -46.48052678 ], [ -67.53695281, -46.47909404 ], [ -67.53687413, -46.47806569 ], [ -67.53663563, -46.47713906 ], [ -67.53632346, -46.47626971 ], [ -67.53553754, -46.47487967 ], [ -67.53495887, -46.47382235 ], [ -67.53431754, -46.47244439 ], [ -67.53351161, -46.4707804 ], [ -67.53279058, -46.4693964 ], [ -67.53222921, -46.46830621 ], [ -67.53116257, -46.46657411 ], [ -67.53047945, -46.46555961 ], [ -67.52986641, -46.4647361 ], [ -67.52906082, -46.4636711 ], [ -67.52696062, -46.46079692 ], [ -67.52639168, -46.4599833 ], [ -67.5258291, -46.45920932 ], [ -67.52537403, -46.45862022 ], [ -67.52511116, -46.45827969 ], [ -67.52481687, -46.45782291 ], [ -67.52465206, -46.45752826 ], [ -67.5245304, -46.45724982 ], [ -67.52417468, -46.4564292 ], [ -67.52394322, -46.45585616 ], [ -67.52364503, -46.45515867 ], [ -67.5232958, -46.45422412 ], [ -67.52240106, -46.4520237 ], [ -67.52217337, -46.45150719 ], [ -67.52199885, -46.45074732 ], [ -67.52206637, -46.45041738 ], [ -67.52215816, -46.45014533 ], [ -67.52280517, -46.44893097 ], [ -67.5230995, -46.44837773 ], [ -67.52315374, -46.44812439 ], [ -67.52313549, -46.44771148 ], [ -67.5230905, -46.44720273 ], [ -67.52282605, -46.44693313 ], [ -67.51750953, -46.44196318 ], [ -67.51822667, -46.43878057 ], [ -67.51825657, -46.43864147 ], [ -67.51846488, -46.43843937 ], [ -67.51891334, -46.43790483 ], [ -67.51963736, -46.43659279 ], [ -67.52102686, -46.43420399 ], [ -67.52145997, -46.43367354 ], [ -67.52235675, -46.43225443 ], [ -67.52275391, -46.43151264 ], [ -67.52308124, -46.43090126 ], [ -67.52313964, -46.4304523 ], [ -67.52303115, -46.43013365 ], [ -67.52248879, -46.42947943 ], [ -67.5217187, -46.42853726 ], [ -67.52134127, -46.42814359 ], [ -67.52085829, -46.42783645 ], [ -67.52035986, -46.42733499 ], [ -67.52000114, -46.42700479 ], [ -67.5196762, -46.42679715 ], [ -67.51899478, -46.4264677 ], [ -67.51884035, -46.42639304 ], [ -67.51874715, -46.42634798 ], [ -67.51864155, -46.42629692 ], [ -67.51864053, -46.42629643 ] ] ] ] } },
{ "type": "Feature", "properties": { "circuito": "01810", "codprov": "20", "coddepto": "007" }, "geometry": { "type": "MultiPolygon", "coordinates": [ [ [ [ -69.13040498, -51.63281423 ], [ -69.1279957, -51.6352408 ], [ -69.12664996, -51.63799577 ], [ -69.12743531, -51.64460795 ], [ -69.13308848, -51.64469644 ], [ -69.14856263, -51.64451816 ], [ -69.16201643, -51.64436316 ], [ -69.1782257, -51.64417642 ], [ -69.18467064, -51.64401183 ], [ -69.20149644, -51.64358214 ], [ -69.21341939, -51.64327766 ], [ -69.2129211, -51.63635404 ], [ -69.22488723, -51.63079302 ], [ -69.22488727, -51.63079299 ], [ -69.22488799, -51.63079263 ], [ -69.22488767, -51.63079213 ], [ -69.22481309, -51.63067451 ], [ -69.22361794, -51.62878987 ], [ -69.21976224, -51.62566644 ], [ -69.21590719, -51.6223412 ], [ -69.21133657, -51.61849317 ], [ -69.20799072, -51.61571344 ], [ -69.20582998, -51.6139183 ], [ -69.20422991, -51.61258896 ], [ -69.20413693, -51.61260959 ], [ -69.19864483, -51.60796468 ], [ -69.16776778, -51.618722 ], [ -69.16707262, -51.61896072 ], [ -69.14788695, -51.62554919 ], [ -69.13781375, -51.62906137 ], [ -69.13075218, -51.63246453 ], [ -69.13040498, -51.63281423 ] ] ] ] } },
{ "type": "Feature", "properties": { "circuito": "S/D", "codprov": "20", "coddepto": "nan" }, "geometry": { "type": "MultiPolygon", "coordinates": [ [ [ [ -69.36825648, -51.57098622 ], [ -69.36825649, -51.57098523 ], [ -69.36824773, -51.57098488 ], [ -69.36825648, -51.57098622 ] ] ], [ [ [ -69.13040498, -51.63281423 ], [ -69.12671319, -51.6323862 ], [ -69.11798854, -51.62911688 ], [ -69.11680979, -51.62911553 ], [ -69.11232854, -51.63132523 ], [ -69.10772791, -51.63235752 ], [ -69.10371535, -51.63346243 ], [ -69.10430947, -51.6347859 ], [ -69.11151883, -51.63786542 ], [ -69.11624242, -51.63830255 ], [ -69.11718815, -51.63895959 ], [ -69.1167184, -51.63955114 ], [ -69.11837278, -51.64020712 ], [ -69.12415525, -51.64098454 ], [ -69.12373814, -51.64196487 ], [ -69.11630825, -51.64154806 ], [ -69.11707002, -51.6435467 ], [ -69.11877639, -51.64501444 ], [ -69.1204769, -51.64600997 ], [ -69.11916059, -51.64748281 ], [ -69.11642208, -51.64860249 ], [ -69.11501196, -51.65042668 ], [ -69.11567766, -51.65259685 ], [ -69.11690846, -51.65359449 ], [ -69.11728644, -51.65430372 ], [ -69.11341025, -51.65289534 ], [ -69.11028973, -51.65142938 ], [ -69.10952712, -51.64966474 ], [ -69.11027959, -51.64784347 ], [ -69.11235545, -51.64602057 ], [ -69.10923317, -51.64467168 ], [ -69.10724775, -51.64467184 ], [ -69.1033724, -51.64291212 ], [ -69.10317875, -51.64179725 ], [ -69.10232805, -51.64079764 ], [ -69.10090926, -51.64038565 ], [ -69.09939563, -51.6395646 ], [ -69.09750729, -51.63945154 ], [ -69.09467475, -51.63968463 ], [ -69.09363252, -51.63927544 ], [ -69.09230993, -51.63839484 ], [ -69.08890454, -51.63716367 ], [ -69.08446395, -51.63581525 ], [ -69.08133322, -51.63462256 ], [ -69.08030661, -51.63423145 ], [ -69.06754365, -51.62653791 ], [ -69.06518024, -51.6258955 ], [ -69.06451796, -51.62483637 ], [ -69.06121065, -51.62348685 ], [ -69.05705565, -51.62260861 ], [ -69.05459893, -51.62102136 ], [ -69.051575, -51.62008438 ], [ -69.04958952, -51.61826117 ], [ -69.04732527, -51.61808576 ], [ -69.04619033, -51.61702848 ], [ -69.04307385, -51.61655955 ], [ -69.04024243, -51.61567984 ], [ -69.03901279, -51.61526635 ], [ -69.03787903, -51.61462291 ], [ -69.03079717, -51.61297685 ], [ -69.0287216, -51.61285885 ], [ -69.02683256, -51.61221374 ], [ -69.02522719, -51.61209845 ], [ -69.0216405, -51.61045175 ], [ -69.01927923, -51.60916037 ], [ -69.01739114, -51.60898303 ], [ -69.01512344, -51.60763275 ], [ -69.01417905, -51.60563394 ], [ -69.00851778, -51.60457497 ], [ -69.00710018, -51.60557472 ], [ -69.00436266, -51.60645773 ], [ -69.00128905, -51.6073576 ], [ -68.98671894, -51.61023286 ], [ -68.9792879, -51.61271428 ], [ -68.97217683, -51.61653326 ], [ -68.96711162, -51.61887956 ], [ -68.96247648, -51.62155919 ], [ -68.95579349, -51.62631822 ], [ -68.95385203, -51.6290673 ], [ -68.94855978, -51.64046851 ], [ -68.94186397, -51.64904746 ], [ -68.939816, -51.65072179 ], [ -68.9384074, -51.65514887 ], [ -68.93634834, -51.66165174 ], [ -68.9340779, -51.6679538 ], [ -68.93234614, -51.67050286 ], [ -68.92953444, -51.67660276 ], [ -68.92672492, -51.68015572 ], [ -68.92477533, -51.68430852 ], [ -68.92250537, -51.68712312 ], [ -68.92077076, -51.69054504 ], [ -68.90995862, -51.70301064 ], [ -68.90757575, -51.70588911 ], [ -68.9044416, -51.70836896 ], [ -68.90303094, -51.71165274 ], [ -68.90119193, -51.71393221 ], [ -68.89826987, -51.71654517 ], [ -68.8956717, -51.72036561 ], [ -68.89437321, -51.72190682 ], [ -68.88820012, -51.72887663 ], [ -68.8772607, -51.74147124 ], [ -68.87564002, -51.74360881 ], [ -68.873222, -51.7461373 ], [ -68.8715039, -51.74780725 ], [ -68.8696751, -51.75038261 ], [ -68.86533037, -51.75708396 ], [ -68.86121304, -51.76130355 ], [ -68.85828344, -51.76498665 ], [ -68.85546144, -51.76880377 ], [ -68.85285602, -51.77242102 ], [ -68.84883718, -51.77845297 ], [ -68.84362237, -51.78561977 ], [ -68.83819084, -51.79305807 ], [ -68.81599172, -51.82641786 ], [ -68.81315386, -51.83292072 ], [ -68.79125564, -51.86359207 ], [ -68.78754449, -51.86854906 ], [ -68.77728266, -51.88542798 ], [ -68.77356843, -51.89165791 ], [ -68.76974311, -51.89748374 ], [ -68.76438865, -51.90619211 ], [ -68.76427483, -51.90706156 ], [ -68.75958334, -51.91261912 ], [ -68.75793689, -51.91637133 ], [ -68.744618, -51.93250159 ], [ -68.7371756, -51.94361884 ], [ -68.72525797, -51.95820685 ], [ -68.71902301, -51.96624042 ], [ -68.70709712, -51.98022388 ], [ -68.70494857, -51.98231694 ], [ -68.70287981, -51.98540938 ], [ -68.70098203, -51.98787261 ], [ -68.69834143, -51.99079927 ], [ -68.69309574, -51.99527844 ], [ -68.69054613, -51.99918616 ], [ -68.67832223, -52.01198817 ], [ -68.66392568, -52.02556878 ], [ -68.65878949, -52.03079683 ], [ -68.64412572, -52.04526946 ], [ -68.63385076, -52.05691126 ], [ -68.61945178, -52.07085939 ], [ -68.61578262, -52.07488594 ], [ -68.60672733, -52.08309258 ], [ -68.59004897, -52.10159493 ], [ -68.5878364, -52.10457495 ], [ -68.58612669, -52.10562349 ], [ -68.58171832, -52.11009339 ], [ -68.57778851, -52.11442343 ], [ -68.55923411, -52.13055355 ], [ -68.55481138, -52.13532893 ], [ -68.55040023, -52.13950075 ], [ -68.54745359, -52.14158331 ], [ -68.54254902, -52.14635393 ], [ -68.53618609, -52.15037421 ], [ -68.53005409, -52.15558444 ], [ -68.52391161, -52.16154612 ], [ -68.51606918, -52.16720478 ], [ -68.51041592, -52.17226998 ], [ -68.50429617, -52.1791922 ], [ -68.50134265, -52.18202513 ], [ -68.49913678, -52.18350939 ], [ -68.48585426, -52.19588024 ], [ -68.45809804, -52.22037086 ], [ -68.45464413, -52.22409395 ], [ -68.43378339, -52.2417579 ], [ -68.42859571, -52.24697274 ], [ -68.42021964, -52.25396718 ], [ -68.41206385, -52.26260631 ], [ -68.4046462, -52.27064861 ], [ -68.39896341, -52.2763076 ], [ -68.3955087, -52.279435 ], [ -68.39206076, -52.28210988 ], [ -68.3898315, -52.28449495 ], [ -68.38072141, -52.2936432 ], [ -68.38069763, -52.29513779 ], [ -68.37056082, -52.30526102 ], [ -68.3700486, -52.30690609 ], [ -68.36117592, -52.31299412 ], [ -68.35597938, -52.31805738 ], [ -68.3554697, -52.31954705 ], [ -68.35227134, -52.32132536 ], [ -68.35078529, -52.32281663 ], [ -68.35076043, -52.32446195 ], [ -68.35170021, -52.32701036 ], [ -68.35360601, -52.33001646 ], [ -68.35431599, -52.33151367 ], [ -68.3559727, -52.33530929 ], [ -68.36177981, -52.33923096 ], [ -68.37244456, -52.34482708 ], [ -68.38187224, -52.35146172 ], [ -68.3905481, -52.35988896 ], [ -68.39561485, -52.36455372 ], [ -68.39703995, -52.36725506 ], [ -68.40210087, -52.37297024 ], [ -68.40498293, -52.37612878 ], [ -68.40544908, -52.37837467 ], [ -68.40858515, -52.38123132 ], [ -68.41560266, -52.38650753 ], [ -68.42141813, -52.39057455 ], [ -68.4303329, -52.39436135 ], [ -68.42805683, -52.39194023 ], [ -68.42347881, -52.38909418 ], [ -68.41928335, -52.38648455 ], [ -68.41855048, -52.38354019 ], [ -68.41880813, -52.33164848 ], [ -68.51601553, -52.3285603 ], [ -68.57369023, -52.3245021 ], [ -68.58581315, -52.30599285 ], [ -68.70958223, -52.28472943 ], [ -68.76058515, -52.28163243 ], [ -68.83852917, -52.27689163 ], [ -68.89712792, -52.24678123 ], [ -68.9860931, -52.20299159 ], [ -69.00130469, -52.19980614 ], [ -69.02035528, -52.19609451 ], [ -69.03370237, -52.19335837 ], [ -69.0482085, -52.19038105 ], [ -69.06078206, -52.18787504 ], [ -69.07818445, -52.18442058 ], [ -69.093647, -52.17965107 ], [ -69.10427842, -52.17631395 ], [ -69.11664661, -52.17249845 ], [ -69.13982655, -52.16521924 ], [ -69.15045079, -52.16187815 ], [ -69.16145564, -52.15841711 ], [ -69.18404613, -52.15136674 ], [ -69.19099661, -52.14945267 ], [ -69.20723171, -52.14954562 ], [ -69.23351736, -52.14973354 ], [ -69.26424968, -52.14990806 ], [ -69.28531674, -52.15009696 ], [ -69.30522565, -52.15016421 ], [ -69.33440993, -52.15032237 ], [ -69.34542712, -52.15029034 ], [ -69.36978195, -52.15033589 ], [ -69.38234432, -52.15041461 ], [ -69.39723105, -52.15060394 ], [ -69.41868563, -52.1506487 ], [ -69.43240801, -52.15060014 ], [ -69.44381104, -52.15067722 ], [ -69.4658453, -52.15083005 ], [ -69.47434932, -52.15079366 ], [ -69.47956721, -52.15077597 ], [ -69.48517722, -52.15098843 ], [ -69.48941865, -52.15002053 ], [ -69.50463617, -52.14543854 ], [ -69.51176185, -52.14326582 ], [ -69.5171535, -52.14181902 ], [ -69.52254568, -52.14012889 ], [ -69.52813058, -52.13855831 ], [ -69.5333258, -52.13675259 ], [ -69.54642204, -52.13324615 ], [ -69.55816399, -52.12962031 ], [ -69.56432484, -52.12793026 ], [ -69.570291, -52.12623726 ], [ -69.57452268, -52.12498315 ], [ -69.59395795, -52.11922116 ], [ -69.59813681, -52.11796464 ], [ -69.6043279, -52.11615367 ], [ -69.60752093, -52.11520432 ], [ -69.61295998, -52.11360175 ], [ -69.61649957, -52.1125516 ], [ -69.62610103, -52.10971897 ], [ -69.63288758, -52.10772429 ], [ -69.63779837, -52.1062674 ], [ -69.64058644, -52.10543003 ], [ -69.64727977, -52.10348027 ], [ -69.64960215, -52.10278158 ], [ -69.6564665, -52.10075857 ], [ -69.65901545, -52.09998832 ], [ -69.66375263, -52.09860317 ], [ -69.66793571, -52.09737533 ], [ -69.67470841, -52.09536092 ], [ -69.68036691, -52.0936931 ], [ -69.68291566, -52.09292683 ], [ -69.68945991, -52.09100556 ], [ -69.69242764, -52.09011166 ], [ -69.69862811, -52.08829048 ], [ -69.70139839, -52.08747063 ], [ -69.71056641, -52.0847636 ], [ -69.71776712, -52.08263209 ], [ -69.72275339, -52.08115368 ], [ -69.72549511, -52.08034388 ], [ -69.73173376, -52.07847818 ], [ -69.73404, -52.07781019 ], [ -69.73467615, -52.07762063 ], [ -69.73836571, -52.07653554 ], [ -69.74114827, -52.07570951 ], [ -69.74385148, -52.07491497 ], [ -69.74760917, -52.07377615 ], [ -69.75193247, -52.07251462 ], [ -69.75591537, -52.07132205 ], [ -69.76519549, -52.06857711 ], [ -69.76793424, -52.06775744 ], [ -69.77448753, -52.06582171 ], [ -69.77709741, -52.06504527 ], [ -69.78363267, -52.06309205 ], [ -69.78626733, -52.06233647 ], [ -69.79331704, -52.06021788 ], [ -69.79939145, -52.05841197 ], [ -69.80770253, -52.05595377 ], [ -69.81035259, -52.05516072 ], [ -69.81695063, -52.05320642 ], [ -69.81946761, -52.05245241 ], [ -69.82611793, -52.05046302 ], [ -69.82872504, -52.04970355 ], [ -69.83216334, -52.04867503 ], [ -69.84081288, -52.04611364 ], [ -69.8500655, -52.04334981 ], [ -69.85269365, -52.04256605 ], [ -69.85924732, -52.04060736 ], [ -69.86187875, -52.0398232 ], [ -69.86847275, -52.03787062 ], [ -69.87107783, -52.03708328 ], [ -69.88071474, -52.03423138 ], [ -69.89235917, -52.03075199 ], [ -69.8950307, -52.02995119 ], [ -69.90159496, -52.02798941 ], [ -69.90426684, -52.02719287 ], [ -69.91079185, -52.02524187 ], [ -69.91338454, -52.02445429 ], [ -69.91882925, -52.02285913 ], [ -69.92434047, -52.02120125 ], [ -69.92773286, -52.02018603 ], [ -69.93470613, -52.01810361 ], [ -69.93749344, -52.01725894 ], [ -69.94392183, -52.01536126 ], [ -69.94660674, -52.01454043 ], [ -69.95319294, -52.01258335 ], [ -69.95578323, -52.01181293 ], [ -69.96418281, -52.0092794 ], [ -69.9712038, -52.00719639 ], [ -69.97687329, -52.00519789 ], [ -69.97960809, -52.00440031 ], [ -69.98643663, -52.00261143 ], [ -69.98882674, -52.0018972 ], [ -69.99012912, -52.00152692 ], [ -69.99495808, -51.99917377 ], [ -69.99505578, -51.9991261 ], [ -70.08222046, -51.99911083 ], [ -70.17157161, -51.99910969 ], [ -70.23312865, -51.99910434 ], [ -70.29055791, -51.9990933 ], [ -70.33593478, -51.9991013 ], [ -70.39157082, -51.99906418 ], [ -70.42832253, -51.99909334 ], [ -70.47462534, -51.99906993 ], [ -70.49192907, -51.9991301 ], [ -70.49705189, -51.99915503 ], [ -70.49875166, -51.99916145 ], [ -70.49945606, -51.99916342 ], [ -70.49972991, -51.9991642 ], [ -70.49986099, -51.99916446 ], [ -70.49992591, -51.99916462 ], [ -70.49999203, -51.99916461 ], [ -70.50006025, -51.99916459 ], [ -70.50013457, -51.99916457 ], [ -70.50018858, -51.99916459 ], [ -70.5002584, -51.99916454 ], [ -70.50031595, -51.99916456 ], [ -70.50039294, -51.99916453 ], [ -70.50045135, -51.99916454 ], [ -70.50050424, -51.99916454 ], [ -70.50055192, -51.99916454 ], [ -70.50058262, -51.99916456 ], [ -70.50062713, -51.99916455 ], [ -70.50066907, -51.99916453 ], [ -70.5007007, -51.99916454 ], [ -70.50074103, -51.99916453 ], [ -70.50077715, -51.99916452 ], [ -70.50081595, -51.99916452 ], [ -70.50085847, -51.9991645 ], [ -70.50090198, -51.99916448 ], [ -70.50095499, -51.99916445 ], [ -70.50099834, -51.99916446 ], [ -70.50104782, -51.99916444 ], [ -70.50108545, -51.99916446 ], [ -70.50112556, -51.99916443 ], [ -70.50116757, -51.99916442 ], [ -70.50120984, -51.99916441 ], [ -70.50125274, -51.99916441 ], [ -70.50137324, -51.99916425 ], [ -70.53498647, -51.99896235 ], [ -70.68386613, -51.99889964 ], [ -70.79831622, -51.99893279 ], [ -70.88489283, -51.99893492 ], [ -70.89641804, -51.99893521 ], [ -70.99101217, -51.99896654 ], [ -71.09165206, -51.9989181 ], [ -71.16379818, -51.99895335 ], [ -71.22632611, -51.99901352 ], [ -71.29704866, -51.99895737 ], [ -71.34368615, -51.9990389 ], [ -71.39349604, -51.99902738 ], [ -71.42948282, -51.99904599 ], [ -71.46277976, -51.99906921 ], [ -71.51407339, -51.99900071 ], [ -71.56136433, -51.99899818 ], [ -71.5980685, -51.99906526 ], [ -71.65086332, -51.99906194 ], [ -71.66217929, -51.9990822 ], [ -71.67539921, -51.99907644 ], [ -71.68244865, -51.99909126 ], [ -71.68541486, -51.99907455 ], [ -71.71205094, -51.99909977 ], [ -71.72948419, -51.99906466 ], [ -71.75602339, -51.99907245 ], [ -71.75896612, -51.99905561 ], [ -71.77648229, -51.99907994 ], [ -71.7793581, -51.99908216 ], [ -71.80604098, -51.99909678 ], [ -71.82632494, -51.99905045 ], [ -71.85002054, -51.99909139 ], [ -71.86309289, -51.9991438 ], [ -71.87038022, -51.99914471 ], [ -71.87328608, -51.99914504 ], [ -71.89694882, -51.99914433 ], [ -71.89985981, -51.9991376 ], [ -71.90713368, -51.99914322 ], [ -71.91005625, -51.99914193 ], [ -71.91597477, -51.99914276 ], [ -71.91746455, -51.99914978 ], [ -71.9213783, -51.99827409 ], [ -71.92426459, -51.99735505 ], [ -71.92542523, -51.99542293 ], [ -71.92696737, -51.99506623 ], [ -71.93047634, -51.99071901 ], [ -71.93448566, -51.98959666 ], [ -71.93941038, -51.98959854 ], [ -71.94284831, -51.98983123 ], [ -71.94467909, -51.98971361 ], [ -71.94901171, -51.9890032 ], [ -71.9523833, -51.98781637 ], [ -71.95460148, -51.9868666 ], [ -71.95594811, -51.98579429 ], [ -71.95662454, -51.98389443 ], [ -71.95652981, -51.98282445 ], [ -71.95585787, -51.98002734 ], [ -71.95614761, -51.97836446 ], [ -71.957882, -51.97735254 ], [ -71.96221604, -51.97574903 ], [ -71.96389324, -51.97274916 ], [ -71.96665835, -51.97104049 ], [ -71.97038999, -51.97081707 ], [ -71.97339804, -51.97104125 ], [ -71.97556452, -51.97215939 ], [ -71.97808876, -51.97416499 ], [ -71.98097693, -51.97520502 ], [ -71.9874712, -51.97631915 ], [ -71.99409198, -51.97832917 ], [ -72.00058735, -51.97825254 ], [ -72.00144851, -51.9783524 ], [ -72.0044404, -51.9786993 ], [ -72.00781033, -51.97825465 ], [ -72.01165918, -51.97617279 ], [ -72.01442613, -51.9738678 ], [ -72.01623079, -51.97238075 ], [ -72.01695117, -51.97022465 ], [ -72.02019994, -51.96970783 ], [ -72.02308575, -51.96911079 ], [ -72.02621562, -51.96777361 ], [ -72.0282597, -51.96732712 ], [ -72.02909918, -51.96628409 ], [ -72.02897835, -51.96442731 ], [ -72.03018236, -51.96331101 ], [ -72.03234723, -51.96227364 ], [ -72.03378814, -51.96108488 ], [ -72.03342845, -51.95967029 ], [ -72.03222214, -51.95863221 ], [ -72.02873482, -51.9563281 ], [ -72.024403, -51.95424692 ], [ -72.02091292, -51.95365566 ], [ -72.01574317, -51.95105293 ], [ -72.01321588, -51.95045923 ], [ -72.00144911, -51.9455685 ], [ -72.00106871, -51.94541033 ], [ -72.00054285, -51.94289516 ], [ -71.9910901, -51.94050429 ], [ -71.98820652, -51.93857177 ], [ -71.98640257, -51.93597014 ], [ -71.98364005, -51.93262642 ], [ -71.97907194, -51.92972801 ], [ -71.97150078, -51.92615878 ], [ -71.97053946, -51.92482186 ], [ -71.96501144, -51.92444867 ], [ -71.95984378, -51.92311005 ], [ -71.9562388, -51.9216198 ], [ -71.9529967, -51.91946609 ], [ -71.95131646, -51.91872052 ], [ -71.94843236, -51.91842328 ], [ -71.94723183, -51.91634281 ], [ -71.94699432, -51.91463024 ], [ -71.94038629, -51.91440628 ], [ -71.93762038, -51.91626317 ], [ -71.93437301, -51.91737259 ], [ -71.93196937, -51.91692549 ], [ -71.92909202, -51.912688 ], [ -71.93510806, -51.90689575 ], [ -71.93643228, -51.90541069 ], [ -71.9384752, -51.90422215 ], [ -71.94016108, -51.90206933 ], [ -71.94341803, -51.89315254 ], [ -71.94306089, -51.89040348 ], [ -71.94090269, -51.88802677 ], [ -71.94030521, -51.88542232 ], [ -71.94078891, -51.88334353 ], [ -71.94547656, -51.87814365 ], [ -71.94752412, -51.87212737 ], [ -71.94824577, -51.87056664 ], [ -71.95485497, -51.86670184 ], [ -71.9577372, -51.8655161 ], [ -71.96205958, -51.86417912 ], [ -71.96793989, -51.86291607 ], [ -71.97610691, -51.85474752 ], [ -71.98126785, -51.84954565 ], [ -71.98967627, -51.83694933 ], [ -71.99159654, -51.83480914 ], [ -71.99399401, -51.83254647 ], [ -71.99687362, -51.82951639 ], [ -72.00128821, -51.82547535 ], [ -72.00144449, -51.82540547 ], [ -72.00610008, -51.82332355 ], [ -72.01298356, -51.81825751 ], [ -72.01644188, -51.81536697 ], [ -72.01874458, -51.813999 ], [ -72.02113957, -51.81191619 ], [ -72.02296489, -51.8106707 ], [ -72.02392019, -51.80942037 ], [ -72.02718107, -51.80698195 ], [ -72.03208461, -51.80427199 ], [ -72.03714323, -51.80170303 ], [ -72.04047886, -51.79877613 ], [ -72.04203654, -51.79811898 ], [ -72.04415877, -51.79770199 ], [ -72.04587296, -51.79722646 ], [ -72.0472131, -51.79657259 ], [ -72.04884382, -51.79532372 ], [ -72.0500245, -51.79427652 ], [ -72.05066118, -51.79318139 ], [ -72.05315337, -51.79252817 ], [ -72.05420603, -51.7916937 ], [ -72.05531216, -51.79042235 ], [ -72.05631455, -51.78937541 ], [ -72.05870962, -51.7882428 ], [ -72.05966797, -51.78699641 ], [ -72.06163316, -51.78521201 ], [ -72.06272852, -51.78455443 ], [ -72.06397504, -51.78396171 ], [ -72.0654248, -51.78378139 ], [ -72.06726662, -51.78413849 ], [ -72.07094781, -51.78378003 ], [ -72.07347762, -51.78313694 ], [ -72.07680954, -51.78241783 ], [ -72.07818729, -51.78184629 ], [ -72.0788795, -51.7807782 ], [ -72.07749666, -51.77949308 ], [ -72.07566023, -51.77788715 ], [ -72.07484491, -51.77707167 ], [ -72.07518756, -51.77379061 ], [ -72.07610473, -51.77229035 ], [ -72.08645156, -51.7708578 ], [ -72.08839198, -51.770986 ], [ -72.08990154, -51.77121087 ], [ -72.09266119, -51.77149148 ], [ -72.09507708, -51.77142021 ], [ -72.09852174, -51.77034907 ], [ -72.10266169, -51.77048563 ], [ -72.10737336, -51.76905383 ], [ -72.11013062, -51.76841016 ], [ -72.11323297, -51.76669369 ], [ -72.11586848, -51.76284099 ], [ -72.11768756, -51.75584721 ], [ -72.12112805, -51.75185025 ], [ -72.12376747, -51.75099006 ], [ -72.12455777, -51.75014387 ], [ -72.12491162, -51.74863318 ], [ -72.12455049, -51.74758865 ], [ -72.1234098, -51.74635272 ], [ -72.12168281, -51.74450007 ], [ -72.12076109, -51.74371578 ], [ -72.12128423, -51.74343142 ], [ -72.12288461, -51.74292752 ], [ -72.12610472, -51.74328392 ], [ -72.1285598, -51.7425913 ], [ -72.13133721, -51.74228806 ], [ -72.13296616, -51.74276443 ], [ -72.13679066, -51.74284328 ], [ -72.13816952, -51.74333918 ], [ -72.13929485, -51.74519372 ], [ -72.14070343, -51.74533567 ], [ -72.14311709, -51.74497504 ], [ -72.14690679, -51.74383021 ], [ -72.1490917, -51.74468193 ], [ -72.15116058, -51.7451776 ], [ -72.15334235, -51.74467719 ], [ -72.15655379, -51.74217557 ], [ -72.15909758, -51.74111921 ], [ -72.16130426, -51.74035073 ], [ -72.16470461, -51.73995262 ], [ -72.17039903, -51.73980213 ], [ -72.17641882, -51.73850781 ], [ -72.18063453, -51.73693161 ], [ -72.18341767, -51.73586033 ], [ -72.18493302, -51.73478524 ], [ -72.18536475, -51.73400292 ], [ -72.18409738, -51.7335033 ], [ -72.18191639, -51.73336415 ], [ -72.17673641, -51.73101802 ], [ -72.17099274, -51.73102849 ], [ -72.16902277, -51.73058851 ], [ -72.1671066, -51.72987832 ], [ -72.16604871, -51.72910509 ], [ -72.16480182, -51.7284549 ], [ -72.16224558, -51.72782652 ], [ -72.16086283, -51.72640264 ], [ -72.16067651, -51.72548871 ], [ -72.16143151, -51.72454585 ], [ -72.16521914, -51.72311654 ], [ -72.16659328, -51.72197167 ], [ -72.16980396, -51.72132685 ], [ -72.1729056, -51.7213216 ], [ -72.17531752, -51.72060427 ], [ -72.17750742, -51.72064816 ], [ -72.18037163, -51.72131052 ], [ -72.18565719, -51.72144385 ], [ -72.18852658, -51.72115447 ], [ -72.19013292, -51.72050938 ], [ -72.19080344, -51.71878411 ], [ -72.19115206, -51.71693998 ], [ -72.19222796, -51.71634572 ], [ -72.19390453, -51.71622243 ], [ -72.1962002, -51.71564906 ], [ -72.19826238, -51.71443144 ], [ -72.19905846, -51.71271874 ], [ -72.20031945, -51.71200159 ], [ -72.20407552, -51.71168685 ], [ -72.21057367, -51.70995162 ], [ -72.21306129, -51.70929059 ], [ -72.21803144, -51.70833391 ], [ -72.22234478, -51.70704134 ], [ -72.22443377, -51.70611861 ], [ -72.22600671, -51.70474987 ], [ -72.22886729, -51.70239105 ], [ -72.2326521, -51.70195586 ], [ -72.23610209, -51.70259292 ], [ -72.23875209, -51.70443835 ], [ -72.24036075, -51.70508159 ], [ -72.24288729, -51.70493071 ], [ -72.24506659, -51.7047848 ], [ -72.24689831, -51.70335464 ], [ -72.24665317, -51.70078657 ], [ -72.24676233, -51.69921817 ], [ -72.2477904, -51.69857306 ], [ -72.24962878, -51.69871107 ], [ -72.25296415, -51.70027183 ], [ -72.25619185, -51.70204843 ], [ -72.26399968, -51.70245997 ], [ -72.26860262, -51.70423504 ], [ -72.27021395, -51.70480103 ], [ -72.27445827, -51.7042197 ], [ -72.27985272, -51.70392073 ], [ -72.28364494, -51.70296034 ], [ -72.28638355, -51.70162402 ], [ -72.29234209, -51.69975576 ], [ -72.29624462, -51.69917382 ], [ -72.29818794, -51.69809904 ], [ -72.29955551, -51.69638046 ], [ -72.29907141, -51.6926008 ], [ -72.29964606, -51.69162625 ], [ -72.29915785, -51.69031734 ], [ -72.29950444, -51.68860816 ], [ -72.30095454, -51.68734279 ], [ -72.30086747, -51.68660591 ], [ -72.29921022, -51.68395681 ], [ -72.29748615, -51.68324698 ], [ -72.29450814, -51.68129382 ], [ -72.29296472, -51.67963184 ], [ -72.29105226, -51.67749889 ], [ -72.29022282, -51.67314724 ], [ -72.28917181, -51.67072465 ], [ -72.2873249, -51.66873069 ], [ -72.28705827, -51.66805322 ], [ -72.28834486, -51.66694531 ], [ -72.28876721, -51.66567192 ], [ -72.28959566, -51.6648034 ], [ -72.29037646, -51.66352845 ], [ -72.29037141, -51.66239735 ], [ -72.29084293, -51.6615032 ], [ -72.2921763, -51.66102713 ], [ -72.29236483, -51.66025474 ], [ -72.29162563, -51.65958796 ], [ -72.28967118, -51.65895052 ], [ -72.28976353, -51.65716701 ], [ -72.28953438, -51.65545874 ], [ -72.28801719, -51.65295165 ], [ -72.28779204, -51.65182459 ], [ -72.28848322, -51.6513457 ], [ -72.28950147, -51.65118781 ], [ -72.29134612, -51.65050415 ], [ -72.29219389, -51.64895786 ], [ -72.29381133, -51.64764765 ], [ -72.29495094, -51.64669113 ], [ -72.29692898, -51.64616351 ], [ -72.29714414, -51.64555578 ], [ -72.29646202, -51.64502423 ], [ -72.29417517, -51.64496792 ], [ -72.29107232, -51.64467917 ], [ -72.29006067, -51.64367349 ], [ -72.28945134, -51.64254554 ], [ -72.2894365, -51.64018907 ], [ -72.28820753, -51.63797005 ], [ -72.28667774, -51.63791179 ], [ -72.28486604, -51.6381555 ], [ -72.28314253, -51.6378602 ], [ -72.28313719, -51.63697256 ], [ -72.28408129, -51.63524286 ], [ -72.28522622, -51.63464664 ], [ -72.28723149, -51.63446412 ], [ -72.28767609, -51.63391474 ], [ -72.2867534, -51.63263598 ], [ -72.28664037, -51.63178849 ], [ -72.28988596, -51.63124549 ], [ -72.29144268, -51.63069748 ], [ -72.2952233, -51.62957066 ], [ -72.29693376, -51.62947011 ], [ -72.29933996, -51.63116221 ], [ -72.3023379, -51.63166646 ], [ -72.30531108, -51.63073456 ], [ -72.30592419, -51.62959912 ], [ -72.30830289, -51.62852533 ], [ -72.31116842, -51.62816088 ], [ -72.3126877, -51.62720534 ], [ -72.3151724, -51.62696141 ], [ -72.31686096, -51.62649266 ], [ -72.31868383, -51.62506193 ], [ -72.31935489, -51.62415617 ], [ -72.32004207, -51.62234752 ], [ -72.31968196, -51.61985187 ], [ -72.31873929, -51.61642914 ], [ -72.31861563, -51.61521737 ], [ -72.32009136, -51.61314271 ], [ -72.32069144, -51.61077302 ], [ -72.32052181, -51.60900594 ], [ -72.32198574, -51.60585929 ], [ -72.32252349, -51.60043815 ], [ -72.32293938, -51.594585 ], [ -72.32315396, -51.59273304 ], [ -72.32473146, -51.58915801 ], [ -72.3273481, -51.58672581 ], [ -72.33043272, -51.58564899 ], [ -72.33363242, -51.58463949 ], [ -72.33660456, -51.58356251 ], [ -72.33923592, -51.5834099 ], [ -72.34175772, -51.58382954 ], [ -72.34382471, -51.5842541 ], [ -72.34634659, -51.58467363 ], [ -72.35052356, -51.58539737 ], [ -72.35525166, -51.58528773 ], [ -72.3575388, -51.58504518 ], [ -72.36050197, -51.58527112 ], [ -72.36307812, -51.58619534 ], [ -72.36503525, -51.58732713 ], [ -72.36766908, -51.58753433 ], [ -72.36996536, -51.58824201 ], [ -72.37214197, -51.58823347 ], [ -72.37373574, -51.58723048 ], [ -72.37532381, -51.58515499 ], [ -72.37738672, -51.58456495 ], [ -72.37967085, -51.58443039 ], [ -72.38116156, -51.58463927 ], [ -72.3821952, -51.58541697 ], [ -72.38166857, -51.58673075 ], [ -72.38096345, -51.5884917 ], [ -72.38086495, -51.59055988 ], [ -72.38232011, -51.5926335 ], [ -72.38467046, -51.59361605 ], [ -72.38863858, -51.594459 ], [ -72.38983201, -51.59438522 ], [ -72.39073227, -51.59403304 ], [ -72.39085345, -51.59331096 ], [ -72.39049682, -51.59152745 ], [ -72.39174714, -51.59059701 ], [ -72.39517985, -51.59008539 ], [ -72.39699473, -51.5895556 ], [ -72.39869915, -51.58818265 ], [ -72.40165103, -51.58710107 ], [ -72.40393787, -51.58673589 ], [ -72.40699343, -51.58714253 ], [ -72.40981186, -51.58703629 ], [ -72.41404723, -51.5859858 ], [ -72.41792739, -51.58529752 ], [ -72.42005271, -51.58525165 ], [ -72.422632, -51.58554316 ], [ -72.42503328, -51.58605642 ], [ -72.42893456, -51.58668248 ], [ -72.43065196, -51.58660637 ], [ -72.43284812, -51.58586024 ], [ -72.43408124, -51.58502537 ], [ -72.43626914, -51.58448272 ], [ -72.43830475, -51.58457905 ], [ -72.44047163, -51.58493969 ], [ -72.44254185, -51.58449212 ], [ -72.44226662, -51.58308983 ], [ -72.44130117, -51.58184725 ], [ -72.4405292, -51.58095865 ], [ -72.44020885, -51.57733289 ], [ -72.43929161, -51.57640648 ], [ -72.43702588, -51.57371854 ], [ -72.43710663, -51.57228736 ], [ -72.43634053, -51.57088882 ], [ -72.435467, -51.57027443 ], [ -72.43554655, -51.56890646 ], [ -72.43537923, -51.56618349 ], [ -72.43493564, -51.56492559 ], [ -72.433008, -51.56267453 ], [ -72.43202377, -51.55934609 ], [ -72.43115248, -51.55499863 ], [ -72.43130605, -51.55429641 ], [ -72.43072415, -51.55317145 ], [ -72.42940276, -51.55122283 ], [ -72.42742574, -51.54711831 ], [ -72.42637969, -51.54631498 ], [ -72.42580039, -51.54560005 ], [ -72.42445419, -51.54552433 ], [ -72.42317176, -51.54575449 ], [ -72.42206982, -51.54541099 ], [ -72.42129623, -51.54440522 ], [ -72.42072394, -51.5443479 ], [ -72.4190375, -51.5442005 ], [ -72.41842884, -51.54346537 ], [ -72.41822154, -51.54241822 ], [ -72.41745682, -51.54150638 ], [ -72.41626195, -51.54085478 ], [ -72.41496532, -51.5401483 ], [ -72.41400212, -51.5390812 ], [ -72.41284235, -51.53741689 ], [ -72.41095345, -51.53573946 ], [ -72.40793848, -51.53267895 ], [ -72.40593228, -51.53203429 ], [ -72.40497214, -51.53120582 ], [ -72.40197121, -51.52899157 ], [ -72.39855903, -51.5281359 ], [ -72.39569385, -51.52766871 ], [ -72.39435081, -51.52683954 ], [ -72.39382095, -51.52559302 ], [ -72.39448087, -51.52252376 ], [ -72.40087255, -51.52121819 ], [ -72.40554644, -51.5194201 ], [ -72.40690342, -51.51805704 ], [ -72.40641245, -51.51392221 ], [ -72.40571192, -51.51256784 ], [ -72.40385077, -51.51230366 ], [ -72.40118457, -51.51266806 ], [ -72.39965042, -51.51251712 ], [ -72.39832783, -51.51261954 ], [ -72.39661815, -51.5133979 ], [ -72.39508917, -51.51360262 ], [ -72.39377968, -51.51380311 ], [ -72.39214452, -51.51382702 ], [ -72.39074954, -51.51425979 ], [ -72.38862895, -51.51502613 ], [ -72.3875582, -51.51569865 ], [ -72.386071, -51.51681952 ], [ -72.3836917, -51.51799435 ], [ -72.3817973, -51.51873779 ], [ -72.3797047, -51.51910048 ], [ -72.37856357, -51.51952162 ], [ -72.37733098, -51.52035586 ], [ -72.37628857, -51.52158498 ], [ -72.37034964, -51.5225326 ], [ -72.36886892, -51.52325149 ], [ -72.36497334, -51.52255101 ], [ -72.36407287, -51.52324565 ], [ -72.36354225, -51.5240863 ], [ -72.36221477, -51.52474318 ], [ -72.35984491, -51.52492045 ], [ -72.35906952, -51.52475295 ], [ -72.35848767, -51.52356459 ], [ -72.35752968, -51.5229159 ], [ -72.35570377, -51.52179157 ], [ -72.3541811, -51.52138214 ], [ -72.34986658, -51.52130992 ], [ -72.3477895, -51.52021018 ], [ -72.34662656, -51.51783329 ], [ -72.34605441, -51.51597241 ], [ -72.34727333, -51.51104639 ], [ -72.34922963, -51.50932483 ], [ -72.35033493, -51.50754094 ], [ -72.35101378, -51.50593109 ], [ -72.35122477, -51.50439944 ], [ -72.35070553, -51.50289948 ], [ -72.35108146, -51.50218403 ], [ -72.35221463, -51.49932949 ], [ -72.3531432, -51.49789789 ], [ -72.35369533, -51.49522081 ], [ -72.35387564, -51.49247447 ], [ -72.35111146, -51.48963146 ], [ -72.35109749, -51.48791956 ], [ -72.35028675, -51.4863529 ], [ -72.35083436, -51.48349589 ], [ -72.34797092, -51.48144519 ], [ -72.34646458, -51.47965496 ], [ -72.3470197, -51.47772601 ], [ -72.34621142, -51.47665952 ], [ -72.34415308, -51.47609473 ], [ -72.33809779, -51.47632893 ], [ -72.3364146, -51.4769014 ], [ -72.33387633, -51.47719542 ], [ -72.32770184, -51.47664074 ], [ -72.32679202, -51.47592036 ], [ -72.32506366, -51.47508083 ], [ -72.32448774, -51.47336897 ], [ -72.32480896, -51.47136876 ], [ -72.32571323, -51.46979961 ], [ -72.32684531, -51.46865393 ], [ -72.32694026, -51.46572973 ], [ -72.32699707, -51.46491827 ], [ -72.32796034, -51.46458401 ], [ -72.33217454, -51.46307367 ], [ -72.3364682, -51.45841028 ], [ -72.3370336, -51.45745878 ], [ -72.33849666, -51.45327963 ], [ -72.33905633, -51.45149462 ], [ -72.34031199, -51.45067244 ], [ -72.34063779, -51.44913612 ], [ -72.34085437, -51.44650866 ], [ -72.34026513, -51.44418939 ], [ -72.3407291, -51.44276368 ], [ -72.34062918, -51.44205045 ], [ -72.33986069, -51.44080494 ], [ -72.33956227, -51.43919709 ], [ -72.33940983, -51.43750988 ], [ -72.33954277, -51.4367013 ], [ -72.33905449, -51.43587053 ], [ -72.33802052, -51.43487626 ], [ -72.33733303, -51.43379553 ], [ -72.33789604, -51.43230778 ], [ -72.33912983, -51.43052268 ], [ -72.33767483, -51.42814679 ], [ -72.3361308, -51.42631898 ], [ -72.33782923, -51.42467237 ], [ -72.33758913, -51.42282092 ], [ -72.33631528, -51.42025466 ], [ -72.33437273, -51.419117 ], [ -72.33331776, -51.41775475 ], [ -72.33111414, -51.41538035 ], [ -72.32952923, -51.41306892 ], [ -72.32871114, -51.41199865 ], [ -72.32643446, -51.41079305 ], [ -72.32521441, -51.41032751 ], [ -72.32470419, -51.40993121 ], [ -72.32450394, -51.4084462 ], [ -72.32344035, -51.40702146 ], [ -72.32103275, -51.40545664 ], [ -72.31953333, -51.40459424 ], [ -72.31810124, -51.4038842 ], [ -72.31658177, -51.40376716 ], [ -72.31279188, -51.40354364 ], [ -72.31039848, -51.40331175 ], [ -72.30949217, -51.40256398 ], [ -72.30925871, -51.40142421 ], [ -72.31112656, -51.39849325 ], [ -72.31291359, -51.39539744 ], [ -72.3130037, -51.39479971 ], [ -72.31194057, -51.39242372 ], [ -72.31066424, -51.39029021 ], [ -72.30924772, -51.38773519 ], [ -72.30913528, -51.38301563 ], [ -72.30985721, -51.37946881 ], [ -72.30918473, -51.3784003 ], [ -72.30803817, -51.37751403 ], [ -72.30765052, -51.37632351 ], [ -72.30859446, -51.37507586 ], [ -72.30877163, -51.37340735 ], [ -72.30848965, -51.37188832 ], [ -72.31041265, -51.36974179 ], [ -72.31025997, -51.36876685 ], [ -72.30937556, -51.36817512 ], [ -72.30833923, -51.36675262 ], [ -72.30834028, -51.36586002 ], [ -72.30899956, -51.36496424 ], [ -72.31094444, -51.36410513 ], [ -72.31298445, -51.36260278 ], [ -72.31512065, -51.3585278 ], [ -72.31658492, -51.35602577 ], [ -72.31738183, -51.35436161 ], [ -72.31769535, -51.35167242 ], [ -72.31951268, -51.35059799 ], [ -72.32166053, -51.34816724 ], [ -72.32505847, -51.34537461 ], [ -72.32680568, -51.34452207 ], [ -72.32892101, -51.34414928 ], [ -72.33116325, -51.34350031 ], [ -72.33256833, -51.34414017 ], [ -72.33326924, -51.34557588 ], [ -72.33406447, -51.34641801 ], [ -72.33632557, -51.34830076 ], [ -72.34194901, -51.34960648 ], [ -72.34478228, -51.34917114 ], [ -72.3467318, -51.3492351 ], [ -72.34832928, -51.34937246 ], [ -72.34913999, -51.34802698 ], [ -72.34977825, -51.34515823 ], [ -72.35033436, -51.34358982 ], [ -72.35135229, -51.34258826 ], [ -72.35340125, -51.34243673 ], [ -72.35648105, -51.34278361 ], [ -72.35841621, -51.34270879 ], [ -72.36148245, -51.34134366 ], [ -72.36353129, -51.34119196 ], [ -72.36786427, -51.34189275 ], [ -72.36934514, -51.34167408 ], [ -72.36853312, -51.33989591 ], [ -72.3685245, -51.33861188 ], [ -72.3702205, -51.33753287 ], [ -72.37146281, -51.33596305 ], [ -72.36849807, -51.33554419 ], [ -72.36757414, -51.3339734 ], [ -72.36482982, -51.3326306 ], [ -72.36458227, -51.32999097 ], [ -72.36297703, -51.32856977 ], [ -72.36330625, -51.32735317 ], [ -72.36112581, -51.32486492 ], [ -72.36293785, -51.32400205 ], [ -72.36318188, -51.32259848 ], [ -72.36278995, -51.32111097 ], [ -72.36117333, -51.3204029 ], [ -72.35992682, -51.31879948 ], [ -72.35810746, -51.31759384 ], [ -72.35195608, -51.31711591 ], [ -72.34957033, -51.31681224 ], [ -72.34785182, -51.3163421 ], [ -72.34476025, -51.31413882 ], [ -72.34225487, -51.31393479 ], [ -72.34054881, -51.31443721 ], [ -72.33747616, -51.31472948 ], [ -72.33394581, -51.31431471 ], [ -72.32998236, -51.31311876 ], [ -72.32789738, -51.31326378 ], [ -72.32689708, -51.31354249 ], [ -72.32632452, -51.31353891 ], [ -72.32607223, -51.31334281 ], [ -72.32598151, -51.31307513 ], [ -72.32622719, -51.31283452 ], [ -72.3261724, -51.31267214 ], [ -72.32596438, -51.3124815 ], [ -72.32570283, -51.31238081 ], [ -72.32551695, -51.31219289 ], [ -72.32555724, -51.31193272 ], [ -72.32580092, -51.3114714 ], [ -72.32599717, -51.31072539 ], [ -72.32480582, -51.30977082 ], [ -72.32217937, -51.30863849 ], [ -72.31694238, -51.30850901 ], [ -72.31249849, -51.30787844 ], [ -72.30841918, -51.30684884 ], [ -72.30713607, -51.30604119 ], [ -72.30758164, -51.30461262 ], [ -72.30668791, -51.30322833 ], [ -72.30696804, -51.3025748 ], [ -72.30653935, -51.30168963 ], [ -72.30619623, -51.30055418 ], [ -72.30666335, -51.29977749 ], [ -72.30903434, -51.29941608 ], [ -72.31004663, -51.29889765 ], [ -72.30979739, -51.29568571 ], [ -72.30751183, -51.29398033 ], [ -72.3046501, -51.29156383 ], [ -72.29894666, -51.28929384 ], [ -72.29563922, -51.28816144 ], [ -72.29483603, -51.28709437 ], [ -72.28538548, -51.28611541 ], [ -72.28334231, -51.28562977 ], [ -72.27992086, -51.28548868 ], [ -72.27575432, -51.28546564 ], [ -72.27395478, -51.28529391 ], [ -72.27271704, -51.28470316 ], [ -72.27195223, -51.28357429 ], [ -72.27033936, -51.28340112 ], [ -72.26929338, -51.28274544 ], [ -72.26833881, -51.28144239 ], [ -72.26726007, -51.28002304 ], [ -72.2651869, -51.27770496 ], [ -72.26461078, -51.27633562 ], [ -72.26324751, -51.27439806 ], [ -72.26316756, -51.27253386 ], [ -72.26439491, -51.27181838 ], [ -72.26534226, -51.27193658 ], [ -72.26657065, -51.27127958 ], [ -72.26675686, -51.27044436 ], [ -72.26588449, -51.26729572 ], [ -72.26596081, -51.26414796 ], [ -72.26545303, -51.2625478 ], [ -72.26498243, -51.25969613 ], [ -72.26292668, -51.25798966 ], [ -72.25960828, -51.25478381 ], [ -72.25867226, -51.24950824 ], [ -72.26316462, -51.24036482 ], [ -72.26949385, -51.23625345 ], [ -72.27324709, -51.23463287 ], [ -72.27607428, -51.23205851 ], [ -72.28014901, -51.22940683 ], [ -72.28365358, -51.22676005 ], [ -72.28602941, -51.22490216 ], [ -72.28716099, -51.22404081 ], [ -72.28872961, -51.2206834 ], [ -72.292798, -51.21731956 ], [ -72.29449071, -51.21531787 ], [ -72.29570844, -51.21053707 ], [ -72.2961585, -51.20960853 ], [ -72.29820125, -51.20931409 ], [ -72.29921396, -51.20802942 ], [ -72.29919778, -51.20560121 ], [ -72.30054937, -51.20367183 ], [ -72.30246788, -51.20202602 ], [ -72.30416625, -51.2011686 ], [ -72.30541802, -51.20159104 ], [ -72.30713197, -51.20315734 ], [ -72.31000731, -51.20440052 ], [ -72.31147111, -51.20664043 ], [ -72.31500888, -51.20905635 ], [ -72.32168689, -51.20978195 ], [ -72.3267102, -51.20895443 ], [ -72.32915798, -51.20904606 ], [ -72.33136467, -51.20894067 ], [ -72.33815983, -51.20621213 ], [ -72.34359635, -51.20398479 ], [ -72.34776108, -51.20292798 ], [ -72.34794307, -51.20227323 ], [ -72.34727498, -51.2014436 ], [ -72.34707367, -51.1997199 ], [ -72.34668594, -51.198471 ], [ -72.34658249, -51.19740203 ], [ -72.34784579, -51.19505093 ], [ -72.34870881, -51.19091554 ], [ -72.34907221, -51.188655 ], [ -72.34981547, -51.18699039 ], [ -72.35179353, -51.18573555 ], [ -72.35234842, -51.18418527 ], [ -72.35281842, -51.18260577 ], [ -72.35363995, -51.18076353 ], [ -72.35476995, -51.18004582 ], [ -72.35703867, -51.18011068 ], [ -72.36010155, -51.17953443 ], [ -72.3598513, -51.17646694 ], [ -72.36107589, -51.17500229 ], [ -72.36118809, -51.17339304 ], [ -72.36143312, -51.17220579 ], [ -72.36104175, -51.17078144 ], [ -72.35945529, -51.16954372 ], [ -72.35899281, -51.16833246 ], [ -72.36193476, -51.16739628 ], [ -72.36195534, -51.16679511 ], [ -72.36129193, -51.16644299 ], [ -72.3611895, -51.16543255 ], [ -72.36203693, -51.16507113 ], [ -72.36307504, -51.16441484 ], [ -72.36575561, -51.16267477 ], [ -72.3722123, -51.1610847 ], [ -72.37651193, -51.15942983 ], [ -72.3784264, -51.15771534 ], [ -72.37953704, -51.15485782 ], [ -72.38144989, -51.15306677 ], [ -72.38506853, -51.15169655 ], [ -72.3877751, -51.14954814 ], [ -72.39052819, -51.14577313 ], [ -72.39288924, -51.14535195 ], [ -72.3951024, -51.14424402 ], [ -72.39626528, -51.14236474 ], [ -72.3964355, -51.14004753 ], [ -72.39848937, -51.13700965 ], [ -72.40158509, -51.13330573 ], [ -72.40180062, -51.13180523 ], [ -72.40173459, -51.12980469 ], [ -72.40246471, -51.12700482 ], [ -72.40220141, -51.12559726 ], [ -72.40274168, -51.12288491 ], [ -72.4038625, -51.12131095 ], [ -72.40464405, -51.11988172 ], [ -72.4057727, -51.11930781 ], [ -72.4049564, -51.11666948 ], [ -72.40573302, -51.11488453 ], [ -72.407187, -51.11252622 ], [ -72.40739525, -51.11030959 ], [ -72.40861913, -51.10766792 ], [ -72.40814296, -51.10502905 ], [ -72.40745331, -51.10332257 ], [ -72.40696907, -51.1017797 ], [ -72.40695351, -51.10011315 ], [ -72.40717984, -51.09882363 ], [ -72.40762283, -51.0976833 ], [ -72.40578857, -51.09526287 ], [ -72.4038392, -51.09255877 ], [ -72.40246184, -51.09063763 ], [ -72.39893494, -51.08865196 ], [ -72.3943666, -51.08452842 ], [ -72.39175017, -51.08303668 ], [ -72.38278794, -51.08150003 ], [ -72.37597852, -51.08009501 ], [ -72.37552275, -51.06561328 ], [ -72.37572288, -51.06240128 ], [ -72.3750912, -51.05419472 ], [ -72.37478354, -51.04413644 ], [ -72.37485792, -51.03956889 ], [ -72.37434345, -51.03172251 ], [ -72.37418255, -51.02601561 ], [ -72.37404008, -51.02382301 ], [ -72.37281434, -51.02364727 ], [ -72.37054931, -51.02347447 ], [ -72.36734173, -51.02312996 ], [ -72.36536549, -51.02355122 ], [ -72.36291881, -51.02433049 ], [ -72.36123325, -51.02540879 ], [ -72.36105153, -51.02636101 ], [ -72.36030616, -51.02749401 ], [ -72.35701727, -51.02910747 ], [ -72.35523059, -51.02970705 ], [ -72.352121, -51.03007537 ], [ -72.34778663, -51.0303261 ], [ -72.34335044, -51.0298637 ], [ -72.33919006, -51.0283287 ], [ -72.33663993, -51.02756071 ], [ -72.33371447, -51.02721505 ], [ -72.33041306, -51.02716553 ], [ -72.32645635, -51.02770957 ], [ -72.32429577, -51.0283703 ], [ -72.32372596, -51.02795643 ], [ -72.32305825, -51.02682927 ], [ -72.3223876, -51.02540486 ], [ -72.32078051, -51.02463274 ], [ -72.3189929, -51.0255293 ], [ -72.31730141, -51.02607103 ], [ -72.31494635, -51.02649483 ], [ -72.311834, -51.02644309 ], [ -72.30910178, -51.02645087 ], [ -72.30533519, -51.02735299 ], [ -72.30279391, -51.02812953 ], [ -72.30015737, -51.02861168 ], [ -72.29902491, -51.02843667 ], [ -72.29788789, -51.02772566 ], [ -72.29543784, -51.027733 ], [ -72.29277313, -51.02848316 ], [ -72.28940838, -51.0282257 ], [ -72.28742355, -51.02745638 ], [ -72.28411595, -51.02663079 ], [ -72.28053354, -51.02646264 ], [ -72.27658072, -51.02736519 ], [ -72.27460959, -51.0292718 ], [ -72.27198362, -51.03165446 ], [ -72.27094773, -51.0320123 ], [ -72.26812234, -51.03219782 ], [ -72.26529078, -51.03208629 ], [ -72.26535981, -51.02733026 ], [ -72.26485549, -51.02162403 ], [ -72.2644239, -51.01981515 ], [ -72.26503407, -50.99910583 ], [ -72.26503417, -50.99910567 ], [ -72.27178831, -50.98786547 ], [ -72.27212348, -50.97977998 ], [ -72.27213906, -50.97694378 ], [ -72.27260522, -50.97254812 ], [ -72.272728, -50.96941038 ], [ -72.27213958, -50.96696059 ], [ -72.27097404, -50.96350236 ], [ -72.26913284, -50.95920132 ], [ -72.26533419, -50.95035161 ], [ -72.26474096, -50.94744699 ], [ -72.26416041, -50.94499656 ], [ -72.26555691, -50.9422482 ], [ -72.26514305, -50.93973937 ], [ -72.26405346, -50.93759561 ], [ -72.26325866, -50.93501811 ], [ -72.26126045, -50.93163099 ], [ -72.25852877, -50.92420568 ], [ -72.25905528, -50.92204529 ], [ -72.25846946, -50.91999191 ], [ -72.25735447, -50.91823324 ], [ -72.25579921, -50.91687483 ], [ -72.2539303, -50.91375222 ], [ -72.25245796, -50.91170209 ], [ -72.25099211, -50.90895285 ], [ -72.25037448, -50.90652341 ], [ -72.25019636, -50.9044915 ], [ -72.25172328, -50.89567561 ], [ -72.25357593, -50.89355346 ], [ -72.25527152, -50.89223255 ], [ -72.25900303, -50.88901356 ], [ -72.25924011, -50.88690338 ], [ -72.25714002, -50.88374079 ], [ -72.25587392, -50.88212944 ], [ -72.25347045, -50.87790941 ], [ -72.25537047, -50.87055543 ], [ -72.25804038, -50.87024719 ], [ -72.26048143, -50.87029071 ], [ -72.26362578, -50.86975508 ], [ -72.26785084, -50.86892547 ], [ -72.27127033, -50.8684487 ], [ -72.27350583, -50.8670031 ], [ -72.27571759, -50.86524386 ], [ -72.27693861, -50.86236068 ], [ -72.27581048, -50.85921515 ], [ -72.27354354, -50.85126639 ], [ -72.27259802, -50.84664598 ], [ -72.27325225, -50.84310068 ], [ -72.27166697, -50.83997828 ], [ -72.27082107, -50.83718871 ], [ -72.27249153, -50.83552247 ], [ -72.27516226, -50.83396529 ], [ -72.27617503, -50.83205428 ], [ -72.28053899, -50.82446613 ], [ -72.28233393, -50.82182526 ], [ -72.28455208, -50.82003826 ], [ -72.28712593, -50.81745196 ], [ -72.28817126, -50.81556525 ], [ -72.28965847, -50.81332755 ], [ -72.29156634, -50.80976254 ], [ -72.2953725, -50.80596381 ], [ -72.30182666, -50.79852219 ], [ -72.3046412, -50.79519498 ], [ -72.30692343, -50.79187449 ], [ -72.30938801, -50.78877362 ], [ -72.3126597, -50.78620711 ], [ -72.31465804, -50.78493292 ], [ -72.31668194, -50.78375128 ], [ -72.31981513, -50.78184471 ], [ -72.32840605, -50.77568041 ], [ -72.3341069, -50.77210595 ], [ -72.33773628, -50.76927992 ], [ -72.34282721, -50.76713339 ], [ -72.34462679, -50.76576203 ], [ -72.34643408, -50.76437649 ], [ -72.35049334, -50.76070852 ], [ -72.356492, -50.75361582 ], [ -72.35636792, -50.75059714 ], [ -72.35533748, -50.74867042 ], [ -72.3550015, -50.74530384 ], [ -72.3541332, -50.74211556 ], [ -72.35456772, -50.73752832 ], [ -72.3539111, -50.73544515 ], [ -72.35257861, -50.73323189 ], [ -72.35203751, -50.73222498 ], [ -72.34851909, -50.72567765 ], [ -72.34558196, -50.72335526 ], [ -72.34402435, -50.72194435 ], [ -72.3422687, -50.71961649 ], [ -72.34017116, -50.71786609 ], [ -72.33718149, -50.71697645 ], [ -72.33510559, -50.71658981 ], [ -72.33251004, -50.71672735 ], [ -72.32782056, -50.71629923 ], [ -72.32440363, -50.71392945 ], [ -72.31536109, -50.70829053 ], [ -72.31352823, -50.70693298 ], [ -72.31086037, -50.70370475 ], [ -72.3083785, -50.70064176 ], [ -72.30725903, -50.69848303 ], [ -72.305954, -50.69580293 ], [ -72.30606155, -50.69335609 ], [ -72.30395302, -50.68183794 ], [ -72.17748387, -50.68652574 ], [ -71.50171561, -50.71157426 ], [ -70.86949832, -50.73015015 ], [ -70.72307387, -50.73445242 ], [ -70.64741491, -50.73667544 ], [ -70.60013036, -50.73784237 ], [ -70.40131452, -50.7427489 ], [ -69.96636217, -50.7521884 ], [ -69.15403847, -50.76548392 ], [ -69.15403699, -50.76524256 ], [ -69.13832394, -50.76556822 ], [ -69.13766511, -50.77110314 ], [ -69.1369537, -50.77449312 ], [ -69.13531852, -50.78195476 ], [ -69.13381069, -50.78674122 ], [ -69.13258755, -50.79145413 ], [ -69.1314127, -50.79815792 ], [ -69.13243593, -50.80194682 ], [ -69.13235269, -50.80555561 ], [ -69.13375278, -50.81231703 ], [ -69.13312405, -50.81785355 ], [ -69.13287771, -50.82845924 ], [ -69.12931792, -50.83883469 ], [ -69.12943763, -50.8480396 ], [ -69.13018501, -50.85258556 ], [ -69.12964006, -50.85508922 ], [ -69.1297514, -50.86260713 ], [ -69.13032082, -50.86825594 ], [ -69.13115942, -50.87151913 ], [ -69.13097638, -50.87245126 ], [ -69.13062495, -50.87839612 ], [ -69.13381287, -50.89791498 ], [ -69.13917356, -50.90367548 ], [ -69.1459151, -50.90786434 ], [ -69.14869134, -50.91112404 ], [ -69.15146099, -50.91338954 ], [ -69.15995922, -50.91891569 ], [ -69.16725089, -50.92088727 ], [ -69.17139678, -50.92087888 ], [ -69.17397682, -50.91982847 ], [ -69.16687326, -50.91884632 ], [ -69.16188715, -50.91611361 ], [ -69.15791198, -50.9126252 ], [ -69.15384931, -50.91064875 ], [ -69.15393245, -50.90762041 ], [ -69.15337435, -50.90593097 ], [ -69.15189679, -50.90511815 ], [ -69.14802642, -50.90588079 ], [ -69.14590372, -50.90425152 ], [ -69.15170494, -50.90307634 ], [ -69.15484052, -50.90423792 ], [ -69.15862676, -50.90673745 ], [ -69.16499267, -50.90847916 ], [ -69.17099927, -50.91225557 ], [ -69.17219963, -50.91336186 ], [ -69.17017213, -50.91342444 ], [ -69.16315469, -50.90964755 ], [ -69.16204358, -50.90854094 ], [ -69.16047776, -50.9081919 ], [ -69.16186516, -50.91022887 ], [ -69.16546478, -50.91179759 ], [ -69.1688858, -50.91429816 ], [ -69.17146988, -50.91534456 ], [ -69.17349845, -50.9156914 ], [ -69.17673325, -50.91801714 ], [ -69.17858846, -50.92075358 ], [ -69.18165577, -50.9229126 ], [ -69.18274818, -50.92395253 ], [ -69.18847905, -50.92691475 ], [ -69.19575558, -50.93217039 ], [ -69.19800335, -50.93383264 ], [ -69.20096525, -50.93604179 ], [ -69.20281376, -50.93767124 ], [ -69.20872856, -50.93998821 ], [ -69.21649526, -50.94440195 ], [ -69.22058754, -50.95173877 ], [ -69.22226899, -50.95569889 ], [ -69.22255045, -50.95692134 ], [ -69.22284893, -50.96140543 ], [ -69.22295559, -50.96467126 ], [ -69.22333852, -50.9672338 ], [ -69.22325872, -50.9701451 ], [ -69.22419666, -50.97293896 ], [ -69.22549325, -50.97410261 ], [ -69.22659699, -50.97340454 ], [ -69.22649921, -50.97241076 ], [ -69.22575599, -50.97130752 ], [ -69.22482392, -50.96932787 ], [ -69.22610679, -50.9672837 ], [ -69.2313414, -50.9623234 ], [ -69.23159613, -50.9580122 ], [ -69.23435829, -50.9567212 ], [ -69.23583649, -50.95701098 ], [ -69.24026367, -50.9570031 ], [ -69.24461663, -50.95996459 ], [ -69.25145778, -50.96245475 ], [ -69.25653395, -50.96302789 ], [ -69.25847306, -50.9631396 ], [ -69.26133041, -50.96290036 ], [ -69.2646598, -50.96394066 ], [ -69.26623637, -50.96521929 ], [ -69.26984057, -50.96655065 ], [ -69.27188029, -50.96782676 ], [ -69.2822357, -50.97130018 ], [ -69.28483282, -50.9734505 ], [ -69.28687165, -50.9746094 ], [ -69.29214711, -50.97745183 ], [ -69.2997298, -50.97958862 ], [ -69.30509347, -50.98068414 ], [ -69.31036784, -50.98282381 ], [ -69.31398105, -50.98485539 ], [ -69.31768004, -50.98589216 ], [ -69.32119967, -50.9875731 ], [ -69.32845454, -50.99530167 ], [ -69.33125024, -50.99913766 ], [ -69.33205101, -51.00077183 ], [ -69.33347609, -51.00243137 ], [ -69.33528094, -51.00438974 ], [ -69.33661073, -51.00568991 ], [ -69.3384067, -51.00646065 ], [ -69.33991652, -51.00699044 ], [ -69.34380103, -51.0094159 ], [ -69.34578521, -51.01036078 ], [ -69.3478657, -51.01107086 ], [ -69.34919014, -51.01201567 ], [ -69.34957942, -51.01350203 ], [ -69.35488448, -51.01717271 ], [ -69.3583904, -51.01924486 ], [ -69.35811407, -51.02037603 ], [ -69.35840647, -51.02120612 ], [ -69.36039324, -51.02226763 ], [ -69.36144527, -51.02428927 ], [ -69.36475488, -51.02570593 ], [ -69.3666502, -51.02682635 ], [ -69.36939507, -51.02812976 ], [ -69.37337561, -51.03055354 ], [ -69.37725681, -51.0325641 ], [ -69.38247278, -51.03599546 ], [ -69.38324739, -51.03842818 ], [ -69.3804322, -51.04040068 ], [ -69.38016665, -51.04230539 ], [ -69.37272248, -51.04304173 ], [ -69.37159801, -51.04423288 ], [ -69.37217226, -51.045007 ], [ -69.37228431, -51.04732304 ], [ -69.37437517, -51.04951723 ], [ -69.37448313, -51.05118094 ], [ -69.3767667, -51.05355356 ], [ -69.38350053, -51.05769383 ], [ -69.38825453, -51.06225292 ], [ -69.38856404, -51.06552571 ], [ -69.39170429, -51.0686071 ], [ -69.39402885, -51.07549554 ], [ -69.39613482, -51.07899367 ], [ -69.40467081, -51.08372236 ], [ -69.4071275, -51.0837132 ], [ -69.40900396, -51.08263783 ], [ -69.41503881, -51.0816664 ], [ -69.42051325, -51.08188217 ], [ -69.42401858, -51.08329996 ], [ -69.42724912, -51.08530887 ], [ -69.43140848, -51.08600627 ], [ -69.4335906, -51.08730785 ], [ -69.43341523, -51.08861367 ], [ -69.43549893, -51.08925909 ], [ -69.43870178, -51.08847444 ], [ -69.44134912, -51.08906158 ], [ -69.443161, -51.09077952 ], [ -69.44298336, -51.09214399 ], [ -69.44440698, -51.09279428 ], [ -69.44752835, -51.09331904 ], [ -69.44905126, -51.09467935 ], [ -69.44944901, -51.09675905 ], [ -69.45695995, -51.10196388 ], [ -69.45494359, -51.10809286 ], [ -69.45751188, -51.10986767 ], [ -69.4584734, -51.11188458 ], [ -69.46112361, -51.11217411 ], [ -69.4653681, -51.11179899 ], [ -69.4658505, -51.11269031 ], [ -69.46472948, -51.11382368 ], [ -69.46226512, -51.11317738 ], [ -69.45941896, -51.11373585 ], [ -69.45719198, -51.11286925 ], [ -69.45457492, -51.11179471 ], [ -69.45279359, -51.11030476 ], [ -69.44994389, -51.10876596 ], [ -69.44096382, -51.10814692 ], [ -69.43861792, -51.10952329 ], [ -69.44014025, -51.11100527 ], [ -69.44278341, -51.11058003 ], [ -69.44326966, -51.11206528 ], [ -69.4423406, -51.11373236 ], [ -69.43809525, -51.11446221 ], [ -69.43430394, -51.11298858 ], [ -69.43306185, -51.11138754 ], [ -69.43433918, -51.10662748 ], [ -69.43319681, -51.10556098 ], [ -69.43054504, -51.10497388 ], [ -69.42781485, -51.1058762 ], [ -69.42440769, -51.10499763 ], [ -69.4227907, -51.1037547 ], [ -69.42399937, -51.10173033 ], [ -69.42682683, -51.10106575 ], [ -69.42511251, -51.09958521 ], [ -69.42038927, -51.0993642 ], [ -69.41416757, -51.10039566 ], [ -69.40971702, -51.09928162 ], [ -69.40554374, -51.09691904 ], [ -69.39993244, -51.09229966 ], [ -69.39687629, -51.08826874 ], [ -69.39355131, -51.08572414 ], [ -69.38266094, -51.0818933 ], [ -69.38056929, -51.07704405 ], [ -69.37977553, -51.07530541 ], [ -69.37454009, -51.06984975 ], [ -69.36486743, -51.06369599 ], [ -69.35671588, -51.05926305 ], [ -69.34095583, -51.05153603 ], [ -69.33923459, -51.04986567 ], [ -69.33783058, -51.04829503 ], [ -69.33482519, -51.04595197 ], [ -69.33132393, -51.04423436 ], [ -69.32603006, -51.04258707 ], [ -69.31173583, -51.03471811 ], [ -69.3091736, -51.03204889 ], [ -69.30802531, -51.02967201 ], [ -69.29769467, -51.02143355 ], [ -69.29372093, -51.0191284 ], [ -69.28927731, -51.01688001 ], [ -69.28388984, -51.01469143 ], [ -69.28030164, -51.01374657 ], [ -69.27739586, -51.01346682 ], [ -69.2705738, -51.01073849 ], [ -69.26491191, -51.00938287 ], [ -69.26302489, -51.00861591 ], [ -69.25801245, -51.00559596 ], [ -69.25263057, -51.00358568 ], [ -69.24523453, -50.99913668 ], [ -69.2438402, -50.99861251 ], [ -69.24257467, -50.99782089 ], [ -69.24085836, -50.99725593 ], [ -69.23986199, -50.99668835 ], [ -69.23814544, -50.99646537 ], [ -69.23362697, -50.99470946 ], [ -69.23101048, -50.99391807 ], [ -69.22983307, -50.9930631 ], [ -69.21989035, -50.98847389 ], [ -69.21753946, -50.98745201 ], [ -69.21302472, -50.98587063 ], [ -69.20796522, -50.98399864 ], [ -69.2053405, -50.98167263 ], [ -69.20388971, -50.97956748 ], [ -69.20370147, -50.97752101 ], [ -69.20405503, -50.97598115 ], [ -69.20486427, -50.9756365 ], [ -69.20548933, -50.97455466 ], [ -69.20422533, -50.97421706 ], [ -69.20260088, -50.97382217 ], [ -69.19998702, -50.97359697 ], [ -69.19701118, -50.97308949 ], [ -69.19475856, -50.97338044 ], [ -69.18998415, -50.97469652 ], [ -69.18169425, -50.97533521 ], [ -69.17790686, -50.97534285 ], [ -69.16862732, -50.97706363 ], [ -69.16664961, -50.97843294 ], [ -69.16359309, -50.98139384 ], [ -69.16018595, -50.98601118 ], [ -69.15758281, -50.98965439 ], [ -69.15615035, -50.99296113 ], [ -69.15454615, -50.99913955 ], [ -69.15473413, -51.00092891 ], [ -69.15408476, -51.0039062 ], [ -69.15418626, -51.00628129 ], [ -69.15437334, -51.00860236 ], [ -69.15385539, -51.01060972 ], [ -69.15331389, -51.0135678 ], [ -69.15299386, -51.01668966 ], [ -69.15183192, -51.01908654 ], [ -69.15206807, -51.02150852 ], [ -69.1510761, -51.02480989 ], [ -69.15076467, -51.0269773 ], [ -69.15020589, -51.02929729 ], [ -69.14955351, -51.03126222 ], [ -69.14834713, -51.03679334 ], [ -69.14768612, -51.03756624 ], [ -69.14778673, -51.0387534 ], [ -69.14863921, -51.03982436 ], [ -69.149116, -51.04166665 ], [ -69.14921291, -51.04255702 ], [ -69.14686094, -51.04476018 ], [ -69.14695656, -51.04553362 ], [ -69.14762137, -51.04672249 ], [ -69.14705857, -51.04791319 ], [ -69.14706808, -51.04975765 ], [ -69.14603414, -51.05154021 ], [ -69.14499831, -51.05231486 ], [ -69.14509455, -51.05314677 ], [ -69.14642355, -51.05516909 ], [ -69.14718501, -51.05748685 ], [ -69.14645637, -51.06610666 ], [ -69.14533385, -51.06848786 ], [ -69.14363844, -51.0699183 ], [ -69.14203398, -51.07039443 ], [ -69.13901623, -51.07093154 ], [ -69.13808159, -51.07408575 ], [ -69.1382777, -51.07604637 ], [ -69.13696167, -51.07813168 ], [ -69.13715562, -51.07937694 ], [ -69.13611996, -51.08080398 ], [ -69.13612224, -51.08181634 ], [ -69.13414966, -51.08514668 ], [ -69.13377606, -51.08663782 ], [ -69.13369091, -51.08925225 ], [ -69.13473319, -51.09002534 ], [ -69.13549219, -51.09186632 ], [ -69.13464561, -51.09358938 ], [ -69.13295207, -51.09525803 ], [ -69.13191779, -51.09680645 ], [ -69.13192495, -51.09965901 ], [ -69.13306488, -51.10138095 ], [ -69.13335144, -51.10197785 ], [ -69.13306878, -51.1034012 ], [ -69.13316773, -51.10500696 ], [ -69.13232304, -51.1063159 ], [ -69.13232911, -51.10792205 ], [ -69.12978344, -51.11036448 ], [ -69.1295989, -51.11190865 ], [ -69.12998254, -51.11398992 ], [ -69.12894841, -51.11559679 ], [ -69.13046528, -51.11797392 ], [ -69.13094487, -51.11999614 ], [ -69.1302884, -51.12207814 ], [ -69.1302012, -51.12427418 ], [ -69.12775349, -51.12689589 ], [ -69.12804785, -51.13183029 ], [ -69.1268244, -51.13319961 ], [ -69.12135212, -51.13653366 ], [ -69.12040822, -51.13742473 ], [ -69.11984561, -51.13873674 ], [ -69.11871595, -51.14051952 ], [ -69.11900658, -51.1428982 ], [ -69.11834725, -51.1436708 ], [ -69.11740195, -51.14444491 ], [ -69.11693574, -51.14605335 ], [ -69.11618163, -51.14700191 ], [ -69.1150529, -51.14914459 ], [ -69.11309673, -51.15478657 ], [ -69.11252284, -51.15895655 ], [ -69.11309594, -51.1619279 ], [ -69.11537186, -51.16424743 ], [ -69.11509324, -51.1660305 ], [ -69.11426779, -51.16733377 ], [ -69.11396538, -51.1688841 ], [ -69.11236144, -51.1699582 ], [ -69.11208268, -51.17174127 ], [ -69.11066645, -51.17328699 ], [ -69.10934737, -51.17572757 ], [ -69.10623178, -51.17852326 ], [ -69.10501069, -51.18138163 ], [ -69.10425523, -51.18197468 ], [ -69.10406856, -51.1839959 ], [ -69.10331421, -51.18524586 ], [ -69.10161349, -51.18608187 ], [ -69.10190258, -51.18780368 ], [ -69.10114872, -51.18881511 ], [ -69.1014331, -51.19012319 ], [ -69.10077282, -51.1914897 ], [ -69.09812646, -51.19291963 ], [ -69.09491166, -51.19381674 ], [ -69.09245617, -51.19631201 ], [ -69.09085272, -51.1990507 ], [ -69.09123967, -51.20178438 ], [ -69.08906794, -51.20493972 ], [ -69.08831075, -51.20541575 ], [ -69.08793605, -51.20737475 ], [ -69.08538378, -51.20898394 ], [ -69.08528969, -51.21011381 ], [ -69.08453628, -51.21124209 ], [ -69.08463283, -51.21302798 ], [ -69.08255522, -51.21576428 ], [ -69.08209243, -51.22058073 ], [ -69.0822849, -51.22265861 ], [ -69.08190726, -51.22373127 ], [ -69.08086667, -51.22450551 ], [ -69.08049272, -51.22652743 ], [ -69.0789793, -51.22735781 ], [ -69.07860099, -51.22837199 ], [ -69.07879351, -51.23015289 ], [ -69.07794453, -51.23170008 ], [ -69.07661791, -51.2322372 ], [ -69.07595937, -51.23354496 ], [ -69.07577135, -51.23461671 ], [ -69.0743546, -51.23699442 ], [ -69.07322966, -51.2444282 ], [ -69.07266219, -51.24585719 ], [ -69.07285482, -51.24829055 ], [ -69.07210439, -51.25096651 ], [ -69.07030872, -51.25376437 ], [ -69.07078461, -51.25584551 ], [ -69.06946303, -51.25846118 ], [ -69.06975068, -51.26071861 ], [ -69.06861271, -51.26184878 ], [ -69.06757107, -51.26262294 ], [ -69.06691285, -51.2642906 ], [ -69.06720339, -51.26928377 ], [ -69.06502699, -51.27184034 ], [ -69.0647424, -51.27297108 ], [ -69.06474738, -51.27433876 ], [ -69.06285724, -51.27873882 ], [ -69.0610585, -51.28046571 ], [ -69.05888145, -51.28427313 ], [ -69.05897886, -51.28498354 ], [ -69.05793805, -51.2868285 ], [ -69.05784273, -51.2878999 ], [ -69.05670798, -51.28974073 ], [ -69.05661373, -51.29092907 ], [ -69.05633082, -51.29253668 ], [ -69.05576714, -51.29598577 ], [ -69.05444068, -51.29735505 ], [ -69.05349575, -51.30044593 ], [ -69.05349717, -51.30216927 ], [ -69.05283604, -51.30336001 ], [ -69.05037232, -51.30514371 ], [ -69.04990297, -51.31067126 ], [ -69.04668478, -51.31816819 ], [ -69.04479334, -51.32244647 ], [ -69.04337209, -51.32476546 ], [ -69.04308839, -51.32767799 ], [ -69.04166823, -51.33041538 ], [ -69.04147853, -51.33208111 ], [ -69.03872923, -51.33547222 ], [ -69.0357926, -51.34052436 ], [ -69.0349395, -51.34135592 ], [ -69.03503251, -51.34260654 ], [ -69.03370454, -51.34367864 ], [ -69.0320966, -51.34878797 ], [ -69.03228703, -51.35009655 ], [ -69.02972501, -51.35497615 ], [ -69.02972726, -51.35687492 ], [ -69.03010841, -51.35788567 ], [ -69.02953839, -51.3616319 ], [ -69.02887538, -51.36276408 ], [ -69.02840335, -51.36430936 ], [ -69.02916323, -51.36644799 ], [ -69.02849936, -51.36817418 ], [ -69.02735943, -51.36947946 ], [ -69.02707615, -51.37084851 ], [ -69.02536703, -51.37233615 ], [ -69.02489165, -51.37358461 ], [ -69.02451409, -51.37721288 ], [ -69.02366144, -51.37881828 ], [ -69.02014863, -51.3831572 ], [ -69.01815384, -51.38458296 ], [ -69.01796227, -51.38648721 ], [ -69.01815431, -51.38898366 ], [ -69.01635107, -51.39183941 ], [ -69.01397481, -51.39326674 ], [ -69.01363452, -51.39647456 ], [ -69.01213883, -51.39841896 ], [ -69.01113012, -51.40032027 ], [ -69.00884367, -51.40497814 ], [ -69.00780046, -51.4067012 ], [ -69.00684975, -51.40896396 ], [ -69.00399755, -51.4124719 ], [ -69.00266572, -51.41520418 ], [ -69.00128387, -51.41654412 ], [ -68.99761014, -51.42404931 ], [ -68.99596938, -51.43963945 ], [ -68.99531342, -51.44360583 ], [ -68.99399567, -51.45133191 ], [ -68.98337469, -51.46835861 ], [ -68.97997669, -51.47554302 ], [ -68.97767625, -51.47827503 ], [ -68.97526476, -51.48354146 ], [ -68.97318148, -51.48675271 ], [ -68.97120686, -51.48955791 ], [ -68.96923158, -51.49502688 ], [ -68.9646251, -51.50234448 ], [ -68.96045356, -51.51150704 ], [ -68.95267506, -51.52866896 ], [ -68.9510058, -51.53338853 ], [ -68.94858536, -51.53838028 ], [ -68.94572298, -51.5471966 ], [ -68.94505986, -51.55164441 ], [ -68.94751867, -51.55512805 ], [ -68.95117829, -51.55926146 ], [ -68.95283821, -51.56217821 ], [ -68.95667158, -51.56867393 ], [ -68.96160581, -51.5729851 ], [ -68.96895605, -51.57852719 ], [ -68.97773349, -51.58222305 ], [ -68.97916346, -51.58249643 ], [ -68.98069849, -51.58194997 ], [ -68.98135588, -51.58112891 ], [ -68.98157671, -51.57948874 ], [ -68.98256704, -51.57620732 ], [ -68.98377302, -51.57415227 ], [ -68.98695856, -51.57101045 ], [ -68.9881664, -51.56971119 ], [ -68.98882514, -51.56799908 ], [ -68.99507959, -51.56204948 ], [ -69.001289, -51.5591126 ], [ -69.00128937, -51.55911241 ], [ -69.00129004, -51.55911207 ], [ -69.00450204, -51.55834421 ], [ -69.00733833, -51.55825702 ], [ -69.00923122, -51.55859622 ], [ -69.01274268, -51.55758325 ], [ -69.01517366, -51.55808817 ], [ -69.02476639, -51.55867871 ], [ -69.03341389, -51.55951523 ], [ -69.03733594, -51.55993824 ], [ -69.04274054, -51.56103148 ], [ -69.04773996, -51.5627124 ], [ -69.0507129, -51.56321556 ], [ -69.05531192, -51.56481339 ], [ -69.06004151, -51.56641327 ], [ -69.06694036, -51.57011435 ], [ -69.07140375, -51.57314505 ], [ -69.07600644, -51.57659134 ], [ -69.08128945, -51.582738 ], [ -69.08480814, -51.58568236 ], [ -69.08724503, -51.58812496 ], [ -69.08995407, -51.59022485 ], [ -69.09753057, -51.59316896 ], [ -69.1018639, -51.59552138 ], [ -69.10765283, -51.59675926 ], [ -69.11011785, -51.59728638 ], [ -69.11255331, -51.59863058 ], [ -69.11837189, -51.5991273 ], [ -69.12175558, -51.60005271 ], [ -69.12608704, -51.60181487 ], [ -69.13474312, -51.6023961 ], [ -69.14028867, -51.60188457 ], [ -69.14569606, -51.60179403 ], [ -69.15461803, -51.60060482 ], [ -69.1652923, -51.59755854 ], [ -69.17395603, -51.59572893 ], [ -69.18123382, -51.59391344 ], [ -69.19811535, -51.58941976 ], [ -69.20638441, -51.58698923 ], [ -69.20878294, -51.58628423 ], [ -69.21958444, -51.58289756 ], [ -69.22255188, -51.58196564 ], [ -69.2409175, -51.57847562 ], [ -69.24643635, -51.57391471 ], [ -69.2520897, -51.56994485 ], [ -69.27083984, -51.56358975 ], [ -69.27435076, -51.56315833 ], [ -69.27718286, -51.56230874 ], [ -69.28107369, -51.56073615 ], [ -69.28327064, -51.56004654 ], [ -69.28918016, -51.55798712 ], [ -69.29634019, -51.55805166 ], [ -69.3067365, -51.55659559 ], [ -69.31872714, -51.55210018 ], [ -69.3276431, -51.5518203 ], [ -69.33749852, -51.55095326 ], [ -69.34411706, -51.55076518 ], [ -69.347771, -51.55167836 ], [ -69.35290836, -51.55225428 ], [ -69.35602537, -51.55350692 ], [ -69.36345892, -51.55390347 ], [ -69.36914407, -51.5549844 ], [ -69.37414863, -51.55589516 ], [ -69.38090073, -51.55570221 ], [ -69.38536628, -51.55644841 ], [ -69.3905057, -51.55685155 ], [ -69.39254173, -51.55810834 ], [ -69.39700705, -51.55884961 ], [ -69.40235072, -51.56167133 ], [ -69.41003248, -51.56503967 ], [ -69.41654325, -51.56762573 ], [ -69.42413665, -51.57012494 ], [ -69.43778947, -51.57057983 ], [ -69.44091542, -51.57250487 ], [ -69.44253277, -51.57199267 ], [ -69.44551862, -51.57341224 ], [ -69.44811195, -51.57567701 ], [ -69.45811628, -51.57606075 ], [ -69.46124234, -51.57764771 ], [ -69.46598365, -51.5788077 ], [ -69.47437853, -51.57995419 ], [ -69.47981346, -51.58262792 ], [ -69.48469318, -51.58378849 ], [ -69.49280813, -51.5842561 ], [ -69.49581922, -51.58429582 ], [ -69.49918567, -51.58633651 ], [ -69.5005556, -51.58793009 ], [ -69.50367451, -51.58884575 ], [ -69.5094885, -51.58890465 ], [ -69.51220894, -51.59049038 ], [ -69.51220815, -51.59040941 ], [ -69.51464769, -51.59081805 ], [ -69.51676908, -51.59205451 ], [ -69.51900758, -51.59357695 ], [ -69.52098846, -51.59604538 ], [ -69.52419833, -51.59818864 ], [ -69.52826107, -51.59892496 ], [ -69.52973828, -51.5979918 ], [ -69.53284987, -51.59789444 ], [ -69.53610859, -51.59914351 ], [ -69.54019997, -51.60197968 ], [ -69.54696548, -51.60220854 ], [ -69.55133019, -51.60530358 ], [ -69.55379636, -51.60798734 ], [ -69.55922215, -51.60914127 ], [ -69.56381646, -51.60886987 ], [ -69.5799863, -51.614514 ], [ -69.58540074, -51.61465918 ], [ -69.58812373, -51.61615757 ], [ -69.59475887, -51.6167151 ], [ -69.60074998, -51.61955009 ], [ -69.60970909, -51.62160938 ], [ -69.6178861, -51.62603026 ], [ -69.61382622, -51.626134 ], [ -69.61164297, -51.62462817 ], [ -69.60538507, -51.62230389 ], [ -69.59889131, -51.62225206 ], [ -69.59332033, -51.62034297 ], [ -69.58869125, -51.61834452 ], [ -69.58083595, -51.61762579 ], [ -69.57571696, -51.6191696 ], [ -69.57216781, -51.61665967 ], [ -69.56175828, -51.6174695 ], [ -69.55457848, -51.61674259 ], [ -69.55104323, -51.61524395 ], [ -69.52859076, -51.61551436 ], [ -69.52362707, -51.60745157 ], [ -69.51669626, -51.60436808 ], [ -69.50015834, -51.60123825 ], [ -69.49858939, -51.60111751 ], [ -69.44549573, -51.58966981 ], [ -69.4110805, -51.5815336 ], [ -69.37303109, -51.57231609 ], [ -69.36825648, -51.57098622 ], [ -69.36825298, -51.57140861 ], [ -69.36811432, -51.58815022 ], [ -69.36809672, -51.59027588 ], [ -69.36801347, -51.61021022 ], [ -69.36823234, -51.61875581 ], [ -69.3635886, -51.6187319 ], [ -69.36360599, -51.62992328 ], [ -69.36361799, -51.63197675 ], [ -69.36366433, -51.63990377 ], [ -69.36349025, -51.64035251 ], [ -69.36358223, -51.65429743 ], [ -69.36382279, -51.65433524 ], [ -69.36386041, -51.65708168 ], [ -69.35204333, -51.6554611 ], [ -69.33890846, -51.65362635 ], [ -69.32623423, -51.67125041 ], [ -69.31021368, -51.69339045 ], [ -69.30684772, -51.69808495 ], [ -69.3062023, -51.69900461 ], [ -69.30590892, -51.69891389 ], [ -69.30552543, -51.6989334 ], [ -69.30521138, -51.69900474 ], [ -69.30466088, -51.69946239 ], [ -69.30441695, -51.69961608 ], [ -69.30420483, -51.69976289 ], [ -69.30390537, -51.69982024 ], [ -69.30346337, -51.69987116 ], [ -69.30321345, -51.69999181 ], [ -69.30319279, -51.69999816 ], [ -69.30292554, -51.70004887 ], [ -69.3026934, -51.6999665 ], [ -69.30248036, -51.69991574 ], [ -69.30219184, -51.70000459 ], [ -69.30180479, -51.69995388 ], [ -69.30124408, -51.69992854 ], [ -69.30096468, -51.70000469 ], [ -69.30072519, -51.70011234 ], [ -69.30067715, -51.70028277 ], [ -69.3003849, -51.70046514 ], [ -69.30036907, -51.70060925 ], [ -69.30048852, -51.70066551 ], [ -69.30102427, -51.70116089 ], [ -69.30099643, -51.70139883 ], [ -69.30076705, -51.70155306 ], [ -69.30008895, -51.70158081 ], [ -69.29872012, -51.7014205 ], [ -69.29771116, -51.70118447 ], [ -69.29715835, -51.70105686 ], [ -69.2966814, -51.70082176 ], [ -69.29698488, -51.70073442 ], [ -69.29703906, -51.70060006 ], [ -69.29683311, -51.70047915 ], [ -69.29634609, -51.70035998 ], [ -69.29568733, -51.70024897 ], [ -69.29532647, -51.70012989 ], [ -69.29512401, -51.70005604 ], [ -69.2947436, -51.69972239 ], [ -69.29473031, -51.69951189 ], [ -69.2948712, -51.69937082 ], [ -69.29518661, -51.69928822 ], [ -69.29536977, -51.69928348 ], [ -69.29565156, -51.69911553 ], [ -69.29595503, -51.69906178 ], [ -69.29635606, -51.69908863 ], [ -69.29663556, -51.69905072 ], [ -69.29674624, -51.6989677 ], [ -69.29663784, -51.69878633 ], [ -69.29641022, -51.69866542 ], [ -69.29593332, -51.69859155 ], [ -69.2955585, -51.69853967 ], [ -69.29503021, -51.69847467 ], [ -69.29474109, -51.6984438 ], [ -69.29433857, -51.69848147 ], [ -69.29355972, -51.69848413 ], [ -69.29327792, -51.69830276 ], [ -69.29305031, -51.69814154 ], [ -69.29275768, -51.69802734 ], [ -69.29210857, -51.6980156 ], [ -69.29164929, -51.69813122 ], [ -69.29126839, -51.69811854 ], [ -69.29095898, -51.69797679 ], [ -69.29074058, -51.69776266 ], [ -69.2900469, -51.69751367 ], [ -69.2892493, -51.6972815 ], [ -69.28837954, -51.69719821 ], [ -69.28790379, -51.69715883 ], [ -69.28737806, -51.69690644 ], [ -69.28657068, -51.69670956 ], [ -69.2856738, -51.69680505 ], [ -69.28535279, -51.69697115 ], [ -69.2852902, -51.69728529 ], [ -69.28550029, -51.69742515 ], [ -69.28564691, -51.69745875 ], [ -69.28601818, -51.69755158 ], [ -69.28619892, -51.69798819 ], [ -69.28603718, -51.69823135 ], [ -69.28555679, -51.69864968 ], [ -69.28548032, -51.69896497 ], [ -69.28540778, -51.69943417 ], [ -69.28501529, -51.6997937 ], [ -69.28458474, -51.69994715 ], [ -69.28422641, -51.69998452 ], [ -69.28390517, -51.70001802 ], [ -69.28239056, -51.69989838 ], [ -69.28188603, -51.69986501 ], [ -69.28156598, -51.69984384 ], [ -69.28196475, -51.70037889 ], [ -69.28338713, -51.70238814 ], [ -69.28352187, -51.70257846 ], [ -69.28582214, -51.70621438 ], [ -69.28792391, -51.71072674 ], [ -69.28867848, -51.71219813 ], [ -69.28443154, -51.7112236 ], [ -69.27820979, -51.70994667 ], [ -69.27601266, -51.70950162 ], [ -69.2702404, -51.70886602 ], [ -69.26484811, -51.70829185 ], [ -69.25772725, -51.70703516 ], [ -69.22114436, -51.70009514 ], [ -69.22086847, -51.69337879 ], [ -69.22075489, -51.69153878 ], [ -69.21710851, -51.68678701 ], [ -69.21477183, -51.68423084 ], [ -69.2087188, -51.68168908 ], [ -69.20031088, -51.67986791 ], [ -69.18694012, -51.67813814 ], [ -69.17345817, -51.67298474 ], [ -69.16455653, -51.66893599 ], [ -69.15633203, -51.6643869 ], [ -69.14830473, -51.66091125 ], [ -69.13787268, -51.65493551 ], [ -69.13346886, -51.65159182 ], [ -69.12938332, -51.64808108 ], [ -69.12744386, -51.64467996 ], [ -69.12743531, -51.64460795 ], [ -69.12664996, -51.63799577 ], [ -69.1279957, -51.6352408 ], [ -69.13040498, -51.63281423 ] ], [ [ -72.22255883, -51.57285995 ], [ -72.22544332, -51.58277557 ], [ -72.22999181, -51.59841123 ], [ -72.21835998, -51.60182306 ], [ -72.21567592, -51.60233616 ], [ -72.21533164, -51.60229551 ], [ -72.20004854, -51.60049081 ], [ -72.19956985, -51.59991118 ], [ -72.19947806, -51.5997433 ], [ -72.1993863, -51.59957514 ], [ -72.19934834, -51.59935885 ], [ -72.19931228, -51.59914345 ], [ -72.19928827, -51.59897513 ], [ -72.19938969, -51.5987987 ], [ -72.19956041, -51.59866014 ], [ -72.19973957, -51.59856552 ], [ -72.19998854, -51.59850965 ], [ -72.20024319, -51.59849565 ], [ -72.20056656, -51.59848282 ], [ -72.20082234, -51.5984322 ], [ -72.20107293, -51.59833836 ], [ -72.20131862, -51.59820102 ], [ -72.20149932, -51.59806516 ], [ -72.2016092, -51.59788731 ], [ -72.20171755, -51.59770642 ], [ -72.20182237, -51.59751978 ], [ -72.20179774, -51.59734009 ], [ -72.20184251, -51.59716142 ], [ -72.20188772, -51.59698248 ], [ -72.20199556, -51.59679504 ], [ -72.20210411, -51.59660707 ], [ -72.20236245, -51.59650989 ], [ -72.20255497, -51.5964157 ], [ -72.20289262, -51.59640692 ], [ -72.20314873, -51.59634088 ], [ -72.20318231, -51.59609877 ], [ -72.2032883, -51.59589758 ], [ -72.20326285, -51.59570613 ], [ -72.20323088, -51.59546562 ], [ -72.20307267, -51.59528341 ], [ -72.20298025, -51.59509497 ], [ -72.20282107, -51.59491151 ], [ -72.20279432, -51.5947159 ], [ -72.20290083, -51.59450769 ], [ -72.20307492, -51.59429236 ], [ -72.20325662, -51.59412545 ], [ -72.20343285, -51.59390765 ], [ -72.20361461, -51.59369643 ], [ -72.20381487, -51.5935943 ], [ -72.20399628, -51.59333827 ], [ -72.20426306, -51.59318382 ], [ -72.20437513, -51.59292582 ], [ -72.20434382, -51.59266619 ], [ -72.20439084, -51.5924574 ], [ -72.20443812, -51.59224769 ], [ -72.20440823, -51.59198708 ], [ -72.20423828, -51.59177654 ], [ -72.20406778, -51.59156552 ], [ -72.20382946, -51.59140582 ], [ -72.20373058, -51.59119322 ], [ -72.20355676, -51.59097738 ], [ -72.20338237, -51.59076105 ], [ -72.20335437, -51.59054318 ], [ -72.20325243, -51.59032448 ], [ -72.20329796, -51.59010421 ], [ -72.20341787, -51.58988259 ], [ -72.20346403, -51.58966013 ], [ -72.20366641, -51.58949198 ], [ -72.20395092, -51.58937902 ], [ -72.20423616, -51.58926577 ], [ -72.20452852, -51.58920852 ], [ -72.20482126, -51.5891512 ], [ -72.2050342, -51.58903954 ], [ -72.20531786, -51.5888738 ], [ -72.20545137, -51.58870573 ], [ -72.20542746, -51.58847645 ], [ -72.2053974, -51.58818819 ], [ -72.20536781, -51.58789992 ], [ -72.20533849, -51.5876111 ], [ -72.20531491, -51.58737875 ], [ -72.20536768, -51.58714512 ], [ -72.20565652, -51.5869689 ], [ -72.20587525, -51.58685101 ], [ -72.20616642, -51.5866752 ], [ -72.20646478, -51.58656096 ], [ -72.20653659, -51.58650178 ], [ -72.20625497, -51.58595767 ], [ -72.20544642, -51.58591049 ], [ -72.20535109, -51.58590978 ], [ -72.20467521, -51.58583627 ], [ -72.20472687, -51.584776 ], [ -72.2049874, -51.5845625 ], [ -72.20513425, -51.58420414 ], [ -72.2050884, -51.58384287 ], [ -72.20505235, -51.58355402 ], [ -72.20501454, -51.58326049 ], [ -72.20497806, -51.58296875 ], [ -72.20525136, -51.5828211 ], [ -72.20572272, -51.58267849 ], [ -72.20620468, -51.58261188 ], [ -72.20648178, -51.58246728 ], [ -72.20674227, -51.5821723 ], [ -72.20701244, -51.58195138 ], [ -72.20739059, -51.58180696 ], [ -72.20775476, -51.581514 ], [ -72.20783012, -51.58128843 ], [ -72.20779108, -51.58090917 ], [ -72.20766001, -51.58060237 ], [ -72.2073432, -51.5804401 ], [ -72.20692847, -51.58028365 ], [ -72.20652051, -51.58020175 ], [ -72.20602055, -51.58019467 ], [ -72.20554151, -51.58034769 ], [ -72.20516467, -51.5805046 ], [ -72.20477846, -51.58058317 ], [ -72.2043703, -51.58050291 ], [ -72.20395129, -51.58034569 ], [ -72.20364226, -51.58026757 ], [ -72.20312443, -51.58011496 ], [ -72.20278578, -51.57981344 ], [ -72.20245652, -51.57958775 ], [ -72.20231408, -51.57928139 ], [ -72.20237194, -51.57897395 ], [ -72.20277075, -51.57896829 ], [ -72.20316986, -51.57896301 ], [ -72.20356983, -51.57895939 ], [ -72.20405918, -51.57887526 ], [ -72.20445092, -51.57879619 ], [ -72.20483475, -51.57864143 ], [ -72.2052372, -51.57864093 ], [ -72.20571426, -51.57840765 ], [ -72.20608932, -51.57816658 ], [ -72.20615472, -51.57784899 ], [ -72.20602712, -51.57761166 ], [ -72.20569503, -51.57737155 ], [ -72.20534209, -51.5769677 ], [ -72.20530338, -51.57664251 ], [ -72.2055827, -51.57640071 ], [ -72.20597486, -51.57623985 ], [ -72.20648803, -51.57624122 ], [ -72.20678724, -51.57616037 ], [ -72.20728223, -51.57599291 ], [ -72.20757312, -51.57582594 ], [ -72.20796005, -51.5755769 ], [ -72.20803173, -51.57524717 ], [ -72.20820601, -51.57491136 ], [ -72.20818232, -51.57466065 ], [ -72.2081428, -51.57424118 ], [ -72.20791062, -51.57398914 ], [ -72.20736574, -51.57374158 ], [ -72.20684546, -51.57374841 ], [ -72.2064277, -51.5737489 ], [ -72.20590555, -51.57374964 ], [ -72.20539319, -51.57377776 ], [ -72.20534822, -51.57336335 ], [ -72.20530299, -51.57294649 ], [ -72.20525303, -51.5724563 ], [ -72.20566147, -51.57235984 ], [ -72.20606268, -51.57223914 ], [ -72.20637211, -51.57221617 ], [ -72.20688652, -51.57211304 ], [ -72.20729041, -51.57193248 ], [ -72.20757367, -51.57158045 ], [ -72.20754136, -51.57123475 ], [ -72.20751114, -51.57089519 ], [ -72.20747192, -51.57046419 ], [ -72.20744106, -51.57011993 ], [ -72.20751629, -51.56976939 ], [ -72.20791873, -51.56948923 ], [ -72.20832359, -51.569151 ], [ -72.20850804, -51.56878895 ], [ -72.20880923, -51.56851408 ], [ -72.20923458, -51.56841796 ], [ -72.20966056, -51.5683217 ], [ -72.21008043, -51.56813444 ], [ -72.21050796, -51.56803776 ], [ -72.21072514, -51.5680349 ], [ -72.2152755, -51.5702234 ], [ -72.22255883, -51.57285995 ] ], [ [ -72.33715807, -51.54321601 ], [ -72.3360123, -51.54318272 ], [ -72.33601205, -51.54317035 ], [ -72.33356276, -51.5432137 ], [ -72.33076154, -51.54184794 ], [ -72.3227905, -51.53849202 ], [ -72.32448257, -51.53341751 ], [ -72.32573814, -51.53143632 ], [ -72.32773982, -51.52977119 ], [ -72.3295193, -51.52885527 ], [ -72.33239311, -51.52795144 ], [ -72.33524143, -51.52727171 ], [ -72.33781494, -51.52746713 ], [ -72.33957253, -51.52760655 ], [ -72.34411093, -51.52819933 ], [ -72.3457375, -51.52839466 ], [ -72.3461973, -51.52847809 ], [ -72.34678648, -51.528585 ], [ -72.34812751, -51.52939625 ], [ -72.34978601, -51.52936125 ], [ -72.35175958, -51.52900421 ], [ -72.35257013, -51.52930303 ], [ -72.35381374, -51.52966687 ], [ -72.35520004, -51.53009346 ], [ -72.35474575, -51.53087902 ], [ -72.35432335, -51.53160413 ], [ -72.35528743, -51.53195897 ], [ -72.35499465, -51.53340205 ], [ -72.3549842, -51.53354568 ], [ -72.35496337, -51.53383212 ], [ -72.35493744, -51.53418864 ], [ -72.35524228, -51.53571635 ], [ -72.35523333, -51.53585312 ], [ -72.35510352, -51.53626545 ], [ -72.35461119, -51.53762099 ], [ -72.3545865, -51.53802076 ], [ -72.35456454, -51.53841475 ], [ -72.35438278, -51.53978993 ], [ -72.35426099, -51.5401194 ], [ -72.35403194, -51.54057882 ], [ -72.35395353, -51.54297169 ], [ -72.35430781, -51.54327085 ], [ -72.35463392, -51.54414041 ], [ -72.3550915, -51.54482605 ], [ -72.35554935, -51.54535449 ], [ -72.35580227, -51.54599085 ], [ -72.3567888, -51.54756886 ], [ -72.35713403, -51.54907889 ], [ -72.35717929, -51.55083578 ], [ -72.35742235, -51.55205365 ], [ -72.35628787, -51.55297912 ], [ -72.35482783, -51.55281999 ], [ -72.35067783, -51.55306638 ], [ -72.34839218, -51.55320209 ], [ -72.34739983, -51.55329062 ], [ -72.34558126, -51.55302573 ], [ -72.34557049, -51.55210394 ], [ -72.34516966, -51.5501728 ], [ -72.34526546, -51.54872301 ], [ -72.34071355, -51.54788209 ], [ -72.33715807, -51.54321601 ] ], [ [ -70.78079304, -51.03109085 ], [ -70.78051763, -51.03110843 ], [ -70.77592349, -51.03129008 ], [ -70.77571254, -51.03037594 ], [ -70.77682591, -51.02874104 ], [ -70.77681419, -51.02599276 ], [ -70.77789827, -51.02547123 ], [ -70.78319744, -51.02618163 ], [ -70.7843617, -51.02740499 ], [ -70.78381088, -51.02772728 ], [ -70.78079304, -51.03109085 ] ] ] ] } },
{ "type": "Feature", "properties": { "circuito": "00001", "codprov": "20", "coddepto": "001" }, "geometry": { "type": "MultiPolygon", "coordinates": [ [ [ [ -65.90017592, -47.75710898 ], [ -65.90018564, -47.75707528 ], [ -65.90020227, -47.7570712 ], [ -65.90043503, -47.75701413 ], [ -65.90057415, -47.75699536 ], [ -65.90068316, -47.75695331 ], [ -65.90160629, -47.75678737 ], [ -65.90164001, -47.75677473 ], [ -65.90164311, -47.75672055 ], [ -65.90171099, -47.7566412 ], [ -65.90192107, -47.75630067 ], [ -65.90212114, -47.75614274 ], [ -65.90215538, -47.75610271 ], [ -65.90287964, -47.75573295 ], [ -65.90307343, -47.75569717 ], [ -65.90324878, -47.75571657 ], [ -65.90408704, -47.75580935 ], [ -65.90418416, -47.75579156 ], [ -65.90496875, -47.7557467 ], [ -65.90537416, -47.75572353 ], [ -65.90563133, -47.75571032 ], [ -65.90588691, -47.75571778 ], [ -65.90646976, -47.75565195 ], [ -65.90662042, -47.75558946 ], [ -65.90670336, -47.75555506 ], [ -65.90687177, -47.75553254 ], [ -65.90849372, -47.75531571 ], [ -65.90862418, -47.75529863 ], [ -65.90869046, -47.75527969 ], [ -65.90879095, -47.75524086 ], [ -65.90885311, -47.7552347 ], [ -65.90895384, -47.75522473 ], [ -65.90936773, -47.75498565 ], [ -65.90940492, -47.75494478 ], [ -65.90950944, -47.75488482 ], [ -65.90974635, -47.75480751 ], [ -65.90988051, -47.75476929 ], [ -65.9105334, -47.75447155 ], [ -65.9105689, -47.75444719 ], [ -65.91071118, -47.7543496 ], [ -65.91075151, -47.75428714 ], [ -65.91090611, -47.75424915 ], [ -65.91138489, -47.75413152 ], [ -65.9117576, -47.75403994 ], [ -65.91202179, -47.75400506 ], [ -65.91208645, -47.75400695 ], [ -65.91224812, -47.75401165 ], [ -65.9131751, -47.75395221 ], [ -65.91334228, -47.75393546 ], [ -65.91335844, -47.7539325 ], [ -65.9135456, -47.75389829 ], [ -65.91368019, -47.75388059 ], [ -65.9138542, -47.75382111 ], [ -65.91392573, -47.7537803 ], [ -65.91414976, -47.75339923 ], [ -65.91415649, -47.75335623 ], [ -65.91423582, -47.75327194 ], [ -65.91435415, -47.75314541 ], [ -65.91489982, -47.75281345 ], [ -65.91503836, -47.75277376 ], [ -65.91531856, -47.75267269 ], [ -65.91556536, -47.75257068 ], [ -65.9168722, -47.75210229 ], [ -65.91708995, -47.75199804 ], [ -65.91715601, -47.75199994 ], [ -65.91676919, -47.75169991 ], [ -65.91593647, -47.75105403 ], [ -65.91409855, -47.74814752 ], [ -65.91100868, -47.74836085 ], [ -65.91446201, -47.74498853 ], [ -65.91480231, -47.74297113 ], [ -65.91511863, -47.74262299 ], [ -65.91510753, -47.74259426 ], [ -65.91456869, -47.74120055 ], [ -65.91140313, -47.73904795 ], [ -65.88842, -47.73164765 ], [ -65.88756325, -47.73692608 ], [ -65.88239125, -47.73685047 ], [ -65.88216249, -47.73880856 ], [ -65.88216367, -47.73891626 ], [ -65.88102248, -47.73911348 ], [ -65.88085701, -47.74123868 ], [ -65.8808582, -47.74134358 ], [ -65.88014503, -47.74221146 ], [ -65.87966432, -47.74279645 ], [ -65.87966564, -47.74289968 ], [ -65.88043356, -47.74398632 ], [ -65.87715314, -47.74694616 ], [ -65.87794907, -47.7473341 ], [ -65.87819707, -47.74744064 ], [ -65.87849055, -47.74761316 ], [ -65.87671667, -47.7502152 ], [ -65.87650777, -47.75052162 ], [ -65.87651144, -47.75066273 ], [ -65.87649051, -47.75070838 ], [ -65.87647141, -47.75075002 ], [ -65.8758968, -47.75200309 ], [ -65.87597171, -47.75198434 ], [ -65.87663808, -47.75173762 ], [ -65.87688475, -47.75164906 ], [ -65.87729678, -47.75185704 ], [ -65.87736243, -47.75198006 ], [ -65.87746345, -47.75207992 ], [ -65.87786605, -47.75247746 ], [ -65.87796737, -47.7525529 ], [ -65.87803485, -47.75260314 ], [ -65.87837229, -47.75282956 ], [ -65.87847301, -47.75290443 ], [ -65.87894574, -47.75315789 ], [ -65.87911477, -47.75323464 ], [ -65.8792492, -47.75331019 ], [ -65.88037975, -47.75408128 ], [ -65.88051401, -47.75413305 ], [ -65.8806398, -47.75416749 ], [ -65.88138938, -47.75437272 ], [ -65.88162655, -47.75440342 ], [ -65.882363, -47.75461851 ], [ -65.88242932, -47.75464462 ], [ -65.88252966, -47.7546712 ], [ -65.88324966, -47.7550654 ], [ -65.883419, -47.75507076 ], [ -65.88355444, -47.75507504 ], [ -65.88375758, -47.75508137 ], [ -65.88508911, -47.75537762 ], [ -65.88518859, -47.75540345 ], [ -65.88535565, -47.75543122 ], [ -65.88552266, -47.75545898 ], [ -65.88572143, -47.75551054 ], [ -65.8866142, -47.75574247 ], [ -65.88674446, -47.75579235 ], [ -65.8868433, -47.75581824 ], [ -65.88744056, -47.75592754 ], [ -65.88750559, -47.75595232 ], [ -65.88773888, -47.75598214 ], [ -65.88793745, -47.75601179 ], [ -65.8880689, -47.75603917 ], [ -65.88871843, -47.75624326 ], [ -65.88880876, -47.75633713 ], [ -65.88896833, -47.75641042 ], [ -65.88938316, -47.75660428 ], [ -65.88947852, -47.7566523 ], [ -65.88964346, -47.75667971 ], [ -65.88987771, -47.75668671 ], [ -65.89087209, -47.75680578 ], [ -65.89192119, -47.75699503 ], [ -65.89211843, -47.7570235 ], [ -65.89221555, -47.75704893 ], [ -65.89253412, -47.7571709 ], [ -65.89273429, -47.75717684 ], [ -65.89280117, -47.75717875 ], [ -65.89296838, -47.75718355 ], [ -65.89313268, -47.75721063 ], [ -65.89381496, -47.75738634 ], [ -65.89407781, -47.75739548 ], [ -65.8942384, -47.75742362 ], [ -65.89430377, -47.757426 ], [ -65.89485657, -47.75748936 ], [ -65.89498764, -47.75749392 ], [ -65.89572852, -47.75762961 ], [ -65.89596657, -47.75759245 ], [ -65.896173, -47.75755391 ], [ -65.8967894, -47.75748159 ], [ -65.89698663, -47.75750939 ], [ -65.89738149, -47.75794492 ], [ -65.8975037, -47.75801504 ], [ -65.89759613, -47.75806209 ], [ -65.89847381, -47.75855337 ], [ -65.89861855, -47.7586681 ], [ -65.89867637, -47.75871394 ], [ -65.89915927, -47.75897026 ], [ -65.89933741, -47.75890933 ], [ -65.8994202, -47.75882364 ], [ -65.89956504, -47.75876169 ], [ -65.89979894, -47.75843585 ], [ -65.89992973, -47.75830536 ], [ -65.89996781, -47.75813334 ], [ -65.90006812, -47.7576803 ], [ -65.9000682, -47.75752229 ], [ -65.90007651, -47.7574776 ], [ -65.90008901, -47.75741056 ], [ -65.90017592, -47.75710898 ] ] ] ] } },
{ "type": "Feature", "properties": { "circuito": "00320", "codprov": "20", "coddepto": "001" }, "geometry": { "type": "MultiPolygon", "coordinates": [ [ [ [ -67.57933355, -46.49126488 ], [ -67.57929152, -46.49126059 ], [ -67.5796884, -46.491318 ], [ -67.57933355, -46.49126488 ] ] ], [ [ [ -67.57406641, -46.49044416 ], [ -67.57496361, -46.4915673 ], [ -67.57497541, -46.49158207 ], [ -67.57503921, -46.49155448 ], [ -67.57544962, -46.4915461 ], [ -67.57575803, -46.49134632 ], [ -67.57599617, -46.49122209 ], [ -67.57616036, -46.49110921 ], [ -67.57628799, -46.49109509 ], [ -67.57643927, -46.49107835 ], [ -67.57682213, -46.49111572 ], [ -67.57712158, -46.4911924 ], [ -67.57738554, -46.49113962 ], [ -67.57761525, -46.49114891 ], [ -67.57799928, -46.49115814 ], [ -67.57820287, -46.49119027 ], [ -67.57835434, -46.49125009 ], [ -67.57866204, -46.49125462 ], [ -67.57868577, -46.49124959 ], [ -67.57892302, -46.49120344 ], [ -67.57933355, -46.49126488 ], [ -67.58025963, -46.49135958 ], [ -67.58057591, -46.49136423 ], [ -67.58076944, -46.49129335 ], [ -67.58096008, -46.4912841 ], [ -67.58110938, -46.49134503 ], [ -67.58125051, -46.49150518 ], [ -67.58125627, -46.491511 ], [ -67.58162121, -46.49165763 ], [ -67.58195089, -46.49163168 ], [ -67.58216887, -46.49158943 ], [ -67.58246499, -46.49174825 ], [ -67.58280551, -46.49189029 ], [ -67.58314352, -46.491923 ], [ -67.5833993, -46.49193601 ], [ -67.58358497, -46.49188842 ], [ -67.58387367, -46.49185376 ], [ -67.58411272, -46.49191144 ], [ -67.58427961, -46.49198978 ], [ -67.5844836, -46.49212222 ], [ -67.58474572, -46.49208356 ], [ -67.58492275, -46.49195564 ], [ -67.5852867, -46.49187346 ], [ -67.58548323, -46.4918541 ], [ -67.58550642, -46.49185329 ], [ -67.58564675, -46.49177292 ], [ -67.58620733, -46.49153891 ], [ -67.58715102, -46.49141176 ], [ -67.58842566, -46.49111231 ], [ -67.58867546, -46.49110661 ], [ -67.58912659, -46.49123251 ], [ -67.58954493, -46.49096824 ], [ -67.58997342, -46.49075687 ], [ -67.5902916, -46.49071581 ], [ -67.59055284, -46.49068297 ], [ -67.59102635, -46.49077512 ], [ -67.59135619, -46.49088797 ], [ -67.59175639, -46.49108612 ], [ -67.59223944, -46.49125888 ], [ -67.59258294, -46.4913733 ], [ -67.5931641, -46.49128731 ], [ -67.59347037, -46.49131599 ], [ -67.59368114, -46.4914004 ], [ -67.59369622, -46.49141634 ], [ -67.59392621, -46.49146446 ], [ -67.59425617, -46.49140466 ], [ -67.59480802, -46.49133697 ], [ -67.5951705, -46.49128761 ], [ -67.59569427, -46.49130061 ], [ -67.59596327, -46.49124666 ], [ -67.59664588, -46.49130803 ], [ -67.59793297, -46.49163632 ], [ -67.61631845, -46.45279799 ], [ -67.6176221, -46.44936745 ], [ -67.61900087, -46.445551 ], [ -67.61992131, -46.44279894 ], [ -67.61916034, -46.43796802 ], [ -67.61861004, -46.43363647 ], [ -67.61710168, -46.43299839 ], [ -67.61534751, -46.432277 ], [ -67.61405317, -46.43178364 ], [ -67.61333225, -46.43149312 ], [ -67.61280473, -46.43130625 ], [ -67.61242688, -46.43119223 ], [ -67.61201694, -46.43113352 ], [ -67.61158576, -46.43110153 ], [ -67.61110002, -46.43106734 ], [ -67.6104686, -46.43103739 ], [ -67.60943153, -46.43099543 ], [ -67.60900628, -46.43100193 ], [ -67.60866524, -46.4310593 ], [ -67.60838456, -46.43113946 ], [ -67.60794087, -46.43128533 ], [ -67.60738472, -46.43150009 ], [ -67.60598086, -46.43205057 ], [ -67.60561787, -46.432211 ], [ -67.60504013, -46.43250511 ], [ -67.60448624, -46.43282731 ], [ -67.60400328, -46.43314447 ], [ -67.60370969, -46.43339473 ], [ -67.60324904, -46.43377465 ], [ -67.60320692, -46.43380939 ], [ -67.60290494, -46.43393547 ], [ -67.60270745, -46.43400093 ], [ -67.60242035, -46.43409779 ], [ -67.60219825, -46.43418259 ], [ -67.60197154, -46.43430224 ], [ -67.60160867, -46.43457572 ], [ -67.60077397, -46.4353185 ], [ -67.60017918, -46.43583466 ], [ -67.59982092, -46.43614555 ], [ -67.59946613, -46.43642046 ], [ -67.59919443, -46.43656765 ], [ -67.59883948, -46.43672953 ], [ -67.59845514, -46.43683258 ], [ -67.59799392, -46.43693252 ], [ -67.59751902, -46.43691916 ], [ -67.59717561, -46.43686903 ], [ -67.59663628, -46.43678947 ], [ -67.59614793, -46.43668938 ], [ -67.59578551, -46.43668934 ], [ -67.59522852, -46.43670173 ], [ -67.5947348, -46.43668391 ], [ -67.59422927, -46.43659849 ], [ -67.59377358, -46.43648049 ], [ -67.59328426, -46.43631479 ], [ -67.5926661, -46.43613929 ], [ -67.59171679, -46.43596621 ], [ -67.59110659, -46.43589165 ], [ -67.59069747, -46.43590099 ], [ -67.58990701, -46.43602575 ], [ -67.58958414, -46.43608041 ], [ -67.58917244, -46.43611902 ], [ -67.58874077, -46.43614212 ], [ -67.58841988, -46.43607819 ], [ -67.58816267, -46.43596035 ], [ -67.5879645, -46.43582343 ], [ -67.5877327, -46.43563882 ], [ -67.58737424, -46.43540157 ], [ -67.5869373, -46.4352572 ], [ -67.58646001, -46.43510553 ], [ -67.58591509, -46.43488217 ], [ -67.58535389, -46.43460227 ], [ -67.58499462, -46.43441245 ], [ -67.58466978, -46.43422291 ], [ -67.58426672, -46.4339895 ], [ -67.58391517, -46.43382486 ], [ -67.58354284, -46.43369216 ], [ -67.58317992, -46.43360278 ], [ -67.5828239, -46.43358602 ], [ -67.58096566, -46.43383408 ], [ -67.58043593, -46.43391082 ], [ -67.57983143, -46.43397999 ], [ -67.57949709, -46.43399687 ], [ -67.57923886, -46.4340632 ], [ -67.57883543, -46.43421627 ], [ -67.57845743, -46.43430256 ], [ -67.57814326, -46.43434319 ], [ -67.57749776, -46.43431575 ], [ -67.57707627, -46.43433473 ], [ -67.57646575, -46.43439686 ], [ -67.5753115, -46.43452721 ], [ -67.57479105, -46.43453423 ], [ -67.57454407, -46.43457859 ], [ -67.57388253, -46.43466122 ], [ -67.57298049, -46.4347182 ], [ -67.57169691, -46.4347121 ], [ -67.57073425, -46.43475896 ], [ -67.57036324, -46.43481971 ], [ -67.5700002, -46.4348401 ], [ -67.56964555, -46.43480362 ], [ -67.56929955, -46.43472146 ], [ -67.56894149, -46.43462109 ], [ -67.56867244, -46.43450586 ], [ -67.568321, -46.43432573 ], [ -67.56787898, -46.43409755 ], [ -67.56748125, -46.43392715 ], [ -67.56700062, -46.43373147 ], [ -67.56664496, -46.4336103 ], [ -67.56619385, -46.43350994 ], [ -67.56560246, -46.43339468 ], [ -67.56499908, -46.43326357 ], [ -67.5642908, -46.43306979 ], [ -67.56343533, -46.43284507 ], [ -67.5629935, -46.43271934 ], [ -67.56260371, -46.43260571 ], [ -67.56223249, -46.43256067 ], [ -67.56186562, -46.43253046 ], [ -67.56137338, -46.43244909 ], [ -67.56082803, -46.43238727 ], [ -67.56041633, -46.43241842 ], [ -67.55979822, -46.43250564 ], [ -67.55918267, -46.43257149 ], [ -67.55863051, -46.43258666 ], [ -67.55817514, -46.43258675 ], [ -67.55747601, -46.432602 ], [ -67.55700114, -46.43257704 ], [ -67.55661913, -46.43256203 ], [ -67.55628901, -46.43258219 ], [ -67.55590279, -46.43266699 ], [ -67.55544376, -46.43273095 ], [ -67.55495708, -46.43276028 ], [ -67.55446805, -46.43282319 ], [ -67.55384576, -46.43287114 ], [ -67.55335675, -46.43283297 ], [ -67.552782, -46.4327482 ], [ -67.55225785, -46.43264739 ], [ -67.55187232, -46.43254024 ], [ -67.55144731, -46.43245293 ], [ -67.55094673, -46.43239098 ], [ -67.54966235, -46.43231042 ], [ -67.54919198, -46.43221002 ], [ -67.54867603, -46.43204161 ], [ -67.54792791, -46.43179884 ], [ -67.54713221, -46.43150878 ], [ -67.54677651, -46.43147214 ], [ -67.54634143, -46.43150363 ], [ -67.54565595, -46.431488 ], [ -67.54364268, -46.43133414 ], [ -67.54168232, -46.43124381 ], [ -67.53978174, -46.43098961 ], [ -67.53847902, -46.43073418 ], [ -67.53837075, -46.43016502 ], [ -67.5379547, -46.42844846 ], [ -67.5374537, -46.42739287 ], [ -67.53655808, -46.42579455 ], [ -67.52902338, -46.42411947 ], [ -67.52859646, -46.42402456 ], [ -67.52847678, -46.42399795 ], [ -67.52847426, -46.42399598 ], [ -67.52847491, -46.42401523 ], [ -67.52847443, -46.42403544 ], [ -67.52847058, -46.42406191 ], [ -67.5284624, -46.42409848 ], [ -67.52844636, -46.42414227 ], [ -67.52844459, -46.42414708 ], [ -67.52840334, -46.4242184 ], [ -67.528358, -46.42424724 ], [ -67.5282516, -46.42431492 ], [ -67.52805342, -46.42441902 ], [ -67.52786663, -46.42453556 ], [ -67.52739378, -46.42486565 ], [ -67.52726581, -46.42495895 ], [ -67.52718093, -46.42503456 ], [ -67.5271131, -46.42511002 ], [ -67.52708434, -46.42517797 ], [ -67.52705939, -46.42527169 ], [ -67.52706522, -46.42533782 ], [ -67.52709545, -46.42543659 ], [ -67.52713158, -46.42550343 ], [ -67.52727645, -46.42564708 ], [ -67.52765658, -46.4259407 ], [ -67.5280401, -46.4262345 ], [ -67.52847042, -46.42654054 ], [ -67.52867595, -46.42668671 ], [ -67.52903267, -46.42689961 ], [ -67.52915597, -46.42699601 ], [ -67.52934035, -46.42721589 ], [ -67.52951852, -46.42745432 ], [ -67.52976072, -46.42775848 ], [ -67.52999669, -46.42805428 ], [ -67.53010499, -46.4282085 ], [ -67.5301619, -46.42828052 ], [ -67.53031579, -46.42829984 ], [ -67.53046495, -46.42839401 ], [ -67.53085132, -46.42876801 ], [ -67.53110952, -46.42904818 ], [ -67.5317456, -46.429701 ], [ -67.53608119, -46.43377086 ], [ -67.53665551, -46.43432987 ], [ -67.53765141, -46.43525078 ], [ -67.54017701, -46.4376203 ], [ -67.54427166, -46.44134537 ], [ -67.54672918, -46.44336434 ], [ -67.54843754, -46.444897 ], [ -67.5494547, -46.44576639 ], [ -67.55059124, -46.44675375 ], [ -67.551836, -46.44769785 ], [ -67.55295637, -46.44863604 ], [ -67.55369445, -46.4496556 ], [ -67.55416253, -46.45051034 ], [ -67.55435439, -46.45146618 ], [ -67.55443496, -46.45205075 ], [ -67.55424772, -46.45288565 ], [ -67.55385611, -46.45380825 ], [ -67.55353371, -46.45445499 ], [ -67.55319411, -46.45530872 ], [ -67.55333093, -46.45544789 ], [ -67.55353863, -46.45557226 ], [ -67.55362354, -46.45571078 ], [ -67.55382314, -46.45598448 ], [ -67.5539601, -46.45618813 ], [ -67.55417129, -46.45665441 ], [ -67.55435525, -46.45711721 ], [ -67.55448101, -46.45740169 ], [ -67.55472614, -46.45797287 ], [ -67.55491394, -46.4584318 ], [ -67.55507908, -46.45883435 ], [ -67.55518947, -46.45913036 ], [ -67.55530587, -46.45939713 ], [ -67.55544651, -46.45980578 ], [ -67.55578385, -46.46057957 ], [ -67.55597332, -46.46094807 ], [ -67.55614043, -46.46139805 ], [ -67.55633916, -46.46177414 ], [ -67.55650312, -46.46211108 ], [ -67.55672647, -46.4626279 ], [ -67.55707747, -46.46342561 ], [ -67.55741539, -46.46428098 ], [ -67.55758596, -46.46460768 ], [ -67.55777439, -46.46510843 ], [ -67.55799557, -46.46560956 ], [ -67.55822179, -46.46611206 ], [ -67.55832333, -46.46635916 ], [ -67.5585127, -46.46677935 ], [ -67.55870341, -46.46722266 ], [ -67.55897346, -46.46782577 ], [ -67.55916454, -46.46826131 ], [ -67.55934217, -46.46863532 ], [ -67.55947995, -46.46898849 ], [ -67.55985322, -46.46991133 ], [ -67.56018238, -46.47066541 ], [ -67.56032475, -46.4709811 ], [ -67.56202532, -46.47483529 ], [ -67.5626162, -46.47603809 ], [ -67.56391634, -46.47760041 ], [ -67.56565738, -46.4796991 ], [ -67.56711198, -46.48167226 ], [ -67.56848853, -46.48334466 ], [ -67.56966403, -46.48483267 ], [ -67.57124727, -46.48686198 ], [ -67.57337068, -46.48957322 ], [ -67.57396968, -46.49032306 ], [ -67.57406641, -46.49044416 ] ] ] ] } },
{ "type": "Feature", "properties": { "circuito": "00020", "codprov": "20", "coddepto": "007" }, "geometry": { "type": "MultiPolygon", "coordinates": [ [ [ [ -70.78079304, -51.03109085 ], [ -70.78381088, -51.02772728 ], [ -70.7843617, -51.02740499 ], [ -70.78319744, -51.02618163 ], [ -70.77789827, -51.02547123 ], [ -70.77681419, -51.02599276 ], [ -70.77682591, -51.02874104 ], [ -70.77571254, -51.03037594 ], [ -70.77592349, -51.03129008 ], [ -70.78051763, -51.03110843 ], [ -70.78079304, -51.03109085 ] ] ] ] } },
{ "type": "Feature", "properties": { "circuito": "S/D", "codprov": "20", "coddepto": "nan" }, "geometry": { "type": "MultiPolygon", "coordinates": [ [ [ [ -68.63671114, -49.77648855 ], [ -68.63848402, -49.77711865 ], [ -68.63943196, -49.77602404 ], [ -68.639423, -49.77535119 ], [ -68.63818066, -49.77484689 ], [ -68.63671114, -49.77648855 ] ] ] ] } },
{ "type": "Feature", "properties": { "circuito": "0012A", "codprov": "20", "coddepto": "004" }, "geometry": { "type": "MultiPolygon", "coordinates": [ [ [ [ -70.95731202, -48.30877533 ], [ -70.99252449, -48.30311902 ], [ -70.99014477, -48.29762957 ], [ -70.95610485, -48.30311944 ], [ -70.95731202, -48.30877533 ] ] ] ] } },
{ "type": "Feature", "properties": { "circuito": "00004", "codprov": "20", "coddepto": "001" }, "geometry": { "type": "MultiPolygon", "coordinates": [ [ [ [ -67.60747704, -46.57649119 ], [ -67.63003617, -46.56007399 ], [ -67.63138904, -46.56072039 ], [ -67.6376707, -46.55591682 ], [ -67.63452736, -46.55383429 ], [ -67.63686948, -46.55149787 ], [ -67.619141, -46.54070792 ], [ -67.59701385, -46.5590241 ], [ -67.60296652, -46.57405368 ], [ -67.60747704, -46.57649119 ] ] ] ] } },
{ "type": "Feature", "properties": { "circuito": "0005A", "codprov": "20", "coddepto": "001" }, "geometry": { "type": "MultiPolygon", "coordinates": [ [ [ [ -68.1985797, -46.72873188 ], [ -68.19897243, -46.72881879 ], [ -68.21745638, -46.72120689 ], [ -68.21328786, -46.71595317 ], [ -68.19450889, -46.72408282 ], [ -68.1985797, -46.72873188 ] ] ] ] } },
{ "type": "Feature", "properties": { "circuito": "00008", "codprov": "20", "coddepto": "002" }, "geometry": { "type": "MultiPolygon", "coordinates": [ [ [ [ -70.92279677, -46.60298167 ], [ -70.9228435, -46.60299315 ], [ -70.92480944, -46.60307928 ], [ -70.92577511, -46.59941166 ], [ -70.92832801, -46.59924296 ], [ -70.93108435, -46.59869202 ], [ -70.93321199, -46.59790277 ], [ -70.93503922, -46.59686104 ], [ -70.93681627, -46.59544807 ], [ -70.93763513, -46.59379761 ], [ -70.9376912, -46.59380418 ], [ -70.93786793, -46.59381003 ], [ -70.94007285, -46.59390805 ], [ -70.9438051, -46.59178949 ], [ -70.94421963, -46.58964364 ], [ -70.95642389, -46.58437709 ], [ -70.95579063, -46.58033776 ], [ -70.95284488, -46.58005177 ], [ -70.95537626, -46.57787247 ], [ -70.95808526, -46.57613977 ], [ -70.96064592, -46.57606897 ], [ -70.96174467, -46.56910668 ], [ -70.95766711, -46.56906347 ], [ -70.95523984, -46.56955579 ], [ -70.9536077, -46.5694692 ], [ -70.94770999, -46.56867237 ], [ -70.94609318, -46.56914734 ], [ -70.94369869, -46.57053773 ], [ -70.94183794, -46.5686569 ], [ -70.93756304, -46.57221597 ], [ -70.92810658, -46.57687602 ], [ -70.92611607, -46.57729936 ], [ -70.92570719, -46.57814927 ], [ -70.92466939, -46.58109122 ], [ -70.92025411, -46.58071484 ], [ -70.92254789, -46.57640514 ], [ -70.92992395, -46.56829948 ], [ -70.93032042, -46.56498031 ], [ -70.92572251, -46.56476949 ], [ -70.92484041, -46.56748428 ], [ -70.91809361, -46.57501815 ], [ -70.91510968, -46.57470134 ], [ -70.91344352, -46.58645169 ], [ -70.91785925, -46.58682832 ], [ -70.91853971, -46.58760426 ], [ -70.91808392, -46.58862261 ], [ -70.91648411, -46.58943833 ], [ -70.91489196, -46.59059109 ], [ -70.913444, -46.59117529 ], [ -70.91282883, -46.59220048 ], [ -70.912702, -46.59321365 ], [ -70.91209004, -46.59434667 ], [ -70.91082714, -46.59560667 ], [ -70.90992165, -46.59764304 ], [ -70.90803562, -46.59969909 ], [ -70.90548312, -46.6013159 ], [ -70.90373108, -46.60258334 ], [ -70.9026336, -46.60383614 ], [ -70.90187329, -46.60542534 ], [ -70.90140348, -46.60708754 ], [ -70.92240191, -46.60740292 ], [ -70.92279677, -46.60298167 ] ] ] ] } },
{ "type": "Feature", "properties": { "circuito": "00014", "codprov": "20", "coddepto": "005" }, "geometry": { "type": "MultiPolygon", "coordinates": [ [ [ [ -68.90509728, -49.97772879 ], [ -68.9051008, -49.97773156 ], [ -68.90784973, -49.98516817 ], [ -68.90880351, -49.98904047 ], [ -68.91204049, -49.99144113 ], [ -68.91744534, -49.99330636 ], [ -68.92286852, -49.99497692 ], [ -68.92415592, -49.99558663 ], [ -68.92414415, -49.99558427 ], [ -68.925822, -49.99637889 ], [ -68.92583067, -49.996383 ], [ -68.92311819, -49.9971602 ], [ -68.92595431, -49.99831545 ], [ -68.92710462, -49.99671372 ], [ -68.92778736, -49.99593783 ], [ -68.93026152, -49.99293342 ], [ -68.93179779, -49.99075121 ], [ -68.93231807, -49.9892552 ], [ -68.93250509, -49.98762897 ], [ -68.93214516, -49.98614675 ], [ -68.93118622, -49.98421952 ], [ -68.93074869, -49.98340027 ], [ -68.93001345, -49.98238807 ], [ -68.9285651, -49.98062383 ], [ -68.92832963, -49.98022254 ], [ -68.92654703, -49.97765095 ], [ -68.92642901, -49.97733028 ], [ -68.92443275, -49.97432773 ], [ -68.92182808, -49.97197734 ], [ -68.91985539, -49.97099393 ], [ -68.91423373, -49.96863907 ], [ -68.90809048, -49.9661541 ], [ -68.90801134, -49.96612214 ], [ -68.9053688, -49.96505515 ], [ -68.90363205, -49.96435656 ], [ -68.90216498, -49.96378502 ], [ -68.90071066, -49.96323598 ], [ -68.89841483, -49.9624074 ], [ -68.89709198, -49.96166979 ], [ -68.89495162, -49.96060408 ], [ -68.89303623, -49.96013873 ], [ -68.89007784, -49.95920592 ], [ -68.88764464, -49.95858854 ], [ -68.88511265, -49.95774367 ], [ -68.8825188, -49.9570621 ], [ -68.8802631, -49.95641771 ], [ -68.87761187, -49.95557075 ], [ -68.87705964, -49.96549387 ], [ -68.88290135, -49.96662944 ], [ -68.89034312, -49.96904013 ], [ -68.89610655, -49.97067208 ], [ -68.90509728, -49.97772879 ] ] ] ] } },
{ "type": "Feature", "properties": { "circuito": "00015", "codprov": "20", "coddepto": "005" }, "geometry": { "type": "MultiPolygon", "coordinates": [ [ [ [ -68.52389807, -50.01041918 ], [ -68.52373057, -50.01067224 ], [ -68.52372866, -50.01067249 ], [ -68.52372848, -50.01067276 ], [ -68.52190124, -50.01091277 ], [ -68.52208479, -50.01165959 ], [ -68.52208256, -50.01165958 ], [ -68.52208269, -50.0116601 ], [ -68.5208335, -50.01165232 ], [ -68.51889591, -50.01307146 ], [ -68.51638973, -50.01380284 ], [ -68.51599083, -50.01504106 ], [ -68.51124876, -50.01726228 ], [ -68.51086908, -50.01744012 ], [ -68.50937355, -50.01898283 ], [ -68.51992116, -50.02648005 ], [ -68.52797666, -50.03182495 ], [ -68.52867566, -50.03238325 ], [ -68.53231052, -50.02994584 ], [ -68.53780538, -50.02609644 ], [ -68.53831474, -50.02568222 ], [ -68.53909517, -50.02596801 ], [ -68.5445771, -50.02863524 ], [ -68.5479503, -50.0304732 ], [ -68.5496586, -50.02916847 ], [ -68.5501389, -50.02890439 ], [ -68.54748443, -50.02795055 ], [ -68.54158438, -50.02322643 ], [ -68.53657978, -50.01980391 ], [ -68.53564235, -50.01916283 ], [ -68.53503852, -50.01611051 ], [ -68.53663512, -50.01469882 ], [ -68.5376661, -50.01373593 ], [ -68.53524352, -50.0120415 ], [ -68.53279319, -50.01364205 ], [ -68.52518025, -50.00867206 ], [ -68.52510921, -50.00870553 ], [ -68.52499746, -50.00875819 ], [ -68.52389807, -50.01041918 ] ] ] ] } },
{ "type": "Feature", "properties": { "circuito": "00021", "codprov": "20", "coddepto": "007" }, "geometry": { "type": "MultiPolygon", "coordinates": [ [ [ [ -72.33601205, -51.54317035 ], [ -72.33710848, -51.54315094 ], [ -72.33715807, -51.54321601 ], [ -72.34071355, -51.54788209 ], [ -72.34526546, -51.54872301 ], [ -72.34516966, -51.5501728 ], [ -72.34557049, -51.55210394 ], [ -72.34558126, -51.55302573 ], [ -72.34739983, -51.55329062 ], [ -72.34839218, -51.55320209 ], [ -72.35067783, -51.55306638 ], [ -72.35482783, -51.55281999 ], [ -72.35628787, -51.55297912 ], [ -72.35742235, -51.55205365 ], [ -72.35717929, -51.55083578 ], [ -72.35713403, -51.54907889 ], [ -72.3567888, -51.54756886 ], [ -72.35580227, -51.54599085 ], [ -72.35554935, -51.54535449 ], [ -72.3550915, -51.54482605 ], [ -72.35463392, -51.54414041 ], [ -72.35430781, -51.54327085 ], [ -72.35395353, -51.54297169 ], [ -72.35403194, -51.54057882 ], [ -72.35426099, -51.5401194 ], [ -72.35438278, -51.53978993 ], [ -72.35456454, -51.53841475 ], [ -72.3545865, -51.53802076 ], [ -72.35461119, -51.53762099 ], [ -72.35510352, -51.53626545 ], [ -72.35523333, -51.53585312 ], [ -72.35524228, -51.53571635 ], [ -72.35493744, -51.53418864 ], [ -72.35496337, -51.53383212 ], [ -72.3549842, -51.53354568 ], [ -72.35499465, -51.53340205 ], [ -72.35528743, -51.53195897 ], [ -72.35432335, -51.53160413 ], [ -72.35474575, -51.53087902 ], [ -72.35520004, -51.53009346 ], [ -72.35381374, -51.52966687 ], [ -72.35257013, -51.52930303 ], [ -72.35175958, -51.52900421 ], [ -72.34978601, -51.52936125 ], [ -72.34812751, -51.52939625 ], [ -72.34678648, -51.528585 ], [ -72.3461973, -51.52847809 ], [ -72.3457375, -51.52839466 ], [ -72.34411093, -51.52819933 ], [ -72.33957253, -51.52760655 ], [ -72.33781494, -51.52746713 ], [ -72.33524143, -51.52727171 ], [ -72.33239311, -51.52795144 ], [ -72.3295193, -51.52885527 ], [ -72.32773982, -51.52977119 ], [ -72.32573814, -51.53143632 ], [ -72.32448257, -51.53341751 ], [ -72.3227905, -51.53849202 ], [ -72.33076154, -51.54184794 ], [ -72.33356276, -51.5432137 ], [ -72.33601205, -51.54317035 ] ] ] ] } },
{ "type": "Feature", "properties": { "circuito": "0021B", "codprov": "20", "coddepto": "007" }, "geometry": { "type": "MultiPolygon", "coordinates": [ [ [ [ -72.21533164, -51.60229551 ], [ -72.21567592, -51.60233616 ], [ -72.21835998, -51.60182306 ], [ -72.22999181, -51.59841123 ], [ -72.22544332, -51.58277557 ], [ -72.22255883, -51.57285995 ], [ -72.2152755, -51.5702234 ], [ -72.21072514, -51.5680349 ], [ -72.21050796, -51.56803776 ], [ -72.21008043, -51.56813444 ], [ -72.20966056, -51.5683217 ], [ -72.20923458, -51.56841796 ], [ -72.20880923, -51.56851408 ], [ -72.20850804, -51.56878895 ], [ -72.20832359, -51.569151 ], [ -72.20791873, -51.56948923 ], [ -72.20751629, -51.56976939 ], [ -72.20744106, -51.57011993 ], [ -72.20747192, -51.57046419 ], [ -72.20751114, -51.57089519 ], [ -72.20754136, -51.57123475 ], [ -72.20757367, -51.57158045 ], [ -72.20729041, -51.57193248 ], [ -72.20688652, -51.57211304 ], [ -72.20637211, -51.57221617 ], [ -72.20606268, -51.57223914 ], [ -72.20566147, -51.57235984 ], [ -72.20525303, -51.5724563 ], [ -72.20530299, -51.57294649 ], [ -72.20534822, -51.57336335 ], [ -72.20539319, -51.57377776 ], [ -72.20590555, -51.57374964 ], [ -72.2064277, -51.5737489 ], [ -72.20684546, -51.57374841 ], [ -72.20736574, -51.57374158 ], [ -72.20791062, -51.57398914 ], [ -72.2081428, -51.57424118 ], [ -72.20818232, -51.57466065 ], [ -72.20820601, -51.57491136 ], [ -72.20803173, -51.57524717 ], [ -72.20796005, -51.5755769 ], [ -72.20757312, -51.57582594 ], [ -72.20728223, -51.57599291 ], [ -72.20678724, -51.57616037 ], [ -72.20648803, -51.57624122 ], [ -72.20597486, -51.57623985 ], [ -72.2055827, -51.57640071 ], [ -72.20530338, -51.57664251 ], [ -72.20534209, -51.5769677 ], [ -72.20569503, -51.57737155 ], [ -72.20602712, -51.57761166 ], [ -72.20615472, -51.57784899 ], [ -72.20608932, -51.57816658 ], [ -72.20571426, -51.57840765 ], [ -72.2052372, -51.57864093 ], [ -72.20483475, -51.57864143 ], [ -72.20445092, -51.57879619 ], [ -72.20405918, -51.57887526 ], [ -72.20356983, -51.57895939 ], [ -72.20316986, -51.57896301 ], [ -72.20277075, -51.57896829 ], [ -72.20237194, -51.57897395 ], [ -72.20231408, -51.57928139 ], [ -72.20245652, -51.57958775 ], [ -72.20278578, -51.57981344 ], [ -72.20312443, -51.58011496 ], [ -72.20364226, -51.58026757 ], [ -72.20395129, -51.58034569 ], [ -72.2043703, -51.58050291 ], [ -72.20477846, -51.58058317 ], [ -72.20516467, -51.5805046 ], [ -72.20554151, -51.58034769 ], [ -72.20602055, -51.58019467 ], [ -72.20652051, -51.58020175 ], [ -72.20692847, -51.58028365 ], [ -72.2073432, -51.5804401 ], [ -72.20766001, -51.58060237 ], [ -72.20779108, -51.58090917 ], [ -72.20783012, -51.58128843 ], [ -72.20775476, -51.581514 ], [ -72.20739059, -51.58180696 ], [ -72.20701244, -51.58195138 ], [ -72.20674227, -51.5821723 ], [ -72.20648178, -51.58246728 ], [ -72.20620468, -51.58261188 ], [ -72.20572272, -51.58267849 ], [ -72.20525136, -51.5828211 ], [ -72.20497806, -51.58296875 ], [ -72.20501454, -51.58326049 ], [ -72.20505235, -51.58355402 ], [ -72.2050884, -51.58384287 ], [ -72.20513425, -51.58420414 ], [ -72.2049874, -51.5845625 ], [ -72.20472687, -51.584776 ], [ -72.20467521, -51.58583627 ], [ -72.20535109, -51.58590978 ], [ -72.20544642, -51.58591049 ], [ -72.20625497, -51.58595767 ], [ -72.20653659, -51.58650178 ], [ -72.20646478, -51.58656096 ], [ -72.20616642, -51.5866752 ], [ -72.20587525, -51.58685101 ], [ -72.20565652, -51.5869689 ], [ -72.20536768, -51.58714512 ], [ -72.20531491, -51.58737875 ], [ -72.20533849, -51.5876111 ], [ -72.20536781, -51.58789992 ], [ -72.2053974, -51.58818819 ], [ -72.20542746, -51.58847645 ], [ -72.20545137, -51.58870573 ], [ -72.20531786, -51.5888738 ], [ -72.2050342, -51.58903954 ], [ -72.20482126, -51.5891512 ], [ -72.20452852, -51.58920852 ], [ -72.20423616, -51.58926577 ], [ -72.20395092, -51.58937902 ], [ -72.20366641, -51.58949198 ], [ -72.20346403, -51.58966013 ], [ -72.20341787, -51.58988259 ], [ -72.20329796, -51.59010421 ], [ -72.20325243, -51.59032448 ], [ -72.20335437, -51.59054318 ], [ -72.20338237, -51.59076105 ], [ -72.20355676, -51.59097738 ], [ -72.20373058, -51.59119322 ], [ -72.20382946, -51.59140582 ], [ -72.20406778, -51.59156552 ], [ -72.20423828, -51.59177654 ], [ -72.20440823, -51.59198708 ], [ -72.20443812, -51.59224769 ], [ -72.20439084, -51.5924574 ], [ -72.20434382, -51.59266619 ], [ -72.20437513, -51.59292582 ], [ -72.20426306, -51.59318382 ], [ -72.20399628, -51.59333827 ], [ -72.20381487, -51.5935943 ], [ -72.20361461, -51.59369643 ], [ -72.20343285, -51.59390765 ], [ -72.20325662, -51.59412545 ], [ -72.20307492, -51.59429236 ], [ -72.20290083, -51.59450769 ], [ -72.20279432, -51.5947159 ], [ -72.20282107, -51.59491151 ], [ -72.20298025, -51.59509497 ], [ -72.20307267, -51.59528341 ], [ -72.20323088, -51.59546562 ], [ -72.20326285, -51.59570613 ], [ -72.2032883, -51.59589758 ], [ -72.20318231, -51.59609877 ], [ -72.20314873, -51.59634088 ], [ -72.20289262, -51.59640692 ], [ -72.20255497, -51.5964157 ], [ -72.20236245, -51.59650989 ], [ -72.20210411, -51.59660707 ], [ -72.20199556, -51.59679504 ], [ -72.20188772, -51.59698248 ], [ -72.20184251, -51.59716142 ], [ -72.20179774, -51.59734009 ], [ -72.20182237, -51.59751978 ], [ -72.20171755, -51.59770642 ], [ -72.2016092, -51.59788731 ], [ -72.20149932, -51.59806516 ], [ -72.20131862, -51.59820102 ], [ -72.20107293, -51.59833836 ], [ -72.20082234, -51.5984322 ], [ -72.20056656, -51.59848282 ], [ -72.20024319, -51.59849565 ], [ -72.19998854, -51.59850965 ], [ -72.19973957, -51.59856552 ], [ -72.19956041, -51.59866014 ], [ -72.19938969, -51.5987987 ], [ -72.19928827, -51.59897513 ], [ -72.19931228, -51.59914345 ], [ -72.19934834, -51.59935885 ], [ -72.1993863, -51.59957514 ], [ -72.19947806, -51.5997433 ], [ -72.19956985, -51.59991118 ], [ -72.20004854, -51.60049081 ], [ -72.21533164, -51.60229551 ] ] ] ] } },
{ "type": "Feature", "properties": { "circuito": "00013", "codprov": "20", "coddepto": "004" }, "geometry": { "type": "MultiPolygon", "coordinates": [ [ [ [ -70.27683576, -48.78192131 ], [ -70.27920639, -48.77887737 ], [ -70.28631052, -48.77225736 ], [ -70.29163334, -48.76656107 ], [ -70.29196597, -48.76634904 ], [ -70.29573677, -48.76300923 ], [ -70.30292886, -48.75971528 ], [ -70.32125896, -48.75226361 ], [ -70.31901393, -48.7498275 ], [ -70.31390581, -48.74626053 ], [ -70.29962501, -48.73684378 ], [ -70.29603761, -48.73592899 ], [ -70.29520241, -48.73624765 ], [ -70.29320555, -48.73677271 ], [ -70.28620152, -48.73899394 ], [ -70.28536563, -48.73931314 ], [ -70.28485476, -48.73974508 ], [ -70.2800434, -48.74117571 ], [ -70.26540714, -48.74552772 ], [ -70.26508982, -48.74519687 ], [ -70.26056692, -48.73875003 ], [ -70.26007624, -48.73895311 ], [ -70.25382509, -48.74058154 ], [ -70.25201237, -48.7410932 ], [ -70.25069226, -48.74140125 ], [ -70.24953619, -48.74181484 ], [ -70.24293325, -48.7435588 ], [ -70.24144476, -48.7441781 ], [ -70.23218341, -48.74598472 ], [ -70.23134659, -48.7467128 ], [ -70.23084889, -48.74692319 ], [ -70.22735939, -48.74859976 ], [ -70.22669449, -48.74891833 ], [ -70.2256931, -48.74956507 ], [ -70.22219448, -48.75170144 ], [ -70.22119696, -48.75223153 ], [ -70.22119334, -48.75233649 ], [ -70.21755589, -48.75359781 ], [ -70.21690873, -48.75326482 ], [ -70.21517114, -48.75075483 ], [ -70.21485148, -48.75031112 ], [ -70.2146942, -48.74998036 ], [ -70.21454328, -48.74943469 ], [ -70.21297057, -48.74670038 ], [ -70.21249054, -48.74626292 ], [ -70.21217408, -48.74582638 ], [ -70.21170487, -48.7449545 ], [ -70.20994582, -48.74331401 ], [ -70.20703659, -48.74380184 ], [ -70.20654323, -48.74424165 ], [ -70.20653513, -48.744566 ], [ -70.20665159, -48.74640386 ], [ -70.20696274, -48.74705675 ], [ -70.20712101, -48.74727512 ], [ -70.20945458, -48.7522819 ], [ -70.20960457, -48.75282367 ], [ -70.20969262, -48.75584635 ], [ -70.20951886, -48.756276 ], [ -70.20883841, -48.75745614 ], [ -70.20817467, -48.75787924 ], [ -70.19896724, -48.76773637 ], [ -70.18999133, -48.77545938 ], [ -70.20955575, -48.78701806 ], [ -70.20921658, -48.78733742 ], [ -70.20569725, -48.78955533 ], [ -70.19982423, -48.79367636 ], [ -70.19931853, -48.79409969 ], [ -70.19810473, -48.79601589 ], [ -70.2068831, -48.80104763 ], [ -70.25621306, -48.80172555 ], [ -70.26946648, -48.79072467 ], [ -70.27429419, -48.78518477 ], [ -70.27683576, -48.78192131 ] ] ] ] } },
{ "type": "Feature", "properties": { "circuito": "S/D", "codprov": "20", "coddepto": "nan" }, "geometry": { "type": "MultiPolygon", "coordinates": [ [ [ [ -68.50937355, -50.01898283 ], [ -68.50931445, -50.01904379 ], [ -68.51103239, -50.02041511 ], [ -68.51144437, -50.02710783 ], [ -68.5122708, -50.03223543 ], [ -68.51228195, -50.03230463 ], [ -68.51273286, -50.0345281 ], [ -68.51308496, -50.0362254 ], [ -68.51271697, -50.03852119 ], [ -68.51226093, -50.0413664 ], [ -68.51318771, -50.04490336 ], [ -68.51311319, -50.0522806 ], [ -68.50969489, -50.0573472 ], [ -68.50361247, -50.05905828 ], [ -68.5023279, -50.06196266 ], [ -68.50067993, -50.06307124 ], [ -68.50007991, -50.06530421 ], [ -68.50070742, -50.06976876 ], [ -68.50242681, -50.07107718 ], [ -68.50289438, -50.0724406 ], [ -68.50072577, -50.07745196 ], [ -68.49031466, -50.08726346 ], [ -68.4843895, -50.09194424 ], [ -68.46188737, -50.10554195 ], [ -68.45171908, -50.10989474 ], [ -68.43993346, -50.11200573 ], [ -68.43329039, -50.11153941 ], [ -68.43086574, -50.11270589 ], [ -68.42642143, -50.11380055 ], [ -68.42092971, -50.11364843 ], [ -68.41833605, -50.11289259 ], [ -68.41410911, -50.1139631 ], [ -68.41154569, -50.11464979 ], [ -68.40579268, -50.12169367 ], [ -68.40146871, -50.12842314 ], [ -68.39681232, -50.13069618 ], [ -68.39333869, -50.13079955 ], [ -68.38796499, -50.12872839 ], [ -68.38108754, -50.13117161 ], [ -68.37712311, -50.13220153 ], [ -68.37394023, -50.13230881 ], [ -68.37007402, -50.13290655 ], [ -68.36581529, -50.13399922 ], [ -68.36079342, -50.13459171 ], [ -68.35778037, -50.13637318 ], [ -68.35572984, -50.13846995 ], [ -68.35568854, -50.14144548 ], [ -68.35425316, -50.14794495 ], [ -68.35401542, -50.15110502 ], [ -68.35665582, -50.15558056 ], [ -68.35634993, -50.15688133 ], [ -68.35757025, -50.15930365 ], [ -68.36118641, -50.16323011 ], [ -68.364636, -50.16485635 ], [ -68.36979522, -50.16885502 ], [ -68.37276552, -50.1703548 ], [ -68.37584547, -50.17105314 ], [ -68.38486099, -50.1752545 ], [ -68.38629755, -50.17619092 ], [ -68.38810949, -50.17806358 ], [ -68.39233934, -50.17919835 ], [ -68.395413, -50.18039133 ], [ -68.39760754, -50.18238999 ], [ -68.4030789, -50.18495559 ], [ -68.40807473, -50.18671988 ], [ -68.41587126, -50.18873993 ], [ -68.42279248, -50.19094441 ], [ -68.43800675, -50.19442848 ], [ -68.44458089, -50.19618459 ], [ -68.4475348, -50.19682849 ], [ -68.45013716, -50.19746187 ], [ -68.45495201, -50.19835092 ], [ -68.45707027, -50.19891697 ], [ -68.46139646, -50.20080052 ], [ -68.4629109, -50.20328443 ], [ -68.47120886, -50.20412996 ], [ -68.47794807, -50.20595739 ], [ -68.48382733, -50.20703785 ], [ -68.48921326, -50.20879373 ], [ -68.49528356, -50.21030995 ], [ -68.50221999, -50.21182521 ], [ -68.51581326, -50.21442692 ], [ -68.52245475, -50.21668384 ], [ -68.52842863, -50.21825693 ], [ -68.53023889, -50.22080688 ], [ -68.54411592, -50.22439502 ], [ -68.55828008, -50.22829167 ], [ -68.56858879, -50.23161619 ], [ -68.57697713, -50.23350263 ], [ -68.5826615, -50.23538383 ], [ -68.59867198, -50.23872773 ], [ -68.60503047, -50.24122763 ], [ -68.61119794, -50.24329104 ], [ -68.62027247, -50.24468674 ], [ -68.62615031, -50.24681291 ], [ -68.63280891, -50.24844642 ], [ -68.63356206, -50.25098776 ], [ -68.63559515, -50.25043897 ], [ -68.63925605, -50.25193447 ], [ -68.65565881, -50.25607483 ], [ -68.65884837, -50.25645897 ], [ -68.65854256, -50.25825554 ], [ -68.65930157, -50.26030155 ], [ -68.66065672, -50.26036581 ], [ -68.66540844, -50.2583339 ], [ -68.66887956, -50.25945984 ], [ -68.67050057, -50.2629348 ], [ -68.67320764, -50.26294624 ], [ -68.69323623, -50.26814551 ], [ -68.70437589, -50.27089543 ], [ -68.71915973, -50.27477821 ], [ -68.73171067, -50.27846367 ], [ -68.73188645, -50.28137945 ], [ -68.73951078, -50.2843674 ], [ -68.74965684, -50.28624892 ], [ -68.75430281, -50.28570331 ], [ -68.76300838, -50.28565754 ], [ -68.7771146, -50.2897782 ], [ -68.79883579, -50.30016625 ], [ -68.80413684, -50.30538096 ], [ -68.80963888, -50.30817824 ], [ -68.81525161, -50.30831512 ], [ -68.81902582, -50.30881403 ], [ -68.82259289, -50.31272472 ], [ -68.83236272, -50.31435255 ], [ -68.84116322, -50.31640638 ], [ -68.86204781, -50.32381051 ], [ -68.8698788, -50.3276615 ], [ -68.87306532, -50.33026717 ], [ -68.8801205, -50.33535816 ], [ -68.87924317, -50.33752641 ], [ -68.87884425, -50.34310342 ], [ -68.87796359, -50.34632468 ], [ -68.88018842, -50.34725568 ], [ -68.88424655, -50.35128816 ], [ -68.88201227, -50.35351631 ], [ -68.87997496, -50.35475355 ], [ -68.88006947, -50.356679 ], [ -68.88093456, -50.3590333 ], [ -68.88161098, -50.35915645 ], [ -68.88374794, -50.3573607 ], [ -68.88878033, -50.35860792 ], [ -68.89207196, -50.36053286 ], [ -68.89507459, -50.36047016 ], [ -68.899432, -50.36103584 ], [ -68.9039857, -50.36221678 ], [ -68.90843712, -50.36463562 ], [ -68.91211005, -50.3687903 ], [ -68.92372387, -50.37722776 ], [ -68.9256585, -50.37995455 ], [ -68.9240061, -50.38311666 ], [ -68.92710482, -50.38454207 ], [ -68.93359459, -50.38913249 ], [ -68.93824364, -50.39211156 ], [ -68.94182889, -50.3940966 ], [ -68.9519004, -50.40271395 ], [ -68.95984767, -50.41064779 ], [ -68.96789203, -50.41765371 ], [ -68.97128518, -50.42088066 ], [ -68.98369718, -50.43562927 ], [ -68.99242766, -50.44815072 ], [ -68.99485357, -50.45310987 ], [ -68.9965998, -50.45595782 ], [ -69.00125842, -50.46159895 ], [ -69.01061445, -50.47359971 ], [ -69.01600324, -50.47831939 ], [ -69.02066425, -50.48315761 ], [ -69.02267357, -50.48583406 ], [ -69.02715245, -50.48956559 ], [ -69.03272729, -50.49311846 ], [ -69.03501291, -50.49573985 ], [ -69.03657035, -50.50063544 ], [ -69.03730094, -50.50278876 ], [ -69.03849385, -50.50791929 ], [ -69.042248, -50.51455881 ], [ -69.0460917, -50.51968617 ], [ -69.04645665, -50.52189899 ], [ -69.0432597, -50.52242556 ], [ -69.04216236, -50.52341866 ], [ -69.04389987, -50.52364762 ], [ -69.0458189, -50.52347563 ], [ -69.0502151, -50.529708 ], [ -69.05295936, -50.53285413 ], [ -69.05808566, -50.53826968 ], [ -69.06678862, -50.5477053 ], [ -69.06843767, -50.55096686 ], [ -69.07173276, -50.55288684 ], [ -69.07430232, -50.55725659 ], [ -69.07366521, -50.5597648 ], [ -69.07412459, -50.56116267 ], [ -69.07760349, -50.56250141 ], [ -69.07714601, -50.56366381 ], [ -69.07824554, -50.56419118 ], [ -69.07898111, -50.56523709 ], [ -69.07843222, -50.56686775 ], [ -69.07916969, -50.56855702 ], [ -69.0784388, -50.56990024 ], [ -69.08038448, -50.58493098 ], [ -69.08176339, -50.58854402 ], [ -69.08277541, -50.59046638 ], [ -69.08323539, -50.59227367 ], [ -69.0851672, -50.5978061 ], [ -69.08590638, -50.6004852 ], [ -69.08682447, -50.60252494 ], [ -69.08700964, -50.60357268 ], [ -69.08774955, -50.60712919 ], [ -69.09004576, -50.61120701 ], [ -69.09005079, -50.61353763 ], [ -69.0906941, -50.61481781 ], [ -69.09188634, -50.61534022 ], [ -69.0921626, -50.61580719 ], [ -69.09115818, -50.61708835 ], [ -69.09254376, -50.62297333 ], [ -69.09373645, -50.62472414 ], [ -69.09456225, -50.62495527 ], [ -69.09419714, -50.6257124 ], [ -69.09456593, -50.62623752 ], [ -69.09851502, -50.63235231 ], [ -69.09971288, -50.63514675 ], [ -69.10790456, -50.65052385 ], [ -69.10928728, -50.65489241 ], [ -69.1120472, -50.658446 ], [ -69.1221583, -50.66944635 ], [ -69.12474441, -50.67626222 ], [ -69.12632443, -50.68407159 ], [ -69.12679447, -50.68826314 ], [ -69.12663055, -50.69584053 ], [ -69.131053, -50.70218592 ], [ -69.13448194, -50.71389348 ], [ -69.13798637, -50.71983715 ], [ -69.14022922, -50.73282673 ], [ -69.14014282, -50.73492374 ], [ -69.14026432, -50.74535703 ], [ -69.13881411, -50.75170649 ], [ -69.1389078, -50.75579642 ], [ -69.13893341, -50.76044794 ], [ -69.13832394, -50.76556822 ], [ -69.15403699, -50.76524256 ], [ -69.15403847, -50.76548392 ], [ -69.96636217, -50.7521884 ], [ -70.40131452, -50.7427489 ], [ -70.60013036, -50.73784237 ], [ -70.60001975, -50.21180172 ], [ -70.60001926, -50.20947621 ], [ -70.60001949, -50.20942464 ], [ -70.60003247, -50.20644573 ], [ -70.6022083, -49.70718326 ], [ -70.60290424, -49.36199478 ], [ -70.60015625, -49.20705576 ], [ -70.60013502, -49.2058586 ], [ -70.60003035, -49.19995681 ], [ -70.44290147, -49.20497402 ], [ -69.75952513, -49.20854667 ], [ -69.7628752, -49.31810696 ], [ -69.7627582, -49.31810628 ], [ -69.75912395, -49.31812577 ], [ -69.24457985, -49.3182659 ], [ -68.82805879, -49.31668227 ], [ -68.82385046, -49.45474329 ], [ -68.69030749, -49.45402617 ], [ -67.67675215, -49.44360206 ], [ -67.67809821, -49.4481669 ], [ -67.68054261, -49.45400965 ], [ -67.683036, -49.46263463 ], [ -67.68443972, -49.47133078 ], [ -67.68638471, -49.47550244 ], [ -67.68681946, -49.48084191 ], [ -67.68846228, -49.48588943 ], [ -67.68857134, -49.49629788 ], [ -67.68982514, -49.50780232 ], [ -67.69203226, -49.51360501 ], [ -67.69278424, -49.51611582 ], [ -67.69598151, -49.52243594 ], [ -67.69810798, -49.52893001 ], [ -67.69879651, -49.53264433 ], [ -67.69885616, -49.53776063 ], [ -67.6997197, -49.54225047 ], [ -67.70183601, -49.55135373 ], [ -67.7031163, -49.55524634 ], [ -67.70461092, -49.56401953 ], [ -67.70496454, -49.57415262 ], [ -67.70603963, -49.58491301 ], [ -67.70604611, -49.58498021 ], [ -67.7070563, -49.58842499 ], [ -67.70756401, -49.59078374 ], [ -67.70704155, -49.59239733 ], [ -67.70674724, -49.59497768 ], [ -67.70683821, -49.59660225 ], [ -67.70605005, -49.59890585 ], [ -67.70668362, -49.60246044 ], [ -67.70742698, -49.60543031 ], [ -67.70789296, -49.60850144 ], [ -67.7095074, -49.61690535 ], [ -67.71186632, -49.62293991 ], [ -67.71427966, -49.62706057 ], [ -67.7183448, -49.63150054 ], [ -67.72120977, -49.63505386 ], [ -67.72107748, -49.63779855 ], [ -67.72008576, -49.64582752 ], [ -67.71739269, -49.65245961 ], [ -67.71865718, -49.65843079 ], [ -67.71995418, -49.66151741 ], [ -67.72106937, -49.66408518 ], [ -67.72152305, -49.66872657 ], [ -67.72253688, -49.67038987 ], [ -67.72185171, -49.67157836 ], [ -67.72062643, -49.67173638 ], [ -67.7196011, -49.67599288 ], [ -67.71837452, -49.67763976 ], [ -67.71619922, -49.68051282 ], [ -67.71637299, -49.68784644 ], [ -67.71601374, -49.69447314 ], [ -67.71719028, -49.70642124 ], [ -67.71796594, -49.71409012 ], [ -67.72230001, -49.72271116 ], [ -67.72016662, -49.72656762 ], [ -67.72222403, -49.72917337 ], [ -67.72052372, -49.73470337 ], [ -67.72195507, -49.74103653 ], [ -67.72318164, -49.74693724 ], [ -67.72588977, -49.75571456 ], [ -67.72837591, -49.76622813 ], [ -67.72951501, -49.77167806 ], [ -67.73437612, -49.78504501 ], [ -67.73683968, -49.7898514 ], [ -67.74178268, -49.79719641 ], [ -67.74341828, -49.79910394 ], [ -67.74529904, -49.80422194 ], [ -67.7484665, -49.81189592 ], [ -67.75231591, -49.81602437 ], [ -67.75264867, -49.81821021 ], [ -67.75403166, -49.82135594 ], [ -67.75779546, -49.82555521 ], [ -67.76009551, -49.82826281 ], [ -67.76102704, -49.8294974 ], [ -67.76128418, -49.83073276 ], [ -67.76304933, -49.83160465 ], [ -67.7630698, -49.83287224 ], [ -67.76453775, -49.83520921 ], [ -67.76794303, -49.83832542 ], [ -67.77008658, -49.84207833 ], [ -67.77063364, -49.84371103 ], [ -67.77073561, -49.84513269 ], [ -67.77568003, -49.85272818 ], [ -67.77891983, -49.8574927 ], [ -67.78081159, -49.86096795 ], [ -67.78290674, -49.86364762 ], [ -67.78303749, -49.86380864 ], [ -67.78496501, -49.86732283 ], [ -67.78633001, -49.8698977 ], [ -67.78682316, -49.87399747 ], [ -67.79285957, -49.88569876 ], [ -67.79646737, -49.89174301 ], [ -67.80200109, -49.89998773 ], [ -67.80524694, -49.90475132 ], [ -67.80854396, -49.90747058 ], [ -67.81260002, -49.91147611 ], [ -67.81604242, -49.91637517 ], [ -67.82000368, -49.92262443 ], [ -67.82503044, -49.9275337 ], [ -67.82909442, -49.93141241 ], [ -67.82908877, -49.93166903 ], [ -67.83238295, -49.93463966 ], [ -67.83460563, -49.93800582 ], [ -67.83518327, -49.94157563 ], [ -67.84428399, -49.95036207 ], [ -67.85098422, -49.95815993 ], [ -67.85660162, -49.96346146 ], [ -67.87296794, -49.97538615 ], [ -67.88157496, -49.98020075 ], [ -67.90772207, -49.99911169 ], [ -67.9121797, -50.00192283 ], [ -67.91608492, -50.0040106 ], [ -67.92037239, -50.00635189 ], [ -67.92313438, -50.00786728 ], [ -67.92590914, -50.00882429 ], [ -67.92935728, -50.0099145 ], [ -67.93202748, -50.01124467 ], [ -67.93546196, -50.0130145 ], [ -67.93918248, -50.01491597 ], [ -67.94786864, -50.01897123 ], [ -67.95063762, -50.02030125 ], [ -67.95398152, -50.02182253 ], [ -67.95732119, -50.02346983 ], [ -67.9596948, -50.02529339 ], [ -67.9663559, -50.029515 ], [ -67.9705426, -50.03228613 ], [ -67.97607332, -50.03531873 ], [ -67.9791167, -50.03745947 ], [ -67.98397383, -50.04048469 ], [ -67.99102441, -50.04464768 ], [ -67.9981079, -50.04750435 ], [ -68.0019214, -50.04977769 ], [ -68.01004885, -50.0534522 ], [ -68.01654311, -50.05686406 ], [ -68.02294896, -50.06002299 ], [ -68.03776944, -50.06704414 ], [ -68.05378243, -50.07276987 ], [ -68.06653649, -50.07728658 ], [ -68.07834119, -50.08123177 ], [ -68.0925534, -50.08551077 ], [ -68.10061536, -50.08824628 ], [ -68.10925336, -50.09129321 ], [ -68.12115444, -50.09554925 ], [ -68.12900813, -50.0992142 ], [ -68.13621062, -50.10175144 ], [ -68.14224813, -50.10440745 ], [ -68.17285089, -50.11159145 ], [ -68.17834593, -50.11243448 ], [ -68.20031322, -50.11650634 ], [ -68.22579067, -50.11879177 ], [ -68.23408823, -50.11971709 ], [ -68.2399829, -50.11994084 ], [ -68.25825445, -50.11974689 ], [ -68.26396606, -50.11916349 ], [ -68.27216919, -50.11960453 ], [ -68.27553561, -50.11955018 ], [ -68.28889343, -50.11981355 ], [ -68.30666566, -50.12066941 ], [ -68.31320092, -50.12130093 ], [ -68.31950509, -50.12167728 ], [ -68.32229726, -50.12256117 ], [ -68.33177496, -50.1222466 ], [ -68.3354395, -50.12295054 ], [ -68.34057665, -50.12180049 ], [ -68.34368633, -50.1206988 ], [ -68.35038126, -50.11874761 ], [ -68.35311299, -50.11677239 ], [ -68.35489737, -50.11349132 ], [ -68.35675683, -50.11175879 ], [ -68.35804411, -50.10231948 ], [ -68.35994415, -50.09748542 ], [ -68.36349169, -50.09209814 ], [ -68.36936112, -50.0864726 ], [ -68.37654703, -50.08365128 ], [ -68.37781719, -50.08260256 ], [ -68.38044815, -50.08081578 ], [ -68.39016121, -50.07632853 ], [ -68.39997435, -50.07159733 ], [ -68.40302628, -50.06701464 ], [ -68.408847, -50.06449339 ], [ -68.4164559, -50.05819468 ], [ -68.41969439, -50.05373775 ], [ -68.42259071, -50.04567075 ], [ -68.4268904, -50.04134381 ], [ -68.43030556, -50.03800296 ], [ -68.44047436, -50.02655724 ], [ -68.44195593, -50.02363983 ], [ -68.44372784, -50.02042081 ], [ -68.44445017, -50.01638289 ], [ -68.44467108, -50.01383517 ], [ -68.44523564, -50.01123978 ], [ -68.45231761, -49.99910682 ], [ -68.45569688, -49.99153248 ], [ -68.46260801, -49.9820962 ], [ -68.46594843, -49.97827635 ], [ -68.47239292, -49.97234358 ], [ -68.47706792, -49.96668768 ], [ -68.48038362, -49.96499651 ], [ -68.48479876, -49.96331608 ], [ -68.48743616, -49.96332594 ], [ -68.48943765, -49.9610625 ], [ -68.49191601, -49.95448447 ], [ -68.49548922, -49.94910503 ], [ -68.49926674, -49.94500243 ], [ -68.5036946, -49.94189899 ], [ -68.5107724, -49.9371035 ], [ -68.51803768, -49.93556931 ], [ -68.52213681, -49.93603046 ], [ -68.52660397, -49.93574955 ], [ -68.52923747, -49.93507028 ], [ -68.53189504, -49.93281068 ], [ -68.53368136, -49.92997636 ], [ -68.53196516, -49.92571252 ], [ -68.53528064, -49.92345284 ], [ -68.53815803, -49.92105209 ], [ -68.5408255, -49.91779752 ], [ -68.54283148, -49.91482204 ], [ -68.54351342, -49.91226994 ], [ -68.54354661, -49.90886265 ], [ -68.54487796, -49.90611294 ], [ -68.54315595, -49.90255588 ], [ -68.54164513, -49.899713 ], [ -68.54297757, -49.89815547 ], [ -68.54383405, -49.89663874 ], [ -68.54563651, -49.89532408 ], [ -68.54671917, -49.89317112 ], [ -68.54873361, -49.89306545 ], [ -68.55291223, -49.89194701 ], [ -68.55292349, -49.88895916 ], [ -68.55097849, -49.88739697 ], [ -68.55165178, -49.88583499 ], [ -68.55297625, -49.88342741 ], [ -68.55651114, -49.88259169 ], [ -68.55652843, -49.88074629 ], [ -68.55654955, -49.87832933 ], [ -68.55836716, -49.87138102 ], [ -68.56369481, -49.86472715 ], [ -68.56856879, -49.85759098 ], [ -68.57385892, -49.85476704 ], [ -68.57695774, -49.8512298 ], [ -68.58425206, -49.84486689 ], [ -68.58802036, -49.83991128 ], [ -68.59399109, -49.83382767 ], [ -68.59861115, -49.83185828 ], [ -68.6021297, -49.83058998 ], [ -68.60434578, -49.82747717 ], [ -68.60721564, -49.82478698 ], [ -68.60923325, -49.81939819 ], [ -68.6108021, -49.8142201 ], [ -68.61282457, -49.80798068 ], [ -68.6150494, -49.80372895 ], [ -68.61991471, -49.79806652 ], [ -68.62518708, -49.79609577 ], [ -68.62586527, -49.79325983 ], [ -68.62436262, -49.78941883 ], [ -68.62679787, -49.78573698 ], [ -68.62966111, -49.78361788 ], [ -68.63219331, -49.78149235 ], [ -68.6365606, -49.77773405 ], [ -68.64019691, -49.78038196 ], [ -68.63711914, -49.78193592 ], [ -68.63561576, -49.78272013 ], [ -68.63534897, -49.78448778 ], [ -68.63380904, -49.78561568 ], [ -68.63247192, -49.78830834 ], [ -68.63113849, -49.79031695 ], [ -68.63178547, -49.79283188 ], [ -68.63153388, -49.79709126 ], [ -68.62975175, -49.80092134 ], [ -68.62642686, -49.80616276 ], [ -68.62465778, -49.80828697 ], [ -68.62082603, -49.81138885 ], [ -68.62010393, -49.81337207 ], [ -68.62196435, -49.8163679 ], [ -68.62699355, -49.81790918 ], [ -68.62730165, -49.82004922 ], [ -68.62542385, -49.82240819 ], [ -68.62429519, -49.82666525 ], [ -68.62118939, -49.83162588 ], [ -68.61655273, -49.835869 ], [ -68.61059031, -49.84110311 ], [ -68.61033067, -49.84635709 ], [ -68.61029164, -49.85075453 ], [ -68.60805944, -49.85586131 ], [ -68.60495735, -49.85968301 ], [ -68.60007016, -49.86705088 ], [ -68.59896101, -49.86889073 ], [ -68.59552142, -49.87341685 ], [ -68.59313786, -49.87600668 ], [ -68.58931977, -49.88042944 ], [ -68.59030458, -49.88379206 ], [ -68.58875294, -49.8856352 ], [ -68.58783594, -49.89031351 ], [ -68.58297108, -49.89470116 ], [ -68.58336534, -49.8996715 ], [ -68.58465535, -49.90308241 ], [ -68.58045079, -49.90689814 ], [ -68.57842834, -49.9121471 ], [ -68.57861805, -49.91450891 ], [ -68.57907181, -49.91680399 ], [ -68.57679709, -49.92141272 ], [ -68.57764394, -49.92496656 ], [ -68.57388164, -49.92807684 ], [ -68.57318874, -49.93190738 ], [ -68.56943479, -49.9341623 ], [ -68.57139522, -49.9360159 ], [ -68.5744708, -49.93602963 ], [ -68.58194327, -49.93548916 ], [ -68.58807032, -49.93594003 ], [ -68.59860737, -49.93696894 ], [ -68.60452999, -49.93826565 ], [ -68.61085093, -49.94055502 ], [ -68.61521379, -49.94440134 ], [ -68.62374652, -49.94925952 ], [ -68.63115743, -49.95309645 ], [ -68.64012385, -49.95880065 ], [ -68.64911308, -49.96209607 ], [ -68.65909101, -49.96415015 ], [ -68.67882484, -49.96588214 ], [ -68.69305674, -49.96549274 ], [ -68.70430317, -49.96616223 ], [ -68.71125991, -49.96468503 ], [ -68.72087126, -49.96257217 ], [ -68.73542808, -49.96260685 ], [ -68.7489901, -49.96391745 ], [ -68.76287965, -49.96565556 ], [ -68.77863458, -49.96526063 ], [ -68.79286633, -49.96464291 ], [ -68.80840333, -49.96787674 ], [ -68.81897612, -49.96800198 ], [ -68.82659231, -49.96640807 ], [ -68.83619335, -49.96482145 ], [ -68.84082809, -49.96418694 ], [ -68.8451325, -49.96376242 ], [ -68.85324351, -49.96326655 ], [ -68.85985092, -49.96319727 ], [ -68.86649288, -49.96369729 ], [ -68.87418387, -49.96494497 ], [ -68.87449854, -49.96499602 ], [ -68.87705964, -49.96549387 ], [ -68.87761187, -49.95557075 ], [ -68.8802631, -49.95641771 ], [ -68.8825188, -49.9570621 ], [ -68.88511265, -49.95774367 ], [ -68.88764464, -49.95858854 ], [ -68.89007784, -49.95920592 ], [ -68.89303623, -49.96013873 ], [ -68.89495162, -49.96060408 ], [ -68.89709198, -49.96166979 ], [ -68.89841483, -49.9624074 ], [ -68.90071066, -49.96323598 ], [ -68.90216498, -49.96378502 ], [ -68.90363205, -49.96435656 ], [ -68.9053688, -49.96505515 ], [ -68.90801134, -49.96612214 ], [ -68.90809048, -49.9661541 ], [ -68.91423373, -49.96863907 ], [ -68.91985539, -49.97099393 ], [ -68.92182808, -49.97197734 ], [ -68.92443275, -49.97432773 ], [ -68.92642901, -49.97733028 ], [ -68.92654703, -49.97765095 ], [ -68.92832963, -49.98022254 ], [ -68.9285651, -49.98062383 ], [ -68.93001345, -49.98238807 ], [ -68.93074869, -49.98340027 ], [ -68.93118622, -49.98421952 ], [ -68.93214516, -49.98614675 ], [ -68.93250509, -49.98762897 ], [ -68.93231807, -49.9892552 ], [ -68.93179779, -49.99075121 ], [ -68.93026152, -49.99293342 ], [ -68.92778736, -49.99593783 ], [ -68.92710462, -49.99671372 ], [ -68.92595431, -49.99831545 ], [ -68.92311819, -49.9971602 ], [ -68.92147152, -49.99763202 ], [ -68.91989267, -49.99808441 ], [ -68.91632762, -49.9991059 ], [ -68.90896055, -49.99590558 ], [ -68.90456645, -49.9941998 ], [ -68.90206359, -49.98882478 ], [ -68.90171126, -49.98684827 ], [ -68.90124492, -49.98423215 ], [ -68.90059203, -49.97985153 ], [ -68.89596478, -49.97600213 ], [ -68.88953701, -49.97316667 ], [ -68.88042049, -49.97064315 ], [ -68.8720219, -49.96979221 ], [ -68.85915474, -49.96836185 ], [ -68.84875222, -49.96834867 ], [ -68.83642024, -49.97186497 ], [ -68.82956388, -49.97504097 ], [ -68.82325849, -49.97732943 ], [ -68.81558488, -49.97837706 ], [ -68.80737314, -49.97783145 ], [ -68.79587647, -49.97639715 ], [ -68.78759925, -49.97631685 ], [ -68.78724072, -49.9762943 ], [ -68.7674527, -49.97654066 ], [ -68.7544756, -49.97764615 ], [ -68.74237285, -49.97918367 ], [ -68.73312048, -49.98257175 ], [ -68.7203593, -49.98410357 ], [ -68.71067757, -49.98507251 ], [ -68.69204419, -49.9890011 ], [ -68.68345099, -49.99125038 ], [ -68.67288585, -49.99249797 ], [ -68.66321356, -49.99176175 ], [ -68.65970081, -49.99132633 ], [ -68.65601491, -49.99057534 ], [ -68.65033928, -49.98948955 ], [ -68.64696293, -49.98887612 ], [ -68.64348599, -49.98788058 ], [ -68.64151282, -49.9867351 ], [ -68.6371244, -49.98572984 ], [ -68.6278852, -49.98238712 ], [ -68.62363342, -49.98084382 ], [ -68.61717417, -49.977572 ], [ -68.60928365, -49.97485066 ], [ -68.60468857, -49.97199612 ], [ -68.60206313, -49.97056667 ], [ -68.59790725, -49.96785255 ], [ -68.5940336, -49.96591197 ], [ -68.58936364, -49.96455863 ], [ -68.58528658, -49.96404478 ], [ -68.57650899, -49.96584957 ], [ -68.57150484, -49.96919506 ], [ -68.56698098, -49.97208531 ], [ -68.55646201, -49.98289828 ], [ -68.55020554, -49.99153073 ], [ -68.54510262, -49.99605397 ], [ -68.54206168, -49.99910759 ], [ -68.54176479, -49.99936768 ], [ -68.53880973, -50.00073743 ], [ -68.5354841, -50.00260215 ], [ -68.53504634, -50.00284761 ], [ -68.53426491, -50.00310379 ], [ -68.53078857, -50.00424347 ], [ -68.52894786, -50.00526274 ], [ -68.5272405, -50.00462001 ], [ -68.52823558, -50.00595813 ], [ -68.52804688, -50.00732132 ], [ -68.52518025, -50.00867206 ], [ -68.53279319, -50.01364205 ], [ -68.53524352, -50.0120415 ], [ -68.5376661, -50.01373593 ], [ -68.53663512, -50.01469882 ], [ -68.53503852, -50.01611051 ], [ -68.53564235, -50.01916283 ], [ -68.53657978, -50.01980391 ], [ -68.54158438, -50.02322643 ], [ -68.54748443, -50.02795055 ], [ -68.5501389, -50.02890439 ], [ -68.5496586, -50.02916847 ], [ -68.5479503, -50.0304732 ], [ -68.5445771, -50.02863524 ], [ -68.53909517, -50.02596801 ], [ -68.53831474, -50.02568222 ], [ -68.53780538, -50.02609644 ], [ -68.53231052, -50.02994584 ], [ -68.52867566, -50.03238325 ], [ -68.52797666, -50.03182495 ], [ -68.51992116, -50.02648005 ], [ -68.50937355, -50.01898283 ] ], [ [ -68.63671114, -49.77648855 ], [ -68.63818066, -49.77484689 ], [ -68.639423, -49.77535119 ], [ -68.63943196, -49.77602404 ], [ -68.63848402, -49.77711865 ], [ -68.63671114, -49.77648855 ] ] ] ] } },
{ "type": "Feature", "properties": { "circuito": "S/D", "codprov": "20", "coddepto": "nan" }, "geometry": { "type": "MultiPolygon", "coordinates": [ [ [ [ -72.40011064, -48.07299905 ], [ -72.40233423, -48.07365314 ], [ -72.40516802, -48.07380643 ], [ -72.40727687, -48.07569938 ], [ -72.40888183, -48.07602164 ], [ -72.41195686, -48.07534868 ], [ -72.41590353, -48.07616181 ], [ -72.41910535, -48.07606815 ], [ -72.42156214, -48.07506775 ], [ -72.42165748, -48.07168214 ], [ -72.42140265, -48.07060885 ], [ -72.42336614, -48.0696132 ], [ -72.42693837, -48.06976336 ], [ -72.42915668, -48.06984089 ], [ -72.43172552, -48.06801133 ], [ -72.43442732, -48.06701287 ], [ -72.43778898, -48.06556655 ], [ -72.43810944, -48.06542868 ], [ -72.44080462, -48.06384963 ], [ -72.44276796, -48.06302028 ], [ -72.44411795, -48.06243543 ], [ -72.44341037, -48.06041361 ], [ -72.44310858, -48.05955125 ], [ -72.43988794, -48.05717018 ], [ -72.43936349, -48.05345313 ], [ -72.44056796, -48.05064208 ], [ -72.44141836, -48.04915292 ], [ -72.44053802, -48.04692907 ], [ -72.43695951, -48.04578909 ], [ -72.43510756, -48.04537963 ], [ -72.43176276, -48.04291858 ], [ -72.42841315, -48.0397913 ], [ -72.42814007, -48.03657583 ], [ -72.43143044, -48.03260135 ], [ -72.4305361, -48.02847359 ], [ -72.43162048, -48.02583023 ], [ -72.42961499, -48.02162789 ], [ -72.42885783, -48.01915509 ], [ -72.42784059, -48.01519514 ], [ -72.42942268, -48.01312307 ], [ -72.42927813, -48.01056802 ], [ -72.42753281, -48.00751955 ], [ -72.42308556, -48.00546937 ], [ -72.4211098, -48.00465113 ], [ -72.4209728, -48.0029196 ], [ -72.41898563, -48.00044947 ], [ -72.41955566, -47.99919014 ], [ -72.42108917, -47.99859505 ], [ -72.42266845, -47.99798469 ], [ -72.42277526, -47.99793892 ], [ -72.42288207, -47.99787407 ], [ -72.422966, -47.99781685 ], [ -72.42306518, -47.99774055 ], [ -72.4231491, -47.99766426 ], [ -72.42321777, -47.99759559 ], [ -72.42330932, -47.99750785 ], [ -72.42340087, -47.99740486 ], [ -72.42353057, -47.9972599 ], [ -72.42362975, -47.99715309 ], [ -72.42370605, -47.99708061 ], [ -72.42378234, -47.99700813 ], [ -72.42385101, -47.99693946 ], [ -72.4239273, -47.9968708 ], [ -72.42406463, -47.99674491 ], [ -72.42419433, -47.99662284 ], [ -72.4243164, -47.99651221 ], [ -72.42443084, -47.99640922 ], [ -72.42453765, -47.99631385 ], [ -72.4246292, -47.9962223 ], [ -72.42472076, -47.99613074 ], [ -72.42480468, -47.99605445 ], [ -72.42488097, -47.99597816 ], [ -72.42494964, -47.99590568 ], [ -72.42501067, -47.99583701 ], [ -72.42510223, -47.99574546 ], [ -72.42517852, -47.99565391 ], [ -72.42527007, -47.99555091 ], [ -72.42534637, -47.99545554 ], [ -72.42541503, -47.9953678 ], [ -72.42549133, -47.99526099 ], [ -72.42555236, -47.99516944 ], [ -72.42562103, -47.99507025 ], [ -72.4256668, -47.99499396 ], [ -72.42571258, -47.99491004 ], [ -72.42576598, -47.99480704 ], [ -72.42581176, -47.99469641 ], [ -72.42583465, -47.99460867 ], [ -72.42584228, -47.99450949 ], [ -72.42584228, -47.99442557 ], [ -72.42583465, -47.99433783 ], [ -72.42581176, -47.99424246 ], [ -72.42578124, -47.99413947 ], [ -72.42575836, -47.99404791 ], [ -72.42572021, -47.99392966 ], [ -72.42565917, -47.99371985 ], [ -72.42559814, -47.99354056 ], [ -72.42557525, -47.99345663 ], [ -72.42552947, -47.99330786 ], [ -72.4254837, -47.99317816 ], [ -72.42544555, -47.99306372 ], [ -72.42541503, -47.99296072 ], [ -72.42538451, -47.99287298 ], [ -72.42533111, -47.99273184 ], [ -72.42529296, -47.9926174 ], [ -72.42525482, -47.99252966 ], [ -72.42520904, -47.99240759 ], [ -72.42514037, -47.992255 ], [ -72.42505645, -47.99204901 ], [ -72.42500305, -47.99193456 ], [ -72.42495727, -47.99183538 ], [ -72.42491912, -47.99175146 ], [ -72.42485809, -47.99164083 ], [ -72.42481231, -47.99154928 ], [ -72.42475128, -47.9914501 ], [ -72.42468261, -47.9913471 ], [ -72.42462158, -47.99125936 ], [ -72.42456054, -47.99116781 ], [ -72.42448425, -47.99106863 ], [ -72.42440795, -47.9909847 ], [ -72.42433929, -47.99090459 ], [ -72.42424774, -47.99080922 ], [ -72.42416381, -47.9907253 ], [ -72.42408752, -47.99065282 ], [ -72.42395782, -47.99052312 ], [ -72.42382812, -47.99038961 ], [ -72.42373657, -47.99029805 ], [ -72.4236679, -47.99022176 ], [ -72.42359924, -47.99014928 ], [ -72.42353057, -47.99006917 ], [ -72.42343902, -47.98996617 ], [ -72.42334747, -47.98986699 ], [ -72.42318725, -47.9896877 ], [ -72.42311096, -47.98960759 ], [ -72.42304229, -47.9895313 ], [ -72.42292022, -47.98939778 ], [ -72.42281341, -47.98927571 ], [ -72.42272186, -47.9891689 ], [ -72.42264556, -47.98907353 ], [ -72.4225769, -47.98898961 ], [ -72.42249297, -47.9888828 ], [ -72.42242431, -47.98879124 ], [ -72.42235565, -47.98869588 ], [ -72.42228698, -47.98858525 ], [ -72.4222412, -47.98850514 ], [ -72.42218017, -47.98840214 ], [ -72.42212676, -47.98829533 ], [ -72.42206573, -47.98817708 ], [ -72.42201232, -47.98806645 ], [ -72.42196655, -47.98795964 ], [ -72.42192077, -47.98786045 ], [ -72.42188262, -47.98776509 ], [ -72.42184448, -47.98767353 ], [ -72.42177581, -47.98751332 ], [ -72.42172241, -47.98736836 ], [ -72.42167663, -47.98723866 ], [ -72.42163085, -47.98712803 ], [ -72.42160034, -47.98704792 ], [ -72.4221878, -47.98437 ], [ -72.42266845, -47.9841106 ], [ -72.42280578, -47.9840343 ], [ -72.42300414, -47.98392368 ], [ -72.42311096, -47.98386645 ], [ -72.42328643, -47.98377109 ], [ -72.42337798, -47.9837215 ], [ -72.42353057, -47.9836452 ], [ -72.42364501, -47.98358035 ], [ -72.4237442, -47.98351932 ], [ -72.42385101, -47.98343921 ], [ -72.42389678, -47.98336291 ], [ -72.42390441, -47.9832828 ], [ -72.42388915, -47.98319888 ], [ -72.42385101, -47.98311114 ], [ -72.42381286, -47.98303103 ], [ -72.42375945, -47.98293567 ], [ -72.42372131, -47.98285556 ], [ -72.42369842, -47.98276782 ], [ -72.4236679, -47.98265338 ], [ -72.42364501, -47.98254275 ], [ -72.42359924, -47.98234057 ], [ -72.42352294, -47.98198199 ], [ -72.42347717, -47.98176455 ], [ -72.4231491, -47.97997164 ], [ -72.42313384, -47.97987627 ], [ -72.42306518, -47.9792888 ], [ -72.42304992, -47.97917818 ], [ -72.42303466, -47.97907137 ], [ -72.42302703, -47.97897218 ], [ -72.4230194, -47.97888063 ], [ -72.42301177, -47.97878908 ], [ -72.42301177, -47.97870897 ], [ -72.42300414, -47.97855638 ], [ -72.42299651, -47.97842668 ], [ -72.42298888, -47.97830842 ], [ -72.42298888, -47.97820161 ], [ -72.42298888, -47.97811006 ], [ -72.42298126, -47.97802995 ], [ -72.42298126, -47.97788881 ], [ -72.42298126, -47.97778581 ], [ -72.42298126, -47.97762559 ], [ -72.42298888, -47.97740815 ], [ -72.42300414, -47.97732804 ], [ -72.42303466, -47.97723649 ], [ -72.4230957, -47.97715638 ], [ -72.42318725, -47.97708772 ], [ -72.4232788, -47.97702287 ], [ -72.42336273, -47.97696183 ], [ -72.42346954, -47.97689317 ], [ -72.42356109, -47.97683595 ], [ -72.42368316, -47.97676347 ], [ -72.42382812, -47.97668336 ], [ -72.42401122, -47.97657273 ], [ -72.42414092, -47.97648881 ], [ -72.42424011, -47.97642396 ], [ -72.42432403, -47.97636674 ], [ -72.42449188, -47.97625611 ], [ -72.42463683, -47.97616837 ], [ -72.4247589, -47.97608063 ], [ -72.42488097, -47.97600053 ], [ -72.42642974, -47.97450516 ], [ -72.42649841, -47.97439072 ], [ -72.42655181, -47.97430298 ], [ -72.42675018, -47.97397873 ], [ -72.42681121, -47.9738681 ], [ -72.42687225, -47.97376511 ], [ -72.42693328, -47.97366211 ], [ -72.42698669, -47.97356674 ], [ -72.42704009, -47.97347137 ], [ -72.42708587, -47.97337982 ], [ -72.42713165, -47.97328827 ], [ -72.42717742, -47.97320434 ], [ -72.4272232, -47.97312042 ], [ -72.42726898, -47.97304031 ], [ -72.42730712, -47.9729602 ], [ -72.42734527, -47.97288391 ], [ -72.42742156, -47.97273895 ], [ -72.4274826, -47.97260162 ], [ -72.42754363, -47.97247192 ], [ -72.42760467, -47.97234603 ], [ -72.42765807, -47.97223541 ], [ -72.42771148, -47.97212478 ], [ -72.42775726, -47.97202178 ], [ -72.4277954, -47.97192642 ], [ -72.42784118, -47.97183868 ], [ -72.4278717, -47.97175475 ], [ -72.42794036, -47.97159835 ], [ -72.4280014, -47.97146102 ], [ -72.4280548, -47.97134277 ], [ -72.42810058, -47.97123595 ], [ -72.42817687, -47.97104903 ], [ -72.42823028, -47.9709117 ], [ -72.42832183, -47.97070189 ], [ -72.42842864, -47.97044249 ], [ -72.42845916, -47.97035094 ], [ -72.42847442, -47.97026702 ], [ -72.42848968, -47.97017546 ], [ -72.42848205, -47.97008773 ], [ -72.42845916, -47.9700038 ], [ -72.42842101, -47.96991988 ], [ -72.42836761, -47.96983977 ], [ -72.42829894, -47.96976348 ], [ -72.42822265, -47.96968337 ], [ -72.42814636, -47.96961089 ], [ -72.4280548, -47.96953459 ], [ -72.42794036, -47.96945448 ], [ -72.42783355, -47.96938201 ], [ -72.42773437, -47.96931716 ], [ -72.42761993, -47.96924086 ], [ -72.42752075, -47.9691722 ], [ -72.42742919, -47.96911879 ], [ -72.42730712, -47.96904631 ], [ -72.42717742, -47.96897002 ], [ -72.42707824, -47.9689128 ], [ -72.42693328, -47.96883269 ], [ -72.42681121, -47.96876402 ], [ -72.42666625, -47.96869154 ], [ -72.42650604, -47.96860762 ], [ -72.42599487, -47.96680708 ], [ -72.42602538, -47.96670789 ], [ -72.42604827, -47.96661634 ], [ -72.42606353, -47.9665286 ], [ -72.42610168, -47.96638364 ], [ -72.4261322, -47.96627302 ], [ -72.42616271, -47.96615476 ], [ -72.42620086, -47.96605558 ], [ -72.42623138, -47.96597547 ], [ -72.42626952, -47.96589536 ], [ -72.42632293, -47.96579236 ], [ -72.42636108, -47.96568555 ], [ -72.42640685, -47.96558637 ], [ -72.42643737, -47.96549482 ], [ -72.42649841, -47.9653613 ], [ -72.42654418, -47.96524686 ], [ -72.42659759, -47.96513623 ], [ -72.42664336, -47.96504468 ], [ -72.42668914, -47.96496076 ], [ -72.42675018, -47.96486158 ], [ -72.42681121, -47.96478147 ], [ -72.42687988, -47.96470136 ], [ -72.4269638, -47.96462506 ], [ -72.42704772, -47.9645564 ], [ -72.4271469, -47.96449155 ], [ -72.42724609, -47.96444196 ], [ -72.4273529, -47.9644 ], [ -72.42747497, -47.96436948 ], [ -72.427742, -47.96430463 ], [ -72.4280014, -47.96424741 ], [ -72.42994689, -47.96380109 ], [ -72.43066406, -47.96363705 ], [ -72.43379211, -47.96381635 ], [ -72.43397521, -47.96385831 ], [ -72.4341278, -47.96389645 ], [ -72.43436431, -47.96395367 ], [ -72.43448638, -47.96398419 ], [ -72.43467712, -47.96402615 ], [ -72.43480682, -47.96405286 ], [ -72.43493652, -47.96407575 ], [ -72.43505096, -47.96409482 ], [ -72.4352188, -47.96411771 ], [ -72.43537139, -47.96413297 ], [ -72.43551635, -47.96414441 ], [ -72.43563842, -47.96415967 ], [ -72.43579864, -47.9641673 ], [ -72.43593597, -47.96417493 ], [ -72.43611144, -47.96418256 ], [ -72.43630218, -47.964194 ], [ -72.4364624, -47.96419782 ], [ -72.43669128, -47.96420545 ], [ -72.43692779, -47.96421307 ], [ -72.43717193, -47.96422452 ], [ -72.43739318, -47.96422833 ], [ -72.43758392, -47.96423215 ], [ -72.43775176, -47.96423215 ], [ -72.43789672, -47.96423596 ], [ -72.43802642, -47.96423596 ], [ -72.43824767, -47.96423215 ], [ -72.43841552, -47.96422833 ], [ -72.43854522, -47.96422452 ], [ -72.43872833, -47.9642207 ], [ -72.43887328, -47.96420926 ], [ -72.43907928, -47.96420163 ], [ -72.4392929, -47.96418637 ], [ -72.43949889, -47.96417111 ], [ -72.43968963, -47.96415585 ], [ -72.43987273, -47.96414441 ], [ -72.44003295, -47.96412915 ], [ -72.44274902, -47.96365231 ], [ -72.44291686, -47.96359891 ], [ -72.44306182, -47.96355695 ], [ -72.4432373, -47.96349591 ], [ -72.44339752, -47.96344632 ], [ -72.44353484, -47.96340054 ], [ -72.44377898, -47.9633128 ], [ -72.44395446, -47.9632594 ], [ -72.44408416, -47.96321362 ], [ -72.44423675, -47.96316403 ], [ -72.44435882, -47.96312588 ], [ -72.44448089, -47.96309155 ], [ -72.44461822, -47.96304959 ], [ -72.44477844, -47.963 ], [ -72.44494628, -47.96295041 ], [ -72.44509124, -47.96291607 ], [ -72.44521331, -47.96289319 ], [ -72.44535064, -47.96288174 ], [ -72.44550323, -47.9628703 ], [ -72.44569396, -47.96285885 ], [ -72.44586944, -47.96284741 ], [ -72.44604492, -47.96284359 ], [ -72.4461975, -47.96283597 ], [ -72.44635009, -47.96283215 ], [ -72.44649505, -47.96282834 ], [ -72.44662475, -47.96282071 ], [ -72.44675445, -47.96282071 ], [ -72.44769286, -47.96280926 ], [ -72.44791412, -47.96280163 ], [ -72.44808196, -47.96279782 ], [ -72.44821929, -47.962794 ], [ -72.4484024, -47.96278637 ], [ -72.44863128, -47.96277874 ], [ -72.44906616, -47.96275967 ], [ -72.45173644, -47.96262234 ], [ -72.45187377, -47.9626109 ], [ -72.45207977, -47.96260708 ], [ -72.45226287, -47.96259564 ], [ -72.45257568, -47.96258801 ], [ -72.45304107, -47.96256894 ], [ -72.45339965, -47.96255368 ], [ -72.45354461, -47.96254605 ], [ -72.45367431, -47.96253842 ], [ -72.45380401, -47.9625346 ], [ -72.45392608, -47.96252697 ], [ -72.45410156, -47.96251553 ], [ -72.45426177, -47.96250027 ], [ -72.45440673, -47.96248501 ], [ -72.45453643, -47.96246594 ], [ -72.45468902, -47.96244305 ], [ -72.45481109, -47.96241635 ], [ -72.45494079, -47.9623782 ], [ -72.45506286, -47.96233624 ], [ -72.45516967, -47.96229046 ], [ -72.45526885, -47.96222561 ], [ -72.45535278, -47.96215313 ], [ -72.45544433, -47.96201962 ], [ -72.45546722, -47.96193569 ], [ -72.45547485, -47.96185177 ], [ -72.45547485, -47.96176022 ], [ -72.45546722, -47.96167629 ], [ -72.45544433, -47.96153896 ], [ -72.4554367, -47.96145123 ], [ -72.45542907, -47.96135586 ], [ -72.45542907, -47.96127193 ], [ -72.45541381, -47.96110409 ], [ -72.45538329, -47.96052044 ], [ -72.45537566, -47.96037548 ], [ -72.45536804, -47.96026867 ], [ -72.45536041, -47.96018856 ], [ -72.45535278, -47.96000545 ], [ -72.45535278, -47.95992153 ], [ -72.45536041, -47.95983379 ], [ -72.45539092, -47.95975368 ], [ -72.45542144, -47.95966976 ], [ -72.45546722, -47.95958202 ], [ -72.45552825, -47.95949809 ], [ -72.45558929, -47.9594218 ], [ -72.45567321, -47.95933788 ], [ -72.45576476, -47.95925777 ], [ -72.45586395, -47.95918529 ], [ -72.4559555, -47.95911662 ], [ -72.45605468, -47.95905559 ], [ -72.45618438, -47.95897548 ], [ -72.45631408, -47.95889919 ], [ -72.45653533, -47.95876567 ], [ -72.45668029, -47.95867793 ], [ -72.45677947, -47.95861308 ], [ -72.45687866, -47.95854442 ], [ -72.45697784, -47.95847194 ], [ -72.45706939, -47.95839183 ], [ -72.45714568, -47.95831172 ], [ -72.45720672, -47.9582278 ], [ -72.45726012, -47.95814769 ], [ -72.45729827, -47.95806376 ], [ -72.45732116, -47.95797603 ], [ -72.45734405, -47.9578921 ], [ -72.45735931, -47.95779673 ], [ -72.45736694, -47.957709 ], [ -72.45737457, -47.95762507 ], [ -72.45738982, -47.95743434 ], [ -72.45740508, -47.95731227 ], [ -72.45741271, -47.95722453 ], [ -72.4574356, -47.95714442 ], [ -72.45745849, -47.95706431 ], [ -72.45748138, -47.95696894 ], [ -72.45751189, -47.95688883 ], [ -72.45754241, -47.95678965 ], [ -72.45758056, -47.95668665 ], [ -72.45763397, -47.9565684 ], [ -72.45767974, -47.95646922 ], [ -72.45774841, -47.9563624 ], [ -72.45780944, -47.95627085 ], [ -72.45786285, -47.95619837 ], [ -72.45793151, -47.95611445 ], [ -72.45801543, -47.95602671 ], [ -72.45809936, -47.95595042 ], [ -72.45817565, -47.95588175 ], [ -72.45827483, -47.95580546 ], [ -72.45836639, -47.95574442 ], [ -72.45846557, -47.95567194 ], [ -72.45858001, -47.95560328 ], [ -72.45867156, -47.95554987 ], [ -72.45877837, -47.95548884 ], [ -72.45890044, -47.95543162 ], [ -72.45903014, -47.95536677 ], [ -72.45915984, -47.95530954 ], [ -72.45927429, -47.95526377 ], [ -72.45939636, -47.95521418 ], [ -72.45950317, -47.95517603 ], [ -72.45961761, -47.95514551 ], [ -72.45975494, -47.95511118 ], [ -72.45987701, -47.95508829 ], [ -72.46000671, -47.95507685 ], [ -72.46014404, -47.95506922 ], [ -72.46028137, -47.95506922 ], [ -72.46041869, -47.95506922 ], [ -72.46055602, -47.95506922 ], [ -72.46068572, -47.95507303 ], [ -72.46081542, -47.95507685 ], [ -72.46092986, -47.95507685 ], [ -72.46116637, -47.95508448 ], [ -72.46138, -47.95509211 ], [ -72.46158599, -47.95509974 ], [ -72.46178436, -47.95510737 ], [ -72.46196746, -47.95511499 ], [ -72.46213531, -47.95512644 ], [ -72.46342468, -47.95519129 ], [ -72.46358489, -47.95519892 ], [ -72.46372222, -47.95520273 ], [ -72.46385192, -47.95521418 ], [ -72.46405029, -47.95522181 ], [ -72.46421813, -47.95522562 ], [ -72.46443176, -47.95523325 ], [ -72.46456908, -47.95523707 ], [ -72.46479797, -47.95524088 ], [ -72.46492004, -47.95524088 ], [ -72.46504211, -47.95524088 ], [ -72.4651947, -47.95523325 ], [ -72.46533965, -47.95522944 ], [ -72.4655075, -47.95521799 ], [ -72.46781921, -47.95558039 ], [ -72.46784972, -47.95568339 ], [ -72.46788024, -47.95578638 ], [ -72.46790313, -47.95588938 ], [ -72.46791839, -47.95598475 ], [ -72.46794128, -47.956103 ], [ -72.46795654, -47.95622126 ], [ -72.46797179, -47.95632807 ], [ -72.46797942, -47.95642725 ], [ -72.46798705, -47.95652262 ], [ -72.46799468, -47.95661036 ], [ -72.46800231, -47.9566981 ], [ -72.46800231, -47.95685069 ], [ -72.46800994, -47.95697276 ], [ -72.4697647, -47.95865123 ], [ -72.47029876, -47.95868556 ], [ -72.47165679, -47.95876186 ], [ -72.47325134, -47.95888774 ], [ -72.4748001, -47.95899837 ], [ -72.47639465, -47.95910899 ], [ -72.47657012, -47.95912044 ], [ -72.47673797, -47.95913188 ], [ -72.47689056, -47.95913951 ], [ -72.47703552, -47.95914333 ], [ -72.47717284, -47.95914714 ], [ -72.47730254, -47.95915096 ], [ -72.47742461, -47.95915477 ], [ -72.47764587, -47.95915859 ], [ -72.4778366, -47.9591624 ], [ -72.47800445, -47.9591624 ], [ -72.47816467, -47.95915859 ], [ -72.47830199, -47.95915859 ], [ -72.47851562, -47.95915859 ], [ -72.47869872, -47.95915859 ], [ -72.47883605, -47.95915477 ], [ -72.47904205, -47.95914714 ], [ -72.47936248, -47.95914333 ], [ -72.47951507, -47.95913188 ], [ -72.47967529, -47.95911662 ], [ -72.47979736, -47.95910518 ], [ -72.47991943, -47.95908611 ], [ -72.48237609, -47.9583842 ], [ -72.48250579, -47.95834224 ], [ -72.48276519, -47.95825831 ], [ -72.4829483, -47.95820109 ], [ -72.48310851, -47.95814769 ], [ -72.48325347, -47.95809428 ], [ -72.48350524, -47.95801036 ], [ -72.48369598, -47.95794551 ], [ -72.48384094, -47.95789592 ], [ -72.48403167, -47.95783488 ], [ -72.48418426, -47.95778529 ], [ -72.48433685, -47.9577357 ], [ -72.48445892, -47.95770137 ], [ -72.48457336, -47.95766703 ], [ -72.4846878, -47.95763652 ], [ -72.48484039, -47.95759837 ], [ -72.48497771, -47.95756785 ], [ -72.48510741, -47.95753352 ], [ -72.48526, -47.957503 ], [ -72.48539733, -47.9574763 ], [ -72.4855194, -47.95745341 ], [ -72.48567199, -47.95742289 ], [ -72.48584747, -47.95739619 ], [ -72.48603057, -47.95736949 ], [ -72.48616027, -47.95735041 ], [ -72.48632049, -47.95733134 ], [ -72.48652648, -47.95731227 ], [ -72.4866867, -47.95730082 ], [ -72.48683929, -47.95728556 ], [ -72.48698425, -47.95727793 ], [ -72.48717498, -47.9572703 ], [ -72.48734283, -47.95726649 ], [ -72.48751067, -47.95725886 ], [ -72.48766326, -47.95725886 ], [ -72.48781585, -47.95725886 ], [ -72.48795318, -47.95725886 ], [ -72.48808288, -47.95725886 ], [ -72.48820495, -47.95725505 ], [ -72.48866271, -47.95725886 ], [ -72.48883056, -47.95725886 ], [ -72.48898315, -47.95725886 ], [ -72.48922729, -47.95726268 ], [ -72.48941802, -47.95725505 ], [ -72.48956298, -47.95725505 ], [ -72.4897232, -47.95725123 ], [ -72.4898529, -47.9572436 ], [ -72.49002837, -47.95723597 ], [ -72.49017333, -47.95722453 ], [ -72.49031829, -47.9572169 ], [ -72.49044799, -47.95720164 ], [ -72.49061584, -47.95718257 ], [ -72.49077605, -47.95716349 ], [ -72.49092864, -47.9571406 ], [ -72.49106597, -47.95712153 ], [ -72.49119567, -47.95709864 ], [ -72.49132537, -47.95707957 ], [ -72.49187469, -47.95699183 ], [ -72.4920349, -47.95696513 ], [ -72.49217223, -47.95694605 ], [ -72.49235534, -47.95692317 ], [ -72.4925003, -47.95690028 ], [ -72.49266052, -47.95688502 ], [ -72.49283599, -47.95686976 ], [ -72.49298095, -47.9568545 ], [ -72.49312591, -47.95684687 ], [ -72.49324798, -47.95684306 ], [ -72.49337005, -47.95686595 ], [ -72.49348449, -47.95690409 ], [ -72.49356841, -47.9569575 ], [ -72.49365997, -47.95701853 ], [ -72.49375152, -47.95709483 ], [ -72.49383544, -47.95716349 ], [ -72.49390411, -47.95723597 ], [ -72.4939804, -47.9573199 ], [ -72.49404144, -47.95740382 ], [ -72.49410247, -47.95749156 ], [ -72.49414825, -47.95757167 ], [ -72.49420928, -47.95767466 ], [ -72.49426269, -47.95776622 ], [ -72.49430846, -47.95784633 ], [ -72.49436187, -47.95794551 ], [ -72.49441528, -47.95802562 ], [ -72.49446868, -47.95810573 ], [ -72.49452972, -47.95818202 ], [ -72.49459838, -47.95826213 ], [ -72.49466705, -47.95833461 ], [ -72.49475097, -47.95840709 ], [ -72.49485778, -47.95850246 ], [ -72.49498748, -47.95861308 ], [ -72.49510192, -47.95870464 ], [ -72.4952011, -47.95879237 ], [ -72.49529266, -47.95886485 ], [ -72.49542236, -47.95894878 ], [ -72.49552917, -47.95902507 ], [ -72.49562072, -47.95908229 ], [ -72.4957199, -47.95913951 ], [ -72.49584197, -47.95920818 ], [ -72.49597167, -47.95926921 ], [ -72.49607085, -47.9593188 ], [ -72.49620055, -47.95937221 ], [ -72.496315, -47.95941799 ], [ -72.49642181, -47.95945232 ], [ -72.49655151, -47.95949047 ], [ -72.49669646, -47.95952861 ], [ -72.49681854, -47.95955913 ], [ -72.49697875, -47.95958965 ], [ -72.49711608, -47.95961254 ], [ -72.49726104, -47.95962779 ], [ -72.49741363, -47.95964687 ], [ -72.49757385, -47.9596545 ], [ -72.49770354, -47.95965831 ], [ -72.49784087, -47.95966213 ], [ -72.4979782, -47.95966213 ], [ -72.49815368, -47.9596545 ], [ -72.49829864, -47.95964687 ], [ -72.49842834, -47.95963161 ], [ -72.49856567, -47.95961254 ], [ -72.49868011, -47.95959346 ], [ -72.49880218, -47.95956676 ], [ -72.49892425, -47.95953624 ], [ -72.49904632, -47.95949809 ], [ -72.49916839, -47.9594485 ], [ -72.49926757, -47.95940273 ], [ -72.49937438, -47.95935314 ], [ -72.49946593, -47.95929592 ], [ -72.49957275, -47.95922725 ], [ -72.4996643, -47.95915859 ], [ -72.49973296, -47.95909374 ], [ -72.49980926, -47.95902507 ], [ -72.49990081, -47.95893733 ], [ -72.49996948, -47.95886104 ], [ -72.50006103, -47.95875804 ], [ -72.50013732, -47.9586703 ], [ -72.50021362, -47.95859019 ], [ -72.50028991, -47.95851009 ], [ -72.50038146, -47.95842616 ], [ -72.50048064, -47.95835368 ], [ -72.5005722, -47.95829265 ], [ -72.50066375, -47.95823543 ], [ -72.50076293, -47.95817821 ], [ -72.50292968, -47.95704524 ], [ -72.50302886, -47.9569842 ], [ -72.50316619, -47.95691172 ], [ -72.503273, -47.95685069 ], [ -72.50338744, -47.95677821 ], [ -72.50350951, -47.95670191 ], [ -72.5036087, -47.95663325 ], [ -72.50369262, -47.95657221 ], [ -72.50379943, -47.9564921 ], [ -72.50389861, -47.956412 ], [ -72.5039978, -47.95632426 ], [ -72.50406646, -47.95625178 ], [ -72.5041275, -47.9561793 ], [ -72.50418853, -47.956103 ], [ -72.50424957, -47.95601908 ], [ -72.50429534, -47.95593516 ], [ -72.50433349, -47.95585123 ], [ -72.50437164, -47.95575587 ], [ -72.50440215, -47.95566813 ], [ -72.50443267, -47.95556132 ], [ -72.50446319, -47.95546213 ], [ -72.50447845, -47.95537821 ], [ -72.50451659, -47.95523706 ], [ -72.50453948, -47.95513025 ], [ -72.50457, -47.95505014 ], [ -72.50460815, -47.9549357 ], [ -72.50464629, -47.95484415 ], [ -72.50469207, -47.95475641 ], [ -72.50474548, -47.95466867 ], [ -72.50479125, -47.95458093 ], [ -72.50485229, -47.95450083 ], [ -72.50492095, -47.95440164 ], [ -72.50498962, -47.95431009 ], [ -72.50505828, -47.95421854 ], [ -72.50511932, -47.95413843 ], [ -72.50518035, -47.95406213 ], [ -72.50524139, -47.95398966 ], [ -72.50535583, -47.95385614 ], [ -72.50544738, -47.95373788 ], [ -72.5055313, -47.9536387 ], [ -72.5056076, -47.95354715 ], [ -72.50566863, -47.95346704 ], [ -72.50574493, -47.95336404 ], [ -72.50580596, -47.9532763 ], [ -72.50588226, -47.95315423 ], [ -72.50641631, -47.95216241 ], [ -72.5063858, -47.9513308 ], [ -72.5063858, -47.95123925 ], [ -72.50637054, -47.95112862 ], [ -72.50635528, -47.95102944 ], [ -72.50633239, -47.95093026 ], [ -72.50694274, -47.94898094 ], [ -72.50704192, -47.94892372 ], [ -72.50713348, -47.94886269 ], [ -72.50724792, -47.94879021 ], [ -72.50735473, -47.94872536 ], [ -72.50756072, -47.94859184 ], [ -72.50775909, -47.94846977 ], [ -72.50794219, -47.94835533 ], [ -72.50811004, -47.94824852 ], [ -72.50827026, -47.94814934 ], [ -72.50842284, -47.94805397 ], [ -72.50856017, -47.94796623 ], [ -72.50868987, -47.94788612 ], [ -72.50880431, -47.94781746 ], [ -72.51092529, -47.94663871 ], [ -72.5110855, -47.94656623 ], [ -72.51123046, -47.94649757 ], [ -72.51136779, -47.94643653 ], [ -72.51149749, -47.9463755 ], [ -72.51161956, -47.94632209 ], [ -72.511734, -47.9462725 ], [ -72.51184081, -47.94622672 ], [ -72.51194762, -47.94618095 ], [ -72.51213836, -47.94610465 ], [ -72.51230621, -47.94603599 ], [ -72.51245116, -47.94597877 ], [ -72.51258849, -47.94592918 ], [ -72.51270293, -47.9458834 ], [ -72.51280975, -47.94584907 ], [ -72.51298522, -47.94578803 ], [ -72.51311492, -47.94574225 ], [ -72.51326751, -47.94568885 ], [ -72.51339721, -47.94564689 ], [ -72.51356506, -47.9455973 ], [ -72.51371001, -47.94555152 ], [ -72.51384734, -47.94550956 ], [ -72.51397704, -47.94547523 ], [ -72.51409911, -47.94543708 ], [ -72.51421355, -47.94540275 ], [ -72.51442718, -47.94534171 ], [ -72.51461791, -47.9452883 ], [ -72.51477813, -47.94524253 ], [ -72.51506805, -47.9451586 ], [ -72.51528167, -47.94509375 ], [ -72.51560973, -47.94500602 ], [ -72.51593017, -47.94491446 ], [ -72.51610564, -47.94486869 ], [ -72.51626586, -47.94482291 ], [ -72.51641845, -47.94478095 ], [ -72.51656341, -47.94473899 ], [ -72.51669311, -47.94470084 ], [ -72.51681518, -47.94467032 ], [ -72.51704406, -47.94460929 ], [ -72.51725005, -47.94455588 ], [ -72.51743316, -47.9445101 ], [ -72.51759338, -47.94446814 ], [ -72.51773071, -47.94443381 ], [ -72.51795959, -47.94437277 ], [ -72.51814269, -47.944327 ], [ -72.51838683, -47.94426596 ], [ -72.51854705, -47.94423163 ], [ -72.51879882, -47.94417441 ], [ -72.51892089, -47.94416678 ], [ -72.51905059, -47.94416678 ], [ -72.51918029, -47.94417822 ], [ -72.51930236, -47.9441973 ], [ -72.51943969, -47.94422782 ], [ -72.51956176, -47.94425833 ], [ -72.5196762, -47.94429267 ], [ -72.51979064, -47.944327 ], [ -72.51989745, -47.94436896 ], [ -72.52000426, -47.94442237 ], [ -72.52009582, -47.94447959 ], [ -72.520195, -47.94454444 ], [ -72.52027892, -47.94460929 ], [ -72.52037048, -47.9446894 ], [ -72.52044677, -47.94476187 ], [ -72.52052306, -47.94483054 ], [ -72.52060699, -47.94491446 ], [ -72.52068328, -47.94498313 ], [ -72.5207672, -47.94504798 ], [ -72.52086639, -47.94512046 ], [ -72.5209732, -47.94518149 ], [ -72.52107238, -47.9452349 ], [ -72.52117919, -47.94528068 ], [ -72.52129363, -47.94531882 ], [ -72.5214157, -47.94535697 ], [ -72.52153777, -47.94537604 ], [ -72.52165984, -47.9453913 ], [ -72.5218048, -47.9453913 ], [ -72.52192687, -47.94536841 ], [ -72.52204131, -47.9453379 ], [ -72.52217101, -47.94530356 ], [ -72.5222702, -47.9452616 ], [ -72.52238464, -47.94521201 ], [ -72.52248382, -47.9451586 ], [ -72.52256774, -47.94508994 ], [ -72.52263641, -47.94501365 ], [ -72.52267455, -47.94493354 ], [ -72.52281188, -47.94441092 ], [ -72.52298736, -47.94382727 ], [ -72.52304839, -47.94373953 ], [ -72.52310943, -47.94365561 ], [ -72.52318572, -47.94356406 ], [ -72.52325439, -47.94347632 ], [ -72.52331542, -47.94340002 ], [ -72.5234146, -47.94327414 ], [ -72.52346801, -47.94320166 ], [ -72.52352142, -47.94312155 ], [ -72.52358245, -47.94303381 ], [ -72.52362823, -47.94294607 ], [ -72.523674, -47.94285071 ], [ -72.52372741, -47.94271338 ], [ -72.52377319, -47.94260275 ], [ -72.52381896, -47.94249975 ], [ -72.52384948, -47.9424082 ], [ -72.52391051, -47.94226324 ], [ -72.52395629, -47.94214117 ], [ -72.5240097, -47.94198477 ], [ -72.52404784, -47.94188558 ], [ -72.52408599, -47.94178259 ], [ -72.52415466, -47.94158422 ], [ -72.52420806, -47.94143163 ], [ -72.52428436, -47.94120657 ], [ -72.52437591, -47.94093191 ], [ -72.52440643, -47.94083272 ], [ -72.52442931, -47.94074117 ], [ -72.52445983, -47.94065725 ], [ -72.52450561, -47.94050466 ], [ -72.52454375, -47.9403597 ], [ -72.52468871, -47.93986379 ], [ -72.52473449, -47.93969213 ], [ -72.52587127, -47.93804036 ], [ -72.52597045, -47.93798314 ], [ -72.52606963, -47.93793355 ], [ -72.52620696, -47.93786488 ], [ -72.52632903, -47.93780003 ], [ -72.52656554, -47.93769322 ], [ -72.52668761, -47.93762837 ], [ -72.52679443, -47.93757496 ], [ -72.52689361, -47.93752537 ], [ -72.52700805, -47.93746052 ], [ -72.52712249, -47.93738804 ], [ -72.5272293, -47.93731556 ], [ -72.52733611, -47.93723164 ], [ -72.52821349, -47.93565998 ], [ -72.52822875, -47.93557224 ], [ -72.52825927, -47.93542347 ], [ -72.52827453, -47.93529758 ], [ -72.52828979, -47.93520603 ], [ -72.52830505, -47.9350687 ], [ -72.52832793, -47.93492756 ], [ -72.52834319, -47.93483219 ], [ -72.52838897, -47.93448505 ], [ -72.52841186, -47.93435535 ], [ -72.52842712, -47.93420276 ], [ -72.52833556, -47.93237933 ], [ -72.52830505, -47.93228015 ], [ -72.52828216, -47.93218859 ], [ -72.52825164, -47.93210467 ], [ -72.52819823, -47.93194064 ], [ -72.52815246, -47.93180331 ], [ -72.52810668, -47.93167742 ], [ -72.52806091, -47.9315668 ], [ -72.52803039, -47.93147143 ], [ -72.52799224, -47.93138369 ], [ -72.52793884, -47.9312311 ], [ -72.52784728, -47.93100985 ], [ -72.52780151, -47.93089541 ], [ -72.52774047, -47.93074282 ], [ -72.52770995, -47.93066271 ], [ -72.52765655, -47.9305559 ], [ -72.52761077, -47.93045672 ], [ -72.52754974, -47.93033465 ], [ -72.52749633, -47.93022783 ], [ -72.52744292, -47.93013247 ], [ -72.52736663, -47.92997988 ], [ -72.5273056, -47.92985781 ], [ -72.52726745, -47.92977007 ], [ -72.52722167, -47.92967089 ], [ -72.5271759, -47.92955263 ], [ -72.52714538, -47.92946489 ], [ -72.52711486, -47.92935808 ], [ -72.52708434, -47.9292589 ], [ -72.52706145, -47.92917116 ], [ -72.52703094, -47.9290262 ], [ -72.52700042, -47.92891176 ], [ -72.52698516, -47.92882402 ], [ -72.52695464, -47.92868288 ], [ -72.52692413, -47.92854936 ], [ -72.52690887, -47.92843874 ], [ -72.52688598, -47.92834337 ], [ -72.52686309, -47.92824419 ], [ -72.52681731, -47.92803056 ], [ -72.52683257, -47.9261995 ], [ -72.52686309, -47.92608888 ], [ -72.52689361, -47.92598588 ], [ -72.5269165, -47.92589814 ], [ -72.52696227, -47.92574174 ], [ -72.52703857, -47.92550904 ], [ -72.52706908, -47.92539078 ], [ -72.52710723, -47.92527253 ], [ -72.52713012, -47.92519242 ], [ -72.5271759, -47.92503983 ], [ -72.52721404, -47.92490632 ], [ -72.52725219, -47.92478806 ], [ -72.52738952, -47.92436844 ], [ -72.52742004, -47.92426545 ], [ -72.52744292, -47.92418534 ], [ -72.52748107, -47.92406708 ], [ -72.52751159, -47.92394882 ], [ -72.52754211, -47.92384964 ], [ -72.52755737, -47.92375809 ], [ -72.52756499, -47.92367035 ], [ -72.52757262, -47.92356735 ], [ -72.52757262, -47.9234758 ], [ -72.52756499, -47.92336136 ], [ -72.52754974, -47.92326599 ], [ -72.52753448, -47.92316299 ], [ -72.52750396, -47.92304855 ], [ -72.52748107, -47.92295319 ], [ -72.52744292, -47.922854 ], [ -72.52739715, -47.92273956 ], [ -72.52735137, -47.92265945 ], [ -72.52729034, -47.92258316 ], [ -72.52722167, -47.92250305 ], [ -72.52713775, -47.92243057 ], [ -72.5270462, -47.92235428 ], [ -72.52695464, -47.92229324 ], [ -72.52687072, -47.92223602 ], [ -72.52676391, -47.92217117 ], [ -72.52667236, -47.92211776 ], [ -72.52656554, -47.92206817 ], [ -72.52645873, -47.9220224 ], [ -72.52634429, -47.92197662 ], [ -72.52622985, -47.92193466 ], [ -72.52610015, -47.92190033 ], [ -72.52598571, -47.92186981 ], [ -72.52584075, -47.92184311 ], [ -72.52570342, -47.92182022 ], [ -72.52558898, -47.92180877 ], [ -72.52541351, -47.92179351 ], [ -72.52528381, -47.9217897 ], [ -72.52515411, -47.92178588 ], [ -72.52500915, -47.92178588 ], [ -72.52485656, -47.92178588 ], [ -72.52468871, -47.9217897 ], [ -72.52456664, -47.92180496 ], [ -72.52444457, -47.92182403 ], [ -72.52430724, -47.92185073 ], [ -72.52416991, -47.92188125 ], [ -72.52401733, -47.9219194 ], [ -72.52388763, -47.92194229 ], [ -72.52375793, -47.92195755 ], [ -72.5236206, -47.92196136 ], [ -72.52348327, -47.92196136 ], [ -72.52335357, -47.92194992 ], [ -72.5232315, -47.92192321 ], [ -72.52311706, -47.92187744 ], [ -72.52303313, -47.92182022 ], [ -72.52297973, -47.92174392 ], [ -72.52299499, -47.92166381 ], [ -72.52302551, -47.92157226 ], [ -72.52304839, -47.92149215 ], [ -72.52307891, -47.92135101 ], [ -72.52311706, -47.92122512 ], [ -72.52314758, -47.92110687 ], [ -72.52317809, -47.92099243 ], [ -72.52321624, -47.92088561 ], [ -72.52334594, -47.92047744 ], [ -72.52339172, -47.9203363 ], [ -72.52342986, -47.92020278 ], [ -72.52346038, -47.92009215 ], [ -72.52348327, -47.91999297 ], [ -72.52350616, -47.91990142 ], [ -72.52352905, -47.91979079 ], [ -72.52355193, -47.91969542 ], [ -72.52356719, -47.91959243 ], [ -72.52358245, -47.91948562 ], [ -72.52359771, -47.9193521 ], [ -72.52360534, -47.91926055 ], [ -72.52360534, -47.91917281 ], [ -72.52360534, -47.9190927 ], [ -72.52360534, -47.91894011 ], [ -72.52360534, -47.91881041 ], [ -72.52358245, -47.91826491 ], [ -72.52358245, -47.91816573 ], [ -72.52358245, -47.91808562 ], [ -72.52358245, -47.91797881 ], [ -72.52359008, -47.91784148 ], [ -72.52359771, -47.9176393 ], [ -72.52360534, -47.91746001 ], [ -72.5236206, -47.91715101 ], [ -72.52363586, -47.9169145 ], [ -72.52365874, -47.91656736 ], [ -72.52368163, -47.91617063 ], [ -72.52368926, -47.9160829 ], [ -72.52369689, -47.91599897 ], [ -72.52371215, -47.9158502 ], [ -72.52372741, -47.91571668 ], [ -72.5237503, -47.91548017 ], [ -72.52376556, -47.91539243 ], [ -72.52378082, -47.91524747 ], [ -72.52378844, -47.91513303 ], [ -72.52379607, -47.91504911 ], [ -72.5238037, -47.91492704 ], [ -72.5238037, -47.91482786 ], [ -72.5238037, -47.91470197 ], [ -72.52378844, -47.91461423 ], [ -72.52378082, -47.91452649 ], [ -72.5237503, -47.91441587 ], [ -72.52371978, -47.91430906 ], [ -72.52368926, -47.9142175 ], [ -72.5231552, -47.91244748 ], [ -72.52313995, -47.9123483 ], [ -72.52310943, -47.91218426 ], [ -72.52309417, -47.91207745 ], [ -72.52306365, -47.91189053 ], [ -72.52304839, -47.91178372 ], [ -72.52304839, -47.91168835 ], [ -72.52304839, -47.91160061 ], [ -72.52304839, -47.91149762 ], [ -72.52304839, -47.91139843 ], [ -72.52305602, -47.91123822 ], [ -72.52305602, -47.91111614 ], [ -72.52305602, -47.91102841 ], [ -72.52304839, -47.91092922 ], [ -72.52304076, -47.91082623 ], [ -72.52302551, -47.91072704 ], [ -72.52301025, -47.91063549 ], [ -72.52298736, -47.91055157 ], [ -72.52296447, -47.91044857 ], [ -72.52293395, -47.91034939 ], [ -72.52290343, -47.91025402 ], [ -72.52287292, -47.9101701 ], [ -72.5228424, -47.91008999 ], [ -72.52279662, -47.90997555 ], [ -72.52275085, -47.90987255 ], [ -72.52270507, -47.90978481 ], [ -72.52265166, -47.90967037 ], [ -72.52260589, -47.90957882 ], [ -72.52255248, -47.90949108 ], [ -72.52249145, -47.90938427 ], [ -72.52242278, -47.90926983 ], [ -72.52236175, -47.90917827 ], [ -72.52230071, -47.90907528 ], [ -72.52223968, -47.90899517 ], [ -72.52216338, -47.90888835 ], [ -72.52210235, -47.90880062 ], [ -72.52204131, -47.90872051 ], [ -72.5219345, -47.90857936 ], [ -72.52182769, -47.90844966 ], [ -72.52174377, -47.90833904 ], [ -72.52165984, -47.90824748 ], [ -72.52158355, -47.90815212 ], [ -72.51998901, -47.90666057 ], [ -72.51988219, -47.90657664 ], [ -72.51972198, -47.90643931 ], [ -72.51960754, -47.9063325 ], [ -72.51950835, -47.90624476 ], [ -72.51940917, -47.90615321 ], [ -72.51932525, -47.90607691 ], [ -72.51921844, -47.90597392 ], [ -72.51914214, -47.90589762 ], [ -72.51907348, -47.90582133 ], [ -72.51899718, -47.90574504 ], [ -72.51892852, -47.90567637 ], [ -72.51885986, -47.90560771 ], [ -72.51873779, -47.90547419 ], [ -72.51862334, -47.90535212 ], [ -72.5185089, -47.90523386 ], [ -72.51840209, -47.90512324 ], [ -72.51831054, -47.90502024 ], [ -72.51821899, -47.90492106 ], [ -72.51813506, -47.90482569 ], [ -72.51805877, -47.90474177 ], [ -72.51798248, -47.90466166 ], [ -72.51792144, -47.90458155 ], [ -72.51779174, -47.90443659 ], [ -72.5176773, -47.9043107 ], [ -72.51758575, -47.90420389 ], [ -72.51750182, -47.90410471 ], [ -72.51735687, -47.90393686 ], [ -72.51724242, -47.90380716 ], [ -72.51708221, -47.90361643 ], [ -72.51691436, -47.90342569 ], [ -72.51683044, -47.9033227 ], [ -72.51675414, -47.90322733 ], [ -72.51667785, -47.90313959 ], [ -72.51660918, -47.90305185 ], [ -72.51654815, -47.90297556 ], [ -72.51647186, -47.90287637 ], [ -72.51554107, -47.90115594 ], [ -72.51552581, -47.90107583 ], [ -72.51550292, -47.90096521 ], [ -72.51548766, -47.90085458 ], [ -72.5154724, -47.90076303 ], [ -72.51546478, -47.90063714 ], [ -72.51545715, -47.90055703 ], [ -72.51544952, -47.90047692 ], [ -72.51544189, -47.90038537 ], [ -72.51544189, -47.90027856 ], [ -72.51544189, -47.90017938 ], [ -72.51544189, -47.90009545 ], [ -72.51544189, -47.89971398 ], [ -72.51544189, -47.89958047 ], [ -72.51544189, -47.89948891 ], [ -72.51542663, -47.8993554 ], [ -72.515419, -47.89926385 ], [ -72.51540374, -47.89917229 ], [ -72.51538085, -47.89907692 ], [ -72.51535033, -47.898993 ], [ -72.51531219, -47.89890526 ], [ -72.51525115, -47.89879464 ], [ -72.51518249, -47.89869164 ], [ -72.51512145, -47.89860009 ], [ -72.51504516, -47.89850853 ], [ -72.51497649, -47.89842842 ], [ -72.51490783, -47.89834832 ], [ -72.51483916, -47.89827584 ], [ -72.51474761, -47.89818047 ], [ -72.51466369, -47.89809654 ], [ -72.51457977, -47.89801644 ], [ -72.51449584, -47.89794396 ], [ -72.51434325, -47.89781044 ], [ -72.51414489, -47.89763115 ], [ -72.51403808, -47.89753197 ], [ -72.51394653, -47.89744804 ], [ -72.5138626, -47.89737175 ], [ -72.51376342, -47.89727257 ], [ -72.5136795, -47.89719246 ], [ -72.51359557, -47.89710472 ], [ -72.51353454, -47.89703224 ], [ -72.51346587, -47.89695595 ], [ -72.51341247, -47.89688347 ], [ -72.51335143, -47.89679573 ], [ -72.51329803, -47.89671943 ], [ -72.51324462, -47.89664314 ], [ -72.51319885, -47.89656685 ], [ -72.51310729, -47.8964257 ], [ -72.513031, -47.89629219 ], [ -72.5129547, -47.8961663 ], [ -72.51288604, -47.89604423 ], [ -72.512825, -47.8959336 ], [ -72.51276397, -47.89582679 ], [ -72.51264953, -47.89562461 ], [ -72.51255798, -47.89544532 ], [ -72.51243591, -47.89522407 ], [ -72.51236724, -47.895102 ], [ -72.51230621, -47.89499519 ], [ -72.51224517, -47.894896 ], [ -72.51215362, -47.8947396 ], [ -72.51207732, -47.89461753 ], [ -72.51201629, -47.89452598 ], [ -72.51194762, -47.89442298 ], [ -72.51189422, -47.89433524 ], [ -72.5118103, -47.89422843 ], [ -72.51174926, -47.89413306 ], [ -72.51168822, -47.89405295 ], [ -72.51162719, -47.89397284 ], [ -72.51156615, -47.89390037 ], [ -72.51148223, -47.89379737 ], [ -72.51138305, -47.89367911 ], [ -72.5112915, -47.89357611 ], [ -72.51120757, -47.89348075 ], [ -72.51113891, -47.89340064 ], [ -72.51103973, -47.89330146 ], [ -72.5109558, -47.89321753 ], [ -72.51085662, -47.89312598 ], [ -72.51075744, -47.8930268 ], [ -72.51066589, -47.89294669 ], [ -72.51058196, -47.89288184 ], [ -72.51047515, -47.89279029 ], [ -72.51036071, -47.89269873 ], [ -72.5102539, -47.89261099 ], [ -72.51014709, -47.8925347 ], [ -72.51004791, -47.89246603 ], [ -72.50995635, -47.89239737 ], [ -72.5098648, -47.89234015 ], [ -72.5097351, -47.89225623 ], [ -72.50962066, -47.89217993 ], [ -72.5094757, -47.89208838 ], [ -72.50935363, -47.89201208 ], [ -72.50923919, -47.89194723 ], [ -72.50914001, -47.89189001 ], [ -72.50904845, -47.89183661 ], [ -72.50889587, -47.89174887 ], [ -72.5087738, -47.89168783 ], [ -72.50860595, -47.89159628 ], [ -72.50849914, -47.89153525 ], [ -72.50831603, -47.89144369 ], [ -72.5081787, -47.89137503 ], [ -72.50806426, -47.89132162 ], [ -72.5079193, -47.89125296 ], [ -72.50779723, -47.89119955 ], [ -72.50769042, -47.89115378 ], [ -72.5075302, -47.89108511 ], [ -72.50738525, -47.8910317 ], [ -72.50724029, -47.89098593 ], [ -72.50710296, -47.89094015 ], [ -72.50698089, -47.890902 ], [ -72.50683593, -47.89086004 ], [ -72.5066986, -47.89082952 ], [ -72.50658416, -47.89079901 ], [ -72.5064392, -47.89076849 ], [ -72.50627135, -47.89072653 ], [ -72.50614166, -47.89069982 ], [ -72.50574493, -47.8906159 ], [ -72.50562286, -47.89060064 ], [ -72.50550079, -47.89059301 ], [ -72.5053482, -47.8905892 ], [ -72.5052185, -47.89057394 ], [ -72.50509643, -47.89054724 ], [ -72.50499725, -47.89050527 ], [ -72.50490569, -47.89045187 ], [ -72.50482177, -47.89038702 ], [ -72.50475311, -47.89031454 ], [ -72.50469207, -47.89024587 ], [ -72.50462341, -47.89016577 ], [ -72.50454711, -47.89005514 ], [ -72.50430297, -47.88973852 ], [ -72.50306701, -47.88809438 ], [ -72.5027542, -47.88767095 ], [ -72.50248718, -47.88730473 ], [ -72.50224303, -47.88698048 ], [ -72.50182342, -47.88641972 ], [ -72.50151061, -47.88599629 ], [ -72.50128173, -47.88568348 ], [ -72.50093078, -47.88520664 ], [ -72.5005722, -47.88472599 ], [ -72.50050353, -47.88462681 ], [ -72.5004425, -47.88454289 ], [ -72.50038146, -47.88446278 ], [ -72.50028991, -47.88433308 ], [ -72.50021362, -47.88423008 ], [ -72.50012206, -47.88409656 ], [ -72.50080108, -47.88242191 ], [ -72.5008316, -47.88233417 ], [ -72.50086211, -47.88225406 ], [ -72.50090026, -47.88215488 ], [ -72.50093841, -47.88204044 ], [ -72.5009613, -47.88195651 ], [ -72.50099944, -47.88183444 ], [ -72.50102233, -47.88173907 ], [ -72.50105285, -47.881617 ], [ -72.50108337, -47.88149875 ], [ -72.50110625, -47.88139194 ], [ -72.50112914, -47.88128894 ], [ -72.50115203, -47.88119357 ], [ -72.50117492, -47.88110583 ], [ -72.50119018, -47.88101809 ], [ -72.50120544, -47.88093799 ], [ -72.5012207, -47.88082354 ], [ -72.50123595, -47.88072818 ], [ -72.50124358, -47.88063662 ], [ -72.50125121, -47.8805527 ], [ -72.50125121, -47.88045352 ], [ -72.50125121, -47.88036578 ], [ -72.50125121, -47.88028567 ], [ -72.50124358, -47.8801903 ], [ -72.50122833, -47.88011019 ], [ -72.50121307, -47.88001864 ], [ -72.50119018, -47.87992709 ], [ -72.50116729, -47.87984698 ], [ -72.50113677, -47.87976306 ], [ -72.501091, -47.87966006 ], [ -72.50104522, -47.87957614 ], [ -72.50099181, -47.87949984 ], [ -72.50093841, -47.87941973 ], [ -72.50086974, -47.87934344 ], [ -72.50079345, -47.87925951 ], [ -72.50070953, -47.87916415 ], [ -72.5006256, -47.87908404 ], [ -72.50052642, -47.87898486 ], [ -72.50042724, -47.87888949 ], [ -72.50033569, -47.87880556 ], [ -72.50025176, -47.87872927 ], [ -72.50016784, -47.87865298 ], [ -72.50008392, -47.87858813 ], [ -72.50000762, -47.87852328 ], [ -72.49971771, -47.8782715 ], [ -72.4983673, -47.87667314 ], [ -72.4983673, -47.8765854 ], [ -72.49837493, -47.87647859 ], [ -72.49839782, -47.87634508 ], [ -72.49840545, -47.87626497 ], [ -72.49842071, -47.87616579 ], [ -72.4984436, -47.8760666 ], [ -72.49845885, -47.87597505 ], [ -72.49848174, -47.87589113 ], [ -72.49851226, -47.87577287 ], [ -72.49855804, -47.87562791 ], [ -72.49863433, -47.87537233 ], [ -72.49865722, -47.87527314 ], [ -72.49868011, -47.87518922 ], [ -72.49871825, -47.87505189 ], [ -72.49874114, -47.87494508 ], [ -72.4987564, -47.87486497 ], [ -72.49877929, -47.87475053 ], [ -72.49879455, -47.8746399 ], [ -72.49880218, -47.87454835 ], [ -72.49880218, -47.87446443 ], [ -72.49879455, -47.87436906 ], [ -72.49877166, -47.87428132 ], [ -72.49874877, -47.8741974 ], [ -72.49871825, -47.87411729 ], [ -72.49867248, -47.87404099 ], [ -72.49861907, -47.8739647 ], [ -72.49855804, -47.8738884 ], [ -72.49848174, -47.87381593 ], [ -72.49839782, -47.87374726 ], [ -72.49832153, -47.8736786 ], [ -72.49821471, -47.8736023 ], [ -72.49811553, -47.87352982 ], [ -72.49801635, -47.8734726 ], [ -72.49791717, -47.87341538 ], [ -72.49778747, -47.8733429 ], [ -72.4976654, -47.87328187 ], [ -72.49755096, -47.87322465 ], [ -72.49741363, -47.87315598 ], [ -72.49729156, -47.87309876 ], [ -72.49718475, -47.87304917 ], [ -72.49700927, -47.87296525 ], [ -72.49687957, -47.87289658 ], [ -72.49674224, -47.8728241 ], [ -72.49665069, -47.87276688 ], [ -72.49654388, -47.87270585 ], [ -72.49644469, -47.872641 ], [ -72.49636077, -47.87257233 ], [ -72.49627685, -47.87249604 ], [ -72.49619292, -47.87241211 ], [ -72.49607848, -47.8723053 ], [ -72.49599456, -47.87223282 ], [ -72.49591064, -47.87216416 ], [ -72.49580383, -47.87210694 ], [ -72.49568938, -47.87205353 ], [ -72.49556731, -47.87200394 ], [ -72.49545287, -47.87195816 ], [ -72.49533843, -47.87192002 ], [ -72.49523162, -47.87188568 ], [ -72.49508666, -47.87183991 ], [ -72.49495696, -47.87180176 ], [ -72.49483489, -47.87176361 ], [ -72.49472045, -47.87173309 ], [ -72.49460601, -47.87170258 ], [ -72.49445342, -47.87166443 ], [ -72.49430846, -47.87163391 ], [ -72.49414062, -47.87159195 ], [ -72.49398803, -47.87156143 ], [ -72.49385833, -47.87153473 ], [ -72.49373626, -47.87150803 ], [ -72.4935379, -47.87146988 ], [ -72.49337005, -47.87143936 ], [ -72.49324798, -47.87141647 ], [ -72.49288177, -47.87135162 ], [ -72.49253082, -47.87128296 ], [ -72.49190521, -47.87117615 ], [ -72.49143981, -47.87109222 ], [ -72.49108886, -47.87103119 ], [ -72.49082183, -47.8709816 ], [ -72.49043273, -47.87091293 ], [ -72.49023437, -47.87087479 ], [ -72.490036, -47.87084427 ], [ -72.4898529, -47.87080994 ], [ -72.48950958, -47.87075271 ], [ -72.4892044, -47.87069931 ], [ -72.488945, -47.87065735 ], [ -72.48870849, -47.87061539 ], [ -72.48851012, -47.87058487 ], [ -72.48833465, -47.87055435 ], [ -72.48802184, -47.87050857 ], [ -72.48778533, -47.87046661 ], [ -72.48760986, -47.87044372 ], [ -72.48735046, -47.87040176 ], [ -72.48698425, -47.87034454 ], [ -72.48685455, -47.8703331 ], [ -72.48671722, -47.87032547 ], [ -72.48657989, -47.87031784 ], [ -72.4864273, -47.87031402 ], [ -72.48625945, -47.87031402 ], [ -72.48611449, -47.87031402 ], [ -72.48593139, -47.87031784 ], [ -72.48578643, -47.87032547 ], [ -72.48564147, -47.87034073 ], [ -72.48551177, -47.8703598 ], [ -72.48538207, -47.87037887 ], [ -72.48516845, -47.87041702 ], [ -72.48500823, -47.87043991 ], [ -72.4848709, -47.87045898 ], [ -72.48473357, -47.87046661 ], [ -72.4846115, -47.87046661 ], [ -72.48446655, -47.87047043 ], [ -72.48432159, -47.87045517 ], [ -72.48420715, -47.87044754 ], [ -72.48407745, -47.87042846 ], [ -72.48396301, -47.87040939 ], [ -72.48383331, -47.87037887 ], [ -72.48368835, -47.87033691 ], [ -72.48357391, -47.87030258 ], [ -72.48345947, -47.87025299 ], [ -72.48336791, -47.87019958 ], [ -72.48328399, -47.87013473 ], [ -72.48320007, -47.87006607 ], [ -72.48311614, -47.86998977 ], [ -72.48301696, -47.86988678 ], [ -72.48078155, -47.86913146 ], [ -72.48065948, -47.86917343 ], [ -72.48053741, -47.86922302 ], [ -72.4804306, -47.86926879 ], [ -72.48029327, -47.86931838 ], [ -72.48017883, -47.86935653 ], [ -72.48005676, -47.86939468 ], [ -72.47990417, -47.86943664 ], [ -72.47971343, -47.86949005 ], [ -72.47954559, -47.86953201 ], [ -72.47940063, -47.86957397 ], [ -72.47927093, -47.86960449 ], [ -72.47910308, -47.86964263 ], [ -72.47896575, -47.86966934 ], [ -72.47881316, -47.86969223 ], [ -72.47867584, -47.86971511 ], [ -72.47856139, -47.86973037 ], [ -72.47842407, -47.869738 ], [ -72.47829437, -47.869738 ], [ -72.47816467, -47.86973037 ], [ -72.47803497, -47.86969986 ], [ -72.47792815, -47.86966171 ], [ -72.47781371, -47.86960067 ], [ -72.47771453, -47.86953964 ], [ -72.47763061, -47.86948242 ], [ -72.47755431, -47.86941375 ], [ -72.47747802, -47.86934127 ], [ -72.47740173, -47.86926498 ], [ -72.47734069, -47.86919631 ], [ -72.47727966, -47.86910858 ], [ -72.47723388, -47.86902084 ], [ -72.47719573, -47.86894073 ], [ -72.47715759, -47.86883392 ], [ -72.4771347, -47.86873855 ], [ -72.47712707, -47.868647 ], [ -72.47711944, -47.86855544 ], [ -72.47711944, -47.86847152 ], [ -72.47711944, -47.86837615 ], [ -72.47712707, -47.86825408 ], [ -72.4771347, -47.8681549 ], [ -72.47714996, -47.86804427 ], [ -72.47716522, -47.86792602 ], [ -72.47718047, -47.86784591 ], [ -72.47756194, -47.86566008 ], [ -72.47750854, -47.86557234 ], [ -72.47745513, -47.86548842 ], [ -72.47740173, -47.86540831 ], [ -72.47734832, -47.86533201 ], [ -72.47729491, -47.86525572 ], [ -72.47723388, -47.86518324 ], [ -72.47714996, -47.86508024 ], [ -72.47707366, -47.86498488 ], [ -72.47696685, -47.86486662 ], [ -72.47686004, -47.86475218 ], [ -72.47676086, -47.86464537 ], [ -72.4766693, -47.86454618 ], [ -72.47649383, -47.86435926 ], [ -72.47640991, -47.86427915 ], [ -72.47634124, -47.86420286 ], [ -72.47621154, -47.8640579 ], [ -72.47610473, -47.86393965 ], [ -72.47601318, -47.8638252 ], [ -72.47593688, -47.86372602 ], [ -72.47586822, -47.8636421 ], [ -72.47581481, -47.8635658 ], [ -72.47574615, -47.86346662 ], [ -72.47569274, -47.8633827 ], [ -72.47564697, -47.86329114 ], [ -72.47559356, -47.86319578 ], [ -72.47554778, -47.86310422 ], [ -72.47551727, -47.8630203 ], [ -72.47547912, -47.86292112 ], [ -72.47544097, -47.86279905 ], [ -72.47541045, -47.86269605 ], [ -72.47537994, -47.86260068 ], [ -72.47535705, -47.86251676 ], [ -72.4753189, -47.86237561 ], [ -72.47529601, -47.86227262 ], [ -72.47525787, -47.86212003 ], [ -72.47523498, -47.86202085 ], [ -72.47521209, -47.86192166 ], [ -72.47519683, -47.86181867 ], [ -72.47517394, -47.86171949 ], [ -72.47515868, -47.86163175 ], [ -72.47515105, -47.86154401 ], [ -72.47473144, -47.8597015 ], [ -72.4746704, -47.85959088 ], [ -72.47460174, -47.85948788 ], [ -72.47452544, -47.85936581 ], [ -72.47445678, -47.859259 ], [ -72.47436523, -47.85912167 ], [ -72.47429656, -47.85900723 ], [ -72.47423553, -47.85891567 ], [ -72.47419738, -47.85883938 ], [ -72.4741516, -47.85875164 ], [ -72.47410583, -47.85866009 ], [ -72.47406005, -47.85856472 ], [ -72.47402953, -47.85846935 ], [ -72.47399902, -47.85838162 ], [ -72.47396087, -47.85826336 ], [ -72.47393035, -47.85814892 ], [ -72.47389983, -47.85805355 ], [ -72.47387695, -47.85793148 ], [ -72.47385406, -47.85782467 ], [ -72.4738388, -47.8577293 ], [ -72.47381591, -47.85761104 ], [ -72.47380828, -47.85751186 ], [ -72.47380065, -47.85742794 ], [ -72.47379302, -47.85730587 ], [ -72.47379302, -47.85719906 ], [ -72.47380065, -47.85709606 ], [ -72.47380828, -47.85699688 ], [ -72.47381591, -47.85691295 ], [ -72.4738388, -47.85680996 ], [ -72.47385406, -47.85671077 ], [ -72.47387695, -47.85662303 ], [ -72.47389983, -47.8565353 ], [ -72.47393035, -47.85642086 ], [ -72.4739685, -47.8562759 ], [ -72.47404479, -47.85601268 ], [ -72.47407531, -47.8559135 ], [ -72.47411346, -47.8557571 ], [ -72.47414397, -47.85563503 ], [ -72.47416686, -47.85554347 ], [ -72.47418212, -47.85543666 ], [ -72.47419738, -47.85532222 ], [ -72.47420501, -47.85523067 ], [ -72.47421264, -47.85513148 ], [ -72.47422027, -47.85501704 ], [ -72.47422027, -47.85490642 ], [ -72.47422027, -47.85481105 ], [ -72.47421264, -47.85458217 ], [ -72.47421264, -47.85447917 ], [ -72.47422027, -47.85437236 ], [ -72.47422027, -47.85427317 ], [ -72.4742279, -47.85419307 ], [ -72.47424316, -47.85407099 ], [ -72.47425842, -47.85392222 ], [ -72.4742813, -47.85378108 ], [ -72.47430419, -47.85365138 ], [ -72.47431945, -47.85352931 ], [ -72.47434234, -47.85341868 ], [ -72.47436523, -47.85330424 ], [ -72.47438812, -47.85320506 ], [ -72.47453307, -47.85244211 ], [ -72.47455596, -47.85234675 ], [ -72.47457122, -47.85226664 ], [ -72.47459411, -47.85212549 ], [ -72.474617, -47.85201487 ], [ -72.47463989, -47.85186991 ], [ -72.47465514, -47.85177454 ], [ -72.47466277, -47.85168299 ], [ -72.47467803, -47.85159525 ], [ -72.47468566, -47.85151133 ], [ -72.47469329, -47.8514274 ], [ -72.47471618, -47.85127481 ], [ -72.47472381, -47.85113367 ], [ -72.47473907, -47.85099253 ], [ -72.4747467, -47.85086664 ], [ -72.47476196, -47.85074457 ], [ -72.47476959, -47.85063013 ], [ -72.47476959, -47.8505195 ], [ -72.47477721, -47.85042032 ], [ -72.47477721, -47.85032877 ], [ -72.47478484, -47.85023721 ], [ -72.47478484, -47.8501571 ], [ -72.47478484, -47.85000452 ], [ -72.47479247, -47.849871 ], [ -72.47478484, -47.84975656 ], [ -72.47478484, -47.84965356 ], [ -72.47478484, -47.84955819 ], [ -72.47477721, -47.84940942 ], [ -72.47476959, -47.84929117 ], [ -72.47476959, -47.84919961 ], [ -72.47476196, -47.84907754 ], [ -72.47475433, -47.84899743 ], [ -72.47473907, -47.8488601 ], [ -72.47472381, -47.84875711 ], [ -72.47470092, -47.84865792 ], [ -72.47467803, -47.84857019 ], [ -72.47464751, -47.84848245 ], [ -72.47462463, -47.84840234 ], [ -72.47458648, -47.84829171 ], [ -72.47453307, -47.84815438 ], [ -72.47447967, -47.84803613 ], [ -72.47444152, -47.8479255 ], [ -72.47440337, -47.84783395 ], [ -72.4743576, -47.84771569 ], [ -72.47431945, -47.84761651 ], [ -72.4742813, -47.84751351 ], [ -72.47425079, -47.84740288 ], [ -72.4742279, -47.8473037 ], [ -72.47420501, -47.84720833 ], [ -72.47419738, -47.8471206 ], [ -72.47418212, -47.84702523 ], [ -72.47417449, -47.84690697 ], [ -72.47416686, -47.84680398 ], [ -72.47415923, -47.84669716 ], [ -72.47415923, -47.84657891 ], [ -72.47415923, -47.84647591 ], [ -72.47415923, -47.8463958 ], [ -72.47416686, -47.84630425 ], [ -72.47417449, -47.84618981 ], [ -72.47418975, -47.846083 ], [ -72.47420501, -47.84599144 ], [ -72.4742279, -47.845877 ], [ -72.47425079, -47.84577019 ], [ -72.47426605, -47.84567864 ], [ -72.47429656, -47.84552986 ], [ -72.47431945, -47.84542305 ], [ -72.47418975, -47.84326393 ], [ -72.47377776, -47.83738928 ], [ -72.47377013, -47.83728628 ], [ -72.47370147, -47.8372138 ], [ -72.47362518, -47.83712606 ], [ -72.47352599, -47.83702306 ], [ -72.47343444, -47.83692007 ], [ -72.47335815, -47.83682851 ], [ -72.47328185, -47.83672552 ], [ -72.47322845, -47.83663396 ], [ -72.47318267, -47.83654241 ], [ -72.47315215, -47.8364623 ], [ -72.47312164, -47.83637838 ], [ -72.47310638, -47.83629064 ], [ -72.47309112, -47.83619146 ], [ -72.47309875, -47.83609227 ], [ -72.47311401, -47.83600835 ], [ -72.47314452, -47.83592443 ], [ -72.47320556, -47.83584813 ], [ -72.47326659, -47.83577565 ], [ -72.47333526, -47.8357108 ], [ -72.47342681, -47.83563069 ], [ -72.47351836, -47.83555822 ], [ -72.47360992, -47.83550099 ], [ -72.47373199, -47.83541326 ], [ -72.47385406, -47.83534078 ], [ -72.4739685, -47.83527974 ], [ -72.47410583, -47.83519582 ], [ -72.4742279, -47.83513478 ], [ -72.47433471, -47.83506993 ], [ -72.47441863, -47.83501653 ], [ -72.47453307, -47.83494405 ], [ -72.47462463, -47.8348792 ], [ -72.47471618, -47.83481435 ], [ -72.4748001, -47.83474187 ], [ -72.47488403, -47.83466557 ], [ -72.47496032, -47.83458546 ], [ -72.47502898, -47.83450154 ], [ -72.47509765, -47.83440999 ], [ -72.47514343, -47.83432988 ], [ -72.47518157, -47.83423833 ], [ -72.47521209, -47.83415822 ], [ -72.47522735, -47.83407811 ], [ -72.47523498, -47.83398274 ], [ -72.47524261, -47.83387974 ], [ -72.47522735, -47.83379964 ], [ -72.47521209, -47.8337119 ], [ -72.47518157, -47.83362416 ], [ -72.47514343, -47.83354405 ], [ -72.47356414, -47.83209828 ], [ -72.47348785, -47.8320258 ], [ -72.47340392, -47.8319495 ], [ -72.47332763, -47.83187702 ], [ -72.47321319, -47.8317664 ], [ -72.47312164, -47.83167484 ], [ -72.47304534, -47.83160618 ], [ -72.47295379, -47.83151081 ], [ -72.47283172, -47.83138492 ], [ -72.47277068, -47.83131245 ], [ -72.47268676, -47.83122089 ], [ -72.4726181, -47.83112552 ], [ -72.47255706, -47.83104542 ], [ -72.47250366, -47.83096531 ], [ -72.47244262, -47.83087375 ], [ -72.47239684, -47.83078983 ], [ -72.47233581, -47.8306792 ], [ -72.47229003, -47.83059147 ], [ -72.47224426, -47.83048847 ], [ -72.47219848, -47.83038166 ], [ -72.4721527, -47.83025577 ], [ -72.47212219, -47.8301604 ], [ -72.47207641, -47.83001544 ], [ -72.47203826, -47.82988956 ], [ -72.47200012, -47.82978275 ], [ -72.47197723, -47.82968356 ], [ -72.47193145, -47.82951953 ], [ -72.4718933, -47.82939365 ], [ -72.47184753, -47.82921436 ], [ -72.47182464, -47.8290961 ], [ -72.47179412, -47.82897784 ], [ -72.47174072, -47.82874515 ], [ -72.47168731, -47.82852008 ], [ -72.47164916, -47.82831408 ], [ -72.47160339, -47.82811953 ], [ -72.47156524, -47.82793643 ], [ -72.47152709, -47.82776477 ], [ -72.47149658, -47.82760455 ], [ -72.47146606, -47.82745578 ], [ -72.47143554, -47.82731082 ], [ -72.47140502, -47.82718112 ], [ -72.47138213, -47.82705523 ], [ -72.47135925, -47.82694079 ], [ -72.4713211, -47.82672335 ], [ -72.47128295, -47.8265288 ], [ -72.47125243, -47.82636477 ], [ -72.47122955, -47.82621981 ], [ -72.47120666, -47.82609011 ], [ -72.47118377, -47.82597567 ], [ -72.47115325, -47.82578493 ], [ -72.47113036, -47.82563616 ], [ -72.47110748, -47.82552172 ], [ -72.47108459, -47.82535769 ], [ -72.47105407, -47.82513262 ], [ -72.47104644, -47.82503725 ], [ -72.47104644, -47.82493044 ], [ -72.47104644, -47.82483507 ], [ -72.47105407, -47.82474733 ], [ -72.47106933, -47.82463671 ], [ -72.47108459, -47.82444979 ], [ -72.47109985, -47.82431246 ], [ -72.47110748, -47.82423235 ], [ -72.47110748, -47.82414842 ], [ -72.47110748, -47.82403398 ], [ -72.47109222, -47.82395006 ], [ -72.47108459, -47.82386995 ], [ -72.4710617, -47.82375932 ], [ -72.47103881, -47.82365251 ], [ -72.47101592, -47.82355714 ], [ -72.47099303, -47.82346559 ], [ -72.47097015, -47.82337785 ], [ -72.47094726, -47.82329393 ], [ -72.47090911, -47.82314515 ], [ -72.47087096, -47.82301927 ], [ -72.47084045, -47.8228972 ], [ -72.4708023, -47.8227942 ], [ -72.47077941, -47.82270646 ], [ -72.47072601, -47.82254625 ], [ -72.47068786, -47.8224318 ], [ -72.47063445, -47.82225633 ], [ -72.47057342, -47.82207704 ], [ -72.4705429, -47.82198167 ], [ -72.47051238, -47.82189393 ], [ -72.47048187, -47.82180619 ], [ -72.47045898, -47.82172227 ], [ -72.47039794, -47.82156205 ], [ -72.47034454, -47.82140565 ], [ -72.4702835, -47.8212645 ], [ -72.47023772, -47.82113099 ], [ -72.47018432, -47.82099747 ], [ -72.47013854, -47.82088303 ], [ -72.47005462, -47.82065797 ], [ -72.46990203, -47.82027268 ], [ -72.469841, -47.82012391 ], [ -72.46978759, -47.81999802 ], [ -72.46974944, -47.81988358 ], [ -72.4697113, -47.81978821 ], [ -72.46965026, -47.81962418 ], [ -72.46960449, -47.81949448 ], [ -72.46954345, -47.81932282 ], [ -72.4695053, -47.81921219 ], [ -72.46944427, -47.8190329 ], [ -72.46942138, -47.81893753 ], [ -72.46939849, -47.81885361 ], [ -72.46939086, -47.81875443 ], [ -72.4693756, -47.81865906 ], [ -72.4693756, -47.8185408 ], [ -72.4693756, -47.81844162 ], [ -72.4693756, -47.81833481 ], [ -72.46939086, -47.81822418 ], [ -72.46939849, -47.81814026 ], [ -72.46940612, -47.8180487 ], [ -72.46947479, -47.81793426 ], [ -72.47048949, -47.81622527 ], [ -72.47049712, -47.81614135 ], [ -72.47048949, -47.81606124 ], [ -72.47048187, -47.81591628 ], [ -72.47046661, -47.81579421 ], [ -72.47045135, -47.81569884 ], [ -72.47043609, -47.81561492 ], [ -72.4704132, -47.81549285 ], [ -72.47039031, -47.81540893 ], [ -72.47035217, -47.81529067 ], [ -72.47032165, -47.81519912 ], [ -72.47029113, -47.81509994 ], [ -72.47024535, -47.81498168 ], [ -72.47020721, -47.8148825 ], [ -72.47016143, -47.81480239 ], [ -72.47011565, -47.81472228 ], [ -72.47006988, -47.81464217 ], [ -72.47000884, -47.81455825 ], [ -72.46993255, -47.81447051 ], [ -72.469841, -47.81438658 ], [ -72.46974944, -47.81432555 ], [ -72.46965026, -47.81427977 ], [ -72.46952056, -47.81421492 ], [ -72.46941375, -47.81416152 ], [ -72.46930694, -47.81409667 ], [ -72.46922302, -47.81402037 ], [ -72.46910857, -47.81392119 ], [ -72.46900939, -47.81382582 ], [ -72.46891784, -47.81373808 ], [ -72.46884155, -47.81365035 ], [ -72.46876525, -47.81357024 ], [ -72.46868896, -47.81349394 ], [ -72.46862792, -47.81342528 ], [ -72.46853637, -47.8133261 ], [ -72.46843719, -47.81320403 ], [ -72.46834564, -47.81309721 ], [ -72.46826934, -47.81299803 ], [ -72.46820831, -47.81291411 ], [ -72.46814727, -47.81283781 ], [ -72.46805572, -47.81271193 ], [ -72.46797942, -47.81261275 ], [ -72.46788024, -47.8124716 ], [ -72.46778106, -47.81233046 ], [ -72.47043609, -47.81123945 ], [ -72.47052001, -47.81129667 ], [ -72.47062682, -47.81134626 ], [ -72.47074889, -47.81137678 ], [ -72.47087096, -47.81138059 ], [ -72.47100066, -47.81136915 ], [ -72.47115325, -47.81135008 ], [ -72.47127532, -47.81132719 ], [ -72.47140502, -47.81129286 ], [ -72.47153472, -47.81126234 ], [ -72.47170257, -47.81120893 ], [ -72.47187042, -47.81115171 ], [ -72.47203063, -47.81110212 ], [ -72.47219085, -47.81105634 ], [ -72.47249603, -47.81096098 ], [ -72.47306823, -47.81078932 ], [ -72.47332, -47.81070921 ], [ -72.47354888, -47.81063673 ], [ -72.47377013, -47.81057188 ], [ -72.47397613, -47.81050703 ], [ -72.47416686, -47.81044599 ], [ -72.47429656, -47.81040403 ], [ -72.47663879, -47.80953809 ], [ -72.47676849, -47.80948087 ], [ -72.47693633, -47.80940458 ], [ -72.47705077, -47.80935498 ], [ -72.47724914, -47.80925962 ], [ -72.47743224, -47.80917188 ], [ -72.47758483, -47.80909558 ], [ -72.47771453, -47.80902692 ], [ -72.47784423, -47.8089697 ], [ -72.47803497, -47.8088667 ], [ -72.47818755, -47.80878659 ], [ -72.47830962, -47.80872556 ], [ -72.47846984, -47.80863782 ], [ -72.47857665, -47.8085806 ], [ -72.47867584, -47.80852338 ], [ -72.47878265, -47.80846616 ], [ -72.47888183, -47.80841275 ], [ -72.47907256, -47.80830213 ], [ -72.47925567, -47.80819913 ], [ -72.47943115, -47.80810376 ], [ -72.47958373, -47.80801221 ], [ -72.47973632, -47.80792828 ], [ -72.47987365, -47.80784436 ], [ -72.48000335, -47.80777188 ], [ -72.48012542, -47.8076994 ], [ -72.48023986, -47.80763837 ], [ -72.48044585, -47.80750867 ], [ -72.48063659, -47.80740185 ], [ -72.48079681, -47.80730267 ], [ -72.48093414, -47.80721875 ], [ -72.48106384, -47.80714245 ], [ -72.48127746, -47.80701657 ], [ -72.48143768, -47.80691739 ], [ -72.48167419, -47.80676861 ], [ -72.48191833, -47.80662365 ], [ -72.48203277, -47.80655117 ], [ -72.48213195, -47.80648251 ], [ -72.4822235, -47.80641766 ], [ -72.48231506, -47.80635662 ], [ -72.4824295, -47.80626889 ], [ -72.48257446, -47.80616589 ], [ -72.48269653, -47.80606671 ], [ -72.48280334, -47.80597897 ], [ -72.48307037, -47.80577297 ], [ -72.48319244, -47.80568142 ], [ -72.48328399, -47.80560894 ], [ -72.48341369, -47.80550976 ], [ -72.4835205, -47.80543346 ], [ -72.48361205, -47.80537624 ], [ -72.48370361, -47.80531902 ], [ -72.48382568, -47.80526943 ], [ -72.48394775, -47.80522747 ], [ -72.48406982, -47.80519314 ], [ -72.48420715, -47.80515499 ], [ -72.48433685, -47.80512829 ], [ -72.48449706, -47.80509396 ], [ -72.48462676, -47.80505962 ], [ -72.48476409, -47.80502529 ], [ -72.48488616, -47.80498333 ], [ -72.4850006, -47.80493755 ], [ -72.48509979, -47.80487652 ], [ -72.48519134, -47.80480404 ], [ -72.48524474, -47.80472774 ], [ -72.48526763, -47.80464001 ], [ -72.48528289, -47.80455227 ], [ -72.48529815, -47.80446071 ], [ -72.48530578, -47.8043539 ], [ -72.48532104, -47.80420131 ], [ -72.48532867, -47.80410976 ], [ -72.4853363, -47.80402584 ], [ -72.48534393, -47.80391903 ], [ -72.48534393, -47.80378551 ], [ -72.48534393, -47.80365963 ], [ -72.48534393, -47.803549 ], [ -72.48534393, -47.80346126 ], [ -72.48534393, -47.803343 ], [ -72.48535156, -47.80324764 ], [ -72.48536681, -47.80314845 ], [ -72.48538207, -47.80305309 ], [ -72.48540496, -47.80294628 ], [ -72.48543548, -47.80285854 ], [ -72.48547363, -47.80276317 ], [ -72.48552703, -47.80268687 ], [ -72.48558807, -47.80261058 ], [ -72.48566436, -47.8025381 ], [ -72.48576354, -47.80246181 ], [ -72.4858551, -47.80240077 ], [ -72.48594665, -47.80233974 ], [ -72.48625182, -47.80215282 ], [ -72.48635864, -47.80208034 ], [ -72.48645782, -47.80200786 ], [ -72.48657226, -47.8019163 ], [ -72.4866867, -47.80184001 ], [ -72.48678588, -47.80176753 ], [ -72.48695373, -47.80164546 ], [ -72.48708343, -47.80155391 ], [ -72.48718261, -47.80148143 ], [ -72.48730468, -47.80139369 ], [ -72.4874649, -47.80127543 ], [ -72.48754882, -47.80120295 ], [ -72.48761749, -47.80113047 ], [ -72.49121856, -47.79925745 ], [ -72.49251556, -47.79812067 ], [ -72.49360656, -47.79729288 ], [ -72.49426269, -47.79679697 ], [ -72.4949417, -47.79628579 ], [ -72.495018, -47.79622094 ], [ -72.49510955, -47.79613321 ], [ -72.49519347, -47.7960531 ], [ -72.49526214, -47.79597299 ], [ -72.49531554, -47.79589288 ], [ -72.49536895, -47.79581659 ], [ -72.49543761, -47.79570977 ], [ -72.49549102, -47.79561059 ], [ -72.4955368, -47.79551904 ], [ -72.49557494, -47.79543511 ], [ -72.49562072, -47.79533212 ], [ -72.49565887, -47.79524056 ], [ -72.49568938, -47.79516046 ], [ -72.49572753, -47.79505746 ], [ -72.49575805, -47.79494302 ], [ -72.49578857, -47.79484765 ], [ -72.49582671, -47.79473321 ], [ -72.49586486, -47.79461495 ], [ -72.49589538, -47.7945234 ], [ -72.4959259, -47.79443185 ], [ -72.49484252, -47.79280678 ], [ -72.49473571, -47.79270378 ], [ -72.49464416, -47.79261605 ], [ -72.49442291, -47.79241005 ], [ -72.49432372, -47.79231468 ], [ -72.49422454, -47.79221169 ], [ -72.49413299, -47.79211632 ], [ -72.49406432, -47.79204002 ], [ -72.4939804, -47.79193703 ], [ -72.49391937, -47.79184929 ], [ -72.49387359, -47.79176537 ], [ -72.49384307, -47.79167763 ], [ -72.49382781, -47.7915937 ], [ -72.49380492, -47.79149834 ], [ -72.49380492, -47.79140678 ], [ -72.49380492, -47.79132286 ], [ -72.49381255, -47.79122749 ], [ -72.49382781, -47.79113975 ], [ -72.4938507, -47.79103676 ], [ -72.49387359, -47.7909452 ], [ -72.49391174, -47.79082695 ], [ -72.49394988, -47.79072776 ], [ -72.4939804, -47.79064766 ], [ -72.49403381, -47.7905294 ], [ -72.49407195, -47.79044929 ], [ -72.49412536, -47.79033866 ], [ -72.49418639, -47.79023185 ], [ -72.49424743, -47.79012123 ], [ -72.49430846, -47.79001823 ], [ -72.49436187, -47.78992668 ], [ -72.49455261, -47.78960624 ], [ -72.49463653, -47.7894651 ], [ -72.49469756, -47.78935828 ], [ -72.49474334, -47.78926673 ], [ -72.49478149, -47.78917518 ], [ -72.49480438, -47.78909126 ], [ -72.49483489, -47.78898063 ], [ -72.49485778, -47.78889289 ], [ -72.49489593, -47.78880515 ], [ -72.49494933, -47.78872504 ], [ -72.495018, -47.78864493 ], [ -72.49671172, -47.78817573 ], [ -72.49681854, -47.78812232 ], [ -72.49691009, -47.78806891 ], [ -72.4970169, -47.78800025 ], [ -72.49711608, -47.7879354 ], [ -72.4972, -47.78787818 ], [ -72.49729919, -47.7878057 ], [ -72.497406, -47.78772177 ], [ -72.49752807, -47.78763022 ], [ -72.49763488, -47.78754248 ], [ -72.49771117, -47.78747 ], [ -72.49783324, -47.78736701 ], [ -72.4979248, -47.78727927 ], [ -72.49800872, -47.78719916 ], [ -72.49807739, -47.7871305 ], [ -72.49815368, -47.78704276 ], [ -72.49822997, -47.78696265 ], [ -72.49830627, -47.78686347 ], [ -72.4983673, -47.78677954 ], [ -72.49842834, -47.78668799 ], [ -72.49848174, -47.78660025 ], [ -72.49853515, -47.78650488 ], [ -72.49856567, -47.78642477 ], [ -72.49860381, -47.78632941 ], [ -72.49863433, -47.78623022 ], [ -72.49874877, -47.78613486 ], [ -72.49877166, -47.78605093 ], [ -72.49879455, -47.78594412 ], [ -72.49881744, -47.78585638 ], [ -72.4988327, -47.78577627 ], [ -72.49884795, -47.78567709 ], [ -72.49886321, -47.78556265 ], [ -72.49887084, -47.78544058 ], [ -72.49887847, -47.78533377 ], [ -72.4988861, -47.78520025 ], [ -72.4988861, -47.78511251 ], [ -72.4988861, -47.78499807 ], [ -72.49887847, -47.78488745 ], [ -72.49887084, -47.78478826 ], [ -72.49884795, -47.78467382 ], [ -72.49884032, -47.78457083 ], [ -72.49882507, -47.78447546 ], [ -72.49880981, -47.78439535 ], [ -72.49879455, -47.78425802 ], [ -72.49877929, -47.78415884 ], [ -72.49877166, -47.78407873 ], [ -72.49877166, -47.78397192 ], [ -72.49877166, -47.78386892 ], [ -72.49877929, -47.78375066 ], [ -72.49879455, -47.78366674 ], [ -72.49882507, -47.78357137 ], [ -72.49886321, -47.78347982 ], [ -72.49890136, -47.78340353 ], [ -72.49894714, -47.78330816 ], [ -72.49903869, -47.78314031 ], [ -72.49908447, -47.78304876 ], [ -72.49913024, -47.78294958 ], [ -72.49916076, -47.78285802 ], [ -72.49919128, -47.78275884 ], [ -72.49920654, -47.78267873 ], [ -72.49921417, -47.78259862 ], [ -72.49925994, -47.78252233 ], [ -72.49924468, -47.78243459 ], [ -72.49921417, -47.78234685 ], [ -72.49916839, -47.7822553 ], [ -72.49913024, -47.782179 ], [ -72.49908447, -47.78210271 ], [ -72.49890899, -47.78193105 ], [ -72.49880981, -47.78183568 ], [ -72.49872588, -47.7817632 ], [ -72.49864959, -47.78168691 ], [ -72.49858093, -47.78161061 ], [ -72.49852752, -47.78152669 ], [ -72.49848937, -47.78143514 ], [ -72.49847411, -47.78135503 ], [ -72.49846648, -47.78124059 ], [ -72.49845886, -47.78113377 ], [ -72.49845123, -47.78103459 ], [ -72.49845123, -47.78092015 ], [ -72.49845123, -47.78042042 ], [ -72.49845123, -47.78034031 ], [ -72.4984436, -47.78022206 ], [ -72.49843597, -47.78012669 ], [ -72.49842834, -47.77999699 ], [ -72.49841308, -47.77986729 ], [ -72.49840545, -47.77976811 ], [ -72.49838256, -47.77963078 ], [ -72.4983673, -47.77951634 ], [ -72.49839782, -47.77938282 ], [ -72.49833678, -47.77931034 ], [ -72.49824523, -47.77921879 ], [ -72.4981842, -47.77915013 ], [ -72.49812316, -47.77907383 ], [ -72.49807739, -47.77898228 ], [ -72.49806976, -47.77889836 ], [ -72.49809264, -47.77876103 ], [ -72.49811553, -47.77863133 ], [ -72.49813842, -47.77850925 ], [ -72.49816131, -47.77839481 ], [ -72.49817657, -47.77829182 ], [ -72.49819946, -47.778185 ], [ -72.49822997, -47.7780019 ], [ -72.49826049, -47.77783405 ], [ -72.49829101, -47.77769291 ], [ -72.49832153, -47.77756702 ], [ -72.4983673, -47.77734577 ], [ -72.49839782, -47.77717792 ], [ -72.49844829, -47.77694357 ], [ -72.49845123, -47.77692997 ], [ -72.49850463, -47.77668201 ], [ -72.49853515, -47.77654849 ], [ -72.49855804, -47.77643024 ], [ -72.49864959, -47.77601062 ], [ -72.49868774, -47.77583133 ], [ -72.49872588, -47.77565585 ], [ -72.49874877, -47.77552997 ], [ -72.49876403, -47.7754346 ], [ -72.49877166, -47.77535449 ], [ -72.49877166, -47.77525149 ], [ -72.49877929, -47.77516376 ], [ -72.49877929, -47.77507983 ], [ -72.49877166, -47.77495013 ], [ -72.49876403, -47.77467547 ], [ -72.49876403, -47.77459155 ], [ -72.49876403, -47.77448474 ], [ -72.4987564, -47.77439318 ], [ -72.49874114, -47.77430926 ], [ -72.50046539, -47.7726346 ], [ -72.50047302, -47.7725545 ], [ -72.50048827, -47.77244768 ], [ -72.50048827, -47.77234087 ], [ -72.5004959, -47.77222643 ], [ -72.50048064, -47.77214251 ], [ -72.50041961, -47.77181444 ], [ -72.50041198, -47.77171526 ], [ -72.50045776, -47.77161989 ], [ -72.50046539, -47.77152071 ], [ -72.50048827, -47.7714406 ], [ -72.50051879, -47.77136431 ], [ -72.5005722, -47.77128801 ], [ -72.50064086, -47.77120409 ], [ -72.5007019, -47.77113924 ], [ -72.50078582, -47.77107439 ], [ -72.50087737, -47.77100572 ], [ -72.50096893, -47.7709485 ], [ -72.50106811, -47.77088747 ], [ -72.50118255, -47.77083025 ], [ -72.50129699, -47.77078066 ], [ -72.50141143, -47.77074251 ], [ -72.5015335, -47.77072344 ], [ -72.50167083, -47.77071199 ], [ -72.5017929, -47.77071199 ], [ -72.5020523, -47.77070055 ], [ -72.50218963, -47.77069673 ], [ -72.50228118, -47.77061281 ], [ -72.5024414, -47.77049455 ], [ -72.50258636, -47.77044115 ], [ -72.50268554, -47.77039156 ], [ -72.50279235, -47.77032289 ], [ -72.50286865, -47.77025041 ], [ -72.50291442, -47.77017412 ], [ -72.50295257, -47.77009019 ], [ -72.50299072, -47.77000627 ], [ -72.50302123, -47.76990709 ], [ -72.50305175, -47.76982316 ], [ -72.50309753, -47.76967821 ], [ -72.50313567, -47.76956376 ], [ -72.50318908, -47.76940355 ], [ -72.5032196, -47.76929673 ], [ -72.50346374, -47.76751527 ], [ -72.50338744, -47.7674466 ], [ -72.50328063, -47.76737031 ], [ -72.50318908, -47.76731309 ], [ -72.50305938, -47.76723679 ], [ -72.50285339, -47.76712235 ], [ -72.50272369, -47.76704224 ], [ -72.5026245, -47.76696976 ], [ -72.50253295, -47.76689728 ], [ -72.50245666, -47.76682099 ], [ -72.50234222, -47.76671418 ], [ -72.50225829, -47.76662644 ], [ -72.50218963, -47.76655396 ], [ -72.50212859, -47.76647385 ], [ -72.50206756, -47.76638611 ], [ -72.50202941, -47.76629837 ], [ -72.50199889, -47.76621827 ], [ -72.50199126, -47.76613434 ], [ -72.50198364, -47.76604279 ], [ -72.50198364, -47.76595124 ], [ -72.50199126, -47.76586731 ], [ -72.50200652, -47.76578339 ], [ -72.50202178, -47.76570328 ], [ -72.50204467, -47.7656041 ], [ -72.50207519, -47.76550873 ], [ -72.50210571, -47.76542099 ], [ -72.50214385, -47.76533325 ], [ -72.502182, -47.76525696 ], [ -72.50223541, -47.76514633 ], [ -72.50228881, -47.76504715 ], [ -72.50233459, -47.7649556 ], [ -72.50240325, -47.76484879 ], [ -72.50246429, -47.7647496 ], [ -72.50251769, -47.76466568 ], [ -72.50261688, -47.76452454 ], [ -72.50269317, -47.76441391 ], [ -72.5027542, -47.76432617 ], [ -72.50283813, -47.76421173 ], [ -72.50289153, -47.76413925 ], [ -72.5029602, -47.76404388 ], [ -72.50302123, -47.76396759 ], [ -72.50309753, -47.76388366 ], [ -72.50318908, -47.76379211 ], [ -72.50328063, -47.763712 ], [ -72.50335693, -47.76364334 ], [ -72.50418853, -47.76194961 ], [ -72.50421905, -47.76184661 ], [ -72.50424957, -47.76175506 ], [ -72.50428771, -47.76165587 ], [ -72.50433349, -47.76156432 ], [ -72.50437927, -47.76148803 ], [ -72.50443267, -47.76141173 ], [ -72.50450134, -47.76133162 ], [ -72.50459289, -47.76124389 ], [ -72.50467681, -47.76117141 ], [ -72.50476073, -47.76110656 ], [ -72.50485992, -47.76103408 ], [ -72.50497436, -47.76095015 ], [ -72.5050888, -47.76088912 ], [ -72.50518798, -47.76082808 ], [ -72.50531005, -47.76076705 ], [ -72.50542449, -47.76070983 ], [ -72.50557708, -47.76064116 ], [ -72.50570678, -47.76059157 ], [ -72.50584411, -47.76053817 ], [ -72.50601196, -47.76048476 ], [ -72.50614928, -47.76043898 ], [ -72.50627135, -47.76040084 ], [ -72.50640105, -47.7603665 ], [ -72.5065155, -47.76033599 ], [ -72.50662994, -47.76030928 ], [ -72.50675201, -47.76028639 ], [ -72.50687408, -47.76027114 ], [ -72.50702667, -47.76025588 ], [ -72.50717925, -47.76024443 ], [ -72.50732421, -47.76024062 ], [ -72.50745391, -47.76024062 ], [ -72.50756835, -47.76024825 ], [ -72.50771331, -47.76025588 ], [ -72.50783538, -47.76026351 ], [ -72.50815582, -47.76029021 ], [ -72.50829314, -47.76029784 ], [ -72.50844573, -47.76030547 ], [ -72.50859832, -47.76030928 ], [ -72.50875091, -47.76030928 ], [ -72.50897979, -47.76029402 ], [ -72.50918578, -47.76028639 ], [ -72.50938415, -47.76027114 ], [ -72.50956725, -47.76025969 ], [ -72.5097351, -47.76024062 ], [ -72.50989532, -47.76022917 ], [ -72.51004791, -47.7602101 ], [ -72.51019286, -47.76019484 ], [ -72.51032256, -47.76017577 ], [ -72.51044463, -47.76015669 ], [ -72.51061248, -47.76012999 ], [ -72.51076507, -47.76010329 ], [ -72.51091003, -47.76007659 ], [ -72.5110321, -47.76004607 ], [ -72.51118468, -47.76001555 ], [ -72.51132201, -47.7599774 ], [ -72.51143646, -47.75994689 ], [ -72.51158904, -47.75990492 ], [ -72.51171111, -47.75986296 ], [ -72.51184081, -47.75982481 ], [ -72.51198577, -47.75976759 ], [ -72.51211547, -47.75972182 ], [ -72.51223754, -47.75967223 ], [ -72.51239776, -47.75959975 ], [ -72.5125122, -47.75954253 ], [ -72.51260375, -47.75948149 ], [ -72.51271056, -47.7594052 ], [ -72.51280212, -47.7593289 ], [ -72.51287078, -47.75925642 ], [ -72.51294708, -47.75918394 ], [ -72.51301574, -47.75910765 ], [ -72.51307677, -47.75903517 ], [ -72.51313018, -47.75896269 ], [ -72.5132141, -47.75886351 ], [ -72.51328277, -47.75876433 ], [ -72.51337432, -47.75863844 ], [ -72.51345062, -47.75852018 ], [ -72.51352691, -47.75840956 ], [ -72.51359557, -47.75830656 ], [ -72.51365661, -47.75819975 ], [ -72.51371764, -47.7581082 ], [ -72.51383208, -47.75792891 ], [ -72.51392364, -47.75777632 ], [ -72.51400756, -47.75764662 ], [ -72.51407623, -47.75752836 ], [ -72.51414489, -47.75742918 ], [ -72.5141983, -47.75734144 ], [ -72.5142517, -47.75726133 ], [ -72.51434325, -47.75713163 ], [ -72.51441192, -47.75703245 ], [ -72.51449584, -47.75692945 ], [ -72.51457214, -47.75683408 ], [ -72.51463317, -47.75675779 ], [ -72.51472472, -47.75665098 ], [ -72.51483154, -47.75653272 ], [ -72.51493072, -47.75642972 ], [ -72.51501464, -47.75633817 ], [ -72.51509093, -47.75626188 ], [ -72.5151596, -47.75619321 ], [ -72.51525115, -47.75610547 ], [ -72.51535033, -47.75601774 ], [ -72.51546478, -47.75591855 ], [ -72.5155487, -47.75584989 ], [ -72.51566314, -47.75575452 ], [ -72.51578521, -47.75565915 ], [ -72.51589965, -47.75558286 ], [ -72.51600646, -47.75551038 ], [ -72.51611327, -47.75545316 ], [ -72.51622771, -47.75538449 ], [ -72.51634216, -47.75532346 ], [ -72.51648711, -47.75525098 ], [ -72.51660918, -47.75519376 ], [ -72.51674651, -47.75512891 ], [ -72.51689147, -47.75506406 ], [ -72.5170288, -47.75501065 ], [ -72.51719665, -47.75493817 ], [ -72.51730346, -47.75490003 ], [ -72.51743316, -47.75486569 ], [ -72.51755523, -47.75483899 ], [ -72.51769256, -47.75480847 ], [ -72.51782226, -47.75479322 ], [ -72.51794433, -47.75477414 ], [ -72.51808929, -47.75475125 ], [ -72.51821899, -47.75473599 ], [ -72.5183792, -47.75471311 ], [ -72.51850127, -47.75469022 ], [ -72.5186386, -47.75465589 ], [ -72.51876067, -47.75462537 ], [ -72.51888274, -47.75458341 ], [ -72.51898956, -47.75453763 ], [ -72.51908111, -47.75448422 ], [ -72.51918792, -47.754427 ], [ -72.51930999, -47.75435452 ], [ -72.51940917, -47.75428967 ], [ -72.51950072, -47.75423245 ], [ -72.52041522, -47.75360708 ], [ -72.52197265, -47.75257687 ], [ -72.52204131, -47.75248913 ], [ -72.52207946, -47.75240521 ], [ -72.52210998, -47.7523251 ], [ -72.52213287, -47.75222973 ], [ -72.52220916, -47.75176052 ], [ -72.52228545, -47.75129131 ], [ -72.52260589, -47.75063137 ], [ -72.52246093, -47.75006298 ], [ -72.52230834, -47.74944499 ], [ -72.52230834, -47.74936489 ], [ -72.52233123, -47.74926952 ], [ -72.52236938, -47.74918941 ], [ -72.52242278, -47.74911311 ], [ -72.52247619, -47.74904064 ], [ -72.52254485, -47.74896816 ], [ -72.52264404, -47.74888042 ], [ -72.52272796, -47.74879649 ], [ -72.52288055, -47.74866298 ], [ -72.52296447, -47.74857906 ], [ -72.52304839, -47.74849513 ], [ -72.52312469, -47.74841502 ], [ -72.52317809, -47.7483311 ], [ -72.5234146, -47.746542 ], [ -72.52338409, -47.74644282 ], [ -72.52335357, -47.74634745 ], [ -72.52332305, -47.74626353 ], [ -72.52330016, -47.74617579 ], [ -72.52324676, -47.74603083 ], [ -72.52320098, -47.7458935 ], [ -72.52310943, -47.7456608 ], [ -72.52307891, -47.74557307 ], [ -72.52302551, -47.74542429 ], [ -72.52298736, -47.74530985 ], [ -72.52295684, -47.74522211 ], [ -72.52291106, -47.74510004 ], [ -72.52286529, -47.74494745 ], [ -72.52280425, -47.74472239 ], [ -72.52274322, -47.74452402 ], [ -72.52272033, -47.7444401 ], [ -72.52267455, -47.74428369 ], [ -72.52263641, -47.74414637 ], [ -72.52260589, -47.74402811 ], [ -72.522583, -47.7439213 ], [ -72.52255248, -47.74382593 ], [ -72.52252197, -47.74366571 ], [ -72.52249145, -47.74354746 ], [ -72.52247619, -47.7434559 ], [ -72.5224533, -47.74332239 ], [ -72.52243804, -47.74321939 ], [ -72.52242278, -47.74311258 ], [ -72.52243041, -47.74302103 ], [ -72.52243804, -47.7429371 ], [ -72.52246093, -47.74285699 ], [ -72.52248382, -47.74277307 ], [ -72.52252959, -47.74267007 ], [ -72.52256774, -47.74257471 ], [ -72.52268218, -47.74234582 ], [ -72.52272033, -47.74224664 ], [ -72.52275848, -47.74215127 ], [ -72.52272796, -47.74035455 ], [ -72.52272033, -47.74026681 ], [ -72.52269744, -47.73997689 ], [ -72.52269744, -47.73989678 ], [ -72.52268218, -47.73979378 ], [ -72.52267455, -47.73970605 ], [ -72.52265929, -47.73961068 ], [ -72.52263641, -47.7395115 ], [ -72.52261352, -47.73941994 ], [ -72.52259063, -47.73933602 ], [ -72.52252197, -47.73923302 ], [ -72.52240752, -47.73919487 ], [ -72.52228545, -47.7391758 ], [ -72.52216338, -47.73917962 ], [ -72.52203368, -47.73919487 ], [ -72.52189635, -47.73922158 ], [ -72.52176666, -47.73925972 ], [ -72.52163696, -47.7393055 ], [ -72.52153777, -47.73935509 ], [ -72.52140807, -47.73942757 ], [ -72.52127837, -47.73949624 ], [ -72.52113342, -47.73957635 ], [ -72.52103423, -47.73962975 ], [ -72.52094268, -47.73968697 ], [ -72.5208435, -47.73974801 ], [ -72.52074432, -47.73982049 ], [ -72.52065276, -47.73989297 ], [ -72.52056121, -47.7399807 ], [ -72.52050018, -47.74005318 ], [ -72.52044677, -47.74012948 ], [ -72.52039336, -47.74022485 ], [ -72.52037048, -47.74030495 ], [ -72.52035522, -47.74040414 ], [ -72.52033996, -47.74049188 ], [ -72.5203247, -47.7406025 ], [ -72.52030944, -47.74070168 ], [ -72.52030181, -47.74078561 ], [ -72.52027892, -47.74108697 ], [ -72.52026366, -47.74122048 ], [ -72.52024841, -47.74133111 ], [ -72.52024078, -47.74141885 ], [ -72.52023315, -47.74150277 ], [ -72.52023315, -47.74159433 ], [ -72.52023315, -47.74172021 ], [ -72.52023315, -47.74181939 ], [ -72.52022552, -47.74193002 ], [ -72.52021026, -47.74201394 ], [ -72.52017974, -47.7421055 ], [ -72.52014159, -47.74219323 ], [ -72.52008819, -47.74226953 ], [ -72.52001952, -47.74235727 ], [ -72.51994323, -47.74243738 ], [ -72.51986694, -47.74250986 ], [ -72.51978301, -47.74257852 ], [ -72.51969909, -47.74263574 ], [ -72.51961517, -47.74269678 ], [ -72.51950835, -47.74275781 ], [ -72.51940154, -47.74281503 ], [ -72.51927184, -47.74287225 ], [ -72.51914214, -47.74292566 ], [ -72.51902007, -47.74297144 ], [ -72.518898, -47.7430134 ], [ -72.51877593, -47.74305154 ], [ -72.51865386, -47.74308588 ], [ -72.51854705, -47.74311258 ], [ -72.51839446, -47.74315073 ], [ -72.51825713, -47.74318124 ], [ -72.51812743, -47.74321176 ], [ -72.51799773, -47.74323465 ], [ -72.51788329, -47.74325754 ], [ -72.51776885, -47.74328043 ], [ -72.51756286, -47.74331476 ], [ -72.51718139, -47.74337961 ], [ -72.51704406, -47.7434025 ], [ -72.51691436, -47.74342539 ], [ -72.516716, -47.74346735 ], [ -72.51656341, -47.74349786 ], [ -72.51644897, -47.74352457 ], [ -72.51628875, -47.7435589 ], [ -72.51614379, -47.74359705 ], [ -72.5159912, -47.74363901 ], [ -72.5158081, -47.7436886 ], [ -72.51564025, -47.74373819 ], [ -72.51548766, -47.74378397 ], [ -72.5153427, -47.74382593 ], [ -72.51520538, -47.74386026 ], [ -72.51507568, -47.74389841 ], [ -72.51495361, -47.74393656 ], [ -72.51473235, -47.74399378 ], [ -72.51454162, -47.74404337 ], [ -72.51437377, -47.74408914 ], [ -72.51422118, -47.74412729 ], [ -72.51409148, -47.74415781 ], [ -72.51391601, -47.74419596 ], [ -72.51377105, -47.74422647 ], [ -72.51361846, -47.74426081 ], [ -72.51345062, -47.74429132 ], [ -72.51329803, -47.74432184 ], [ -72.51317596, -47.7443371 ], [ -72.51302337, -47.7443638 ], [ -72.5129013, -47.74437143 ], [ -72.5127716, -47.74437143 ], [ -72.51264953, -47.7443638 ], [ -72.51249694, -47.74435236 ], [ -72.51195525, -47.74427988 ], [ -72.51180267, -47.74426844 ], [ -72.5116806, -47.74426462 ], [ -72.5115509, -47.74426462 ], [ -72.51141357, -47.74427607 ], [ -72.51048278, -47.74437906 ], [ -72.50954437, -47.74448587 ], [ -72.5085678, -47.74459269 ], [ -72.50807189, -47.74464991 ], [ -72.50752258, -47.74471476 ], [ -72.50740813, -47.74475672 ], [ -72.50730895, -47.74480631 ], [ -72.50723266, -47.74486735 ], [ -72.50714874, -47.74494745 ], [ -72.50707244, -47.74502756 ], [ -72.50577544, -47.74658015 ], [ -72.50567626, -47.74663737 ], [ -72.50557708, -47.7466984 ], [ -72.50548553, -47.74676707 ], [ -72.5054016, -47.74683955 ], [ -72.5053482, -47.74691584 ], [ -72.50531005, -47.74700358 ], [ -72.50529479, -47.74709132 ], [ -72.50529479, -47.74717524 ], [ -72.50529479, -47.74725535 ], [ -72.50531005, -47.74735453 ], [ -72.50532531, -47.74744609 ], [ -72.50534057, -47.74755671 ], [ -72.5053482, -47.74764827 ], [ -72.5053482, -47.74773601 ], [ -72.50533294, -47.74782374 ], [ -72.50530242, -47.74790385 ], [ -72.50524139, -47.74799159 ], [ -72.50514983, -47.74806026 ], [ -72.50504302, -47.74810603 ], [ -72.50492095, -47.74814036 ], [ -72.50479888, -47.74816325 ], [ -72.50465392, -47.74817851 ], [ -72.50437164, -47.74820521 ], [ -72.50424957, -47.74822429 ], [ -72.5041275, -47.74824718 ], [ -72.50402068, -47.74827769 ], [ -72.5039215, -47.7483311 ], [ -72.50383758, -47.74840358 ], [ -72.50377654, -47.74848369 ], [ -72.50372314, -47.74855998 ], [ -72.50366973, -47.74865916 ], [ -72.50363158, -47.7487469 ], [ -72.50359344, -47.74883464 ], [ -72.50354766, -47.74893764 ], [ -72.50350188, -47.74901775 ], [ -72.50345611, -47.74910549 ], [ -72.50339507, -47.74917415 ], [ -72.50332641, -47.74924663 ], [ -72.50323486, -47.74931911 ], [ -72.5031433, -47.7493687 ], [ -72.50303649, -47.74941066 ], [ -72.50291442, -47.74945262 ], [ -72.50279235, -47.74948314 ], [ -72.50264739, -47.74952129 ], [ -72.50251006, -47.74954799 ], [ -72.50238799, -47.74957088 ], [ -72.50223541, -47.74960521 ], [ -72.50209045, -47.74963954 ], [ -72.50024413, -47.75099377 ], [ -72.50017547, -47.75106243 ], [ -72.50004577, -47.75118832 ], [ -72.49993896, -47.75129894 ], [ -72.4998474, -47.75139431 ], [ -72.49976348, -47.75148586 ], [ -72.49968719, -47.75156597 ], [ -72.49957275, -47.75169186 ], [ -72.49948119, -47.75179104 ], [ -72.49941253, -47.75187496 ], [ -72.49931335, -47.75198178 ], [ -72.49919891, -47.75212292 ], [ -72.49913024, -47.75221066 ], [ -72.49906921, -47.75229458 ], [ -72.4990158, -47.75237469 ], [ -72.4989624, -47.7524548 ], [ -72.49892425, -47.75253109 ], [ -72.49887084, -47.75262646 ], [ -72.49882507, -47.75272183 ], [ -72.49878692, -47.75280575 ], [ -72.49874877, -47.75289349 ], [ -72.49868011, -47.75304608 ], [ -72.49859618, -47.75324444 ], [ -72.49855041, -47.75335507 ], [ -72.49850463, -47.75345044 ], [ -72.49846648, -47.75353818 ], [ -72.49842834, -47.75361447 ], [ -72.49838256, -47.75370984 ], [ -72.49832153, -47.75380902 ], [ -72.49825286, -47.75391583 ], [ -72.49820709, -47.75399213 ], [ -72.49814605, -47.75407224 ], [ -72.49806976, -47.7541676 ], [ -72.49800872, -47.75424008 ], [ -72.49790954, -47.75432782 ], [ -72.49782562, -47.75438886 ], [ -72.49774932, -47.75444989 ], [ -72.49765014, -47.75450711 ], [ -72.4975357, -47.75457196 ], [ -72.49741363, -47.75462918 ], [ -72.49729919, -47.75467496 ], [ -72.49716186, -47.75472074 ], [ -72.49705505, -47.75475888 ], [ -72.49608611, -47.75349621 ], [ -72.49602508, -47.75340848 ], [ -72.4959793, -47.75332837 ], [ -72.49591064, -47.75322918 ], [ -72.4958496, -47.75314526 ], [ -72.49576568, -47.75303463 ], [ -72.49569701, -47.7529469 ], [ -72.49562835, -47.75287442 ], [ -72.49555969, -47.75279431 ], [ -72.49547576, -47.75271038 ], [ -72.49539947, -47.75263791 ], [ -72.49531554, -47.75256924 ], [ -72.49523162, -47.75250058 ], [ -72.49514007, -47.75243191 ], [ -72.49503326, -47.75237088 ], [ -72.49491119, -47.75230984 ], [ -72.49479675, -47.75226788 ], [ -72.49467468, -47.75222592 ], [ -72.49455261, -47.75219921 ], [ -72.49442291, -47.75217251 ], [ -72.49424743, -47.75213818 ], [ -72.49409484, -47.75211148 ], [ -72.49394988, -47.7520924 ], [ -72.49382018, -47.75207333 ], [ -72.49365997, -47.75206188 ], [ -72.49352264, -47.75204663 ], [ -72.49334716, -47.75203518 ], [ -72.4932022, -47.75202755 ], [ -72.49308013, -47.75202755 ], [ -72.4929428, -47.75202374 ], [ -72.49280547, -47.75202374 ], [ -72.49263763, -47.75202755 ], [ -72.49251556, -47.75203518 ], [ -72.49238586, -47.752039 ], [ -72.49226379, -47.75204663 ], [ -72.4920349, -47.75206188 ], [ -72.49181365, -47.75207714 ], [ -72.49160766, -47.7520924 ], [ -72.49141692, -47.75210766 ], [ -72.49123382, -47.7521191 ], [ -72.49106597, -47.75213436 ], [ -72.49089813, -47.75214962 ], [ -72.49074554, -47.75216107 ], [ -72.49060821, -47.75217633 ], [ -72.49047088, -47.75219158 ], [ -72.49034881, -47.75219921 ], [ -72.49011993, -47.75222973 ], [ -72.48992156, -47.75224881 ], [ -72.48974609, -47.75227169 ], [ -72.48958587, -47.75229077 ], [ -72.48944854, -47.75230603 ], [ -72.48921966, -47.75234036 ], [ -72.48904418, -47.75236325 ], [ -72.48889922, -47.75238232 ], [ -72.48871612, -47.75240902 ], [ -72.48859405, -47.7524281 ], [ -72.48840331, -47.75246243 ], [ -72.48828124, -47.75247769 ], [ -72.48815917, -47.75250058 ], [ -72.48799896, -47.75253109 ], [ -72.48784637, -47.75256161 ], [ -72.48767089, -47.75259594 ], [ -72.4875183, -47.75263028 ], [ -72.48738097, -47.75266461 ], [ -72.48721313, -47.75270276 ], [ -72.48706817, -47.7527409 ], [ -72.48691558, -47.75278286 ], [ -72.48674773, -47.75282864 ], [ -72.48660278, -47.75287442 ], [ -72.48648834, -47.75290493 ], [ -72.48635864, -47.7529469 ], [ -72.48624419, -47.75299649 ], [ -72.48612975, -47.75305371 ], [ -72.4860382, -47.75311474 ], [ -72.48595428, -47.75318722 ], [ -72.48588561, -47.7532597 ], [ -72.48582458, -47.75334363 ], [ -72.48578643, -47.75343136 ], [ -72.48575591, -47.75351529 ], [ -72.48574065, -47.7535954 ], [ -72.48573303, -47.75369839 ], [ -72.48574065, -47.75379758 ], [ -72.48575591, -47.75389676 ], [ -72.4857788, -47.75398831 ], [ -72.48580169, -47.75407224 ], [ -72.48582458, -47.75415234 ], [ -72.48586272, -47.75426679 ], [ -72.4859085, -47.75440793 ], [ -72.48594665, -47.75452619 ], [ -72.48596954, -47.75460629 ], [ -72.48599242, -47.75469785 ], [ -72.48601531, -47.75479703 ], [ -72.48602294, -47.75488095 ], [ -72.48603057, -47.75496488 ], [ -72.48602294, -47.75505262 ], [ -72.48600005, -47.7551518 ], [ -72.48596954, -47.75523572 ], [ -72.48592376, -47.75532346 ], [ -72.48587035, -47.75539975 ], [ -72.48578643, -47.75549512 ], [ -72.48571777, -47.7555676 ], [ -72.48564147, -47.7556439 ], [ -72.48556518, -47.75570493 ], [ -72.48548888, -47.75576978 ], [ -72.48538207, -47.75584226 ], [ -72.48527526, -47.75589185 ], [ -72.48514556, -47.75594144 ], [ -72.48500823, -47.75598722 ], [ -72.48489379, -47.75602537 ], [ -72.48477935, -47.75606351 ], [ -72.48467254, -47.75612073 ], [ -72.48458099, -47.75618177 ], [ -72.48452758, -47.75625425 ], [ -72.48448943, -47.75633436 ], [ -72.48445892, -47.75642973 ], [ -72.4844284, -47.75652891 ], [ -72.48438262, -47.75674253 ], [ -72.48435973, -47.75684553 ], [ -72.48434448, -47.75693327 ], [ -72.48432922, -47.75705152 ], [ -72.48430633, -47.75718504 ], [ -72.48429107, -47.7572804 ], [ -72.48426818, -47.7573834 ], [ -72.48424529, -47.7574864 ], [ -72.48418426, -47.75765806 ], [ -72.48411559, -47.75773436 ], [ -72.48403167, -47.75780302 ], [ -72.48393249, -47.75786406 ], [ -72.48381042, -47.75791746 ], [ -72.48368072, -47.75796324 ], [ -72.48355865, -47.75798994 ], [ -72.48344421, -47.75800138 ], [ -72.48331451, -47.75799376 ], [ -72.48318481, -47.7579785 ], [ -72.48306274, -47.75795561 ], [ -72.48292541, -47.75792891 ], [ -72.48280334, -47.7579022 ], [ -72.48265075, -47.75786787 ], [ -72.48252105, -47.75783735 ], [ -72.48239898, -47.75780683 ], [ -72.48225402, -47.7577725 ], [ -72.48222018, -47.75776489 ], [ -72.48210143, -47.75773817 ], [ -72.48197936, -47.7577191 ], [ -72.48185729, -47.75770002 ], [ -72.47908782, -47.7576161 ], [ -72.47853851, -47.75759321 ], [ -72.47834014, -47.7575894 ], [ -72.47819518, -47.75758177 ], [ -72.47797393, -47.75757414 ], [ -72.47776031, -47.75757032 ], [ -72.47763824, -47.75756651 ], [ -72.47745513, -47.75756651 ], [ -72.47729491, -47.75756651 ], [ -72.4771347, -47.75757032 ], [ -72.47698211, -47.75757795 ], [ -72.47678375, -47.75758558 ], [ -72.47660827, -47.75759703 ], [ -72.47643279, -47.75761228 ], [ -72.47627258, -47.75762373 ], [ -72.47498321, -47.75774198 ], [ -72.47484588, -47.75775343 ], [ -72.47472381, -47.75776106 ], [ -72.47451782, -47.75777632 ], [ -72.4743576, -47.75778395 ], [ -72.47418212, -47.75779158 ], [ -72.47403716, -47.75779539 ], [ -72.47391509, -47.75779539 ], [ -72.47377776, -47.75779539 ], [ -72.47364043, -47.75778776 ], [ -72.47351074, -47.7577725 ], [ -72.47338866, -47.75774961 ], [ -72.47325134, -47.75770765 ], [ -72.47314452, -47.75766569 ], [ -72.47304534, -47.7576161 ], [ -72.47294616, -47.75755125 ], [ -72.47286224, -47.75748258 ], [ -72.47279357, -47.75739485 ], [ -72.47276305, -47.75731092 ], [ -72.47212219, -47.75555997 ], [ -72.47210693, -47.75547986 ], [ -72.47211456, -47.75538831 ], [ -72.47214507, -47.75530057 ], [ -72.47217559, -47.75521283 ], [ -72.472229, -47.75510602 ], [ -72.47226714, -47.75501447 ], [ -72.47230529, -47.7549191 ], [ -72.47232818, -47.75483136 ], [ -72.47233581, -47.75473981 ], [ -72.47232055, -47.75465207 ], [ -72.47227477, -47.75456815 ], [ -72.47222137, -47.75449948 ], [ -72.4721527, -47.754427 ], [ -72.47206878, -47.75435071 ], [ -72.4719696, -47.75427823 ], [ -72.47187804, -47.75421719 ], [ -72.47179412, -47.75415997 ], [ -72.47167968, -47.75408749 ], [ -72.47160339, -47.75402264 ], [ -72.47149658, -47.75394635 ], [ -72.47142791, -47.75387769 ], [ -72.47135162, -47.75378613 ], [ -72.47129821, -47.75370984 ], [ -72.47122955, -47.75358014 ], [ -72.47116851, -47.75345807 ], [ -72.47110748, -47.75334363 ], [ -72.47105407, -47.753233 ], [ -72.47100066, -47.75313763 ], [ -72.47095489, -47.75303845 ], [ -72.47090911, -47.75295071 ], [ -72.47087096, -47.75286679 ], [ -72.47082519, -47.75274853 ], [ -72.47077941, -47.75264553 ], [ -72.47074127, -47.75254635 ], [ -72.47071075, -47.75245861 ], [ -72.47068023, -47.75235562 ], [ -72.47064971, -47.75226025 ], [ -72.47061919, -47.75213818 ], [ -72.47060394, -47.752039 ], [ -72.47058868, -47.75195889 ], [ -72.47057342, -47.75187115 ], [ -72.47056579, -47.75177197 ], [ -72.47056579, -47.75167278 ], [ -72.47056579, -47.7515736 ], [ -72.47056579, -47.7514706 ], [ -72.47079467, -47.74963954 ], [ -72.47081756, -47.74950603 ], [ -72.47083282, -47.74941448 ], [ -72.47086334, -47.74927333 ], [ -72.47089385, -47.74912837 ], [ -72.47090911, -47.74903682 ], [ -72.47093963, -47.74894527 ], [ -72.47096252, -47.74886516 ], [ -72.47100066, -47.7487469 ], [ -72.47104644, -47.74860576 ], [ -72.47113799, -47.74835399 ], [ -72.47116851, -47.74826244 ], [ -72.47119903, -47.74817851 ], [ -72.47122955, -47.74807551 ], [ -72.47125243, -47.74799159 ], [ -72.47128295, -47.74789622 ], [ -72.47130584, -47.74779704 ], [ -72.4713211, -47.74769404 ], [ -72.47133636, -47.74759486 ], [ -72.47133636, -47.74751475 ], [ -72.47132873, -47.74741938 ], [ -72.4713211, -47.74733165 ], [ -72.47129821, -47.74722483 ], [ -72.47127532, -47.7471371 ], [ -72.47125243, -47.74704173 ], [ -72.47121429, -47.7469311 ], [ -72.47118377, -47.74682429 ], [ -72.47115325, -47.74671748 ], [ -72.47112273, -47.7466183 ], [ -72.47109222, -47.74653056 ], [ -72.47106933, -47.74644282 ], [ -72.47103881, -47.74636271 ], [ -72.47099304, -47.74621775 ], [ -72.47094726, -47.74609568 ], [ -72.47090911, -47.74598124 ], [ -72.47087096, -47.74588206 ], [ -72.47083282, -47.74579813 ], [ -72.47077941, -47.74569132 ], [ -72.47073364, -47.74559977 ], [ -72.47068023, -47.7455044 ], [ -72.47063445, -47.74542811 ], [ -72.47058868, -47.745348 ], [ -72.47052001, -47.74525645 ], [ -72.47044372, -47.74515726 ], [ -72.47036742, -47.74508097 ], [ -72.47027587, -47.74500467 ], [ -72.47016906, -47.74494745 ], [ -72.47006988, -47.74489786 ], [ -72.4699707, -47.74485209 ], [ -72.46986388, -47.74481394 ], [ -72.46974181, -47.74477579 ], [ -72.46961211, -47.74474909 ], [ -72.46940612, -47.74468805 ], [ -72.46927642, -47.74464228 ], [ -72.46916198, -47.74460032 ], [ -72.46902465, -47.74454691 ], [ -72.46890258, -47.74450113 ], [ -72.46879577, -47.74445536 ], [ -72.46865844, -47.74439814 ], [ -72.46855163, -47.74434473 ], [ -72.46842956, -47.74428751 ], [ -72.46829986, -47.74422647 ], [ -72.4681549, -47.74414637 ], [ -72.46804809, -47.74408533 ], [ -72.46792602, -47.74401667 ], [ -72.46781921, -47.74395182 ], [ -72.46768951, -47.74387552 ], [ -72.46759033, -47.74381067 ], [ -72.46748351, -47.74373438 ], [ -72.46739196, -47.7436619 ], [ -72.46729278, -47.74357797 ], [ -72.46720886, -47.74350168 ], [ -72.46713256, -47.74341394 ], [ -72.46704864, -47.74331094 ], [ -72.46697234, -47.74322321 ], [ -72.46691131, -47.74313165 ], [ -72.46684264, -47.74303629 ], [ -72.46678161, -47.74294092 ], [ -72.46673583, -47.74286081 ], [ -72.46669769, -47.74278451 ], [ -72.46665191, -47.74269296 ], [ -72.46662139, -47.74261285 ], [ -72.46658325, -47.74252893 ], [ -72.46655273, -47.74243356 ], [ -72.46651458, -47.74231912 ], [ -72.46649169, -47.74223901 ], [ -72.46646117, -47.74212457 ], [ -72.46643066, -47.74201013 ], [ -72.46640777, -47.74190713 ], [ -72.46638488, -47.74180795 ], [ -72.46636199, -47.7417164 ], [ -72.4663391, -47.74162866 ], [ -72.46631622, -47.74154855 ], [ -72.4662857, -47.74139978 ], [ -72.46626281, -47.74127008 ], [ -72.46623992, -47.74115563 ], [ -72.46622466, -47.74106027 ], [ -72.4662094, -47.74096871 ], [ -72.46619415, -47.74085809 ], [ -72.46617889, -47.7407322 ], [ -72.46617126, -47.74063683 ], [ -72.46616363, -47.74053384 ], [ -72.46616363, -47.74044228 ], [ -72.46616363, -47.74033166 ], [ -72.46616363, -47.74015618 ], [ -72.46616363, -47.73982812 ], [ -72.46616363, -47.73953438 ], [ -72.46616363, -47.73903084 ], [ -72.46616604, -47.73879182 ], [ -72.46617126, -47.73827553 ], [ -72.46617126, -47.73789787 ], [ -72.46617126, -47.73748207 ], [ -72.46617889, -47.7372036 ], [ -72.46617889, -47.73711586 ], [ -72.46617889, -47.73702049 ], [ -72.46616363, -47.73692894 ], [ -72.46611785, -47.73685264 ], [ -72.46603393, -47.73679924 ], [ -72.46591949, -47.73676109 ], [ -72.46579742, -47.7367382 ], [ -72.46567535, -47.73674202 ], [ -72.46554565, -47.73676109 ], [ -72.46467996, -47.73703554 ], [ -72.46312713, -47.73752785 ], [ -72.46291351, -47.73760033 ], [ -72.46270751, -47.73767662 ], [ -72.46250915, -47.73774529 ], [ -72.46232604, -47.73781014 ], [ -72.4621582, -47.73787499 ], [ -72.46200561, -47.73793221 ], [ -72.46185302, -47.73798561 ], [ -72.46171569, -47.7380352 ], [ -72.46158599, -47.73808861 ], [ -72.46146392, -47.73813057 ], [ -72.46134948, -47.73817253 ], [ -72.46124267, -47.73821449 ], [ -72.4610443, -47.73829079 ], [ -72.46086883, -47.73835945 ], [ -72.46071624, -47.73841667 ], [ -72.46058654, -47.73847008 ], [ -72.46036529, -47.738554 ], [ -72.46018981, -47.73862648 ], [ -72.45996093, -47.73872185 ], [ -72.45980834, -47.73878289 ], [ -72.4595642, -47.73888588 ], [ -72.45944976, -47.73893929 ], [ -72.45935058, -47.73899651 ], [ -72.45923614, -47.73905755 ], [ -72.45911407, -47.73913384 ], [ -72.45900726, -47.73920632 ], [ -72.45886993, -47.73929406 ], [ -72.45875549, -47.73937417 ], [ -72.4586563, -47.73944283 ], [ -72.45856475, -47.73950768 ], [ -72.45845031, -47.73958397 ], [ -72.4583435, -47.7396412 ], [ -72.45823669, -47.73970986 ], [ -72.45810699, -47.73978234 ], [ -72.45799255, -47.73983575 ], [ -72.45785522, -47.7399006 ], [ -72.45771026, -47.73995019 ], [ -72.45758819, -47.7399807 ], [ -72.45498657, -47.73975945 ], [ -72.45484161, -47.73978615 ], [ -72.45463561, -47.73982812 ], [ -72.4543457, -47.73988915 ], [ -72.45417785, -47.73992348 ], [ -72.45401763, -47.73995782 ], [ -72.45386504, -47.73999215 ], [ -72.45372772, -47.74002648 ], [ -72.45359039, -47.74005318 ], [ -72.45346832, -47.7400837 ], [ -72.45330047, -47.74012566 ], [ -72.45314788, -47.74016763 ], [ -72.45296478, -47.74021722 ], [ -72.45280456, -47.74026299 ], [ -72.45266723, -47.74030877 ], [ -72.45254516, -47.7403431 ], [ -72.45239257, -47.74039269 ], [ -72.4522705, -47.74043847 ], [ -72.45213317, -47.74048806 ], [ -72.45203399, -47.74053002 ], [ -72.45188903, -47.74059106 ], [ -72.4517517, -47.74064828 ], [ -72.45161437, -47.74071313 ], [ -72.4514923, -47.74077035 ], [ -72.45133971, -47.74083901 ], [ -72.45121764, -47.74090386 ], [ -72.4511032, -47.74096108 ], [ -72.45090484, -47.74106027 ], [ -72.45075988, -47.74113656 ], [ -72.45056152, -47.74123956 ], [ -72.45045471, -47.74129296 ], [ -72.45030975, -47.74136163 ], [ -72.45015716, -47.74143029 ], [ -72.45001983, -47.74149133 ], [ -72.44989013, -47.74155236 ], [ -72.44976806, -47.74160577 ], [ -72.44964599, -47.74165536 ], [ -72.44953918, -47.74170495 ], [ -72.44933318, -47.74179269 ], [ -72.44916534, -47.74186517 ], [ -72.44702148, -47.74292947 ], [ -72.4469223, -47.74298669 ], [ -72.44682311, -47.74305917 ], [ -72.4467163, -47.74312402 ], [ -72.44662475, -47.74318887 ], [ -72.4465332, -47.74324609 ], [ -72.44637298, -47.74336054 ], [ -72.44622802, -47.74345209 ], [ -72.44609832, -47.74353983 ], [ -72.44599151, -47.74361612 ], [ -72.44589233, -47.74368097 ], [ -72.44573211, -47.74378397 ], [ -72.44561004, -47.74386408 ], [ -72.44551086, -47.74392893 ], [ -72.44537353, -47.74400904 ], [ -72.44525909, -47.7440777 ], [ -72.44511413, -47.74416162 ], [ -72.4449768, -47.74423792 ], [ -72.44485473, -47.74430658 ], [ -72.44473266, -47.74436762 ], [ -72.44461059, -47.74442865 ], [ -72.44450378, -47.74448587 ], [ -72.44439697, -47.74453547 ], [ -72.44425201, -47.74460413 ], [ -72.44407653, -47.74468424 ], [ -72.44392394, -47.7447529 ], [ -72.44377899, -47.74481775 ], [ -72.44365691, -47.74486735 ], [ -72.4435501, -47.74491694 ], [ -72.443367, -47.74498942 ], [ -72.44322204, -47.74505045 ], [ -72.44302367, -47.74513056 ], [ -72.44289398, -47.74518015 ], [ -72.44269561, -47.74524882 ], [ -72.44257354, -47.74526408 ], [ -72.44245147, -47.745245 ], [ -72.44234466, -47.74519923 ], [ -72.44224548, -47.74514582 ], [ -72.44213867, -47.74508097 ], [ -72.44204711, -47.74500849 ], [ -72.44194793, -47.74492838 ], [ -72.44186401, -47.74484827 ], [ -72.44179534, -47.74477579 ], [ -72.44173431, -47.7446995 ], [ -72.44166564, -47.74461939 ], [ -72.44159698, -47.74452402 ], [ -72.44152831, -47.74443628 ], [ -72.44145965, -47.74435236 ], [ -72.44140624, -47.74427607 ], [ -72.44135284, -47.74419977 ], [ -72.44128417, -47.7441044 ], [ -72.44122314, -47.74400904 ], [ -72.44116973, -47.74392511 ], [ -72.4411087, -47.74382593 ], [ -72.44106292, -47.74373438 ], [ -72.44101714, -47.74365427 ], [ -72.44095611, -47.74349405 ], [ -72.44091796, -47.74339868 ], [ -72.44089507, -47.74330332 ], [ -72.44087219, -47.74320413 ], [ -72.44085693, -47.74309351 ], [ -72.4408493, -47.74300195 ], [ -72.4408493, -47.74291422 ], [ -72.44086456, -47.74281885 ], [ -72.44087982, -47.74271585 ], [ -72.44091033, -47.74262048 ], [ -72.44094085, -47.74251749 ], [ -72.44096374, -47.74242975 ], [ -72.44100189, -47.74233056 ], [ -72.44104003, -47.74224283 ], [ -72.44107818, -47.74215509 ], [ -72.44112396, -47.74207498 ], [ -72.44118499, -47.74196817 ], [ -72.44124603, -47.74186899 ], [ -72.44131469, -47.74174691 ], [ -72.44138336, -47.74164392 ], [ -72.44144439, -47.74154855 ], [ -72.44151305, -47.74143029 ], [ -72.44157409, -47.74133493 ], [ -72.4416275, -47.74123193 ], [ -72.44167327, -47.74114801 ], [ -72.44171905, -47.74103738 ], [ -72.4417572, -47.74094964 ], [ -72.44178771, -47.74085809 ], [ -72.44180297, -47.74077798 ], [ -72.44182586, -47.74068261 ], [ -72.44183349, -47.7405758 ], [ -72.44184112, -47.74047662 ], [ -72.44183349, -47.74038506 ], [ -72.44183349, -47.74030495 ], [ -72.44181823, -47.74020577 ], [ -72.44180297, -47.74012185 ], [ -72.44178008, -47.74004174 ], [ -72.4417572, -47.73994256 ], [ -72.44172668, -47.73985863 ], [ -72.44169616, -47.73977471 ], [ -72.44165038, -47.73967934 ], [ -72.44160461, -47.73958016 ], [ -72.44155883, -47.73948861 ], [ -72.44150543, -47.7394085 ], [ -72.44144439, -47.73931695 ], [ -72.44138336, -47.73923684 ], [ -72.44131469, -47.73915291 ], [ -72.4412384, -47.73906899 ], [ -72.44116973, -47.73900414 ], [ -72.44109344, -47.73893547 ], [ -72.44100951, -47.73885918 ], [ -72.44091033, -47.73878289 ], [ -72.44081878, -47.73871422 ], [ -72.44069671, -47.7386303 ], [ -72.44058227, -47.73856163 ], [ -72.44046783, -47.73849678 ], [ -72.44036102, -47.73843956 ], [ -72.4402542, -47.73838616 ], [ -72.44014739, -47.73834038 ], [ -72.44004821, -47.7382946 ], [ -72.43991851, -47.7382412 ], [ -72.43978881, -47.73819161 ], [ -72.43967437, -47.73814202 ], [ -72.43955993, -47.73810005 ], [ -72.43935394, -47.73801994 ], [ -72.43917083, -47.73795128 ], [ -72.43901824, -47.73789024 ], [ -72.43888091, -47.73783302 ], [ -72.43875884, -47.73778343 ], [ -72.43861388, -47.73771858 ], [ -72.43849181, -47.73766136 ], [ -72.43840026, -47.73761177 ], [ -72.43829345, -47.73755837 ], [ -72.43817901, -47.73749352 ], [ -72.43808746, -47.73743629 ], [ -72.43800353, -47.73737907 ], [ -72.43791961, -47.73731422 ], [ -72.43782806, -47.73724937 ], [ -72.43774413, -47.73718452 ], [ -72.43762969, -47.73709679 ], [ -72.43753051, -47.73701286 ], [ -72.43744659, -47.73693657 ], [ -72.43737029, -47.73686409 ], [ -72.43727874, -47.73678016 ], [ -72.43720245, -47.73670387 ], [ -72.43714141, -47.73663139 ], [ -72.43706512, -47.73653984 ], [ -72.43701171, -47.73645973 ], [ -72.43695068, -47.73636818 ], [ -72.43684387, -47.7345333 ], [ -72.43686675, -47.73441123 ], [ -72.43688201, -47.73431205 ], [ -72.43688964, -47.73423194 ], [ -72.43519592, -47.73257254 ], [ -72.43791198, -47.72948263 ], [ -72.43798065, -47.72941015 ], [ -72.43805694, -47.72933767 ], [ -72.43818664, -47.72919653 ], [ -72.43830108, -47.72908208 ], [ -72.43840026, -47.72897146 ], [ -72.43849181, -47.72888372 ], [ -72.43856811, -47.72879598 ], [ -72.43862914, -47.72872732 ], [ -72.43875121, -47.72860143 ], [ -72.43883514, -47.72850606 ], [ -72.43889617, -47.72843358 ], [ -72.43899535, -47.72833059 ], [ -72.43909454, -47.72822377 ], [ -72.43920135, -47.72809407 ], [ -72.43930816, -47.72796437 ], [ -72.43940734, -47.72784993 ], [ -72.43949889, -47.72773931 ], [ -72.43958282, -47.72763631 ], [ -72.43965911, -47.72753713 ], [ -72.43972778, -47.72744557 ], [ -72.43979644, -47.72735784 ], [ -72.43985748, -47.72727391 ], [ -72.43991088, -47.72719762 ], [ -72.44001769, -47.72705647 ], [ -72.44010162, -47.7269344 ], [ -72.44018554, -47.72681615 ], [ -72.4402542, -47.72671697 ], [ -72.44031524, -47.72662923 ], [ -72.44036865, -47.72655293 ], [ -72.44045257, -47.72642323 ], [ -72.44052123, -47.72632024 ], [ -72.44062042, -47.72617146 ], [ -72.44075012, -47.72596547 ], [ -72.44078063, -47.72587391 ], [ -72.44079589, -47.72578999 ], [ -72.44080352, -47.72569844 ], [ -72.44081115, -47.72558018 ], [ -72.44081115, -47.725481 ], [ -72.44234466, -47.72405811 ], [ -72.44242858, -47.72399708 ], [ -72.44264983, -47.72382923 ], [ -72.44275665, -47.72374912 ], [ -72.44286346, -47.72366138 ], [ -72.44297027, -47.72358128 ], [ -72.44306945, -47.72350117 ], [ -72.443161, -47.72342106 ], [ -72.44324493, -47.72334858 ], [ -72.44332122, -47.72328373 ], [ -72.44345855, -47.72315021 ], [ -72.44358062, -47.72303959 ], [ -72.44368743, -47.72293659 ], [ -72.44387817, -47.72275348 ], [ -72.44402313, -47.72261997 ], [ -72.44412231, -47.7225246 ], [ -72.44426727, -47.72238727 ], [ -72.44438934, -47.72228046 ], [ -72.44448089, -47.72220035 ], [ -72.44455718, -47.7221355 ], [ -72.44465637, -47.72206302 ], [ -72.44477081, -47.72198673 ], [ -72.44487762, -47.72191806 ], [ -72.44500732, -47.72183795 ], [ -72.44512939, -47.72176929 ], [ -72.44522857, -47.72170444 ], [ -72.44532012, -47.72165103 ], [ -72.44543456, -47.72157855 ], [ -72.445549, -47.72150226 ], [ -72.44564056, -47.72143741 ], [ -72.44573211, -47.72136493 ], [ -72.44582366, -47.72128864 ], [ -72.44590759, -47.72120471 ], [ -72.44597625, -47.72113223 ], [ -72.44604492, -47.72103687 ], [ -72.44609832, -47.72095676 ], [ -72.44615173, -47.72086139 ], [ -72.44618987, -47.72076602 ], [ -72.44622039, -47.72066302 ], [ -72.44625854, -47.72054477 ], [ -72.4462738, -47.72046466 ], [ -72.44629669, -47.72036929 ], [ -72.44631194, -47.72028918 ], [ -72.44631957, -47.72020526 ], [ -72.44631957, -47.72011752 ], [ -72.44631194, -47.71991153 ], [ -72.44631194, -47.71981234 ], [ -72.4463272, -47.71973224 ], [ -72.44634246, -47.7196445 ], [ -72.44638061, -47.71952624 ], [ -72.44641113, -47.7194118 ], [ -72.44644164, -47.7193088 ], [ -72.44647216, -47.71920962 ], [ -72.44651031, -47.71911807 ], [ -72.44654083, -47.71903414 ], [ -72.4465866, -47.71891589 ], [ -72.44664001, -47.71881289 ], [ -72.44668578, -47.71871371 ], [ -72.44673156, -47.71862978 ], [ -72.44677734, -47.71854586 ], [ -72.44683074, -47.71845431 ], [ -72.44688415, -47.71837038 ], [ -72.44695281, -47.71826739 ], [ -72.44702148, -47.71818346 ], [ -72.44707488, -47.71810717 ], [ -72.44715881, -47.71799654 ], [ -72.4472351, -47.7179088 ], [ -72.44731902, -47.71781725 ], [ -72.44738769, -47.71774477 ], [ -72.44745635, -47.71767611 ], [ -72.44754791, -47.71759218 ], [ -72.44764709, -47.71750826 ], [ -72.44773101, -47.71744341 ], [ -72.44781493, -47.71738238 ], [ -72.44791412, -47.71731371 ], [ -72.44796523, -47.71728177 ], [ -72.44800567, -47.71725649 ], [ -72.44812774, -47.71718401 ], [ -72.44822692, -47.71711916 ], [ -72.44833373, -47.71705813 ], [ -72.44846343, -47.71698946 ], [ -72.44861602, -47.71690172 ], [ -72.44875335, -47.71682924 ], [ -72.44886779, -47.71677965 ], [ -72.44898223, -47.7167415 ], [ -72.44908904, -47.71670336 ], [ -72.44921111, -47.71667284 ], [ -72.4493637, -47.71663088 ], [ -72.44950866, -47.71659655 ], [ -72.44967651, -47.7165584 ], [ -72.44981384, -47.71652025 ], [ -72.44992828, -47.71648973 ], [ -72.45004272, -47.71644777 ], [ -72.45015716, -47.71639437 ], [ -72.4502716, -47.71633333 ], [ -72.45036315, -47.7162723 ], [ -72.45043945, -47.71620745 ], [ -72.450531, -47.71612734 ], [ -72.45059966, -47.71605104 ], [ -72.45067596, -47.71596712 ], [ -72.45073699, -47.71588701 ], [ -72.45080566, -47.71579164 ], [ -72.45086669, -47.71570772 ], [ -72.45091247, -47.71563142 ], [ -72.45096587, -47.71553224 ], [ -72.45101165, -47.7154445 ], [ -72.45106506, -47.71535677 ], [ -72.45112609, -47.71521944 ], [ -72.45116424, -47.71513551 ], [ -72.45121002, -47.71504777 ], [ -72.45125579, -47.71495622 ], [ -72.45130157, -47.71486467 ], [ -72.45133971, -47.71478074 ], [ -72.45140838, -47.71462434 ], [ -72.45146179, -47.71449083 ], [ -72.45150756, -47.71437257 ], [ -72.45154571, -47.71426576 ], [ -72.45157623, -47.71417421 ], [ -72.45159911, -47.7140941 ], [ -72.45162963, -47.7139911 ], [ -72.45165252, -47.71388429 ], [ -72.45167541, -47.71376222 ], [ -72.45168304, -47.71367448 ], [ -72.45168304, -47.71358293 ], [ -72.45168304, -47.71347611 ], [ -72.45167541, -47.71339219 ], [ -72.45166015, -47.71331208 ], [ -72.45163726, -47.71322816 ], [ -72.45160674, -47.71314423 ], [ -72.4515686, -47.71305268 ], [ -72.45153045, -47.71296876 ], [ -72.45148467, -47.71289246 ], [ -72.45143127, -47.71280091 ], [ -72.45137786, -47.71272462 ], [ -72.45129394, -47.71260636 ], [ -72.4512329, -47.71252625 ], [ -72.45115661, -47.71242707 ], [ -72.45108794, -47.71234315 ], [ -72.45100402, -47.71225159 ], [ -72.4509201, -47.71217148 ], [ -72.45083617, -47.71209519 ], [ -72.45075225, -47.71203034 ], [ -72.45064544, -47.71195023 ], [ -72.44915008, -47.7104625 ], [ -72.4491043, -47.71036713 ], [ -72.44906616, -47.71027557 ], [ -72.44902038, -47.71017258 ], [ -72.44898986, -47.71008484 ], [ -72.44895934, -47.71000473 ], [ -72.4489212, -47.70990173 ], [ -72.44889831, -47.70981018 ], [ -72.44886779, -47.70971481 ], [ -72.4488449, -47.70961182 ], [ -72.44882201, -47.70949737 ], [ -72.44880676, -47.70940582 ], [ -72.4487915, -47.70931045 ], [ -72.44877624, -47.70919601 ], [ -72.44876861, -47.70910064 ], [ -72.44876861, -47.70899383 ], [ -72.44876098, -47.70887939 ], [ -72.44876861, -47.70877639 ], [ -72.44876861, -47.70869629 ], [ -72.44877624, -47.70860855 ], [ -72.4487915, -47.70850555 ], [ -72.44880676, -47.70841018 ], [ -72.44882201, -47.70832244 ], [ -72.4488449, -47.70821945 ], [ -72.44893646, -47.70784179 ], [ -72.44895934, -47.70775405 ], [ -72.44898223, -47.70765869 ], [ -72.44899749, -47.70754806 ], [ -72.44900512, -47.70744888 ], [ -72.44900512, -47.70735351 ], [ -72.44899749, -47.70726958 ], [ -72.44898223, -47.70718948 ], [ -72.44895171, -47.70709411 ], [ -72.44890594, -47.70697204 ], [ -72.44883727, -47.70677367 ], [ -72.44879913, -47.70665542 ], [ -72.44877624, -47.70656768 ], [ -72.44876098, -47.70648757 ], [ -72.44875335, -47.70638839 ], [ -72.44876098, -47.70629683 ], [ -72.44877624, -47.70621291 ], [ -72.44880676, -47.7061328 ], [ -72.4488449, -47.70604506 ], [ -72.44983672, -47.70437804 ], [ -72.44981384, -47.70429411 ], [ -72.44977569, -47.704214 ], [ -72.44971465, -47.70412627 ], [ -72.44965362, -47.70405379 ], [ -72.4495697, -47.70398131 ], [ -72.44948577, -47.70391646 ], [ -72.44939422, -47.70384398 ], [ -72.4493103, -47.70378676 ], [ -72.44921111, -47.70372572 ], [ -72.44909667, -47.70365706 ], [ -72.44898986, -47.70360365 ], [ -72.44886016, -47.70354262 ], [ -72.44875335, -47.70349684 ], [ -72.44862365, -47.70345106 ], [ -72.44851684, -47.70341673 ], [ -72.4484024, -47.70338621 ], [ -72.44828033, -47.70335951 ], [ -72.448143, -47.70333281 ], [ -72.44799804, -47.70330992 ], [ -72.44784545, -47.70329466 ], [ -72.44769286, -47.7032794 ], [ -72.44755554, -47.70327177 ], [ -72.44743346, -47.70326796 ], [ -72.44727325, -47.70326033 ], [ -72.44709777, -47.70325651 ], [ -72.44691467, -47.7032527 ], [ -72.44676208, -47.70324507 ], [ -72.44661712, -47.70323362 ], [ -72.44648742, -47.70322599 ], [ -72.44635009, -47.70321455 ], [ -72.44622039, -47.70319929 ], [ -72.44598388, -47.70318022 ], [ -72.44577789, -47.70315352 ], [ -72.44493102, -47.70306196 ], [ -72.44477081, -47.70304289 ], [ -72.44455718, -47.70302382 ], [ -72.44438171, -47.70300474 ], [ -72.44420623, -47.7029933 ], [ -72.44407653, -47.7029933 ], [ -72.44395446, -47.70300474 ], [ -72.44167327, -47.70247831 ], [ -72.44158935, -47.70241728 ], [ -72.44138336, -47.70230284 ], [ -72.44125366, -47.70225324 ], [ -72.44113159, -47.70222273 ], [ -72.44099426, -47.70219984 ], [ -72.44085693, -47.70218458 ], [ -72.44072723, -47.70217314 ], [ -72.44055175, -47.70216169 ], [ -72.44040679, -47.70215025 ], [ -72.44026183, -47.70213499 ], [ -72.44012451, -47.70211973 ], [ -72.44000243, -47.70209303 ], [ -72.43988799, -47.70206251 ], [ -72.43978118, -47.70202055 ], [ -72.43967437, -47.70196333 ], [ -72.43958282, -47.70190611 ], [ -72.43949889, -47.70183363 ], [ -72.43941497, -47.70176115 ], [ -72.43933868, -47.70168867 ], [ -72.43921661, -47.70156278 ], [ -72.43912505, -47.70147886 ], [ -72.4390335, -47.70139875 ], [ -72.43894958, -47.70133771 ], [ -72.43885803, -47.70128049 ], [ -72.43874358, -47.70122709 ], [ -72.43860626, -47.70118131 ], [ -72.43848419, -47.70113553 ], [ -72.43837737, -47.7011012 ], [ -72.43824004, -47.70105543 ], [ -72.4381256, -47.70102109 ], [ -72.4379959, -47.70098295 ], [ -72.43785857, -47.70094861 ], [ -72.43770599, -47.70091428 ], [ -72.43756866, -47.70088376 ], [ -72.43741607, -47.70085706 ], [ -72.43727874, -47.70083799 ], [ -72.43714141, -47.70082273 ], [ -72.43701171, -47.70080747 ], [ -72.43683624, -47.70079603 ], [ -72.43666839, -47.70078077 ], [ -72.43618774, -47.70075406 ], [ -72.43605041, -47.70074262 ], [ -72.43592834, -47.70073499 ], [ -72.43577575, -47.70071973 ], [ -72.43564605, -47.70070447 ], [ -72.43551635, -47.70068158 ], [ -72.43539428, -47.70066251 ], [ -72.43526458, -47.70063581 ], [ -72.43511962, -47.70059766 ], [ -72.43498992, -47.70055951 ], [ -72.43482208, -47.70050611 ], [ -72.43469238, -47.70045652 ], [ -72.43458556, -47.70041837 ], [ -72.43442535, -47.70034971 ], [ -72.43431091, -47.70030393 ], [ -72.43418121, -47.70024671 ], [ -72.43403625, -47.70018567 ], [ -72.43392181, -47.70013227 ], [ -72.43377685, -47.70005979 ], [ -72.43361663, -47.69997968 ], [ -72.43340301, -47.69987287 ], [ -72.43328094, -47.69981565 ], [ -72.43317413, -47.69976987 ], [ -72.43313295, -47.69975271 ], [ -72.4330368, -47.69971265 ], [ -72.43293762, -47.69967069 ], [ -72.43278503, -47.69961728 ], [ -72.43265533, -47.69957532 ], [ -72.43252563, -47.69953336 ], [ -72.43238067, -47.6994914 ], [ -72.43209838, -47.69940747 ], [ -72.43195342, -47.6993617 ], [ -72.43183135, -47.69931973 ], [ -72.43170165, -47.69928159 ], [ -72.43157195, -47.699232 ], [ -72.43145751, -47.69918622 ], [ -72.4313507, -47.69914044 ], [ -72.431221, -47.69907941 ], [ -72.43105316, -47.6989993 ], [ -72.43090057, -47.698923 ], [ -72.43076324, -47.69885434 ], [ -72.43062591, -47.69878567 ], [ -72.43050384, -47.69872082 ], [ -72.4303894, -47.69865597 ], [ -72.43027496, -47.69859875 ], [ -72.43017577, -47.69854535 ], [ -72.42999267, -47.69844235 ], [ -72.42983245, -47.69835461 ], [ -72.42967986, -47.69827069 ], [ -72.42955779, -47.69819821 ], [ -72.42944335, -47.69813336 ], [ -72.42925262, -47.69802273 ], [ -72.42862701, -47.69766034 ], [ -72.42853545, -47.69760693 ], [ -72.42841338, -47.69753064 ], [ -72.42830657, -47.69745816 ], [ -72.42817687, -47.69737042 ], [ -72.42794036, -47.6972102 ], [ -72.42785644, -47.69714917 ], [ -72.42771148, -47.6970538 ], [ -72.42759704, -47.6969775 ], [ -72.42750549, -47.6969241 ], [ -72.4274063, -47.69686306 ], [ -72.42728423, -47.69679821 ], [ -72.42716216, -47.69672955 ], [ -72.42703246, -47.69667233 ], [ -72.42691039, -47.69662274 ], [ -72.42679595, -47.69658459 ], [ -72.42667388, -47.69654263 ], [ -72.42654418, -47.69650829 ], [ -72.42641448, -47.69647396 ], [ -72.42625427, -47.69643581 ], [ -72.42611694, -47.69640911 ], [ -72.4260025, -47.69639004 ], [ -72.42581939, -47.69635571 ], [ -72.4256134, -47.69632519 ], [ -72.42543029, -47.69629467 ], [ -72.42526244, -47.69626797 ], [ -72.42512512, -47.69624889 ], [ -72.42487335, -47.69621456 ], [ -72.42468261, -47.69618023 ], [ -72.42440032, -47.69614208 ], [ -72.424057, -47.69609249 ], [ -72.42391204, -47.69607342 ], [ -72.42351531, -47.69602764 ], [ -72.42337798, -47.69601238 ], [ -72.42325591, -47.69599331 ], [ -72.42314147, -47.69597042 ], [ -72.42302703, -47.6959399 ], [ -72.42089843, -47.69476116 ], [ -72.42079162, -47.69472301 ], [ -72.42058563, -47.69465053 ], [ -72.42040252, -47.6945895 ], [ -72.42023467, -47.69453609 ], [ -72.42008972, -47.6944865 ], [ -72.41996764, -47.69444454 ], [ -72.41976165, -47.69437969 ], [ -72.41958618, -47.69432628 ], [ -72.41936492, -47.6942538 ], [ -72.41921996, -47.69421566 ], [ -72.41897582, -47.69413936 ], [ -72.41883849, -47.69410503 ], [ -72.41871642, -47.69407833 ], [ -72.41859435, -47.69405162 ], [ -72.4184494, -47.69402111 ], [ -72.41809844, -47.69394863 ], [ -72.41793823, -47.69391429 ], [ -72.41777038, -47.69387233 ], [ -72.41762542, -47.693838 ], [ -72.41751098, -47.69380367 ], [ -72.41739654, -47.6937617 ], [ -72.41729736, -47.6937083 ], [ -72.41719817, -47.69364345 ], [ -72.41712951, -47.69357478 ], [ -72.41706085, -47.69349468 ], [ -72.41699218, -47.69339549 ], [ -72.4169464, -47.69331157 ], [ -72.41690063, -47.69322383 ], [ -72.41686248, -47.69312465 ], [ -72.41683196, -47.69302547 ], [ -72.41680908, -47.69293773 ], [ -72.41678619, -47.69284618 ], [ -72.41677093, -47.69276225 ], [ -72.4167633, -47.69267451 ], [ -72.41674804, -47.69257152 ], [ -72.41674041, -47.69247233 ], [ -72.41673278, -47.69237697 ], [ -72.41672515, -47.69212138 ], [ -72.41671752, -47.69202983 ], [ -72.41564941, -47.69035517 ], [ -72.41555023, -47.6902598 ], [ -72.4154663, -47.69016825 ], [ -72.41536712, -47.69006525 ], [ -72.41527557, -47.68996607 ], [ -72.41510009, -47.68978296 ], [ -72.41501617, -47.68970667 ], [ -72.4149475, -47.68963038 ], [ -72.4148178, -47.68948923 ], [ -72.41471099, -47.68937098 ], [ -72.41461181, -47.68926035 ], [ -72.41453552, -47.6891688 ], [ -72.41446685, -47.68908106 ], [ -72.41440582, -47.68900476 ], [ -72.41433715, -47.6889094 ], [ -72.41428375, -47.68882547 ], [ -72.41419219, -47.68868433 ], [ -72.41414642, -47.68860422 ], [ -72.41410064, -47.68850504 ], [ -72.41406249, -47.68842111 ], [ -72.41403961, -47.68833719 ], [ -72.41402435, -47.68824182 ], [ -72.41402435, -47.68815027 ], [ -72.41403198, -47.68804346 ], [ -72.41405486, -47.68794809 ], [ -72.41407012, -47.68783746 ], [ -72.41409301, -47.68775354 ], [ -72.41410827, -47.68767343 ], [ -72.41412353, -47.68758188 ], [ -72.41414642, -47.68747507 ], [ -72.41416931, -47.68736825 ], [ -72.41419982, -47.68727289 ], [ -72.41422271, -47.68718133 ], [ -72.4142456, -47.68708978 ], [ -72.41427612, -47.68700967 ], [ -72.41436767, -47.6867045 ], [ -72.41441345, -47.68653665 ], [ -72.41444396, -47.68644891 ], [ -72.41447448, -47.68633065 ], [ -72.41449737, -47.68623147 ], [ -72.41423034, -47.68446145 ], [ -72.41418456, -47.68434319 ], [ -72.41413879, -47.68424782 ], [ -72.41409301, -47.6841639 ], [ -72.41405486, -47.68408379 ], [ -72.41400146, -47.68396935 ], [ -72.41394042, -47.68386635 ], [ -72.41388702, -47.68377861 ], [ -72.41383361, -47.68369851 ], [ -72.41377258, -47.68360314 ], [ -72.41370391, -47.68352303 ], [ -72.41364288, -47.68344674 ], [ -72.41356658, -47.68335518 ], [ -72.41349029, -47.68328652 ], [ -72.413414, -47.68321022 ], [ -72.41332244, -47.68314156 ], [ -72.41323089, -47.68306526 ], [ -72.41311645, -47.68298897 ], [ -72.4130249, -47.68293175 ], [ -72.41292571, -47.68288597 ], [ -72.4128189, -47.6828402 ], [ -72.41270446, -47.68280205 ], [ -72.41256713, -47.68276009 ], [ -72.41243743, -47.68271813 ], [ -72.41231536, -47.68266472 ], [ -72.41219329, -47.68261513 ], [ -72.41205596, -47.68255791 ], [ -72.41192626, -47.68251213 ], [ -72.41169738, -47.68242439 ], [ -72.41154479, -47.68236717 ], [ -72.41143798, -47.6823214 ], [ -72.4113388, -47.68227181 ], [ -72.41123199, -47.6822184 ], [ -72.41113281, -47.68214973 ], [ -72.41104888, -47.6820887 ], [ -72.41097259, -47.68202003 ], [ -72.41091918, -47.68194756 ], [ -72.41086578, -47.68186745 ], [ -72.41082763, -47.68177971 ], [ -72.41079711, -47.68168434 ], [ -72.41077422, -47.68158134 ], [ -72.41075897, -47.68148216 ], [ -72.41074371, -47.68132576 ], [ -72.41072845, -47.68123039 ], [ -72.41071319, -47.68111976 ], [ -72.41070556, -47.68101295 ], [ -72.41069793, -47.6808947 ], [ -72.41068267, -47.68066963 ], [ -72.41067504, -47.68055137 ], [ -72.41065978, -47.68045219 ], [ -72.41064452, -47.68034919 ], [ -72.41062164, -47.68023094 ], [ -72.41059875, -47.68013938 ], [ -72.41056823, -47.68005546 ], [ -72.41053771, -47.67997154 ], [ -72.41049194, -47.67988761 ], [ -72.41043853, -47.67978843 ], [ -72.41038513, -47.67969688 ], [ -72.41033935, -47.67961677 ], [ -72.41027068, -47.67951759 ], [ -72.41012573, -47.6792887 ], [ -72.4100418, -47.679159 ], [ -72.40998077, -47.67905982 ], [ -72.40988159, -47.67888434 ], [ -72.40979003, -47.67873176 ], [ -72.40972137, -47.67859824 ], [ -72.4096527, -47.6784838 ], [ -72.40959167, -47.6783808 ], [ -72.40949249, -47.6781977 ], [ -72.40942382, -47.67806418 ], [ -72.40936279, -47.677965 ], [ -72.40928649, -47.67781241 ], [ -72.40920257, -47.67765982 ], [ -72.40915679, -47.67756827 ], [ -72.40911865, -47.67747672 ], [ -72.40908813, -47.67739661 ], [ -72.40905761, -47.67729743 ], [ -72.40904235, -47.6772135 ], [ -72.40902709, -47.67711432 ], [ -72.40901946, -47.67701895 ], [ -72.40902709, -47.67693884 ], [ -72.40903472, -47.67685111 ], [ -72.40904998, -47.676771 ], [ -72.4090805, -47.67667563 ], [ -72.40911102, -47.67659552 ], [ -72.40916442, -47.67650015 ], [ -72.40922546, -47.67639334 ], [ -72.40928649, -47.67629416 ], [ -72.40935516, -47.67619879 ], [ -72.40941619, -47.67610724 ], [ -72.40948486, -47.67602331 ], [ -72.40956878, -47.67592032 ], [ -72.4096527, -47.67582113 ], [ -72.40973663, -47.67572577 ], [ -72.40981292, -47.67563803 ], [ -72.40988159, -47.67555792 ], [ -72.40995788, -47.67548163 ], [ -72.41001891, -47.67540915 ], [ -72.41014861, -47.67527563 ], [ -72.41030883, -47.67510397 ], [ -72.41039275, -47.67501242 ], [ -72.41046905, -47.67492468 ], [ -72.4105606, -47.67482168 ], [ -72.41065978, -47.67470724 ], [ -72.41072845, -47.67461569 ], [ -72.41078948, -47.67454321 ], [ -72.41084289, -47.67446691 ], [ -72.41091918, -47.6743601 ], [ -72.41098022, -47.67426473 ], [ -72.41104125, -47.67417318 ], [ -72.41109466, -47.67408163 ], [ -72.41114044, -47.6739977 ], [ -72.41118621, -47.6739176 ], [ -72.41121825, -47.67385352 ], [ -72.41122436, -47.6738413 ], [ -72.41130065, -47.67370016 ], [ -72.41136169, -47.67357427 ], [ -72.41147613, -47.6733492 ], [ -72.41152191, -47.6732691 ], [ -72.41156005, -47.6731928 ], [ -72.41162109, -47.67307455 ], [ -72.41167449, -47.67298299 ], [ -72.41173553, -47.67288381 ], [ -72.4117813, -47.67279989 ], [ -72.41184997, -47.67269689 ], [ -72.411911, -47.67261297 ], [ -72.4119873, -47.67253286 ], [ -72.41207122, -47.67246419 ], [ -72.41216277, -47.67240316 ], [ -72.41225433, -47.67234212 ], [ -72.41233825, -47.67228872 ], [ -72.41246795, -47.67222005 ], [ -72.41259002, -47.67215902 ], [ -72.41281127, -47.67204457 ], [ -72.41292571, -47.67197972 ], [ -72.4130249, -47.67192632 ], [ -72.41311645, -47.6718691 ], [ -72.41358184, -47.67014866 ], [ -72.4135971, -47.67004948 ], [ -72.41361999, -47.66996937 ], [ -72.41364288, -47.66985875 ], [ -72.41368102, -47.66972142 ], [ -72.41371154, -47.66960698 ], [ -72.41374206, -47.66950398 ], [ -72.41377258, -47.6694048 ], [ -72.41379546, -47.66931706 ], [ -72.41382598, -47.66922932 ], [ -72.41384887, -47.66914921 ], [ -72.41388702, -47.6690424 ], [ -72.41394042, -47.66890888 ], [ -72.4139862, -47.66879444 ], [ -72.41403198, -47.66869526 ], [ -72.41407775, -47.66860371 ], [ -72.41413116, -47.66849308 ], [ -72.41418456, -47.66839771 ], [ -72.41423034, -47.66832142 ], [ -72.414299, -47.66820316 ], [ -72.41436767, -47.66810398 ], [ -72.41444396, -47.6680048 ], [ -72.41452026, -47.66790562 ], [ -72.41461181, -47.66782551 ], [ -72.4147644, -47.66771107 ], [ -72.41487884, -47.6676424 ], [ -72.41498565, -47.66758518 ], [ -72.41509246, -47.66753177 ], [ -72.41534423, -47.6674097 ], [ -72.41545867, -47.6673563 ], [ -72.41557311, -47.66732197 ], [ -72.41570281, -47.66728 ], [ -72.41583251, -47.66724949 ], [ -72.41597747, -47.66721515 ], [ -72.4161148, -47.66718464 ], [ -72.41635131, -47.66713886 ], [ -72.41648864, -47.66710834 ], [ -72.41664886, -47.6670702 ], [ -72.41677856, -47.66702823 ], [ -72.41691589, -47.66698246 ], [ -72.41703033, -47.66693668 ], [ -72.41712951, -47.66688709 ], [ -72.41722106, -47.66683368 ], [ -72.41844177, -47.66516666 ], [ -72.41849517, -47.66507129 ], [ -72.41854095, -47.66498736 ], [ -72.41861724, -47.66484622 ], [ -72.41867065, -47.66473941 ], [ -72.41871642, -47.66464786 ], [ -72.41877746, -47.66453341 ], [ -72.41881561, -47.66445712 ], [ -72.41886138, -47.66435031 ], [ -72.41890716, -47.66425113 ], [ -72.41894531, -47.66415957 ], [ -72.41897582, -47.66406802 ], [ -72.41900634, -47.66398028 ], [ -72.41903686, -47.66386966 ], [ -72.41906738, -47.66376666 ], [ -72.41909026, -47.66366748 ], [ -72.41911315, -47.66357211 ], [ -72.41913604, -47.66348056 ], [ -72.4191513, -47.66339663 ], [ -72.41918945, -47.66324786 ], [ -72.41921233, -47.66311434 ], [ -72.41923522, -47.66299609 ], [ -72.41925811, -47.66289691 ], [ -72.419281, -47.66280535 ], [ -72.41930389, -47.66269854 ], [ -72.41933441, -47.66257647 ], [ -72.41935729, -47.66248873 ], [ -72.41938781, -47.66239336 ], [ -72.41942596, -47.66227892 ], [ -72.4194641, -47.66217211 ], [ -72.41950988, -47.66208437 ], [ -72.41956329, -47.66200808 ], [ -72.41963958, -47.66192415 ], [ -72.41970825, -47.66185549 ], [ -72.41978454, -47.6617792 ], [ -72.41988372, -47.66169527 ], [ -72.41997527, -47.66161516 ], [ -72.42008972, -47.66152361 ], [ -72.42018127, -47.66143969 ], [ -72.42026519, -47.66136721 ], [ -72.42035674, -47.66127947 ], [ -72.42043304, -47.66120317 ], [ -72.4205017, -47.66112307 ], [ -72.42055511, -47.66104296 ], [ -72.41867828, -47.66008165 ], [ -72.41857147, -47.66001299 ], [ -72.41843414, -47.6599138 ], [ -72.41831207, -47.65982225 ], [ -72.41820525, -47.65974214 ], [ -72.4181137, -47.65967729 ], [ -72.41803741, -47.65962007 ], [ -72.4179306, -47.65954759 ], [ -72.41784667, -47.65948274 ], [ -72.41770171, -47.65939882 ], [ -72.41761016, -47.6593416 ], [ -72.41750335, -47.65928819 ], [ -72.41740417, -47.65923479 ], [ -72.41722869, -47.65914705 ], [ -72.41706085, -47.65907457 ], [ -72.41690063, -47.65900209 ], [ -72.41674804, -47.65893342 ], [ -72.41661071, -47.65887239 ], [ -72.41648101, -47.65881898 ], [ -72.41635131, -47.65876558 ], [ -72.41623687, -47.65871599 ], [ -72.41612243, -47.65867021 ], [ -72.41601562, -47.65863206 ], [ -72.41582488, -47.65855577 ], [ -72.41564941, -47.65849092 ], [ -72.41549682, -47.65842988 ], [ -72.41535949, -47.65838029 ], [ -72.41523742, -47.65834214 ], [ -72.41503143, -47.65826585 ], [ -72.41487884, -47.65821244 ], [ -72.41474914, -47.65816667 ], [ -72.41458129, -47.65811708 ], [ -72.41446685, -47.65807511 ], [ -72.41426849, -47.65801408 ], [ -72.41414642, -47.65797593 ], [ -72.41399383, -47.6579416 ], [ -72.41386413, -47.6579149 ], [ -72.41368865, -47.65788056 ], [ -72.41354369, -47.65785768 ], [ -72.41342162, -47.65784242 ], [ -72.41324615, -47.65781953 ], [ -72.41308593, -47.65780427 ], [ -72.41294097, -47.65778901 ], [ -72.41281127, -47.6577852 ], [ -72.41268157, -47.65780809 ], [ -72.41257476, -47.65784242 ], [ -72.41247558, -47.65789201 ], [ -72.41236877, -47.65795304 ], [ -72.41226196, -47.65802171 ], [ -72.41212463, -47.65810945 ], [ -72.41202545, -47.65816667 ], [ -72.41192626, -47.65822389 ], [ -72.41181182, -47.65826966 ], [ -72.41169738, -47.65830018 ], [ -72.41157531, -47.658304 ], [ -72.41146087, -47.65828111 ], [ -72.41134643, -47.65823533 ], [ -72.41123199, -47.65818193 ], [ -72.41111755, -47.65811708 ], [ -72.41102599, -47.65805986 ], [ -72.41091155, -47.65798738 ], [ -72.41082, -47.65792253 ], [ -72.41075134, -47.65785386 ], [ -72.41068267, -47.65778138 ], [ -72.41060638, -47.65769746 ], [ -72.41053008, -47.65762498 ], [ -72.41043853, -47.65756394 ], [ -72.41033172, -47.65751054 ], [ -72.41020202, -47.65746858 ], [ -72.41007995, -47.65743806 ], [ -72.40996551, -47.65741136 ], [ -72.40983581, -47.6573961 ], [ -72.40967559, -47.65737702 ], [ -72.40953063, -47.65736558 ], [ -72.40940856, -47.65735414 ], [ -72.40917205, -47.65734269 ], [ -72.40901183, -47.65733125 ], [ -72.40888976, -47.6573198 ], [ -72.40876006, -47.65730454 ], [ -72.40863036, -47.65728547 ], [ -72.40850067, -47.6572664 ], [ -72.40835571, -47.65722825 ], [ -72.40821838, -47.65719392 ], [ -72.40808105, -47.65715958 ], [ -72.40792083, -47.65711381 ], [ -72.40776061, -47.65706422 ], [ -72.40761566, -47.65702226 ], [ -72.40747833, -47.65698029 ], [ -72.40734863, -47.65693452 ], [ -72.40676879, -47.6567476 ], [ -72.40660095, -47.65669419 ], [ -72.40645599, -47.65665223 ], [ -72.40632629, -47.65661027 ], [ -72.40616607, -47.65656068 ], [ -72.40602874, -47.65652634 ], [ -72.40590667, -47.65649583 ], [ -72.4057846, -47.65646531 ], [ -72.40564727, -47.65643479 ], [ -72.40549468, -47.65640427 ], [ -72.40535735, -47.65637757 ], [ -72.40518951, -47.6563585 ], [ -72.40504455, -47.6563585 ], [ -72.40491485, -47.65636994 ], [ -72.40478515, -47.65639664 ], [ -72.40467834, -47.65642716 ], [ -72.40454864, -47.65647294 ], [ -72.40442657, -47.6565149 ], [ -72.40431213, -47.65654923 ], [ -72.40419769, -47.65659119 ], [ -72.40400695, -47.65665986 ], [ -72.40383148, -47.65672471 ], [ -72.40367126, -47.65678193 ], [ -72.40340423, -47.6568773 ], [ -72.40320587, -47.65695359 ], [ -72.40305328, -47.65701081 ], [ -72.40284728, -47.65707948 ], [ -72.40268707, -47.6571367 ], [ -72.4024887, -47.65720536 ], [ -72.40229797, -47.65727021 ], [ -72.40211486, -47.65733125 ], [ -72.40177917, -47.65744569 ], [ -72.40163421, -47.65749528 ], [ -72.40149688, -47.65754487 ], [ -72.40136718, -47.65758683 ], [ -72.40124511, -47.65763261 ], [ -72.40113067, -47.65766694 ], [ -72.40092468, -47.65773561 ], [ -72.40074157, -47.65779664 ], [ -72.40058135, -47.65784623 ], [ -72.4004364, -47.65789201 ], [ -72.40031432, -47.65792634 ], [ -72.4001007, -47.65799119 ], [ -72.39994048, -47.65803697 ], [ -72.39977264, -47.65808274 ], [ -72.3975296, -47.65728547 ], [ -72.39749908, -47.65720155 ], [ -72.39749908, -47.65711762 ], [ -72.39751434, -47.65702988 ], [ -72.39755248, -47.65695359 ], [ -72.39760589, -47.65686204 ], [ -72.39770507, -47.65672089 ], [ -72.39777374, -47.65661027 ], [ -72.39783477, -47.65653016 ], [ -72.39789581, -47.65643861 ], [ -72.39797973, -47.65633942 ], [ -72.39804077, -47.65626313 ], [ -72.39921569, -47.65491272 ], [ -72.40039062, -47.65356613 ], [ -72.40055084, -47.65339447 ], [ -72.40201568, -47.65178848 ], [ -72.40206909, -47.65170455 ], [ -72.40211486, -47.65162826 ], [ -72.40215301, -47.65154052 ], [ -72.40220641, -47.65140319 ], [ -72.4022293, -47.65132308 ], [ -72.40222167, -47.65123916 ], [ -72.40215301, -47.65117049 ], [ -72.40206909, -47.65110564 ], [ -72.40198516, -47.65104079 ], [ -72.40190124, -47.65098357 ], [ -72.40177917, -47.65090346 ], [ -72.4016571, -47.65083099 ], [ -72.40154266, -47.65076995 ], [ -72.40142822, -47.6507051 ], [ -72.40131378, -47.65065169 ], [ -72.40120696, -47.65059829 ], [ -72.40106963, -47.65053725 ], [ -72.40093994, -47.65048385 ], [ -72.40081786, -47.65043044 ], [ -72.40069579, -47.65038085 ], [ -72.40058135, -47.65033507 ], [ -72.40047454, -47.65029693 ], [ -72.40019225, -47.65018248 ], [ -72.40003967, -47.65012145 ], [ -72.39990234, -47.65006423 ], [ -72.39978027, -47.65001464 ], [ -72.39967346, -47.64996886 ], [ -72.39954376, -47.64991164 ], [ -72.39943694, -47.64986205 ], [ -72.3993225, -47.64980864 ], [ -72.39920043, -47.64974761 ], [ -72.39907836, -47.64967894 ], [ -72.39896392, -47.64961409 ], [ -72.39881133, -47.64951491 ], [ -72.39852142, -47.64933943 ], [ -72.39826965, -47.64918303 ], [ -72.39815521, -47.64911437 ], [ -72.39805602, -47.64904952 ], [ -72.39795684, -47.6489923 ], [ -72.39786529, -47.64893126 ], [ -72.39777374, -47.64887404 ], [ -72.39588928, -47.64750456 ], [ -72.39574432, -47.64738249 ], [ -72.39561462, -47.64726423 ], [ -72.39549255, -47.64715742 ], [ -72.39537811, -47.6470468 ], [ -72.39527892, -47.64695143 ], [ -72.39517974, -47.64685606 ], [ -72.39508819, -47.64676451 ], [ -72.39500427, -47.64668058 ], [ -72.39492034, -47.64660047 ], [ -72.39485168, -47.646528 ], [ -72.39478301, -47.64645552 ], [ -72.39465331, -47.64632582 ], [ -72.3945465, -47.64621519 ], [ -72.39444732, -47.64611219 ], [ -72.3943634, -47.64601682 ], [ -72.3942871, -47.64593672 ], [ -72.39416503, -47.64580702 ], [ -72.39406585, -47.6457002 ], [ -72.39393615, -47.64555524 ], [ -72.39385223, -47.64545988 ], [ -72.3937683, -47.64536832 ], [ -72.39369201, -47.64528059 ], [ -72.39362335, -47.64519666 ], [ -72.39356231, -47.64511655 ], [ -72.3935089, -47.64504407 ], [ -72.39343261, -47.64494108 ], [ -72.39336395, -47.64484571 ], [ -72.39328765, -47.64473127 ], [ -72.39322662, -47.64463209 ], [ -72.39317321, -47.64454053 ], [ -72.39312744, -47.64446042 ], [ -72.39305114, -47.64432691 ], [ -72.39299011, -47.64422391 ], [ -72.39291381, -47.64407514 ], [ -72.39286804, -47.64397977 ], [ -72.39279937, -47.64383863 ], [ -72.39278411, -47.64375089 ], [ -72.39279174, -47.64367078 ], [ -72.392807, -47.64358686 ], [ -72.39284515, -47.6434953 ], [ -72.39289092, -47.64337705 ], [ -72.3929367, -47.64327786 ], [ -72.39296722, -47.64317868 ], [ -72.39298248, -47.64308713 ], [ -72.39298248, -47.64300321 ], [ -72.39295959, -47.64291928 ], [ -72.39291381, -47.64284299 ], [ -72.39284515, -47.64277432 ], [ -72.39276122, -47.6427171 ], [ -72.39266204, -47.6426637 ], [ -72.39253997, -47.64261411 ], [ -72.39242553, -47.64257596 ], [ -72.39229583, -47.64254926 ], [ -72.39216613, -47.642534 ], [ -72.39202117, -47.64252637 ], [ -72.39189147, -47.64253018 ], [ -72.391716, -47.64253781 ], [ -72.39156341, -47.64253781 ], [ -72.39143371, -47.64253018 ], [ -72.39130401, -47.64251111 ], [ -72.39118957, -47.64248059 ], [ -72.39108276, -47.64243863 ], [ -72.39098358, -47.64239667 ], [ -72.39086151, -47.64233182 ], [ -72.39074706, -47.64226697 ], [ -72.39064025, -47.64219449 ], [ -72.39054107, -47.64212201 ], [ -72.39044952, -47.64204571 ], [ -72.39036559, -47.64196942 ], [ -72.3902893, -47.64189694 ], [ -72.39021301, -47.64182065 ], [ -72.39014434, -47.64174435 ], [ -72.39007568, -47.64166806 ], [ -72.39001464, -47.64159939 ], [ -72.38995361, -47.6415231 ], [ -72.38986968, -47.6414201 ], [ -72.38978576, -47.6413171 ], [ -72.38968658, -47.64117978 ], [ -72.3894577, -47.64087078 ], [ -72.3893814, -47.64076397 ], [ -72.38930511, -47.64066479 ], [ -72.38922881, -47.64057705 ], [ -72.38912963, -47.64045498 ], [ -72.38906097, -47.64037869 ], [ -72.38896942, -47.6402795 ], [ -72.38887786, -47.64018795 ], [ -72.38880157, -47.64011547 ], [ -72.38871765, -47.64004681 ], [ -72.38862609, -47.6399667 ], [ -72.38853454, -47.63990185 ], [ -72.38843536, -47.639837 ], [ -72.38832855, -47.63977215 ], [ -72.38821411, -47.63971111 ], [ -72.38809203, -47.63965771 ], [ -72.38799285, -47.63961193 ], [ -72.38787841, -47.6395776 ], [ -72.38776397, -47.63954327 ], [ -72.3876419, -47.63951656 ], [ -72.38751983, -47.63949367 ], [ -72.3873825, -47.6394746 ], [ -72.38726043, -47.63945171 ], [ -72.38713073, -47.63942501 ], [ -72.38702392, -47.63939449 ], [ -72.38681793, -47.63934872 ], [ -72.3865509, -47.63928005 ], [ -72.38639831, -47.6392419 ], [ -72.38626861, -47.63920757 ], [ -72.38610839, -47.63916179 ], [ -72.38597106, -47.63911983 ], [ -72.38586425, -47.6390855 ], [ -72.38574981, -47.63904354 ], [ -72.38562774, -47.63899395 ], [ -72.38550567, -47.63894817 ], [ -72.3853836, -47.63888714 ], [ -72.38524627, -47.63881847 ], [ -72.3851242, -47.63874981 ], [ -72.38497924, -47.6386697 ], [ -72.38484954, -47.63859722 ], [ -72.38474273, -47.63853237 ], [ -72.38464355, -47.63847133 ], [ -72.38449096, -47.63837597 ], [ -72.38436889, -47.63829967 ], [ -72.38419341, -47.63818523 ], [ -72.3840866, -47.63811657 ], [ -72.38397979, -47.63804409 ], [ -72.38376617, -47.63789531 ], [ -72.38363699, -47.63781 ], [ -72.38336181, -47.63762828 ], [ -72.38301086, -47.63739177 ], [ -72.38275909, -47.63722011 ], [ -72.38087463, -47.63593837 ], [ -72.38078308, -47.63588115 ], [ -72.38048553, -47.63567897 ], [ -72.38036346, -47.63559504 ], [ -72.38025665, -47.63551493 ], [ -72.38015746, -47.63544627 ], [ -72.37999725, -47.63533946 ], [ -72.37987518, -47.63525935 ], [ -72.37973022, -47.63517161 ], [ -72.37963867, -47.63511058 ], [ -72.3795166, -47.63504573 ], [ -72.37940215, -47.63498088 ], [ -72.37927245, -47.6349618 ], [ -72.37913513, -47.63496943 ], [ -72.37901306, -47.6349885 ], [ -72.37888336, -47.63500758 ], [ -72.37876129, -47.63502665 ], [ -72.37859344, -47.63504954 ], [ -72.37844848, -47.63507624 ], [ -72.37826537, -47.63510676 ], [ -72.37793731, -47.6351678 ], [ -72.37781524, -47.63519068 ], [ -72.37760925, -47.63522502 ], [ -72.37745666, -47.63525553 ], [ -72.37728881, -47.63527842 ], [ -72.37716674, -47.63528987 ], [ -72.37700652, -47.63530894 ], [ -72.37683868, -47.6353242 ], [ -72.37664031, -47.63534327 ], [ -72.37644958, -47.63535472 ], [ -72.3762741, -47.63536998 ], [ -72.37611389, -47.63538142 ], [ -72.37595367, -47.63538905 ], [ -72.37580871, -47.63540049 ], [ -72.37567138, -47.63540431 ], [ -72.37554168, -47.63541194 ], [ -72.37541961, -47.63541957 ], [ -72.37519836, -47.6354272 ], [ -72.37500762, -47.63543483 ], [ -72.37487029, -47.63543864 ], [ -72.37219238, -47.63544246 ], [ -72.37200927, -47.63543483 ], [ -72.3718338, -47.63541957 ], [ -72.37168121, -47.63541194 ], [ -72.37153625, -47.63540049 ], [ -72.37142181, -47.63538905 ], [ -72.37126159, -47.63537379 ], [ -72.37109374, -47.63535472 ], [ -72.37091064, -47.63533564 ], [ -72.37075042, -47.63531657 ], [ -72.37062072, -47.63529368 ], [ -72.37050628, -47.63527842 ], [ -72.37039184, -47.63525935 ], [ -72.37023925, -47.63522883 ], [ -72.37010955, -47.63519831 ], [ -72.36997985, -47.6351678 ], [ -72.36986541, -47.63513346 ], [ -72.36970519, -47.6350915 ], [ -72.36956024, -47.63504954 ], [ -72.36938476, -47.63499613 ], [ -72.36922454, -47.63494654 ], [ -72.36908721, -47.63490458 ], [ -72.36896514, -47.63486643 ], [ -72.36876678, -47.6348054 ], [ -72.36861419, -47.63475962 ], [ -72.36849975, -47.63472529 ], [ -72.36836242, -47.63469477 ], [ -72.36820983, -47.63465281 ], [ -72.36809539, -47.63463374 ], [ -72.3679428, -47.63459559 ], [ -72.36779022, -47.63456507 ], [ -72.36765289, -47.63453837 ], [ -72.36752319, -47.6345193 ], [ -72.36739349, -47.63449641 ], [ -72.36716461, -47.63445445 ], [ -72.36696624, -47.63442011 ], [ -72.36679077, -47.63439341 ], [ -72.36663818, -47.63437052 ], [ -72.36650085, -47.63435526 ], [ -72.36637878, -47.63433619 ], [ -72.36617278, -47.63430949 ], [ -72.3660202, -47.63429423 ], [ -72.3658142, -47.63426753 ], [ -72.3635559, -47.63501521 ], [ -72.36345672, -47.63507624 ], [ -72.36336517, -47.63513346 ], [ -72.36320495, -47.63523646 ], [ -72.36305999, -47.63532801 ], [ -72.36293029, -47.63541194 ], [ -72.36262512, -47.63561412 ], [ -72.36248016, -47.63570567 ], [ -72.36237335, -47.63577815 ], [ -72.36222839, -47.63587352 ], [ -72.36212921, -47.63593837 ], [ -72.36203002, -47.63599559 ], [ -72.36188506, -47.63609096 ], [ -72.36175537, -47.63617106 ], [ -72.36164092, -47.63624354 ], [ -72.36154174, -47.63630839 ], [ -72.36145019, -47.6363618 ], [ -72.3612976, -47.63646098 ], [ -72.36119079, -47.63653346 ], [ -72.3610382, -47.63662883 ], [ -72.36094665, -47.63669368 ], [ -72.36078643, -47.63680431 ], [ -72.36071014, -47.63686916 ], [ -72.36063384, -47.63694545 ], [ -72.36056518, -47.63701793 ], [ -72.36050414, -47.63710185 ], [ -72.36045074, -47.63718578 ], [ -72.3603897, -47.63728496 ], [ -72.3603363, -47.6373727 ], [ -72.36026763, -47.63749095 ], [ -72.36021423, -47.63758632 ], [ -72.36014556, -47.6376855 ], [ -72.36009216, -47.6377618 ], [ -72.36003112, -47.63783428 ], [ -72.3599472, -47.63792202 ], [ -72.3598709, -47.63799068 ], [ -72.35977935, -47.63806697 ], [ -72.35970306, -47.63813564 ], [ -72.35959625, -47.63823101 ], [ -72.35951232, -47.63829967 ], [ -72.3594284, -47.63836071 ], [ -72.35933685, -47.63841411 ], [ -72.35921478, -47.63845607 ], [ -72.35908508, -47.63845989 ], [ -72.35897064, -47.63843319 ], [ -72.3588562, -47.63839504 ], [ -72.35874938, -47.63834545 ], [ -72.35863494, -47.63828823 ], [ -72.3585205, -47.63821956 ], [ -72.35841369, -47.63815853 ], [ -72.35802459, -47.63792202 ], [ -72.3574295, -47.63757106 ], [ -72.35713195, -47.63739177 ], [ -72.35684204, -47.63721629 ], [ -72.35648345, -47.63700649 ], [ -72.3559494, -47.63668986 ], [ -72.35541534, -47.63637324 ], [ -72.3553009, -47.63630839 ], [ -72.35519409, -47.63625117 ], [ -72.35508727, -47.63619777 ], [ -72.35498809, -47.63614818 ], [ -72.35485076, -47.63608714 ], [ -72.35472869, -47.63603373 ], [ -72.35460662, -47.63598414 ], [ -72.35449218, -47.63593455 ], [ -72.35438537, -47.63588878 ], [ -72.35389709, -47.63569804 ], [ -72.35375976, -47.63564082 ], [ -72.35363769, -47.63559123 ], [ -72.3534851, -47.63552256 ], [ -72.35336303, -47.63546916 ], [ -72.35323333, -47.63540812 ], [ -72.35313415, -47.63535472 ], [ -72.35302734, -47.6352975 ], [ -72.35292053, -47.63523646 ], [ -72.35282134, -47.63517543 ], [ -72.35269164, -47.6350915 ], [ -72.35260772, -47.63503047 ], [ -72.35249328, -47.63494654 ], [ -72.35238647, -47.63486262 ], [ -72.35228729, -47.63478251 ], [ -72.35219573, -47.63470622 ], [ -72.35208129, -47.63460322 ], [ -72.35198211, -47.63450785 ], [ -72.35188293, -47.6344163 ], [ -72.35179138, -47.63432856 ], [ -72.35170745, -47.63424845 ], [ -72.35163116, -47.63417216 ], [ -72.35134124, -47.63387461 ], [ -72.35123443, -47.6337678 ], [ -72.35113525, -47.63368006 ], [ -72.35105132, -47.63359232 ], [ -72.35094451, -47.63349314 ], [ -72.35085296, -47.6334054 ], [ -72.35075378, -47.63331385 ], [ -72.35063934, -47.6332223 ], [ -72.35055541, -47.63315363 ], [ -72.35044097, -47.63306971 ], [ -72.35032653, -47.63297815 ], [ -72.3501892, -47.63287897 ], [ -72.35006713, -47.63279505 ], [ -72.34996032, -47.63271494 ], [ -72.34986114, -47.63264627 ], [ -72.34977722, -47.63258905 ], [ -72.34963989, -47.63248987 ], [ -72.34953308, -47.63242121 ], [ -72.34944152, -47.63236017 ], [ -72.34931945, -47.63228388 ], [ -72.34917449, -47.63218851 ], [ -72.34905242, -47.63211603 ], [ -72.34893798, -47.63204737 ], [ -72.34882354, -47.63198633 ], [ -72.34868621, -47.63190622 ], [ -72.34854888, -47.63183374 ], [ -72.34840392, -47.63175745 ], [ -72.34629821, -47.63064737 ], [ -72.3461914, -47.6305787 ], [ -72.34606933, -47.63049478 ], [ -72.34592437, -47.63039178 ], [ -72.34578704, -47.63029641 ], [ -72.34565734, -47.63020105 ], [ -72.3455429, -47.63011712 ], [ -72.34543609, -47.63002939 ], [ -72.34533691, -47.62994928 ], [ -72.34524536, -47.6298768 ], [ -72.34516143, -47.62980813 ], [ -72.34508514, -47.62973947 ], [ -72.34493255, -47.62961358 ], [ -72.34481048, -47.62950296 ], [ -72.34470367, -47.62940377 ], [ -72.34461212, -47.62931222 ], [ -72.34452819, -47.62923593 ], [ -72.3444519, -47.62916726 ], [ -72.34433746, -47.62904519 ], [ -72.3442459, -47.62895364 ], [ -72.34411621, -47.62882012 ], [ -72.34401702, -47.62871331 ], [ -72.34391784, -47.62859887 ], [ -72.34383392, -47.62851113 ], [ -72.34376525, -47.62842721 ], [ -72.34369659, -47.62835091 ], [ -72.34363555, -47.62827462 ], [ -72.34357452, -47.62820214 ], [ -72.34350585, -47.62810296 ], [ -72.34343719, -47.62801141 ], [ -72.3433609, -47.62790078 ], [ -72.34329986, -47.6278016 ], [ -72.34324645, -47.62771767 ], [ -72.34320068, -47.62764138 ], [ -72.34314727, -47.6275422 ], [ -72.3431015, -47.62746209 ], [ -72.34306335, -47.62736672 ], [ -72.34301757, -47.62727135 ], [ -72.34296417, -47.62715691 ], [ -72.34293365, -47.62706917 ], [ -72.34290313, -47.62696618 ], [ -72.34287261, -47.62686318 ], [ -72.3425827, -47.62506645 ], [ -72.34256744, -47.62497871 ], [ -72.34252929, -47.62486427 ], [ -72.34249877, -47.62478035 ], [ -72.34246826, -47.62469261 ], [ -72.34244537, -47.6246125 ], [ -72.34238433, -47.6244561 ], [ -72.34233093, -47.62430732 ], [ -72.34227752, -47.62416618 ], [ -72.34222412, -47.62403267 ], [ -72.34217834, -47.62391059 ], [ -72.34213256, -47.62379234 ], [ -72.34208679, -47.62368553 ], [ -72.34204101, -47.62358253 ], [ -72.34200286, -47.62348716 ], [ -72.34196472, -47.62339942 ], [ -72.34192657, -47.62331931 ], [ -72.34189605, -47.62323539 ], [ -72.34182739, -47.62309806 ], [ -72.34176635, -47.62297218 ], [ -72.34172058, -47.62286536 ], [ -72.34166717, -47.62276618 ], [ -72.34162139, -47.62267844 ], [ -72.34155273, -47.6225373 ], [ -72.34149169, -47.62243049 ], [ -72.34140777, -47.6222779 ], [ -72.34133911, -47.62215583 ], [ -72.34127044, -47.62204139 ], [ -72.34122466, -47.62196128 ], [ -72.341156, -47.62185447 ], [ -72.34106445, -47.62171332 ], [ -72.34098052, -47.62158362 ], [ -72.34088897, -47.62146537 ], [ -72.34081268, -47.62135093 ], [ -72.34072875, -47.62124793 ], [ -72.34065246, -47.62114875 ], [ -72.3405838, -47.62105719 ], [ -72.34051513, -47.62096946 ], [ -72.34040832, -47.62083594 ], [ -72.33924865, -47.61914221 ], [ -72.33919525, -47.61903158 ], [ -72.33914184, -47.61891714 ], [ -72.33909606, -47.61881033 ], [ -72.33905792, -47.61870733 ], [ -72.33901214, -47.61860434 ], [ -72.33897399, -47.61850515 ], [ -72.33894348, -47.61840979 ], [ -72.33890533, -47.61831823 ], [ -72.33887481, -47.61822668 ], [ -72.33884429, -47.61813894 ], [ -72.33881378, -47.6180512 ], [ -72.33875274, -47.61788717 ], [ -72.33870696, -47.61772695 ], [ -72.33865356, -47.61758199 ], [ -72.33860778, -47.61744467 ], [ -72.33856201, -47.61731878 ], [ -72.33851623, -47.61719671 ], [ -72.33847808, -47.6170899 ], [ -72.33843231, -47.61698309 ], [ -72.33839416, -47.61688772 ], [ -72.33836364, -47.61679998 ], [ -72.33832549, -47.61671224 ], [ -72.33828735, -47.61663213 ], [ -72.33823394, -47.61652532 ], [ -72.33817291, -47.61639181 ], [ -72.33811187, -47.61627355 ], [ -72.33805847, -47.61617437 ], [ -72.33800506, -47.61608281 ], [ -72.3379364, -47.615976 ], [ -72.33787536, -47.61588445 ], [ -72.3378067, -47.61578527 ], [ -72.3377304, -47.61568227 ], [ -72.33766937, -47.61560598 ], [ -72.33759307, -47.61550679 ], [ -72.33752441, -47.61543431 ], [ -72.33745574, -47.61536184 ], [ -72.33737945, -47.61529317 ], [ -72.3372879, -47.61522451 ], [ -72.33718109, -47.61514821 ], [ -72.33708953, -47.61507955 ], [ -72.33695983, -47.61499562 ], [ -72.33685302, -47.61492314 ], [ -72.33675384, -47.61486211 ], [ -72.33662414, -47.61478963 ], [ -72.33617401, -47.61452641 ], [ -72.33606719, -47.61445775 ], [ -72.33595275, -47.61438908 ], [ -72.33582305, -47.61430516 ], [ -72.3357315, -47.61424413 ], [ -72.33562469, -47.61416402 ], [ -72.33552551, -47.61409154 ], [ -72.33544158, -47.61402287 ], [ -72.3353424, -47.61394276 ], [ -72.33525848, -47.61386647 ], [ -72.33514404, -47.6137711 ], [ -72.3350296, -47.61366429 ], [ -72.33493804, -47.61358418 ], [ -72.33483886, -47.613485 ], [ -72.33475494, -47.61340871 ], [ -72.33464813, -47.61330189 ], [ -72.33454894, -47.61320271 ], [ -72.33446502, -47.61311879 ], [ -72.33438873, -47.61302723 ], [ -72.33432006, -47.61294331 ], [ -72.33426666, -47.61286702 ], [ -72.33422088, -47.61278309 ], [ -72.33419036, -47.61269917 ], [ -72.33416747, -47.61261525 ], [ -72.33416747, -47.61253132 ], [ -72.33419799, -47.61243214 ], [ -72.33423614, -47.61234059 ], [ -72.33428192, -47.61225666 ], [ -72.33433532, -47.61217655 ], [ -72.33440399, -47.61208882 ], [ -72.33446502, -47.61201252 ], [ -72.33454894, -47.61191715 ], [ -72.33462524, -47.6118256 ], [ -72.3346939, -47.61175312 ], [ -72.3347702, -47.61165394 ], [ -72.33483123, -47.61157765 ], [ -72.33489227, -47.61149372 ], [ -72.33493804, -47.61141743 ], [ -72.33499145, -47.61131443 ], [ -72.33501434, -47.61122669 ], [ -72.3350296, -47.61113132 ], [ -72.33504486, -47.61103977 ], [ -72.33506011, -47.61095585 ], [ -72.33506774, -47.61084904 ], [ -72.33507537, -47.61071552 ], [ -72.33507537, -47.61061634 ], [ -72.33506011, -47.61050953 ], [ -72.33503723, -47.61042179 ], [ -72.33499908, -47.61032642 ], [ -72.33496093, -47.61025013 ], [ -72.33491516, -47.61017002 ], [ -72.33486175, -47.61009372 ], [ -72.33480071, -47.61001743 ], [ -72.33473968, -47.60994495 ], [ -72.33464813, -47.60986866 ], [ -72.3345642, -47.60979236 ], [ -72.33449554, -47.60973133 ], [ -72.33439636, -47.60965122 ], [ -72.33428955, -47.60956729 ], [ -72.3341751, -47.60947574 ], [ -72.33403015, -47.60937274 ], [ -72.33392333, -47.60929645 ], [ -72.33383178, -47.60923542 ], [ -72.33374023, -47.60917438 ], [ -72.33364868, -47.60911716 ], [ -72.33352661, -47.60904468 ], [ -72.33338165, -47.60895694 ], [ -72.33324432, -47.60887683 ], [ -72.33291625, -47.60868228 ], [ -72.3327713, -47.60859454 ], [ -72.33266448, -47.60852588 ], [ -72.33255004, -47.60844959 ], [ -72.33241271, -47.60836185 ], [ -72.33232116, -47.60829318 ], [ -72.33222198, -47.6082207 ], [ -72.3321228, -47.60814822 ], [ -72.33203887, -47.60807574 ], [ -72.33195495, -47.60800326 ], [ -72.33185577, -47.60791171 ], [ -72.33175659, -47.60782779 ], [ -72.33167266, -47.60774768 ], [ -72.33159637, -47.60767139 ], [ -72.33152007, -47.60759891 ], [ -72.33145141, -47.60752643 ], [ -72.33132171, -47.60739673 ], [ -72.33120727, -47.60728228 ], [ -72.33110809, -47.6071831 ], [ -72.33097839, -47.60705722 ], [ -72.33084106, -47.6069237 ], [ -72.33074951, -47.60684359 ], [ -72.32864379, -47.60568774 ], [ -72.32845306, -47.6056267 ], [ -72.3283081, -47.6055733 ], [ -72.32819366, -47.60553133 ], [ -72.32807159, -47.60548174 ], [ -72.32794952, -47.60543215 ], [ -72.32783508, -47.60537875 ], [ -72.32766723, -47.60530245 ], [ -72.32752227, -47.60523379 ], [ -72.3274002, -47.60516512 ], [ -72.32729339, -47.6051079 ], [ -72.32717895, -47.60504305 ], [ -72.32707214, -47.60497057 ], [ -72.32696533, -47.60489046 ], [ -72.32688903, -47.60482943 ], [ -72.32682037, -47.60476076 ], [ -72.3267517, -47.60467684 ], [ -72.32668304, -47.60458147 ], [ -72.32662963, -47.60449373 ], [ -72.32659149, -47.604406 ], [ -72.32656097, -47.60432589 ], [ -72.32653808, -47.60424578 ], [ -72.32651519, -47.6041466 ], [ -72.32649993, -47.60405123 ], [ -72.32648467, -47.60396349 ], [ -72.32648467, -47.60387957 ], [ -72.32647705, -47.60379946 ], [ -72.32647705, -47.60369265 ], [ -72.32648467, -47.60355913 ], [ -72.3264923, -47.60326921 ], [ -72.3264923, -47.6031891 ], [ -72.3264923, -47.60308229 ], [ -72.32648467, -47.60297167 ], [ -72.32647705, -47.60284578 ], [ -72.32646179, -47.60276567 ], [ -72.32644653, -47.60268175 ], [ -72.32642364, -47.60260164 ], [ -72.32639312, -47.60251009 ], [ -72.32634735, -47.60236131 ], [ -72.3263092, -47.60225069 ], [ -72.32626342, -47.60213243 ], [ -72.32621765, -47.60202943 ], [ -72.32617187, -47.60193788 ], [ -72.32450866, -47.60054933 ], [ -72.32439422, -47.60049592 ], [ -72.32426452, -47.60043489 ], [ -72.32414245, -47.60038148 ], [ -72.32403564, -47.6003357 ], [ -72.32390594, -47.6002823 ], [ -72.3237915, -47.60023652 ], [ -72.32359313, -47.60016404 ], [ -72.32343292, -47.60010682 ], [ -72.3232727, -47.60004579 ], [ -72.32316589, -47.60000001 ], [ -72.32305908, -47.59995423 ], [ -72.32295989, -47.59990083 ], [ -72.32286071, -47.59985505 ], [ -72.32273101, -47.59978638 ], [ -72.32261657, -47.59971772 ], [ -72.32247924, -47.59963761 ], [ -72.3223648, -47.59956513 ], [ -72.32225799, -47.5995041 ], [ -72.32213592, -47.59942017 ], [ -72.32199096, -47.59932481 ], [ -72.32189178, -47.59925233 ], [ -72.32176971, -47.59917222 ], [ -72.32167816, -47.59909974 ], [ -72.32155609, -47.599012 ], [ -72.32144927, -47.59893189 ], [ -72.32135772, -47.5988556 ], [ -72.32126617, -47.59878312 ], [ -72.32118225, -47.59871445 ], [ -72.32110595, -47.59865342 ], [ -72.32096099, -47.59853516 ], [ -72.32083892, -47.59842835 ], [ -72.32061767, -47.59824524 ], [ -72.32044982, -47.59810791 ], [ -72.32032775, -47.5980011 ], [ -72.32022857, -47.59792099 ], [ -72.3201065, -47.59782181 ], [ -72.32002258, -47.59775696 ], [ -72.31994628, -47.59769211 ], [ -72.31970977, -47.597509 ], [ -72.31789398, -47.59619293 ], [ -72.31780242, -47.5961319 ], [ -72.31768035, -47.5960556 ], [ -72.31757354, -47.59598694 ], [ -72.31739044, -47.59587631 ], [ -72.31724548, -47.59578476 ], [ -72.31713867, -47.59572372 ], [ -72.31697845, -47.59562835 ], [ -72.31684875, -47.59555587 ], [ -72.3166809, -47.59546814 ], [ -72.31657409, -47.59542236 ], [ -72.31643676, -47.59537658 ], [ -72.31632232, -47.59534607 ], [ -72.31618499, -47.59531173 ], [ -72.31604003, -47.59528122 ], [ -72.31581878, -47.59523162 ], [ -72.31568145, -47.59519729 ], [ -72.31554412, -47.59515914 ], [ -72.31540679, -47.59511718 ], [ -72.31524658, -47.59505615 ], [ -72.31511688, -47.59501037 ], [ -72.31499481, -47.59496459 ], [ -72.31484985, -47.59489974 ], [ -72.31472778, -47.59484634 ], [ -72.31460571, -47.59478912 ], [ -72.31451415, -47.59473953 ], [ -72.31440734, -47.59468231 ], [ -72.31430053, -47.59460983 ], [ -72.31420898, -47.59454498 ], [ -72.31412506, -47.5944725 ], [ -72.31406402, -47.59439239 ], [ -72.31401824, -47.59431609 ], [ -72.31398773, -47.59422454 ], [ -72.31397247, -47.59414062 ], [ -72.31396484, -47.59405669 ], [ -72.31395721, -47.59396133 ], [ -72.31394958, -47.59377441 ], [ -72.31394195, -47.59367904 ], [ -72.31392669, -47.59358367 ], [ -72.3139038, -47.59349212 ], [ -72.31387329, -47.59340056 ], [ -72.31381988, -47.59331664 ], [ -72.31375884, -47.59324416 ], [ -72.31368255, -47.59316787 ], [ -72.31359863, -47.59309539 ], [ -72.31350707, -47.59301909 ], [ -72.31341552, -47.59295424 ], [ -72.31330871, -47.59287414 ], [ -72.31306457, -47.59270247 ], [ -72.31295776, -47.59262999 ], [ -72.31285858, -47.59254989 ], [ -72.31278228, -47.59248885 ], [ -72.31265258, -47.59236678 ], [ -72.31257629, -47.59228667 ], [ -72.31251525, -47.59221038 ], [ -72.31246948, -47.59211882 ], [ -72.3124237, -47.59203871 ], [ -72.31238555, -47.59193572 ], [ -72.31233215, -47.59180983 ], [ -72.312294, -47.59171828 ], [ -72.31224822, -47.59162673 ], [ -72.3091278, -47.59005507 ], [ -72.31036376, -47.58838422 ], [ -72.31050109, -47.58838422 ], [ -72.31062316, -47.58838422 ], [ -72.31077575, -47.58839185 ], [ -72.31091308, -47.58839948 ], [ -72.31114959, -47.58841856 ], [ -72.31132507, -47.58842619 ], [ -72.31145477, -47.58843 ], [ -72.31159973, -47.58843382 ], [ -72.31173706, -47.58843382 ], [ -72.31188201, -47.58842619 ], [ -72.3120346, -47.58841474 ], [ -72.31217956, -47.5884033 ], [ -72.31230926, -47.58839185 ], [ -72.31243896, -47.5883766 ], [ -72.3125534, -47.58836515 ], [ -72.31277465, -47.58834226 ], [ -72.31296539, -47.58831937 ], [ -72.31313323, -47.58829649 ], [ -72.31327819, -47.5882736 ], [ -72.31340789, -47.58825452 ], [ -72.31357574, -47.58822782 ], [ -72.31375122, -47.58820112 ], [ -72.31388854, -47.5881706 ], [ -72.31404876, -47.5881439 ], [ -72.31417846, -47.5881172 ], [ -72.31433868, -47.58808668 ], [ -72.31454467, -47.5880409 ], [ -72.31474304, -47.58799894 ], [ -72.31493377, -47.58795698 ], [ -72.31507873, -47.58792646 ], [ -72.31758117, -47.58729703 ], [ -72.31775665, -47.58724744 ], [ -72.31793212, -47.58719404 ], [ -72.31809234, -47.58714444 ], [ -72.31824493, -47.58709485 ], [ -72.31838989, -47.58704526 ], [ -72.31852722, -47.58699949 ], [ -72.31864929, -47.58695752 ], [ -72.31876373, -47.58691175 ], [ -72.31887817, -47.5868736 ], [ -72.31907653, -47.58680112 ], [ -72.31925201, -47.58673246 ], [ -72.3194046, -47.58666761 ], [ -72.3195343, -47.5866142 ], [ -72.31964874, -47.58656461 ], [ -72.31975555, -47.58651883 ], [ -72.3199234, -47.58643872 ], [ -72.3200531, -47.58637769 ], [ -72.32015991, -47.5863281 ], [ -72.32029724, -47.58625943 ], [ -72.32041168, -47.58620221 ], [ -72.32055664, -47.58612592 ], [ -72.32066345, -47.58606107 ], [ -72.32077026, -47.58600385 ], [ -72.32089996, -47.58592755 ], [ -72.32102203, -47.58585126 ], [ -72.32113647, -47.58578259 ], [ -72.32123565, -47.58571393 ], [ -72.32133483, -47.58565289 ], [ -72.32142639, -47.58558804 ], [ -72.32151031, -47.58553082 ], [ -72.3216629, -47.58542401 ], [ -72.32180023, -47.58532864 ], [ -72.32191467, -47.58524472 ], [ -72.32202148, -47.58517224 ], [ -72.32211303, -47.58510739 ], [ -72.32219695, -47.58505017 ], [ -72.32232665, -47.58495862 ], [ -72.32242584, -47.58489377 ], [ -72.32257842, -47.5847984 ], [ -72.32269287, -47.58472211 ], [ -72.32285308, -47.58462674 ], [ -72.32477569, -47.58344799 ], [ -72.3247528, -47.58334881 ], [ -72.32472991, -47.58325344 ], [ -72.32471466, -47.58316189 ], [ -72.32468414, -47.58304363 ], [ -72.32464599, -47.58289486 ], [ -72.32455444, -47.58257061 ], [ -72.32453155, -47.58247906 ], [ -72.32450103, -47.58236462 ], [ -72.32447814, -47.58226543 ], [ -72.32445526, -47.58216244 ], [ -72.32444, -47.58204418 ], [ -72.32443237, -47.581945 ], [ -72.32442474, -47.58184963 ], [ -72.32442474, -47.58175808 ], [ -72.32442474, -47.5816589 ], [ -72.32443237, -47.58156353 ], [ -72.32444, -47.5814796 ], [ -72.32444763, -47.58139187 ], [ -72.32446289, -47.58123928 ], [ -72.32448577, -47.58110576 ], [ -72.32451629, -47.58086162 ], [ -72.32453155, -47.58076625 ], [ -72.32454681, -47.58061748 ], [ -72.32456207, -47.58050304 ], [ -72.3245697, -47.58041149 ], [ -72.32457733, -47.5803123 ], [ -72.32458496, -47.5802322 ], [ -72.32459258, -47.57713465 ], [ -72.32461547, -47.57704691 ], [ -72.32463073, -47.57696681 ], [ -72.32466888, -47.57684855 ], [ -72.32470703, -47.57671504 ], [ -72.3247528, -47.57659678 ], [ -72.32478332, -47.57648997 ], [ -72.32481384, -47.5763946 ], [ -72.32493591, -47.57606272 ], [ -72.32498931, -47.57591776 ], [ -72.32501983, -47.57582239 ], [ -72.32505035, -47.57572703 ], [ -72.3250885, -47.57560877 ], [ -72.32512664, -47.57549433 ], [ -72.32515716, -47.57538752 ], [ -72.32519531, -47.57528833 ], [ -72.32522582, -47.57519297 ], [ -72.32525634, -47.57510904 ], [ -72.32528686, -47.57502131 ], [ -72.32534027, -47.57487253 ], [ -72.32539367, -47.57474283 ], [ -72.32543945, -47.5746322 ], [ -72.32547759, -47.57452539 ], [ -72.32551574, -47.57443765 ], [ -72.32557678, -47.57428888 ], [ -72.32563018, -47.57417063 ], [ -72.32566833, -47.57408289 ], [ -72.32572936, -47.57396082 ], [ -72.32576751, -47.57388452 ], [ -72.32579803, -47.5738006 ], [ -72.32585143, -47.5737243 ], [ -72.3259201, -47.57364801 ], [ -72.32599639, -47.57358698 ], [ -72.32608032, -47.57352213 ], [ -72.3261795, -47.57345346 ], [ -72.32628631, -47.57339243 ], [ -72.32640075, -47.57331995 ], [ -72.3264923, -47.57325128 ], [ -72.32657623, -47.57318643 ], [ -72.32664489, -47.57312158 ], [ -72.32670593, -47.57304529 ], [ -72.32676696, -47.57294992 ], [ -72.32682037, -47.57286981 ], [ -72.32685851, -47.5727897 ], [ -72.32690429, -47.57269815 ], [ -72.32695007, -47.57259515 ], [ -72.32698059, -47.57249978 ], [ -72.32700347, -47.57240442 ], [ -72.3270111, -47.57232431 ], [ -72.3270111, -47.5722442 ], [ -72.3270111, -47.57212594 ], [ -72.32700347, -47.57201913 ], [ -72.32698821, -47.57188562 ], [ -72.32697296, -47.57177117 ], [ -72.3269577, -47.57167199 ], [ -72.32694244, -47.57158044 ], [ -72.32691955, -47.57146981 ], [ -72.32689666, -47.57134393 ], [ -72.32687377, -47.57124856 ], [ -72.32684326, -47.57111504 ], [ -72.32682037, -47.57102731 ], [ -72.32678222, -47.57090142 ], [ -72.32674407, -47.57074883 ], [ -72.32671356, -47.57061532 ], [ -72.32668304, -47.57049706 ], [ -72.32665252, -47.57039407 ], [ -72.32662963, -47.57030633 ], [ -72.32659149, -47.57019189 ], [ -72.32656097, -47.57010033 ], [ -72.32652282, -47.57000115 ], [ -72.32647705, -47.56990578 ], [ -72.32643127, -47.56982949 ], [ -72.32638549, -47.56975319 ], [ -72.32633209, -47.5696769 ], [ -72.32627868, -47.56959679 ], [ -72.32622528, -47.56952431 ], [ -72.32617187, -47.56945183 ], [ -72.32611846, -47.56937935 ], [ -72.32601928, -47.56924965 ], [ -72.3259201, -47.56912377 ], [ -72.32582855, -47.56901314 ], [ -72.32574462, -47.56890633 ], [ -72.3256607, -47.56880715 ], [ -72.32557678, -47.56870796 ], [ -72.32550048, -47.56862023 ], [ -72.32543182, -47.5685363 ], [ -72.32536315, -47.56846001 ], [ -72.32530212, -47.56838753 ], [ -72.32518768, -47.56825783 ], [ -72.32508087, -47.56814339 ], [ -72.32498931, -47.56804039 ], [ -72.32491302, -47.56794884 ], [ -72.32483673, -47.56786873 ], [ -72.32471466, -47.56772758 ], [ -72.32461547, -47.56762459 ], [ -72.32447814, -47.567472 ], [ -72.32433319, -47.56731941 ], [ -72.3238449, -47.56678917 ], [ -72.32334899, -47.56625892 ], [ -72.32322692, -47.5660453 ], [ -72.32308196, -47.56579734 ], [ -72.32305145, -47.56571342 ], [ -72.32303619, -47.56563331 ], [ -72.32302856, -47.56554557 ], [ -72.32302856, -47.5654502 ], [ -72.32304382, -47.56535102 ], [ -72.32305908, -47.56527091 ], [ -72.32308196, -47.5651374 ], [ -72.32308959, -47.56505347 ], [ -72.32309722, -47.56497337 ], [ -72.32309722, -47.56489326 ], [ -72.32308959, -47.56474448 ], [ -72.32308196, -47.5646186 ], [ -72.32307434, -47.56450416 ], [ -72.32307434, -47.56440497 ], [ -72.32306671, -47.56424476 ], [ -72.32305145, -47.56411506 ], [ -72.32303619, -47.5639434 ], [ -72.32302856, -47.56382895 ], [ -72.3230133, -47.56368781 ], [ -72.32300567, -47.56358481 ], [ -72.32232665, -47.56180334 ], [ -72.32227325, -47.56171942 ], [ -72.32220458, -47.56162405 ], [ -72.32215118, -47.56154394 ], [ -72.32207488, -47.56146002 ], [ -72.32199096, -47.56137991 ], [ -72.32189941, -47.56129217 ], [ -72.32180786, -47.56121969 ], [ -72.32172393, -47.56115866 ], [ -72.32163238, -47.56108999 ], [ -72.32154083, -47.56103277 ], [ -72.32143402, -47.56096411 ], [ -72.32133483, -47.56090689 ], [ -72.32124328, -47.56085348 ], [ -72.32110595, -47.56077719 ], [ -72.32099151, -47.56071234 ], [ -72.32083892, -47.56062841 ], [ -72.32070922, -47.56056356 ], [ -72.32059478, -47.56050634 ], [ -72.32044982, -47.56043386 ], [ -72.32032012, -47.56036901 ], [ -72.32018279, -47.56030798 ], [ -72.32003021, -47.56024694 ], [ -72.31990051, -47.56018591 ], [ -72.31978607, -47.56014395 ], [ -72.31961822, -47.5600791 ], [ -72.31948852, -47.56002951 ], [ -72.31936645, -47.55998754 ], [ -72.31925201, -47.5599494 ], [ -72.31913757, -47.55991506 ], [ -72.31898498, -47.55986547 ], [ -72.31879425, -47.55981207 ], [ -72.3186264, -47.55976248 ], [ -72.31847381, -47.55972051 ], [ -72.31834411, -47.55968237 ], [ -72.3182373, -47.55964803 ], [ -72.31804656, -47.55959463 ], [ -72.31790924, -47.55954885 ], [ -72.31775665, -47.55949926 ], [ -72.31757354, -47.55943823 ], [ -72.31745147, -47.55938863 ], [ -72.317276, -47.55932378 ], [ -72.31710052, -47.55925131 ], [ -72.31542968, -47.55786275 ], [ -72.31538391, -47.55778646 ], [ -72.3153305, -47.55769109 ], [ -72.31526184, -47.55759572 ], [ -72.31520843, -47.55751943 ], [ -72.31512451, -47.55742025 ], [ -72.31504821, -47.55733632 ], [ -72.31496429, -47.55725621 ], [ -72.31485748, -47.55716085 ], [ -72.3147583, -47.55707692 ], [ -72.31465911, -47.55699681 ], [ -72.31455993, -47.55692433 ], [ -72.31446075, -47.55685185 ], [ -72.31433105, -47.55676412 ], [ -72.31420898, -47.55668401 ], [ -72.31409454, -47.55660771 ], [ -72.31398773, -47.55653142 ], [ -72.31388092, -47.55646275 ], [ -72.31368255, -47.55633687 ], [ -72.31352233, -47.55622624 ], [ -72.31336975, -47.55613087 ], [ -72.31324768, -47.55604695 ], [ -72.31314086, -47.55597066 ], [ -72.31304931, -47.55590199 ], [ -72.31293487, -47.55581807 ], [ -72.31283569, -47.55574177 ], [ -72.31275939, -47.55567692 ], [ -72.3126831, -47.55561207 ], [ -72.31259918, -47.55553578 ], [ -72.31250762, -47.55544423 ], [ -72.31241607, -47.55535267 ], [ -72.31233978, -47.55526112 ], [ -72.31227874, -47.5551772 ], [ -72.31221771, -47.55508946 ], [ -72.31217193, -47.55500935 ], [ -72.31212615, -47.55493306 ], [ -72.31208801, -47.55485295 ], [ -72.31204223, -47.55475377 ], [ -72.31200408, -47.55466603 ], [ -72.31196594, -47.55457447 ], [ -72.31192779, -47.55449055 ], [ -72.31054687, -47.55266331 ], [ -72.31044006, -47.55257175 ], [ -72.31034088, -47.55249164 ], [ -72.31025695, -47.55241916 ], [ -72.31014251, -47.55233906 ], [ -72.31004333, -47.55226276 ], [ -72.30995178, -47.55220173 ], [ -72.30980682, -47.55209491 ], [ -72.30970001, -47.55200718 ], [ -72.30958557, -47.55191562 ], [ -72.30950927, -47.55185077 ], [ -72.30941772, -47.55177066 ], [ -72.30934143, -47.55169819 ], [ -72.30928039, -47.55162571 ], [ -72.30921935, -47.5515456 ], [ -72.30916595, -47.55144641 ], [ -72.30912017, -47.55135868 ], [ -72.30908203, -47.55125949 ], [ -72.30905151, -47.5511565 ], [ -72.30903625, -47.55107639 ], [ -72.30901336, -47.55098102 ], [ -72.3089981, -47.55087421 ], [ -72.30897521, -47.55072543 ], [ -72.30896758, -47.55063388 ], [ -72.30895233, -47.55052326 ], [ -72.3089447, -47.55042026 ], [ -72.3089447, -47.55031345 ], [ -72.3089447, -47.55021426 ], [ -72.3089447, -47.55009601 ], [ -72.30895233, -47.54997775 ], [ -72.30896758, -47.54987094 ], [ -72.30897521, -47.54976031 ], [ -72.3089981, -47.54956958 ], [ -72.30900573, -47.54948184 ], [ -72.30902099, -47.54932544 ], [ -72.30902862, -47.54919192 ], [ -72.30903625, -47.54906985 ], [ -72.30903625, -47.54896685 ], [ -72.30903625, -47.5488753 ], [ -72.30903625, -47.54879519 ], [ -72.30902862, -47.5486922 ], [ -72.30902099, -47.54860446 ], [ -72.30900573, -47.54851672 ], [ -72.30898284, -47.54841754 ], [ -72.30895996, -47.5483298 ], [ -72.30892944, -47.54824969 ], [ -72.30889129, -47.54814669 ], [ -72.30883789, -47.54802081 ], [ -72.30876922, -47.54784915 ], [ -72.30872344, -47.54775378 ], [ -72.30867004, -47.54762789 ], [ -72.30863952, -47.54753252 ], [ -72.30860137, -47.54744097 ], [ -72.30856323, -47.54735705 ], [ -72.30850219, -47.54718539 ], [ -72.30844116, -47.54702517 ], [ -72.30838775, -47.5468764 ], [ -72.30833435, -47.54673144 ], [ -72.30823516, -47.54647204 ], [ -72.30806732, -47.54601046 ], [ -72.30800628, -47.54583498 ], [ -72.30795288, -47.54568239 ], [ -72.30789947, -47.54554888 ], [ -72.30786132, -47.54543444 ], [ -72.30782318, -47.54533525 ], [ -72.30778503, -47.5452437 ], [ -72.30772399, -47.5450873 ], [ -72.30767822, -47.54497286 ], [ -72.3076477, -47.54488512 ], [ -72.30759429, -47.54475542 ], [ -72.307518, -47.54457231 ], [ -72.30747222, -47.54447313 ], [ -72.30742645, -47.54438158 ], [ -72.30738067, -47.54429765 ], [ -72.30733489, -47.54421754 ], [ -72.30726623, -47.54411073 ], [ -72.30720519, -47.54401155 ], [ -72.30714416, -47.54392 ], [ -72.30706024, -47.543817 ], [ -72.30699157, -47.54372163 ], [ -72.30692291, -47.54364152 ], [ -72.3068695, -47.54356904 ], [ -72.30676269, -47.5434546 ], [ -72.3066864, -47.54335924 ], [ -72.30657196, -47.54323335 ], [ -72.30649566, -47.54314943 ], [ -72.30638122, -47.54303117 ], [ -72.30631256, -47.54295869 ], [ -72.306221, -47.5428824 ], [ -72.30612182, -47.54279847 ], [ -72.30602264, -47.54272599 ], [ -72.30593109, -47.54266114 ], [ -72.30582427, -47.54258103 ], [ -72.30561828, -47.54243989 ], [ -72.30547332, -47.54233689 ], [ -72.30536651, -47.5422606 ], [ -72.30529022, -47.54219956 ], [ -72.30518341, -47.54211183 ], [ -72.30510711, -47.54204316 ], [ -72.30502319, -47.54195542 ], [ -72.30495452, -47.54187913 ], [ -72.3048706, -47.54178758 ], [ -72.30479431, -47.54170365 ], [ -72.30471038, -47.54159684 ], [ -72.30464172, -47.5415091 ], [ -72.30457305, -47.54140992 ], [ -72.30451965, -47.54132981 ], [ -72.30447387, -47.54124207 ], [ -72.3044281, -47.54115433 ], [ -72.30438232, -47.5410666 ], [ -72.30434417, -47.54097123 ], [ -72.30431365, -47.54088349 ], [ -72.30428314, -47.54079957 ], [ -72.30426025, -47.54071564 ], [ -72.30423736, -47.54061265 ], [ -72.30421447, -47.54051346 ], [ -72.30419921, -47.54042573 ], [ -72.30418395, -47.54033799 ], [ -72.3041687, -47.54025406 ], [ -72.30414581, -47.54010529 ], [ -72.30413055, -47.53996796 ], [ -72.30410766, -47.5397963 ], [ -72.3040924, -47.53970093 ], [ -72.30407714, -47.53961701 ], [ -72.30406188, -47.53951401 ], [ -72.30403137, -47.53939575 ], [ -72.30401611, -47.5393042 ], [ -72.30397796, -47.5391745 ], [ -72.30269622, -47.53754181 ], [ -72.30262756, -47.53747314 ], [ -72.30256652, -47.53739685 ], [ -72.30252838, -47.53730911 ], [ -72.30250549, -47.53721374 ], [ -72.30249023, -47.53711837 ], [ -72.3024826, -47.53703064 ], [ -72.30247497, -47.53694671 ], [ -72.30247497, -47.5368666 ], [ -72.3024826, -47.53676361 ], [ -72.30249023, -47.53666824 ], [ -72.30250549, -47.5365805 ], [ -72.30252075, -47.53649276 ], [ -72.30253601, -47.53641265 ], [ -72.30255889, -47.53630203 ], [ -72.30258941, -47.53616851 ], [ -72.30264282, -47.53592819 ], [ -72.30267333, -47.53579849 ], [ -72.30269622, -47.53568786 ], [ -72.30271911, -47.53557723 ], [ -72.30273437, -47.53548568 ], [ -72.302742, -47.53539031 ], [ -72.30274963, -47.53529113 ], [ -72.30274963, -47.53519958 ], [ -72.30274963, -47.53504699 ], [ -72.30274963, -47.53490584 ], [ -72.30275726, -47.53477233 ], [ -72.30276489, -47.53452056 ], [ -72.30276489, -47.53440612 ], [ -72.30276489, -47.53430312 ], [ -72.30276489, -47.53420775 ], [ -72.30276489, -47.53412001 ], [ -72.30276489, -47.53403228 ], [ -72.30276489, -47.53395217 ], [ -72.30275726, -47.53380721 ], [ -72.30274963, -47.53367751 ], [ -72.30273437, -47.53356688 ], [ -72.30271911, -47.5334677 ], [ -72.30270385, -47.53337996 ], [ -72.30268859, -47.53326933 ], [ -72.30266571, -47.53316634 ], [ -72.30149078, -47.53148405 ], [ -72.30117034, -47.5311865 ], [ -72.3010559, -47.53107969 ], [ -72.30097961, -47.53101103 ], [ -72.30091094, -47.53094618 ], [ -72.30081176, -47.5308737 ], [ -72.30072021, -47.53081648 ], [ -72.30060577, -47.530744 ], [ -72.30044555, -47.53065245 ], [ -72.30031585, -47.53057615 ], [ -72.3002243, -47.53051512 ], [ -72.30012512, -47.53044645 ], [ -72.30003356, -47.53036634 ], [ -72.29997253, -47.53029005 ], [ -72.29991912, -47.53020994 ], [ -72.29988861, -47.53012602 ], [ -72.29987335, -47.53003828 ], [ -72.29985809, -47.52995817 ], [ -72.29985046, -47.5298628 ], [ -72.29985046, -47.52977888 ], [ -72.29986572, -47.52968351 ], [ -72.29987335, -47.52959959 ], [ -72.29989623, -47.52949277 ], [ -72.29991149, -47.52940122 ], [ -72.29993438, -47.52931348 ], [ -72.2999649, -47.52917997 ], [ -72.29998779, -47.52907316 ], [ -72.30000305, -47.52898923 ], [ -72.30001831, -47.52890531 ], [ -72.30002593, -47.52881376 ], [ -72.30003356, -47.52872983 ], [ -72.30003356, -47.52862302 ], [ -72.30003356, -47.52842466 ], [ -72.30003356, -47.5283331 ], [ -72.30003356, -47.5281767 ], [ -72.30003356, -47.52803556 ], [ -72.30002593, -47.5279173 ], [ -72.30002593, -47.52780667 ], [ -72.30001831, -47.52771512 ], [ -72.30001068, -47.52759305 ], [ -72.29999542, -47.52747098 ], [ -72.29881286, -47.52585354 ], [ -72.29878997, -47.52577344 ], [ -72.29876708, -47.52567807 ], [ -72.29875183, -47.52559414 ], [ -72.2987442, -47.52551404 ], [ -72.29872894, -47.52536526 ], [ -72.29872131, -47.52528515 ], [ -72.29869842, -47.52518597 ], [ -72.29868316, -47.52509823 ], [ -72.29865264, -47.52501431 ], [ -72.2986145, -47.52492276 ], [ -72.29856872, -47.52484646 ], [ -72.29851531, -47.5247778 ], [ -72.29844665, -47.52470532 ], [ -72.29837036, -47.52463665 ], [ -72.29826354, -47.52454129 ], [ -72.29815673, -47.52446118 ], [ -72.29805755, -47.5243887 ], [ -72.297966, -47.52432766 ], [ -72.29785919, -47.52425518 ], [ -72.29775238, -47.52419033 ], [ -72.29762268, -47.52411404 ], [ -72.29750823, -47.52404537 ], [ -72.29738616, -47.52397289 ], [ -72.29721069, -47.52388134 ], [ -72.29708862, -47.52381649 ], [ -72.29688262, -47.52370968 ], [ -72.29676055, -47.5236639 ], [ -72.29665374, -47.52362957 ], [ -72.29641723, -47.52355328 ], [ -72.29629516, -47.5235075 ], [ -72.29619598, -47.52346172 ], [ -72.29610443, -47.5234045 ], [ -72.2960205, -47.52333965 ], [ -72.29593658, -47.52326717 ], [ -72.29586029, -47.52319469 ], [ -72.29579162, -47.52312221 ], [ -72.29572296, -47.52304211 ], [ -72.29564666, -47.52295055 ], [ -72.29558563, -47.52286281 ], [ -72.29553985, -47.52278652 ], [ -72.29547882, -47.52269115 ], [ -72.29543304, -47.52260341 ], [ -72.29539489, -47.52252712 ], [ -72.29535675, -47.52242794 ], [ -72.2953186, -47.52234783 ], [ -72.29526519, -47.52222194 ], [ -72.29522705, -47.5221075 ], [ -72.29518127, -47.52195873 ], [ -72.29515075, -47.52186718 ], [ -72.29512023, -47.52177181 ], [ -72.29510498, -47.52168788 ], [ -72.29508209, -47.52160015 ], [ -72.29506683, -47.52149333 ], [ -72.29505157, -47.52139034 ], [ -72.29503631, -47.52129497 ], [ -72.29502868, -47.52120723 ], [ -72.29501342, -47.52111568 ], [ -72.29499816, -47.52095928 ], [ -72.29499053, -47.52082195 ], [ -72.29497528, -47.52070369 ], [ -72.29496002, -47.52059688 ], [ -72.29494476, -47.52050914 ], [ -72.29492187, -47.52039088 ], [ -72.29490661, -47.52029552 ], [ -72.29488372, -47.52019252 ], [ -72.29486083, -47.52011241 ], [ -72.29483032, -47.52002849 ], [ -72.29479217, -47.5199293 ], [ -72.29475402, -47.51983775 ], [ -72.29470825, -47.51975001 ], [ -72.29465484, -47.51965083 ], [ -72.29460144, -47.51955928 ], [ -72.29454803, -47.51947917 ], [ -72.29447936, -47.5193838 ], [ -72.29441833, -47.51929606 ], [ -72.29431152, -47.51915492 ], [ -72.29423522, -47.51904429 ], [ -72.29418182, -47.51896037 ], [ -72.29412841, -47.51886882 ], [ -72.29408264, -47.51878871 ], [ -72.29403686, -47.5187086 ], [ -72.29399108, -47.51859797 ], [ -72.29393005, -47.51845683 ], [ -72.29388427, -47.51833094 ], [ -72.2938385, -47.5182165 ], [ -72.29380035, -47.51811732 ], [ -72.29376983, -47.51803339 ], [ -72.29373931, -47.51792277 ], [ -72.29370117, -47.5178007 ], [ -72.29367065, -47.51770914 ], [ -72.29364776, -47.51760233 ], [ -72.29362487, -47.51751841 ], [ -72.29360198, -47.51740397 ], [ -72.29358673, -47.51730097 ], [ -72.29357147, -47.5172056 ], [ -72.29356384, -47.51712168 ], [ -72.29356384, -47.51701868 ], [ -72.29355621, -47.51664484 ], [ -72.29355621, -47.51655329 ], [ -72.29354858, -47.51646174 ], [ -72.29354095, -47.51636637 ], [ -72.29352569, -47.516271 ], [ -72.2935028, -47.51616037 ], [ -72.29347228, -47.51605738 ], [ -72.2934494, -47.51596582 ], [ -72.29341125, -47.5158552 ], [ -72.29338073, -47.51575983 ], [ -72.29334259, -47.51567209 ], [ -72.29330444, -47.51556528 ], [ -72.29325103, -47.51545084 ], [ -72.29321289, -47.51535929 ], [ -72.29315948, -47.51525629 ], [ -72.29309844, -47.51513803 ], [ -72.29302978, -47.51499689 ], [ -72.29296112, -47.51489771 ], [ -72.29290008, -47.51480234 ], [ -72.29283142, -47.51471078 ], [ -72.29276275, -47.51463068 ], [ -72.29269409, -47.51455438 ], [ -72.29262542, -47.51447809 ], [ -72.29253387, -47.51438653 ], [ -72.29244995, -47.5142988 ], [ -72.29236602, -47.51421869 ], [ -72.29221343, -47.5140661 ], [ -72.29208374, -47.5139364 ], [ -72.29196929, -47.51381814 ], [ -72.29187774, -47.51372278 ], [ -72.29179382, -47.51363122 ], [ -72.29173278, -47.51355111 ], [ -72.29164886, -47.51344812 ], [ -72.29158782, -47.51336038 ], [ -72.29154205, -47.51328408 ], [ -72.29149627, -47.51320779 ], [ -72.29145812, -47.51312005 ], [ -72.29141998, -47.5130285 ], [ -72.29138946, -47.51293695 ], [ -72.29135894, -47.51281106 ], [ -72.29099273, -47.51117837 ], [ -72.29247283, -47.50937401 ], [ -72.29263305, -47.50921379 ], [ -72.29270172, -47.50914513 ], [ -72.29283142, -47.50901543 ], [ -72.29294586, -47.50890099 ], [ -72.29303741, -47.5088018 ], [ -72.29312133, -47.50871407 ], [ -72.29319763, -47.50863777 ], [ -72.29328918, -47.50853096 ], [ -72.29338836, -47.50842033 ], [ -72.29345703, -47.50833259 ], [ -72.29354095, -47.50823341 ], [ -72.29360961, -47.5081533 ], [ -72.29368591, -47.50804649 ], [ -72.29375457, -47.50795875 ], [ -72.29381561, -47.50787483 ], [ -72.29387664, -47.50778709 ], [ -72.29393768, -47.50770698 ], [ -72.29399108, -47.50763069 ], [ -72.29409027, -47.50748192 ], [ -72.29418945, -47.50734459 ], [ -72.29427337, -47.50721107 ], [ -72.29433441, -47.50711189 ], [ -72.29524993, -47.50538001 ], [ -72.29529571, -47.50527701 ], [ -72.29534912, -47.50513969 ], [ -72.295372, -47.50505195 ], [ -72.29538726, -47.50496802 ], [ -72.29538726, -47.50487647 ], [ -72.29538726, -47.50478873 ], [ -72.295372, -47.50468573 ], [ -72.29534912, -47.504598 ], [ -72.29531097, -47.50439582 ], [ -72.29529571, -47.50428901 ], [ -72.29528045, -47.50419364 ], [ -72.29528045, -47.5041059 ], [ -72.29528808, -47.50401053 ], [ -72.29531097, -47.50392279 ], [ -72.29534149, -47.50384268 ], [ -72.29538726, -47.5037435 ], [ -72.2954483, -47.50365958 ], [ -72.29550933, -47.50357184 ], [ -72.29560852, -47.50343833 ], [ -72.29566955, -47.50335059 ], [ -72.29573059, -47.50326285 ], [ -72.29577636, -47.50317511 ], [ -72.29580688, -47.50308737 ], [ -72.29582977, -47.50300726 ], [ -72.29584503, -47.50290045 ], [ -72.29584503, -47.50282034 ], [ -72.29584503, -47.50273642 ], [ -72.2958374, -47.50265631 ], [ -72.29582214, -47.50256857 ], [ -72.29579925, -47.50247702 ], [ -72.29576873, -47.50235876 ], [ -72.29573821, -47.50224814 ], [ -72.2957077, -47.50214514 ], [ -72.29567718, -47.50204596 ], [ -72.29564666, -47.50195059 ], [ -72.29561614, -47.50186667 ], [ -72.29556274, -47.50171026 ], [ -72.29551696, -47.50156912 ], [ -72.29547882, -47.50144323 ], [ -72.29544067, -47.50133642 ], [ -72.29540252, -47.50124105 ], [ -72.295372, -47.50115713 ], [ -72.29532623, -47.50104269 ], [ -72.29470825, -47.49929174 ], [ -72.29472351, -47.49920019 ], [ -72.29473113, -47.49911626 ], [ -72.29475402, -47.49901708 ], [ -72.29479217, -47.49883397 ], [ -72.29480743, -47.49873479 ], [ -72.29482269, -47.49863179 ], [ -72.29483032, -47.49854787 ], [ -72.29483795, -47.49844106 ], [ -72.29483795, -47.49834188 ], [ -72.29482269, -47.49826177 ], [ -72.2947998, -47.49818166 ], [ -72.29476165, -47.49809774 ], [ -72.29470825, -47.49801763 ], [ -72.29464721, -47.49792989 ], [ -72.29457855, -47.49783452 ], [ -72.29450988, -47.49773915 ], [ -72.29446411, -47.49766286 ], [ -72.29441833, -47.49757512 ], [ -72.29439544, -47.49748357 ], [ -72.29439544, -47.49739964 ], [ -72.29442596, -47.49730428 ], [ -72.29447174, -47.49722035 ], [ -72.29453277, -47.49713643 ], [ -72.29460906, -47.49706395 ], [ -72.29467773, -47.4969991 ], [ -72.29476928, -47.49691518 ], [ -72.29485321, -47.49685414 ], [ -72.29496002, -47.49677785 ], [ -72.2950592, -47.496713 ], [ -72.29515838, -47.49665959 ], [ -72.29525756, -47.49660619 ], [ -72.29540252, -47.49654134 ], [ -72.29552459, -47.49648411 ], [ -72.29568481, -47.49641545 ], [ -72.29582214, -47.49635823 ], [ -72.29594421, -47.49630482 ], [ -72.2960968, -47.49623997 ], [ -72.29621124, -47.49617894 ], [ -72.29634094, -47.49611027 ], [ -72.29645538, -47.49604924 ], [ -72.29656982, -47.49596913 ], [ -72.29666137, -47.49590046 ], [ -72.2967453, -47.49582417 ], [ -72.29683685, -47.49573643 ], [ -72.29690551, -47.49565632 ], [ -72.29698181, -47.4955724 ], [ -72.29705047, -47.49548085 ], [ -72.29711151, -47.49538548 ], [ -72.29715728, -47.49530919 ], [ -72.29721069, -47.49520237 ], [ -72.29724884, -47.49510701 ], [ -72.29727935, -47.4950269 ], [ -72.29730224, -47.49493916 ], [ -72.29730987, -47.49484761 ], [ -72.29730224, -47.49475987 ], [ -72.29729461, -47.49467976 ], [ -72.29720306, -47.49427921 ], [ -72.29719543, -47.49418385 ], [ -72.2971878, -47.49409229 ], [ -72.29721069, -47.49393589 ], [ -72.29724884, -47.49384815 ], [ -72.29730224, -47.49373371 ], [ -72.29735565, -47.49363453 ], [ -72.29740905, -47.49355061 ], [ -72.29745483, -47.4934705 ], [ -72.29751586, -47.49337894 ], [ -72.2975769, -47.49329502 ], [ -72.29763793, -47.49322254 ], [ -72.29771423, -47.49313099 ], [ -72.29779815, -47.49303562 ], [ -72.29787445, -47.49295933 ], [ -72.29795074, -47.49287922 ], [ -72.29805755, -47.49278385 ], [ -72.29813384, -47.49271518 ], [ -72.29824066, -47.49262363 ], [ -72.29834747, -47.49253589 ], [ -72.29843902, -47.4924596 ], [ -72.29853057, -47.49238712 ], [ -72.29862213, -47.49231845 ], [ -72.29869842, -47.49226123 ], [ -72.29881286, -47.49218113 ], [ -72.29891967, -47.49210865 ], [ -72.29901885, -47.49203998 ], [ -72.29911041, -47.49198276 ], [ -72.29922485, -47.4919141 ], [ -72.29932403, -47.49185306 ], [ -72.29946136, -47.49178058 ], [ -72.29956817, -47.49172336 ], [ -72.29969787, -47.49165851 ], [ -72.29979705, -47.49161655 ], [ -72.29991149, -47.49155933 ], [ -72.30001068, -47.49151355 ], [ -72.300148, -47.49146015 ], [ -72.30026245, -47.49141055 ], [ -72.30037689, -47.49137241 ], [ -72.3005371, -47.49131519 ], [ -72.30068206, -47.4912656 ], [ -72.30081176, -47.49123126 ], [ -72.30093383, -47.49119312 ], [ -72.30107116, -47.4911626 ], [ -72.30120086, -47.49112827 ], [ -72.30136871, -47.49109775 ], [ -72.30150604, -47.49107486 ], [ -72.30165863, -47.49105197 ], [ -72.30177307, -47.49103671 ], [ -72.30190277, -47.49102527 ], [ -72.30204772, -47.49101001 ], [ -72.30221557, -47.4910062 ], [ -72.3023529, -47.49100238 ], [ -72.3024826, -47.49100238 ], [ -72.30260467, -47.4910062 ], [ -72.30274963, -47.49101383 ], [ -72.30287933, -47.49102145 ], [ -72.30303955, -47.49103671 ], [ -72.30317687, -47.49104816 ], [ -72.30332183, -47.49106342 ], [ -72.30353546, -47.4910863 ], [ -72.30366516, -47.49110538 ], [ -72.30381774, -47.49112445 ], [ -72.30394744, -47.49115115 ], [ -72.30405425, -47.49118549 ], [ -72.3041687, -47.49122745 ], [ -72.30432128, -47.49128848 ], [ -72.30444335, -47.49133808 ], [ -72.30456542, -47.49138385 ], [ -72.30468749, -47.49141437 ], [ -72.30480194, -47.49143344 ], [ -72.30493164, -47.49143344 ], [ -72.30505371, -47.49140293 ], [ -72.30515289, -47.49134952 ], [ -72.30524444, -47.49129611 ], [ -72.30534362, -47.49123126 ], [ -72.30546569, -47.4911626 ], [ -72.30561065, -47.4910863 ], [ -72.30574035, -47.49101764 ], [ -72.30584716, -47.49096042 ], [ -72.30593872, -47.49090701 ], [ -72.30605316, -47.49083453 ], [ -72.30613708, -47.49076968 ], [ -72.30622863, -47.49070483 ], [ -72.3062973, -47.49063617 ], [ -72.30636596, -47.49055606 ], [ -72.30641937, -47.49047595 ], [ -72.30645751, -47.49039584 ], [ -72.30648803, -47.4903081 ], [ -72.30651855, -47.49022037 ], [ -72.30652618, -47.4883359 ], [ -72.30651855, -47.48825579 ], [ -72.30651092, -47.48816042 ], [ -72.30649566, -47.4880765 ], [ -72.3064804, -47.48793536 ], [ -72.30646514, -47.48782854 ], [ -72.30645751, -47.48774462 ], [ -72.30644988, -47.48763399 ], [ -72.30644988, -47.48754244 ], [ -72.30645751, -47.48744707 ], [ -72.30647277, -47.48735934 ], [ -72.30648803, -47.48727923 ], [ -72.30651855, -47.48717623 ], [ -72.30654907, -47.48708086 ], [ -72.30657958, -47.48699312 ], [ -72.3066101, -47.48690539 ], [ -72.30665588, -47.48679476 ], [ -72.30670165, -47.48668413 ], [ -72.30676269, -47.48655825 ], [ -72.3068695, -47.48632936 ], [ -72.30691528, -47.48624544 ], [ -72.30697631, -47.48610048 ], [ -72.30702209, -47.48599367 ], [ -72.30705261, -47.48590593 ], [ -72.30709075, -47.48581819 ], [ -72.30711364, -47.48573427 ], [ -72.30714416, -47.48563127 ], [ -72.30717468, -47.48550157 ], [ -72.30720519, -47.48538332 ], [ -72.30722808, -47.48528414 ], [ -72.30724334, -47.4851964 ], [ -72.30727386, -47.48505144 ], [ -72.30729675, -47.48494463 ], [ -72.30731201, -47.48482256 ], [ -72.30732727, -47.48471574 ], [ -72.30733489, -47.48462801 ], [ -72.30734252, -47.48452882 ], [ -72.30735015, -47.48443727 ], [ -72.30735015, -47.48434572 ], [ -72.30735778, -47.48425416 ], [ -72.30735778, -47.48417024 ], [ -72.30735778, -47.48408632 ], [ -72.30735015, -47.4839528 ], [ -72.30720519, -47.48210648 ], [ -72.30719757, -47.48195771 ], [ -72.30718994, -47.4818509 ], [ -72.30718231, -47.48168687 ], [ -72.30718231, -47.48156098 ], [ -72.30718231, -47.48140839 ], [ -72.30718994, -47.48126343 ], [ -72.30719757, -47.48112992 ], [ -72.30720519, -47.48100403 ], [ -72.30721282, -47.48088578 ], [ -72.30722045, -47.48077515 ], [ -72.30723571, -47.48067215 ], [ -72.30724334, -47.48057297 ], [ -72.3072586, -47.48048142 ], [ -72.30727386, -47.48039368 ], [ -72.30729675, -47.48023346 ], [ -72.30731964, -47.48009613 ], [ -72.30734252, -47.47997406 ], [ -72.30736541, -47.47986725 ], [ -72.30738067, -47.47976807 ], [ -72.30741882, -47.47960404 ], [ -72.30744934, -47.47948197 ], [ -72.30747222, -47.47938278 ], [ -72.30750274, -47.47925308 ], [ -72.30752563, -47.47916916 ], [ -72.30755615, -47.47905472 ], [ -72.30759429, -47.47896698 ], [ -72.30764007, -47.47888687 ], [ -72.30770111, -47.47881439 ], [ -72.30778503, -47.47874954 ], [ -72.30788421, -47.47869232 ], [ -72.30800628, -47.47865036 ], [ -72.30812072, -47.47862366 ], [ -72.30825042, -47.4786084 ], [ -72.30839538, -47.4786084 ], [ -72.30852508, -47.47861221 ], [ -72.30864715, -47.47862747 ], [ -72.30879974, -47.47864273 ], [ -72.30895233, -47.47866562 ], [ -72.30910491, -47.47868469 ], [ -72.30924987, -47.4787114 ], [ -72.31114196, -47.47908524 ], [ -72.3119812, -47.4791806 ], [ -72.3121109, -47.47918823 ], [ -72.31234741, -47.47920349 ], [ -72.31248474, -47.47921494 ], [ -72.31456756, -47.4791005 ], [ -72.3170166, -47.48018006 ], [ -72.3171463, -47.48025635 ], [ -72.31726837, -47.48032502 ], [ -72.31737518, -47.48038224 ], [ -72.31751251, -47.48045472 ], [ -72.31762695, -47.48051194 ], [ -72.3177185, -47.48056153 ], [ -72.31782531, -47.4806073 ], [ -72.31793975, -47.48066071 ], [ -72.31807708, -47.48071412 ], [ -72.31822204, -47.48077134 ], [ -72.31834411, -47.48081711 ], [ -72.3184967, -47.48087433 ], [ -72.31863403, -47.48092393 ], [ -72.31874847, -47.48096207 ], [ -72.31885528, -47.48100022 ], [ -72.31899261, -47.481046 ], [ -72.31910705, -47.48107651 ], [ -72.31924438, -47.48110703 ], [ -72.31938171, -47.48113373 ], [ -72.31951141, -47.48114518 ], [ -72.31964111, -47.48114899 ], [ -72.31977081, -47.48113373 ], [ -72.31988525, -47.48109559 ], [ -72.31998443, -47.481046 ], [ -72.32006835, -47.48099259 ], [ -72.32015991, -47.48092774 ], [ -72.32025146, -47.48085526 ], [ -72.32035064, -47.48077897 ], [ -72.32042694, -47.48072175 ], [ -72.32051086, -47.4806569 ], [ -72.32061004, -47.48059586 ], [ -72.32072448, -47.48053101 ], [ -72.32084655, -47.48048142 ], [ -72.32096862, -47.48043564 ], [ -72.32107543, -47.48040512 ], [ -72.32122039, -47.48036316 ], [ -72.32134246, -47.48033646 ], [ -72.32147216, -47.4803212 ], [ -72.32160186, -47.4803212 ], [ -72.32172393, -47.48034027 ], [ -72.32185363, -47.48037842 ], [ -72.32196044, -47.48042801 ], [ -72.32205963, -47.48048523 ], [ -72.32215118, -47.48054627 ], [ -72.32225799, -47.48062256 ], [ -72.32234954, -47.48068741 ], [ -72.32243347, -47.48075226 ], [ -72.32254028, -47.48083237 ], [ -72.32266235, -47.48090867 ], [ -72.32276153, -47.48096207 ], [ -72.32286834, -47.48101548 ], [ -72.32298278, -47.48106125 ], [ -72.32309722, -47.48109177 ], [ -72.32321929, -47.48111466 ], [ -72.32334899, -47.48113373 ], [ -72.32350158, -47.48115662 ], [ -72.32363891, -47.48117951 ], [ -72.32382202, -47.4812024 ], [ -72.32396697, -47.48121384 ], [ -72.32408904, -47.4812291 ], [ -72.32421874, -47.48123673 ], [ -72.32435607, -47.48124436 ], [ -72.32452392, -47.48125199 ], [ -72.32464599, -47.4812558 ], [ -72.32478332, -47.48126343 ], [ -72.3249588, -47.48126725 ], [ -72.32511138, -47.48127488 ], [ -72.32524108, -47.48127488 ], [ -72.32538604, -47.48127488 ], [ -72.32550811, -47.48126725 ], [ -72.32563018, -47.4812558 ], [ -72.32575988, -47.48123292 ], [ -72.32588195, -47.48119858 ], [ -72.32600402, -47.48116044 ], [ -72.3261032, -47.48111466 ], [ -72.32621002, -47.48106125 ], [ -72.32629394, -47.48100022 ], [ -72.32637023, -47.48092774 ], [ -72.32641601, -47.48084763 ], [ -72.32644653, -47.48076371 ], [ -72.32646942, -47.48067597 ], [ -72.32649993, -47.48057297 ], [ -72.32653808, -47.48046235 ], [ -72.32657623, -47.48031739 ], [ -72.32661437, -47.48017624 ], [ -72.32665252, -47.48005036 ], [ -72.32668304, -47.47992829 ], [ -72.32670593, -47.47981766 ], [ -72.32673644, -47.47971085 ], [ -72.32675933, -47.47961167 ], [ -72.32684326, -47.47923401 ], [ -72.32688903, -47.47902802 ], [ -72.32691955, -47.47891739 ], [ -72.32694244, -47.47881439 ], [ -72.32696533, -47.47872284 ], [ -72.32700347, -47.47857788 ], [ -72.32704162, -47.47846725 ], [ -72.32707214, -47.47838714 ], [ -72.32711029, -47.47826507 ], [ -72.3271408, -47.47816589 ], [ -72.32719421, -47.47803619 ], [ -72.32724761, -47.47789886 ], [ -72.32730102, -47.47778442 ], [ -72.3273468, -47.47768524 ], [ -72.3274002, -47.47757461 ], [ -72.32902526, -47.47607925 ], [ -72.32913207, -47.47601821 ], [ -72.32923126, -47.47596481 ], [ -72.32933807, -47.47591521 ], [ -72.3294754, -47.47585036 ], [ -72.3296051, -47.47579696 ], [ -72.32976531, -47.47573211 ], [ -72.3299179, -47.47567489 ], [ -72.33010101, -47.47559859 ], [ -72.33024597, -47.47553756 ], [ -72.33036804, -47.47548415 ], [ -72.33049011, -47.47543075 ], [ -72.33061218, -47.47537353 ], [ -72.33073425, -47.47530486 ], [ -72.33083343, -47.47524001 ], [ -72.33092498, -47.47518279 ], [ -72.33100891, -47.47511794 ], [ -72.33110046, -47.47504546 ], [ -72.33118438, -47.47497298 ], [ -72.33126068, -47.4749005 ], [ -72.33175659, -47.47325636 ], [ -72.33302307, -47.47207762 ], [ -72.3341751, -47.47120024 ], [ -72.33444213, -47.47096754 ], [ -72.33467101, -47.47076536 ], [ -72.33507537, -47.47040678 ], [ -72.3356781, -47.4698689 ], [ -72.33598327, -47.46960569 ], [ -72.33631133, -47.46931196 ], [ -72.33639526, -47.46924711 ], [ -72.33649444, -47.46917844 ], [ -72.33658599, -47.46912122 ], [ -72.33668518, -47.46906782 ], [ -72.33678436, -47.46901822 ], [ -72.33691406, -47.468961 ], [ -72.33703613, -47.46891141 ], [ -72.33715057, -47.46886945 ], [ -72.33726501, -47.46882367 ], [ -72.33737945, -47.46878553 ], [ -72.33757781, -47.46871686 ], [ -72.33784484, -47.46862912 ], [ -72.33799743, -47.46857572 ], [ -72.3381195, -47.46853376 ], [ -72.33823394, -47.46848798 ], [ -72.33837127, -47.46843076 ], [ -72.33856964, -47.46833921 ], [ -72.33868408, -47.46827817 ], [ -72.33879852, -47.46820951 ], [ -72.33953094, -47.46651196 ], [ -72.33957672, -47.46643185 ], [ -72.33963012, -47.46632886 ], [ -72.33969116, -47.46624112 ], [ -72.33973693, -47.46616101 ], [ -72.339859, -47.46597409 ], [ -72.33991241, -47.46588635 ], [ -72.33997344, -47.46579098 ], [ -72.34004211, -47.46568417 ], [ -72.34008026, -47.46560406 ], [ -72.34013366, -47.46550107 ], [ -72.34018707, -47.4654057 ], [ -72.34023284, -47.46531033 ], [ -72.34027862, -47.46522641 ], [ -72.34031677, -47.46514248 ], [ -72.34039306, -47.46500134 ], [ -72.3404541, -47.46486782 ], [ -72.3405075, -47.4647572 ], [ -72.34055328, -47.46465801 ], [ -72.34059143, -47.46456646 ], [ -72.34066009, -47.46441769 ], [ -72.34070587, -47.46430325 ], [ -72.34075164, -47.46418118 ], [ -72.34078979, -47.46406674 ], [ -72.34082031, -47.463979 ], [ -72.3408432, -47.46389507 ], [ -72.34085845, -47.46381496 ], [ -72.34085082, -47.46373486 ], [ -72.3408432, -47.46364712 ], [ -72.34082031, -47.46355175 ], [ -72.34078979, -47.46344494 ], [ -72.34075927, -47.46336101 ], [ -72.34072875, -47.46328091 ], [ -72.34069824, -47.4632008 ], [ -72.34065246, -47.46310543 ], [ -72.34061431, -47.46301006 ], [ -72.34056854, -47.46292614 ], [ -72.34052276, -47.46284984 ], [ -72.34043884, -47.46270107 ], [ -72.34028625, -47.46243023 ], [ -72.34023284, -47.46233867 ], [ -72.34018707, -47.46225093 ], [ -72.34014892, -47.46217464 ], [ -72.34009551, -47.46208309 ], [ -72.34004974, -47.46197246 ], [ -72.33999633, -47.46186183 ], [ -72.33995819, -47.46176265 ], [ -72.33992767, -47.46166347 ], [ -72.33989715, -47.46157573 ], [ -72.33987426, -47.46148036 ], [ -72.339859, -47.46139263 ], [ -72.33985137, -47.46128581 ], [ -72.33984374, -47.46119808 ], [ -72.33984374, -47.46109889 ], [ -72.33985137, -47.46100734 ], [ -72.33986663, -47.46090816 ], [ -72.33988952, -47.46082423 ], [ -72.33992767, -47.46072887 ], [ -72.33996581, -47.4606335 ], [ -72.34000396, -47.46054576 ], [ -72.34004974, -47.46045421 ], [ -72.34009551, -47.4603741 ], [ -72.34013366, -47.46029018 ], [ -72.34017944, -47.46021388 ], [ -72.34022521, -47.46013759 ], [ -72.34028625, -47.46003078 ], [ -72.3403778, -47.45989345 ], [ -72.34046173, -47.45976756 ], [ -72.34053802, -47.45964549 ], [ -72.34062194, -47.45953868 ], [ -72.34069824, -47.45943187 ], [ -72.34081268, -47.45926783 ], [ -72.3408966, -47.45915721 ], [ -72.34201812, -47.45766566 ], [ -72.34116363, -47.45512888 ], [ -72.34095001, -47.45496103 ], [ -72.34083557, -47.45488092 ], [ -72.34074401, -47.45480844 ], [ -72.34057617, -47.45468637 ], [ -72.34044647, -47.45459863 ], [ -72.34034728, -47.45452615 ], [ -72.3401947, -47.45442316 ], [ -72.34008026, -47.45433923 ], [ -72.33992767, -47.45423624 ], [ -72.33985137, -47.45417139 ], [ -72.33977508, -47.45411417 ], [ -72.3396759, -47.45405694 ], [ -72.33956909, -47.45401117 ], [ -72.33944702, -47.45398447 ], [ -72.33930969, -47.45396921 ], [ -72.33917999, -47.45396158 ], [ -72.33905792, -47.45395395 ], [ -72.33890533, -47.45395395 ], [ -72.33875274, -47.45395776 ], [ -72.33861541, -47.45396539 ], [ -72.33848571, -47.45397302 ], [ -72.33831787, -47.45398828 ], [ -72.33557128, -47.45416376 ], [ -72.33533477, -47.45416376 ], [ -72.33515167, -47.45416376 ], [ -72.33501434, -47.45416376 ], [ -72.33481597, -47.45416376 ], [ -72.33460998, -47.45415994 ], [ -72.33447265, -47.45415994 ], [ -72.33382415, -47.45416757 ], [ -72.33368682, -47.45416757 ], [ -72.33355712, -47.45416376 ], [ -72.33340454, -47.45415613 ], [ -72.33327484, -47.45415231 ], [ -72.33310699, -47.45413324 ], [ -72.33296203, -47.45411417 ], [ -72.33281707, -47.45408746 ], [ -72.33267974, -47.45406076 ], [ -72.33252716, -47.45402261 ], [ -72.33240508, -47.45398828 ], [ -72.33228301, -47.45394632 ], [ -72.33219146, -47.45389673 ], [ -72.33210754, -47.45383188 ], [ -72.33203887, -47.4537594 ], [ -72.33197784, -47.45367166 ], [ -72.33190917, -47.45356866 ], [ -72.33184051, -47.45348092 ], [ -72.33177185, -47.45340463 ], [ -72.33169555, -47.45333978 ], [ -72.33162689, -47.45327493 ], [ -72.33150482, -47.45316049 ], [ -72.33143615, -47.45309564 ], [ -72.33133697, -47.45301934 ], [ -72.33123779, -47.45295068 ], [ -72.33113098, -47.4529049 ], [ -72.33101654, -47.45287439 ], [ -72.33087921, -47.45284387 ], [ -72.33075714, -47.45282479 ], [ -72.33059692, -47.45280572 ], [ -72.33045959, -47.45279046 ], [ -72.33031463, -47.45277902 ], [ -72.33007812, -47.45275613 ], [ -72.32991027, -47.45274469 ], [ -72.32720947, -47.45252343 ], [ -72.32704162, -47.45250817 ], [ -72.32689666, -47.45249673 ], [ -72.32664489, -47.45247003 ], [ -72.32646179, -47.45245095 ], [ -72.32631683, -47.45243569 ], [ -72.32619476, -47.45242044 ], [ -72.32604217, -47.45240136 ], [ -72.32584381, -47.45237466 ], [ -72.32572174, -47.45234796 ], [ -72.32561492, -47.45229455 ], [ -72.325531, -47.45222589 ], [ -72.32546234, -47.45215341 ], [ -72.32540893, -47.45207711 ], [ -72.32536315, -47.45198174 ], [ -72.32533264, -47.45189401 ], [ -72.32532501, -47.45180627 ], [ -72.32532501, -47.45172616 ], [ -72.32532501, -47.45164224 ], [ -72.32534027, -47.4515545 ], [ -72.32536315, -47.45147057 ], [ -72.32538604, -47.45136376 ], [ -72.32541656, -47.45126076 ], [ -72.32544708, -47.45116921 ], [ -72.32546997, -47.45107766 ], [ -72.32552337, -47.45091744 ], [ -72.32575225, -47.45024605 ], [ -72.3257904, -47.45012398 ], [ -72.32582092, -47.45003624 ], [ -72.32584381, -47.44992562 ], [ -72.32586669, -47.44984169 ], [ -72.32589721, -47.44972725 ], [ -72.3259201, -47.44962044 ], [ -72.32593536, -47.44952126 ], [ -72.32595062, -47.44943733 ], [ -72.32595825, -47.44932289 ], [ -72.32596588, -47.44923516 ], [ -72.32596588, -47.44913597 ], [ -72.32596588, -47.44904061 ], [ -72.32425689, -47.44776268 ], [ -72.32406616, -47.4476902 ], [ -72.32391357, -47.44764442 ], [ -72.32369995, -47.44757194 ], [ -72.32352447, -47.44751091 ], [ -72.32337951, -47.44746132 ], [ -72.32324981, -47.44741173 ], [ -72.32312011, -47.44735832 ], [ -72.32297515, -47.44730491 ], [ -72.32284545, -47.44726295 ], [ -72.32271575, -47.44725151 ], [ -72.32259368, -47.44726295 ], [ -72.32250213, -47.44731254 ], [ -72.32241821, -47.44737358 ], [ -72.32230377, -47.44745369 ], [ -72.32219696, -47.44752235 ], [ -72.3221054, -47.44759102 ], [ -72.32201385, -47.44765205 ], [ -72.3219223, -47.4477169 ], [ -72.32183837, -47.44777794 ], [ -72.32175445, -47.44783897 ], [ -72.32159423, -47.4479496 ], [ -72.32144927, -47.44806023 ], [ -72.32117462, -47.44826622 ], [ -72.32106018, -47.44835396 ], [ -72.32094573, -47.44843788 ], [ -72.32078552, -47.44855232 ], [ -72.32068633, -47.44861717 ], [ -72.32059478, -47.44868584 ], [ -72.32050323, -47.44874687 ], [ -72.32038116, -47.4488308 ], [ -72.32026672, -47.44890709 ], [ -72.32012939, -47.44899864 ], [ -72.31999969, -47.44907494 ], [ -72.31988525, -47.44914742 ], [ -72.31977844, -47.44920464 ], [ -72.31968688, -47.44926186 ], [ -72.31956481, -47.44932671 ], [ -72.319458, -47.44938393 ], [ -72.31934356, -47.44944115 ], [ -72.31922149, -47.449506 ], [ -72.3190689, -47.44958229 ], [ -72.31892394, -47.44964333 ], [ -72.3188095, -47.44968529 ], [ -72.31869506, -47.44970818 ], [ -72.31855773, -47.44971581 ], [ -72.31843566, -47.44971962 ], [ -72.31831359, -47.44971962 ], [ -72.31816101, -47.44970818 ], [ -72.31800842, -47.44970436 ], [ -72.31777191, -47.44970055 ], [ -72.31756591, -47.44969673 ], [ -72.31739044, -47.44969292 ], [ -72.31723022, -47.44968911 ], [ -72.31708526, -47.44968529 ], [ -72.31695556, -47.44968148 ], [ -72.3167572, -47.44967385 ], [ -72.31658935, -47.44967003 ], [ -72.31645965, -47.4496624 ], [ -72.31627654, -47.44965096 ], [ -72.31602477, -47.44964333 ], [ -72.31585693, -47.44963188 ], [ -72.31570434, -47.44961663 ], [ -72.31556701, -47.44960518 ], [ -72.31543731, -47.44958992 ], [ -72.31528472, -47.44957085 ], [ -72.31514739, -47.44955178 ], [ -72.31497955, -47.44952507 ], [ -72.31484222, -47.44950218 ], [ -72.31468963, -47.44947167 ], [ -72.31452178, -47.44944115 ], [ -72.31437683, -47.44941063 ], [ -72.31426238, -47.44938393 ], [ -72.31411743, -47.44933815 ], [ -72.31401824, -47.44928856 ], [ -72.31393432, -47.44921608 ], [ -72.31388092, -47.44913979 ], [ -72.31384277, -47.44904823 ], [ -72.31381225, -47.44895668 ], [ -72.31379699, -47.44886894 ], [ -72.31378173, -47.44876213 ], [ -72.3137741, -47.44866676 ], [ -72.31376647, -47.44854851 ], [ -72.31375122, -47.44844551 ], [ -72.31373596, -47.44835777 ], [ -72.3137207, -47.44827003 ], [ -72.31369018, -47.44818993 ], [ -72.3136444, -47.44811363 ], [ -72.313591, -47.44804115 ], [ -72.31350707, -47.44797249 ], [ -72.31340789, -47.4479229 ], [ -72.31330108, -47.44788856 ], [ -72.31316375, -47.44785805 ], [ -72.31301879, -47.44783516 ], [ -72.31287383, -47.44781608 ], [ -72.31275939, -47.44780464 ], [ -72.31258392, -47.4477932 ], [ -72.31246185, -47.44778557 ], [ -72.31232452, -47.44778938 ], [ -72.31221008, -47.44779701 ], [ -72.3117752, -47.44783897 ], [ -72.31165313, -47.4478466 ], [ -72.31152343, -47.4478466 ], [ -72.31139373, -47.44783897 ], [ -72.31127166, -47.44782371 ], [ -72.31116485, -47.44778557 ], [ -72.31105804, -47.44773979 ], [ -72.31097412, -47.44768257 ], [ -72.31088256, -47.44760628 ], [ -72.3108139, -47.44752998 ], [ -72.31075286, -47.44744987 ], [ -72.31069946, -47.44736976 ], [ -72.31064605, -47.44727821 ], [ -72.31059265, -47.44719429 ], [ -72.31053924, -47.4470951 ], [ -72.31048583, -47.44699974 ], [ -72.31044006, -47.44692344 ], [ -72.31037139, -47.44683189 ], [ -72.3102951, -47.44673271 ], [ -72.31022644, -47.44666023 ], [ -72.31014251, -47.44659156 ], [ -72.31005096, -47.44653434 ], [ -72.30995178, -47.44648094 ], [ -72.30982971, -47.44643135 ], [ -72.3097229, -47.4463932 ], [ -72.30960082, -47.44635505 ], [ -72.30948638, -47.44632835 ], [ -72.30936431, -47.4463169 ], [ -72.30924224, -47.44632453 ], [ -72.3090744, -47.44637031 ], [ -72.30895996, -47.44640846 ], [ -72.30883789, -47.44645042 ], [ -72.30871581, -47.44650764 ], [ -72.30861663, -47.44655342 ], [ -72.30846404, -47.4466259 ], [ -72.30835723, -47.4466793 ], [ -72.30823516, -47.44674797 ], [ -72.30813598, -47.44679756 ], [ -72.3080368, -47.44685478 ], [ -72.30794525, -47.446912 ], [ -72.30784606, -47.44698066 ], [ -72.30773925, -47.44706077 ], [ -72.30765533, -47.44712944 ], [ -72.30576324, -47.44740791 ], [ -72.30567169, -47.44732399 ], [ -72.30558776, -47.44726295 ], [ -72.30546569, -47.44719047 ], [ -72.30535125, -47.44712181 ], [ -72.30523681, -47.44705696 ], [ -72.30513, -47.44699211 ], [ -72.30501556, -47.44693107 ], [ -72.30491638, -47.44687385 ], [ -72.30481719, -47.44681282 ], [ -72.30471801, -47.4467556 ], [ -72.30453491, -47.4466526 ], [ -72.3043518, -47.4465496 ], [ -72.30418395, -47.44645423 ], [ -72.30402374, -47.44637031 ], [ -72.30387878, -47.4462902 ], [ -72.30373382, -47.44621391 ], [ -72.30360412, -47.44614143 ], [ -72.30348205, -47.44607658 ], [ -72.30335998, -47.44601173 ], [ -72.30325317, -47.44595451 ], [ -72.30314636, -47.4459011 ], [ -72.30296325, -47.44580192 ], [ -72.3027954, -47.445718 ], [ -72.30264282, -47.44563789 ], [ -72.30250549, -47.44556922 ], [ -72.30238342, -47.445512 ], [ -72.30228424, -47.4454586 ], [ -72.30210876, -47.44537467 ], [ -72.30197143, -47.44530601 ], [ -72.3017807, -47.44521445 ], [ -72.30165863, -47.44515723 ], [ -72.30145263, -47.44505805 ], [ -72.30130004, -47.44498939 ], [ -72.30116271, -47.44492835 ], [ -72.30104064, -47.44487495 ], [ -72.30088806, -47.44481391 ], [ -72.30075836, -47.44476432 ], [ -72.30065155, -47.44472617 ], [ -72.30052185, -47.4446804 ], [ -72.2982254, -47.44534797 ], [ -72.29807281, -47.44543189 ], [ -72.29792785, -47.44550819 ], [ -72.29780578, -47.44557304 ], [ -72.29769134, -47.44562644 ], [ -72.29759216, -47.44567603 ], [ -72.29746246, -47.44573707 ], [ -72.29735565, -47.44578285 ], [ -72.29724121, -47.44583244 ], [ -72.29710388, -47.44588203 ], [ -72.29698944, -47.44591636 ], [ -72.29687499, -47.44595451 ], [ -72.29675292, -47.44598503 ], [ -72.29663085, -47.44600791 ], [ -72.29649353, -47.44602699 ], [ -72.29637145, -47.44602699 ], [ -72.29624938, -47.44602317 ], [ -72.29611206, -47.4460041 ], [ -72.29598236, -47.44598884 ], [ -72.29582214, -47.44596214 ], [ -72.29567718, -47.44593543 ], [ -72.29553985, -47.4459011 ], [ -72.29541015, -47.4458744 ], [ -72.29528045, -47.4458477 ], [ -72.29517364, -47.44582099 ], [ -72.29501342, -47.44577903 ], [ -72.29486846, -47.44574088 ], [ -72.29474639, -47.44570274 ], [ -72.29462432, -47.4456684 ], [ -72.29448699, -47.44562263 ], [ -72.29436492, -47.44557685 ], [ -72.29420471, -47.44552345 ], [ -72.29407501, -47.44547385 ], [ -72.29393768, -47.44541663 ], [ -72.29383087, -47.44537467 ], [ -72.2937088, -47.44532127 ], [ -72.29360961, -47.4452793 ], [ -72.29347991, -47.44521827 ], [ -72.29334259, -47.44515723 ], [ -72.29322814, -47.4450962 ], [ -72.29312133, -47.44504279 ], [ -72.29299163, -47.44497794 ], [ -72.29289245, -47.44491691 ], [ -72.29276275, -47.4448368 ], [ -72.29142761, -47.44291419 ], [ -72.29136657, -47.44283789 ], [ -72.29130554, -47.44276541 ], [ -72.29119873, -47.44263571 ], [ -72.29110717, -47.44251746 ], [ -72.2909317, -47.44231528 ], [ -72.29087066, -47.44223898 ], [ -72.29076385, -47.44210928 ], [ -72.29067993, -47.44201773 ], [ -72.29062652, -47.44194144 ], [ -72.2905426, -47.44183081 ], [ -72.29048156, -47.44174689 ], [ -72.29042816, -47.44167059 ], [ -72.29035949, -47.44157141 ], [ -72.29030609, -47.44147223 ], [ -72.29025268, -47.44138449 ], [ -72.29021453, -47.44129675 ], [ -72.29017639, -47.44121283 ], [ -72.29012298, -47.44109839 ], [ -72.28997802, -47.44075888 ], [ -72.28993225, -47.44065969 ], [ -72.2898941, -47.44057577 ], [ -72.28983306, -47.44047277 ], [ -72.28978729, -47.44038122 ], [ -72.28972625, -47.44028967 ], [ -72.28967285, -47.44020574 ], [ -72.28961944, -47.44013327 ], [ -72.28954315, -47.44004934 ], [ -72.28946685, -47.43996923 ], [ -72.2893753, -47.43987768 ], [ -72.28926849, -47.4397785 ], [ -72.28917694, -47.43969076 ], [ -72.28908538, -47.43961065 ], [ -72.28900909, -47.43954199 ], [ -72.28887939, -47.43941991 ], [ -72.28877258, -47.43933218 ], [ -72.28870391, -47.4392597 ], [ -72.28860473, -47.43916814 ], [ -72.28848266, -47.4390537 ], [ -72.28837585, -47.43895071 ], [ -72.28827667, -47.43885534 ], [ -72.28818511, -47.4387676 ], [ -72.28809356, -47.43867986 ], [ -72.28793334, -47.43851964 ], [ -72.28765869, -47.43824117 ], [ -72.28755187, -47.43813436 ], [ -72.28746032, -47.43804281 ], [ -72.2873764, -47.4379627 ], [ -72.2872467, -47.43782918 ], [ -72.28713226, -47.43772619 ], [ -72.2869873, -47.43758123 ], [ -72.28684997, -47.43745153 ], [ -72.2867279, -47.43734471 ], [ -72.28664398, -47.43727223 ], [ -72.28653717, -47.43719594 ], [ -72.28644561, -47.43712728 ], [ -72.28635406, -47.43707006 ], [ -72.28623962, -47.43699758 ], [ -72.28614044, -47.43694036 ], [ -72.28604888, -47.43688695 ], [ -72.28582763, -47.43675343 ], [ -72.28572845, -47.43669621 ], [ -72.28561401, -47.43662755 ], [ -72.28549957, -47.43655507 ], [ -72.28540801, -47.43649403 ], [ -72.28530883, -47.436433 ], [ -72.28520965, -47.43637196 ], [ -72.2851181, -47.4363033 ], [ -72.28516387, -47.43622701 ], [ -72.28528594, -47.43619267 ], [ -72.28542327, -47.43616978 ], [ -72.28555297, -47.43615453 ], [ -72.28569793, -47.43614308 ], [ -72.28581237, -47.43613545 ], [ -72.2859497, -47.43613164 ], [ -72.28608703, -47.43612401 ], [ -72.28621673, -47.43611256 ], [ -72.28634643, -47.43609349 ], [ -72.28651428, -47.43606679 ], [ -72.28667449, -47.43604008 ], [ -72.28681945, -47.43601338 ], [ -72.28695678, -47.43598668 ], [ -72.28709411, -47.43595998 ], [ -72.28807067, -47.43576161 ], [ -72.28830718, -47.43571583 ], [ -72.28848266, -47.43568532 ], [ -72.28861999, -47.43566243 ], [ -72.28881072, -47.43563191 ], [ -72.28896331, -47.43560902 ], [ -72.28910827, -47.43558613 ], [ -72.28923034, -47.43557469 ], [ -72.28936767, -47.43557088 ], [ -72.28949737, -47.43557469 ], [ -72.2896347, -47.43559376 ], [ -72.2897644, -47.43562047 ], [ -72.28998565, -47.43568913 ], [ -72.29010009, -47.43573491 ], [ -72.2902069, -47.43578068 ], [ -72.2903366, -47.43583409 ], [ -72.29043579, -47.4358875 ], [ -72.29058074, -47.43594853 ], [ -72.29071044, -47.4360172 ], [ -72.29145812, -47.43504063 ], [ -72.29103851, -47.43380467 ], [ -72.29094696, -47.43373219 ], [ -72.29084014, -47.43365589 ], [ -72.29074859, -47.43359104 ], [ -72.29064941, -47.43353382 ], [ -72.29051971, -47.43345753 ], [ -72.29039764, -47.43338505 ], [ -72.29027557, -47.43332783 ], [ -72.29016876, -47.43327442 ], [ -72.29003906, -47.4332172 ], [ -72.28991699, -47.43316761 ], [ -72.28977203, -47.43310658 ], [ -72.28964233, -47.43304935 ], [ -72.289505, -47.43299595 ], [ -72.28939056, -47.4329578 ], [ -72.28921508, -47.43288914 ], [ -72.28895568, -47.43279758 ], [ -72.28884887, -47.43275944 ], [ -72.28871154, -47.43272129 ], [ -72.28855895, -47.43268314 ], [ -72.28842163, -47.43265263 ], [ -72.28825378, -47.43261448 ], [ -72.28783416, -47.43252674 ], [ -72.2876892, -47.43249241 ], [ -72.28754425, -47.43245426 ], [ -72.28739929, -47.43241993 ], [ -72.28726196, -47.43237415 ], [ -72.28713226, -47.43232838 ], [ -72.28701019, -47.43227115 ], [ -72.28692626, -47.43220249 ], [ -72.28687286, -47.43213001 ], [ -72.28682708, -47.43205372 ], [ -72.28678131, -47.43195072 ], [ -72.28673553, -47.43184772 ], [ -72.28668975, -47.43177143 ], [ -72.28662109, -47.43169513 ], [ -72.28653717, -47.43163791 ], [ -72.28640747, -47.43157688 ], [ -72.28629302, -47.43151966 ], [ -72.28614807, -47.43145862 ], [ -72.28601837, -47.43140903 ], [ -72.28591155, -47.4313747 ], [ -72.28578948, -47.43133274 ], [ -72.28315734, -47.43109241 ], [ -72.28305053, -47.43113819 ], [ -72.28293609, -47.43119159 ], [ -72.28282928, -47.431245 ], [ -72.28273773, -47.43129459 ], [ -72.28256988, -47.43138996 ], [ -72.2824707, -47.43143955 ], [ -72.28234863, -47.4315044 ], [ -72.28224945, -47.43155399 ], [ -72.28211975, -47.4316074 ], [ -72.28199768, -47.43164936 ], [ -72.28186035, -47.43168369 ], [ -72.28172302, -47.43170276 ], [ -72.28159332, -47.43171421 ], [ -72.28144073, -47.43171802 ], [ -72.28129577, -47.43171039 ], [ -72.2811737, -47.43169513 ], [ -72.281044, -47.43166843 ], [ -72.28093719, -47.43163028 ], [ -72.28082275, -47.43158069 ], [ -72.28071594, -47.4315311 ], [ -72.28062438, -47.43148151 ], [ -72.28049468, -47.43141285 ], [ -72.28038787, -47.43135181 ], [ -72.28028869, -47.43129459 ], [ -72.28016662, -47.43122592 ], [ -72.28006744, -47.43115726 ], [ -72.27994537, -47.43107334 ], [ -72.27984619, -47.43100086 ], [ -72.27976226, -47.43093982 ], [ -72.27964019, -47.43084445 ], [ -72.27955627, -47.4307796 ], [ -72.27944183, -47.43068042 ], [ -72.27933502, -47.43058124 ], [ -72.27920532, -47.4304668 ], [ -72.27910614, -47.43037525 ], [ -72.27901458, -47.43028369 ], [ -72.27893829, -47.43021121 ], [ -72.27883911, -47.43011585 ], [ -72.27876281, -47.43003192 ], [ -72.27870178, -47.42996326 ], [ -72.27864074, -47.42988696 ], [ -72.27857971, -47.42980304 ], [ -72.27851104, -47.4297153 ], [ -72.27845764, -47.42962756 ], [ -72.27840423, -47.42954364 ], [ -72.27764129, -47.42780413 ], [ -72.27757263, -47.4276134 ], [ -72.27749633, -47.42738833 ], [ -72.27747344, -47.42730822 ], [ -72.27745056, -47.42719759 ], [ -72.27742767, -47.4270946 ], [ -72.27741241, -47.42699542 ], [ -72.27740478, -47.42690768 ], [ -72.27739715, -47.42681994 ], [ -72.27738952, -47.42673983 ], [ -72.277359, -47.42637743 ], [ -72.27734374, -47.42627444 ], [ -72.27733612, -47.42617907 ], [ -72.27732849, -47.42609896 ], [ -72.2773056, -47.42599978 ], [ -72.27729034, -47.42591204 ], [ -72.27726745, -47.4258243 ], [ -72.27723693, -47.42572512 ], [ -72.27719879, -47.42564501 ], [ -72.27716827, -47.42556109 ], [ -72.27711486, -47.4254619 ], [ -72.27706146, -47.42539324 ], [ -72.27698516, -47.42531694 ], [ -72.2769165, -47.42524828 ], [ -72.27681732, -47.42516817 ], [ -72.27637481, -47.42484011 ], [ -72.27629852, -47.42477144 ], [ -72.27621459, -47.42468752 ], [ -72.27615356, -47.42460741 ], [ -72.27609252, -47.42452349 ], [ -72.27601623, -47.4243976 ], [ -72.27594757, -47.42428316 ], [ -72.27588653, -47.42418779 ], [ -72.27568054, -47.42384447 ], [ -72.27558898, -47.42369569 ], [ -72.27553558, -47.42359651 ], [ -72.27547454, -47.42350114 ], [ -72.27541351, -47.42340959 ], [ -72.27535247, -47.42331804 ], [ -72.27524566, -47.42314256 ], [ -72.27513885, -47.42297853 ], [ -72.27494812, -47.42266191 ], [ -72.27486419, -47.42252839 ], [ -72.2747879, -47.42240251 ], [ -72.2747116, -47.42228044 ], [ -72.27464294, -47.42216981 ], [ -72.27457427, -47.42206681 ], [ -72.27451324, -47.42196763 ], [ -72.2744522, -47.42187608 ], [ -72.27439117, -47.42178834 ], [ -72.27429199, -47.42163575 ], [ -72.27420043, -47.42149461 ], [ -72.27411651, -47.42138017 ], [ -72.27404785, -47.42126954 ], [ -72.27397918, -47.42117799 ], [ -72.27391815, -47.42109406 ], [ -72.27381896, -47.42096055 ], [ -72.27374267, -47.42085755 ], [ -72.27362823, -47.42070878 ], [ -72.27353668, -47.42059434 ], [ -72.27343749, -47.42047227 ], [ -72.27336883, -47.42039979 ], [ -72.27328491, -47.42031586 ], [ -72.27320098, -47.42023957 ], [ -72.27310943, -47.42016328 ], [ -72.27302551, -47.42009843 ], [ -72.27291107, -47.42001069 ], [ -72.27279663, -47.41993058 ], [ -72.27268981, -47.4198581 ], [ -72.27256011, -47.41977036 ], [ -72.27233123, -47.41961396 ], [ -72.27216339, -47.41950715 ], [ -72.27204132, -47.41942322 ], [ -72.27194976, -47.41935456 ], [ -72.27185058, -47.41928208 ], [ -72.27176666, -47.41922104 ], [ -72.27165985, -47.41912949 ], [ -72.27124786, -47.41877854 ], [ -72.27116394, -47.41870987 ], [ -72.27102661, -47.4185878 ], [ -72.27090454, -47.41848099 ], [ -72.27079772, -47.41838562 ], [ -72.27069854, -47.4183017 ], [ -72.27061462, -47.4182254 ], [ -72.27047729, -47.41809952 ], [ -72.27037811, -47.41800034 ], [ -72.27030181, -47.41792404 ], [ -72.270195, -47.41781342 ], [ -72.27010345, -47.41772568 ], [ -72.27003479, -47.41764557 ], [ -72.26994323, -47.41755402 ], [ -72.26987457, -47.41746246 ], [ -72.26981353, -47.41738617 ], [ -72.26972961, -47.41728699 ], [ -72.26965332, -47.41718017 ], [ -72.26958465, -47.41708862 ], [ -72.26943969, -47.41688644 ], [ -72.26937103, -47.41679489 ], [ -72.26931762, -47.41671097 ], [ -72.2678833, -47.41512786 ], [ -72.26515197, -47.41463958 ], [ -72.26502227, -47.41460525 ], [ -72.2648468, -47.41456329 ], [ -72.26473236, -47.41453277 ], [ -72.26461791, -47.41450607 ], [ -72.26450347, -47.41446792 ], [ -72.26441192, -47.4144107 ], [ -72.26431274, -47.41434203 ], [ -72.26423645, -47.41427718 ], [ -72.264122, -47.41417419 ], [ -72.26402282, -47.41409026 ], [ -72.26391601, -47.4140216 ], [ -72.2638092, -47.41396819 ], [ -72.26366424, -47.41390334 ], [ -72.26353454, -47.41384231 ], [ -72.26342773, -47.4137889 ], [ -72.26332092, -47.41374312 ], [ -72.26319122, -47.41369735 ], [ -72.26304626, -47.41364776 ], [ -72.26293945, -47.41362105 ], [ -72.26280975, -47.41359435 ], [ -72.26266479, -47.41357528 ], [ -72.26254272, -47.41356765 ], [ -72.26126861, -47.41357146 ], [ -72.26000213, -47.41357146 ], [ -72.25942993, -47.41356383 ], [ -72.25914001, -47.41356002 ], [ -72.25665283, -47.41299163 ], [ -72.25648498, -47.41294585 ], [ -72.25634765, -47.41291533 ], [ -72.25622558, -47.41288863 ], [ -72.25610351, -47.41286956 ], [ -72.25598907, -47.4128543 ], [ -72.25585937, -47.41283904 ], [ -72.25570678, -47.41283904 ], [ -72.25558471, -47.4128543 ], [ -72.25543975, -47.412881 ], [ -72.25531005, -47.4129077 ], [ -72.25519561, -47.41294204 ], [ -72.25505065, -47.41298018 ], [ -72.25493621, -47.41301833 ], [ -72.25480651, -47.41306411 ], [ -72.25466918, -47.4131137 ], [ -72.25450134, -47.41317092 ], [ -72.25437164, -47.41322051 ], [ -72.25424194, -47.41327392 ], [ -72.25411987, -47.41333114 ], [ -72.25401306, -47.41338073 ], [ -72.25391387, -47.41343413 ], [ -72.25377655, -47.41350661 ], [ -72.25365448, -47.41357909 ], [ -72.25343322, -47.41370498 ], [ -72.25331115, -47.41377364 ], [ -72.25320434, -47.41383086 ], [ -72.25306701, -47.41390334 ], [ -72.25294494, -47.41396056 ], [ -72.25282287, -47.4140216 ], [ -72.2527008, -47.41407119 ], [ -72.25256347, -47.41412078 ], [ -72.25243377, -47.41415893 ], [ -72.2523117, -47.41419326 ], [ -72.25219726, -47.41421615 ], [ -72.2520523, -47.41423522 ], [ -72.25193023, -47.41424285 ], [ -72.25178527, -47.41424285 ], [ -72.2516632, -47.41424285 ], [ -72.25150299, -47.41423522 ], [ -72.25132751, -47.41421996 ], [ -72.25116729, -47.4142047 ], [ -72.25096893, -47.41418563 ], [ -72.25079345, -47.41417037 ], [ -72.25065612, -47.41415893 ], [ -72.2486267, -47.41322814 ], [ -72.24860382, -47.41314803 ], [ -72.2485733, -47.41305266 ], [ -72.24855041, -47.41296111 ], [ -72.24852752, -47.41287337 ], [ -72.24851226, -47.41279326 ], [ -72.24848175, -47.41264449 ], [ -72.24845123, -47.41251479 ], [ -72.24843597, -47.41240035 ], [ -72.24841308, -47.41230117 ], [ -72.24840545, -47.41220961 ], [ -72.24838256, -47.41206084 ], [ -72.2483673, -47.4119464 ], [ -72.24835205, -47.41178236 ], [ -72.24833679, -47.41167937 ], [ -72.24832916, -47.41151152 ], [ -72.24832153, -47.41143141 ], [ -72.24832153, -47.4113513 ], [ -72.24832153, -47.41124449 ], [ -72.24832916, -47.41115294 ], [ -72.24833679, -47.41106139 ], [ -72.24834442, -47.41097746 ], [ -72.24837493, -47.41065703 ], [ -72.24838256, -47.41053877 ], [ -72.24839019, -47.41043959 ], [ -72.24839782, -47.41035185 ], [ -72.24839782, -47.41023359 ], [ -72.24839782, -47.41014586 ], [ -72.24839019, -47.41006193 ], [ -72.24837493, -47.40994749 ], [ -72.24835968, -47.40984831 ], [ -72.24832916, -47.40973387 ], [ -72.24829864, -47.40964231 ], [ -72.24826812, -47.40955458 ], [ -72.24822235, -47.40945539 ], [ -72.2481842, -47.40936766 ], [ -72.24812316, -47.40925321 ], [ -72.24806976, -47.40916166 ], [ -72.24801635, -47.40906248 ], [ -72.24796295, -47.40897474 ], [ -72.24789428, -47.40885648 ], [ -72.24781799, -47.40873441 ], [ -72.24776458, -47.40863142 ], [ -72.24771881, -47.40853986 ], [ -72.24767303, -47.40845976 ], [ -72.24760437, -47.40833006 ], [ -72.24754333, -47.40823469 ], [ -72.24748992, -47.40814695 ], [ -72.24741363, -47.40805158 ], [ -72.24734497, -47.40797147 ], [ -72.2472763, -47.40789518 ], [ -72.24719238, -47.40781888 ], [ -72.24710845, -47.40775403 ], [ -72.24700164, -47.40767774 ], [ -72.24691009, -47.40761671 ], [ -72.24681854, -47.4075633 ], [ -72.2467041, -47.40749463 ], [ -72.24652099, -47.40738782 ], [ -72.24640655, -47.40731534 ], [ -72.24629211, -47.40724286 ], [ -72.2461853, -47.40716657 ], [ -72.24603271, -47.40705594 ], [ -72.24591827, -47.40697202 ], [ -72.24583435, -47.40690336 ], [ -72.24573516, -47.40682706 ], [ -72.24565887, -47.4067584 ], [ -72.24554443, -47.40665921 ], [ -72.24548339, -47.40659436 ], [ -72.24542236, -47.40651807 ], [ -72.24536132, -47.40641889 ], [ -72.24532318, -47.40632733 ], [ -72.24528503, -47.40624723 ], [ -72.24522399, -47.40609845 ], [ -72.24518585, -47.40599927 ], [ -72.24514007, -47.40590772 ], [ -72.24508667, -47.40583142 ], [ -72.24503326, -47.40575894 ], [ -72.24496459, -47.40568265 ], [ -72.2448883, -47.40561398 ], [ -72.24478912, -47.40553006 ], [ -72.24469757, -47.40545758 ], [ -72.24461364, -47.40539273 ], [ -72.24451446, -47.40531262 ], [ -72.24439239, -47.4052287 ], [ -72.24430084, -47.40516385 ], [ -72.24419403, -47.40509518 ], [ -72.24410247, -47.40503033 ], [ -72.24396514, -47.40493878 ], [ -72.24385833, -47.4048663 ], [ -72.24374389, -47.40482815 ], [ -72.24362182, -47.40482434 ], [ -72.24349212, -47.40483197 ], [ -72.24336242, -47.40484341 ], [ -72.24324035, -47.40487012 ], [ -72.24312591, -47.40489682 ], [ -72.2430191, -47.40493497 ], [ -72.2428894, -47.40498074 ], [ -72.24276733, -47.40502652 ], [ -72.24263763, -47.40508374 ], [ -72.24252319, -47.40514096 ], [ -72.24240875, -47.40519055 ], [ -72.24227905, -47.40525922 ], [ -72.24216461, -47.40532407 ], [ -72.24206542, -47.40537747 ], [ -72.24189758, -47.40546903 ], [ -72.24177551, -47.40553388 ], [ -72.24167633, -47.4055911 ], [ -72.24155426, -47.40565213 ], [ -72.24141693, -47.4057208 ], [ -72.24130249, -47.40578183 ], [ -72.2412033, -47.40584287 ], [ -72.24111175, -47.4059039 ], [ -72.24101257, -47.40597638 ], [ -72.24092102, -47.40604505 ], [ -72.2408142, -47.4061366 ], [ -72.24071502, -47.40620908 ], [ -72.24061584, -47.40628156 ], [ -72.24053192, -47.40633878 ], [ -72.24043273, -47.40639218 ], [ -72.24032592, -47.40644178 ], [ -72.24020385, -47.40647992 ], [ -72.24008178, -47.40649137 ], [ -72.23995208, -47.40647611 ], [ -72.2398529, -47.40643415 ], [ -72.23974609, -47.40638074 ], [ -72.23963928, -47.40631208 ], [ -72.2395401, -47.40624723 ], [ -72.23944854, -47.40618619 ], [ -72.23935699, -47.40613278 ], [ -72.2392807, -47.40607556 ], [ -72.23918151, -47.40599927 ], [ -72.23906707, -47.40591153 ], [ -72.23897552, -47.40583524 ], [ -72.23888397, -47.4057742 ], [ -72.23876953, -47.40571698 ], [ -72.23867034, -47.4056712 ], [ -72.23856353, -47.40563687 ], [ -72.23843383, -47.40560254 ], [ -72.2382965, -47.40556058 ], [ -72.2381668, -47.40553006 ], [ -72.23804473, -47.40550717 ], [ -72.23789978, -47.40547665 ], [ -72.23777008, -47.40545377 ], [ -72.23532867, -47.40451535 ], [ -72.23523712, -47.40440091 ], [ -72.23516845, -47.40431317 ], [ -72.23508453, -47.4042178 ], [ -72.23500061, -47.40413769 ], [ -72.23492431, -47.40406903 ], [ -72.23484039, -47.40401181 ], [ -72.23473358, -47.4039584 ], [ -72.23463439, -47.40390881 ], [ -72.23443603, -47.40381726 ], [ -72.23425292, -47.40372952 ], [ -72.23406982, -47.40364941 ], [ -72.23390197, -47.40357693 ], [ -72.23374938, -47.40350445 ], [ -72.23360443, -47.4034396 ], [ -72.2334671, -47.40337857 ], [ -72.2333374, -47.40332135 ], [ -72.23321533, -47.40326794 ], [ -72.23298645, -47.40316876 ], [ -72.23278808, -47.40308102 ], [ -72.23261261, -47.40300854 ], [ -72.23246002, -47.40293988 ], [ -72.23232269, -47.40288265 ], [ -72.23208618, -47.40278347 ], [ -72.23190307, -47.40270718 ], [ -72.23163604, -47.40259655 ], [ -72.23136901, -47.40248211 ], [ -72.2312088, -47.40241726 ], [ -72.23110199, -47.40237148 ], [ -72.23097991, -47.40232952 ], [ -72.23083496, -47.40227993 ], [ -72.23070526, -47.40224941 ], [ -72.23058319, -47.40223034 ], [ -72.23046112, -47.4022189 ], [ -72.23032379, -47.40221127 ], [ -72.23017883, -47.4022189 ], [ -72.23003387, -47.40222652 ], [ -72.22990417, -47.40224178 ], [ -72.22731781, -47.40232189 ], [ -72.22718048, -47.40228756 ], [ -72.22702789, -47.4022456 ], [ -72.22689056, -47.40220745 ], [ -72.22672271, -47.40215405 ], [ -72.22657775, -47.40210445 ], [ -72.22644805, -47.40206249 ], [ -72.22623443, -47.40199001 ], [ -72.22606658, -47.40194424 ], [ -72.22594451, -47.40190609 ], [ -72.22580719, -47.40187176 ], [ -72.22568511, -47.40184505 ], [ -72.22557067, -47.40181835 ], [ -72.22544097, -47.40179546 ], [ -72.22529602, -47.40178402 ], [ -72.22516632, -47.40177639 ], [ -72.22504425, -47.40177639 ], [ -72.22490692, -47.40178783 ], [ -72.22478485, -47.40180309 ], [ -72.22463226, -47.40181835 ], [ -72.22449493, -47.40184505 ], [ -72.22432708, -47.40187939 ], [ -72.22418212, -47.4019099 ], [ -72.22402954, -47.40195187 ], [ -72.22389984, -47.40198238 ], [ -72.22373199, -47.40202435 ], [ -72.22360229, -47.40205486 ], [ -72.22343444, -47.40209682 ], [ -72.22325897, -47.4021426 ], [ -72.22311401, -47.40217693 ], [ -72.22298431, -47.40221508 ], [ -72.22286987, -47.4022456 ], [ -72.22272491, -47.40228756 ], [ -72.22257232, -47.40233334 ], [ -72.22240448, -47.40238674 ], [ -72.22225952, -47.40243633 ], [ -72.22213745, -47.4024783 ], [ -72.22196197, -47.40253933 ], [ -72.22185516, -47.40258511 ], [ -72.22174072, -47.40263851 ], [ -72.22165679, -47.40269192 ], [ -72.22157287, -47.40276058 ], [ -72.22151184, -47.40284832 ], [ -72.22151184, -47.40292843 ], [ -72.22153472, -47.40300854 ], [ -72.22257232, -47.40473279 ], [ -72.22262573, -47.4048129 ], [ -72.22272491, -47.40498074 ], [ -72.22277832, -47.40507993 ], [ -72.22281646, -47.40515622 ], [ -72.22286224, -47.40524014 ], [ -72.22292327, -47.4053584 ], [ -72.22295379, -47.40543469 ], [ -72.22299194, -47.40551099 ], [ -72.22303772, -47.4056178 ], [ -72.22306823, -47.40571698 ], [ -72.22307586, -47.40580091 ], [ -72.22305297, -47.40588483 ], [ -72.22299957, -47.40596112 ], [ -72.22291564, -47.4060336 ], [ -72.22281646, -47.40608319 ], [ -72.22270965, -47.40612134 ], [ -72.22258758, -47.40615567 ], [ -72.22245025, -47.40617856 ], [ -72.22229003, -47.40619001 ], [ -72.22215271, -47.40619382 ], [ -72.22202301, -47.40618619 ], [ -72.22187042, -47.40617475 ], [ -72.22173309, -47.40615186 ], [ -72.22144317, -47.40610608 ], [ -72.22128295, -47.40608319 ], [ -72.22116088, -47.40607556 ], [ -72.22103118, -47.40607175 ], [ -72.22088623, -47.40607556 ], [ -72.22076416, -47.40609464 ], [ -72.22064209, -47.40612134 ], [ -72.22052001, -47.40615567 ], [ -72.22037506, -47.40619001 ], [ -72.22026062, -47.40623197 ], [ -72.22014617, -47.4062663 ], [ -72.22000122, -47.40631971 ], [ -72.21986389, -47.40638456 ], [ -72.21972656, -47.40644178 ], [ -72.21960449, -47.40650281 ], [ -72.21949005, -47.40656003 ], [ -72.21937561, -47.40661344 ], [ -72.21923828, -47.40668973 ], [ -72.21910858, -47.40676221 ], [ -72.21898651, -47.40683088 ], [ -72.21876525, -47.40695676 ], [ -72.21856689, -47.40706739 ], [ -72.21844482, -47.40713987 ], [ -72.21832275, -47.40719709 ], [ -72.21821594, -47.40725049 ], [ -72.21808624, -47.40731534 ], [ -72.2179718, -47.40736875 ], [ -72.21781921, -47.40743741 ], [ -72.21768951, -47.40748319 ], [ -72.2175827, -47.40752134 ], [ -72.21746063, -47.40755948 ], [ -72.21733093, -47.40759763 ], [ -72.2171936, -47.40763196 ], [ -72.21704864, -47.40766248 ], [ -72.21691131, -47.40768537 ], [ -72.21678924, -47.40770826 ], [ -72.2166748, -47.40772733 ], [ -72.21645355, -47.40776166 ], [ -72.21626281, -47.407796 ], [ -72.21608734, -47.4078227 ], [ -72.21549224, -47.40792188 ], [ -72.21533966, -47.40794477 ], [ -72.21500396, -47.40799818 ], [ -72.21479797, -47.40803632 ], [ -72.21405792, -47.40815458 ], [ -72.21389007, -47.4081851 ], [ -72.21375274, -47.40820798 ], [ -72.21360778, -47.40823469 ], [ -72.21348571, -47.40825758 ], [ -72.2133255, -47.40829572 ], [ -72.21321105, -47.40832243 ], [ -72.21309661, -47.40834913 ], [ -72.21295928, -47.40839109 ], [ -72.21282959, -47.40843687 ], [ -72.21271514, -47.40847501 ], [ -72.2126007, -47.40851698 ], [ -72.21244812, -47.40857801 ], [ -72.21231842, -47.40863523 ], [ -72.21215057, -47.40870771 ], [ -72.21201324, -47.40877256 ], [ -72.21188354, -47.4088336 ], [ -72.21166229, -47.40893659 ], [ -72.21150207, -47.40900907 ], [ -72.21138, -47.40906248 ], [ -72.2112503, -47.4091197 ], [ -72.21109008, -47.40918455 ], [ -72.21097564, -47.40923033 ], [ -72.2108612, -47.40927229 ], [ -72.21075439, -47.40931044 ], [ -72.21054077, -47.40938673 ], [ -72.2103424, -47.40945921 ], [ -72.21015167, -47.40952406 ], [ -72.20996856, -47.40958891 ], [ -72.20980072, -47.40964613 ], [ -72.20916748, -47.40986357 ], [ -72.20904541, -47.40990171 ], [ -72.20883178, -47.40997419 ], [ -72.20864105, -47.41004286 ], [ -72.20848083, -47.41010389 ], [ -72.20832824, -47.4101573 ], [ -72.20819854, -47.41020308 ], [ -72.2080841, -47.41024122 ], [ -72.20789337, -47.4103137 ], [ -72.20775604, -47.41037092 ], [ -72.2076416, -47.41041289 ], [ -72.20748901, -47.41047392 ], [ -72.20729827, -47.41055403 ], [ -72.20719146, -47.41059981 ], [ -72.20708465, -47.41064558 ], [ -72.20697784, -47.41069136 ], [ -72.20687866, -47.41073332 ], [ -72.20677185, -47.4107791 ], [ -72.20667266, -47.41082487 ], [ -72.20648193, -47.41091643 ], [ -72.20629119, -47.41100035 ], [ -72.20611572, -47.41108427 ], [ -72.20594024, -47.41116438 ], [ -72.2057724, -47.41124449 ], [ -72.20561981, -47.41132079 ], [ -72.20349884, -47.41240798 ], [ -72.20304107, -47.41265212 ], [ -72.20274353, -47.41280852 ], [ -72.20248413, -47.41294204 ], [ -72.20226287, -47.41306029 ], [ -72.20206451, -47.41316329 ], [ -72.20188903, -47.41324721 ], [ -72.20173645, -47.41333114 ], [ -72.20160675, -47.41339599 ], [ -72.20148468, -47.41345702 ], [ -72.20129394, -47.41355239 ], [ -72.20113372, -47.41362868 ], [ -72.20092773, -47.41373168 ], [ -72.2007904, -47.41379653 ], [ -72.20065307, -47.41385757 ], [ -72.20052337, -47.41392242 ], [ -72.2004013, -47.41397582 ], [ -72.20029449, -47.41402541 ], [ -72.20011901, -47.41410171 ], [ -72.19997406, -47.41417037 ], [ -72.19986724, -47.41421615 ], [ -72.19970703, -47.41428863 ], [ -72.19947052, -47.41439162 ], [ -72.19931793, -47.41444503 ], [ -72.1991806, -47.41449462 ], [ -72.19905853, -47.4145404 ], [ -72.1989212, -47.41458236 ], [ -72.1964035, -47.41419326 ], [ -72.1964035, -47.41411315 ], [ -72.19639587, -47.41397201 ], [ -72.19638824, -47.41387282 ], [ -72.19638061, -47.41379272 ], [ -72.19637298, -47.41370879 ], [ -72.19635772, -47.41360961 ], [ -72.19633483, -47.41351806 ], [ -72.19631195, -47.41343795 ], [ -72.1962738, -47.41335021 ], [ -72.19622802, -47.41327392 ], [ -72.19617462, -47.41320144 ], [ -72.19610595, -47.41312514 ], [ -72.19603729, -47.41305648 ], [ -72.19595336, -47.412984 ], [ -72.19585418, -47.41290007 ], [ -72.19574737, -47.41281615 ], [ -72.19564819, -47.41273986 ], [ -72.19555664, -47.41266738 ], [ -72.19543457, -47.41257582 ], [ -72.1953125, -47.4124919 ], [ -72.19520568, -47.41241942 ], [ -72.19509887, -47.41234694 ], [ -72.19499969, -47.41228591 ], [ -72.19490814, -47.4122325 ], [ -72.19481658, -47.41217909 ], [ -72.19468689, -47.41210662 ], [ -72.19457244, -47.41204558 ], [ -72.19446563, -47.41199217 ], [ -72.19435882, -47.41194258 ], [ -72.19423675, -47.41188918 ], [ -72.19412994, -47.41184722 ], [ -72.19397735, -47.41178618 ], [ -72.19146728, -47.41122542 ], [ -72.19132995, -47.41120253 ], [ -72.19119262, -47.41117583 ], [ -72.19106292, -47.41114912 ], [ -72.19093322, -47.41110716 ], [ -72.19083404, -47.41104994 ], [ -72.19075775, -47.41098891 ], [ -72.19068908, -47.41092024 ], [ -72.19060516, -47.41082487 ], [ -72.19052124, -47.41074095 ], [ -72.19039917, -47.41059599 ], [ -72.19033813, -47.41051207 ], [ -72.19028472, -47.41043196 ], [ -72.19023132, -47.41034422 ], [ -72.19019317, -47.41026793 ], [ -72.19013977, -47.41016493 ], [ -72.19009399, -47.41006575 ], [ -72.19004821, -47.40997801 ], [ -72.19001007, -47.40988646 ], [ -72.18997192, -47.40980635 ], [ -72.18991851, -47.40969954 ], [ -72.18987274, -47.40960035 ], [ -72.18981933, -47.40951261 ], [ -72.18977356, -47.40943632 ], [ -72.18971252, -47.40934858 ], [ -72.18965911, -47.40927229 ], [ -72.18959045, -47.40919218 ], [ -72.18951416, -47.4091197 ], [ -72.1894226, -47.40904341 ], [ -72.18933105, -47.40897474 ], [ -72.18922424, -47.40891752 ], [ -72.18912506, -47.40887174 ], [ -72.18901062, -47.40882597 ], [ -72.18888855, -47.40879164 ], [ -72.18875885, -47.4087573 ], [ -72.18862152, -47.40872297 ], [ -72.18829345, -47.40865431 ], [ -72.18816375, -47.4086276 ], [ -72.18782043, -47.40853605 ], [ -72.18769073, -47.40850553 ], [ -72.18748474, -47.40844831 ], [ -72.18732452, -47.40840254 ], [ -72.18714904, -47.40835294 ], [ -72.18699646, -47.40831098 ], [ -72.18688201, -47.40827284 ], [ -72.18673706, -47.40818891 ], [ -72.18672943, -47.40810117 ], [ -72.18676757, -47.40801725 ], [ -72.18682098, -47.40794096 ], [ -72.1869049, -47.40787229 ], [ -72.18700408, -47.40781126 ], [ -72.18709564, -47.40775404 ], [ -72.18720245, -47.407693 ], [ -72.18730163, -47.40763959 ], [ -72.18747711, -47.40754804 ], [ -72.18760681, -47.40747938 ], [ -72.18775177, -47.40740308 ], [ -72.18786621, -47.40733442 ], [ -72.18795776, -47.4072772 ], [ -72.18806457, -47.4072009 ], [ -72.18818664, -47.40711698 ], [ -72.18828582, -47.40704831 ], [ -72.18838501, -47.40697202 ], [ -72.18847656, -47.40689954 ], [ -72.18855285, -47.40682325 ], [ -72.18861389, -47.40674314 ], [ -72.18865203, -47.40665921 ], [ -72.18868255, -47.40657911 ], [ -72.18869018, -47.40649518 ], [ -72.18868255, -47.406396 ], [ -72.18866729, -47.40631589 ], [ -72.1886444, -47.40622815 ], [ -72.18860626, -47.40614041 ], [ -72.18856048, -47.4060336 ], [ -72.18850708, -47.40591916 ], [ -72.18846893, -47.40583905 ], [ -72.18840789, -47.4057208 ], [ -72.18836212, -47.40561398 ], [ -72.18830871, -47.40551099 ], [ -72.18826294, -47.40541562 ], [ -72.18822479, -47.4053317 ], [ -72.18817901, -47.40524396 ], [ -72.18814086, -47.40516766 ], [ -72.18806457, -47.40503033 ], [ -72.18800354, -47.40490445 ], [ -72.1879425, -47.40479382 ], [ -72.18788909, -47.40470227 ], [ -72.18784332, -47.40461835 ], [ -72.1877594, -47.4044772 ], [ -72.18769073, -47.40436658 ], [ -72.18763732, -47.40428647 ], [ -72.18756103, -47.40417203 ], [ -72.18749237, -47.40407666 ], [ -72.18741607, -47.40397366 ], [ -72.18734741, -47.40387829 ], [ -72.18727874, -47.40379437 ], [ -72.18721771, -47.40371426 ], [ -72.18715667, -47.40363797 ], [ -72.18709564, -47.40356549 ], [ -72.18701171, -47.40347012 ], [ -72.18693542, -47.4033862 ], [ -72.18684387, -47.4032832 ], [ -72.18675231, -47.40319546 ], [ -72.18667602, -47.40311917 ], [ -72.18656921, -47.40301998 ], [ -72.18648529, -47.40294369 ], [ -72.18640136, -47.40287884 ], [ -72.18631744, -47.40281018 ], [ -72.18622589, -47.4027377 ], [ -72.18611145, -47.40265377 ], [ -72.185997, -47.40257366 ], [ -72.18590545, -47.40252026 ], [ -72.18579101, -47.40245159 ], [ -72.18567657, -47.40239437 ], [ -72.18556213, -47.40234097 ], [ -72.18546295, -47.40229138 ], [ -72.18536377, -47.4022456 ], [ -72.18521881, -47.40218838 ], [ -72.18504333, -47.40211971 ], [ -72.18489074, -47.40205868 ], [ -72.18475341, -47.40200146 ], [ -72.18463897, -47.4019595 ], [ -72.18449401, -47.40189465 ], [ -72.18437194, -47.40184124 ], [ -72.18424987, -47.40178402 ], [ -72.18413543, -47.4017268 ], [ -72.18404388, -47.40166958 ], [ -72.18395233, -47.40161617 ], [ -72.1838684, -47.40155895 ], [ -72.18369293, -47.40143307 ], [ -72.18352508, -47.401311 ], [ -72.18321228, -47.40109356 ], [ -72.18294525, -47.40089519 ], [ -72.18237304, -47.40048702 ], [ -72.18054199, -47.39917476 ], [ -72.18045044, -47.39910991 ], [ -72.18020629, -47.39893825 ], [ -72.17999267, -47.39878566 ], [ -72.17980957, -47.39865596 ], [ -72.1794815, -47.39842708 ], [ -72.17923736, -47.39825542 ], [ -72.17905426, -47.39812572 ], [ -72.1787796, -47.39793498 ], [ -72.17842102, -47.39768702 ], [ -72.17830658, -47.39761454 ], [ -72.17819976, -47.39754207 ], [ -72.17808532, -47.39748103 ], [ -72.17798614, -47.39742381 ], [ -72.17787933, -47.39736659 ], [ -72.17774963, -47.39730174 ], [ -72.17761993, -47.39723689 ], [ -72.17749786, -47.39717967 ], [ -72.17738342, -47.39713008 ], [ -72.17727661, -47.39708049 ], [ -72.1771698, -47.39703471 ], [ -72.17702484, -47.39697749 ], [ -72.17684936, -47.39691264 ], [ -72.17668914, -47.39684779 ], [ -72.17655181, -47.3967982 ], [ -72.17642974, -47.39675624 ], [ -72.17621612, -47.39668376 ], [ -72.1760559, -47.39663035 ], [ -72.17581939, -47.39655406 ], [ -72.17567443, -47.39650447 ], [ -72.17552185, -47.39645487 ], [ -72.17539978, -47.39642436 ], [ -72.17297363, -47.3957606 ], [ -72.17250061, -47.39554316 ], [ -72.17236328, -47.39547831 ], [ -72.17224884, -47.3954249 ], [ -72.17209625, -47.39536387 ], [ -72.17190551, -47.39527994 ], [ -72.17175293, -47.39521891 ], [ -72.1714859, -47.39510828 ], [ -72.17124176, -47.3950091 ], [ -72.17103576, -47.39492136 ], [ -72.17085266, -47.39484888 ], [ -72.17068481, -47.39478403 ], [ -72.17054748, -47.39472681 ], [ -72.17041778, -47.39467722 ], [ -72.17021942, -47.39459711 ], [ -72.17004394, -47.39453226 ], [ -72.16982269, -47.39444834 ], [ -72.16967773, -47.39439493 ], [ -72.16950225, -47.39432627 ], [ -72.16936492, -47.39427668 ], [ -72.16924285, -47.39424234 ], [ -72.16913604, -47.39421183 ], [ -72.16899871, -47.39418131 ], [ -72.16884613, -47.39414316 ], [ -72.16867065, -47.39411264 ], [ -72.16852569, -47.39408594 ], [ -72.16839599, -47.39406687 ], [ -72.16822052, -47.39404779 ], [ -72.167984, -47.39403254 ], [ -72.16786193, -47.39403254 ], [ -72.16774749, -47.39404398 ], [ -72.16760253, -47.39405542 ], [ -72.16748046, -47.3940745 ], [ -72.16735839, -47.3941012 ], [ -72.16721344, -47.39413553 ], [ -72.16705322, -47.39418131 ], [ -72.164505, -47.39468485 ], [ -72.16436767, -47.39470392 ], [ -72.16421508, -47.394723 ], [ -72.16408538, -47.39473444 ], [ -72.16389465, -47.39475352 ], [ -72.16377258, -47.39476114 ], [ -72.16363525, -47.39476496 ], [ -72.16347503, -47.39475733 ], [ -72.16333007, -47.39474589 ], [ -72.163208, -47.39473063 ], [ -72.16307067, -47.39471155 ], [ -72.16293335, -47.39468866 ], [ -72.16278076, -47.39465815 ], [ -72.16266632, -47.39463144 ], [ -72.16253662, -47.39460093 ], [ -72.1623764, -47.39456659 ], [ -72.16218566, -47.394517 ], [ -72.16201019, -47.39447886 ], [ -72.16182708, -47.39443308 ], [ -72.16170501, -47.39439875 ], [ -72.16157531, -47.39435679 ], [ -72.1614685, -47.39432245 ], [ -72.16136169, -47.39427668 ], [ -72.16124725, -47.39422709 ], [ -72.1611557, -47.39417368 ], [ -72.16106414, -47.39411646 ], [ -72.16097259, -47.39404779 ], [ -72.1608963, -47.3939715 ], [ -72.16082763, -47.39390284 ], [ -72.1607666, -47.39382654 ], [ -72.16069793, -47.39373117 ], [ -72.16064453, -47.39364725 ], [ -72.16059875, -47.39355951 ], [ -72.16055297, -47.39346414 ], [ -72.16052246, -47.39338404 ], [ -72.16049194, -47.3932963 ], [ -72.16046142, -47.39319711 ], [ -72.1604309, -47.39310175 ], [ -72.16040039, -47.39301019 ], [ -72.1603775, -47.39293009 ], [ -72.16034698, -47.39281183 ], [ -72.16031646, -47.39270883 ], [ -72.16028595, -47.39257913 ], [ -72.16026306, -47.39246469 ], [ -72.16020202, -47.39218622 ], [ -72.1601715, -47.39206415 ], [ -72.16014862, -47.39197259 ], [ -72.1601181, -47.39186578 ], [ -72.16007995, -47.39175134 ], [ -72.1600418, -47.3916369 ], [ -72.1599884, -47.39153009 ], [ -72.15995788, -47.39145379 ], [ -72.15990448, -47.39135843 ], [ -72.1598587, -47.39127069 ], [ -72.15980529, -47.39118295 ], [ -72.15975952, -47.39110666 ], [ -72.15933227, -47.39044671 ], [ -72.15927887, -47.39035897 ], [ -72.15922546, -47.39025216 ], [ -72.15917968, -47.39017587 ], [ -72.15914154, -47.39009194 ], [ -72.15909576, -47.38999276 ], [ -72.15906524, -47.38988976 ], [ -72.15903472, -47.38980966 ], [ -72.15900421, -47.38971047 ], [ -72.15898132, -47.38961129 ], [ -72.15895843, -47.38950829 ], [ -72.15833282, -47.38616661 ], [ -72.15838623, -47.38607887 ], [ -72.15844726, -47.38596825 ], [ -72.15851593, -47.38586525 ], [ -72.15857696, -47.38576607 ], [ -72.158638, -47.38567833 ], [ -72.1586914, -47.3855944 ], [ -72.15874481, -47.3855143 ], [ -72.15885162, -47.38536552 ], [ -72.15893554, -47.38523582 ], [ -72.15901947, -47.38512138 ], [ -72.15908813, -47.3850222 ], [ -72.15914154, -47.38493828 ], [ -72.15919494, -47.38486198 ], [ -72.15927124, -47.3847361 ], [ -72.15933227, -47.38463691 ], [ -72.15939331, -47.3845301 ], [ -72.15946197, -47.38440422 ], [ -72.15952301, -47.38428215 ], [ -72.15956878, -47.38417915 ], [ -72.15960693, -47.38408378 ], [ -72.15965271, -47.38396552 ], [ -72.15968322, -47.38386634 ], [ -72.15970611, -47.38378623 ], [ -72.15973663, -47.38366416 ], [ -72.15975952, -47.38357642 ], [ -72.15978241, -47.38345817 ], [ -72.15979003, -47.38333991 ], [ -72.15979766, -47.3832598 ], [ -72.15979003, -47.3831797 ], [ -72.15978241, -47.38308433 ], [ -72.15976715, -47.38298515 ], [ -72.15974426, -47.38288978 ], [ -72.15971374, -47.38277915 ], [ -72.15964508, -47.38253501 ], [ -72.16014862, -47.38059714 ], [ -72.16018676, -47.38050177 ], [ -72.16022491, -47.38040259 ], [ -72.16025543, -47.38030722 ], [ -72.16027832, -47.38021185 ], [ -72.16029357, -47.38012793 ], [ -72.1603012, -47.38002493 ], [ -72.1603012, -47.37994101 ], [ -72.1603012, -47.3798609 ], [ -72.1603012, -47.37975027 ], [ -72.16029357, -47.37964728 ], [ -72.16028595, -47.37955191 ], [ -72.16027069, -47.37944128 ], [ -72.16026306, -47.3793421 ], [ -72.16024017, -47.37925818 ], [ -72.16022491, -47.37914374 ], [ -72.16019439, -47.37902167 ], [ -72.1601715, -47.37893393 ], [ -72.16013336, -47.3787966 ], [ -72.16010284, -47.37868979 ], [ -72.16006469, -47.37855627 ], [ -72.16000366, -47.37836172 ], [ -72.15996551, -47.37822821 ], [ -72.15992736, -47.37813665 ], [ -72.15988922, -47.37804129 ], [ -72.15983581, -47.37794973 ], [ -72.15979003, -47.37787344 ], [ -72.159729, -47.37778951 ], [ -72.15966796, -47.37772085 ], [ -72.1595993, -47.37765219 ], [ -72.15951538, -47.37758352 ], [ -72.15942382, -47.37752249 ], [ -72.15930938, -47.37746526 ], [ -72.15919494, -47.37741949 ], [ -72.15906524, -47.37737371 ], [ -72.15890503, -47.37733556 ], [ -72.1587677, -47.37728979 ], [ -72.15865326, -47.37724783 ], [ -72.15854644, -47.37720205 ], [ -72.15844726, -47.37715627 ], [ -72.15830993, -47.37708379 ], [ -72.1581726, -47.37701131 ], [ -72.15806579, -47.37694265 ], [ -72.15602874, -47.37579061 ], [ -72.15589141, -47.37574865 ], [ -72.15576171, -47.37571431 ], [ -72.15563964, -47.37568761 ], [ -72.15551757, -47.37566472 ], [ -72.15538787, -47.37564946 ], [ -72.15496826, -47.37560369 ], [ -72.15455627, -47.3755541 ], [ -72.15390777, -47.37553121 ], [ -72.15324401, -47.37550832 ], [ -72.15312194, -47.37549306 ], [ -72.15299224, -47.3754511 ], [ -72.15288543, -47.37540532 ], [ -72.15278625, -47.37534429 ], [ -72.15266418, -47.37526418 ], [ -72.15253448, -47.37518026 ], [ -72.15244293, -47.37511159 ], [ -72.15226745, -47.37499334 ], [ -72.15216064, -47.37491323 ], [ -72.15206146, -47.37483693 ], [ -72.15197753, -47.37477208 ], [ -72.15187835, -47.37468816 ], [ -72.15180206, -47.37461949 ], [ -72.15173339, -47.37455083 ], [ -72.15167236, -47.37447835 ], [ -72.15161132, -47.37440206 ], [ -72.15155792, -47.37432195 ], [ -72.15151977, -47.37424184 ], [ -72.15148162, -47.37413884 ], [ -72.15145874, -47.37404729 ], [ -72.15145111, -47.37395573 ], [ -72.15144348, -47.37386418 ], [ -72.15144348, -47.37377644 ], [ -72.15144348, -47.37369633 ], [ -72.15181732, -47.37159062 ], [ -72.15182495, -47.37148762 ], [ -72.15184021, -47.37137699 ], [ -72.15184021, -47.37127781 ], [ -72.15184021, -47.37118626 ], [ -72.15183258, -47.37109089 ], [ -72.15179443, -47.37100697 ], [ -72.15174102, -47.37093067 ], [ -72.15167236, -47.37085819 ], [ -72.15158081, -47.3707819 ], [ -72.15148162, -47.37070942 ], [ -72.15136718, -47.37062168 ], [ -72.15128326, -47.37055683 ], [ -72.15118408, -47.37047291 ], [ -72.15111541, -47.37040043 ], [ -72.15106201, -47.37032795 ], [ -72.1510086, -47.37023258 ], [ -72.15097045, -47.37014484 ], [ -72.15093231, -47.37004566 ], [ -72.15090179, -47.36995029 ], [ -72.1508789, -47.36986255 ], [ -72.15084076, -47.36970234 ], [ -72.15081024, -47.36958408 ], [ -72.15077209, -47.36947727 ], [ -72.15074157, -47.36939716 ], [ -72.1506958, -47.36931324 ], [ -72.15064239, -47.36922168 ], [ -72.15058136, -47.36914539 ], [ -72.15051269, -47.36908054 ], [ -72.15042877, -47.36900806 ], [ -72.15032959, -47.36894321 ], [ -72.15022277, -47.36888218 ], [ -72.1501007, -47.36881733 ], [ -72.14974212, -47.36864948 ], [ -72.14963531, -47.36858844 ], [ -72.14953613, -47.36852741 ], [ -72.14939117, -47.36843204 ], [ -72.1492691, -47.3683443 ], [ -72.14915466, -47.36826801 ], [ -72.14905548, -47.36819934 ], [ -72.14897155, -47.36814212 ], [ -72.14882659, -47.3680315 ], [ -72.14871978, -47.36795139 ], [ -72.14861297, -47.36786746 ], [ -72.14851379, -47.36778735 ], [ -72.1484375, -47.36771869 ], [ -72.1483612, -47.36765003 ], [ -72.14829254, -47.36757373 ], [ -72.1482315, -47.36748981 ], [ -72.1481781, -47.3674097 ], [ -72.14813995, -47.3673334 ], [ -72.1481018, -47.36723804 ], [ -72.14802551, -47.36706638 ], [ -72.14798736, -47.36697864 ], [ -72.14794921, -47.36690234 ], [ -72.14790344, -47.36682605 ], [ -72.14785003, -47.36674975 ], [ -72.14778137, -47.36667346 ], [ -72.14769744, -47.36659717 ], [ -72.14756774, -47.36649798 ], [ -72.14743805, -47.3663988 ], [ -72.14731597, -47.36630725 ], [ -72.1471939, -47.36621951 ], [ -72.14707183, -47.3661394 ], [ -72.14695739, -47.36605166 ], [ -72.14684295, -47.36597537 ], [ -72.14673614, -47.36589907 ], [ -72.14662933, -47.36582278 ], [ -72.14652252, -47.3657503 ], [ -72.14642334, -47.36568545 ], [ -72.14632415, -47.36561679 ], [ -72.14622497, -47.36555575 ], [ -72.14613342, -47.3654909 ], [ -72.14604187, -47.36543368 ], [ -72.14586639, -47.36531542 ], [ -72.14569854, -47.36520861 ], [ -72.14554596, -47.36510943 ], [ -72.14495849, -47.36473177 ], [ -72.14474487, -47.36459063 ], [ -72.14455413, -47.36446475 ], [ -72.1444168, -47.36437701 ], [ -72.14219665, -47.36219881 ], [ -72.14212799, -47.36184786 ], [ -72.14209747, -47.36169527 ], [ -72.14207458, -47.36155794 ], [ -72.14205169, -47.36143587 ], [ -72.1420288, -47.36132906 ], [ -72.14201355, -47.36123369 ], [ -72.14199829, -47.36115358 ], [ -72.1419754, -47.36101625 ], [ -72.14196014, -47.36090562 ], [ -72.14193725, -47.36076067 ], [ -72.14192962, -47.3606653 ], [ -72.14190673, -47.36049745 ], [ -72.14189148, -47.36034105 ], [ -72.14188385, -47.3601999 ], [ -72.14186859, -47.36006257 ], [ -72.14186096, -47.35993287 ], [ -72.14185333, -47.35981843 ], [ -72.14185333, -47.35970399 ], [ -72.1418457, -47.35959718 ], [ -72.1418457, -47.35948655 ], [ -72.14205169, -47.35764786 ], [ -72.14212036, -47.35754105 ], [ -72.14220428, -47.35741517 ], [ -72.14225769, -47.35732361 ], [ -72.14231872, -47.35722825 ], [ -72.1423645, -47.35713288 ], [ -72.14239502, -47.3570337 ], [ -72.14241027, -47.35694596 ], [ -72.14241027, -47.35685059 ], [ -72.14240264, -47.35675904 ], [ -72.14238739, -47.3566713 ], [ -72.1423645, -47.35657975 ], [ -72.14234161, -47.35649201 ], [ -72.14229583, -47.35633561 ], [ -72.14226532, -47.35621354 ], [ -72.14224243, -47.35611054 ], [ -72.14222717, -47.35600373 ], [ -72.14221954, -47.35590454 ], [ -72.14222717, -47.35581681 ], [ -72.14225006, -47.35573288 ], [ -72.1422882, -47.35564896 ], [ -72.14232635, -47.35556885 ], [ -72.14240264, -47.35543152 ], [ -72.14246368, -47.35530182 ], [ -72.14252472, -47.35519119 ], [ -72.14273834, -47.35480591 ], [ -72.14282989, -47.35463425 ], [ -72.1428833, -47.35452743 ], [ -72.14294433, -47.35441681 ], [ -72.1430664, -47.35417267 ], [ -72.14328765, -47.35374161 ], [ -72.14347076, -47.3534021 ], [ -72.14412689, -47.35160156 ], [ -72.14411926, -47.35151 ], [ -72.144104, -47.35139175 ], [ -72.14408111, -47.35129256 ], [ -72.14406585, -47.35120864 ], [ -72.14402771, -47.35109038 ], [ -72.14399719, -47.35097976 ], [ -72.14395904, -47.3508882 ], [ -72.14391326, -47.35076995 ], [ -72.14385986, -47.35064406 ], [ -72.14381408, -47.35052581 ], [ -72.14376068, -47.350419 ], [ -72.1437149, -47.350316 ], [ -72.14366912, -47.35022063 ], [ -72.14362335, -47.35013289 ], [ -72.1435852, -47.35004515 ], [ -72.14353942, -47.34996886 ], [ -72.14350128, -47.34989257 ], [ -72.14343261, -47.34976287 ], [ -72.14337158, -47.34964461 ], [ -72.14331054, -47.34954161 ], [ -72.14325714, -47.34945006 ], [ -72.14321136, -47.34936614 ], [ -72.14313507, -47.34923644 ], [ -72.14307403, -47.34913344 ], [ -72.14298248, -47.34898848 ], [ -72.14292144, -47.34890074 ], [ -72.14283752, -47.34877104 ], [ -72.14276886, -47.34867949 ], [ -72.14269256, -47.34856886 ], [ -72.14261627, -47.34846968 ], [ -72.1425476, -47.34838194 ], [ -72.1424942, -47.34831328 ], [ -72.14241027, -47.34821791 ], [ -72.14232635, -47.34811491 ], [ -72.14225769, -47.34803862 ], [ -72.14215087, -47.34792799 ], [ -72.14207458, -47.34784407 ], [ -72.1419754, -47.34774489 ], [ -72.14186859, -47.34768004 ], [ -72.14176941, -47.34762282 ], [ -72.14165496, -47.3475656 ], [ -72.14059448, -47.34591764 ], [ -72.1405487, -47.3458299 ], [ -72.14048767, -47.34572309 ], [ -72.14044189, -47.3456468 ], [ -72.14035797, -47.34550947 ], [ -72.14028167, -47.34538358 ], [ -72.14018249, -47.34522337 ], [ -72.14012909, -47.34513944 ], [ -72.14008331, -47.34506315 ], [ -72.13999939, -47.34493345 ], [ -72.13993072, -47.34483808 ], [ -72.13987732, -47.34476179 ], [ -72.13981628, -47.34468168 ], [ -72.13975524, -47.3446092 ], [ -72.13968658, -47.34452527 ], [ -72.13961792, -47.3444528 ], [ -72.13953399, -47.34438795 ], [ -72.13943481, -47.3443231 ], [ -72.13933563, -47.34426206 ], [ -72.1391983, -47.3441934 ], [ -72.13909149, -47.34413236 ], [ -72.13898468, -47.34407895 ], [ -72.13887786, -47.34403318 ], [ -72.13877868, -47.34399122 ], [ -72.13864898, -47.34394162 ], [ -72.13851928, -47.34389203 ], [ -72.13840484, -47.34384626 ], [ -72.1382904, -47.34381192 ], [ -72.13808441, -47.34373945 ], [ -72.13789367, -47.34367078 ], [ -72.13773346, -47.34361737 ], [ -72.1375885, -47.34356778 ], [ -72.13746643, -47.34352201 ], [ -72.13731384, -47.34346479 ], [ -72.13718414, -47.3434152 ], [ -72.13708496, -47.34336942 ], [ -72.13697815, -47.34332364 ], [ -72.13685608, -47.34326261 ], [ -72.13675689, -47.3432092 ], [ -72.13666534, -47.3431558 ], [ -72.13657379, -47.34309857 ], [ -72.13648986, -47.34303372 ], [ -72.13640594, -47.34296125 ], [ -72.13633728, -47.34289258 ], [ -72.13627624, -47.34280866 ], [ -72.13622284, -47.34272092 ], [ -72.13618469, -47.34262555 ], [ -72.13614654, -47.34251492 ], [ -72.13610839, -47.34240811 ], [ -72.13607788, -47.34231275 ], [ -72.13605499, -47.34221738 ], [ -72.13602447, -47.34212964 ], [ -72.13600921, -47.34204953 ], [ -72.13597869, -47.3419389 ], [ -72.13596344, -47.34183591 ], [ -72.13594055, -47.34171002 ], [ -72.13591766, -47.34159939 ], [ -72.13591003, -47.34150784 ], [ -72.13589477, -47.34138577 ], [ -72.13587951, -47.34124844 ], [ -72.13587188, -47.34114544 ], [ -72.13587188, -47.341031 ], [ -72.13586425, -47.34093182 ], [ -72.13586425, -47.34080594 ], [ -72.13587188, -47.34068387 ], [ -72.13587188, -47.34056561 ], [ -72.13587951, -47.34045498 ], [ -72.13588714, -47.34035199 ], [ -72.1359024, -47.3402528 ], [ -72.13591003, -47.34016125 ], [ -72.13591766, -47.34007351 ], [ -72.13595581, -47.33974926 ], [ -72.13597107, -47.33962719 ], [ -72.13597869, -47.33951657 ], [ -72.13598632, -47.33942883 ], [ -72.13599395, -47.33927624 ], [ -72.13600158, -47.33915798 ], [ -72.13600921, -47.33907024 ], [ -72.13600921, -47.33896343 ], [ -72.13600158, -47.33888332 ], [ -72.13600158, -47.33877651 ], [ -72.13599395, -47.33867352 ], [ -72.13597869, -47.33858196 ], [ -72.13596344, -47.33846752 ], [ -72.13591766, -47.33812801 ], [ -72.1359024, -47.33804027 ], [ -72.13589477, -47.33792583 ], [ -72.13588714, -47.33784572 ], [ -72.13588714, -47.33775036 ], [ -72.13588714, -47.33765499 ], [ -72.13588714, -47.33757106 ], [ -72.13588714, -47.33749096 ], [ -72.13589477, -47.33733837 ], [ -72.13591766, -47.33706752 ], [ -72.13592529, -47.33691875 ], [ -72.13592529, -47.33683864 ], [ -72.13592529, -47.33673564 ], [ -72.13592529, -47.33661739 ], [ -72.13591766, -47.33649532 ], [ -72.13591003, -47.33639232 ], [ -72.13589477, -47.33628932 ], [ -72.13587188, -47.33617107 ], [ -72.13584899, -47.33607189 ], [ -72.13581848, -47.33598415 ], [ -72.13578796, -47.33589641 ], [ -72.13574218, -47.33580104 ], [ -72.13570404, -47.3357133 ], [ -72.13566589, -47.33563701 ], [ -72.13561248, -47.33553783 ], [ -72.13555908, -47.33543483 ], [ -72.1355133, -47.33535091 ], [ -72.13543701, -47.33522121 ], [ -72.13536834, -47.33509532 ], [ -72.13530731, -47.33498851 ], [ -72.13526153, -47.33490077 ], [ -72.13520813, -47.33480922 ], [ -72.13516235, -47.33472911 ], [ -72.13507843, -47.33458034 ], [ -72.13500213, -47.33445445 ], [ -72.13493347, -47.33434382 ], [ -72.13487243, -47.33424464 ], [ -72.13481903, -47.33416072 ], [ -72.13474273, -47.33405009 ], [ -72.13465881, -47.33392802 ], [ -72.13459014, -47.33384028 ], [ -72.13453674, -47.3337678 ], [ -72.13446045, -47.33367244 ], [ -72.13439178, -47.33359233 ], [ -72.13430786, -47.33349314 ], [ -72.13423919, -47.33342829 ], [ -72.13415527, -47.33335963 ], [ -72.13406372, -47.33329096 ], [ -72.13395691, -47.33321467 ], [ -72.13385772, -47.33315364 ], [ -72.13373565, -47.33307734 ], [ -72.13162994, -47.33190623 ], [ -72.13154602, -47.33181086 ], [ -72.13146209, -47.33170786 ], [ -72.13139343, -47.33162775 ], [ -72.13129425, -47.33150187 ], [ -72.13119506, -47.33137598 ], [ -72.1311264, -47.33129969 ], [ -72.13106536, -47.33122339 ], [ -72.13101196, -47.33115091 ], [ -72.13089752, -47.33100977 ], [ -72.13080597, -47.33087626 ], [ -72.13070678, -47.33075037 ], [ -72.13062286, -47.33063211 ], [ -72.13054657, -47.33052149 ], [ -72.13039398, -47.33031168 ], [ -72.13026428, -47.33012476 ], [ -72.13020324, -47.33004465 ], [ -72.13009643, -47.32989969 ], [ -72.13000488, -47.32976999 ], [ -72.12992096, -47.32965936 ], [ -72.12984466, -47.32956018 ], [ -72.129776, -47.32947244 ], [ -72.12971496, -47.32939233 ], [ -72.12960815, -47.32926645 ], [ -72.12953186, -47.32916727 ], [ -72.12946319, -47.32909479 ], [ -72.12937164, -47.32898798 ], [ -72.12929535, -47.32890787 ], [ -72.12922668, -47.32883539 ], [ -72.12915802, -47.32877054 ], [ -72.12907409, -47.32869806 ], [ -72.12898254, -47.32862939 ], [ -72.12889862, -47.32856836 ], [ -72.12879181, -47.32849969 ], [ -72.12866973, -47.32843103 ], [ -72.12855529, -47.32836999 ], [ -72.12844848, -47.32831659 ], [ -72.12831878, -47.32825555 ], [ -72.12821197, -47.32821359 ], [ -72.12575531, -47.32758416 ], [ -72.12563324, -47.32759942 ], [ -72.12548828, -47.3276185 ], [ -72.12532806, -47.3276452 ], [ -72.1251831, -47.3276719 ], [ -72.12500763, -47.32770242 ], [ -72.12468719, -47.32777108 ], [ -72.12451934, -47.3278016 ], [ -72.12437439, -47.32782449 ], [ -72.12422943, -47.32785119 ], [ -72.12408447, -47.32787027 ], [ -72.12393951, -47.32788553 ], [ -72.12380218, -47.32789316 ], [ -72.12367248, -47.32789316 ], [ -72.12353515, -47.32788553 ], [ -72.12341308, -47.32787027 ], [ -72.12328338, -47.32784738 ], [ -72.12315368, -47.32782068 ], [ -72.12303924, -47.32779397 ], [ -72.12284088, -47.32774438 ], [ -72.12268066, -47.32771005 ], [ -72.12254333, -47.32768716 ], [ -72.122406, -47.32766809 ], [ -72.12226867, -47.32766427 ], [ -72.12210846, -47.32767572 ], [ -72.12197113, -47.32769861 ], [ -72.12185669, -47.32772912 ], [ -72.12173462, -47.32776346 ], [ -72.1216278, -47.3278016 ], [ -72.12149047, -47.32784738 ], [ -72.12138366, -47.32788934 ], [ -72.12126159, -47.32793512 ], [ -72.12110138, -47.32799997 ], [ -72.12099456, -47.32804574 ], [ -72.12088775, -47.32808389 ], [ -72.12075805, -47.3281373 ], [ -72.12063598, -47.32818689 ], [ -72.12052154, -47.32823266 ], [ -72.12030029, -47.32832422 ], [ -72.12011718, -47.32840051 ], [ -72.11978912, -47.32853784 ], [ -72.11962127, -47.32860651 ], [ -72.11725616, -47.32939233 ], [ -72.11710357, -47.3294343 ], [ -72.11693573, -47.32948007 ], [ -72.11679077, -47.32951822 ], [ -72.11666107, -47.32956018 ], [ -72.11650085, -47.32960977 ], [ -72.11637115, -47.32965173 ], [ -72.11626434, -47.32968607 ], [ -72.1161499, -47.32973184 ], [ -72.11602783, -47.32978143 ], [ -72.11590576, -47.32983103 ], [ -72.11579132, -47.32988443 ], [ -72.11564636, -47.32995691 ], [ -72.11553192, -47.33001413 ], [ -72.11542511, -47.33007517 ], [ -72.11524963, -47.33017053 ], [ -72.11489105, -47.33036127 ], [ -72.11478424, -47.33042231 ], [ -72.11467743, -47.33047953 ], [ -72.11457061, -47.33053675 ], [ -72.11438751, -47.3306283 ], [ -72.11425018, -47.33070078 ], [ -72.11413574, -47.330758 ], [ -72.11398315, -47.33083429 ], [ -72.11379242, -47.33092585 ], [ -72.11367797, -47.33097162 ], [ -72.11354827, -47.33099833 ], [ -72.11343383, -47.33100596 ], [ -72.1132965, -47.33100596 ], [ -72.11315918, -47.33099833 ], [ -72.11302948, -47.33097544 ], [ -72.11288452, -47.33094492 ], [ -72.11277008, -47.3309144 ], [ -72.11264801, -47.33087626 ], [ -72.11254119, -47.33083429 ], [ -72.11243438, -47.33079233 ], [ -72.11228942, -47.33072748 ], [ -72.11216735, -47.33067026 ], [ -72.11205291, -47.33061304 ], [ -72.11195373, -47.33056345 ], [ -72.11183929, -47.3304986 ], [ -72.11173248, -47.33044138 ], [ -72.11164856, -47.33038797 ], [ -72.11154174, -47.33031931 ], [ -72.11141967, -47.33024301 ], [ -72.11132812, -47.33018579 ], [ -72.11122894, -47.33011713 ], [ -72.11115265, -47.33005991 ], [ -72.11104583, -47.32998361 ], [ -72.11095428, -47.32991495 ], [ -72.11087799, -47.3298501 ], [ -72.11079406, -47.32976999 ], [ -72.11070251, -47.32967462 ], [ -72.11062622, -47.32958688 ], [ -72.11054229, -47.32948389 ], [ -72.110466, -47.32938471 ], [ -72.11039734, -47.3293046 ], [ -72.1103363, -47.32923212 ], [ -72.11025238, -47.32914438 ], [ -72.11018371, -47.32906808 ], [ -72.11010742, -47.32899179 ], [ -72.11003112, -47.3289155 ], [ -72.10993957, -47.3288392 ], [ -72.10984802, -47.32877054 ], [ -72.10974884, -47.3287095 ], [ -72.10965728, -47.32865228 ], [ -72.10955047, -47.32861413 ], [ -72.1094284, -47.32861032 ], [ -72.10932922, -47.32865991 ], [ -72.10918426, -47.32873239 ], [ -72.10905456, -47.32879724 ], [ -72.10894012, -47.32885828 ], [ -72.10884094, -47.32891168 ], [ -72.10867309, -47.32899942 ], [ -72.10853576, -47.32907953 ], [ -72.10832977, -47.32919016 ], [ -72.10823059, -47.32924738 ], [ -72.1081314, -47.3293046 ], [ -72.10801696, -47.32936563 ], [ -72.10791015, -47.32942285 ], [ -72.10781097, -47.32948007 ], [ -72.10772705, -47.32953348 ], [ -72.10755157, -47.32962885 ], [ -72.10726165, -47.32980051 ], [ -72.10714721, -47.32986154 ], [ -72.10704803, -47.32991876 ], [ -72.10688781, -47.33001032 ], [ -72.10675811, -47.33008661 ], [ -72.10658264, -47.33018198 ], [ -72.10644531, -47.33025827 ], [ -72.10631561, -47.33032694 ], [ -72.10619354, -47.33038416 ], [ -72.1060791, -47.33042993 ], [ -72.10596466, -47.33046808 ], [ -72.10582733, -47.33051386 ], [ -72.10569763, -47.33055201 ], [ -72.10556793, -47.33058252 ], [ -72.10543823, -47.33060923 ], [ -72.10531616, -47.33063211 ], [ -72.10520172, -47.33065119 ], [ -72.10504913, -47.33067408 ], [ -72.10490417, -47.33069696 ], [ -72.10476684, -47.33071222 ], [ -72.10414886, -47.33079615 ], [ -72.10397338, -47.33081903 ], [ -72.1038208, -47.33084574 ], [ -72.10368347, -47.33086863 ], [ -72.10356903, -47.33089151 ], [ -72.10342407, -47.33092203 ], [ -72.10327148, -47.33095636 ], [ -72.10315704, -47.3309907 ], [ -72.10302734, -47.33102884 ], [ -72.10290527, -47.33107462 ], [ -72.1027832, -47.33112803 ], [ -72.10259246, -47.33121576 ], [ -72.10240936, -47.33129969 ], [ -72.10223388, -47.33138361 ], [ -72.10207367, -47.33145991 ], [ -72.10192871, -47.33153238 ], [ -72.10178375, -47.33159723 ], [ -72.10165405, -47.3316659 ], [ -72.10153198, -47.33172312 ], [ -72.10140991, -47.33178416 ], [ -72.1013031, -47.33183756 ], [ -72.10120391, -47.33189097 ], [ -72.10102081, -47.33198252 ], [ -72.10086059, -47.33206644 ], [ -72.10071563, -47.33214274 ], [ -72.10058593, -47.3322114 ], [ -72.10047912, -47.33226862 ], [ -72.10037994, -47.33231821 ], [ -72.10021209, -47.33240977 ], [ -72.10009002, -47.33247843 ], [ -72.09986114, -47.33260432 ], [ -72.09774017, -47.33371821 ], [ -72.09762573, -47.33375636 ], [ -72.0974884, -47.33380214 ], [ -72.09736633, -47.33384028 ], [ -72.09720611, -47.33388606 ], [ -72.09703064, -47.33393184 ], [ -72.09690094, -47.33396617 ], [ -72.09674835, -47.33400813 ], [ -72.09656524, -47.33405391 ], [ -72.09641265, -47.33408824 ], [ -72.09628296, -47.33411494 ], [ -72.09616088, -47.33413401 ], [ -72.0960083, -47.33414927 ], [ -72.0958786, -47.33416072 ], [ -72.09573364, -47.33416835 ], [ -72.09558868, -47.33417216 ], [ -72.09543609, -47.33416835 ], [ -72.09531402, -47.33416072 ], [ -72.0951538, -47.33414927 ], [ -72.09502411, -47.33414164 ], [ -72.09490203, -47.33412257 ], [ -72.09478759, -47.33409968 ], [ -72.09465789, -47.33406154 ], [ -72.09454345, -47.33401957 ], [ -72.09441375, -47.33395472 ], [ -72.09429931, -47.3338975 ], [ -72.0941391, -47.33382121 ], [ -72.09401703, -47.33376017 ], [ -72.09388733, -47.33369914 ], [ -72.09378051, -47.33366099 ], [ -72.09365844, -47.33362284 ], [ -72.093544, -47.33359614 ], [ -72.09342193, -47.3335847 ], [ -72.09329223, -47.3335847 ], [ -72.0931549, -47.3335847 ], [ -72.09298706, -47.3335847 ], [ -72.0928421, -47.33358851 ], [ -72.09268951, -47.33359996 ], [ -72.09252166, -47.33360759 ], [ -72.09237671, -47.33361521 ], [ -72.09218597, -47.33363429 ], [ -72.0920639, -47.33364192 ], [ -72.09191894, -47.33366099 ], [ -72.09179687, -47.33368006 ], [ -72.0916748, -47.33369914 ], [ -72.09152221, -47.33372584 ], [ -72.08892059, -47.33353892 ], [ -72.08867645, -47.33351985 ], [ -72.08853149, -47.33351985 ], [ -72.08840179, -47.33351985 ], [ -72.0882492, -47.33352366 ], [ -72.08811187, -47.33353511 ], [ -72.0879364, -47.33354655 ], [ -72.08779144, -47.33356181 ], [ -72.08763885, -47.33358088 ], [ -72.08746338, -47.33360377 ], [ -72.0873413, -47.33361903 ], [ -72.08718109, -47.33364573 ], [ -72.08706665, -47.33366862 ], [ -72.08692169, -47.33370295 ], [ -72.08678436, -47.33373729 ], [ -72.08666229, -47.33377543 ], [ -72.08654022, -47.33380976 ], [ -72.08643341, -47.3338441 ], [ -72.08628845, -47.33389369 ], [ -72.08615875, -47.33394328 ], [ -72.08603668, -47.33398906 ], [ -72.08592224, -47.33403483 ], [ -72.08581543, -47.33408061 ], [ -72.08561706, -47.33416072 ], [ -72.08544922, -47.3342332 ], [ -72.08529663, -47.33429042 ], [ -72.08516693, -47.33434001 ], [ -72.08504486, -47.33438579 ], [ -72.0848999, -47.33443919 ], [ -72.0847702, -47.33448115 ], [ -72.08463287, -47.33452311 ], [ -72.08452606, -47.33455363 ], [ -72.08437347, -47.33458796 ], [ -72.0842514, -47.33461085 ], [ -72.08409881, -47.33463756 ], [ -72.08397674, -47.33465281 ], [ -72.08384704, -47.33466044 ], [ -72.08370971, -47.33466807 ], [ -72.08355713, -47.33466807 ], [ -72.08340454, -47.33466044 ], [ -72.08322906, -47.33465281 ], [ -72.08309936, -47.33464519 ], [ -72.08297729, -47.33462993 ], [ -72.08283233, -47.33461467 ], [ -72.08267974, -47.33458034 ], [ -72.08007812, -47.33405391 ], [ -72.07995605, -47.33406154 ], [ -72.07982635, -47.33408442 ], [ -72.07970428, -47.33411494 ], [ -72.07958984, -47.3341569 ], [ -72.07948303, -47.33419886 ], [ -72.07937622, -47.33425227 ], [ -72.07926178, -47.33430949 ], [ -72.07916259, -47.33437434 ], [ -72.07906341, -47.33443538 ], [ -72.07894134, -47.33451549 ], [ -72.07883453, -47.33459178 ], [ -72.07873535, -47.33466044 ], [ -72.07862091, -47.33474055 ], [ -72.07852172, -47.33481685 ], [ -72.0784378, -47.3348817 ], [ -72.07829284, -47.33499232 ], [ -72.07818603, -47.33508006 ], [ -72.07803344, -47.33520595 ], [ -72.07788849, -47.33532802 ], [ -72.07778167, -47.33542339 ], [ -72.07769012, -47.33551112 ], [ -72.07759094, -47.33561794 ], [ -72.0775299, -47.3356866 ], [ -72.07746124, -47.33575527 ], [ -72.07737732, -47.33582393 ], [ -72.07728576, -47.33588115 ], [ -72.07546234, -47.33607189 ], [ -72.07526397, -47.33797161 ], [ -72.07524109, -47.33808987 ], [ -72.0752182, -47.33817379 ], [ -72.07519531, -47.33826153 ], [ -72.07514953, -47.33844845 ], [ -72.07511139, -47.33854763 ], [ -72.07507324, -47.33863537 ], [ -72.07504272, -47.33871548 ], [ -72.07499694, -47.33881466 ], [ -72.07495117, -47.33889477 ], [ -72.07491302, -47.33897106 ], [ -72.07485962, -47.33906643 ], [ -72.07479858, -47.33916943 ], [ -72.07472992, -47.33927624 ], [ -72.07464599, -47.33940975 ], [ -72.07457733, -47.33950131 ], [ -72.07451629, -47.33958904 ], [ -72.07446289, -47.33966534 ], [ -72.07437896, -47.33976834 ], [ -72.07429504, -47.33985989 ], [ -72.07422638, -47.33994381 ], [ -72.07415008, -47.34001629 ], [ -72.07406616, -47.34010022 ], [ -72.07398224, -47.34017651 ], [ -72.07387542, -47.34027188 ], [ -72.07378387, -47.34034817 ], [ -72.07370758, -47.34041302 ], [ -72.07357788, -47.34050457 ], [ -72.07346344, -47.3405885 ], [ -72.073349, -47.34066479 ], [ -72.07325744, -47.34072583 ], [ -72.07316589, -47.34077923 ], [ -72.07304382, -47.34085171 ], [ -72.07292938, -47.34091275 ], [ -72.0728302, -47.34096615 ], [ -72.0727005, -47.34102719 ], [ -72.07258606, -47.34107678 ], [ -72.07243347, -47.34114163 ], [ -72.07230377, -47.34119122 ], [ -72.07216644, -47.34124081 ], [ -72.07205963, -47.34127515 ], [ -72.07192993, -47.34131329 ], [ -72.07182312, -47.34134381 ], [ -72.07167053, -47.34138196 ], [ -72.07155609, -47.34141247 ], [ -72.07133484, -47.34146588 ], [ -72.07112884, -47.34151547 ], [ -72.07093048, -47.34155743 ], [ -72.07074737, -47.34159558 ], [ -72.07057953, -47.34163373 ], [ -72.07041931, -47.34166806 ], [ -72.07026672, -47.34169476 ], [ -72.07012176, -47.34172147 ], [ -72.06998443, -47.34174435 ], [ -72.06986236, -47.34176343 ], [ -72.06968689, -47.34179013 ], [ -72.06952667, -47.34181302 ], [ -72.06938171, -47.34183209 ], [ -72.06920623, -47.34185498 ], [ -72.06905365, -47.34186642 ], [ -72.06891632, -47.34187787 ], [ -72.06874084, -47.34188931 ], [ -72.06860351, -47.34190076 ], [ -72.06848144, -47.34190457 ], [ -72.06829834, -47.34190839 ], [ -72.06813812, -47.34190839 ], [ -72.06798553, -47.34190457 ], [ -72.06781768, -47.34190076 ], [ -72.06760406, -47.34189694 ], [ -72.0674057, -47.3418855 ], [ -72.06722259, -47.34188168 ], [ -72.06704712, -47.34187405 ], [ -72.0668869, -47.34186261 ], [ -72.06658172, -47.34185498 ], [ -72.06544494, -47.34180157 ], [ -72.06278991, -47.34172147 ], [ -72.06263733, -47.34172147 ], [ -72.06240081, -47.34171384 ], [ -72.06223297, -47.34171002 ], [ -72.06209564, -47.34171002 ], [ -72.0619049, -47.34170239 ], [ -72.06170654, -47.34169476 ], [ -72.06158447, -47.34168713 ], [ -72.06147003, -47.3416795 ], [ -72.06130218, -47.34166425 ], [ -72.06114196, -47.34164136 ], [ -72.06098938, -47.34161465 ], [ -72.06084442, -47.34158795 ], [ -72.06071472, -47.34156125 ], [ -72.06058502, -47.34153455 ], [ -72.06041717, -47.34149258 ], [ -72.06026458, -47.34145825 ], [ -72.06011963, -47.34141629 ], [ -72.0599823, -47.34138196 ], [ -72.05973053, -47.34131329 ], [ -72.05950927, -47.34125607 ], [ -72.05931854, -47.34120648 ], [ -72.05915069, -47.3411607 ], [ -72.05900573, -47.34112637 ], [ -72.0588684, -47.34109967 ], [ -72.05870056, -47.34106534 ], [ -72.05856323, -47.34104245 ], [ -72.05841827, -47.34101575 ], [ -72.0582962, -47.34100049 ], [ -72.0581665, -47.34098141 ], [ -72.05802917, -47.34097378 ], [ -72.05789947, -47.34096615 ], [ -72.05776977, -47.34096234 ], [ -72.05764007, -47.34096234 ], [ -72.057518, -47.34096234 ], [ -72.05736541, -47.34096615 ], [ -72.05722046, -47.34096997 ], [ -72.05708313, -47.3409776 ], [ -72.05696106, -47.34098523 ], [ -72.05683899, -47.34099286 ], [ -72.05661773, -47.34101193 ], [ -72.05634308, -47.34103863 ], [ -72.05369568, -47.34104626 ], [ -72.0535736, -47.34103863 ], [ -72.05343628, -47.34102719 ], [ -72.05325317, -47.3410043 ], [ -72.05305481, -47.34098141 ], [ -72.05286407, -47.34095471 ], [ -72.05268097, -47.34093182 ], [ -72.05250549, -47.34090512 ], [ -72.05233001, -47.34088223 ], [ -72.0521698, -47.34085553 ], [ -72.05200958, -47.34082882 ], [ -72.05185699, -47.34080212 ], [ -72.0517044, -47.34077542 ], [ -72.05155944, -47.34075253 ], [ -72.05142212, -47.34072583 ], [ -72.05129242, -47.34069912 ], [ -72.05115509, -47.34067242 ], [ -72.05103302, -47.34064953 ], [ -72.05091095, -47.34062283 ], [ -72.05078888, -47.34059613 ], [ -72.05067443, -47.34057324 ], [ -72.05046081, -47.34052365 ], [ -72.05025482, -47.34047787 ], [ -72.05006408, -47.34042828 ], [ -72.04988861, -47.34039013 ], [ -72.04972076, -47.34034436 ], [ -72.04956054, -47.3403024 ], [ -72.04941558, -47.34026806 ], [ -72.04927826, -47.34022992 ], [ -72.04914093, -47.34019558 ], [ -72.04901886, -47.34016125 ], [ -72.0487976, -47.3400964 ], [ -72.04860687, -47.340043 ], [ -72.04843139, -47.3399934 ], [ -72.04827881, -47.33994381 ], [ -72.04814148, -47.33990185 ], [ -72.04801941, -47.33986752 ], [ -72.04782104, -47.3398103 ], [ -72.04766082, -47.33976071 ], [ -72.04754638, -47.33971875 ], [ -72.04741668, -47.3396806 ], [ -72.04539489, -47.33848659 ], [ -72.04535675, -47.33840649 ], [ -72.04533386, -47.33832256 ], [ -72.04532623, -47.33824245 ], [ -72.04533386, -47.33815472 ], [ -72.04536438, -47.33807461 ], [ -72.04540252, -47.33799068 ], [ -72.0454483, -47.33791439 ], [ -72.04550171, -47.33782284 ], [ -72.04556274, -47.33772365 ], [ -72.04563141, -47.33762829 ], [ -72.04569244, -47.33754818 ], [ -72.04577636, -47.33744899 ], [ -72.04584503, -47.33735744 ], [ -72.04590606, -47.33727733 ], [ -72.04595947, -47.33720485 ], [ -72.0460205, -47.33712093 ], [ -72.04607391, -47.33704464 ], [ -72.0461502, -47.33693019 ], [ -72.04619598, -47.3368539 ], [ -72.04624176, -47.33677761 ], [ -72.0462799, -47.3366975 ], [ -72.04631805, -47.33661357 ], [ -72.04639434, -47.33644191 ], [ -72.04646301, -47.33628551 ], [ -72.04653167, -47.33613674 ], [ -72.04659271, -47.33599559 ], [ -72.04665374, -47.33586589 ], [ -72.04669952, -47.33574382 ], [ -72.04675293, -47.33563319 ], [ -72.04679107, -47.33552257 ], [ -72.04683685, -47.33542339 ], [ -72.04686737, -47.33533183 ], [ -72.04690551, -47.33524028 ], [ -72.04693603, -47.33516017 ], [ -72.04695892, -47.33508006 ], [ -72.04701233, -47.33493892 ], [ -72.04705047, -47.33481303 ], [ -72.04707336, -47.33470241 ], [ -72.04710388, -47.33460322 ], [ -72.04712677, -47.33451549 ], [ -72.04714965, -47.33440867 ], [ -72.04716491, -47.33431712 ], [ -72.04718017, -47.33421794 ], [ -72.04719543, -47.33411113 ], [ -72.04720306, -47.33398906 ], [ -72.04721069, -47.33387843 ], [ -72.04721069, -47.33376399 ], [ -72.04720306, -47.33366099 ], [ -72.0471878, -47.33356181 ], [ -72.04717254, -47.33347789 ], [ -72.04714203, -47.33337489 ], [ -72.04711151, -47.33328334 ], [ -72.04708099, -47.33318415 ], [ -72.04703521, -47.33308497 ], [ -72.04698181, -47.33298197 ], [ -72.04693603, -47.33290186 ], [ -72.04686737, -47.33279505 ], [ -72.04681396, -47.33271876 ], [ -72.04675293, -47.33264628 ], [ -72.04611206, -47.33187571 ], [ -72.04547119, -47.33111277 ], [ -72.04451751, -47.3304986 ], [ -72.0435028, -47.3298501 ], [ -72.04339599, -47.32978525 ], [ -72.04328155, -47.32973184 ], [ -72.04317474, -47.32968607 ], [ -72.04307556, -47.32964792 ], [ -72.0429306, -47.32959451 ], [ -72.04278564, -47.32954874 ], [ -72.04266357, -47.32951441 ], [ -72.0425415, -47.32948007 ], [ -72.04239654, -47.32944193 ], [ -72.04187011, -47.3293046 ], [ -72.04174804, -47.32927408 ], [ -72.04161834, -47.32923975 ], [ -72.04146576, -47.32919397 ], [ -72.04131317, -47.32914438 ], [ -72.0411911, -47.32911386 ], [ -72.04105377, -47.3290719 ], [ -72.04092407, -47.32903757 ], [ -72.04079437, -47.32898798 ], [ -72.04067993, -47.32893457 ], [ -72.04058075, -47.32887353 ], [ -72.04048919, -47.3288125 ], [ -72.04040527, -47.32874765 ], [ -72.04032898, -47.32867136 ], [ -72.04026031, -47.32859888 ], [ -72.04019928, -47.32852258 ], [ -72.04013824, -47.32843103 ], [ -72.04009246, -47.32833566 ], [ -72.04004669, -47.32824411 ], [ -72.04001617, -47.32815637 ], [ -72.03999328, -47.32807626 ], [ -72.03997039, -47.32799234 ], [ -72.03994751, -47.32788171 ], [ -72.03992462, -47.32777871 ], [ -72.03991699, -47.32768335 ], [ -72.03990173, -47.32756509 ], [ -72.03986358, -47.3272828 ], [ -72.03984832, -47.3271531 ], [ -72.03983307, -47.32705773 ], [ -72.03981018, -47.32695474 ], [ -72.03978729, -47.32685174 ], [ -72.03975677, -47.32675256 ], [ -72.03964233, -47.32640161 ], [ -72.03443908, -47.31835257 ], [ -72.03430175, -47.31832206 ], [ -72.03417205, -47.31829917 ], [ -72.03404235, -47.31827628 ], [ -72.03387451, -47.31824958 ], [ -72.03372192, -47.31822287 ], [ -72.03357696, -47.3182038 ], [ -72.03343963, -47.31818091 ], [ -72.03305816, -47.31813132 ], [ -72.03285217, -47.3181008 ], [ -72.03266906, -47.3180741 ], [ -72.03251648, -47.31805121 ], [ -72.03237915, -47.31802451 ], [ -72.03220367, -47.31799399 ], [ -72.03205871, -47.31796347 ], [ -72.03191375, -47.31792533 ], [ -72.0317688, -47.317891 ], [ -72.03162384, -47.31784522 ], [ -72.0315094, -47.31780326 ], [ -72.03138733, -47.3177613 ], [ -72.03122711, -47.31770789 ], [ -72.0311203, -47.31766593 ], [ -72.03101349, -47.31761634 ], [ -72.03089142, -47.3175553 ], [ -72.03079986, -47.31749427 ], [ -72.03072357, -47.31743323 ], [ -72.03063202, -47.31734931 ], [ -72.03054046, -47.31727301 ], [ -72.0304718, -47.31720435 ], [ -72.0303955, -47.31713568 ], [ -72.03030395, -47.31704032 ], [ -72.03022766, -47.31695639 ], [ -72.03015899, -47.31687628 ], [ -72.02974701, -47.31635367 ], [ -72.02875518, -47.31452642 ], [ -72.02719879, -47.31359564 ], [ -72.01341247, -47.30535969 ], [ -72.01141357, -47.3041695 ], [ -72.001312, -47.29800654 ], [ -72.00023674, -47.29733042 ], [ -71.99753753, -47.29611697 ], [ -71.99535051, -47.29470534 ], [ -71.99500577, -47.29274721 ], [ -71.9952382, -47.2911846 ], [ -71.99604258, -47.28789745 ], [ -71.99730745, -47.28500153 ], [ -71.99880329, -47.28038103 ], [ -71.99960884, -47.27795366 ], [ -72.00091637, -47.27547256 ], [ -72.00131121, -47.27472332 ], [ -72.00150299, -47.27446819 ], [ -72.00154876, -47.27438809 ], [ -72.00164795, -47.27419354 ], [ -72.00169372, -47.2741058 ], [ -72.00176239, -47.27396465 ], [ -72.00183105, -47.27382351 ], [ -72.00187683, -47.27372814 ], [ -72.00191497, -47.27363659 ], [ -72.00196075, -47.27352215 ], [ -72.0019989, -47.27342678 ], [ -72.00212097, -47.2730682 ], [ -72.00215912, -47.27298427 ], [ -72.00218963, -47.27288891 ], [ -72.00224304, -47.27276302 ], [ -72.00229644, -47.27266002 ], [ -72.00234985, -47.27255321 ], [ -72.00240326, -47.27245403 ], [ -72.00245666, -47.27235866 ], [ -72.00251007, -47.27227474 ], [ -72.00256347, -47.272187 ], [ -72.00294494, -47.27157283 ], [ -72.00299072, -47.27149654 ], [ -72.00306701, -47.27136684 ], [ -72.00312042, -47.27127147 ], [ -72.00315857, -47.27119518 ], [ -72.00320434, -47.27110744 ], [ -72.00326538, -47.270993 ], [ -72.00331878, -47.2708633 ], [ -72.00337982, -47.27071452 ], [ -72.00343322, -47.27058101 ], [ -72.003479, -47.27046275 ], [ -72.00352478, -47.27035594 ], [ -72.00359344, -47.27017284 ], [ -72.00364685, -47.27003551 ], [ -72.00368499, -47.26992869 ], [ -72.0037384, -47.26979518 ], [ -72.00377655, -47.26971126 ], [ -72.00381469, -47.26962352 ], [ -72.00398254, -47.26922297 ], [ -72.00405121, -47.2690475 ], [ -72.00411987, -47.26888728 ], [ -72.00418853, -47.26873469 ], [ -72.00424957, -47.26858973 ], [ -72.0043106, -47.26845622 ], [ -72.00436401, -47.26833033 ], [ -72.00441742, -47.26821208 ], [ -72.00446319, -47.26810526 ], [ -72.00450897, -47.26800227 ], [ -72.00455475, -47.26790309 ], [ -72.00459289, -47.26781153 ], [ -72.00463104, -47.26772761 ], [ -72.00466919, -47.2676475 ], [ -72.00476837, -47.26743388 ], [ -72.0048294, -47.26730799 ], [ -72.00488281, -47.26720499 ], [ -72.00492859, -47.26710963 ], [ -72.00496673, -47.26702952 ], [ -72.00506591, -47.26683115 ], [ -72.00511169, -47.26673579 ], [ -72.00520324, -47.26656031 ], [ -72.00526428, -47.26645731 ], [ -72.00531006, -47.2663772 ], [ -72.00537109, -47.26627039 ], [ -72.00543213, -47.26617121 ], [ -72.00551605, -47.26605295 ], [ -72.00558471, -47.26594996 ], [ -72.00565338, -47.2658584 ], [ -72.00571441, -47.26578211 ], [ -72.00579834, -47.26567911 ], [ -72.00588226, -47.2655723 ], [ -72.00598907, -47.26545404 ], [ -72.00611114, -47.2653129 ], [ -72.00618744, -47.26522516 ], [ -72.00628662, -47.26511835 ], [ -72.0063858, -47.26501154 ], [ -72.00646972, -47.26491617 ], [ -72.0066452, -47.26473306 ], [ -72.00679016, -47.26457285 ], [ -72.00704956, -47.26429437 ], [ -72.00724029, -47.26408456 ], [ -72.00738525, -47.26393198 ], [ -72.00749206, -47.26380991 ], [ -72.00757599, -47.26372217 ], [ -72.00769806, -47.26358865 ], [ -72.00782013, -47.26345895 ], [ -72.00791931, -47.2633407 ], [ -72.00928497, -47.26179574 ], [ -72.00940704, -47.2616546 ], [ -72.00948333, -47.26156686 ], [ -72.00955963, -47.26147912 ], [ -72.00962066, -47.26139901 ], [ -72.00968933, -47.26132272 ], [ -72.00974273, -47.26125024 ], [ -72.00984955, -47.26112054 ], [ -72.0099411, -47.2610061 ], [ -72.01001739, -47.2609031 ], [ -72.01008606, -47.26081536 ], [ -72.01014709, -47.26073144 ], [ -72.0102005, -47.26066277 ], [ -72.01028442, -47.26054452 ], [ -72.01034546, -47.26045296 ], [ -72.01039886, -47.26037667 ], [ -72.01046753, -47.2602813 ], [ -72.01055145, -47.2601516 ], [ -72.01061248, -47.26005242 ], [ -72.01067352, -47.25994942 ], [ -72.01073455, -47.25985406 ], [ -72.01078796, -47.2597625 ], [ -72.01084137, -47.25967095 ], [ -72.01089477, -47.25958321 ], [ -72.01094055, -47.25949547 ], [ -72.01098632, -47.25941155 ], [ -72.0110321, -47.25933144 ], [ -72.01107025, -47.25924752 ], [ -72.0111084, -47.25917122 ], [ -72.01118469, -47.25903008 ], [ -72.01125335, -47.25888893 ], [ -72.01131439, -47.25875923 ], [ -72.01137542, -47.25863716 ], [ -72.01145172, -47.2584655 ], [ -72.01149749, -47.25835869 ], [ -72.01154327, -47.25825951 ], [ -72.01158142, -47.25816796 ], [ -72.01161956, -47.25808022 ], [ -72.01165008, -47.25800011 ], [ -72.01168823, -47.25791618 ], [ -72.01177215, -47.25771019 ], [ -72.01242828, -47.25589439 ], [ -72.01249694, -47.2556884 ], [ -72.01254272, -47.25554725 ], [ -72.0125885, -47.25541374 ], [ -72.01262664, -47.25529167 ], [ -72.01266479, -47.25517341 ], [ -72.01269531, -47.2550666 ], [ -72.01276397, -47.25486061 ], [ -72.01281738, -47.2546775 ], [ -72.01286316, -47.2545211 ], [ -72.01290893, -47.25438377 ], [ -72.01293945, -47.25426551 ], [ -72.01300811, -47.2540557 ], [ -72.01304626, -47.25389548 ], [ -72.01308441, -47.25377341 ], [ -72.01313781, -47.25359794 ], [ -72.01318359, -47.25341865 ], [ -72.01322937, -47.25326987 ], [ -72.01325988, -47.25312873 ], [ -72.0132904, -47.25299903 ], [ -72.01331329, -47.25286933 ], [ -72.01333618, -47.25275107 ], [ -72.01335907, -47.25263663 ], [ -72.01337433, -47.25253363 ], [ -72.01344299, -47.25213691 ], [ -72.01346588, -47.25198813 ], [ -72.01348877, -47.25186225 ], [ -72.01351165, -47.25175162 ], [ -72.01352691, -47.25165625 ], [ -72.0135498, -47.25156851 ], [ -72.01357269, -47.25146933 ], [ -72.01428985, -47.24974127 ], [ -72.01435089, -47.24962683 ], [ -72.01441955, -47.24949331 ], [ -72.01447296, -47.24939032 ], [ -72.01453399, -47.24927206 ], [ -72.01457977, -47.24918051 ], [ -72.01463318, -47.24905462 ], [ -72.01470184, -47.24889441 ], [ -72.0147705, -47.24874563 ], [ -72.01482391, -47.24861212 ], [ -72.01487732, -47.24848242 ], [ -72.01493072, -47.24836035 ], [ -72.0149765, -47.24824591 ], [ -72.01501465, -47.24813909 ], [ -72.01506042, -47.24803991 ], [ -72.01509094, -47.24794454 ], [ -72.01512909, -47.24786062 ], [ -72.0151596, -47.2477767 ], [ -72.01521301, -47.24762792 ], [ -72.01525879, -47.24749059 ], [ -72.01531982, -47.24732275 ], [ -72.01535797, -47.24722356 ], [ -72.01538086, -47.24713583 ], [ -72.01542663, -47.24699468 ], [ -72.01548004, -47.24683446 ], [ -72.01551056, -47.24670095 ], [ -72.01554107, -47.24661321 ], [ -72.01556396, -47.24652929 ], [ -72.01558685, -47.24643011 ], [ -72.01560211, -47.24634237 ], [ -72.01560974, -47.24625463 ], [ -72.01560974, -47.24615545 ], [ -72.01561737, -47.24604482 ], [ -72.01560974, -47.24593419 ], [ -72.01560211, -47.24584264 ], [ -72.01558685, -47.24574346 ], [ -72.01557159, -47.24563283 ], [ -72.01554107, -47.24552602 ], [ -72.01551819, -47.24541921 ], [ -72.01547241, -47.24525518 ], [ -72.01544189, -47.24515599 ], [ -72.01541137, -47.24506444 ], [ -72.01538086, -47.2449767 ], [ -72.01535797, -47.24489659 ], [ -72.01530456, -47.24474782 ], [ -72.01525879, -47.24461812 ], [ -72.01522064, -47.24449986 ], [ -72.01518249, -47.24439687 ], [ -72.01515197, -47.24430913 ], [ -72.01512146, -47.2442252 ], [ -72.01504516, -47.24403828 ], [ -72.01500702, -47.24394673 ], [ -72.01493835, -47.24377888 ], [ -72.0149002, -47.2436797 ], [ -72.0148468, -47.24355763 ], [ -72.01480102, -47.24343938 ], [ -72.01475525, -47.24333256 ], [ -72.01470947, -47.24323338 ], [ -72.01467132, -47.24313801 ], [ -72.01463318, -47.24305028 ], [ -72.01459503, -47.24296635 ], [ -72.01452636, -47.24281758 ], [ -72.01446533, -47.24268788 ], [ -72.01438141, -47.24251622 ], [ -72.01433563, -47.24242085 ], [ -72.01428985, -47.24233311 ], [ -72.01422119, -47.24219578 ], [ -72.01416778, -47.24208897 ], [ -72.01412201, -47.24200123 ], [ -72.01405334, -47.24188679 ], [ -72.01397705, -47.24174565 ], [ -72.01391601, -47.24164646 ], [ -72.01384735, -47.24152821 ], [ -72.01377105, -47.24141758 ], [ -72.01369476, -47.24131458 ], [ -72.0136261, -47.2412154 ], [ -72.01355743, -47.24112385 ], [ -72.0134964, -47.24103993 ], [ -72.01343536, -47.24096363 ], [ -72.01334381, -47.240853 ], [ -72.013237, -47.2407233 ], [ -72.01313781, -47.24060505 ], [ -72.01305389, -47.24050968 ], [ -72.01296997, -47.24041813 ], [ -72.0129013, -47.24034183 ], [ -72.01277923, -47.24021213 ], [ -72.01268768, -47.24010914 ], [ -72.01261139, -47.24003284 ], [ -72.01249694, -47.23991077 ], [ -72.01239013, -47.23979252 ], [ -72.01231384, -47.23970859 ], [ -72.01216888, -47.23954838 ], [ -72.01203918, -47.23941868 ], [ -72.01195526, -47.23933475 ], [ -72.01187896, -47.23925846 ], [ -72.0118103, -47.23918598 ], [ -72.01171875, -47.23910587 ], [ -72.01163482, -47.23903339 ], [ -72.01152801, -47.23894565 ], [ -72.01142883, -47.23887699 ], [ -72.01132965, -47.23880832 ], [ -72.01120758, -47.23873203 ], [ -72.01110077, -47.23867481 ], [ -72.01100158, -47.23862522 ], [ -72.0109024, -47.23857563 ], [ -72.01076507, -47.2385184 ], [ -72.01060486, -47.23845737 ], [ -72.01048278, -47.23841159 ], [ -72.01037597, -47.23837726 ], [ -72.01026153, -47.23833911 ], [ -72.01011657, -47.23828952 ], [ -72.00993347, -47.23823612 ], [ -72.00976562, -47.23819034 ], [ -72.00962066, -47.23815219 ], [ -72.00936126, -47.23807971 ], [ -72.00918579, -47.23802631 ], [ -72.00904846, -47.23798435 ], [ -72.00885009, -47.23792713 ], [ -72.00874328, -47.23788898 ], [ -72.00859832, -47.2378432 ], [ -72.00836181, -47.23775546 ], [ -72.00822448, -47.23770587 ], [ -72.00810241, -47.23766773 ], [ -72.0079956, -47.23762576 ], [ -72.00782776, -47.23756091 ], [ -72.00769806, -47.23751132 ], [ -72.00759124, -47.23747318 ], [ -72.00583648, -47.23614566 ], [ -72.00576782, -47.23606173 ], [ -72.00569915, -47.23597018 ], [ -72.00563812, -47.2358977 ], [ -72.00553894, -47.23576419 ], [ -72.0054779, -47.23567645 ], [ -72.00538635, -47.23556201 ], [ -72.00531006, -47.2354552 ], [ -72.00524139, -47.23534838 ], [ -72.00517273, -47.23525683 ], [ -72.00511932, -47.23516146 ], [ -72.00506591, -47.23507754 ], [ -72.00502014, -47.23499362 ], [ -72.00497436, -47.23491732 ], [ -72.00489807, -47.23477999 ], [ -72.0048294, -47.23465411 ], [ -72.004776, -47.23454348 ], [ -72.00472259, -47.23445193 ], [ -72.00466156, -47.23432604 ], [ -72.00460052, -47.2341849 ], [ -72.00456237, -47.2340819 ], [ -72.00452423, -47.23399798 ], [ -72.00447845, -47.23388354 ], [ -72.00441742, -47.23373858 ], [ -72.0043869, -47.2336394 ], [ -72.00436401, -47.23354784 ], [ -72.00434112, -47.23345629 ], [ -72.00433349, -47.23336855 ], [ -72.00431823, -47.23328463 ], [ -72.00431823, -47.23320452 ], [ -72.0043106, -47.23310152 ], [ -72.0043106, -47.23300615 ], [ -72.0043106, -47.23291842 ], [ -72.00431823, -47.23282686 ], [ -72.00432586, -47.23266665 ], [ -72.00432586, -47.2325255 ], [ -72.00433349, -47.23240725 ], [ -72.00432586, -47.23230043 ], [ -72.00432586, -47.23220507 ], [ -72.00431823, -47.23212496 ], [ -72.00430298, -47.23202196 ], [ -72.00429535, -47.23193804 ], [ -72.00427246, -47.2318503 ], [ -72.00267791, -47.23046556 ], [ -72.00255584, -47.23038927 ], [ -72.00239563, -47.23028627 ], [ -72.00229644, -47.23022142 ], [ -72.00220489, -47.23016801 ], [ -72.00211334, -47.23011461 ], [ -72.00187683, -47.22996965 ], [ -72.00174713, -47.22988954 ], [ -72.00163269, -47.22981706 ], [ -72.00153351, -47.22975603 ], [ -72.00144958, -47.22969499 ], [ -72.00133514, -47.2296187 ], [ -72.00125122, -47.22955766 ], [ -72.00113678, -47.22946611 ], [ -72.00104522, -47.22938981 ], [ -72.0009613, -47.22931733 ], [ -72.00088501, -47.22924867 ], [ -72.00080108, -47.22916093 ], [ -72.00074005, -47.22908464 ], [ -72.00067901, -47.22901216 ], [ -72.00061798, -47.2289206 ], [ -72.0005722, -47.22882905 ], [ -72.00052643, -47.22874513 ], [ -72.00048828, -47.22864595 ], [ -72.00045776, -47.22855439 ], [ -72.00043487, -47.2284514 ], [ -72.00041961, -47.22835603 ], [ -72.00040435, -47.2282721 ], [ -72.0003891, -47.22816911 ], [ -72.0003891, -47.22807755 ], [ -72.00038147, -47.22799745 ], [ -72.00038147, -47.22786012 ], [ -72.00038147, -47.22774949 ], [ -72.00037384, -47.22766557 ], [ -72.00037384, -47.22755494 ], [ -72.00037384, -47.22744813 ], [ -72.00036621, -47.22732987 ], [ -72.00036621, -47.22722306 ], [ -72.00037384, -47.22713914 ], [ -72.00038147, -47.22704377 ], [ -72.00039673, -47.22693696 ], [ -72.00042724, -47.22683015 ], [ -72.00045776, -47.22672333 ], [ -72.00050354, -47.22664323 ], [ -72.00056457, -47.22656693 ], [ -72.00123596, -47.22486557 ], [ -72.00125122, -47.22472824 ], [ -72.00125885, -47.22457565 ], [ -72.00127411, -47.22443833 ], [ -72.00127411, -47.22432388 ], [ -72.00128174, -47.22422089 ], [ -72.00128174, -47.22412552 ], [ -72.00128174, -47.22400726 ], [ -72.00128174, -47.22388138 ], [ -72.00127411, -47.2237822 ], [ -72.00126648, -47.22367157 ], [ -72.00125885, -47.22358002 ], [ -72.00125122, -47.22346176 ], [ -72.00119781, -47.22295059 ], [ -72.00117492, -47.22276367 ], [ -72.00115204, -47.22259582 ], [ -72.00113678, -47.22244705 ], [ -72.00112152, -47.22231735 ], [ -72.00110626, -47.22221054 ], [ -72.00109863, -47.22211135 ], [ -72.00108337, -47.22202362 ], [ -72.00106048, -47.22187866 ], [ -72.00104522, -47.22176803 ], [ -72.00102997, -47.22167648 ], [ -72.00100708, -47.22152008 ], [ -72.00098419, -47.22142089 ], [ -72.0009613, -47.22128738 ], [ -72.00093841, -47.22116531 ], [ -72.00091552, -47.22106231 ], [ -72.00090027, -47.22097076 ], [ -72.00086975, -47.22081435 ], [ -72.00083923, -47.2206961 ], [ -72.00080108, -47.22051681 ], [ -72.00076294, -47.22034133 ], [ -72.00074768, -47.22026122 ], [ -72.00070953, -47.22012008 ], [ -72.00067138, -47.21999419 ], [ -72.00052643, -47.21950973 ], [ -72.00049591, -47.21941054 ], [ -72.00046539, -47.21929992 ], [ -72.0004425, -47.21920455 ], [ -72.00041961, -47.21910918 ], [ -72.00039673, -47.21901381 ], [ -72.00038147, -47.21889556 ], [ -72.00035858, -47.2187773 ], [ -72.00034332, -47.21867049 ], [ -72.00033569, -47.21856749 ], [ -72.00032806, -47.21847212 ], [ -72.00032043, -47.21838057 ], [ -72.0003128, -47.21825469 ], [ -72.00030517, -47.2181021 ], [ -72.00030517, -47.2179724 ], [ -72.00030517, -47.21785414 ], [ -72.00030517, -47.21774733 ], [ -72.00030517, -47.21765578 ], [ -72.00030517, -47.21757567 ], [ -72.0003128, -47.21743071 ], [ -72.00032043, -47.2172209 ], [ -72.00032806, -47.21701109 ], [ -72.00032806, -47.21690047 ], [ -72.00033569, -47.21681654 ], [ -72.00035095, -47.21669829 ], [ -72.00036621, -47.21660673 ], [ -72.00038147, -47.216519 ], [ -72.00040435, -47.21643889 ], [ -72.00043487, -47.21634352 ], [ -72.00047302, -47.21625578 ], [ -72.00050354, -47.21616804 ], [ -72.00054168, -47.21608793 ], [ -72.00058746, -47.21598494 ], [ -72.00064087, -47.21588957 ], [ -72.00068664, -47.21580565 ], [ -72.00073242, -47.21571791 ], [ -72.00080108, -47.21560728 ], [ -72.00088501, -47.21546614 ], [ -72.0009613, -47.21534025 ], [ -72.00109863, -47.21512663 ], [ -72.00115204, -47.2150427 ], [ -72.00122833, -47.214913 ], [ -72.00128936, -47.21481001 ], [ -72.00133514, -47.2147299 ], [ -72.00139618, -47.21461546 ], [ -72.00144195, -47.21452772 ], [ -72.0014801, -47.21445142 ], [ -72.00151825, -47.21436369 ], [ -72.00448608, -47.21226178 ], [ -72.00463867, -47.21224271 ], [ -72.00475311, -47.21222364 ], [ -72.00487518, -47.21220456 ], [ -72.00500488, -47.21218549 ], [ -72.00511932, -47.2121626 ], [ -72.00527191, -47.21212445 ], [ -72.00725555, -47.21108304 ], [ -72.00730133, -47.21098767 ], [ -72.00732422, -47.21090375 ], [ -72.00736236, -47.21078931 ], [ -72.00739288, -47.2106825 ], [ -72.00741577, -47.21058713 ], [ -72.00744629, -47.21041165 ], [ -72.00746917, -47.21031628 ], [ -72.00748443, -47.21022855 ], [ -72.00751495, -47.21011792 ], [ -72.00753784, -47.21000729 ], [ -72.00756836, -47.20992337 ], [ -72.00759887, -47.209828 ], [ -72.00763702, -47.20972882 ], [ -72.00767517, -47.20963727 ], [ -72.00776672, -47.2094389 ], [ -72.00785064, -47.20927105 ], [ -72.00792694, -47.20912228 ], [ -72.0079956, -47.20898877 ], [ -72.00804901, -47.20887814 ], [ -72.00810241, -47.20877514 ], [ -72.00814056, -47.2086874 ], [ -72.00817871, -47.20861111 ], [ -72.00827789, -47.208428 ], [ -72.00832367, -47.20833645 ], [ -72.00841522, -47.20817623 ], [ -72.00846862, -47.20807705 ], [ -72.00852966, -47.2079588 ], [ -72.00859832, -47.20785198 ], [ -72.00865173, -47.20774899 ], [ -72.00871277, -47.20765362 ], [ -72.00876617, -47.20756588 ], [ -72.00881958, -47.20748196 ], [ -72.00886535, -47.20740185 ], [ -72.00894165, -47.20729885 ], [ -72.0090332, -47.20716915 ], [ -72.00910949, -47.20705471 ], [ -72.00918579, -47.20696316 ], [ -72.00925445, -47.20687542 ], [ -72.01113128, -47.20555935 ], [ -72.01123047, -47.20549831 ], [ -72.01132965, -47.20544109 ], [ -72.01141357, -47.20538768 ], [ -72.0115509, -47.20529232 ], [ -72.01167297, -47.20521221 ], [ -72.01179504, -47.2051321 ], [ -72.01202392, -47.20497951 ], [ -72.0121231, -47.20491085 ], [ -72.01222229, -47.20484981 ], [ -72.01230621, -47.20478877 ], [ -72.0124588, -47.20468196 ], [ -72.01259613, -47.2045866 ], [ -72.01271057, -47.20450267 ], [ -72.01280975, -47.20442638 ], [ -72.01289367, -47.20435771 ], [ -72.01296997, -47.20429286 ], [ -72.01306152, -47.20421657 ], [ -72.01313781, -47.20415172 ], [ -72.01321411, -47.20407924 ], [ -72.0132904, -47.2039915 ], [ -72.0133667, -47.20390758 ], [ -72.01344299, -47.20382365 ], [ -72.01358795, -47.20363673 ], [ -72.01371765, -47.2034727 ], [ -72.01394653, -47.20318278 ], [ -72.01428222, -47.20275554 ], [ -72.0144577, -47.20254191 ], [ -72.01462555, -47.20232447 ], [ -72.01488495, -47.20200022 ], [ -72.0185852, -47.19880732 ], [ -72.01681518, -47.19852884 ], [ -72.01670074, -47.19855936 ], [ -72.01655578, -47.19860132 ], [ -72.01642608, -47.19863947 ], [ -72.01628875, -47.19868143 ], [ -72.01616668, -47.19872339 ], [ -72.01600647, -47.1987768 ], [ -72.01586151, -47.1988302 ], [ -72.01572418, -47.1988798 ], [ -72.01559448, -47.19892939 ], [ -72.01547241, -47.19897898 ], [ -72.01535034, -47.19902475 ], [ -72.01524353, -47.19906672 ], [ -72.01514434, -47.19911249 ], [ -72.01496124, -47.1991926 ], [ -72.01479339, -47.19926508 ], [ -72.01465606, -47.19932993 ], [ -72.01452636, -47.19938715 ], [ -72.01441192, -47.19943674 ], [ -72.01431274, -47.19948633 ], [ -72.01408386, -47.19959315 ], [ -72.01396942, -47.19965037 ], [ -72.01376342, -47.19974955 ], [ -72.01364135, -47.19980677 ], [ -72.01351928, -47.1998678 ], [ -72.01339721, -47.19992884 ], [ -72.01328277, -47.19998225 ], [ -72.01317596, -47.20003565 ], [ -72.01306915, -47.20008906 ], [ -72.01296997, -47.20014246 ], [ -72.01287079, -47.20019205 ], [ -72.01277923, -47.20024165 ], [ -72.01250457, -47.20038279 ], [ -72.01234436, -47.20046671 ], [ -72.01219177, -47.20054682 ], [ -72.01204681, -47.20062312 ], [ -72.01177215, -47.20076807 ], [ -72.01154327, -47.20089015 ], [ -72.01133728, -47.20099696 ], [ -72.01115417, -47.20109232 ], [ -72.01099395, -47.20118006 ], [ -72.01085663, -47.20124873 ], [ -72.01073455, -47.20130976 ], [ -72.01062774, -47.20136317 ], [ -72.01053619, -47.20141276 ], [ -72.0103836, -47.20148905 ], [ -72.0102539, -47.20155009 ], [ -72.01008606, -47.20163401 ], [ -72.00997924, -47.20168742 ], [ -72.00987243, -47.20173701 ], [ -72.00963592, -47.20184382 ], [ -72.0094223, -47.20194682 ], [ -72.00920868, -47.20204219 ], [ -72.00901794, -47.20212992 ], [ -72.00883484, -47.20221385 ], [ -72.00866699, -47.20229014 ], [ -72.00850677, -47.20236262 ], [ -72.00835418, -47.20242747 ], [ -72.00821685, -47.20249232 ], [ -72.00795746, -47.20260676 ], [ -72.00772094, -47.20271357 ], [ -72.00751495, -47.20280131 ], [ -72.00733947, -47.20287761 ], [ -72.00718689, -47.20294627 ], [ -72.00691223, -47.20306453 ], [ -72.00670623, -47.20315227 ], [ -72.00654602, -47.20322093 ], [ -72.00631714, -47.20332011 ], [ -72.00608825, -47.2034193 ], [ -72.00597381, -47.20346507 ], [ -72.005867, -47.20351085 ], [ -72.00576782, -47.20355281 ], [ -72.00556183, -47.20364436 ], [ -72.00518799, -47.20380458 ], [ -72.00502014, -47.20387706 ], [ -72.00486755, -47.20394572 ], [ -72.00472259, -47.20400676 ], [ -72.00458526, -47.20406017 ], [ -72.00446319, -47.20411357 ], [ -72.00434112, -47.20416316 ], [ -72.00417328, -47.20422801 ], [ -72.00406646, -47.20426997 ], [ -72.00387573, -47.20433864 ], [ -72.00370788, -47.20440349 ], [ -72.00355529, -47.20445308 ], [ -72.00342559, -47.20449886 ], [ -72.00330352, -47.20453319 ], [ -72.00315857, -47.20458278 ], [ -72.00302887, -47.20462093 ], [ -72.00046539, -47.20518932 ], [ -72.00016784, -47.20525417 ], [ -71.97712763, -47.21889592 ], [ -71.97419659, -47.2201944 ], [ -71.97120646, -47.22151547 ], [ -71.96836112, -47.22277551 ], [ -71.96525434, -47.22415065 ], [ -71.96222764, -47.22549237 ], [ -71.95929582, -47.22679051 ], [ -71.95640649, -47.22806721 ], [ -71.95324664, -47.2294642 ], [ -71.95030859, -47.2307671 ], [ -71.94150645, -47.21869246 ], [ -71.93831527, -47.21947472 ], [ -71.93520299, -47.22031372 ], [ -71.9319978, -47.2210924 ], [ -71.92872729, -47.22187612 ], [ -71.92545421, -47.2223133 ], [ -71.92225678, -47.22292452 ], [ -71.91882156, -47.22324367 ], [ -71.91555156, -47.22362179 ], [ -71.91218617, -47.22400279 ], [ -71.90891346, -47.22456101 ], [ -71.90596723, -47.22568329 ], [ -71.90351833, -47.22720773 ], [ -71.90007776, -47.22730163 ], [ -71.89672183, -47.22756437 ], [ -71.89328763, -47.22777461 ], [ -71.8921047, -47.22782909 ], [ -71.57282726, -47.36365099 ], [ -70.77016821, -47.31967937 ], [ -70.25108564, -47.84512105 ], [ -69.78427705, -48.30689312 ], [ -69.73566484, -48.32192804 ], [ -69.73984589, -48.48611193 ], [ -69.75952513, -49.20854667 ], [ -70.44290147, -49.20497402 ], [ -70.60003035, -49.19995681 ], [ -70.68720565, -49.19982265 ], [ -70.97521409, -49.1993794 ], [ -71.31319873, -49.1998203 ], [ -71.39152047, -49.19992247 ], [ -71.40008803, -49.19993365 ], [ -72.09907807, -48.78189754 ], [ -72.51983279, -48.53383192 ], [ -72.58087177, -48.49784499 ], [ -72.58105067, -48.49665751 ], [ -72.58210568, -48.49507788 ], [ -72.58316868, -48.49414621 ], [ -72.5845562, -48.49328185 ], [ -72.58796909, -48.49275906 ], [ -72.58916285, -48.49190361 ], [ -72.58882404, -48.49090503 ], [ -72.58512985, -48.48707151 ], [ -72.58392728, -48.48543386 ], [ -72.58006169, -48.4854524 ], [ -72.57596633, -48.48397661 ], [ -72.57059443, -48.48371591 ], [ -72.56844559, -48.48365752 ], [ -72.56596108, -48.48238402 ], [ -72.56048759, -48.48262235 ], [ -72.55783722, -48.4826894 ], [ -72.5569474, -48.48271191 ], [ -72.55265927, -48.48337752 ], [ -72.54760241, -48.48240017 ], [ -72.54200792, -48.48142704 ], [ -72.53491769, -48.48110572 ], [ -72.5310744, -48.48319273 ], [ -72.53034828, -48.48569478 ], [ -72.52758035, -48.487917 ], [ -72.52619402, -48.49920367 ], [ -72.52385232, -48.50142622 ], [ -72.52193513, -48.50286555 ], [ -72.51885331, -48.50623084 ], [ -72.51704067, -48.50738208 ], [ -72.51640665, -48.50838541 ], [ -72.51287639, -48.50997267 ], [ -72.50924003, -48.5116993 ], [ -72.50549922, -48.51357414 ], [ -72.50272603, -48.51544031 ], [ -72.50209786, -48.51708719 ], [ -72.50123676, -48.51715892 ], [ -72.49733038, -48.51303846 ], [ -72.4944249, -48.51262272 ], [ -72.49226514, -48.51155928 ], [ -72.48669454, -48.51308126 ], [ -72.4840061, -48.51288143 ], [ -72.48077864, -48.51260922 ], [ -72.47874531, -48.51318811 ], [ -72.47714419, -48.51433462 ], [ -72.47607954, -48.51526989 ], [ -72.47511328, -48.51562943 ], [ -72.47231289, -48.51492512 ], [ -72.47070161, -48.51479316 ], [ -72.46769593, -48.51523186 ], [ -72.46468288, -48.51445943 ], [ -72.46166899, -48.51404284 ], [ -72.45962395, -48.51347825 ], [ -72.45543099, -48.51342502 ], [ -72.44982955, -48.51144789 ], [ -72.44553388, -48.51174963 ], [ -72.44295859, -48.51226013 ], [ -72.44189338, -48.51305097 ], [ -72.43941239, -48.51213023 ], [ -72.43863432, -48.50906417 ], [ -72.43754742, -48.50749654 ], [ -72.43752342, -48.5049266 ], [ -72.43558545, -48.50415716 ], [ -72.43342997, -48.50330136 ], [ -72.43224547, -48.50309303 ], [ -72.43148326, -48.50173722 ], [ -72.42997453, -48.50124488 ], [ -72.42974806, -48.49981775 ], [ -72.42801089, -48.49747052 ], [ -72.42540244, -48.4940512 ], [ -72.41391555, -48.49466649 ], [ -72.41034822, -48.49182143 ], [ -72.40882394, -48.48897443 ], [ -72.40417871, -48.48570463 ], [ -72.39813545, -48.4819463 ], [ -72.39362367, -48.48145766 ], [ -72.39232973, -48.48074896 ], [ -72.39208884, -48.47725558 ], [ -72.39205404, -48.47275884 ], [ -72.39181931, -48.47011624 ], [ -72.39214488, -48.4696767 ], [ -72.3924553, -48.46925763 ], [ -72.39051098, -48.46783678 ], [ -72.3873676, -48.46384817 ], [ -72.38292625, -48.4580115 ], [ -72.38215273, -48.45501687 ], [ -72.38169482, -48.45455508 ], [ -72.37890695, -48.45174362 ], [ -72.37319735, -48.44876289 ], [ -72.37276039, -48.44733949 ], [ -72.37800175, -48.44532321 ], [ -72.38056702, -48.44402677 ], [ -72.38215885, -48.44188251 ], [ -72.38740062, -48.43958199 ], [ -72.39102606, -48.43692788 ], [ -72.39380667, -48.43591967 ], [ -72.39583201, -48.43412686 ], [ -72.39926267, -48.43383064 ], [ -72.40161302, -48.43282166 ], [ -72.40386825, -48.43288343 ], [ -72.40685967, -48.4315197 ], [ -72.40856452, -48.43022601 ], [ -72.40832243, -48.4267283 ], [ -72.40529371, -48.42345595 ], [ -72.40269533, -48.42011202 ], [ -72.40322268, -48.41903711 ], [ -72.40546198, -48.41774443 ], [ -72.40598324, -48.41574667 ], [ -72.40607965, -48.41431994 ], [ -72.40155231, -48.41140534 ], [ -72.39790291, -48.41099003 ], [ -72.39456376, -48.40900416 ], [ -72.3924247, -48.40972536 ], [ -72.3914517, -48.4085849 ], [ -72.39111676, -48.406946 ], [ -72.38864164, -48.40538424 ], [ -72.38669384, -48.4029638 ], [ -72.38183852, -48.39905305 ], [ -72.37881932, -48.39685125 ], [ -72.37603247, -48.39657599 ], [ -72.36939191, -48.39723893 ], [ -72.36606668, -48.39717881 ], [ -72.36049045, -48.39697911 ], [ -72.35887852, -48.39634574 ], [ -72.35777393, -48.39149106 ], [ -72.35733949, -48.39049531 ], [ -72.35207895, -48.3895847 ], [ -72.34811143, -48.38895519 ], [ -72.34693032, -48.38860162 ], [ -72.34626336, -48.38517476 ], [ -72.34549874, -48.38332326 ], [ -72.34720068, -48.3813912 ], [ -72.35296956, -48.37872924 ], [ -72.35499212, -48.37686984 ], [ -72.35777082, -48.37571853 ], [ -72.36066172, -48.37521099 ], [ -72.36375745, -48.37398395 ], [ -72.36750581, -48.3736175 ], [ -72.37209594, -48.37131711 ], [ -72.37402208, -48.37109571 ], [ -72.37626174, -48.36951982 ], [ -72.37816186, -48.36572886 ], [ -72.37932265, -48.36351201 ], [ -72.37941072, -48.36101408 ], [ -72.379398, -48.35930363 ], [ -72.37863522, -48.3574477 ], [ -72.38032589, -48.35444411 ], [ -72.38020085, -48.35201777 ], [ -72.38071565, -48.34916045 ], [ -72.3793129, -48.34787965 ], [ -72.37802317, -48.34702641 ], [ -72.37556164, -48.34717933 ], [ -72.36915989, -48.35034042 ], [ -72.36562462, -48.35035165 ], [ -72.3619738, -48.34907964 ], [ -72.35414018, -48.3468897 ], [ -72.34974916, -48.34661935 ], [ -72.34770346, -48.34505311 ], [ -72.34577115, -48.34399098 ], [ -72.34341094, -48.34335572 ], [ -72.3414882, -48.34436 ], [ -72.34000091, -48.34600416 ], [ -72.33969175, -48.34779049 ], [ -72.33584162, -48.34873186 ], [ -72.33166676, -48.34895654 ], [ -72.32888639, -48.34981911 ], [ -72.32718615, -48.35153906 ], [ -72.32505215, -48.35283057 ], [ -72.32452146, -48.35354505 ], [ -72.3241023, -48.35497552 ], [ -72.32207365, -48.35605117 ], [ -72.32068945, -48.35719571 ], [ -72.31928888, -48.35634187 ], [ -72.31680887, -48.35349545 ], [ -72.30705416, -48.35202218 ], [ -72.3022379, -48.35274849 ], [ -72.29978451, -48.35425472 ], [ -72.29357111, -48.35412628 ], [ -72.29121717, -48.35420552 ], [ -72.28854037, -48.35449567 ], [ -72.28543463, -48.35428923 ], [ -72.28404395, -48.3547943 ], [ -72.28223037, -48.35594178 ], [ -72.28192073, -48.35793964 ], [ -72.28021682, -48.35987083 ], [ -72.27882961, -48.36087547 ], [ -72.27615013, -48.36052599 ], [ -72.27528462, -48.35902908 ], [ -72.27174144, -48.35739412 ], [ -72.26969356, -48.35539881 ], [ -72.26733532, -48.35455013 ], [ -72.26486199, -48.3530532 ], [ -72.26410273, -48.35098912 ], [ -72.2624944, -48.35048925 ], [ -72.26089289, -48.35120932 ], [ -72.2570289, -48.34971707 ], [ -72.25445413, -48.3490118 ], [ -72.25048454, -48.34723517 ], [ -72.24737439, -48.34666775 ], [ -72.24437918, -48.34724839 ], [ -72.24095173, -48.34675606 ], [ -72.24019704, -48.34597052 ], [ -72.24083307, -48.34440124 ], [ -72.24006474, -48.34026156 ], [ -72.24026315, -48.33740365 ], [ -72.2385364, -48.33434145 ], [ -72.23755018, -48.32948533 ], [ -72.23797357, -48.32834313 ], [ -72.23668257, -48.32713264 ], [ -72.23582249, -48.32606288 ], [ -72.23592315, -48.32478019 ], [ -72.23484769, -48.32356574 ], [ -72.23131286, -48.32278912 ], [ -72.22713174, -48.32129906 ], [ -72.22616116, -48.31965721 ], [ -72.22668623, -48.31758809 ], [ -72.22785796, -48.31616019 ], [ -72.2317025, -48.31457895 ], [ -72.23544028, -48.31285761 ], [ -72.2377804, -48.30985776 ], [ -72.24033401, -48.30699368 ], [ -72.2413869, -48.30271095 ], [ -72.24105472, -48.30057162 ], [ -72.24211868, -48.29942702 ], [ -72.24425436, -48.29834864 ], [ -72.24650129, -48.29841863 ], [ -72.24939517, -48.29940888 ], [ -72.25302247, -48.297831 ], [ -72.25354405, -48.29504594 ], [ -72.25641986, -48.29275431 ], [ -72.25780849, -48.29189395 ], [ -72.25737267, -48.29061427 ], [ -72.2553351, -48.28961777 ], [ -72.25500584, -48.28797815 ], [ -72.25670348, -48.28525973 ], [ -72.25744905, -48.28418587 ], [ -72.26021996, -48.28247011 ], [ -72.26276994, -48.27932206 ], [ -72.26372448, -48.27724938 ], [ -72.26862701, -48.2741667 ], [ -72.27438062, -48.27029846 ], [ -72.2774732, -48.26915057 ], [ -72.28280206, -48.26564073 ], [ -72.28588334, -48.26242184 ], [ -72.28726341, -48.26056197 ], [ -72.28873808, -48.25641554 ], [ -72.28979314, -48.25419932 ], [ -72.29341928, -48.25262017 ], [ -72.29448481, -48.25197482 ], [ -72.29468356, -48.24976083 ], [ -72.29617434, -48.2484728 ], [ -72.29819721, -48.24718187 ], [ -72.29947167, -48.24596549 ], [ -72.3017178, -48.24624607 ], [ -72.30396742, -48.24709829 ], [ -72.30514411, -48.24702474 ], [ -72.30630785, -48.24502017 ], [ -72.30608049, -48.24294903 ], [ -72.30639155, -48.2411672 ], [ -72.30915367, -48.23837452 ], [ -72.31330547, -48.23586454 ], [ -72.31669991, -48.23207423 ], [ -72.31806346, -48.22799951 ], [ -72.31986837, -48.22628014 ], [ -72.31921245, -48.2237847 ], [ -72.32112116, -48.22156592 ], [ -72.32174749, -48.21920881 ], [ -72.32385903, -48.21506383 ], [ -72.32277117, -48.21206783 ], [ -72.31344405, -48.2062417 ], [ -72.30852182, -48.20439659 ], [ -72.3077529, -48.20118527 ], [ -72.30602591, -48.19783602 ], [ -72.30574538, -48.19481391 ], [ -72.30568153, -48.19412615 ], [ -72.30609855, -48.19198441 ], [ -72.30863404, -48.1879087 ], [ -72.31032853, -48.18540587 ], [ -72.30871185, -48.18276824 ], [ -72.30741948, -48.18113093 ], [ -72.30717448, -48.17591777 ], [ -72.3054523, -48.17306806 ], [ -72.30531912, -48.16892664 ], [ -72.30605829, -48.16742513 ], [ -72.30475976, -48.1646444 ], [ -72.30442365, -48.16186162 ], [ -72.30270376, -48.15979532 ], [ -72.30024092, -48.158231 ], [ -72.29905904, -48.15638194 ], [ -72.30169458, -48.15123541 ], [ -72.30359913, -48.14887316 ], [ -72.30423249, -48.14765952 ], [ -72.30422257, -48.14594448 ], [ -72.30538429, -48.14401215 ], [ -72.30622902, -48.14237141 ], [ -72.30589897, -48.14072756 ], [ -72.30556738, -48.13887217 ], [ -72.30726738, -48.13751284 ], [ -72.31151515, -48.13464823 ], [ -72.31481509, -48.13370743 ], [ -72.31992807, -48.13276682 ], [ -72.32189072, -48.13185413 ], [ -72.32258741, -48.12467251 ], [ -72.32392963, -48.12268468 ], [ -72.32379487, -48.1207862 ], [ -72.32329242, -48.11930513 ], [ -72.32574095, -48.11665477 ], [ -72.32720837, -48.1143414 ], [ -72.33064698, -48.11267719 ], [ -72.33593656, -48.11059997 ], [ -72.33950075, -48.10951515 ], [ -72.34280717, -48.10578976 ], [ -72.34575344, -48.10421499 ], [ -72.34882961, -48.10329601 ], [ -72.35055014, -48.10296112 ], [ -72.35324911, -48.10097411 ], [ -72.35545485, -48.09890145 ], [ -72.35689654, -48.09394169 ], [ -72.36031423, -48.08898166 ], [ -72.36079272, -48.0867491 ], [ -72.3608958, -48.08419162 ], [ -72.35939619, -48.08113987 ], [ -72.3611064, -48.07899073 ], [ -72.36134125, -48.07733663 ], [ -72.36157473, -48.07560159 ], [ -72.36020325, -48.07337699 ], [ -72.36019707, -48.07205797 ], [ -72.36117884, -48.0716395 ], [ -72.36784316, -48.07368552 ], [ -72.3710451, -48.07359321 ], [ -72.37485771, -48.07267143 ], [ -72.37879768, -48.07224342 ], [ -72.37940235, -48.07092361 ], [ -72.38186014, -48.07009065 ], [ -72.38679074, -48.07081471 ], [ -72.38902127, -48.07213051 ], [ -72.39371654, -48.07426079 ], [ -72.39507607, -48.0747476 ], [ -72.39777356, -48.07333607 ], [ -72.40011064, -48.07299905 ] ], [ [ -70.95731202, -48.30877533 ], [ -70.95610485, -48.30311944 ], [ -70.99014477, -48.29762957 ], [ -70.99252449, -48.30311902 ], [ -70.95731202, -48.30877533 ] ], [ [ -70.30292886, -48.75971528 ], [ -70.29573677, -48.76300923 ], [ -70.29196597, -48.76634904 ], [ -70.29163334, -48.76656107 ], [ -70.28631052, -48.77225736 ], [ -70.27920639, -48.77887737 ], [ -70.27683576, -48.78192131 ], [ -70.27429419, -48.78518477 ], [ -70.26946648, -48.79072467 ], [ -70.25621306, -48.80172555 ], [ -70.2068831, -48.80104763 ], [ -70.19810473, -48.79601589 ], [ -70.19931853, -48.79409969 ], [ -70.19982423, -48.79367636 ], [ -70.20569725, -48.78955533 ], [ -70.20921658, -48.78733742 ], [ -70.20955575, -48.78701806 ], [ -70.18999133, -48.77545938 ], [ -70.19896724, -48.76773637 ], [ -70.20817467, -48.75787924 ], [ -70.20883841, -48.75745614 ], [ -70.20951886, -48.756276 ], [ -70.20969262, -48.75584635 ], [ -70.20960457, -48.75282367 ], [ -70.20945458, -48.7522819 ], [ -70.20712101, -48.74727512 ], [ -70.20696274, -48.74705675 ], [ -70.20665159, -48.74640386 ], [ -70.20653513, -48.744566 ], [ -70.20654323, -48.74424165 ], [ -70.20703659, -48.74380184 ], [ -70.20994582, -48.74331401 ], [ -70.21170487, -48.7449545 ], [ -70.21217408, -48.74582638 ], [ -70.21249054, -48.74626292 ], [ -70.21297057, -48.74670038 ], [ -70.21454328, -48.74943469 ], [ -70.2146942, -48.74998036 ], [ -70.21485148, -48.75031112 ], [ -70.21517114, -48.75075483 ], [ -70.21690873, -48.75326482 ], [ -70.21755589, -48.75359781 ], [ -70.22119334, -48.75233649 ], [ -70.22119696, -48.75223153 ], [ -70.22219448, -48.75170144 ], [ -70.2256931, -48.74956507 ], [ -70.22669449, -48.74891833 ], [ -70.22735939, -48.74859976 ], [ -70.23084889, -48.74692319 ], [ -70.23134659, -48.7467128 ], [ -70.23218341, -48.74598472 ], [ -70.24144476, -48.7441781 ], [ -70.24293325, -48.7435588 ], [ -70.24953619, -48.74181484 ], [ -70.25069226, -48.74140125 ], [ -70.25201237, -48.7410932 ], [ -70.25382509, -48.74058154 ], [ -70.26007624, -48.73895311 ], [ -70.26056692, -48.73875003 ], [ -70.26508982, -48.74519687 ], [ -70.26540714, -48.74552772 ], [ -70.2800434, -48.74117571 ], [ -70.28485476, -48.73974508 ], [ -70.28536563, -48.73931314 ], [ -70.28620152, -48.73899394 ], [ -70.29320555, -48.73677271 ], [ -70.29520241, -48.73624765 ], [ -70.29603761, -48.73592899 ], [ -70.29962501, -48.73684378 ], [ -70.31390581, -48.74626053 ], [ -70.31901393, -48.7498275 ], [ -70.32125896, -48.75226361 ], [ -70.30292886, -48.75971528 ] ], [ [ -70.92799633, -47.44849469 ], [ -70.92320319, -47.44315894 ], [ -70.92711508, -47.44301298 ], [ -70.92800373, -47.44460765 ], [ -70.93061551, -47.44456256 ], [ -70.9303446, -47.44690897 ], [ -70.92820154, -47.44686188 ], [ -70.92799633, -47.44849469 ] ], [ [ -71.74855403, -47.56382312 ], [ -71.745214, -47.56882301 ], [ -71.74318197, -47.56881264 ], [ -71.74058677, -47.56900148 ], [ -71.73857287, -47.56915659 ], [ -71.737169, -47.56583927 ], [ -71.74027258, -47.56398283 ], [ -71.74855403, -47.56382312 ] ] ] ] } },
{ "type": "Feature", "properties": { "circuito": "01830", "codprov": "20", "coddepto": "007" }, "geometry": { "type": "MultiPolygon", "coordinates": [ [ [ [ -69.26866476, -51.61818127 ], [ -69.26721808, -51.61833023 ], [ -69.26663612, -51.61856117 ], [ -69.265466, -51.61895154 ], [ -69.26408115, -51.6197209 ], [ -69.26390032, -51.61982136 ], [ -69.26172576, -51.62091486 ], [ -69.25979971, -51.62183439 ], [ -69.25935238, -51.62188409 ], [ -69.25890504, -51.62214504 ], [ -69.25828373, -51.62214504 ], [ -69.25765001, -51.62215746 ], [ -69.25722752, -51.62229415 ], [ -69.25649871, -51.62225022 ], [ -69.24665735, -51.62128152 ], [ -69.24158734, -51.62082668 ], [ -69.24158668, -51.62082951 ], [ -69.24158668, -51.62082951 ], [ -69.24097282, -51.62341935 ], [ -69.2249987, -51.63074124 ], [ -69.22499263, -51.63074403 ], [ -69.22494762, -51.63076493 ], [ -69.22488838, -51.63079245 ], [ -69.22488799, -51.63079263 ], [ -69.2249646, -51.63090168 ], [ -69.22753421, -51.63455863 ], [ -69.23361077, -51.64323747 ], [ -69.2347482, -51.644862 ], [ -69.23720723, -51.6485679 ], [ -69.2403302, -51.65284092 ], [ -69.24490771, -51.65820254 ], [ -69.24780418, -51.66163586 ], [ -69.25201256, -51.6664276 ], [ -69.25561234, -51.67073967 ], [ -69.25635393, -51.6715247 ], [ -69.25734969, -51.67234777 ], [ -69.25857186, -51.67280025 ], [ -69.26013931, -51.67314853 ], [ -69.26210228, -51.67359824 ], [ -69.26327856, -51.67405593 ], [ -69.26440194, -51.67480662 ], [ -69.26650404, -51.67694109 ], [ -69.26741223, -51.67808443 ], [ -69.26771222, -51.67889585 ], [ -69.26786545, -51.67977502 ], [ -69.268002, -51.68068448 ], [ -69.26821982, -51.68213527 ], [ -69.26859174, -51.68477272 ], [ -69.26941446, -51.68596997 ], [ -69.27374676, -51.69035015 ], [ -69.27535514, -51.69201848 ], [ -69.2753548, -51.69200504 ], [ -69.27591406, -51.69261704 ], [ -69.2759093, -51.69239591 ], [ -69.27590785, -51.69239423 ], [ -69.27590781, -51.69239295 ], [ -69.27584878, -51.69019056 ], [ -69.2756574, -51.68305032 ], [ -69.27498565, -51.65798862 ], [ -69.27478872, -51.65270544 ], [ -69.27409989, -51.63422631 ], [ -69.2734982, -51.61808484 ], [ -69.27349699, -51.61793372 ], [ -69.27336145, -51.61793283 ], [ -69.27331804, -51.61793615 ], [ -69.27306249, -51.61794873 ], [ -69.27135212, -51.61803295 ], [ -69.26896266, -51.6181506 ], [ -69.26866476, -51.61818127 ] ] ] ] } },
{ "type": "Feature", "properties": { "circuito": "01820", "codprov": "20", "coddepto": "007" }, "geometry": { "type": "MultiPolygon", "coordinates": [ [ [ [ -69.16201643, -51.64436316 ], [ -69.14856263, -51.64451816 ], [ -69.13308848, -51.64469644 ], [ -69.12743531, -51.64460795 ], [ -69.12744386, -51.64467996 ], [ -69.12938332, -51.64808108 ], [ -69.13346886, -51.65159182 ], [ -69.13787268, -51.65493551 ], [ -69.14830473, -51.66091125 ], [ -69.15633203, -51.6643869 ], [ -69.16455653, -51.66893599 ], [ -69.17345817, -51.67298474 ], [ -69.18694012, -51.67813814 ], [ -69.20031088, -51.67986791 ], [ -69.2087188, -51.68168908 ], [ -69.21477183, -51.68423084 ], [ -69.21710851, -51.68678701 ], [ -69.22075489, -51.69153878 ], [ -69.22086847, -51.69337879 ], [ -69.22114436, -51.70009514 ], [ -69.25772725, -51.70703516 ], [ -69.26484811, -51.70829185 ], [ -69.2702404, -51.70886602 ], [ -69.27601266, -51.70950162 ], [ -69.27820979, -51.70994667 ], [ -69.28443154, -51.7112236 ], [ -69.28867848, -51.71219813 ], [ -69.28792391, -51.71072674 ], [ -69.28582214, -51.70621438 ], [ -69.28352187, -51.70257846 ], [ -69.28338713, -51.70238814 ], [ -69.28196475, -51.70037889 ], [ -69.28156598, -51.69984384 ], [ -69.28110452, -51.69904747 ], [ -69.28086354, -51.69867772 ], [ -69.27928697, -51.6964761 ], [ -69.27876756, -51.69586966 ], [ -69.27699242, -51.69379709 ], [ -69.27638986, -51.69313771 ], [ -69.27591406, -51.69261704 ], [ -69.2753548, -51.69200504 ], [ -69.27535514, -51.69201848 ], [ -69.27374676, -51.69035015 ], [ -69.26941446, -51.68596997 ], [ -69.26859174, -51.68477272 ], [ -69.26821982, -51.68213527 ], [ -69.268002, -51.68068448 ], [ -69.26786545, -51.67977502 ], [ -69.26771222, -51.67889585 ], [ -69.26741223, -51.67808443 ], [ -69.26650404, -51.67694109 ], [ -69.26440194, -51.67480662 ], [ -69.26327856, -51.67405593 ], [ -69.26210228, -51.67359824 ], [ -69.26013931, -51.67314853 ], [ -69.25857186, -51.67280025 ], [ -69.25734969, -51.67234777 ], [ -69.25635393, -51.6715247 ], [ -69.25561234, -51.67073967 ], [ -69.25201256, -51.6664276 ], [ -69.24780418, -51.66163586 ], [ -69.24490771, -51.65820254 ], [ -69.2403302, -51.65284092 ], [ -69.23720723, -51.6485679 ], [ -69.2347482, -51.644862 ], [ -69.23361077, -51.64323747 ], [ -69.22753421, -51.63455863 ], [ -69.2249646, -51.63090168 ], [ -69.22488799, -51.63079263 ], [ -69.22488727, -51.63079299 ], [ -69.22488723, -51.63079302 ], [ -69.2129211, -51.63635404 ], [ -69.21341939, -51.64327766 ], [ -69.20149644, -51.64358214 ], [ -69.18467064, -51.64401183 ], [ -69.1782257, -51.64417642 ], [ -69.16201643, -51.64436316 ] ] ] ] } },
{ "type": "Feature", "properties": { "circuito": "01840", "codprov": "20", "coddepto": "007" }, "geometry": { "type": "MultiPolygon", "coordinates": [ [ [ [ -69.36361799, -51.63197675 ], [ -69.36360599, -51.62992328 ], [ -69.3635886, -51.6187319 ], [ -69.36823234, -51.61875581 ], [ -69.36801347, -51.61021022 ], [ -69.36809672, -51.59027588 ], [ -69.36811432, -51.58815022 ], [ -69.36825298, -51.57140861 ], [ -69.36825649, -51.57098523 ], [ -69.36824773, -51.57098488 ], [ -69.3670344, -51.57093563 ], [ -69.35531024, -51.57045978 ], [ -69.33059392, -51.57063204 ], [ -69.32762184, -51.57065275 ], [ -69.2732534, -51.58234268 ], [ -69.27325561, -51.58260452 ], [ -69.2732506, -51.59802261 ], [ -69.27325057, -51.59809809 ], [ -69.27317766, -51.59872511 ], [ -69.27319225, -51.60444113 ], [ -69.27333806, -51.6063805 ], [ -69.27342555, -51.60678879 ], [ -69.27349291, -51.61742412 ], [ -69.2734969, -51.61792247 ], [ -69.27336145, -51.61793283 ], [ -69.27349699, -51.61793372 ], [ -69.2734982, -51.61808484 ], [ -69.27409989, -51.63422631 ], [ -69.27478872, -51.65270544 ], [ -69.27498565, -51.65798862 ], [ -69.2756574, -51.68305032 ], [ -69.27584878, -51.69019056 ], [ -69.27590781, -51.69239295 ], [ -69.27590785, -51.69239423 ], [ -69.2759093, -51.69239591 ], [ -69.27591406, -51.69261704 ], [ -69.27638986, -51.69313771 ], [ -69.27699242, -51.69379709 ], [ -69.27876756, -51.69586966 ], [ -69.27928697, -51.6964761 ], [ -69.28086354, -51.69867772 ], [ -69.28110452, -51.69904747 ], [ -69.28156598, -51.69984384 ], [ -69.28188603, -51.69986501 ], [ -69.28239056, -51.69989838 ], [ -69.28390517, -51.70001802 ], [ -69.28422641, -51.69998452 ], [ -69.28458474, -51.69994715 ], [ -69.28501529, -51.6997937 ], [ -69.28540778, -51.69943417 ], [ -69.28548032, -51.69896497 ], [ -69.28555679, -51.69864968 ], [ -69.28603718, -51.69823135 ], [ -69.28619892, -51.69798819 ], [ -69.28601818, -51.69755158 ], [ -69.28564691, -51.69745875 ], [ -69.28550029, -51.69742515 ], [ -69.2852902, -51.69728529 ], [ -69.28535279, -51.69697115 ], [ -69.2856738, -51.69680505 ], [ -69.28657068, -51.69670956 ], [ -69.28737806, -51.69690644 ], [ -69.28790379, -51.69715883 ], [ -69.28837954, -51.69719821 ], [ -69.2892493, -51.6972815 ], [ -69.2900469, -51.69751367 ], [ -69.29074058, -51.69776266 ], [ -69.29095898, -51.69797679 ], [ -69.29126839, -51.69811854 ], [ -69.29164929, -51.69813122 ], [ -69.29210857, -51.6980156 ], [ -69.29275768, -51.69802734 ], [ -69.29305031, -51.69814154 ], [ -69.29327792, -51.69830276 ], [ -69.29355972, -51.69848413 ], [ -69.29433857, -51.69848147 ], [ -69.29474109, -51.6984438 ], [ -69.29503021, -51.69847467 ], [ -69.2955585, -51.69853967 ], [ -69.29593332, -51.69859155 ], [ -69.29641022, -51.69866542 ], [ -69.29663784, -51.69878633 ], [ -69.29674624, -51.6989677 ], [ -69.29663556, -51.69905072 ], [ -69.29635606, -51.69908863 ], [ -69.29595503, -51.69906178 ], [ -69.29565156, -51.69911553 ], [ -69.29536977, -51.69928348 ], [ -69.29518661, -51.69928822 ], [ -69.2948712, -51.69937082 ], [ -69.29473031, -51.69951189 ], [ -69.2947436, -51.69972239 ], [ -69.29512401, -51.70005604 ], [ -69.29532647, -51.70012989 ], [ -69.29568733, -51.70024897 ], [ -69.29634609, -51.70035998 ], [ -69.29683311, -51.70047915 ], [ -69.29703906, -51.70060006 ], [ -69.29698488, -51.70073442 ], [ -69.2966814, -51.70082176 ], [ -69.29715835, -51.70105686 ], [ -69.29771116, -51.70118447 ], [ -69.29872012, -51.7014205 ], [ -69.30008895, -51.70158081 ], [ -69.30076705, -51.70155306 ], [ -69.30099643, -51.70139883 ], [ -69.30102427, -51.70116089 ], [ -69.30048852, -51.70066551 ], [ -69.30036907, -51.70060925 ], [ -69.3003849, -51.70046514 ], [ -69.30067715, -51.70028277 ], [ -69.30072519, -51.70011234 ], [ -69.30096468, -51.70000469 ], [ -69.30124408, -51.69992854 ], [ -69.30180479, -51.69995388 ], [ -69.30219184, -51.70000459 ], [ -69.30248036, -51.69991574 ], [ -69.3026934, -51.6999665 ], [ -69.30292554, -51.70004887 ], [ -69.30319279, -51.69999816 ], [ -69.30321345, -51.69999181 ], [ -69.30346337, -51.69987116 ], [ -69.30390537, -51.69982024 ], [ -69.30420483, -51.69976289 ], [ -69.30441695, -51.69961608 ], [ -69.30466088, -51.69946239 ], [ -69.30521138, -51.69900474 ], [ -69.30552543, -51.6989334 ], [ -69.30590892, -51.69891389 ], [ -69.3062023, -51.69900461 ], [ -69.30684772, -51.69808495 ], [ -69.31021368, -51.69339045 ], [ -69.32623423, -51.67125041 ], [ -69.33890846, -51.65362635 ], [ -69.35204333, -51.6554611 ], [ -69.36386041, -51.65708168 ], [ -69.36382279, -51.65433524 ], [ -69.36358223, -51.65429743 ], [ -69.36349025, -51.64035251 ], [ -69.36366433, -51.63990377 ], [ -69.36361799, -51.63197675 ] ] ] ] } },
{ "type": "Feature", "properties": { "circuito": "01850", "codprov": "20", "coddepto": "007" }, "geometry": { "type": "MultiPolygon", "coordinates": [ [ [ [ -69.22114154, -51.60930938 ], [ -69.22114002, -51.60930983 ], [ -69.22676896, -51.61423326 ], [ -69.23347517, -51.62009892 ], [ -69.23353537, -51.62010433 ], [ -69.23745288, -51.62045577 ], [ -69.24156031, -51.62082425 ], [ -69.24158694, -51.62082664 ], [ -69.24158734, -51.62082668 ], [ -69.24665735, -51.62128152 ], [ -69.25649871, -51.62225022 ], [ -69.25722752, -51.62229415 ], [ -69.25765001, -51.62215746 ], [ -69.25828373, -51.62214504 ], [ -69.25890504, -51.62214504 ], [ -69.25935238, -51.62188409 ], [ -69.25979971, -51.62183439 ], [ -69.26172576, -51.62091486 ], [ -69.26390032, -51.61982136 ], [ -69.26408115, -51.6197209 ], [ -69.265466, -51.61895154 ], [ -69.26663612, -51.61856117 ], [ -69.26721808, -51.61833023 ], [ -69.26866476, -51.61818127 ], [ -69.26896266, -51.6181506 ], [ -69.27135212, -51.61803295 ], [ -69.27306249, -51.61794873 ], [ -69.27331804, -51.61793615 ], [ -69.27336145, -51.61793283 ], [ -69.2734969, -51.61792247 ], [ -69.27349291, -51.61742412 ], [ -69.27342555, -51.60678879 ], [ -69.27333806, -51.6063805 ], [ -69.27319225, -51.60444113 ], [ -69.27317766, -51.59872511 ], [ -69.27325057, -51.59809809 ], [ -69.2732506, -51.59802261 ], [ -69.27325561, -51.58260452 ], [ -69.2732534, -51.58234268 ], [ -69.2704717, -51.58294078 ], [ -69.25301928, -51.58902106 ], [ -69.21355444, -51.6027703 ], [ -69.22035633, -51.60865587 ], [ -69.22038392, -51.6086495 ], [ -69.22065471, -51.60888535 ], [ -69.22114154, -51.60930938 ] ] ] ] } },
{ "type": "Feature", "properties": { "circuito": "01800", "codprov": "20", "coddepto": "007" }, "geometry": { "type": "MultiPolygon", "coordinates": [ [ [ [ -69.20582998, -51.6139183 ], [ -69.20799072, -51.61571344 ], [ -69.21133657, -51.61849317 ], [ -69.21590719, -51.6223412 ], [ -69.21976224, -51.62566644 ], [ -69.22361794, -51.62878987 ], [ -69.22481309, -51.63067451 ], [ -69.22488767, -51.63079213 ], [ -69.22488799, -51.63079263 ], [ -69.22488838, -51.63079245 ], [ -69.22494762, -51.63076493 ], [ -69.22499263, -51.63074403 ], [ -69.2249987, -51.63074124 ], [ -69.24097282, -51.62341935 ], [ -69.24158668, -51.62082951 ], [ -69.24158668, -51.62082951 ], [ -69.24158734, -51.62082668 ], [ -69.24158694, -51.62082664 ], [ -69.24156031, -51.62082425 ], [ -69.23745288, -51.62045577 ], [ -69.23353537, -51.62010433 ], [ -69.23347517, -51.62009892 ], [ -69.22676896, -51.61423326 ], [ -69.22114002, -51.60930983 ], [ -69.22114154, -51.60930938 ], [ -69.22065471, -51.60888535 ], [ -69.22038392, -51.6086495 ], [ -69.22035633, -51.60865587 ], [ -69.21355444, -51.6027703 ], [ -69.2104032, -51.60386816 ], [ -69.20690003, -51.60508864 ], [ -69.19864483, -51.60796468 ], [ -69.20413693, -51.61260959 ], [ -69.20422991, -51.61258896 ], [ -69.20582998, -51.6139183 ] ] ] ] } },
{ "type": "Feature", "properties": { "circuito": "0016A", "codprov": "20", "coddepto": "006" }, "geometry": { "type": "MultiPolygon", "coordinates": [ [ [ [ -72.7248705, -49.57827686 ], [ -72.76581644, -49.56796879 ], [ -72.88020474, -49.54932773 ], [ -72.93443327, -49.53915989 ], [ -72.9928984, -49.51374026 ], [ -72.99564628, -49.51535588 ], [ -73.02035097, -49.51591999 ], [ -73.06987039, -49.51278555 ], [ -73.10993115, -49.51011959 ], [ -73.20326214, -49.50387337 ], [ -73.28654168, -49.49812655 ], [ -73.36078056, -49.4930718 ], [ -73.3926102, -49.49083906 ], [ -73.43425205, -49.48804142 ], [ -73.47432723, -49.48539723 ], [ -73.47267783, -49.48394381 ], [ -73.46958154, -49.48278921 ], [ -73.46639107, -49.48225623 ], [ -73.46384206, -49.48174563 ], [ -73.46367611, -49.47932201 ], [ -73.46607888, -49.47738916 ], [ -73.46869581, -49.47458916 ], [ -73.46938862, -49.47241152 ], [ -73.47018451, -49.46889911 ], [ -73.47254264, -49.46610467 ], [ -73.47708666, -49.46316856 ], [ -73.47962205, -49.46046141 ], [ -73.47915502, -49.45714128 ], [ -73.4786206, -49.45373265 ], [ -73.47888165, -49.45022861 ], [ -73.4785462, -49.44714888 ], [ -73.47598203, -49.4435115 ], [ -73.47391255, -49.440532 ], [ -73.47597384, -49.4380667 ], [ -73.47966865, -49.43625407 ], [ -73.48223973, -49.43614014 ], [ -73.48526718, -49.43575439 ], [ -73.4879816, -49.43487886 ], [ -73.4894953, -49.43350033 ], [ -73.49045635, -49.43090576 ], [ -73.49043787, -49.42799985 ], [ -73.48901292, -49.42618315 ], [ -73.48665374, -49.42391118 ], [ -73.48444316, -49.42141367 ], [ -73.48062043, -49.42006014 ], [ -73.47801226, -49.41982134 ], [ -73.47524857, -49.41884392 ], [ -73.47350328, -49.41726827 ], [ -73.47205152, -49.4132991 ], [ -73.46987751, -49.41144712 ], [ -73.46832176, -49.40938524 ], [ -73.46767228, -49.40705555 ], [ -73.4678275, -49.40480547 ], [ -73.46571992, -49.40330797 ], [ -73.46276739, -49.40170295 ], [ -73.45999872, -49.39940937 ], [ -73.4574749, -49.39798137 ], [ -73.45405513, -49.39710856 ], [ -73.44973021, -49.39608849 ], [ -73.44596129, -49.39548626 ], [ -73.44271105, -49.39474188 ], [ -73.43869858, -49.39337281 ], [ -73.43476062, -49.39225374 ], [ -73.43100633, -49.39244304 ], [ -73.42772567, -49.39279638 ], [ -73.42621607, -49.39109942 ], [ -73.42563507, -49.38788432 ], [ -73.42688039, -49.3856206 ], [ -73.42736645, -49.38366501 ], [ -73.42681027, -49.38114636 ], [ -73.42608481, -49.37875583 ], [ -73.42605577, -49.37613502 ], [ -73.42692508, -49.37359906 ], [ -73.4278788, -49.37078043 ], [ -73.42854072, -49.36669472 ], [ -73.43068704, -49.36359598 ], [ -73.430474, -49.35990562 ], [ -73.42876389, -49.35721732 ], [ -73.42658867, -49.35441816 ], [ -73.42557344, -49.35162137 ], [ -73.42625336, -49.34853926 ], [ -73.42784037, -49.34550511 ], [ -73.4290763, -49.34320166 ], [ -73.42757476, -49.34021036 ], [ -73.42389546, -49.33892322 ], [ -73.41999662, -49.33723676 ], [ -73.41655577, -49.33247486 ], [ -73.41520673, -49.32477718 ], [ -73.41322131, -49.32245189 ], [ -73.41066813, -49.31857811 ], [ -73.41408476, -49.31662161 ], [ -73.41707605, -49.31553315 ], [ -73.41905002, -49.3146861 ], [ -73.42153212, -49.3144598 ], [ -73.42517852, -49.31468167 ], [ -73.42957859, -49.31442897 ], [ -73.4322879, -49.31332976 ], [ -73.43392077, -49.31004794 ], [ -73.43478903, -49.30570452 ], [ -73.4345003, -49.30062382 ], [ -73.43639419, -49.29687188 ], [ -73.43850717, -49.2965031 ], [ -73.44431131, -49.29721685 ], [ -73.44883003, -49.2980749 ], [ -73.45213877, -49.29775428 ], [ -73.45601661, -49.29577679 ], [ -73.45725989, -49.29326047 ], [ -73.45698372, -49.29098687 ], [ -73.45838129, -49.28792002 ], [ -73.4596918, -49.28629904 ], [ -73.46184472, -49.28434849 ], [ -73.46459203, -49.28282577 ], [ -73.46696357, -49.28112555 ], [ -73.47102399, -49.27806248 ], [ -73.47537038, -49.27561311 ], [ -73.47947483, -49.27359594 ], [ -73.48230807, -49.27273652 ], [ -73.48442858, -49.27265013 ], [ -73.4881754, -49.27277502 ], [ -73.4916153, -49.27254482 ], [ -73.4937425, -49.27194377 ], [ -73.49603947, -49.26975842 ], [ -73.49675779, -49.26763243 ], [ -73.49685578, -49.2652479 ], [ -73.49697677, -49.26290634 ], [ -73.49722214, -49.25979607 ], [ -73.49690022, -49.25607982 ], [ -73.49620156, -49.25333577 ], [ -73.4967791, -49.25065026 ], [ -73.49628413, -49.24697697 ], [ -73.49581025, -49.24388323 ], [ -73.49504849, -49.24121261 ], [ -73.49306537, -49.23827105 ], [ -73.49106644, -49.23599352 ], [ -73.48879333, -49.23325433 ], [ -73.48631798, -49.23005137 ], [ -73.48446473, -49.22779193 ], [ -73.48157359, -49.22494257 ], [ -73.47878266, -49.22183604 ], [ -73.47604283, -49.21756635 ], [ -73.47584092, -49.2167408 ], [ -73.47480831, -49.21229871 ], [ -73.47391048, -49.20828836 ], [ -73.47391048, -49.20487657 ], [ -73.47325206, -49.20260205 ], [ -73.47073811, -49.20032753 ], [ -73.46511166, -49.20140493 ], [ -73.43775063, -49.20721823 ], [ -73.43659888, -49.20745663 ], [ -73.39478198, -49.21647558 ], [ -73.3796162, -49.21972053 ], [ -73.37064433, -49.22172523 ], [ -73.34782378, -49.22665199 ], [ -73.29443966, -49.2380274 ], [ -73.27211837, -49.242925 ], [ -73.26059564, -49.24536179 ], [ -73.25290404, -49.24703009 ], [ -73.23358954, -49.25108221 ], [ -73.17428619, -49.26359162 ], [ -73.15482231, -49.26784601 ], [ -73.14851436, -49.26924439 ], [ -73.14371515, -49.27019759 ], [ -73.12480029, -49.27098633 ], [ -73.06238459, -49.27254815 ], [ -73.04559234, -49.27294744 ], [ -73.04311912, -49.27081224 ], [ -73.04556181, -49.26861929 ], [ -73.04885685, -49.26667136 ], [ -73.05121515, -49.26628383 ], [ -73.05522862, -49.26602562 ], [ -73.05837806, -49.26531599 ], [ -73.06240193, -49.2643716 ], [ -73.06684019, -49.26323285 ], [ -73.06988564, -49.26161721 ], [ -73.07244187, -49.25978319 ], [ -73.07448406, -49.258062 ], [ -73.0774132, -49.25675383 ], [ -73.08088819, -49.25498734 ], [ -73.08343374, -49.25293769 ], [ -73.08496649, -49.25016611 ], [ -73.08698298, -49.24997921 ], [ -73.08871551, -49.25137212 ], [ -73.09141628, -49.25241817 ], [ -73.09585626, -49.25425249 ], [ -73.09837917, -49.25583687 ], [ -73.10059272, -49.25907544 ], [ -73.10299014, -49.26151807 ], [ -73.10668891, -49.26250713 ], [ -73.10867134, -49.26183614 ], [ -73.11061813, -49.26244366 ], [ -73.11459348, -49.26235344 ], [ -73.11902411, -49.26181717 ], [ -73.12221372, -49.26177369 ], [ -73.12661681, -49.26203725 ], [ -73.12932562, -49.262266 ], [ -73.13124203, -49.26151031 ], [ -73.13413889, -49.25888751 ], [ -73.1379547, -49.25476801 ], [ -73.14069223, -49.25169496 ], [ -73.14211853, -49.25000458 ], [ -73.14445363, -49.24799919 ], [ -73.14624662, -49.24596975 ], [ -73.14532249, -49.24291956 ], [ -73.14718518, -49.23585887 ], [ -73.14681232, -49.23277779 ], [ -73.14601082, -49.2286892 ], [ -73.1454836, -49.22422925 ], [ -73.1456287, -49.22120587 ], [ -73.14472253, -49.2186048 ], [ -73.14236506, -49.21512301 ], [ -73.14162973, -49.21266449 ], [ -73.14169334, -49.21062632 ], [ -73.14099929, -49.20750166 ], [ -73.13987694, -49.20558224 ], [ -73.13809991, -49.20222466 ], [ -73.13886169, -49.19853822 ], [ -73.13869311, -49.19590775 ], [ -73.13931154, -49.19219346 ], [ -73.13995425, -49.18944595 ], [ -73.1377249, -49.18679102 ], [ -73.13445965, -49.18314632 ], [ -73.13019459, -49.17956764 ], [ -73.1269436, -49.17662002 ], [ -73.12418213, -49.17461139 ], [ -73.12266637, -49.17132515 ], [ -73.12184855, -49.16333529 ], [ -73.12099472, -49.15953977 ], [ -73.11918685, -49.15750067 ], [ -73.11681952, -49.15588062 ], [ -73.11295966, -49.1536175 ], [ -73.10823664, -49.15052931 ], [ -73.10800997, -49.14770574 ], [ -73.10944957, -49.14483391 ], [ -73.11047131, -49.14106618 ], [ -73.10842127, -49.1394134 ], [ -73.10623914, -49.1367493 ], [ -73.10460472, -49.13474425 ], [ -73.10218757, -49.13185302 ], [ -73.09983807, -49.13220043 ], [ -73.0962521, -49.13298152 ], [ -73.09218512, -49.1332597 ], [ -73.08908138, -49.13359689 ], [ -73.08636329, -49.13368814 ], [ -73.08199927, -49.13369024 ], [ -73.07905599, -49.13499539 ], [ -73.07690465, -49.13559072 ], [ -73.0734939, -49.13464768 ], [ -73.0701529, -49.13318917 ], [ -73.06697116, -49.13193735 ], [ -73.06265982, -49.13073535 ], [ -73.05976909, -49.12648799 ], [ -73.06173672, -49.12439052 ], [ -73.06259164, -49.1221071 ], [ -73.0625686, -49.11828321 ], [ -73.06254542, -49.1135851 ], [ -73.0633443, -49.10956715 ], [ -73.06085785, -49.10818187 ], [ -73.05720477, -49.10563745 ], [ -73.05602095, -49.10172199 ], [ -73.05642578, -49.09778838 ], [ -73.05409235, -49.09580367 ], [ -73.05216218, -49.09374288 ], [ -73.05077481, -49.08993544 ], [ -73.04986485, -49.0873072 ], [ -73.04839837, -49.08506138 ], [ -73.04697956, -49.08213991 ], [ -73.04563213, -49.08032521 ], [ -73.04288539, -49.07842622 ], [ -73.03917797, -49.07637278 ], [ -73.03453938, -49.07447762 ], [ -73.03276912, -49.07290721 ], [ -73.03140932, -49.07079152 ], [ -73.03064591, -49.06848828 ], [ -73.02960744, -49.06668684 ], [ -73.02771528, -49.06523972 ], [ -73.02420107, -49.06392591 ], [ -73.0204, -49.06351136 ], [ -73.0174489, -49.06223357 ], [ -73.01468531, -49.06164223 ], [ -73.01237391, -49.06167361 ], [ -73.01035289, -49.06213912 ], [ -73.00750739, -49.06180262 ], [ -73.00663084, -49.05795453 ], [ -73.00572741, -49.05532547 ], [ -73.00504935, -49.05237024 ], [ -73.00525575, -49.04997291 ], [ -73.00591162, -49.04779758 ], [ -73.00699401, -49.04569753 ], [ -73.0092628, -49.04378641 ], [ -73.01071155, -49.0422265 ], [ -73.01098707, -49.04005292 ], [ -73.0101849, -49.03741504 ], [ -73.00952154, -49.03481905 ], [ -73.00959805, -49.03235651 ], [ -73.00849948, -49.029303 ], [ -73.00672254, -49.02827808 ], [ -73.0014404, -49.02777642 ], [ -72.99816859, -49.0272022 ], [ -72.99304002, -49.02740767 ], [ -72.98480007, -49.02791648 ], [ -72.98193233, -49.02773003 ], [ -72.98491487, -49.02217924 ], [ -72.98705264, -49.01746825 ], [ -72.9893321, -49.01683183 ], [ -72.99174426, -49.01363332 ], [ -72.9880053, -49.00909832 ], [ -72.99058611, -49.00438007 ], [ -72.99728748, -48.99902626 ], [ -72.99753543, -48.99723818 ], [ -72.99728411, -48.99545326 ], [ -72.99583396, -48.99339477 ], [ -72.9941812, -48.99219662 ], [ -72.99024968, -48.9907337 ], [ -72.98888583, -48.98767626 ], [ -72.98493632, -48.98542619 ], [ -72.98209557, -48.98430921 ], [ -72.97590972, -48.98400262 ], [ -72.97309159, -48.98410006 ], [ -72.9680935, -48.98363974 ], [ -72.96567516, -48.98194928 ], [ -72.9628021, -48.97925757 ], [ -72.96168692, -48.97769667 ], [ -72.96014258, -48.97621374 ], [ -72.96010748, -48.97435585 ], [ -72.96006669, -48.97221459 ], [ -72.95859362, -48.9688735 ], [ -72.95714915, -48.96710246 ], [ -72.95495799, -48.96590568 ], [ -72.9540378, -48.96320124 ], [ -72.95539615, -48.96047842 ], [ -72.95556451, -48.95804858 ], [ -72.95476447, -48.95577076 ], [ -72.95376756, -48.95470866 ], [ -72.95364374, -48.95385433 ], [ -72.95360981, -48.95206845 ], [ -72.9529153, -48.94965075 ], [ -72.95091302, -48.94702261 ], [ -72.94882255, -48.94547001 ], [ -72.94627521, -48.94249277 ], [ -72.94356149, -48.94216138 ], [ -72.93974836, -48.94119119 ], [ -72.93626413, -48.94029138 ], [ -72.93178882, -48.93847288 ], [ -72.92664799, -48.93587398 ], [ -72.92532054, -48.93438531 ], [ -72.92367004, -48.93304186 ], [ -72.92054165, -48.93371021 ], [ -72.9169009, -48.93602252 ], [ -72.91274127, -48.93962334 ], [ -72.90941148, -48.94115144 ], [ -72.89926149, -48.9432258 ], [ -72.89033554, -48.9454906 ], [ -72.88765638, -48.94586227 ], [ -72.88425468, -48.94616125 ], [ -72.88086611, -48.94616612 ], [ -72.87714241, -48.94605118 ], [ -72.87167276, -48.94572209 ], [ -72.86862255, -48.94474664 ], [ -72.86677623, -48.94440604 ], [ -72.86580407, -48.9446252 ], [ -72.86495972, -48.94584709 ], [ -72.86497393, -48.94684612 ], [ -72.86294966, -48.94885928 ], [ -72.86226183, -48.95286115 ], [ -72.85984406, -48.95716107 ], [ -72.85772219, -48.95988995 ], [ -72.85460504, -48.9615557 ], [ -72.84856711, -48.96338314 ], [ -72.84230424, -48.96485565 ], [ -72.83767278, -48.96660184 ], [ -72.83442519, -48.96684094 ], [ -72.82800523, -48.96538849 ], [ -72.82265226, -48.96306896 ], [ -72.8191038, -48.9606983 ], [ -72.81673677, -48.95911694 ], [ -72.81283585, -48.95928542 ], [ -72.8097039, -48.95995093 ], [ -72.80671474, -48.96268567 ], [ -72.80392995, -48.96491619 ], [ -72.79972613, -48.96644385 ], [ -72.79562411, -48.96757064 ], [ -72.79481769, -48.96454896 ], [ -72.79381099, -48.96248612 ], [ -72.79112256, -48.96060348 ], [ -72.78736593, -48.95932143 ], [ -72.78452606, -48.95805536 ], [ -72.78439882, -48.95670108 ], [ -72.78051799, -48.9529334 ], [ -72.77890017, -48.95173827 ], [ -72.77584695, -48.95054884 ], [ -72.77256701, -48.9487119 ], [ -72.7701556, -48.94687268 ], [ -72.76911013, -48.944831 ], [ -72.7671212, -48.94249604 ], [ -72.76677145, -48.93818717 ], [ -72.76617021, -48.93433684 ], [ -72.76287226, -48.93128924 ], [ -72.76077525, -48.92852189 ], [ -72.75858078, -48.92682162 ], [ -72.75897815, -48.92446286 ], [ -72.75882385, -48.92265147 ], [ -72.75871716, -48.92139894 ], [ -72.75833719, -48.91790365 ], [ -72.75679981, -48.91641304 ], [ -72.75385382, -48.91500667 ], [ -72.75035312, -48.912742 ], [ -72.74914746, -48.91175461 ], [ -72.74913088, -48.91053957 ], [ -72.74760028, -48.90948079 ], [ -72.74455014, -48.90849758 ], [ -72.74068401, -48.90650008 ], [ -72.73964034, -48.90596085 ], [ -72.73389727, -48.90542774 ], [ -72.73141587, -48.9061573 ], [ -72.72685982, -48.90547313 ], [ -72.72468127, -48.90462692 ], [ -72.7194884, -48.90494729 ], [ -72.71645345, -48.90482257 ], [ -72.71373621, -48.90398142 ], [ -72.71015822, -48.90371799 ], [ -72.70754205, -48.90230945 ], [ -72.70523627, -48.90018067 ], [ -72.70477872, -48.89839941 ], [ -72.70357761, -48.89755085 ], [ -72.69707527, -48.89723357 ], [ -72.68892613, -48.86351867 ], [ -72.67896695, -48.86315129 ], [ -72.66653421, -48.86372225 ], [ -72.65961562, -48.86397877 ], [ -72.65410133, -48.86436394 ], [ -72.63983039, -48.86515939 ], [ -72.63851393, -48.86425138 ], [ -72.62841639, -48.86966078 ], [ -72.59068891, -48.88351985 ], [ -72.5668205, -48.89275924 ], [ -72.5383324, -48.9127779 ], [ -72.53086031, -48.91617431 ], [ -72.5129241, -48.92432713 ], [ -72.49059559, -48.93202662 ], [ -72.44901837, -48.93587636 ], [ -72.43284944, -48.94434579 ], [ -72.41976032, -48.95589502 ], [ -72.4051313, -48.9697541 ], [ -72.39964217, -48.9834769 ], [ -72.39897171, -48.98515307 ], [ -72.39666186, -49.00286189 ], [ -72.4020515, -49.0221106 ], [ -72.41745047, -49.05290854 ], [ -72.41976032, -49.07215726 ], [ -72.42976965, -49.08447644 ], [ -72.44131888, -49.10526505 ], [ -72.43746914, -49.12220392 ], [ -72.42976965, -49.1299034 ], [ -72.40282145, -49.13991273 ], [ -72.37972299, -49.13914279 ], [ -72.35508464, -49.13606299 ], [ -72.33737582, -49.13683294 ], [ -72.2911789, -49.13529304 ], [ -72.24344209, -49.14838217 ], [ -72.20802446, -49.15146196 ], [ -72.20153027, -49.15106838 ], [ -72.18261615, -49.14992207 ], [ -72.14873842, -49.15146196 ], [ -72.12983621, -49.14966175 ], [ -72.11640058, -49.14838217 ], [ -72.10177155, -49.15069201 ], [ -72.0953193, -49.15017583 ], [ -72.09365391, -49.1504379 ], [ -72.0878791, -49.15033918 ], [ -72.08738552, -49.15014175 ], [ -72.08333822, -49.14984561 ], [ -72.0836233, -49.16166822 ], [ -72.08407182, -49.18026869 ], [ -72.08408814, -49.19143771 ], [ -72.08373789, -49.43245927 ], [ -72.08338755, -49.67354144 ], [ -72.08334097, -49.70559992 ], [ -72.08457469, -49.70552705 ], [ -72.08483906, -49.70551144 ], [ -72.08766723, -49.70541463 ], [ -72.13879909, -49.69676155 ], [ -72.31927841, -49.66371604 ], [ -72.47772739, -49.63914373 ], [ -72.53904912, -49.6242024 ], [ -72.64464958, -49.59847234 ], [ -72.7248705, -49.57827686 ] ] ] ] } },
{ "type": "Feature", "properties": { "circuito": "00016", "codprov": "20", "coddepto": "006" }, "geometry": { "type": "MultiPolygon", "coordinates": [ [ [ [ -71.33157724, -50.22036838 ], [ -71.34218375, -50.22270247 ], [ -71.35707311, -50.21659181 ], [ -71.37317652, -50.2142949 ], [ -71.38237553, -50.21519493 ], [ -71.39043178, -50.21915989 ], [ -71.40366199, -50.2214344 ], [ -71.41959352, -50.21988954 ], [ -71.42894049, -50.22189341 ], [ -71.43924606, -50.22127516 ], [ -71.44202711, -50.22470598 ], [ -71.43536025, -50.22772587 ], [ -71.43802435, -50.23395496 ], [ -71.44343675, -50.23653643 ], [ -71.45207809, -50.23431071 ], [ -71.46514575, -50.22578472 ], [ -71.47233271, -50.22206355 ], [ -71.48089851, -50.22247005 ], [ -71.48652605, -50.22840537 ], [ -71.49334235, -50.22741984 ], [ -71.49788621, -50.2238403 ], [ -71.49944932, -50.22069566 ], [ -71.50195647, -50.21863732 ], [ -71.50613477, -50.21793239 ], [ -71.50821425, -50.22052689 ], [ -71.51148233, -50.22588172 ], [ -71.51647516, -50.22706082 ], [ -71.51675951, -50.2269829 ], [ -71.51725873, -50.2268461 ], [ -71.52506102, -50.22470811 ], [ -71.52938654, -50.22040878 ], [ -71.52913354, -50.2166555 ], [ -71.5194576, -50.21307915 ], [ -71.51190509, -50.20672909 ], [ -71.51506687, -50.20258438 ], [ -71.52362995, -50.19963254 ], [ -71.53266794, -50.19988566 ], [ -71.54181302, -50.20298878 ], [ -71.54909512, -50.20201408 ], [ -71.55426266, -50.20343095 ], [ -71.55770286, -50.20603483 ], [ -71.56172392, -50.21111765 ], [ -71.57113647, -50.21346456 ], [ -71.58104691, -50.21446578 ], [ -71.5866574, -50.2188462 ], [ -71.59185094, -50.21831592 ], [ -71.59740099, -50.21595346 ], [ -71.59973999, -50.21346383 ], [ -71.60000594, -50.2100773 ], [ -71.59640939, -50.20842513 ], [ -71.5948886, -50.20613373 ], [ -71.59630827, -50.20300067 ], [ -71.60263483, -50.20098721 ], [ -71.60821749, -50.20009625 ], [ -71.61461932, -50.20121429 ], [ -71.61656778, -50.20410945 ], [ -71.61545262, -50.20797574 ], [ -71.61513444, -50.2118512 ], [ -71.6207632, -50.21495345 ], [ -71.62980185, -50.21665994 ], [ -71.62996155, -50.21662162 ], [ -71.63747554, -50.21466999 ], [ -71.64357225, -50.21198524 ], [ -71.644071, -50.20731516 ], [ -71.64349634, -50.20296313 ], [ -71.64494724, -50.19987782 ], [ -71.65118651, -50.1980637 ], [ -71.65725916, -50.19925454 ], [ -71.66106945, -50.20287109 ], [ -71.66062464, -50.20770779 ], [ -71.66565492, -50.21187148 ], [ -71.67023172, -50.21241452 ], [ -71.67608094, -50.21073617 ], [ -71.68037566, -50.20856877 ], [ -71.68646935, -50.20993064 ], [ -71.69369576, -50.20990534 ], [ -71.69953459, -50.21044989 ], [ -71.70153886, -50.21611849 ], [ -71.70247509, -50.21877485 ], [ -71.70424464, -50.22302373 ], [ -71.71056034, -50.22488265 ], [ -71.71399486, -50.22769558 ], [ -71.71491314, -50.23355547 ], [ -71.71718223, -50.23735181 ], [ -71.72266132, -50.2384699 ], [ -71.73056403, -50.23689885 ], [ -71.73916251, -50.23227241 ], [ -71.74330717, -50.233203 ], [ -71.74225246, -50.23906961 ], [ -71.73884146, -50.24321171 ], [ -71.73027586, -50.24359682 ], [ -71.72450272, -50.24523004 ], [ -71.72308189, -50.24911393 ], [ -71.72583599, -50.25290267 ], [ -71.73611131, -50.25601265 ], [ -71.74636423, -50.25962713 ], [ -71.75036249, -50.25890653 ], [ -71.75483663, -50.26032808 ], [ -71.76063683, -50.26516552 ], [ -71.76831694, -50.26687394 ], [ -71.77674267, -50.27025775 ], [ -71.78698451, -50.26973525 ], [ -71.79417278, -50.27124368 ], [ -71.80263321, -50.2659894 ], [ -71.80873064, -50.26396551 ], [ -71.81551085, -50.26415468 ], [ -71.82312006, -50.25990802 ], [ -71.82993142, -50.2544135 ], [ -71.83571988, -50.25309375 ], [ -71.84131414, -50.25348786 ], [ -71.85011342, -50.25052745 ], [ -71.85679996, -50.24867538 ], [ -71.86434388, -50.25048932 ], [ -71.87831427, -50.24691249 ], [ -71.88223521, -50.24735379 ], [ -71.88484218, -50.25147288 ], [ -71.88601626, -50.26040474 ], [ -71.88147563, -50.26128012 ], [ -71.87530486, -50.26339552 ], [ -71.87133589, -50.26669971 ], [ -71.87526838, -50.27107599 ], [ -71.88242444, -50.27069964 ], [ -71.88849353, -50.26584531 ], [ -71.89154088, -50.2623896 ], [ -71.90223388, -50.25785949 ], [ -71.90217091, -50.25531605 ], [ -71.90826819, -50.24979957 ], [ -71.91528544, -50.24761612 ], [ -71.92117422, -50.24729925 ], [ -71.93007123, -50.25081446 ], [ -71.9365732, -50.25304241 ], [ -71.94501076, -50.25258876 ], [ -71.95536235, -50.24972243 ], [ -71.9601459, -50.24599325 ], [ -71.96128637, -50.2401368 ], [ -71.96510809, -50.23975382 ], [ -71.96935693, -50.24007251 ], [ -71.9739166, -50.23498073 ], [ -71.97723477, -50.23192172 ], [ -71.97719692, -50.23184949 ], [ -71.98113574, -50.23053655 ], [ -71.98367415, -50.22729789 ], [ -71.99102678, -50.2242343 ], [ -72.00109288, -50.21915748 ], [ -72.00800785, -50.21346794 ], [ -72.01238442, -50.20987916 ], [ -72.01439764, -50.20716569 ], [ -72.01492283, -50.20453975 ], [ -72.01273454, -50.20086344 ], [ -72.00940835, -50.19613674 ], [ -72.00802129, -50.19371676 ], [ -72.00529438, -50.18895918 ], [ -71.99977991, -50.1820442 ], [ -71.99738524, -50.18051428 ], [ -71.99576997, -50.1798569 ], [ -71.99091106, -50.17787946 ], [ -71.98795949, -50.17390663 ], [ -71.98883208, -50.16865172 ], [ -71.99111243, -50.16526946 ], [ -71.98891555, -50.16023738 ], [ -71.98876551, -50.15680489 ], [ -71.99504062, -50.1539941 ], [ -72.00083362, -50.14836559 ], [ -71.99820277, -50.14455035 ], [ -71.99077697, -50.14417747 ], [ -71.98595074, -50.1420629 ], [ -71.98487226, -50.13844638 ], [ -71.98307018, -50.13607959 ], [ -71.99163676, -50.13324045 ], [ -71.99936314, -50.13155119 ], [ -72.00387271, -50.13012524 ], [ -72.01201469, -50.12746859 ], [ -72.01715416, -50.12191945 ], [ -72.02313178, -50.11803648 ], [ -72.02728588, -50.11461798 ], [ -72.02992715, -50.11036741 ], [ -72.03491634, -50.11157704 ], [ -72.03994394, -50.11243578 ], [ -72.04754328, -50.10839656 ], [ -72.05658253, -50.10546593 ], [ -72.06550083, -50.10297139 ], [ -72.07484577, -50.09899359 ], [ -72.08068669, -50.09568837 ], [ -72.08132416, -50.09378233 ], [ -72.08213424, -50.09136014 ], [ -72.08274468, -50.08953492 ], [ -72.08140014, -50.08564616 ], [ -72.07626881, -50.08273652 ], [ -72.07270729, -50.08133723 ], [ -72.07188669, -50.07886072 ], [ -72.07381457, -50.07626379 ], [ -72.07784323, -50.07648143 ], [ -72.08056549, -50.0766601 ], [ -72.0835393, -50.07711353 ], [ -72.08715483, -50.07770934 ], [ -72.0893986, -50.07808946 ], [ -72.09139335, -50.07830295 ], [ -72.09560433, -50.07875145 ], [ -72.1003614, -50.07765936 ], [ -72.10362461, -50.07492099 ], [ -72.10640587, -50.07119133 ], [ -72.10805542, -50.06409778 ], [ -72.10693675, -50.05870004 ], [ -72.11063202, -50.05390408 ], [ -72.11036098, -50.04904561 ], [ -72.11256271, -50.04545448 ], [ -72.11872073, -50.04125496 ], [ -72.12477397, -50.03100735 ], [ -72.12624096, -50.02341338 ], [ -72.12416675, -50.02005551 ], [ -72.12076584, -50.01906845 ], [ -72.11827631, -50.01833877 ], [ -72.11299068, -50.01879034 ], [ -72.10903424, -50.01865636 ], [ -72.10083214, -50.01814133 ], [ -72.10126793, -50.00993519 ], [ -72.10332076, -50.00617583 ], [ -72.1010308, -50.00326375 ], [ -72.09993427, -50.00238245 ], [ -72.09518495, -49.9994633 ], [ -72.09423888, -49.99489721 ], [ -72.09665319, -49.98957152 ], [ -72.09313018, -49.98752128 ], [ -72.09065557, -49.98624744 ], [ -72.09011444, -49.98597208 ], [ -72.08603272, -49.98385665 ], [ -72.08301827, -49.97807837 ], [ -72.08065961, -49.97299477 ], [ -72.07892808, -49.96968409 ], [ -72.07507824, -49.96825829 ], [ -72.06969414, -49.97010415 ], [ -72.06558611, -49.96808215 ], [ -72.06571442, -49.96579834 ], [ -72.06574433, -49.96526589 ], [ -72.06575736, -49.96522917 ], [ -72.06696564, -49.9620378 ], [ -72.06707008, -49.96199621 ], [ -72.07052382, -49.96062109 ], [ -72.07070133, -49.95732829 ], [ -72.07030571, -49.95405797 ], [ -72.07124715, -49.94996815 ], [ -72.06853815, -49.94559498 ], [ -72.06826912, -49.94480844 ], [ -72.0672275, -49.94212351 ], [ -72.06786001, -49.93963538 ], [ -72.06402225, -49.93586147 ], [ -72.06564308, -49.93197678 ], [ -72.06367643, -49.92840757 ], [ -72.06468352, -49.92479553 ], [ -72.06174014, -49.92261137 ], [ -72.05832289, -49.91936513 ], [ -72.05700135, -49.91608168 ], [ -72.05899607, -49.91274715 ], [ -72.0571711, -49.91050354 ], [ -72.05966452, -49.9064167 ], [ -72.05836361, -49.90341863 ], [ -72.05278236, -49.90233592 ], [ -72.04632652, -49.90086736 ], [ -72.04291327, -49.89871414 ], [ -72.043964, -49.89526706 ], [ -72.04330824, -49.89208422 ], [ -72.04057532, -49.8896312 ], [ -72.03874625, -49.88746434 ], [ -72.033645, -49.88681119 ], [ -72.02814, -49.88714382 ], [ -72.02329979, -49.88698127 ], [ -72.01881066, -49.88343978 ], [ -72.01864163, -49.88011956 ], [ -72.02158411, -49.87793626 ], [ -72.02197946, -49.87471471 ], [ -72.01460406, -49.86938077 ], [ -72.01017968, -49.86800546 ], [ -72.00654373, -49.86611082 ], [ -72.0086904, -49.86299324 ], [ -72.01662698, -49.86691936 ], [ -72.02392571, -49.86517865 ], [ -72.02761305, -49.86267798 ], [ -72.0251972, -49.85924142 ], [ -72.02108178, -49.85756541 ], [ -72.01985706, -49.85447767 ], [ -72.02211438, -49.85187862 ], [ -72.02355137, -49.84888737 ], [ -72.02180784, -49.84410342 ], [ -72.01690691, -49.84138456 ], [ -72.00729497, -49.84004477 ], [ -71.9990804, -49.84137575 ], [ -71.99411562, -49.83859989 ], [ -71.99799153, -49.83416787 ], [ -72.00694542, -49.83211377 ], [ -72.01689675, -49.83423529 ], [ -72.02645881, -49.83204925 ], [ -72.03121038, -49.83317099 ], [ -72.02727597, -49.83613501 ], [ -72.02987884, -49.84100133 ], [ -72.04620352, -49.83283976 ], [ -72.04494284, -49.82522645 ], [ -72.0459047, -49.81774652 ], [ -72.04407772, -49.81309266 ], [ -72.04399566, -49.81288363 ], [ -72.04401528, -49.81287579 ], [ -72.04395078, -49.81265177 ], [ -72.05336431, -49.80894591 ], [ -72.05231234, -49.80088069 ], [ -72.05919571, -49.79847199 ], [ -72.0691689, -49.79560231 ], [ -72.07005751, -49.79207112 ], [ -72.06659211, -49.78965024 ], [ -72.06387014, -49.78602757 ], [ -72.06941332, -49.78369046 ], [ -72.07656027, -49.78329594 ], [ -72.07945644, -49.77791106 ], [ -72.07944609, -49.77791068 ], [ -72.07962298, -49.77754426 ], [ -72.07984227, -49.77754952 ], [ -72.07779199, -49.75353204 ], [ -72.08033395, -49.71879189 ], [ -72.08334096, -49.70560457 ], [ -72.08334097, -49.70559992 ], [ -72.08338755, -49.67354144 ], [ -72.08373789, -49.43245927 ], [ -72.08408814, -49.19143771 ], [ -72.08407182, -49.18026869 ], [ -72.0836233, -49.16166822 ], [ -72.08333822, -49.14984561 ], [ -72.08738552, -49.15014175 ], [ -72.0878791, -49.15033918 ], [ -72.09365391, -49.1504379 ], [ -72.0953193, -49.15017583 ], [ -72.10177155, -49.15069201 ], [ -72.11640058, -49.14838217 ], [ -72.12983621, -49.14966175 ], [ -72.14873842, -49.15146196 ], [ -72.18261615, -49.14992207 ], [ -72.20153027, -49.15106838 ], [ -72.20802446, -49.15146196 ], [ -72.24344209, -49.14838217 ], [ -72.2911789, -49.13529304 ], [ -72.33737582, -49.13683294 ], [ -72.35508464, -49.13606299 ], [ -72.37972299, -49.13914279 ], [ -72.40282145, -49.13991273 ], [ -72.42976965, -49.1299034 ], [ -72.43746914, -49.12220392 ], [ -72.44131888, -49.10526505 ], [ -72.42976965, -49.08447644 ], [ -72.41976032, -49.07215726 ], [ -72.41745047, -49.05290854 ], [ -72.4020515, -49.0221106 ], [ -72.39666186, -49.00286189 ], [ -72.39897171, -48.98515307 ], [ -72.39964217, -48.9834769 ], [ -72.4051313, -48.9697541 ], [ -72.41976032, -48.95589502 ], [ -72.43284944, -48.94434579 ], [ -72.44901837, -48.93587636 ], [ -72.49059559, -48.93202662 ], [ -72.5129241, -48.92432713 ], [ -72.53086031, -48.91617431 ], [ -72.5383324, -48.9127779 ], [ -72.5668205, -48.89275924 ], [ -72.59068891, -48.88351985 ], [ -72.62841639, -48.86966078 ], [ -72.63851393, -48.86425138 ], [ -72.63459267, -48.86154675 ], [ -72.63077333, -48.85885498 ], [ -72.6282636, -48.85730059 ], [ -72.62346156, -48.85383095 ], [ -72.6202949, -48.85127757 ], [ -72.61690604, -48.84829682 ], [ -72.61176548, -48.84368393 ], [ -72.60881119, -48.84098624 ], [ -72.60563873, -48.838005 ], [ -72.60357051, -48.83658867 ], [ -72.60181904, -48.83495647 ], [ -72.59746962, -48.83276774 ], [ -72.59409641, -48.83114556 ], [ -72.59159581, -48.82980139 ], [ -72.58840102, -48.82793431 ], [ -72.58442325, -48.82662391 ], [ -72.57986462, -48.8250062 ], [ -72.57607423, -48.82445464 ], [ -72.57401136, -48.82382121 ], [ -72.57098875, -48.82397996 ], [ -72.56654333, -48.82300094 ], [ -72.56469909, -48.82243913 ], [ -72.5617637, -48.82067124 ], [ -72.55979944, -48.81911031 ], [ -72.55740265, -48.81740985 ], [ -72.55435431, -48.81556564 ], [ -72.5527182, -48.81414833 ], [ -72.54869929, -48.81238065 ], [ -72.54465965, -48.80840269 ], [ -72.5418277, -48.80641845 ], [ -72.53898543, -48.80343494 ], [ -72.5366954, -48.80151794 ], [ -72.53179607, -48.79804382 ], [ -72.53002402, -48.79384007 ], [ -72.52923304, -48.79048694 ], [ -72.52973025, -48.78641816 ], [ -72.52847346, -48.77971631 ], [ -72.52863617, -48.77478803 ], [ -72.52955899, -48.77000353 ], [ -72.53146481, -48.76670914 ], [ -72.53230892, -48.76477821 ], [ -72.53337781, -48.7637745 ], [ -72.53302655, -48.76120458 ], [ -72.53504857, -48.75841397 ], [ -72.53622627, -48.75741015 ], [ -72.53664755, -48.75633437 ], [ -72.53456129, -48.75313454 ], [ -72.53444549, -48.75220723 ], [ -72.53637169, -48.75077151 ], [ -72.53678622, -48.74926834 ], [ -72.53688179, -48.74798551 ], [ -72.53781056, -48.74610043 ], [ -72.53976986, -48.74303439 ], [ -72.54179423, -48.73986651 ], [ -72.54102286, -48.72858901 ], [ -72.54047899, -48.72621768 ], [ -72.54071999, -48.72613995 ], [ -72.54005865, -48.72212869 ], [ -72.53695686, -48.71443705 ], [ -72.53639236, -48.71222736 ], [ -72.53850344, -48.7078616 ], [ -72.53868726, -48.70493621 ], [ -72.53625271, -48.69902226 ], [ -72.53611649, -48.69638039 ], [ -72.53594298, -48.69564502 ], [ -72.53604134, -48.6944412 ], [ -72.53672858, -48.69309489 ], [ -72.53661304, -48.69216758 ], [ -72.53648692, -48.69159721 ], [ -72.53929856, -48.67937047 ], [ -72.5394824, -48.67879219 ], [ -72.5385605, -48.67536462 ], [ -72.53747201, -48.67358409 ], [ -72.53496548, -48.66597422 ], [ -72.53936907, -48.66063293 ], [ -72.53949693, -48.65979867 ], [ -72.54029553, -48.65458796 ], [ -72.54094324, -48.65374589 ], [ -72.54074783, -48.65163683 ], [ -72.54085494, -48.65093798 ], [ -72.54096444, -48.65022352 ], [ -72.54184298, -48.64731465 ], [ -72.54224451, -48.64446118 ], [ -72.54136084, -48.64190791 ], [ -72.54110187, -48.63821553 ], [ -72.54106992, -48.63518531 ], [ -72.54147078, -48.63239948 ], [ -72.54160916, -48.63073136 ], [ -72.54234715, -48.62782206 ], [ -72.54316798, -48.6263205 ], [ -72.54386444, -48.62482078 ], [ -72.54388963, -48.62469739 ], [ -72.5457873, -48.62116905 ], [ -72.54809757, -48.61809263 ], [ -72.54925436, -48.61469396 ], [ -72.54932282, -48.61187737 ], [ -72.54861533, -48.60892752 ], [ -72.54869933, -48.60681685 ], [ -72.54963724, -48.6045176 ], [ -72.5515754, -48.60122918 ], [ -72.55305803, -48.59893835 ], [ -72.55410667, -48.59658023 ], [ -72.5560125, -48.59371337 ], [ -72.5581329, -48.59085102 ], [ -72.55950203, -48.58805608 ], [ -72.56049765, -48.58595453 ], [ -72.56304622, -48.58185099 ], [ -72.56314155, -48.58172844 ], [ -72.56314242, -48.5816961 ], [ -72.56345627, -48.58119076 ], [ -72.56368166, -48.57422541 ], [ -72.56375292, -48.5736906 ], [ -72.56365194, -48.57333706 ], [ -72.56263519, -48.56883597 ], [ -72.56202403, -48.56818338 ], [ -72.56141935, -48.56692219 ], [ -72.55764584, -48.56326542 ], [ -72.55758697, -48.55938745 ], [ -72.55940627, -48.55556132 ], [ -72.55968877, -48.55513549 ], [ -72.56105529, -48.55329046 ], [ -72.56123649, -48.55280244 ], [ -72.56158828, -48.55227215 ], [ -72.56199616, -48.55075649 ], [ -72.56223862, -48.5501035 ], [ -72.56251572, -48.54935721 ], [ -72.56345399, -48.54663889 ], [ -72.56414797, -48.54149511 ], [ -72.56418733, -48.54061347 ], [ -72.56461165, -48.53782117 ], [ -72.56556264, -48.53680291 ], [ -72.56591988, -48.53656272 ], [ -72.56665079, -48.53563779 ], [ -72.56684298, -48.53543201 ], [ -72.56686615, -48.5345256 ], [ -72.56715568, -48.53163024 ], [ -72.56720301, -48.5268664 ], [ -72.56830279, -48.52221741 ], [ -72.56852109, -48.52173174 ], [ -72.56839699, -48.52181918 ], [ -72.56857054, -48.52162171 ], [ -72.57352599, -48.51598336 ], [ -72.57422565, -48.51523391 ], [ -72.57685259, -48.51242002 ], [ -72.57687216, -48.51239906 ], [ -72.57687371, -48.51238371 ], [ -72.57724929, -48.51173803 ], [ -72.57774198, -48.50794892 ], [ -72.58015476, -48.50293996 ], [ -72.58074962, -48.49865577 ], [ -72.58087177, -48.49784499 ], [ -72.51983279, -48.53383192 ], [ -72.09907807, -48.78189754 ], [ -71.40008803, -49.19993365 ], [ -71.39152047, -49.19992247 ], [ -71.31319873, -49.1998203 ], [ -70.97521409, -49.1993794 ], [ -70.68720565, -49.19982265 ], [ -70.60003035, -49.19995681 ], [ -70.60013502, -49.2058586 ], [ -70.60015625, -49.20705576 ], [ -70.60290424, -49.36199478 ], [ -70.6022083, -49.70718326 ], [ -70.60003247, -50.20644573 ], [ -70.60001949, -50.20942464 ], [ -70.60097296, -50.20927672 ], [ -70.60118164, -50.20924434 ], [ -70.60237412, -50.20925983 ], [ -70.60729569, -50.20990932 ], [ -70.61232743, -50.2096952 ], [ -70.61665244, -50.20937874 ], [ -70.62213783, -50.20864032 ], [ -70.6259354, -50.20811288 ], [ -70.63089335, -50.20811288 ], [ -70.63722263, -50.20832386 ], [ -70.63985984, -50.20874581 ], [ -70.64270802, -50.20980069 ], [ -70.64492327, -50.21011715 ], [ -70.64893182, -50.21264887 ], [ -70.64962386, -50.21290262 ], [ -70.65209647, -50.21380924 ], [ -70.65726539, -50.21665742 ], [ -70.65926966, -50.21834523 ], [ -70.66275077, -50.22003304 ], [ -70.66749774, -50.22172085 ], [ -70.67213922, -50.22288122 ], [ -70.68015632, -50.22562391 ], [ -70.68294622, -50.22660859 ], [ -70.69654974, -50.22709308 ], [ -70.70604996, -50.22604907 ], [ -70.71373864, -50.22216725 ], [ -70.72280265, -50.22178753 ], [ -70.7340156, -50.21775644 ], [ -70.73416791, -50.21774182 ], [ -70.75873519, -50.21547601 ], [ -70.77637596, -50.21379587 ], [ -70.78722951, -50.21169671 ], [ -70.79927606, -50.20675359 ], [ -70.7995161, -50.20661086 ], [ -70.80171604, -50.20530267 ], [ -70.81060177, -50.20001877 ], [ -70.81825724, -50.19850883 ], [ -70.82966252, -50.19507252 ], [ -70.83753645, -50.1934383 ], [ -70.84736002, -50.19698354 ], [ -70.85539416, -50.19924312 ], [ -70.86401226, -50.20167482 ], [ -70.87608728, -50.20600133 ], [ -70.88648824, -50.20418696 ], [ -70.89644203, -50.20280658 ], [ -70.90523713, -50.20500038 ], [ -70.92061779, -50.21085949 ], [ -70.93433732, -50.22114039 ], [ -70.94266199, -50.22709 ], [ -70.94985185, -50.23648714 ], [ -70.95276487, -50.24030913 ], [ -70.96629786, -50.25260591 ], [ -70.97991924, -50.26189413 ], [ -70.99655798, -50.26813267 ], [ -71.00939521, -50.26978548 ], [ -71.02125438, -50.26891479 ], [ -71.03565759, -50.26800933 ], [ -71.04616509, -50.26688171 ], [ -71.05085519, -50.2633768 ], [ -71.05033775, -50.25390345 ], [ -71.05470034, -50.24729458 ], [ -71.06882633, -50.23017716 ], [ -71.0783345, -50.22125563 ], [ -71.08983934, -50.21451422 ], [ -71.10716985, -50.20971509 ], [ -71.12210734, -50.20935321 ], [ -71.1416948, -50.21187615 ], [ -71.15120944, -50.21265703 ], [ -71.16327265, -50.21233012 ], [ -71.17502458, -50.21440788 ], [ -71.18444403, -50.21880042 ], [ -71.21752431, -50.22265809 ], [ -71.22685629, -50.2187084 ], [ -71.23780824, -50.21706549 ], [ -71.24895731, -50.21653536 ], [ -71.25499185, -50.21962439 ], [ -71.25748771, -50.22448608 ], [ -71.25751495, -50.22984342 ], [ -71.26560767, -50.22852182 ], [ -71.27724402, -50.21745424 ], [ -71.28288848, -50.217063 ], [ -71.28586368, -50.22261422 ], [ -71.2941057, -50.22556916 ], [ -71.30449837, -50.22422159 ], [ -71.31919253, -50.21827716 ], [ -71.33069752, -50.22017478 ], [ -71.33157724, -50.22036838 ] ] ] ] } },
{ "type": "Feature", "properties": { "circuito": "00017", "codprov": "20", "coddepto": "006" }, "geometry": { "type": "MultiPolygon", "coordinates": [ [ [ [ -71.27724402, -50.21745424 ], [ -71.26560767, -50.22852182 ], [ -71.25751495, -50.22984342 ], [ -71.25748771, -50.22448608 ], [ -71.25499185, -50.21962439 ], [ -71.24895731, -50.21653536 ], [ -71.23780824, -50.21706549 ], [ -71.22685629, -50.2187084 ], [ -71.21752431, -50.22265809 ], [ -71.18444403, -50.21880042 ], [ -71.17502458, -50.21440788 ], [ -71.16327265, -50.21233012 ], [ -71.15120944, -50.21265703 ], [ -71.1416948, -50.21187615 ], [ -71.12210734, -50.20935321 ], [ -71.10716985, -50.20971509 ], [ -71.08983934, -50.21451422 ], [ -71.0783345, -50.22125563 ], [ -71.06882633, -50.23017716 ], [ -71.05470034, -50.24729458 ], [ -71.05033775, -50.25390345 ], [ -71.05085519, -50.2633768 ], [ -71.04616509, -50.26688171 ], [ -71.03565759, -50.26800933 ], [ -71.02125438, -50.26891479 ], [ -71.00939521, -50.26978548 ], [ -70.99655798, -50.26813267 ], [ -70.97991924, -50.26189413 ], [ -70.96629786, -50.25260591 ], [ -70.95276487, -50.24030913 ], [ -70.94985185, -50.23648714 ], [ -70.94266199, -50.22709 ], [ -70.93433732, -50.22114039 ], [ -70.92061779, -50.21085949 ], [ -70.90523713, -50.20500038 ], [ -70.89644203, -50.20280658 ], [ -70.88648824, -50.20418696 ], [ -70.87608728, -50.20600133 ], [ -70.86401226, -50.20167482 ], [ -70.85539416, -50.19924312 ], [ -70.84736002, -50.19698354 ], [ -70.83753645, -50.1934383 ], [ -70.82966252, -50.19507252 ], [ -70.81825724, -50.19850883 ], [ -70.81060177, -50.20001877 ], [ -70.80171604, -50.20530267 ], [ -70.7995161, -50.20661086 ], [ -70.79927606, -50.20675359 ], [ -70.78722951, -50.21169671 ], [ -70.77637596, -50.21379587 ], [ -70.75873519, -50.21547601 ], [ -70.73416791, -50.21774182 ], [ -70.7340156, -50.21775644 ], [ -70.72280265, -50.22178753 ], [ -70.71373864, -50.22216725 ], [ -70.70604996, -50.22604907 ], [ -70.69654974, -50.22709308 ], [ -70.68294622, -50.22660859 ], [ -70.68015632, -50.22562391 ], [ -70.67213922, -50.22288122 ], [ -70.66749774, -50.22172085 ], [ -70.66275077, -50.22003304 ], [ -70.65926966, -50.21834523 ], [ -70.65726539, -50.21665742 ], [ -70.65209647, -50.21380924 ], [ -70.64962386, -50.21290262 ], [ -70.64893182, -50.21264887 ], [ -70.64492327, -50.21011715 ], [ -70.64270802, -50.20980069 ], [ -70.63985984, -50.20874581 ], [ -70.63722263, -50.20832386 ], [ -70.63089335, -50.20811288 ], [ -70.6259354, -50.20811288 ], [ -70.62213783, -50.20864032 ], [ -70.61665244, -50.20937874 ], [ -70.61232743, -50.2096952 ], [ -70.60729569, -50.20990932 ], [ -70.60237412, -50.20925983 ], [ -70.60118164, -50.20924434 ], [ -70.60097296, -50.20927672 ], [ -70.60001949, -50.20942464 ], [ -70.60001926, -50.20947621 ], [ -70.60001975, -50.21180172 ], [ -70.60013036, -50.73784237 ], [ -70.64741491, -50.73667544 ], [ -70.72307387, -50.73445242 ], [ -70.86949832, -50.73015015 ], [ -71.50171561, -50.71157426 ], [ -72.17748387, -50.68652574 ], [ -72.30395302, -50.68183794 ], [ -72.30342244, -50.67893956 ], [ -72.29914269, -50.66863517 ], [ -72.29727869, -50.6641472 ], [ -72.29579002, -50.66163957 ], [ -72.28921395, -50.65524622 ], [ -72.29172542, -50.65482791 ], [ -72.29405259, -50.65469478 ], [ -72.29924863, -50.65374932 ], [ -72.30172614, -50.65207615 ], [ -72.30520532, -50.65091261 ], [ -72.30998286, -50.65060877 ], [ -72.33156492, -50.65183271 ], [ -72.33403788, -50.65104701 ], [ -72.33761582, -50.65050544 ], [ -72.34110907, -50.64996609 ], [ -72.34423171, -50.64897439 ], [ -72.34644433, -50.64719092 ], [ -72.34769532, -50.64357884 ], [ -72.34767157, -50.6413003 ], [ -72.34724505, -50.6373102 ], [ -72.35037033, -50.62950374 ], [ -72.3510822, -50.62718366 ], [ -72.35344492, -50.6240854 ], [ -72.35437887, -50.62128311 ], [ -72.35514958, -50.61939991 ], [ -72.35699548, -50.61766844 ], [ -72.35971728, -50.61689802 ], [ -72.36344308, -50.61659596 ], [ -72.3693448, -50.61753691 ], [ -72.38006484, -50.62262921 ], [ -72.38503191, -50.6239022 ], [ -72.38748971, -50.62582067 ], [ -72.39022158, -50.62756809 ], [ -72.39303546, -50.62908793 ], [ -72.39799474, -50.6301582 ], [ -72.40159618, -50.63090615 ], [ -72.40743891, -50.63196268 ], [ -72.41698414, -50.62855254 ], [ -72.41628174, -50.62490956 ], [ -72.41856913, -50.62300582 ], [ -72.42131798, -50.62121312 ], [ -72.42478771, -50.61981671 ], [ -72.42779641, -50.61880487 ], [ -72.43140433, -50.6185688 ], [ -72.43761355, -50.61812902 ], [ -72.45085887, -50.61760893 ], [ -72.45535355, -50.61825501 ], [ -72.45886919, -50.61868366 ], [ -72.46154893, -50.61820267 ], [ -72.46392627, -50.61612383 ], [ -72.46568939, -50.61468573 ], [ -72.46923151, -50.61290339 ], [ -72.47170174, -50.61086633 ], [ -72.4742029, -50.6075151 ], [ -72.48391784, -50.60296289 ], [ -72.48667697, -50.602006 ], [ -72.4904256, -50.60117954 ], [ -72.49328587, -50.60080912 ], [ -72.49625178, -50.60101137 ], [ -72.49851929, -50.60190653 ], [ -72.50017595, -50.60394267 ], [ -72.50175573, -50.60605272 ], [ -72.50315185, -50.60842578 ], [ -72.50597909, -50.61172216 ], [ -72.51821889, -50.61599609 ], [ -72.52083576, -50.61660061 ], [ -72.52417011, -50.61747491 ], [ -72.52967798, -50.61917484 ], [ -72.53842045, -50.61880886 ], [ -72.54304558, -50.61873308 ], [ -72.54744113, -50.62041144 ], [ -72.55392482, -50.62734373 ], [ -72.55543412, -50.63037399 ], [ -72.55776964, -50.63411561 ], [ -72.55992736, -50.63792151 ], [ -72.56246907, -50.64086621 ], [ -72.56500232, -50.64380255 ], [ -72.56828965, -50.64572978 ], [ -72.58000724, -50.64845417 ], [ -72.58141354, -50.65026217 ], [ -72.58329853, -50.65407232 ], [ -72.58482195, -50.65748426 ], [ -72.58679296, -50.66238257 ], [ -72.58655382, -50.66596338 ], [ -72.58575327, -50.66859012 ], [ -72.582884, -50.67752784 ], [ -72.58518165, -50.67955936 ], [ -72.58868568, -50.67964257 ], [ -72.59230859, -50.68063084 ], [ -72.59798384, -50.6813177 ], [ -72.60201993, -50.68136529 ], [ -72.60630026, -50.67941358 ], [ -72.60765063, -50.67663723 ], [ -72.61745567, -50.67285942 ], [ -72.61984993, -50.67151953 ], [ -72.6204008, -50.66843098 ], [ -72.62106235, -50.66625726 ], [ -72.62163435, -50.6640279 ], [ -72.62292545, -50.66184678 ], [ -72.62516734, -50.66014983 ], [ -72.6274174, -50.65832143 ], [ -72.62971438, -50.65658373 ], [ -72.63202797, -50.65576867 ], [ -72.64325603, -50.65245574 ], [ -72.64603942, -50.65254323 ], [ -72.64848213, -50.65309187 ], [ -72.65257323, -50.65504428 ], [ -72.65452486, -50.6577074 ], [ -72.65575321, -50.66014702 ], [ -72.65825555, -50.66161457 ], [ -72.6609887, -50.66202146 ], [ -72.66326725, -50.66223645 ], [ -72.66765666, -50.66113868 ], [ -72.67742727, -50.65444635 ], [ -72.67907725, -50.65209469 ], [ -72.68063373, -50.64973732 ], [ -72.68607157, -50.64269976 ], [ -72.68839798, -50.64371259 ], [ -72.69435176, -50.64612922 ], [ -72.7057788, -50.6440419 ], [ -72.70766454, -50.64312148 ], [ -72.71191427, -50.64119521 ], [ -72.71384525, -50.63952257 ], [ -72.71594881, -50.63755588 ], [ -72.71892638, -50.63490247 ], [ -72.7209, -50.63326668 ], [ -72.72374754, -50.63056999 ], [ -72.724411, -50.62757946 ], [ -72.72607212, -50.6173689 ], [ -72.7272624, -50.61490194 ], [ -72.73020762, -50.6141262 ], [ -72.73280416, -50.61415965 ], [ -72.74036955, -50.62149121 ], [ -72.74217134, -50.62418359 ], [ -72.7522486, -50.62912055 ], [ -72.75612447, -50.62959082 ], [ -72.76124521, -50.62987904 ], [ -72.76608402, -50.62942903 ], [ -72.7698286, -50.62852601 ], [ -72.77331493, -50.62664395 ], [ -72.77607764, -50.62743323 ], [ -72.7824924, -50.62841778 ], [ -72.7928244, -50.63307274 ], [ -72.79511234, -50.63389286 ], [ -72.79686711, -50.63558318 ], [ -72.79936306, -50.63794987 ], [ -72.80271905, -50.63922912 ], [ -72.80721258, -50.6394604 ], [ -72.81140171, -50.63922148 ], [ -72.81358433, -50.64032971 ], [ -72.81564294, -50.64192631 ], [ -72.81842176, -50.64359233 ], [ -72.8266453, -50.64973121 ], [ -72.82864957, -50.65067855 ], [ -72.83154192, -50.65116248 ], [ -72.83674656, -50.65104351 ], [ -72.8403535, -50.65168721 ], [ -72.84288759, -50.65228707 ], [ -72.84758831, -50.65149378 ], [ -72.85039513, -50.65116854 ], [ -72.85241007, -50.65239858 ], [ -72.85494914, -50.65429614 ], [ -72.86503551, -50.65995327 ], [ -72.8673385, -50.66192035 ], [ -72.87008478, -50.66360152 ], [ -72.87264381, -50.6650507 ], [ -72.87673062, -50.66654489 ], [ -72.87955516, -50.66782242 ], [ -72.88154541, -50.66887828 ], [ -72.88501637, -50.67020853 ], [ -72.89049524, -50.66914846 ], [ -72.89923036, -50.67363371 ], [ -72.90100089, -50.67560529 ], [ -72.90315914, -50.67871577 ], [ -72.90531226, -50.6813668 ], [ -72.90766136, -50.68453748 ], [ -72.90872963, -50.68679017 ], [ -72.90976691, -50.68872992 ], [ -72.91021823, -50.69295169 ], [ -72.91765395, -50.69953558 ], [ -72.92049238, -50.70121227 ], [ -72.92368862, -50.70276796 ], [ -72.92719057, -50.70540637 ], [ -72.92927556, -50.70589429 ], [ -72.93143265, -50.70603781 ], [ -72.93536195, -50.70445525 ], [ -72.93873694, -50.70383554 ], [ -72.94073399, -50.70449312 ], [ -72.94117529, -50.7068582 ], [ -72.94226583, -50.71560115 ], [ -72.94626719, -50.71686147 ], [ -72.94788108, -50.71957636 ], [ -72.94852543, -50.72277156 ], [ -72.9475112, -50.72472105 ], [ -72.94630409, -50.72877465 ], [ -72.94653953, -50.73095459 ], [ -72.94747917, -50.733155 ], [ -72.95109586, -50.74099047 ], [ -72.95363559, -50.74181752 ], [ -72.95805438, -50.7420451 ], [ -72.96200535, -50.74188005 ], [ -72.96570461, -50.74211532 ], [ -72.96809239, -50.74373971 ], [ -72.97149498, -50.74494274 ], [ -72.97553313, -50.74541445 ], [ -72.97895016, -50.74542571 ], [ -72.98089593, -50.74631254 ], [ -72.98599119, -50.75418161 ], [ -72.98922804, -50.75419464 ], [ -72.99158413, -50.7547392 ], [ -72.99404022, -50.7555005 ], [ -72.99605333, -50.7564985 ], [ -72.99838344, -50.75875404 ], [ -72.99970108, -50.76061479 ], [ -73.00137334, -50.76202549 ], [ -73.00426604, -50.76322671 ], [ -73.0068113, -50.76337584 ], [ -73.00908491, -50.76391368 ], [ -73.01117528, -50.76403002 ], [ -73.02372069, -50.76390179 ], [ -73.02616042, -50.76306768 ], [ -73.02810543, -50.76213221 ], [ -73.0306988, -50.76158225 ], [ -73.03416383, -50.76284572 ], [ -73.03615672, -50.76321806 ], [ -73.0384959, -50.76318601 ], [ -73.04086288, -50.76384136 ], [ -73.04224186, -50.7661247 ], [ -73.04443438, -50.76835529 ], [ -73.04725655, -50.76917382 ], [ -73.04932384, -50.7698551 ], [ -73.05371723, -50.77728673 ], [ -73.05479378, -50.77905521 ], [ -73.05666337, -50.78097104 ], [ -73.05872166, -50.78328073 ], [ -73.06028113, -50.78645451 ], [ -73.06188825, -50.78860057 ], [ -73.06333983, -50.79047158 ], [ -73.08327522, -50.79229891 ], [ -73.08486156, -50.79381972 ], [ -73.08608927, -50.79545753 ], [ -73.08856979, -50.79673785 ], [ -73.09140161, -50.7977845 ], [ -73.09482483, -50.79801731 ], [ -73.10002838, -50.79864893 ], [ -73.12299967, -50.7999017 ], [ -73.12869216, -50.80022761 ], [ -73.1333078, -50.80090029 ], [ -73.13752635, -50.80043974 ], [ -73.1424232, -50.80133988 ], [ -73.14520178, -50.8014204 ], [ -73.16739665, -50.80328719 ], [ -73.16936611, -50.80374954 ], [ -73.17365112, -50.80534261 ], [ -73.17719895, -50.80620234 ], [ -73.18185463, -50.80773087 ], [ -73.18541683, -50.80910769 ], [ -73.18774483, -50.81006571 ], [ -73.20933458, -50.81731275 ], [ -73.21221751, -50.81732832 ], [ -73.21554635, -50.81699321 ], [ -73.21808563, -50.81724198 ], [ -73.22207388, -50.81786296 ], [ -73.22684439, -50.81773807 ], [ -73.23023839, -50.81773046 ], [ -73.2531571, -50.81996319 ], [ -73.25668177, -50.82007848 ], [ -73.26028288, -50.82002452 ], [ -73.2627703, -50.81918555 ], [ -73.26507309, -50.81823668 ], [ -73.26674573, -50.81701459 ], [ -73.26967369, -50.81599648 ], [ -73.27198567, -50.81409507 ], [ -73.28340949, -50.80077961 ], [ -73.28359174, -50.79866631 ], [ -73.28420751, -50.79597322 ], [ -73.28465054, -50.79351198 ], [ -73.28456719, -50.79140433 ], [ -73.28367448, -50.78712294 ], [ -73.28440945, -50.77138153 ], [ -73.28431, -50.76881533 ], [ -73.28462708, -50.76479145 ], [ -73.28740003, -50.75670632 ], [ -73.28796936, -50.75449539 ], [ -73.28898698, -50.75233468 ], [ -73.29176408, -50.74342379 ], [ -73.29209858, -50.74039499 ], [ -73.29295291, -50.7371304 ], [ -73.29310671, -50.73410419 ], [ -73.29380786, -50.72992426 ], [ -73.29390015, -50.72684492 ], [ -73.29189206, -50.72392145 ], [ -73.2834608, -50.71776467 ], [ -73.28096032, -50.71591766 ], [ -73.27873292, -50.71424469 ], [ -73.27739612, -50.71214959 ], [ -73.2759551, -50.70977515 ], [ -73.27379663, -50.70752775 ], [ -73.27241521, -50.70526072 ], [ -73.27155864, -50.70334377 ], [ -73.27129961, -50.70123832 ], [ -73.27207294, -50.69911307 ], [ -73.27386363, -50.6908724 ], [ -73.27494692, -50.68862482 ], [ -73.27629836, -50.68654724 ], [ -73.2778613, -50.68287244 ], [ -73.27881464, -50.67971645 ], [ -73.28030176, -50.67716224 ], [ -73.28178939, -50.675334 ], [ -73.28461541, -50.67150136 ], [ -73.29228997, -50.66365081 ], [ -73.29455467, -50.6618432 ], [ -73.29683664, -50.66043535 ], [ -73.2989495, -50.65932216 ], [ -73.30246087, -50.65715498 ], [ -73.30528095, -50.65585669 ], [ -73.30809599, -50.65496916 ], [ -73.31191274, -50.65335159 ], [ -73.31403428, -50.65240869 ], [ -73.316062, -50.65126669 ], [ -73.32474487, -50.64544303 ], [ -73.32625353, -50.64365735 ], [ -73.32723957, -50.64141791 ], [ -73.32678912, -50.63914482 ], [ -73.32580411, -50.63698727 ], [ -73.32428511, -50.63478736 ], [ -73.32153186, -50.63200799 ], [ -73.31946497, -50.63079057 ], [ -73.31760424, -50.62941487 ], [ -73.31491884, -50.62735534 ], [ -73.30692061, -50.62034148 ], [ -73.30441909, -50.6184998 ], [ -73.30326676, -50.61652392 ], [ -73.30241932, -50.61316793 ], [ -73.30188762, -50.61117716 ], [ -73.30057485, -50.60731711 ], [ -73.30051286, -50.60355271 ], [ -73.29984932, -50.60105964 ], [ -73.2986613, -50.59334637 ], [ -73.29937579, -50.59067604 ], [ -73.30054382, -50.58860099 ], [ -73.30188691, -50.58624422 ], [ -73.30279611, -50.58423287 ], [ -73.30458686, -50.58186761 ], [ -73.30669523, -50.57980309 ], [ -73.30863804, -50.57780745 ], [ -73.3108293, -50.57645695 ], [ -73.31307263, -50.57507017 ], [ -73.32583608, -50.5728537 ], [ -73.32961188, -50.57302029 ], [ -73.332008, -50.57247173 ], [ -73.33479883, -50.57060248 ], [ -73.3362254, -50.56812051 ], [ -73.33694562, -50.5658868 ], [ -73.33804241, -50.56205899 ], [ -73.33866736, -50.55981127 ], [ -73.33902644, -50.55760995 ], [ -73.34350346, -50.55013708 ], [ -73.34436804, -50.5476784 ], [ -73.34559564, -50.54492556 ], [ -73.34826496, -50.54219651 ], [ -73.34922102, -50.53916137 ], [ -73.35056915, -50.53637961 ], [ -73.35185132, -50.53480328 ], [ -73.35407074, -50.53285859 ], [ -73.35613899, -50.53123859 ], [ -73.36841677, -50.53108992 ], [ -73.37229121, -50.53165197 ], [ -73.37599057, -50.53233339 ], [ -73.37941546, -50.53284551 ], [ -73.38328614, -50.53318206 ], [ -73.38706126, -50.53351807 ], [ -73.39085976, -50.53381577 ], [ -73.39405099, -50.53357739 ], [ -73.40030605, -50.53224151 ], [ -73.41116141, -50.52712972 ], [ -73.41377348, -50.52526101 ], [ -73.41628251, -50.5232798 ], [ -73.41824818, -50.5187952 ], [ -73.41803006, -50.51452621 ], [ -73.41759595, -50.5117334 ], [ -73.41884461, -50.50838246 ], [ -73.42174602, -50.50057517 ], [ -73.42314709, -50.49902327 ], [ -73.42516126, -50.49790739 ], [ -73.42706879, -50.49650349 ], [ -73.43050253, -50.49519128 ], [ -73.43278567, -50.49401481 ], [ -73.43536127, -50.49362804 ], [ -73.43778004, -50.49358463 ], [ -73.44023061, -50.49389005 ], [ -73.44477111, -50.49386601 ], [ -73.4469966, -50.49354231 ], [ -73.4500109, -50.49326871 ], [ -73.46435357, -50.49313382 ], [ -73.46720045, -50.4927442 ], [ -73.47012261, -50.49212218 ], [ -73.47321258, -50.49109696 ], [ -73.47569066, -50.49037087 ], [ -73.47866029, -50.48866644 ], [ -73.48092674, -50.48601576 ], [ -73.48344181, -50.48345062 ], [ -73.48561182, -50.48049744 ], [ -73.49063879, -50.47185399 ], [ -73.49191065, -50.46823842 ], [ -73.49262046, -50.46599546 ], [ -73.49273775, -50.46246259 ], [ -73.49140909, -50.45862411 ], [ -73.49037679, -50.45565155 ], [ -73.48817326, -50.45273163 ], [ -73.48491451, -50.44325591 ], [ -73.48419827, -50.44109335 ], [ -73.48374999, -50.4390552 ], [ -73.48526719, -50.43486269 ], [ -73.4858994, -50.43285686 ], [ -73.48682373, -50.43059441 ], [ -73.48756178, -50.42786188 ], [ -73.48901202, -50.42447815 ], [ -73.48938057, -50.41629996 ], [ -73.48621249, -50.41326962 ], [ -73.48400805, -50.41188312 ], [ -73.48152964, -50.41032762 ], [ -73.48018538, -50.40824034 ], [ -73.47950709, -50.40420283 ], [ -73.48033881, -50.40133557 ], [ -73.48448944, -50.39957289 ], [ -73.48448944, -50.39957289 ], [ -73.49662047, -50.39779912 ], [ -73.49944308, -50.396838 ], [ -73.50142617, -50.39287782 ], [ -73.50148588, -50.38024083 ], [ -73.50296709, -50.37885623 ], [ -73.51296188, -50.37433528 ], [ -73.51729485, -50.37416009 ], [ -73.52000452, -50.37490891 ], [ -73.52373518, -50.37449994 ], [ -73.52638311, -50.37371192 ], [ -73.52896167, -50.37149608 ], [ -73.52993768, -50.36880008 ], [ -73.53058527, -50.36581845 ], [ -73.53068441, -50.36257588 ], [ -73.53038806, -50.35315511 ], [ -73.52990039, -50.35031354 ], [ -73.52934836, -50.34792433 ], [ -73.53086863, -50.34396086 ], [ -73.53253979, -50.34035785 ], [ -73.5325544, -50.33765069 ], [ -73.53416173, -50.33422036 ], [ -73.53903777, -50.32680597 ], [ -73.54077175, -50.32369314 ], [ -73.54255648, -50.32172109 ], [ -73.54427435, -50.32026925 ], [ -73.54607281, -50.31857998 ], [ -73.54679032, -50.31662459 ], [ -73.54798917, -50.31357876 ], [ -73.54891116, -50.31025618 ], [ -73.54991672, -50.30744905 ], [ -73.54874502, -50.29838838 ], [ -73.54954565, -50.29438246 ], [ -73.55167932, -50.29229252 ], [ -73.55358124, -50.29088225 ], [ -73.55530425, -50.28953797 ], [ -73.5569592, -50.28636447 ], [ -73.55750139, -50.28293691 ], [ -73.5580514, -50.28012646 ], [ -73.55728871, -50.27215579 ], [ -73.55621339, -50.26989602 ], [ -73.55531214, -50.26780065 ], [ -73.55485604, -50.26552458 ], [ -73.55333538, -50.26326963 ], [ -73.55242142, -50.26083268 ], [ -73.553396, -50.2586462 ], [ -73.55392243, -50.25640617 ], [ -73.55490776, -50.25195487 ], [ -73.55715963, -50.24311658 ], [ -73.5579359, -50.23870701 ], [ -73.55827959, -50.23442288 ], [ -73.5601323, -50.2320474 ], [ -73.56177362, -50.23088187 ], [ -73.56354252, -50.22869893 ], [ -73.56477136, -50.2263176 ], [ -73.5660783, -50.22453787 ], [ -73.56202602, -50.21660837 ], [ -73.56036109, -50.21314928 ], [ -73.55943363, -50.21031686 ], [ -73.56037182, -50.20738959 ], [ -73.56218569, -50.20421495 ], [ -73.56339211, -50.20123142 ], [ -73.56356637, -50.19922669 ], [ -73.56339002, -50.1972091 ], [ -73.56481655, -50.18739142 ], [ -73.56501591, -50.18390977 ], [ -73.56541454, -50.18070742 ], [ -73.56607531, -50.17778308 ], [ -73.56470465, -50.17486527 ], [ -73.56348328, -50.17138806 ], [ -73.56213239, -50.16885623 ], [ -73.55389931, -50.16174416 ], [ -73.55160466, -50.16018733 ], [ -73.54960704, -50.15908116 ], [ -73.54685764, -50.15724585 ], [ -73.54391387, -50.15507209 ], [ -73.54172503, -50.15379847 ], [ -73.53935158, -50.15235688 ], [ -73.53723964, -50.15079654 ], [ -73.53346032, -50.14733738 ], [ -73.52800559, -50.13880992 ], [ -73.52700072, -50.13420334 ], [ -73.5262591, -50.13158829 ], [ -73.52490846, -50.12704948 ], [ -73.52453709, -50.12384134 ], [ -73.52476576, -50.12180473 ], [ -73.52436864, -50.11936553 ], [ -73.52172682, -50.11157666 ], [ -73.52146012, -50.10907592 ], [ -73.52081312, -50.10651985 ], [ -73.52060752, -50.10378805 ], [ -73.52009572, -50.10025912 ], [ -73.5196682, -50.09711027 ], [ -73.5190103, -50.09371199 ], [ -73.51805822, -50.09093136 ], [ -73.51475281, -50.08145825 ], [ -73.51390715, -50.07822146 ], [ -73.5127564, -50.07219439 ], [ -73.51325217, -50.06933527 ], [ -73.5138534, -50.0670166 ], [ -73.51439505, -50.06491982 ], [ -73.51488539, -50.06257523 ], [ -73.51573237, -50.05279846 ], [ -73.51552473, -50.05017964 ], [ -73.51465464, -50.04836553 ], [ -73.51284866, -50.04565868 ], [ -73.51145009, -50.04414547 ], [ -73.50852979, -50.04103561 ], [ -73.50656759, -50.03975884 ], [ -73.50475165, -50.0388429 ], [ -73.50268551, -50.03818882 ], [ -73.50147851, -50.03788072 ], [ -73.50033953, -50.03742219 ], [ -73.49826017, -50.03742219 ], [ -73.49122996, -50.03702612 ], [ -73.48885355, -50.03672907 ], [ -73.48717026, -50.03672907 ], [ -73.4810312, -50.03841236 ], [ -73.47310983, -50.03702612 ], [ -73.47013931, -50.03484773 ], [ -73.4677629, -50.02890667 ], [ -73.46558453, -50.02484695 ], [ -73.46301008, -50.01989607 ], [ -73.46231696, -50.0178167 ], [ -73.462515, -50.01583635 ], [ -73.462515, -50.01375698 ], [ -73.46667372, -49.99910237 ], [ -73.50145503, -49.99904947 ], [ -73.5014792, -49.99903831 ], [ -73.52228529, -49.99343976 ], [ -73.52825945, -49.9922243 ], [ -73.53532236, -49.98990751 ], [ -73.53697236, -49.98651845 ], [ -73.53411705, -49.98446754 ], [ -73.52635827, -49.98128397 ], [ -73.51919631, -49.97701261 ], [ -73.51178868, -49.97380944 ], [ -73.50655436, -49.96848596 ], [ -73.50524061, -49.96566194 ], [ -73.50679542, -49.96221447 ], [ -73.51084157, -49.95997255 ], [ -73.52494057, -49.95474781 ], [ -73.53822983, -49.95137669 ], [ -73.54395218, -49.9485872 ], [ -73.54740056, -49.94528061 ], [ -73.54824663, -49.94158205 ], [ -73.54764444, -49.93611841 ], [ -73.54828648, -49.93249273 ], [ -73.5506585, -49.92773393 ], [ -73.55265656, -49.9230546 ], [ -73.55151341, -49.91923698 ], [ -73.54862, -49.91625223 ], [ -73.54234987, -49.91171125 ], [ -73.53013372, -49.90471779 ], [ -73.52191997, -49.89971853 ], [ -73.51831699, -49.89496765 ], [ -73.51550172, -49.88746167 ], [ -73.51264718, -49.88218663 ], [ -73.50958301, -49.87840063 ], [ -73.50682774, -49.87450961 ], [ -73.50331045, -49.87038627 ], [ -73.50146587, -49.86775537 ], [ -73.50146207, -49.86774994 ], [ -73.50005209, -49.86573866 ], [ -73.49919019, -49.86047024 ], [ -73.49749604, -49.85764062 ], [ -73.49404799, -49.85396612 ], [ -73.49054723, -49.85178423 ], [ -73.49000527, -49.84985 ], [ -73.49192005, -49.84759173 ], [ -73.49428475, -49.84582878 ], [ -73.49764166, -49.84328056 ], [ -73.49794782, -49.83929839 ], [ -73.49758207, -49.83447603 ], [ -73.49781106, -49.82953609 ], [ -73.49904545, -49.82267804 ], [ -73.49973199, -49.81724984 ], [ -73.49651387, -49.81364015 ], [ -73.49215565, -49.8115054 ], [ -73.48580795, -49.80922342 ], [ -73.47775258, -49.80717389 ], [ -73.47208448, -49.80432859 ], [ -73.46584198, -49.80204044 ], [ -73.45872291, -49.79897084 ], [ -73.45384134, -49.79718454 ], [ -73.44886863, -49.7956498 ], [ -73.44535764, -49.79305289 ], [ -73.44648796, -49.78960457 ], [ -73.45042307, -49.78861459 ], [ -73.45450619, -49.78713758 ], [ -73.45919585, -49.78436972 ], [ -73.46201145, -49.78175925 ], [ -73.46505679, -49.7759853 ], [ -73.46625275, -49.77287792 ], [ -73.46343294, -49.77183702 ], [ -73.4601808, -49.7706642 ], [ -73.45735868, -49.76767571 ], [ -73.45460996, -49.76551904 ], [ -73.45202578, -49.76318951 ], [ -73.44761704, -49.76094967 ], [ -73.44210729, -49.75963055 ], [ -73.43881996, -49.75699063 ], [ -73.44383798, -49.75476604 ], [ -73.44950112, -49.7522299 ], [ -73.45394902, -49.74858709 ], [ -73.45923649, -49.74448873 ], [ -73.464318, -49.73887155 ], [ -73.46846748, -49.73246016 ], [ -73.47096634, -49.7274993 ], [ -73.47255491, -49.72434558 ], [ -73.47466213, -49.71942358 ], [ -73.47635504, -49.71707315 ], [ -73.47872222, -49.71576106 ], [ -73.48101645, -49.71548802 ], [ -73.48710664, -49.7149576 ], [ -73.49164513, -49.71281071 ], [ -73.49441545, -49.71055965 ], [ -73.49898588, -49.70945548 ], [ -73.50144124, -49.70911656 ], [ -73.50147094, -49.70911246 ], [ -73.50453031, -49.70869009 ], [ -73.50774192, -49.70704743 ], [ -73.50910926, -49.70439271 ], [ -73.50829856, -49.7005808 ], [ -73.50518034, -49.69680026 ], [ -73.50146957, -49.69368146 ], [ -73.50145811, -49.69367183 ], [ -73.50111297, -49.69338171 ], [ -73.49868551, -49.69098038 ], [ -73.49861095, -49.6885166 ], [ -73.49863365, -49.6858771 ], [ -73.49882415, -49.68159919 ], [ -73.50051143, -49.67900993 ], [ -73.50146378, -49.67669309 ], [ -73.50610088, -49.66540932 ], [ -73.50465372, -49.66216081 ], [ -73.50199632, -49.66043443 ], [ -73.50145911, -49.66044926 ], [ -73.4994661, -49.66050419 ], [ -73.49568813, -49.66055303 ], [ -73.49290527, -49.658599 ], [ -73.48994434, -49.65639975 ], [ -73.48619032, -49.65451201 ], [ -73.4830374, -49.65267281 ], [ -73.47999333, -49.65042233 ], [ -73.47555354, -49.64775398 ], [ -73.46907055, -49.64539405 ], [ -73.46420315, -49.64162831 ], [ -73.46090689, -49.63404014 ], [ -73.46108765, -49.62372236 ], [ -73.46369796, -49.61808748 ], [ -73.46797235, -49.6137475 ], [ -73.47104507, -49.60743449 ], [ -73.47452424, -49.60029527 ], [ -73.47870723, -49.59376772 ], [ -73.48445748, -49.58625341 ], [ -73.48827357, -49.581914 ], [ -73.49226442, -49.57838343 ], [ -73.49855746, -49.57485792 ], [ -73.50145909, -49.57362698 ], [ -73.50457823, -49.57228573 ], [ -73.51290969, -49.57066857 ], [ -73.51987179, -49.56951479 ], [ -73.52634374, -49.56770238 ], [ -73.53179072, -49.56540236 ], [ -73.53609555, -49.56323881 ], [ -73.53790153, -49.56053433 ], [ -73.53962529, -49.55785092 ], [ -73.54081482, -49.55457652 ], [ -73.54239769, -49.55287082 ], [ -73.5456915, -49.54955573 ], [ -73.54581964, -49.54707338 ], [ -73.54556954, -49.54318776 ], [ -73.54679207, -49.54118159 ], [ -73.54856604, -49.5394176 ], [ -73.54967269, -49.53727782 ], [ -73.54927805, -49.53525844 ], [ -73.5474312, -49.53205656 ], [ -73.54387585, -49.52907075 ], [ -73.54024427, -49.52587547 ], [ -73.53938079, -49.5231464 ], [ -73.54058648, -49.5207767 ], [ -73.54185476, -49.51832908 ], [ -73.54280814, -49.5147203 ], [ -73.54299014, -49.51114655 ], [ -73.54395165, -49.50776694 ], [ -73.5447764, -49.50388599 ], [ -73.54372306, -49.5015081 ], [ -73.54201603, -49.4991634 ], [ -73.53973372, -49.49740367 ], [ -73.53716126, -49.49771732 ], [ -73.53294301, -49.4993456 ], [ -73.5286252, -49.49987837 ], [ -73.52362611, -49.49929704 ], [ -73.51980521, -49.4985305 ], [ -73.51622615, -49.49704284 ], [ -73.51357772, -49.49630354 ], [ -73.51059523, -49.49619445 ], [ -73.50767375, -49.49663868 ], [ -73.50291368, -49.49703077 ], [ -73.50146383, -49.4972593 ], [ -73.49790033, -49.49782007 ], [ -73.49364301, -49.49823325 ], [ -73.49050803, -49.49911586 ], [ -73.48788383, -49.49967205 ], [ -73.48581482, -49.49890602 ], [ -73.4830692, -49.49652949 ], [ -73.48121665, -49.49307931 ], [ -73.4801179, -49.49079524 ], [ -73.47852092, -49.48900762 ], [ -73.47606549, -49.48692894 ], [ -73.47432723, -49.48539723 ], [ -73.43425205, -49.48804142 ], [ -73.3926102, -49.49083906 ], [ -73.36078056, -49.4930718 ], [ -73.28654168, -49.49812655 ], [ -73.20326214, -49.50387337 ], [ -73.10993115, -49.51011959 ], [ -73.06987039, -49.51278555 ], [ -73.02035097, -49.51591999 ], [ -72.99564628, -49.51535588 ], [ -72.9928984, -49.51374026 ], [ -72.93443327, -49.53915989 ], [ -72.88020474, -49.54932773 ], [ -72.76581644, -49.56796879 ], [ -72.7248705, -49.57827686 ], [ -72.64464958, -49.59847234 ], [ -72.53904912, -49.6242024 ], [ -72.47772739, -49.63914373 ], [ -72.31927841, -49.66371604 ], [ -72.13879909, -49.69676155 ], [ -72.08766723, -49.70541463 ], [ -72.08483906, -49.70551144 ], [ -72.08457469, -49.70552705 ], [ -72.08334097, -49.70559992 ], [ -72.08334096, -49.70560457 ], [ -72.08033395, -49.71879189 ], [ -72.07779199, -49.75353204 ], [ -72.07984227, -49.77754952 ], [ -72.07962298, -49.77754426 ], [ -72.07944609, -49.77791068 ], [ -72.07945644, -49.77791106 ], [ -72.07656027, -49.78329594 ], [ -72.06941332, -49.78369046 ], [ -72.06387014, -49.78602757 ], [ -72.06659211, -49.78965024 ], [ -72.07005751, -49.79207112 ], [ -72.0691689, -49.79560231 ], [ -72.05919571, -49.79847199 ], [ -72.05231234, -49.80088069 ], [ -72.05336431, -49.80894591 ], [ -72.04395078, -49.81265177 ], [ -72.04401528, -49.81287579 ], [ -72.04399566, -49.81288363 ], [ -72.04407772, -49.81309266 ], [ -72.0459047, -49.81774652 ], [ -72.04494284, -49.82522645 ], [ -72.04620352, -49.83283976 ], [ -72.02987884, -49.84100133 ], [ -72.02727597, -49.83613501 ], [ -72.03121038, -49.83317099 ], [ -72.02645881, -49.83204925 ], [ -72.01689675, -49.83423529 ], [ -72.00694542, -49.83211377 ], [ -71.99799153, -49.83416787 ], [ -71.99411562, -49.83859989 ], [ -71.9990804, -49.84137575 ], [ -72.00729497, -49.84004477 ], [ -72.01690691, -49.84138456 ], [ -72.02180784, -49.84410342 ], [ -72.02355137, -49.84888737 ], [ -72.02211438, -49.85187862 ], [ -72.01985706, -49.85447767 ], [ -72.02108178, -49.85756541 ], [ -72.0251972, -49.85924142 ], [ -72.02761305, -49.86267798 ], [ -72.02392571, -49.86517865 ], [ -72.01662698, -49.86691936 ], [ -72.0086904, -49.86299324 ], [ -72.00654373, -49.86611082 ], [ -72.01017968, -49.86800546 ], [ -72.01460406, -49.86938077 ], [ -72.02197946, -49.87471471 ], [ -72.02158411, -49.87793626 ], [ -72.01864163, -49.88011956 ], [ -72.01881066, -49.88343978 ], [ -72.02329979, -49.88698127 ], [ -72.02814, -49.88714382 ], [ -72.033645, -49.88681119 ], [ -72.03874625, -49.88746434 ], [ -72.04057532, -49.8896312 ], [ -72.04330824, -49.89208422 ], [ -72.043964, -49.89526706 ], [ -72.04291327, -49.89871414 ], [ -72.04632652, -49.90086736 ], [ -72.05278236, -49.90233592 ], [ -72.05836361, -49.90341863 ], [ -72.05966452, -49.9064167 ], [ -72.0571711, -49.91050354 ], [ -72.05899607, -49.91274715 ], [ -72.05700135, -49.91608168 ], [ -72.05832289, -49.91936513 ], [ -72.06174014, -49.92261137 ], [ -72.06468352, -49.92479553 ], [ -72.06367643, -49.92840757 ], [ -72.06564308, -49.93197678 ], [ -72.06402225, -49.93586147 ], [ -72.06786001, -49.93963538 ], [ -72.0672275, -49.94212351 ], [ -72.06826912, -49.94480844 ], [ -72.06853815, -49.94559498 ], [ -72.07124715, -49.94996815 ], [ -72.07030571, -49.95405797 ], [ -72.07070133, -49.95732829 ], [ -72.07052382, -49.96062109 ], [ -72.06707008, -49.96199621 ], [ -72.06696564, -49.9620378 ], [ -72.06575736, -49.96522917 ], [ -72.06574433, -49.96526589 ], [ -72.06571442, -49.96579834 ], [ -72.06558611, -49.96808215 ], [ -72.06969414, -49.97010415 ], [ -72.07507824, -49.96825829 ], [ -72.07892808, -49.96968409 ], [ -72.08065961, -49.97299477 ], [ -72.08301827, -49.97807837 ], [ -72.08603272, -49.98385665 ], [ -72.09011444, -49.98597208 ], [ -72.09065557, -49.98624744 ], [ -72.09313018, -49.98752128 ], [ -72.09665319, -49.98957152 ], [ -72.09423888, -49.99489721 ], [ -72.09518495, -49.9994633 ], [ -72.09993427, -50.00238245 ], [ -72.1010308, -50.00326375 ], [ -72.10332076, -50.00617583 ], [ -72.10126793, -50.00993519 ], [ -72.10083214, -50.01814133 ], [ -72.10903424, -50.01865636 ], [ -72.11299068, -50.01879034 ], [ -72.11827631, -50.01833877 ], [ -72.12076584, -50.01906845 ], [ -72.12416675, -50.02005551 ], [ -72.12624096, -50.02341338 ], [ -72.12477397, -50.03100735 ], [ -72.11872073, -50.04125496 ], [ -72.11256271, -50.04545448 ], [ -72.11036098, -50.04904561 ], [ -72.11063202, -50.05390408 ], [ -72.10693675, -50.05870004 ], [ -72.10805542, -50.06409778 ], [ -72.10640587, -50.07119133 ], [ -72.10362461, -50.07492099 ], [ -72.1003614, -50.07765936 ], [ -72.09560433, -50.07875145 ], [ -72.09139335, -50.07830295 ], [ -72.0893986, -50.07808946 ], [ -72.08715483, -50.07770934 ], [ -72.0835393, -50.07711353 ], [ -72.08056549, -50.0766601 ], [ -72.07784323, -50.07648143 ], [ -72.07381457, -50.07626379 ], [ -72.07188669, -50.07886072 ], [ -72.07270729, -50.08133723 ], [ -72.07626881, -50.08273652 ], [ -72.08140014, -50.08564616 ], [ -72.08274468, -50.08953492 ], [ -72.08213424, -50.09136014 ], [ -72.08132416, -50.09378233 ], [ -72.08068669, -50.09568837 ], [ -72.07484577, -50.09899359 ], [ -72.06550083, -50.10297139 ], [ -72.05658253, -50.10546593 ], [ -72.04754328, -50.10839656 ], [ -72.03994394, -50.11243578 ], [ -72.03491634, -50.11157704 ], [ -72.02992715, -50.11036741 ], [ -72.02728588, -50.11461798 ], [ -72.02313178, -50.11803648 ], [ -72.01715416, -50.12191945 ], [ -72.01201469, -50.12746859 ], [ -72.00387271, -50.13012524 ], [ -71.99936314, -50.13155119 ], [ -71.99163676, -50.13324045 ], [ -71.98307018, -50.13607959 ], [ -71.98487226, -50.13844638 ], [ -71.98595074, -50.1420629 ], [ -71.99077697, -50.14417747 ], [ -71.99820277, -50.14455035 ], [ -72.00083362, -50.14836559 ], [ -71.99504062, -50.1539941 ], [ -71.98876551, -50.15680489 ], [ -71.98891555, -50.16023738 ], [ -71.99111243, -50.16526946 ], [ -71.98883208, -50.16865172 ], [ -71.98795949, -50.17390663 ], [ -71.99091106, -50.17787946 ], [ -71.99576997, -50.1798569 ], [ -71.99738524, -50.18051428 ], [ -71.99977991, -50.1820442 ], [ -72.00529438, -50.18895918 ], [ -72.00802129, -50.19371676 ], [ -72.00940835, -50.19613674 ], [ -72.01273454, -50.20086344 ], [ -72.01492283, -50.20453975 ], [ -72.01439764, -50.20716569 ], [ -72.01238442, -50.20987916 ], [ -72.00800785, -50.21346794 ], [ -72.00109288, -50.21915748 ], [ -71.99102678, -50.2242343 ], [ -71.98367415, -50.22729789 ], [ -71.98113574, -50.23053655 ], [ -71.97719692, -50.23184949 ], [ -71.97723477, -50.23192172 ], [ -71.9739166, -50.23498073 ], [ -71.96935693, -50.24007251 ], [ -71.96510809, -50.23975382 ], [ -71.96128637, -50.2401368 ], [ -71.9601459, -50.24599325 ], [ -71.95536235, -50.24972243 ], [ -71.94501076, -50.25258876 ], [ -71.9365732, -50.25304241 ], [ -71.93007123, -50.25081446 ], [ -71.92117422, -50.24729925 ], [ -71.91528544, -50.24761612 ], [ -71.90826819, -50.24979957 ], [ -71.90217091, -50.25531605 ], [ -71.90223388, -50.25785949 ], [ -71.89154088, -50.2623896 ], [ -71.88849353, -50.26584531 ], [ -71.88242444, -50.27069964 ], [ -71.87526838, -50.27107599 ], [ -71.87133589, -50.26669971 ], [ -71.87530486, -50.26339552 ], [ -71.88147563, -50.26128012 ], [ -71.88601626, -50.26040474 ], [ -71.88484218, -50.25147288 ], [ -71.88223521, -50.24735379 ], [ -71.87831427, -50.24691249 ], [ -71.86434388, -50.25048932 ], [ -71.85679996, -50.24867538 ], [ -71.85011342, -50.25052745 ], [ -71.84131414, -50.25348786 ], [ -71.83571988, -50.25309375 ], [ -71.82993142, -50.2544135 ], [ -71.82312006, -50.25990802 ], [ -71.81551085, -50.26415468 ], [ -71.80873064, -50.26396551 ], [ -71.80263321, -50.2659894 ], [ -71.79417278, -50.27124368 ], [ -71.78698451, -50.26973525 ], [ -71.77674267, -50.27025775 ], [ -71.76831694, -50.26687394 ], [ -71.76063683, -50.26516552 ], [ -71.75483663, -50.26032808 ], [ -71.75036249, -50.25890653 ], [ -71.74636423, -50.25962713 ], [ -71.73611131, -50.25601265 ], [ -71.72583599, -50.25290267 ], [ -71.72308189, -50.24911393 ], [ -71.72450272, -50.24523004 ], [ -71.73027586, -50.24359682 ], [ -71.73884146, -50.24321171 ], [ -71.74225246, -50.23906961 ], [ -71.74330717, -50.233203 ], [ -71.73916251, -50.23227241 ], [ -71.73056403, -50.23689885 ], [ -71.72266132, -50.2384699 ], [ -71.71718223, -50.23735181 ], [ -71.71491314, -50.23355547 ], [ -71.71399486, -50.22769558 ], [ -71.71056034, -50.22488265 ], [ -71.70424464, -50.22302373 ], [ -71.70247509, -50.21877485 ], [ -71.70153886, -50.21611849 ], [ -71.69953459, -50.21044989 ], [ -71.69369576, -50.20990534 ], [ -71.68646935, -50.20993064 ], [ -71.68037566, -50.20856877 ], [ -71.67608094, -50.21073617 ], [ -71.67023172, -50.21241452 ], [ -71.66565492, -50.21187148 ], [ -71.66062464, -50.20770779 ], [ -71.66106945, -50.20287109 ], [ -71.65725916, -50.19925454 ], [ -71.65118651, -50.1980637 ], [ -71.64494724, -50.19987782 ], [ -71.64349634, -50.20296313 ], [ -71.644071, -50.20731516 ], [ -71.64357225, -50.21198524 ], [ -71.63747554, -50.21466999 ], [ -71.62996155, -50.21662162 ], [ -71.62980185, -50.21665994 ], [ -71.6207632, -50.21495345 ], [ -71.61513444, -50.2118512 ], [ -71.61545262, -50.20797574 ], [ -71.61656778, -50.20410945 ], [ -71.61461932, -50.20121429 ], [ -71.60821749, -50.20009625 ], [ -71.60263483, -50.20098721 ], [ -71.59630827, -50.20300067 ], [ -71.5948886, -50.20613373 ], [ -71.59640939, -50.20842513 ], [ -71.60000594, -50.2100773 ], [ -71.59973999, -50.21346383 ], [ -71.59740099, -50.21595346 ], [ -71.59185094, -50.21831592 ], [ -71.5866574, -50.2188462 ], [ -71.58104691, -50.21446578 ], [ -71.57113647, -50.21346456 ], [ -71.56172392, -50.21111765 ], [ -71.55770286, -50.20603483 ], [ -71.55426266, -50.20343095 ], [ -71.54909512, -50.20201408 ], [ -71.54181302, -50.20298878 ], [ -71.53266794, -50.19988566 ], [ -71.52362995, -50.19963254 ], [ -71.51506687, -50.20258438 ], [ -71.51190509, -50.20672909 ], [ -71.5194576, -50.21307915 ], [ -71.52913354, -50.2166555 ], [ -71.52938654, -50.22040878 ], [ -71.52506102, -50.22470811 ], [ -71.51725873, -50.2268461 ], [ -71.51675951, -50.2269829 ], [ -71.51647516, -50.22706082 ], [ -71.51148233, -50.22588172 ], [ -71.50821425, -50.22052689 ], [ -71.50613477, -50.21793239 ], [ -71.50195647, -50.21863732 ], [ -71.49944932, -50.22069566 ], [ -71.49788621, -50.2238403 ], [ -71.49334235, -50.22741984 ], [ -71.48652605, -50.22840537 ], [ -71.48089851, -50.22247005 ], [ -71.47233271, -50.22206355 ], [ -71.46514575, -50.22578472 ], [ -71.45207809, -50.23431071 ], [ -71.44343675, -50.23653643 ], [ -71.43802435, -50.23395496 ], [ -71.43536025, -50.22772587 ], [ -71.44202711, -50.22470598 ], [ -71.43924606, -50.22127516 ], [ -71.42894049, -50.22189341 ], [ -71.41959352, -50.21988954 ], [ -71.40366199, -50.2214344 ], [ -71.39043178, -50.21915989 ], [ -71.38237553, -50.21519493 ], [ -71.37317652, -50.2142949 ], [ -71.35707311, -50.21659181 ], [ -71.34218375, -50.22270247 ], [ -71.33157724, -50.22036838 ], [ -71.33069752, -50.22017478 ], [ -71.31919253, -50.21827716 ], [ -71.30449837, -50.22422159 ], [ -71.2941057, -50.22556916 ], [ -71.28586368, -50.22261422 ], [ -71.28288848, -50.217063 ], [ -71.27724402, -50.21745424 ] ] ] ] } },
{ "type": "Feature", "properties": { "circuito": "00310", "codprov": "20", "coddepto": "001" }, "geometry": { "type": "MultiPolygon", "coordinates": [ [ [ [ -67.56966784, -46.49393733 ], [ -67.57020489, -46.49388762 ], [ -67.57034642, -46.4937761 ], [ -67.57042616, -46.49361663 ], [ -67.57048244, -46.49343371 ], [ -67.57056218, -46.49325548 ], [ -67.57071695, -46.49296469 ], [ -67.57076386, -46.49285212 ], [ -67.57090925, -46.49269265 ], [ -67.57098899, -46.49255195 ], [ -67.57109217, -46.49243938 ], [ -67.57123288, -46.49234558 ], [ -67.57144863, -46.49218611 ], [ -67.5715612, -46.49212514 ], [ -67.57171128, -46.49205947 ], [ -67.57185199, -46.4920454 ], [ -67.57203022, -46.49200788 ], [ -67.57226004, -46.49194691 ], [ -67.5724711, -46.4919 ], [ -67.57271969, -46.49187655 ], [ -67.57342322, -46.49181089 ], [ -67.57403296, -46.49174054 ], [ -67.57448791, -46.49165142 ], [ -67.57478808, -46.49157169 ], [ -67.57496361, -46.4915673 ], [ -67.57406641, -46.49044416 ], [ -67.57396968, -46.49032306 ], [ -67.57337068, -46.48957322 ], [ -67.57124727, -46.48686198 ], [ -67.56966403, -46.48483267 ], [ -67.56848853, -46.48334466 ], [ -67.56711198, -46.48167226 ], [ -67.56565738, -46.4796991 ], [ -67.56391634, -46.47760041 ], [ -67.5626162, -46.47603809 ], [ -67.56202532, -46.47483529 ], [ -67.56032475, -46.4709811 ], [ -67.56018238, -46.47066541 ], [ -67.55985322, -46.46991133 ], [ -67.55947995, -46.46898849 ], [ -67.55934217, -46.46863532 ], [ -67.55916454, -46.46826131 ], [ -67.55897346, -46.46782577 ], [ -67.55870341, -46.46722266 ], [ -67.5585127, -46.46677935 ], [ -67.55832333, -46.46635916 ], [ -67.55822179, -46.46611206 ], [ -67.55799557, -46.46560956 ], [ -67.55777439, -46.46510843 ], [ -67.55758596, -46.46460768 ], [ -67.55741539, -46.46428098 ], [ -67.55707747, -46.46342561 ], [ -67.55672647, -46.4626279 ], [ -67.55650312, -46.46211108 ], [ -67.55633916, -46.46177414 ], [ -67.55614043, -46.46139805 ], [ -67.55597332, -46.46094807 ], [ -67.55578385, -46.46057957 ], [ -67.55544651, -46.45980578 ], [ -67.55530587, -46.45939713 ], [ -67.55518947, -46.45913036 ], [ -67.55507908, -46.45883435 ], [ -67.55491394, -46.4584318 ], [ -67.55472614, -46.45797287 ], [ -67.55448101, -46.45740169 ], [ -67.55435525, -46.45711721 ], [ -67.55417129, -46.45665441 ], [ -67.5539601, -46.45618813 ], [ -67.55382314, -46.45598448 ], [ -67.55362354, -46.45571078 ], [ -67.55353863, -46.45557226 ], [ -67.55333093, -46.45544789 ], [ -67.55319411, -46.45530872 ], [ -67.55353371, -46.45445499 ], [ -67.55385611, -46.45380825 ], [ -67.55424772, -46.45288565 ], [ -67.55443496, -46.45205075 ], [ -67.55435439, -46.45146618 ], [ -67.55416253, -46.45051034 ], [ -67.55369445, -46.4496556 ], [ -67.55295637, -46.44863604 ], [ -67.551836, -46.44769785 ], [ -67.55059124, -46.44675375 ], [ -67.5494547, -46.44576639 ], [ -67.54843754, -46.444897 ], [ -67.54672918, -46.44336434 ], [ -67.54427166, -46.44134537 ], [ -67.54017701, -46.4376203 ], [ -67.53765141, -46.43525078 ], [ -67.53665551, -46.43432987 ], [ -67.53608119, -46.43377086 ], [ -67.5317456, -46.429701 ], [ -67.53110952, -46.42904818 ], [ -67.53085132, -46.42876801 ], [ -67.53046495, -46.42839401 ], [ -67.53031579, -46.42829984 ], [ -67.5301619, -46.42828052 ], [ -67.53010499, -46.4282085 ], [ -67.52999669, -46.42805428 ], [ -67.52976072, -46.42775848 ], [ -67.52951852, -46.42745432 ], [ -67.52934035, -46.42721589 ], [ -67.52915597, -46.42699601 ], [ -67.52903267, -46.42689961 ], [ -67.52867595, -46.42668671 ], [ -67.52847042, -46.42654054 ], [ -67.5280401, -46.4262345 ], [ -67.52765658, -46.4259407 ], [ -67.52727645, -46.42564708 ], [ -67.52713158, -46.42550343 ], [ -67.52709545, -46.42543659 ], [ -67.52706522, -46.42533782 ], [ -67.52705939, -46.42527169 ], [ -67.52708434, -46.42517797 ], [ -67.5271131, -46.42511002 ], [ -67.52718093, -46.42503456 ], [ -67.52726581, -46.42495895 ], [ -67.52739378, -46.42486565 ], [ -67.52786663, -46.42453556 ], [ -67.52805342, -46.42441902 ], [ -67.5282516, -46.42431492 ], [ -67.528358, -46.42424724 ], [ -67.52840334, -46.4242184 ], [ -67.52844459, -46.42414708 ], [ -67.52844636, -46.42414227 ], [ -67.5284624, -46.42409848 ], [ -67.52847058, -46.42406191 ], [ -67.52847443, -46.42403544 ], [ -67.52847491, -46.42401523 ], [ -67.52847426, -46.42399598 ], [ -67.52847058, -46.4239931 ], [ -67.52846456, -46.42398885 ], [ -67.52835268, -46.42390985 ], [ -67.52834314, -46.42390508 ], [ -67.52829022, -46.42386986 ], [ -67.52822917, -46.42382923 ], [ -67.52808575, -46.42377503 ], [ -67.52781164, -46.42370666 ], [ -67.52763282, -46.42368471 ], [ -67.527551, -46.42366806 ], [ -67.52718268, -46.42359309 ], [ -67.5264644, -46.42337901 ], [ -67.525995, -46.42321857 ], [ -67.52574294, -46.42306592 ], [ -67.52176427, -46.42235465 ], [ -67.52175477, -46.42235295 ], [ -67.52116965, -46.42314026 ], [ -67.52049977, -46.42404162 ], [ -67.51998685, -46.42469481 ], [ -67.51898804, -46.42596675 ], [ -67.51864155, -46.42629692 ], [ -67.51874715, -46.42634798 ], [ -67.51884035, -46.42639304 ], [ -67.51899478, -46.4264677 ], [ -67.5196762, -46.42679715 ], [ -67.52000114, -46.42700479 ], [ -67.52035986, -46.42733499 ], [ -67.52085829, -46.42783645 ], [ -67.52134127, -46.42814359 ], [ -67.5217187, -46.42853726 ], [ -67.52248879, -46.42947943 ], [ -67.52303115, -46.43013365 ], [ -67.52313964, -46.4304523 ], [ -67.52308124, -46.43090126 ], [ -67.52275391, -46.43151264 ], [ -67.52235675, -46.43225443 ], [ -67.52145997, -46.43367354 ], [ -67.52102686, -46.43420399 ], [ -67.51963736, -46.43659279 ], [ -67.51891334, -46.43790483 ], [ -67.51846488, -46.43843937 ], [ -67.51825657, -46.43864147 ], [ -67.51822667, -46.43878057 ], [ -67.51750953, -46.44196318 ], [ -67.52282605, -46.44693313 ], [ -67.5230905, -46.44720273 ], [ -67.52313549, -46.44771148 ], [ -67.52315374, -46.44812439 ], [ -67.5230995, -46.44837773 ], [ -67.52280517, -46.44893097 ], [ -67.52215816, -46.45014533 ], [ -67.52206637, -46.45041738 ], [ -67.52199885, -46.45074732 ], [ -67.52217337, -46.45150719 ], [ -67.52240106, -46.4520237 ], [ -67.5232958, -46.45422412 ], [ -67.52364503, -46.45515867 ], [ -67.52394322, -46.45585616 ], [ -67.52417468, -46.4564292 ], [ -67.5245304, -46.45724982 ], [ -67.52465206, -46.45752826 ], [ -67.52481687, -46.45782291 ], [ -67.52511116, -46.45827969 ], [ -67.52537403, -46.45862022 ], [ -67.5258291, -46.45920932 ], [ -67.52639168, -46.4599833 ], [ -67.52696062, -46.46079692 ], [ -67.52906082, -46.4636711 ], [ -67.52986641, -46.4647361 ], [ -67.53047945, -46.46555961 ], [ -67.53116257, -46.46657411 ], [ -67.53222921, -46.46830621 ], [ -67.53279058, -46.4693964 ], [ -67.53351161, -46.4707804 ], [ -67.53431754, -46.47244439 ], [ -67.53495887, -46.47382235 ], [ -67.53553754, -46.47487967 ], [ -67.53632346, -46.47626971 ], [ -67.53663563, -46.47713906 ], [ -67.53687413, -46.47806569 ], [ -67.53695281, -46.47909404 ], [ -67.53697213, -46.48052678 ], [ -67.53695729, -46.48207173 ], [ -67.53697349, -46.48331981 ], [ -67.53700446, -46.48470699 ], [ -67.5372742, -46.48560411 ], [ -67.53776858, -46.48659392 ], [ -67.5389352, -46.48855094 ], [ -67.53919431, -46.4889856 ], [ -67.53919463, -46.4889856 ], [ -67.53919885, -46.48899321 ], [ -67.5392066, -46.48900621 ], [ -67.53921527, -46.48902286 ], [ -67.5395892, -46.48970444 ], [ -67.53963586, -46.48978949 ], [ -67.53965746, -46.48982887 ], [ -67.53968418, -46.48986426 ], [ -67.53971787, -46.4899089 ], [ -67.53992355, -46.49014554 ], [ -67.54000923, -46.49024412 ], [ -67.5404801, -46.49063333 ], [ -67.54109704, -46.49102355 ], [ -67.54190171, -46.49136697 ], [ -67.54192504, -46.49139727 ], [ -67.54282682, -46.49173917 ], [ -67.54335993, -46.49193992 ], [ -67.54408177, -46.49223071 ], [ -67.54414698, -46.49229031 ], [ -67.54492842, -46.4926667 ], [ -67.54560186, -46.49310951 ], [ -67.54626382, -46.49353336 ], [ -67.54629115, -46.49357631 ], [ -67.5466577, -46.49370931 ], [ -67.54701653, -46.49379953 ], [ -67.54710211, -46.49382903 ], [ -67.54720366, -46.49383061 ], [ -67.54793684, -46.49385611 ], [ -67.54797746, -46.49385674 ], [ -67.54829943, -46.49398819 ], [ -67.54834574, -46.49403097 ], [ -67.54872344, -46.49428818 ], [ -67.54876383, -46.49428881 ], [ -67.54882988, -46.49433157 ], [ -67.54911525, -46.4945163 ], [ -67.54918267, -46.49457264 ], [ -67.54969561, -46.49466342 ], [ -67.54985639, -46.49466592 ], [ -67.54989659, -46.49466655 ], [ -67.55041, -46.49459174 ], [ -67.55046884, -46.49457883 ], [ -67.55128709, -46.49452239 ], [ -67.55199083, -46.49451948 ], [ -67.55222437, -46.49466136 ], [ -67.55265104, -46.49497035 ], [ -67.55269219, -46.49498467 ], [ -67.55301987, -46.49508542 ], [ -67.55303987, -46.49508573 ], [ -67.55316189, -46.49511491 ], [ -67.55355021, -46.49524349 ], [ -67.55416395, -46.49517136 ], [ -67.55432219, -46.49514655 ], [ -67.55438215, -46.49514748 ], [ -67.55480973, -46.49530378 ], [ -67.55487168, -46.49534546 ], [ -67.55539909, -46.49555654 ], [ -67.55549909, -46.49557158 ], [ -67.55605956, -46.495688 ], [ -67.55685221, -46.49564645 ], [ -67.55751769, -46.49544048 ], [ -67.55799617, -46.49532579 ], [ -67.55803173, -46.49529915 ], [ -67.55874941, -46.49503729 ], [ -67.5587993, -46.49496951 ], [ -67.55928989, -46.49461858 ], [ -67.56027061, -46.49442535 ], [ -67.56118059, -46.49427186 ], [ -67.56222069, -46.49416178 ], [ -67.5639698, -46.4939917 ], [ -67.56415283, -46.49399452 ], [ -67.56425345, -46.49398196 ], [ -67.56551288, -46.49397313 ], [ -67.56553488, -46.49400172 ], [ -67.56659568, -46.49403145 ], [ -67.5666542, -46.49403309 ], [ -67.56766886, -46.49397807 ], [ -67.56860443, -46.49395003 ], [ -67.56931739, -46.49397515 ], [ -67.56939873, -46.49396224 ], [ -67.56966784, -46.49393733 ] ] ] ] } },
{ "type": "Feature", "properties": { "circuito": "S/D", "codprov": "20", "coddepto": "nan" }, "geometry": { "type": "MultiPolygon", "coordinates": [ [ [ [ -67.48440452, -46.48523367 ], [ -67.48134908, -46.48894099 ], [ -67.4794425, -46.49199639 ], [ -67.47741394, -46.49524728 ], [ -67.47539809, -46.49847779 ], [ -67.4737765, -46.50075106 ], [ -67.46915003, -46.5072368 ], [ -67.46885489, -46.50765056 ], [ -67.46342686, -46.51677935 ], [ -67.45740675, -46.52554409 ], [ -67.45309612, -46.53462872 ], [ -67.44554597, -46.54063181 ], [ -67.44404221, -46.54361 ], [ -67.44309869, -46.54566663 ], [ -67.4411544, -46.54768571 ], [ -67.43857226, -46.55067878 ], [ -67.43649084, -46.5534184 ], [ -67.43479669, -46.55543214 ], [ -67.43203989, -46.55821141 ], [ -67.42798735, -46.56230049 ], [ -67.42529579, -46.56448774 ], [ -67.42318728, -46.56650837 ], [ -67.42148334, -46.56825237 ], [ -67.41748416, -46.5713718 ], [ -67.41405641, -46.57394264 ], [ -67.41010097, -46.57672721 ], [ -67.40741386, -46.57790165 ], [ -67.4056089, -46.57889354 ], [ -67.40480339, -46.5799818 ], [ -67.40291384, -46.58314975 ], [ -67.40107637, -46.58607724 ], [ -67.40028836, -46.58786659 ], [ -67.39835501, -46.59041983 ], [ -67.39510797, -46.59363544 ], [ -67.39135518, -46.59669496 ], [ -67.3860472, -46.60090726 ], [ -67.38253154, -46.60348052 ], [ -67.37631619, -46.60730432 ], [ -67.37202919, -46.60902507 ], [ -67.36732576, -46.61080657 ], [ -67.36396517, -46.61305391 ], [ -67.36135423, -46.61529052 ], [ -67.35852211, -46.61762097 ], [ -67.35572545, -46.61905478 ], [ -67.35160425, -46.62082691 ], [ -67.34747316, -46.62227537 ], [ -67.34293161, -46.62394173 ], [ -67.33392661, -46.62711797 ], [ -67.33137444, -46.62843843 ], [ -67.32707789, -46.62999588 ], [ -67.3223376, -46.63037334 ], [ -67.31702701, -46.6312985 ], [ -67.31039502, -46.63277264 ], [ -67.30608726, -46.63378989 ], [ -67.30193041, -46.63432444 ], [ -67.29852697, -46.63484848 ], [ -67.29236156, -46.63591712 ], [ -67.28566312, -46.63809409 ], [ -67.2831906, -46.63941047 ], [ -67.27775712, -46.64227279 ], [ -67.27532143, -46.64277787 ], [ -67.27218413, -46.64271083 ], [ -67.26951318, -46.64263527 ], [ -67.26734737, -46.64271172 ], [ -67.26411759, -46.64350265 ], [ -67.26013663, -46.64446096 ], [ -67.2521375, -46.6481555 ], [ -67.25001504, -46.6501194 ], [ -67.24894992, -46.65348798 ], [ -67.24668709, -46.65658169 ], [ -67.24363372, -46.66151315 ], [ -67.24178471, -46.66460038 ], [ -67.23911137, -46.6679701 ], [ -67.23608573, -46.67064204 ], [ -67.23297799, -46.67331244 ], [ -67.2306727, -46.67463046 ], [ -67.22404924, -46.67685498 ], [ -67.21982936, -46.67835153 ], [ -67.21420659, -46.6805115 ], [ -67.20810273, -46.68359313 ], [ -67.20365797, -46.68632996 ], [ -67.20036453, -46.68946065 ], [ -67.19805773, -46.69077806 ], [ -67.19540889, -46.69177509 ], [ -67.1927572, -46.69261022 ], [ -67.19010361, -46.69333739 ], [ -67.18811177, -46.69378831 ], [ -67.18528276, -46.69419341 ], [ -67.18252922, -46.69422229 ], [ -67.17916805, -46.69307223 ], [ -67.17713795, -46.69180142 ], [ -67.17554257, -46.69133342 ], [ -67.17380862, -46.69216155 ], [ -67.17225127, -46.69341505 ], [ -67.16967437, -46.69386903 ], [ -67.16699998, -46.6937372 ], [ -67.16407628, -46.69355141 ], [ -67.16241739, -46.69399875 ], [ -67.15927642, -46.69532327 ], [ -67.15813369, -46.69657497 ], [ -67.15692339, -46.6985219 ], [ -67.153692, -46.69952566 ], [ -67.15163585, -46.70089149 ], [ -67.15091085, -46.70213693 ], [ -67.14878086, -46.70399123 ], [ -67.14520191, -46.70456201 ], [ -67.14002945, -46.705033 ], [ -67.13713558, -46.7058846 ], [ -67.13532264, -46.70697591 ], [ -67.13363623, -46.7092952 ], [ -67.13249929, -46.71076236 ], [ -67.1307013, -46.7126088 ], [ -67.12956473, -46.71412541 ], [ -67.12867017, -46.71521489 ], [ -67.12794361, -46.71640626 ], [ -67.12750274, -46.71936872 ], [ -67.12596285, -46.72430073 ], [ -67.12499127, -46.72571236 ], [ -67.12289022, -46.7291261 ], [ -67.12001199, -46.7311463 ], [ -67.11787863, -46.73294164 ], [ -67.11391574, -46.7352437 ], [ -67.10963021, -46.73786762 ], [ -67.10724467, -46.73966733 ], [ -67.10496367, -46.74254288 ], [ -67.10359315, -46.74487285 ], [ -67.10209456, -46.748404 ], [ -67.09648608, -46.75099394 ], [ -67.0939298, -46.75258356 ], [ -67.09123123, -46.75540631 ], [ -67.08888475, -46.75925104 ], [ -67.08492793, -46.76612681 ], [ -67.08371226, -46.76796966 ], [ -67.07650577, -46.7741425 ], [ -67.07198207, -46.77779462 ], [ -67.06900848, -46.77965046 ], [ -67.06462919, -46.78206006 ], [ -67.06139891, -46.78360094 ], [ -67.05891427, -46.78469689 ], [ -67.0561884, -46.78628718 ], [ -67.05438772, -46.78829442 ], [ -67.05301673, -46.7908352 ], [ -67.05116407, -46.79446368 ], [ -67.04944787, -46.79646785 ], [ -67.04756597, -46.79792455 ], [ -67.04659696, -46.79976275 ], [ -67.04397409, -46.8024782 ], [ -67.03828962, -46.80678631 ], [ -67.03576505, -46.8092057 ], [ -67.03346151, -46.81116738 ], [ -67.03223224, -46.81247033 ], [ -67.02825801, -46.81465729 ], [ -67.02518415, -46.8156563 ], [ -67.02013021, -46.81817789 ], [ -67.01473104, -46.82016258 ], [ -67.00911968, -46.82255932 ], [ -67.00339034, -46.82487444 ], [ -67.00007659, -46.82640748 ], [ -66.99485012, -46.82892948 ], [ -66.99286672, -46.83002444 ], [ -66.99155322, -46.83149183 ], [ -66.99009796, -46.83414273 ], [ -66.98941233, -46.83665429 ], [ -66.98736991, -46.83925818 ], [ -66.98309152, -46.84327601 ], [ -66.98043932, -46.84464596 ], [ -66.9784525, -46.84579477 ], [ -66.97655231, -46.84731838 ], [ -66.97486765, -46.84865454 ], [ -66.97234277, -46.84962401 ], [ -66.96798459, -46.84991936 ], [ -66.96363226, -46.84984996 ], [ -66.96254461, -46.84986069 ], [ -66.96095483, -46.85008674 ], [ -66.95771723, -46.85135499 ], [ -66.95622326, -46.85217144 ], [ -66.95403019, -46.85427162 ], [ -66.95106388, -46.85709573 ], [ -66.94568563, -46.86047989 ], [ -66.94254665, -46.86292738 ], [ -66.94141044, -46.86487388 ], [ -66.94160737, -46.86648651 ], [ -66.94162609, -46.86745751 ], [ -66.93972949, -46.86941223 ], [ -66.93900581, -46.87108358 ], [ -66.93838551, -46.87282334 ], [ -66.93521078, -46.87407978 ], [ -66.9311472, -46.87636984 ], [ -66.92849866, -46.87827825 ], [ -66.92792684, -46.87898165 ], [ -66.92686335, -46.88049816 ], [ -66.92582672, -46.88274247 ], [ -66.92501781, -46.88523086 ], [ -66.92015517, -46.8890864 ], [ -66.91792519, -46.8907193 ], [ -66.9162685, -46.89175672 ], [ -66.91396066, -46.89430537 ], [ -66.91199629, -46.89679723 ], [ -66.90821931, -46.90134832 ], [ -66.90555677, -46.90570827 ], [ -66.9026754, -46.90896003 ], [ -66.900306, -46.91140253 ], [ -66.89704456, -46.91277331 ], [ -66.89413205, -46.91397916 ], [ -66.89115089, -46.91605095 ], [ -66.89009176, -46.91783236 ], [ -66.88898951, -46.92055987 ], [ -66.88612167, -46.92456646 ], [ -66.88546758, -46.92532643 ], [ -66.88290874, -46.92771202 ], [ -66.8789279, -46.93059565 ], [ -66.87576988, -46.9319668 ], [ -66.87326584, -46.93284787 ], [ -66.86951475, -46.93373962 ], [ -66.86595337, -46.93407603 ], [ -66.8650884, -46.93328208 ], [ -66.86470704, -46.93199946 ], [ -66.86403246, -46.93184233 ], [ -66.86310984, -46.93179704 ], [ -66.86114388, -46.93221882 ], [ -66.85967852, -46.93375725 ], [ -66.85736533, -46.93501389 ], [ -66.85650222, -46.93771501 ], [ -66.85705088, -46.94077786 ], [ -66.85899859, -46.94438726 ], [ -66.85826816, -46.94519012 ], [ -66.85705335, -46.94610829 ], [ -66.85473837, -46.94817013 ], [ -66.85135774, -46.95158583 ], [ -66.84892347, -46.9540969 ], [ -66.84777651, -46.95550749 ], [ -66.84512082, -46.95740966 ], [ -66.84214242, -46.95985342 ], [ -66.83856551, -46.96192583 ], [ -66.83507887, -46.96416155 ], [ -66.83060587, -46.96758626 ], [ -66.82479186, -46.97128959 ], [ -66.82014119, -46.97417554 ], [ -66.81866539, -46.97550685 ], [ -66.81592788, -46.9773031 ], [ -66.81325837, -46.97839528 ], [ -66.81017865, -46.97982045 ], [ -66.80718808, -46.9816699 ], [ -66.80569562, -46.98286665 ], [ -66.80387699, -46.98465451 ], [ -66.80380399, -46.98557009 ], [ -66.80241517, -46.9879509 ], [ -66.80126541, -46.9896265 ], [ -66.7986053, -46.99141976 ], [ -66.79713434, -46.9938527 ], [ -66.79412278, -46.99709247 ], [ -66.79241382, -46.99901369 ], [ -66.78632031, -47.00269505 ], [ -66.78216475, -47.00474435 ], [ -66.77841117, -47.00699612 ], [ -66.77544909, -47.00835347 ], [ -66.76847606, -47.01168279 ], [ -66.757806, -47.0162308 ], [ -66.75128723, -47.01865797 ], [ -66.73228572, -47.02545581 ], [ -66.72118183, -47.0290519 ], [ -66.71243719, -47.03196758 ], [ -66.70799188, -47.03323185 ], [ -66.70409225, -47.03335373 ], [ -66.69586496, -47.03359292 ], [ -66.68972922, -47.03325125 ], [ -66.6859476, -47.03212719 ], [ -66.67865551, -47.02951011 ], [ -66.67391389, -47.02867293 ], [ -66.66637384, -47.02856404 ], [ -66.66243118, -47.02872635 ], [ -66.65818915, -47.03085933 ], [ -66.654597, -47.03345719 ], [ -66.65249445, -47.03580945 ], [ -66.64812055, -47.03988048 ], [ -66.64186354, -47.0418207 ], [ -66.62991439, -47.04531782 ], [ -66.62573074, -47.04534257 ], [ -66.62377099, -47.04477943 ], [ -66.62042922, -47.04489425 ], [ -66.61735753, -47.04472155 ], [ -66.61554219, -47.04454055 ], [ -66.61021702, -47.04247317 ], [ -66.60251271, -47.03927048 ], [ -66.59917885, -47.03959586 ], [ -66.59360451, -47.04055832 ], [ -66.58957017, -47.04162513 ], [ -66.58513268, -47.04364905 ], [ -66.58220968, -47.04500462 ], [ -66.57873484, -47.0455902 ], [ -66.57439615, -47.044183 ], [ -66.57174596, -47.04371701 ], [ -66.56934235, -47.04526745 ], [ -66.56732436, -47.04599164 ], [ -66.56513856, -47.046766 ], [ -66.56185692, -47.04798379 ], [ -66.55323808, -47.04762212 ], [ -66.54905344, -47.04783301 ], [ -66.54584255, -47.04794159 ], [ -66.54332101, -47.04762839 ], [ -66.53922328, -47.04636983 ], [ -66.53507604, -47.04465833 ], [ -66.53032832, -47.04401329 ], [ -66.52628277, -47.04393567 ], [ -66.51062051, -47.03971688 ], [ -66.50575542, -47.04088268 ], [ -66.49879209, -47.04196404 ], [ -66.48848422, -47.04362832 ], [ -66.4850038, -47.04373891 ], [ -66.48110076, -47.04423111 ], [ -66.47720788, -47.04548754 ], [ -66.47317151, -47.04636136 ], [ -66.46173709, -47.04640661 ], [ -66.44907224, -47.0494116 ], [ -66.44016523, -47.05192438 ], [ -66.4333427, -47.05319092 ], [ -66.42817744, -47.05321089 ], [ -66.42358218, -47.05370386 ], [ -66.42219038, -47.05437525 ], [ -66.41982434, -47.05514771 ], [ -66.41717638, -47.05614446 ], [ -66.40784124, -47.0565264 ], [ -66.4060214, -47.05595986 ], [ -66.40045825, -47.0576952 ], [ -66.3973936, -47.05856443 ], [ -66.3951633, -47.05847771 ], [ -66.39237868, -47.05981979 ], [ -66.38715177, -47.06136909 ], [ -66.38319021, -47.06242642 ], [ -66.38027231, -47.06271059 ], [ -66.37706078, -47.06282794 ], [ -66.37491323, -47.06321967 ], [ -66.37165096, -47.06357676 ], [ -66.36772154, -47.06400287 ], [ -66.36395463, -47.06439708 ], [ -66.35977823, -47.06602667 ], [ -66.35504079, -47.06690339 ], [ -66.34932735, -47.06796593 ], [ -66.34230871, -47.06805874 ], [ -66.33663312, -47.06815245 ], [ -66.33286843, -47.06859055 ], [ -66.32631789, -47.06975278 ], [ -66.3210169, -47.07005072 ], [ -66.31684225, -47.07120639 ], [ -66.30596616, -47.07238032 ], [ -66.30149601, -47.07153332 ], [ -66.29925316, -47.07039704 ], [ -66.29688028, -47.06992568 ], [ -66.28907907, -47.07185499 ], [ -66.28726714, -47.0720465 ], [ -66.2849042, -47.07376966 ], [ -66.28044602, -47.07482868 ], [ -66.27695916, -47.0754099 ], [ -66.27333181, -47.07541927 ], [ -66.26622872, -47.07791629 ], [ -66.2636288, -47.07803996 ], [ -66.25953155, -47.07812077 ], [ -66.24696994, -47.0781496 ], [ -66.23943732, -47.07901984 ], [ -66.23218784, -47.08065524 ], [ -66.2206202, -47.08363528 ], [ -66.21264159, -47.08499309 ], [ -66.20961775, -47.08563122 ], [ -66.2066795, -47.08605095 ], [ -66.19704732, -47.08730107 ], [ -66.1868545, -47.08722108 ], [ -66.18197208, -47.08684868 ], [ -66.17568672, -47.08514313 ], [ -66.16724411, -47.08292122 ], [ -66.16255268, -47.08153965 ], [ -66.16045989, -47.08144904 ], [ -66.15753258, -47.08116552 ], [ -66.15218066, -47.08186185 ], [ -66.14971862, -47.08232097 ], [ -66.14539689, -47.08318203 ], [ -66.14078759, -47.0831872 ], [ -66.13793347, -47.08336446 ], [ -66.13353075, -47.082626 ], [ -66.12613518, -47.08272933 ], [ -66.12111116, -47.08273604 ], [ -66.11288252, -47.08436357 ], [ -66.10906683, -47.08499358 ], [ -66.10631514, -47.08489739 ], [ -66.10355365, -47.08497232 ], [ -66.09627267, -47.08342435 ], [ -66.08914836, -47.08104855 ], [ -66.08537834, -47.07962095 ], [ -66.08244814, -47.07790972 ], [ -66.07923467, -47.07619255 ], [ -66.07602076, -47.07514999 ], [ -66.06416236, -47.07296278 ], [ -66.05844009, -47.07306189 ], [ -66.05439246, -47.07239636 ], [ -66.05048714, -47.07249154 ], [ -66.04699737, -47.07144653 ], [ -66.04239046, -47.07078196 ], [ -66.0375062, -47.07125807 ], [ -66.03415901, -47.07202157 ], [ -66.02913649, -47.07250099 ], [ -66.02520198, -47.0725466 ], [ -66.01699978, -47.07326693 ], [ -66.01155741, -47.07307744 ], [ -66.00541495, -47.07202898 ], [ -66.00105257, -47.07203617 ], [ -66.0002341, -47.07227288 ], [ -65.99718359, -47.07317146 ], [ -65.99216131, -47.07460281 ], [ -65.98588002, -47.07460045 ], [ -65.98281065, -47.0726924 ], [ -65.97932315, -47.07107403 ], [ -65.97695299, -47.07107274 ], [ -65.97220992, -47.07374188 ], [ -65.96802401, -47.07459719 ], [ -65.96453304, -47.0742154 ], [ -65.95978754, -47.07602498 ], [ -65.95504166, -47.07735758 ], [ -65.95085266, -47.07745218 ], [ -65.94513614, -47.07611512 ], [ -65.9440205, -47.07630126 ], [ -65.94164727, -47.07839986 ], [ -65.93843369, -47.07935053 ], [ -65.93787476, -47.08115957 ], [ -65.93605949, -47.08287489 ], [ -65.93326026, -47.08478184 ], [ -65.93032958, -47.08525724 ], [ -65.92739904, -47.08525578 ], [ -65.92042021, -47.08877606 ], [ -65.91538768, -47.09020428 ], [ -65.90505414, -47.09467713 ], [ -65.89863201, -47.09600494 ], [ -65.89583681, -47.09705175 ], [ -65.89248387, -47.09704659 ], [ -65.89025725, -47.09618976 ], [ -65.88173958, -47.09665644 ], [ -65.87852715, -47.09608059 ], [ -65.87406542, -47.09578791 ], [ -65.87210494, -47.09778922 ], [ -65.87112371, -47.10036417 ], [ -65.86650422, -47.10388489 ], [ -65.86580067, -47.10550377 ], [ -65.8543496, -47.10806137 ], [ -65.85280292, -47.11006103 ], [ -65.85237989, -47.11225306 ], [ -65.85306868, -47.11626152 ], [ -65.85236416, -47.11873493 ], [ -65.85263745, -47.12150333 ], [ -65.85094776, -47.12502681 ], [ -65.84883872, -47.13131341 ], [ -65.84084799, -47.14017046 ], [ -65.83482789, -47.14435432 ], [ -65.81480951, -47.15452328 ], [ -65.81159315, -47.15642397 ], [ -65.80949366, -47.15737509 ], [ -65.80471988, -47.16251628 ], [ -65.79841061, -47.16870232 ], [ -65.78593753, -47.17687781 ], [ -65.7689707, -47.18789987 ], [ -65.75733009, -47.19473868 ], [ -65.74457606, -47.20128813 ], [ -65.74107622, -47.20137647 ], [ -65.74038198, -47.20032711 ], [ -65.73772717, -47.2000353 ], [ -65.73562274, -47.20146194 ], [ -65.73826677, -47.20385004 ], [ -65.73910281, -47.20508943 ], [ -65.73755243, -47.20728097 ], [ -65.73698201, -47.20927814 ], [ -65.73795355, -47.21071221 ], [ -65.73977586, -47.20995346 ], [ -65.74118597, -47.20824202 ], [ -65.74119133, -47.2071939 ], [ -65.74343269, -47.20624515 ], [ -65.74525299, -47.20596313 ], [ -65.74874302, -47.20682843 ], [ -65.75390288, -47.21113029 ], [ -65.75682053, -47.21456837 ], [ -65.75806477, -47.21895526 ], [ -65.75817843, -47.22457929 ], [ -65.75674837, -47.23124801 ], [ -65.75265952, -47.23810209 ], [ -65.74659737, -47.24704987 ], [ -65.74371758, -47.26277123 ], [ -65.73765267, -47.27200191 ], [ -65.73211909, -47.2858118 ], [ -65.73053787, -47.29476859 ], [ -65.72855567, -47.29838706 ], [ -65.7266973, -47.30467421 ], [ -65.72485845, -47.30800584 ], [ -65.72427294, -47.31372292 ], [ -65.720711, -47.32381957 ], [ -65.71803264, -47.32705408 ], [ -65.71840363, -47.33582486 ], [ -65.71881014, -47.33897262 ], [ -65.71848845, -47.34726507 ], [ -65.72001729, -47.34984196 ], [ -65.72111105, -47.35489391 ], [ -65.72093094, -47.36232843 ], [ -65.72147871, -47.36538286 ], [ -65.72285622, -47.37014919 ], [ -65.72521261, -47.37501815 ], [ -65.72611119, -47.39179571 ], [ -65.72638035, -47.39341747 ], [ -65.72581116, -47.3956079 ], [ -65.72481644, -47.39751161 ], [ -65.72494424, -47.4003736 ], [ -65.7259226, -47.40123188 ], [ -65.72557877, -47.413051 ], [ -65.72611834, -47.41772476 ], [ -65.7276173, -47.42621219 ], [ -65.72928102, -47.43031493 ], [ -65.72979951, -47.439181 ], [ -65.73047175, -47.44499397 ], [ -65.73186358, -47.44690378 ], [ -65.73113579, -47.45205298 ], [ -65.73294324, -47.45596333 ], [ -65.7329307, -47.45891859 ], [ -65.73445525, -47.46235442 ], [ -65.73583152, -47.46855082 ], [ -65.73832947, -47.4755165 ], [ -65.73845842, -47.47761382 ], [ -65.73787189, -47.48228291 ], [ -65.7377681, -47.48385957 ], [ -65.73841355, -47.48657422 ], [ -65.73896197, -47.49010076 ], [ -65.73892618, -47.49629937 ], [ -65.73863864, -47.498681 ], [ -65.73918408, -47.50087181 ], [ -65.73929765, -47.50687794 ], [ -65.74012384, -47.51012347 ], [ -65.74081387, -47.51279206 ], [ -65.74417995, -47.51623315 ], [ -65.74696515, -47.52100138 ], [ -65.74919005, -47.52672748 ], [ -65.75267759, -47.53436169 ], [ -65.75350657, -47.5375081 ], [ -65.75349527, -47.54008102 ], [ -65.75558197, -47.54504121 ], [ -65.75736463, -47.55533836 ], [ -65.75720606, -47.55915166 ], [ -65.76014438, -47.56297137 ], [ -65.76348362, -47.57136889 ], [ -65.76710532, -47.58157203 ], [ -65.76751828, -47.58347804 ], [ -65.77032335, -47.58548817 ], [ -65.77355488, -47.58902159 ], [ -65.78082157, -47.6021899 ], [ -65.78220206, -47.60953245 ], [ -65.78456937, -47.61716135 ], [ -65.7868104, -47.62002583 ], [ -65.78904568, -47.62565191 ], [ -65.78973696, -47.62851354 ], [ -65.79267314, -47.63566517 ], [ -65.79379115, -47.63728854 ], [ -65.79407182, -47.63843308 ], [ -65.7960347, -47.64129515 ], [ -65.7971511, -47.64425431 ], [ -65.79939427, -47.64749628 ], [ -65.80485525, -47.65799056 ], [ -65.8072431, -47.66142673 ], [ -65.80892565, -47.6636253 ], [ -65.80976197, -47.66667665 ], [ -65.81116537, -47.66925083 ], [ -65.81299215, -47.67078018 ], [ -65.81439582, -47.67335431 ], [ -65.81523204, -47.67602333 ], [ -65.81635517, -47.67783525 ], [ -65.81790477, -47.67965017 ], [ -65.81957812, -47.68499261 ], [ -65.82140092, -47.68890112 ], [ -65.82280223, -47.69042728 ], [ -65.82293279, -47.69395465 ], [ -65.82462396, -47.69529375 ], [ -65.82630298, -47.7003481 ], [ -65.82897231, -47.70473485 ], [ -65.83247259, -47.71313081 ], [ -65.84034496, -47.72505247 ], [ -65.84306291, -47.72910621 ], [ -65.84315991, -47.72925087 ], [ -65.84638612, -47.73621399 ], [ -65.84525244, -47.74047901 ], [ -65.84524647, -47.74050144 ], [ -65.84494384, -47.74166708 ], [ -65.84368716, -47.74242951 ], [ -65.84359616, -47.74249094 ], [ -65.843126, -47.74267118 ], [ -65.84298126, -47.74272218 ], [ -65.84257929, -47.7428444 ], [ -65.84224543, -47.74285905 ], [ -65.8421718, -47.74285715 ], [ -65.84198788, -47.74285264 ], [ -65.84151373, -47.74289623 ], [ -65.84136653, -47.74289243 ], [ -65.84089627, -47.74299028 ], [ -65.84015976, -47.74297001 ], [ -65.84004898, -47.74296668 ], [ -65.83966536, -47.74322922 ], [ -65.8395796, -47.74350146 ], [ -65.83949668, -47.74379995 ], [ -65.84004297, -47.74387341 ], [ -65.84054796, -47.74353432 ], [ -65.84064701, -47.74345469 ], [ -65.84085152, -47.74334955 ], [ -65.84104862, -47.74318836 ], [ -65.84129423, -47.74311146 ], [ -65.84206352, -47.74313042 ], [ -65.84314179, -47.7431184 ], [ -65.84355437, -47.743136 ], [ -65.84362936, -47.7431392 ], [ -65.84381675, -47.74314714 ], [ -65.84443417, -47.74349072 ], [ -65.84509568, -47.74389264 ], [ -65.8453291, -47.74401098 ], [ -65.84568942, -47.74429776 ], [ -65.84573258, -47.7443796 ], [ -65.84585165, -47.744491 ], [ -65.84597255, -47.74462892 ], [ -65.84614194, -47.74492768 ], [ -65.84614391, -47.74495426 ], [ -65.84705368, -47.74536034 ], [ -65.84712898, -47.74538969 ], [ -65.84727785, -47.7454221 ], [ -65.84766972, -47.74580611 ], [ -65.84727026, -47.7464145 ], [ -65.84715809, -47.74682846 ], [ -65.84796582, -47.7464686 ], [ -65.84824602, -47.74634703 ], [ -65.84838705, -47.74629918 ], [ -65.84842307, -47.74630023 ], [ -65.84877053, -47.74612588 ], [ -65.84895074, -47.74610615 ], [ -65.84920662, -47.74611655 ], [ -65.8498544, -47.74610908 ], [ -65.85006989, -47.7460895 ], [ -65.85064462, -47.74602864 ], [ -65.85104155, -47.74604 ], [ -65.85118717, -47.74604545 ], [ -65.85155481, -47.74616335 ], [ -65.85166533, -47.74621913 ], [ -65.851812, -47.74627612 ], [ -65.85229239, -47.74652857 ], [ -65.85236698, -47.74658365 ], [ -65.85348992, -47.74761663 ], [ -65.85352858, -47.74774524 ], [ -65.85382818, -47.74826549 ], [ -65.85390203, -47.74834479 ], [ -65.85463204, -47.74908221 ], [ -65.85463771, -47.74913212 ], [ -65.8548116, -47.74968486 ], [ -65.85486331, -47.74981077 ], [ -65.85487176, -47.74988493 ], [ -65.85508558, -47.75018828 ], [ -65.855164, -47.75024078 ], [ -65.85524477, -47.75031766 ], [ -65.85539886, -47.75039801 ], [ -65.85593532, -47.75066619 ], [ -65.85612953, -47.7507963 ], [ -65.8563133, -47.75087534 ], [ -65.85642298, -47.75092717 ], [ -65.85682798, -47.75115712 ], [ -65.85743331, -47.75118076 ], [ -65.85764482, -47.75116503 ], [ -65.85774816, -47.75114448 ], [ -65.85830152, -47.75108996 ], [ -65.85853681, -47.75104694 ], [ -65.85876181, -47.75099898 ], [ -65.85885745, -47.75097463 ], [ -65.8590234, -47.75095253 ], [ -65.85909037, -47.75092995 ], [ -65.85969426, -47.75072638 ], [ -65.86003581, -47.75068606 ], [ -65.86027664, -47.75066797 ], [ -65.86055598, -47.75065272 ], [ -65.8606258, -47.7506546 ], [ -65.8606602, -47.75065552 ], [ -65.86076442, -47.75065832 ], [ -65.86126266, -47.75065421 ], [ -65.8613362, -47.75063479 ], [ -65.8616246, -47.75064808 ], [ -65.8622525, -47.75080757 ], [ -65.86232453, -47.7508579 ], [ -65.86242962, -47.75088475 ], [ -65.86340936, -47.75103323 ], [ -65.86361974, -47.75104018 ], [ -65.86390067, -47.75104973 ], [ -65.86397096, -47.75105215 ], [ -65.86498603, -47.75117932 ], [ -65.86533261, -47.75121217 ], [ -65.86540286, -47.7512382 ], [ -65.86542865, -47.75124459 ], [ -65.86607054, -47.75140348 ], [ -65.86621176, -47.75143258 ], [ -65.86638873, -47.75148697 ], [ -65.86677597, -47.75154884 ], [ -65.86688117, -47.7515526 ], [ -65.86705707, -47.75158288 ], [ -65.86754921, -47.75167236 ], [ -65.86800517, -47.75173652 ], [ -65.86832077, -47.75179562 ], [ -65.86846099, -47.75182453 ], [ -65.86856626, -47.75187583 ], [ -65.86939852, -47.75206679 ], [ -65.86946801, -47.75209269 ], [ -65.86967612, -47.75214654 ], [ -65.86981494, -47.75217466 ], [ -65.8701982, -47.75235392 ], [ -65.87100238, -47.75240958 ], [ -65.87124681, -47.75241929 ], [ -65.87152493, -47.75242942 ], [ -65.87369239, -47.75224582 ], [ -65.87386281, -47.75222367 ], [ -65.87396487, -47.75222462 ], [ -65.87437771, -47.75218501 ], [ -65.87448089, -47.75218715 ], [ -65.8752086, -47.75206131 ], [ -65.87534739, -47.75204081 ], [ -65.87558998, -47.75202284 ], [ -65.87579745, -47.75202795 ], [ -65.8758968, -47.75200309 ], [ -65.87647141, -47.75075002 ], [ -65.87649051, -47.75070838 ], [ -65.87651144, -47.75066273 ], [ -65.87650777, -47.75052162 ], [ -65.87671667, -47.7502152 ], [ -65.87849055, -47.74761316 ], [ -65.87819707, -47.74744064 ], [ -65.87794907, -47.7473341 ], [ -65.87715314, -47.74694616 ], [ -65.88043356, -47.74398632 ], [ -65.87966564, -47.74289968 ], [ -65.87966432, -47.74279645 ], [ -65.88014503, -47.74221146 ], [ -65.8808582, -47.74134358 ], [ -65.88085701, -47.74123868 ], [ -65.88102248, -47.73911348 ], [ -65.88216367, -47.73891626 ], [ -65.88216249, -47.73880856 ], [ -65.88239125, -47.73685047 ], [ -65.88756325, -47.73692608 ], [ -65.88842, -47.73164765 ], [ -65.91140313, -47.73904795 ], [ -65.91456869, -47.74120055 ], [ -65.91510753, -47.74259426 ], [ -65.91511863, -47.74262299 ], [ -65.91480231, -47.74297113 ], [ -65.91446201, -47.74498853 ], [ -65.91100868, -47.74836085 ], [ -65.91409855, -47.74814752 ], [ -65.91593647, -47.75105403 ], [ -65.91676919, -47.75169991 ], [ -65.91749255, -47.75144367 ], [ -65.91814414, -47.75121286 ], [ -65.92031176, -47.7511549 ], [ -65.9200924, -47.75064488 ], [ -65.91948588, -47.75047807 ], [ -65.91951232, -47.75035806 ], [ -65.92159418, -47.7503024 ], [ -65.92167341, -47.75030028 ], [ -65.92459426, -47.75056124 ], [ -65.92492414, -47.75059071 ], [ -65.92814475, -47.75030354 ], [ -65.92916439, -47.75021262 ], [ -65.93326447, -47.74983346 ], [ -65.93510237, -47.74954807 ], [ -65.93736297, -47.74907191 ], [ -65.94181648, -47.74763096 ], [ -65.94590249, -47.74712578 ], [ -65.94820321, -47.746419 ], [ -65.95024996, -47.74593909 ], [ -65.95248972, -47.74498192 ], [ -65.95475028, -47.74498216 ], [ -65.95800079, -47.74374248 ], [ -65.95885009, -47.74507884 ], [ -65.96097135, -47.74603154 ], [ -65.96520597, -47.74603455 ], [ -65.97086357, -47.7447952 ], [ -65.97326547, -47.74470146 ], [ -65.97425732, -47.74432043 ], [ -65.97242125, -47.74193934 ], [ -65.97623635, -47.74289282 ], [ -65.97792627, -47.74317727 ], [ -65.9803305, -47.74184199 ], [ -65.98273546, -47.74098788 ], [ -65.98471568, -47.74098582 ], [ -65.98612756, -47.74165518 ], [ -65.98640581, -47.74232257 ], [ -65.98973361, -47.74337824 ], [ -65.99276827, -47.74280884 ], [ -65.99731546, -47.74326576 ], [ -66.0000492, -47.74442211 ], [ -66.00106802, -47.74452755 ], [ -66.00147133, -47.74456929 ], [ -66.00189476, -47.74304807 ], [ -66.00106798, -47.74201004 ], [ -66.00085788, -47.74178785 ], [ -66.00085265, -47.74053765 ], [ -66.00106795, -47.74017464 ], [ -66.00152732, -47.73940009 ], [ -66.00256001, -47.73864636 ], [ -66.00210046, -47.73707782 ], [ -66.0010679, -47.73655615 ], [ -66.00100863, -47.73652621 ], [ -66.0010679, -47.73629968 ], [ -66.00141855, -47.73495931 ], [ -66.00210309, -47.73376302 ], [ -66.00169015, -47.73284283 ], [ -66.00106786, -47.73233524 ], [ -66.00101165, -47.73228939 ], [ -66.00106786, -47.73222208 ], [ -66.0053792, -47.72998916 ], [ -66.00674264, -47.73109131 ], [ -66.00673783, -47.73413181 ], [ -66.00537803, -47.73679856 ], [ -66.00294483, -47.73871478 ], [ -66.00360183, -47.74103686 ], [ -66.00232464, -47.74298364 ], [ -66.00769879, -47.74397884 ], [ -66.00920068, -47.74388996 ], [ -66.01479172, -47.74048233 ], [ -66.0173881, -47.7402971 ], [ -66.02229953, -47.74094134 ], [ -66.02543462, -47.74176717 ], [ -66.02651607, -47.74259318 ], [ -66.02939694, -47.74259806 ], [ -66.03444853, -47.74323807 ], [ -66.04400211, -47.74903413 ], [ -66.04605402, -47.75014002 ], [ -66.04892169, -47.75299175 ], [ -66.05192392, -47.75483236 ], [ -66.05220352, -47.75630463 ], [ -66.05466277, -47.75980124 ], [ -66.05602942, -47.76274674 ], [ -66.05725861, -47.76550699 ], [ -66.06059124, -47.76591282 ], [ -66.06324222, -47.76811333 ], [ -66.06691957, -47.77346613 ], [ -66.06828177, -47.77507131 ], [ -66.07040135, -47.77673266 ], [ -66.07375795, -47.77798303 ], [ -66.07710953, -47.77869371 ], [ -66.07958243, -47.77898714 ], [ -66.08134665, -47.77982128 ], [ -66.08311733, -47.78065072 ], [ -66.08382689, -47.78136475 ], [ -66.08346989, -47.78243578 ], [ -66.08400508, -47.78392359 ], [ -66.09062857, -47.78713197 ], [ -66.09284294, -47.78980681 ], [ -66.10079776, -47.79551084 ], [ -66.10318169, -47.79675966 ], [ -66.10530616, -47.79824483 ], [ -66.10742375, -47.79871818 ], [ -66.10963459, -47.79818151 ], [ -66.1115737, -47.79823685 ], [ -66.11325823, -47.80073228 ], [ -66.11484791, -47.80186299 ], [ -66.11653097, -47.80299114 ], [ -66.11829692, -47.8039416 ], [ -66.12086316, -47.80554491 ], [ -66.12254613, -47.80655603 ], [ -66.12342639, -47.8072067 ], [ -66.12687722, -47.80785927 ], [ -66.13021735, -47.80833485 ], [ -66.13296825, -47.80844863 ], [ -66.13614844, -47.80826276 ], [ -66.13897607, -47.80832032 ], [ -66.14241387, -47.8074256 ], [ -66.14603323, -47.8068856 ], [ -66.15044948, -47.80616617 ], [ -66.15292306, -47.80699322 ], [ -66.15601989, -47.8082978 ], [ -66.15796273, -47.80906738 ], [ -66.15999567, -47.80978047 ], [ -66.16317906, -47.81096554 ], [ -66.16521454, -47.81149856 ], [ -66.16786326, -47.81179423 ], [ -66.17184159, -47.81232293 ], [ -66.1740529, -47.81332769 ], [ -66.1767901, -47.81463267 ], [ -66.17802959, -47.81546637 ], [ -66.17927605, -47.81706895 ], [ -66.18404709, -47.81712099 ], [ -66.18678534, -47.81789048 ], [ -66.18722837, -47.81836392 ], [ -66.18864279, -47.81877886 ], [ -66.19261957, -47.81883463 ], [ -66.19509568, -47.81924692 ], [ -66.20296835, -47.82357441 ], [ -66.20642263, -47.82511503 ], [ -66.20784007, -47.8260064 ], [ -66.20950533, -47.82712469 ], [ -66.21124957, -47.82811482 ], [ -66.21399008, -47.83009347 ], [ -66.21634267, -47.83152073 ], [ -66.2191794, -47.83353703 ], [ -66.22351906, -47.83608673 ], [ -66.22547065, -47.83739464 ], [ -66.22777025, -47.83881866 ], [ -66.23012244, -47.84001178 ], [ -66.23290649, -47.8409498 ], [ -66.23653647, -47.84248905 ], [ -66.23840016, -47.84355635 ], [ -66.24034698, -47.84456281 ], [ -66.24282767, -47.84598591 ], [ -66.24468768, -47.84699025 ], [ -66.24690819, -47.84841612 ], [ -66.25009346, -47.84977414 ], [ -66.2525731, -47.85095869 ], [ -66.25461113, -47.85202528 ], [ -66.25665238, -47.8535685 ], [ -66.25781024, -47.85487591 ], [ -66.25887671, -47.85653672 ], [ -66.26109135, -47.85796249 ], [ -66.26488056, -47.85998207 ], [ -66.26977377, -47.86127293 ], [ -66.2723421, -47.86257596 ], [ -66.28182964, -47.86802588 ], [ -66.2819698, -47.87066648 ], [ -66.28077789, -47.86957617 ], [ -66.27803561, -47.86880902 ], [ -66.27484352, -47.86726756 ], [ -66.27200539, -47.86561248 ], [ -66.26952365, -47.86430697 ], [ -66.26703999, -47.86318137 ], [ -66.263766, -47.86224013 ], [ -66.26111106, -47.86147009 ], [ -66.25845093, -47.85933736 ], [ -66.25534712, -47.85833257 ], [ -66.2541045, -47.85631241 ], [ -66.25037923, -47.85370148 ], [ -66.24244681, -47.85133987 ], [ -66.23983675, -47.8495606 ], [ -66.23762393, -47.84825581 ], [ -66.23514171, -47.84712949 ], [ -66.23239919, -47.84600595 ], [ -66.229641, -47.84505819 ], [ -66.22669595, -47.8445429 ], [ -66.2235986, -47.84340215 ], [ -66.22127507, -47.84288724 ], [ -66.21910635, -47.84185071 ], [ -66.21700357, -47.8407988 ], [ -66.21415337, -47.84019057 ], [ -66.21028066, -47.83946698 ], [ -66.2060284, -47.83778688 ], [ -66.20269322, -47.83656675 ], [ -66.20089756, -47.83517764 ], [ -66.19943369, -47.83396815 ], [ -66.19726648, -47.83250839 ], [ -66.19486947, -47.83078514 ], [ -66.19212739, -47.82942225 ], [ -66.19026717, -47.82871392 ], [ -66.18611295, -47.82773648 ], [ -66.18240624, -47.82784839 ], [ -66.17930896, -47.82733162 ], [ -66.17719078, -47.82676965 ], [ -66.17506406, -47.82617639 ], [ -66.17280951, -47.82567658 ], [ -66.17017454, -47.82474198 ], [ -66.16800794, -47.82360099 ], [ -66.16429733, -47.82287587 ], [ -66.16166814, -47.82225125 ], [ -66.15872736, -47.82111343 ], [ -66.15596525, -47.82049684 ], [ -66.15238535, -47.8205998 ], [ -66.14774625, -47.82008407 ], [ -66.14418054, -47.81821192 ], [ -66.1412466, -47.81717692 ], [ -66.13781763, -47.81535031 ], [ -66.13626875, -47.81524426 ], [ -66.13379838, -47.81524882 ], [ -66.13147828, -47.81608578 ], [ -66.12916294, -47.81733635 ], [ -66.12792477, -47.81806725 ], [ -66.12220538, -47.81734607 ], [ -66.11988651, -47.81620382 ], [ -66.11786895, -47.81485094 ], [ -66.11567001, -47.81370084 ], [ -66.11384767, -47.81370986 ], [ -66.11138059, -47.81443796 ], [ -66.11044961, -47.81360867 ], [ -66.10869055, -47.81311216 ], [ -66.10611765, -47.81329881 ], [ -66.10380382, -47.81413504 ], [ -66.09730998, -47.81351453 ], [ -66.09514762, -47.81330755 ], [ -66.09205144, -47.81289184 ], [ -66.08818921, -47.81216835 ], [ -66.08277056, -47.81019127 ], [ -66.07936804, -47.80831723 ], [ -66.0765842, -47.80696621 ], [ -66.07348868, -47.8051962 ], [ -66.06962175, -47.80290705 ], [ -66.0673067, -47.80134537 ], [ -66.06451804, -47.79978729 ], [ -66.06127588, -47.79811983 ], [ -66.05948335, -47.79726365 ], [ -66.05771651, -47.79718484 ], [ -66.05617284, -47.79624551 ], [ -66.05323402, -47.79416495 ], [ -66.05230589, -47.79302028 ], [ -66.05245506, -47.7913522 ], [ -66.04859551, -47.78926904 ], [ -66.04673941, -47.78822995 ], [ -66.0449911, -47.78834835 ], [ -66.0428777, -47.78781526 ], [ -66.04084373, -47.78704166 ], [ -66.04013694, -47.78590902 ], [ -66.03845899, -47.78608841 ], [ -66.03622999, -47.78563023 ], [ -66.03365421, -47.78402979 ], [ -66.03342223, -47.7822234 ], [ -66.03174369, -47.78044177 ], [ -66.0293248, -47.77923738 ], [ -66.02689087, -47.77800184 ], [ -66.02469345, -47.77819475 ], [ -66.02336066, -47.77948922 ], [ -66.01903295, -47.77919396 ], [ -66.01912087, -47.77806275 ], [ -66.011871, -47.77465532 ], [ -66.00846818, -47.77465469 ], [ -66.0060017, -47.77434608 ], [ -66.00517749, -47.77324328 ], [ -66.00106783, -47.77286265 ], [ -65.99950923, -47.77236624 ], [ -65.99441084, -47.77048906 ], [ -65.99147624, -47.76934231 ], [ -65.98784702, -47.76852842 ], [ -65.98553591, -47.76696499 ], [ -65.98514324, -47.76616565 ], [ -65.98290862, -47.76581902 ], [ -65.98182408, -47.76540196 ], [ -65.98166972, -47.76456943 ], [ -65.9806468, -47.76301287 ], [ -65.97809078, -47.7619414 ], [ -65.97534303, -47.76206669 ], [ -65.97039929, -47.76216787 ], [ -65.96762279, -47.76237469 ], [ -65.96345371, -47.76237456 ], [ -65.96159706, -47.76174789 ], [ -65.96052921, -47.76009337 ], [ -65.95727389, -47.75820743 ], [ -65.95187094, -47.75820272 ], [ -65.94924536, -47.75966002 ], [ -65.94808986, -47.761048 ], [ -65.94630814, -47.76351348 ], [ -65.94367991, -47.76528555 ], [ -65.9402845, -47.76611476 ], [ -65.93827665, -47.76611675 ], [ -65.93405226, -47.76561324 ], [ -65.92993713, -47.76444115 ], [ -65.92437855, -47.76381395 ], [ -65.92159768, -47.76370942 ], [ -65.91974399, -47.76360372 ], [ -65.91791493, -47.76226952 ], [ -65.91279824, -47.7613067 ], [ -65.91048518, -47.76109557 ], [ -65.91030653, -47.76110255 ], [ -65.90785612, -47.76119825 ], [ -65.90538685, -47.76213336 ], [ -65.90379607, -47.76279431 ], [ -65.90075208, -47.76275441 ], [ -65.89874359, -47.76202263 ], [ -65.89654136, -47.76188488 ], [ -65.89523426, -47.7622507 ], [ -65.89929245, -47.76481522 ], [ -65.8989383, -47.76576416 ], [ -65.89663616, -47.76707265 ], [ -65.89297343, -47.76802863 ], [ -65.89034273, -47.76907093 ], [ -65.88632489, -47.77000416 ], [ -65.88446877, -47.77166548 ], [ -65.8806046, -47.77333224 ], [ -65.88047535, -47.77425298 ], [ -65.88470509, -47.77509115 ], [ -65.88602836, -47.77693782 ], [ -65.88664086, -47.77908122 ], [ -65.88450561, -47.78799957 ], [ -65.88196422, -47.79140062 ], [ -65.88118422, -47.79358802 ], [ -65.88118024, -47.79556703 ], [ -65.8793181, -47.79858665 ], [ -65.87560574, -47.80171111 ], [ -65.8745216, -47.80275023 ], [ -65.87598809, -47.80500719 ], [ -65.87624936, -47.80780259 ], [ -65.87500126, -47.81119352 ], [ -65.87420482, -47.81309344 ], [ -65.87201923, -47.81535196 ], [ -65.86813408, -47.82191208 ], [ -65.86750984, -47.82524684 ], [ -65.86688251, -47.8281634 ], [ -65.86550213, -47.83099084 ], [ -65.86496114, -47.83426503 ], [ -65.86360876, -47.83857591 ], [ -65.86406427, -47.84066036 ], [ -65.86414397, -47.84247086 ], [ -65.86422149, -47.84775796 ], [ -65.86390781, -47.84994707 ], [ -65.8626595, -47.85348626 ], [ -65.86187986, -47.85619521 ], [ -65.86145063, -47.85847264 ], [ -65.86186802, -47.86192528 ], [ -65.8615206, -47.86483931 ], [ -65.85874324, -47.87181666 ], [ -65.8564169, -47.87400191 ], [ -65.85486506, -47.87556517 ], [ -65.85238158, -47.87806007 ], [ -65.8516021, -47.88066548 ], [ -65.8506618, -47.88326589 ], [ -65.84726652, -47.88779818 ], [ -65.84539812, -47.89164937 ], [ -65.84368936, -47.89414734 ], [ -65.84028131, -47.89456007 ], [ -65.83879716, -47.8940796 ], [ -65.83774221, -47.89288689 ], [ -65.83544212, -47.89252549 ], [ -65.83402691, -47.89293824 ], [ -65.83261054, -47.89418753 ], [ -65.83322033, -47.89555768 ], [ -65.83339182, -47.89698363 ], [ -65.82913671, -47.8997736 ], [ -65.82136368, -47.9038058 ], [ -65.81811057, -47.90400718 ], [ -65.81578845, -47.90410916 ], [ -65.81330983, -47.90379218 ], [ -65.81170351, -47.90266222 ], [ -65.80878216, -47.90182529 ], [ -65.80557234, -47.901589 ], [ -65.80324724, -47.90200562 ], [ -65.80063947, -47.9027619 ], [ -65.79728022, -47.90186341 ], [ -65.79374094, -47.90221498 ], [ -65.79209364, -47.90354584 ], [ -65.78961664, -47.90437514 ], [ -65.78666154, -47.90614247 ], [ -65.78325237, -47.90780381 ], [ -65.78165605, -47.90797294 ], [ -65.77674981, -47.90716531 ], [ -65.77364026, -47.90705612 ], [ -65.77160342, -47.9069929 ], [ -65.76885363, -47.90673098 ], [ -65.77521981, -47.90919917 ], [ -65.77557188, -47.9101531 ], [ -65.77468669, -47.91086261 ], [ -65.77220848, -47.91067965 ], [ -65.77123015, -47.91127446 ], [ -65.77131691, -47.91252264 ], [ -65.77060602, -47.91311547 ], [ -65.76609309, -47.91316588 ], [ -65.7647632, -47.91268973 ], [ -65.76370143, -47.91310208 ], [ -65.76236829, -47.9148252 ], [ -65.76298166, -47.91553902 ], [ -65.76528121, -47.91625718 ], [ -65.76491411, -47.91828086 ], [ -65.76632836, -47.91857958 ], [ -65.76916621, -47.91834923 ], [ -65.77420254, -47.91919452 ], [ -65.77703891, -47.91943624 ], [ -65.77809638, -47.92056647 ], [ -65.78224624, -47.92146885 ], [ -65.78622952, -47.92213227 ], [ -65.78896263, -47.92505215 ], [ -65.79054858, -47.92642128 ], [ -65.79196101, -47.92767318 ], [ -65.79257371, -47.92898501 ], [ -65.79266118, -47.93011173 ], [ -65.78812908, -47.93331614 ], [ -65.7917566, -47.93481104 ], [ -65.79272374, -47.93624017 ], [ -65.79253478, -47.93832256 ], [ -65.78993678, -47.93879951 ], [ -65.78931341, -47.94015039 ], [ -65.78930729, -47.94202596 ], [ -65.78696954, -47.94473172 ], [ -65.78557055, -47.94535484 ], [ -65.78262696, -47.94513842 ], [ -65.77999604, -47.94513472 ], [ -65.77735934, -47.94502316 ], [ -65.77411033, -47.9439774 ], [ -65.76977443, -47.94375832 ], [ -65.76635559, -47.94541936 ], [ -65.76513895, -47.94695531 ], [ -65.76525819, -47.94843657 ], [ -65.76834795, -47.95000812 ], [ -65.77362046, -47.95033055 ], [ -65.77811294, -47.94971369 ], [ -65.7808028, -47.94918981 ], [ -65.78477603, -47.95024929 ], [ -65.78973391, -47.95056963 ], [ -65.7914381, -47.95150862 ], [ -65.7931441, -47.95099039 ], [ -65.79624377, -47.95037072 ], [ -65.79950352, -47.95048464 ], [ -65.80133906, -47.95124938 ], [ -65.80221913, -47.95291442 ], [ -65.80211818, -47.95476081 ], [ -65.80424592, -47.95547789 ], [ -65.80601979, -47.95571787 ], [ -65.80636795, -47.95732392 ], [ -65.80618187, -47.95821446 ], [ -65.80458266, -47.95934642 ], [ -65.80721686, -47.95976773 ], [ -65.80985066, -47.95956386 ], [ -65.81171746, -47.95904591 ], [ -65.81280231, -47.9576926 ], [ -65.81443001, -47.95561088 ], [ -65.81699777, -47.95530502 ], [ -65.81916364, -47.9563492 ], [ -65.82179123, -47.95812406 ], [ -65.82380388, -47.95979256 ], [ -65.82734502, -47.96051041 ], [ -65.82844327, -47.96271856 ], [ -65.83092584, -47.96293169 ], [ -65.83336635, -47.96188653 ], [ -65.83301767, -47.96004221 ], [ -65.83160046, -47.95861553 ], [ -65.83240556, -47.95754327 ], [ -65.83506512, -47.95671304 ], [ -65.83745147, -47.95725222 ], [ -65.83833305, -47.95892144 ], [ -65.84001268, -47.95963546 ], [ -65.84196469, -47.95969957 ], [ -65.84249809, -47.9589263 ], [ -65.84134743, -47.95821272 ], [ -65.84134988, -47.95642719 ], [ -65.84073971, -47.95458037 ], [ -65.84020974, -47.95297442 ], [ -65.84075195, -47.95065382 ], [ -65.83951623, -47.94862909 ], [ -65.83676608, -47.9452296 ], [ -65.83754689, -47.94335287 ], [ -65.83894359, -47.94147888 ], [ -65.84111863, -47.94012979 ], [ -65.84670245, -47.93857473 ], [ -65.85104469, -47.93732908 ], [ -65.85569564, -47.93670972 ], [ -65.8598799, -47.93661002 ], [ -65.86452557, -47.93807724 ], [ -65.86715387, -47.94057963 ], [ -65.86698164, -47.94206358 ], [ -65.86618436, -47.9427761 ], [ -65.86733138, -47.94390779 ], [ -65.86768517, -47.94497833 ], [ -65.86652944, -47.94610907 ], [ -65.86458077, -47.94670192 ], [ -65.86248565, -47.94682616 ], [ -65.86310347, -47.94734594 ], [ -65.86626359, -47.94759536 ], [ -65.86865016, -47.94753573 ], [ -65.86962858, -47.94634643 ], [ -65.86919129, -47.94521952 ], [ -65.87060753, -47.94456346 ], [ -65.87299711, -47.94504335 ], [ -65.87388455, -47.94462985 ], [ -65.8733607, -47.94254717 ], [ -65.87016751, -47.94254163 ], [ -65.86902049, -47.9415314 ], [ -65.86875761, -47.93968504 ], [ -65.86991319, -47.9386757 ], [ -65.87106943, -47.93671288 ], [ -65.87311232, -47.93493024 ], [ -65.87798265, -47.93332854 ], [ -65.88204707, -47.93288473 ], [ -65.886074, -47.93236975 ], [ -65.89072544, -47.9323741 ], [ -65.89413678, -47.93102433 ], [ -65.89816071, -47.93081933 ], [ -65.90435616, -47.93103147 ], [ -65.90822691, -47.93239061 ], [ -65.91473388, -47.93385359 ], [ -65.92061982, -47.9360471 ], [ -65.92604047, -47.93959242 ], [ -65.93300533, -47.94438879 ], [ -65.93749089, -47.948767 ], [ -65.94028208, -47.95241491 ], [ -65.94244516, -47.95501746 ], [ -65.94783988, -47.96286648 ], [ -65.94861032, -47.96557664 ], [ -65.95000647, -47.96786593 ], [ -65.95062169, -47.96984698 ], [ -65.95185795, -47.97484783 ], [ -65.95108284, -47.97828582 ], [ -65.94828528, -47.98161836 ], [ -65.94472128, -47.98255538 ], [ -65.94361703, -47.98198555 ], [ -65.94254987, -47.98265605 ], [ -65.9420806, -47.98453452 ], [ -65.93959806, -47.98682436 ], [ -65.93664755, -47.98807372 ], [ -65.93432093, -47.98827715 ], [ -65.93244483, -47.98673751 ], [ -65.93090564, -47.98806759 ], [ -65.92780155, -47.9892127 ], [ -65.92535374, -47.98928861 ], [ -65.92578766, -47.99056381 ], [ -65.92959911, -47.99196873 ], [ -65.92969006, -47.99298282 ], [ -65.92795179, -47.99494308 ], [ -65.92934994, -47.99525821 ], [ -65.93216654, -47.99518179 ], [ -65.93518546, -47.99784355 ], [ -65.93690907, -47.99880379 ], [ -65.93902422, -48.00089351 ], [ -65.94094149, -48.00173039 ], [ -65.94244398, -48.0037562 ], [ -65.94252292, -48.00596691 ], [ -65.94118469, -48.00800706 ], [ -65.93867735, -48.00917315 ], [ -65.9363652, -48.00893999 ], [ -65.93409074, -48.0099606 ], [ -65.93439237, -48.01196773 ], [ -65.93409795, -48.01421947 ], [ -65.93666022, -48.01566507 ], [ -65.93914002, -48.01530477 ], [ -65.94153881, -48.01528829 ], [ -65.94358126, -48.01466476 ], [ -65.94637333, -48.01390502 ], [ -65.94886804, -48.01298644 ], [ -65.95134761, -48.01262588 ], [ -65.95385731, -48.01361372 ], [ -65.95498141, -48.01604038 ], [ -65.95550374, -48.01825765 ], [ -65.95423629, -48.02024216 ], [ -65.95234436, -48.02092047 ], [ -65.95038598, -48.02149253 ], [ -65.95008165, -48.02379403 ], [ -65.94824397, -48.02507354 ], [ -65.9456912, -48.02533696 ], [ -65.94319947, -48.02620142 ], [ -65.94185384, -48.02823726 ], [ -65.94329624, -48.03001724 ], [ -65.94545432, -48.03035315 ], [ -65.94785565, -48.0301341 ], [ -65.94944975, -48.03186513 ], [ -65.95088379, -48.03349232 ], [ -65.95287895, -48.03437647 ], [ -65.95490392, -48.0342569 ], [ -65.95680102, -48.03553479 ], [ -65.95940255, -48.03833709 ], [ -65.96122729, -48.03986862 ], [ -65.9635219, -48.04070439 ], [ -65.96580784, -48.04173822 ], [ -65.96780352, -48.04227131 ], [ -65.96957704, -48.04325535 ], [ -65.97169358, -48.04483763 ], [ -65.97397728, -48.04582639 ], [ -65.97625906, -48.04701303 ], [ -65.97952569, -48.04806164 ], [ -65.98204373, -48.04880579 ], [ -65.98428177, -48.04888255 ], [ -65.98641274, -48.05012239 ], [ -65.98800179, -48.05184852 ], [ -65.98868821, -48.05397142 ], [ -65.98721361, -48.05549845 ], [ -65.98485752, -48.05431395 ], [ -65.98300892, -48.05343553 ], [ -65.98141416, -48.05195684 ], [ -65.97956545, -48.05107387 ], [ -65.97696174, -48.05093904 ], [ -65.97432825, -48.05110175 ], [ -65.9723206, -48.0507175 ], [ -65.97118546, -48.04894343 ], [ -65.96975154, -48.04687125 ], [ -65.96735674, -48.04698265 ], [ -65.96560111, -48.04806242 ], [ -65.96441682, -48.04974806 ], [ -65.96336901, -48.05194286 ], [ -65.96320817, -48.05474889 ], [ -65.96232125, -48.05694403 ], [ -65.96097305, -48.05893518 ], [ -65.95934313, -48.06081214 ], [ -65.9582949, -48.0630069 ], [ -65.95600436, -48.06448258 ], [ -65.95402786, -48.06535198 ], [ -65.95219947, -48.06623103 ], [ -65.94954558, -48.06734264 ], [ -65.94782734, -48.06932965 ], [ -65.94628328, -48.07096136 ], [ -65.94392286, -48.07193038 ], [ -65.94173907, -48.07235064 ], [ -65.93917991, -48.07301434 ], [ -65.93712735, -48.07373698 ], [ -65.93515514, -48.07445753 ], [ -65.93235493, -48.07537009 ], [ -65.93002877, -48.07553292 ], [ -65.92754435, -48.0761 ], [ -65.92542252, -48.07667129 ], [ -65.92293494, -48.07718438 ], [ -65.92081971, -48.07775541 ], [ -65.91878316, -48.07817599 ], [ -65.91612121, -48.07928702 ], [ -65.91364513, -48.07965121 ], [ -65.9116146, -48.07982415 ], [ -65.9088207, -48.08038518 ], [ -65.90689594, -48.08195853 ], [ -65.9052728, -48.08364565 ], [ -65.90466384, -48.08594122 ], [ -65.90487818, -48.08855326 ], [ -65.90525316, -48.09091838 ], [ -65.90562349, -48.09308123 ], [ -65.90715016, -48.09455819 ], [ -65.90866935, -48.09613876 ], [ -65.91151375, -48.09598122 ], [ -65.91354126, -48.09586233 ], [ -65.91599911, -48.09634861 ], [ -65.916082, -48.0984063 ], [ -65.91630875, -48.1005143 ], [ -65.91660111, -48.102832 ], [ -65.9160081, -48.10492934 ], [ -65.91570887, -48.10723508 ], [ -65.91750446, -48.10941566 ], [ -65.92174657, -48.1126943 ], [ -65.92364027, -48.11422917 ], [ -65.9257325, -48.11440974 ], [ -65.92618324, -48.11205963 ], [ -65.92836775, -48.1117386 ], [ -65.93073159, -48.1126812 ], [ -65.93320705, -48.11286984 ], [ -65.93572887, -48.11139772 ], [ -65.93797978, -48.11118274 ], [ -65.9401976, -48.11191751 ], [ -65.94125516, -48.11408964 ], [ -65.94042901, -48.11644042 ], [ -65.94171038, -48.11841342 ], [ -65.94412782, -48.11769935 ], [ -65.94385723, -48.11472904 ], [ -65.94340852, -48.11251885 ], [ -65.94439706, -48.10972313 ], [ -65.94486324, -48.10707122 ], [ -65.94621358, -48.10473393 ], [ -65.94896133, -48.1031163 ], [ -65.95125009, -48.10204558 ], [ -65.9534609, -48.10067101 ], [ -65.95724063, -48.09972821 ], [ -65.96039496, -48.09947153 ], [ -65.96331617, -48.09936469 ], [ -65.96563636, -48.09954765 ], [ -65.96773019, -48.09988032 ], [ -65.9703538, -48.09961909 ], [ -65.97379894, -48.09951642 ], [ -65.97655821, -48.10020947 ], [ -65.97985833, -48.09980456 ], [ -65.98257769, -48.09934268 ], [ -65.98467241, -48.09922528 ], [ -65.98668009, -48.0998072 ], [ -65.98925075, -48.1012964 ], [ -65.9910066, -48.10262687 ], [ -65.99094188, -48.10463439 ], [ -65.99033967, -48.10698422 ], [ -65.99271249, -48.10771843 ], [ -65.99413822, -48.10532913 ], [ -65.99694105, -48.10456791 ], [ -66.00000015, -48.10290494 ], [ -66.00107505, -48.10247351 ], [ -66.00324787, -48.10160124 ], [ -66.00780278, -48.10221958 ], [ -66.01055472, -48.10300645 ], [ -66.0122037, -48.10513994 ], [ -66.01318628, -48.10735836 ], [ -66.01597038, -48.10685351 ], [ -66.01799326, -48.10688131 ], [ -66.02037561, -48.10731338 ], [ -66.02228494, -48.10849542 ], [ -66.0258819, -48.10879646 ], [ -66.02526714, -48.10667639 ], [ -66.02608797, -48.10453199 ], [ -66.02853178, -48.10281251 ], [ -66.0305119, -48.10188776 ], [ -66.03345412, -48.1012254 ], [ -66.03676366, -48.10087257 ], [ -66.03899459, -48.10135773 ], [ -66.04174022, -48.10214402 ], [ -66.04522153, -48.10287926 ], [ -66.04730859, -48.10388078 ], [ -66.04930114, -48.10475884 ], [ -66.0515829, -48.10609691 ], [ -66.05349203, -48.10737739 ], [ -66.05551918, -48.1095137 ], [ -66.05574677, -48.11187778 ], [ -66.05713019, -48.11334758 ], [ -66.0603023, -48.11259296 ], [ -66.06277361, -48.1124776 ], [ -66.06474399, -48.11184485 ], [ -66.06761042, -48.11103522 ], [ -66.06958635, -48.11015939 ], [ -66.07161849, -48.10988916 ], [ -66.07418726, -48.10927173 ], [ -66.07726393, -48.10906338 ], [ -66.08017034, -48.10960159 ], [ -66.08254098, -48.11038798 ], [ -66.08520465, -48.11158021 ], [ -66.08742315, -48.11251451 ], [ -66.0904721, -48.11340842 ], [ -66.09262396, -48.11423647 ], [ -66.0947214, -48.1142699 ], [ -66.09724399, -48.11500692 ], [ -66.0996625, -48.11669115 ], [ -66.10231569, -48.11803168 ], [ -66.10835913, -48.11911852 ], [ -66.11037157, -48.11929788 ], [ -66.11239789, -48.1193734 ], [ -66.11529315, -48.12026632 ], [ -66.11728699, -48.12124662 ], [ -66.11995173, -48.12243352 ], [ -66.12163828, -48.12366045 ], [ -66.12346344, -48.12528836 ], [ -66.12534451, -48.12772425 ], [ -66.12625676, -48.12969178 ], [ -66.1267045, -48.13230609 ], [ -66.12647017, -48.13486251 ], [ -66.12876237, -48.13609533 ], [ -66.13131122, -48.13613379 ], [ -66.13355559, -48.13646834 ], [ -66.13613455, -48.13810245 ], [ -66.1364338, -48.14036548 ], [ -66.13656316, -48.14347867 ], [ -66.13590293, -48.14587584 ], [ -66.13743022, -48.14976037 ], [ -66.13857971, -48.15163587 ], [ -66.13939752, -48.15435245 ], [ -66.14113499, -48.15638724 ], [ -66.14266548, -48.15811285 ], [ -66.14417723, -48.16018975 ], [ -66.14678707, -48.16318101 ], [ -66.1490658, -48.16482307 ], [ -66.15142635, -48.16615251 ], [ -66.15394427, -48.16708631 ], [ -66.15618479, -48.16777132 ], [ -66.15856265, -48.16850199 ], [ -66.16078125, -48.16948435 ], [ -66.16220824, -48.17191415 ], [ -66.16385089, -48.17489567 ], [ -66.16355154, -48.17735052 ], [ -66.16164296, -48.17868035 ], [ -66.15929399, -48.17930267 ], [ -66.15658594, -48.17977291 ], [ -66.15430573, -48.1806406 ], [ -66.15407496, -48.18345333 ], [ -66.15612354, -48.18538041 ], [ -66.15794498, -48.18711132 ], [ -66.16022021, -48.18900061 ], [ -66.16219825, -48.19043031 ], [ -66.16436245, -48.1910588 ], [ -66.16628711, -48.19183778 ], [ -66.16912181, -48.1924297 ], [ -66.17174276, -48.1926092 ], [ -66.17511496, -48.19275439 ], [ -66.17854916, -48.19324855 ], [ -66.18064862, -48.19347826 ], [ -66.18282652, -48.1934539 ], [ -66.18507856, -48.19343194 ], [ -66.18733424, -48.19336037 ], [ -66.18967281, -48.19289067 ], [ -66.19221632, -48.19312133 ], [ -66.19467784, -48.19365553 ], [ -66.19652748, -48.19473292 ], [ -66.19843734, -48.19591204 ], [ -66.20053223, -48.19638887 ], [ -66.20297362, -48.19767454 ], [ -66.20519822, -48.19850297 ], [ -66.2072124, -48.19897743 ], [ -66.2097563, -48.19931563 ], [ -66.21223436, -48.19924634 ], [ -66.21447549, -48.19947597 ], [ -66.21761827, -48.19981522 ], [ -66.22031339, -48.20020291 ], [ -66.22216815, -48.20102789 ], [ -66.22462621, -48.20170997 ], [ -66.2273019, -48.20264224 ], [ -66.23018792, -48.2041352 ], [ -66.23300064, -48.20542328 ], [ -66.23522894, -48.20640394 ], [ -66.23726401, -48.20858632 ], [ -66.23892781, -48.21106697 ], [ -66.24038955, -48.21268979 ], [ -66.24205119, -48.2149186 ], [ -66.24382555, -48.21594789 ], [ -66.24719505, -48.21623495 ], [ -66.25025796, -48.21667452 ], [ -66.25228087, -48.21695006 ], [ -66.25472422, -48.21823008 ], [ -66.25594258, -48.22035432 ], [ -66.25611013, -48.22246337 ], [ -66.25581175, -48.22497241 ], [ -66.25650348, -48.22738591 ], [ -66.25802179, -48.22956459 ], [ -66.25924073, -48.23158534 ], [ -66.25993091, -48.23365256 ], [ -66.26023358, -48.23661228 ], [ -66.26251162, -48.23845002 ], [ -66.26503091, -48.23963322 ], [ -66.26733966, -48.24036361 ], [ -66.27071501, -48.24060935 ], [ -66.27287517, -48.24133037 ], [ -66.27561695, -48.24272288 ], [ -66.27960131, -48.2452222 ], [ -66.28188042, -48.24705952 ], [ -66.2851553, -48.24835561 ], [ -66.28834823, -48.24994629 ], [ -66.2903619, -48.2504733 ], [ -66.29274972, -48.25095356 ], [ -66.2956623, -48.25163459 ], [ -66.29794271, -48.25326918 ], [ -66.30014853, -48.25520719 ], [ -66.30192049, -48.2566809 ], [ -66.30360127, -48.25830562 ], [ -66.30686685, -48.25964634 ], [ -66.31157857, -48.26366175 ], [ -66.31380798, -48.26459589 ], [ -66.31694051, -48.26543195 ], [ -66.31993228, -48.26606961 ], [ -66.32216583, -48.26664817 ], [ -66.32425026, -48.26762678 ], [ -66.32653934, -48.26905817 ], [ -66.32920917, -48.27064488 ], [ -66.3311795, -48.27307485 ], [ -66.33343626, -48.27565839 ], [ -66.33474821, -48.27718092 ], [ -66.33671556, -48.27966036 ], [ -66.33772012, -48.28163255 ], [ -66.33872446, -48.28339335 ], [ -66.33994094, -48.28561571 ], [ -66.34130152, -48.28849499 ], [ -66.34230266, -48.29051221 ], [ -66.3435927, -48.29323611 ], [ -66.34472838, -48.29565865 ], [ -66.34670096, -48.29778697 ], [ -66.3482499, -48.29910456 ], [ -66.35045615, -48.30109108 ], [ -66.35251716, -48.30301883 ], [ -66.35397843, -48.30453679 ], [ -66.35564472, -48.3070202 ], [ -66.35649103, -48.30933415 ], [ -66.35746828, -48.31240884 ], [ -66.35754489, -48.3152175 ], [ -66.35741688, -48.31727208 ], [ -66.35728543, -48.31947967 ], [ -66.35736854, -48.32238709 ], [ -66.35671432, -48.32443905 ], [ -66.35589747, -48.32678809 ], [ -66.35493909, -48.32893438 ], [ -66.35384286, -48.33062594 ], [ -66.35256991, -48.33332557 ], [ -66.35116546, -48.33546235 ], [ -66.35005857, -48.33750948 ], [ -66.34848834, -48.34000185 ], [ -66.34753638, -48.3419455 ], [ -66.34546442, -48.34357994 ], [ -66.34295769, -48.34465583 ], [ -66.33992818, -48.34537357 ], [ -66.33807863, -48.34690696 ], [ -66.33794662, -48.34911903 ], [ -66.33987498, -48.35043921 ], [ -66.34218337, -48.35117263 ], [ -66.34450521, -48.35159529 ], [ -66.3465165, -48.35232379 ], [ -66.34830424, -48.35334659 ], [ -66.3495933, -48.35571514 ], [ -66.35029607, -48.35778596 ], [ -66.35182214, -48.35985524 ], [ -66.35352199, -48.3612808 ], [ -66.35561855, -48.36165585 ], [ -66.35797342, -48.36093043 ], [ -66.35922213, -48.35929285 ], [ -66.35994427, -48.3572434 ], [ -66.36156346, -48.35590528 ], [ -66.36406644, -48.3551799 ], [ -66.36612011, -48.35439567 ], [ -66.36861282, -48.35382341 ], [ -66.37156462, -48.35325561 ], [ -66.37520876, -48.35224014 ], [ -66.37784634, -48.35182083 ], [ -66.38118294, -48.35095363 ], [ -66.38383022, -48.35068231 ], [ -66.3871531, -48.35001772 ], [ -66.38995213, -48.34939099 ], [ -66.39268059, -48.34882024 ], [ -66.39817025, -48.34888288 ], [ -66.40080728, -48.348562 ], [ -66.4038323, -48.34829253 ], [ -66.40691447, -48.34847553 ], [ -66.40909877, -48.34834777 ], [ -66.41301485, -48.34818654 ], [ -66.41586761, -48.34826817 ], [ -66.41805903, -48.34804559 ], [ -66.420388, -48.34846651 ], [ -66.4238417, -48.34845359 ], [ -66.42789276, -48.34909738 ], [ -66.43367953, -48.34956323 ], [ -66.43615092, -48.35009201 ], [ -66.43973978, -48.35108201 ], [ -66.44355812, -48.35197057 ], [ -66.44842382, -48.35317838 ], [ -66.45081114, -48.35405568 ], [ -66.45790914, -48.35633389 ], [ -66.4602196, -48.35726727 ], [ -66.4622354, -48.35803408 ], [ -66.46520829, -48.35957705 ], [ -66.46744761, -48.36084975 ], [ -66.46928898, -48.36242225 ], [ -66.47083041, -48.36414771 ], [ -66.47298617, -48.3654768 ], [ -66.47452355, -48.36704042 ], [ -66.47553191, -48.36906078 ], [ -66.47585166, -48.37167314 ], [ -66.47467134, -48.37386763 ], [ -66.47372734, -48.37596501 ], [ -66.472395, -48.37781327 ], [ -66.47025105, -48.37934422 ], [ -66.46817459, -48.38117441 ], [ -66.46685849, -48.3828692 ], [ -66.46627283, -48.38557636 ], [ -66.46659174, -48.38778399 ], [ -66.4672219, -48.39000022 ], [ -66.46914557, -48.39147581 ], [ -66.47061657, -48.39304598 ], [ -66.47223653, -48.39481852 ], [ -66.47225216, -48.39722869 ], [ -66.47041474, -48.39851201 ], [ -66.46865845, -48.39969839 ], [ -66.46889323, -48.40245275 ], [ -66.47095958, -48.40403194 ], [ -66.47297803, -48.40490643 ], [ -66.47604137, -48.40624401 ], [ -66.47827325, -48.40737281 ], [ -66.48075126, -48.40794991 ], [ -66.48291831, -48.40862184 ], [ -66.4851666, -48.40909788 ], [ -66.48762834, -48.41032297 ], [ -66.48969263, -48.41235163 ], [ -66.49235564, -48.41453746 ], [ -66.4943552, -48.41620821 ], [ -66.49664007, -48.41829301 ], [ -66.49873368, -48.41916476 ], [ -66.50106009, -48.41958864 ], [ -66.50370667, -48.41916618 ], [ -66.50839128, -48.41870844 ], [ -66.51102118, -48.41873157 ], [ -66.51330543, -48.41795566 ], [ -66.51640122, -48.41768108 ], [ -66.51873712, -48.41765456 ], [ -66.52130563, -48.41727905 ], [ -66.52417901, -48.41720896 ], [ -66.52914148, -48.41735352 ], [ -66.53207356, -48.41774017 ], [ -66.5342391, -48.41886094 ], [ -66.53624026, -48.42033752 ], [ -66.53832189, -48.42160921 ], [ -66.54009077, -48.42343469 ], [ -66.54218861, -48.42425606 ], [ -66.54445073, -48.42433023 ], [ -66.54664368, -48.42379934 ], [ -66.54989814, -48.42337504 ], [ -66.55223709, -48.42319482 ], [ -66.55448944, -48.42332307 ], [ -66.55736574, -48.4231936 ], [ -66.5597796, -48.42311886 ], [ -66.56520224, -48.42316664 ], [ -66.56904267, -48.42300696 ], [ -66.57198057, -48.42308209 ], [ -66.5750842, -48.42311152 ], [ -66.57839472, -48.42329632 ], [ -66.58199918, -48.42362479 ], [ -66.58568902, -48.42401345 ], [ -66.58816492, -48.42443539 ], [ -66.59132342, -48.42457061 ], [ -66.59396434, -48.42474441 ], [ -66.59598351, -48.42510851 ], [ -66.59816897, -48.42553033 ], [ -66.6002822, -48.42559908 ], [ -66.60305567, -48.42592593 ], [ -66.6064441, -48.42615696 ], [ -66.60893214, -48.42607885 ], [ -66.61171651, -48.42655807 ], [ -66.61441672, -48.42718379 ], [ -66.61727746, -48.42730966 ], [ -66.6195306, -48.42772895 ], [ -66.62411737, -48.42827252 ], [ -66.62757696, -48.42855016 ], [ -66.6306628, -48.42898792 ], [ -66.63299642, -48.42920651 ], [ -66.63509113, -48.42967548 ], [ -66.63779498, -48.43034551 ], [ -66.64155402, -48.43083812 ], [ -66.64508868, -48.4312163 ], [ -66.64840661, -48.43139885 ], [ -66.65141443, -48.43187452 ], [ -66.65418885, -48.43229905 ], [ -66.65742314, -48.43272688 ], [ -66.66087383, -48.43381336 ], [ -66.66303818, -48.43467988 ], [ -66.66512947, -48.43575109 ], [ -66.66729891, -48.43687374 ], [ -66.66946207, -48.43809549 ], [ -66.67229322, -48.43967365 ], [ -66.67505431, -48.44140241 ], [ -66.67714424, -48.44207316 ], [ -66.67931453, -48.44320005 ], [ -66.68095341, -48.44436191 ], [ -66.68281418, -48.4457865 ], [ -66.68468035, -48.44700399 ], [ -66.68561427, -48.44906991 ], [ -66.68481974, -48.45107432 ], [ -66.68606795, -48.45318414 ], [ -66.68876799, -48.45396104 ], [ -66.69291002, -48.45429577 ], [ -66.6953167, -48.45456922 ], [ -66.69967468, -48.45545446 ], [ -66.70283461, -48.45613528 ], [ -66.70486189, -48.45630382 ], [ -66.70733876, -48.45707399 ], [ -66.71033948, -48.45770126 ], [ -66.71506309, -48.45914082 ], [ -66.72046911, -48.46084593 ], [ -66.72392994, -48.46147145 ], [ -66.72678316, -48.46220203 ], [ -66.72970871, -48.463272 ], [ -66.73247246, -48.46434715 ], [ -66.73441924, -48.46507099 ], [ -66.73643246, -48.4662379 ], [ -66.73830864, -48.46710339 ], [ -66.74092154, -48.46888038 ], [ -66.74391085, -48.47016381 ], [ -66.74622966, -48.47143303 ], [ -66.74953202, -48.47246323 ], [ -66.75140445, -48.47318022 ], [ -66.75318971, -48.47454767 ], [ -66.75413337, -48.47660824 ], [ -66.75530168, -48.4787784 ], [ -66.75677589, -48.48114993 ], [ -66.75817025, -48.48326319 ], [ -66.76048561, -48.48483809 ], [ -66.76188384, -48.48645195 ], [ -66.76359707, -48.48802399 ], [ -66.76529885, -48.48998768 ], [ -66.76729312, -48.49251745 ], [ -66.76921613, -48.49463125 ], [ -66.77227059, -48.49721611 ], [ -66.77406593, -48.49833555 ], [ -66.77593345, -48.49960551 ], [ -66.77802979, -48.50022026 ], [ -66.78126714, -48.50079745 ], [ -66.78419974, -48.50137108 ], [ -66.78682575, -48.50218862 ], [ -66.79013185, -48.50332099 ], [ -66.79335947, -48.50439739 ], [ -66.7966749, -48.50492659 ], [ -66.79945627, -48.50564426 ], [ -66.80162134, -48.50716933 ], [ -66.80475368, -48.50904464 ], [ -66.80806942, -48.51002326 ], [ -66.81092007, -48.5108463 ], [ -66.81362121, -48.51202055 ], [ -66.81562457, -48.51363618 ], [ -66.81787522, -48.51475782 ], [ -66.82259192, -48.51725016 ], [ -66.82497971, -48.51901926 ], [ -66.82678234, -48.51993975 ], [ -66.82879412, -48.52120855 ], [ -66.83034293, -48.52342826 ], [ -66.83204396, -48.52604765 ], [ -66.83397559, -48.52786325 ], [ -66.8365262, -48.52908697 ], [ -66.83868112, -48.5311649 ], [ -66.84016173, -48.53327881 ], [ -66.84148625, -48.53574423 ], [ -66.84190521, -48.5380555 ], [ -66.84201242, -48.5403637 ], [ -66.84130097, -48.54241591 ], [ -66.83984333, -48.54400729 ], [ -66.83980628, -48.54646873 ], [ -66.84228756, -48.5473888 ], [ -66.84476639, -48.54800756 ], [ -66.84672062, -48.5486753 ], [ -66.84896795, -48.54954458 ], [ -66.85115011, -48.55035753 ], [ -66.85347068, -48.55183146 ], [ -66.85615243, -48.55395437 ], [ -66.85779323, -48.55557245 ], [ -66.85889891, -48.55763573 ], [ -66.8598478, -48.55959633 ], [ -66.86147202, -48.56197051 ], [ -66.86318238, -48.56413938 ], [ -66.86412558, -48.56619909 ], [ -66.86553998, -48.56821595 ], [ -66.86701976, -48.56993376 ], [ -66.86904401, -48.5715028 ], [ -66.87135194, -48.57332311 ], [ -66.87155407, -48.57543469 ], [ -66.8701579, -48.57782946 ], [ -66.87003167, -48.58078866 ], [ -66.86955035, -48.58273884 ], [ -66.86893866, -48.58448853 ], [ -67.1730668, -48.48376224 ], [ -67.24790071, -48.4114708 ], [ -67.55425586, -48.1128462 ], [ -67.58856026, -48.11221065 ], [ -67.61726564, -48.09152467 ], [ -68.18675824, -48.44444129 ], [ -68.33662617, -48.37947311 ], [ -68.66478526, -48.3993585 ], [ -68.98957434, -48.4181117 ], [ -68.99479357, -48.41840309 ], [ -69.35657808, -48.43817173 ], [ -69.73566484, -48.32192804 ], [ -69.71041638, -47.30108071 ], [ -69.70879439, -47.23449835 ], [ -69.68787862, -47.16110817 ], [ -69.67011656, -46.49257585 ], [ -69.65807204, -46.02725624 ], [ -69.65777203, -46.02725707 ], [ -69.65692285, -45.99923419 ], [ -69.65226007, -45.99923201 ], [ -69.64968052, -45.99922982 ], [ -69.64726232, -45.99922715 ], [ -69.64483504, -45.99922945 ], [ -69.64225814, -45.99922244 ], [ -69.6320205, -45.99921223 ], [ -69.62289358, -45.99920393 ], [ -69.61788982, -45.99920262 ], [ -69.59352095, -45.99917756 ], [ -69.58851652, -45.99917048 ], [ -69.56415659, -45.99913856 ], [ -69.55915203, -45.99913019 ], [ -69.55673095, -45.99913024 ], [ -69.55414744, -45.9991216 ], [ -69.50294416, -45.9992027 ], [ -69.40738659, -45.99927923 ], [ -69.34861273, -45.9991723 ], [ -69.23493172, -45.99923792 ], [ -69.16543604, -45.9992338 ], [ -69.07440898, -45.99908428 ], [ -69.02536027, -45.99911953 ], [ -69.00594133, -45.99904209 ], [ -69.00115204, -45.99898279 ], [ -68.98365863, -45.99896243 ], [ -68.98348082, -45.99896239 ], [ -68.98337039, -45.99896223 ], [ -68.9833522, -45.99896235 ], [ -68.98324362, -45.99896237 ], [ -68.98313611, -45.99896236 ], [ -68.98302443, -45.99896231 ], [ -68.98295211, -45.99896234 ], [ -68.98285536, -45.99896228 ], [ -68.98279549, -45.99896229 ], [ -68.98273727, -45.99896232 ], [ -68.98266263, -45.99896231 ], [ -68.98259702, -45.99896232 ], [ -68.98251804, -45.9989623 ], [ -68.98244315, -45.99896223 ], [ -68.98239937, -45.99896228 ], [ -68.98233172, -45.99896223 ], [ -68.98228784, -45.99896225 ], [ -68.98223758, -45.99896223 ], [ -68.98219548, -45.99896225 ], [ -68.98215524, -45.99896214 ], [ -68.98215425, -45.99896215 ], [ -68.98215038, -45.99896216 ], [ -68.98214726, -45.99896215 ], [ -68.98214692, -45.99896217 ], [ -68.98213396, -45.99896217 ], [ -68.98211789, -45.99896217 ], [ -68.98210161, -45.99896217 ], [ -68.98208224, -45.99896216 ], [ -68.9820675, -45.99896216 ], [ -68.98205365, -45.99896217 ], [ -68.9820349, -45.99896215 ], [ -68.98202355, -45.99896216 ], [ -68.98200781, -45.99896216 ], [ -68.98199504, -45.9989622 ], [ -68.98197428, -45.99896227 ], [ -68.98193259, -45.99896221 ], [ -68.98190655, -45.99896226 ], [ -68.98186979, -45.99896222 ], [ -68.98183895, -45.99896217 ], [ -68.98181669, -45.99896221 ], [ -68.9817847, -45.9989622 ], [ -68.98176033, -45.9989622 ], [ -68.98173751, -45.99896221 ], [ -68.98173296, -45.99896224 ], [ -68.98169644, -45.9989622 ], [ -68.98165479, -45.99896236 ], [ -68.9816072, -45.99896236 ], [ -68.98154919, -45.99896229 ], [ -68.98149916, -45.99896231 ], [ -68.98145526, -45.99896236 ], [ -68.98141125, -45.99896236 ], [ -68.98136699, -45.9989624 ], [ -68.9813233, -45.99896237 ], [ -68.98127793, -45.99896233 ], [ -68.98125361, -45.99896252 ], [ -68.98039283, -45.99896234 ], [ -68.97988812, -45.99896231 ], [ -68.97946564, -45.99896224 ], [ -68.97918611, -45.99896223 ], [ -68.97885201, -45.99896223 ], [ -68.97843933, -45.99896233 ], [ -68.97779028, -45.99896232 ], [ -68.97716869, -45.99896226 ], [ -68.97645696, -45.99896224 ], [ -68.97578188, -45.99896204 ], [ -68.97554017, -45.99896209 ], [ -68.97497109, -45.99896216 ], [ -68.97429179, -45.99896206 ], [ -68.97362215, -45.9989619 ], [ -68.97314717, -45.99896184 ], [ -68.97272593, -45.9989619 ], [ -68.97214993, -45.99896181 ], [ -68.9715389, -45.99896173 ], [ -68.97094753, -45.99896165 ], [ -68.97048517, -45.9989617 ], [ -68.96969289, -45.99896161 ], [ -68.96892255, -45.99896138 ], [ -68.96838931, -45.99896146 ], [ -68.96748022, -45.99896113 ], [ -68.96704227, -45.99896124 ], [ -68.96618347, -45.99896092 ], [ -68.96588918, -45.99896112 ], [ -68.96509861, -45.99896106 ], [ -68.9642201, -45.9989611 ], [ -68.96306004, -45.99896095 ], [ -68.96171708, -45.99896074 ], [ -68.96015328, -45.99896059 ], [ -68.95829679, -45.99896026 ], [ -68.95671354, -45.99896032 ], [ -68.95398507, -45.99896013 ], [ -68.95093445, -45.99895936 ], [ -68.94944206, -45.9989607 ], [ -68.94754653, -45.99896169 ], [ -68.94499727, -45.99896239 ], [ -68.94249183, -45.99896234 ], [ -68.94072902, -45.99896305 ], [ -68.93853394, -45.99896307 ], [ -68.93659333, -45.99896455 ], [ -68.93451758, -45.99896938 ], [ -68.92788445, -45.99896873 ], [ -68.92477258, -45.99896968 ], [ -68.92015825, -45.99897011 ], [ -68.91551055, -45.9989695 ], [ -68.91082792, -45.99897052 ], [ -68.90585509, -45.99897094 ], [ -68.90036649, -45.99896953 ], [ -68.89621412, -45.99896952 ], [ -68.89256449, -45.99897038 ], [ -68.8892344, -45.99897199 ], [ -68.88461915, -45.9989723 ], [ -68.87982367, -45.99897207 ], [ -68.87566845, -45.99897564 ], [ -68.87018193, -45.99897201 ], [ -68.86663016, -45.99897734 ], [ -68.86391944, -45.99897608 ], [ -68.85819154, -45.99897655 ], [ -68.85136624, -45.99897527 ], [ -68.84580242, -45.99897864 ], [ -68.8393647, -45.99898189 ], [ -68.83125676, -45.99899111 ], [ -68.82097123, -45.99898666 ], [ -68.81263867, -45.9989848 ], [ -68.80517466, -45.99899702 ], [ -68.79451534, -45.9989822 ], [ -68.78693025, -45.99899937 ], [ -68.77731698, -45.99900225 ], [ -68.76886512, -45.99898848 ], [ -68.76137628, -45.99899906 ], [ -68.75596561, -45.99899626 ], [ -68.75407641, -45.99903131 ], [ -68.7503056, -45.99905389 ], [ -67.60109582, -45.99897026 ], [ -67.59656293, -46.02959696 ], [ -67.59811322, -46.03037576 ], [ -67.5987328, -46.03285665 ], [ -67.5997871, -46.03438874 ], [ -67.60091907, -46.03549479 ], [ -67.60005679, -46.03724365 ], [ -67.60060858, -46.03972276 ], [ -67.60130471, -46.04191712 ], [ -67.6030264, -46.04393513 ], [ -67.60594269, -46.04478015 ], [ -67.61159881, -46.04508695 ], [ -67.6128111, -46.04571725 ], [ -67.61681569, -46.04667093 ], [ -67.61879559, -46.04674373 ], [ -67.62278014, -46.04849881 ], [ -67.62466483, -46.054037 ], [ -67.62522924, -46.05777067 ], [ -67.62388511, -46.06186516 ], [ -67.62089482, -46.06389838 ], [ -67.61896004, -46.06475955 ], [ -67.6146472, -46.06512309 ], [ -67.61624116, -46.06691212 ], [ -67.61763664, -46.06852921 ], [ -67.61933944, -46.06960747 ], [ -67.6224222, -46.07041383 ], [ -67.62436007, -46.07244525 ], [ -67.62471706, -46.07570595 ], [ -67.62448235, -46.07776695 ], [ -67.6264587, -46.08048509 ], [ -67.62624381, -46.08320663 ], [ -67.62645846, -46.08553733 ], [ -67.62654017, -46.08801739 ], [ -67.62630551, -46.09007839 ], [ -67.62627454, -46.09321986 ], [ -67.62616055, -46.09483057 ], [ -67.62622112, -46.09775238 ], [ -67.62618205, -46.10110562 ], [ -67.62645638, -46.10418521 ], [ -67.62776933, -46.10696173 ], [ -67.62669451, -46.10887686 ], [ -67.62718334, -46.1160552 ], [ -67.62741162, -46.12074275 ], [ -67.62800574, -46.123274 ], [ -67.62733481, -46.1257261 ], [ -67.62795346, -46.12997492 ], [ -67.62809912, -46.13197999 ], [ -67.62786063, -46.13380271 ], [ -67.62822608, -46.13592034 ], [ -67.62830434, -46.13897188 ], [ -67.62779877, -46.14220008 ], [ -67.6278309, -46.14501056 ], [ -67.62764737, -46.1477578 ], [ -67.627443, -46.14898528 ], [ -67.62732049, -46.15122618 ], [ -67.62741103, -46.15322899 ], [ -67.62747233, -46.15588533 ], [ -67.6274398, -46.15989062 ], [ -67.62708169, -46.16318031 ], [ -67.62681639, -46.16584089 ], [ -67.62657198, -46.16844214 ], [ -67.62603774, -46.17190992 ], [ -67.62555553, -46.17468727 ], [ -67.62502212, -46.17731822 ], [ -67.62457367, -46.18030564 ], [ -67.62370412, -46.18410192 ], [ -67.62326106, -46.1871161 ], [ -67.62295635, -46.19046659 ], [ -67.6226285, -46.19288675 ], [ -67.62212546, -46.19545798 ], [ -67.62155215, -46.19796456 ], [ -67.62065961, -46.20230161 ], [ -67.61994256, -46.20514242 ], [ -67.61916383, -46.20836813 ], [ -67.61859068, -46.21060926 ], [ -67.61818031, -46.21255137 ], [ -67.61754574, -46.21452505 ], [ -67.61659366, -46.21781174 ], [ -67.61599615, -46.22038225 ], [ -67.61557917, -46.22259455 ], [ -67.61509711, -46.22414815 ], [ -67.61401999, -46.22591028 ], [ -67.61414425, -46.22785324 ], [ -67.61355728, -46.23078322 ], [ -67.61328963, -46.23284551 ], [ -67.61230427, -46.23508528 ], [ -67.61185592, -46.23750577 ], [ -67.61079342, -46.24025701 ], [ -67.61012715, -46.24224542 ], [ -67.60889443, -46.24494054 ], [ -67.60772354, -46.24787157 ], [ -67.60705118, -46.25009865 ], [ -67.60644252, -46.25246711 ], [ -67.60591067, -46.25455354 ], [ -67.6042702, -46.25714809 ], [ -67.60415058, -46.25904692 ], [ -67.60300651, -46.26102757 ], [ -67.60269289, -46.26254733 ], [ -67.60221866, -46.26501381 ], [ -67.60162424, -46.26685981 ], [ -67.60015667, -46.27059452 ], [ -67.59926027, -46.2734829 ], [ -67.59859688, -46.27528217 ], [ -67.5979239, -46.27750921 ], [ -67.59668177, -46.28053298 ], [ -67.59584738, -46.28366177 ], [ -67.59488501, -46.28650328 ], [ -67.59343897, -46.28938226 ], [ -67.59296689, -46.29180363 ], [ -67.59304452, -46.29408589 ], [ -67.59209471, -46.29630604 ], [ -67.59001153, -46.29832435 ], [ -67.58864777, -46.30133941 ], [ -67.58849039, -46.30418898 ], [ -67.58688329, -46.30666496 ], [ -67.58464458, -46.31032248 ], [ -67.58406749, -46.31370626 ], [ -67.58197435, -46.31747934 ], [ -67.58106278, -46.3195449 ], [ -67.58007302, -46.32137515 ], [ -67.57874961, -46.32535121 ], [ -67.5776131, -46.32849647 ], [ -67.57644558, -46.331544 ], [ -67.5752807, -46.334236 ], [ -67.57429464, -46.33611553 ], [ -67.57241011, -46.33835948 ], [ -67.57106936, -46.34104948 ], [ -67.56936766, -46.34373593 ], [ -67.56810613, -46.34597735 ], [ -67.56693957, -46.34857935 ], [ -67.56523145, -46.35107704 ], [ -67.56388058, -46.35349743 ], [ -67.56288325, -46.35556176 ], [ -67.56225243, -46.35668469 ], [ -67.56143059, -46.35851705 ], [ -67.55985005, -46.35986237 ], [ -67.55893904, -46.36187373 ], [ -67.55789967, -46.36523084 ], [ -67.5559052, -46.36629122 ], [ -67.55428562, -46.36912261 ], [ -67.55266588, -46.37195399 ], [ -67.55148479, -46.37443493 ], [ -67.55080545, -46.37681488 ], [ -67.54852329, -46.37926772 ], [ -67.54780698, -46.38093258 ], [ -67.54715063, -46.38245806 ], [ -67.54687351, -46.38322939 ], [ -67.54571366, -46.38487716 ], [ -67.54419325, -46.38711511 ], [ -67.54338471, -46.38853292 ], [ -67.54222465, -46.39018066 ], [ -67.54122143, -46.39230801 ], [ -67.5414268, -46.39427029 ], [ -67.5322528, -46.40591337 ], [ -67.53130863, -46.40739927 ], [ -67.5273664, -46.41360342 ], [ -67.52729434, -46.41371683 ], [ -67.52376471, -46.41927164 ], [ -67.52236221, -46.42147885 ], [ -67.52235446, -46.42147864 ], [ -67.52220562, -46.42180338 ], [ -67.52180274, -46.42228121 ], [ -67.52176427, -46.42235465 ], [ -67.52574294, -46.42306592 ], [ -67.525995, -46.42321857 ], [ -67.5264644, -46.42337901 ], [ -67.52718268, -46.42359309 ], [ -67.527551, -46.42366806 ], [ -67.52763282, -46.42368471 ], [ -67.52781164, -46.42370666 ], [ -67.52808575, -46.42377503 ], [ -67.52822917, -46.42382923 ], [ -67.52829022, -46.42386986 ], [ -67.52834314, -46.42390508 ], [ -67.52835268, -46.42390985 ], [ -67.52846456, -46.42398885 ], [ -67.52847058, -46.4239931 ], [ -67.52847426, -46.42399598 ], [ -67.52847678, -46.42399795 ], [ -67.52859646, -46.42402456 ], [ -67.52902338, -46.42411947 ], [ -67.53655808, -46.42579455 ], [ -67.5374537, -46.42739287 ], [ -67.5379547, -46.42844846 ], [ -67.53837075, -46.43016502 ], [ -67.53847902, -46.43073418 ], [ -67.53978174, -46.43098961 ], [ -67.54168232, -46.43124381 ], [ -67.54364268, -46.43133414 ], [ -67.54565595, -46.431488 ], [ -67.54634143, -46.43150363 ], [ -67.54677651, -46.43147214 ], [ -67.54713221, -46.43150878 ], [ -67.54792791, -46.43179884 ], [ -67.54867603, -46.43204161 ], [ -67.54919198, -46.43221002 ], [ -67.54966235, -46.43231042 ], [ -67.55094673, -46.43239098 ], [ -67.55144731, -46.43245293 ], [ -67.55187232, -46.43254024 ], [ -67.55225785, -46.43264739 ], [ -67.552782, -46.4327482 ], [ -67.55335675, -46.43283297 ], [ -67.55384576, -46.43287114 ], [ -67.55446805, -46.43282319 ], [ -67.55495708, -46.43276028 ], [ -67.55544376, -46.43273095 ], [ -67.55590279, -46.43266699 ], [ -67.55628901, -46.43258219 ], [ -67.55661913, -46.43256203 ], [ -67.55700114, -46.43257704 ], [ -67.55747601, -46.432602 ], [ -67.55817514, -46.43258675 ], [ -67.55863051, -46.43258666 ], [ -67.55918267, -46.43257149 ], [ -67.55979822, -46.43250564 ], [ -67.56041633, -46.43241842 ], [ -67.56082803, -46.43238727 ], [ -67.56137338, -46.43244909 ], [ -67.56186562, -46.43253046 ], [ -67.56223249, -46.43256067 ], [ -67.56260371, -46.43260571 ], [ -67.5629935, -46.43271934 ], [ -67.56343533, -46.43284507 ], [ -67.5642908, -46.43306979 ], [ -67.56499908, -46.43326357 ], [ -67.56560246, -46.43339468 ], [ -67.56619385, -46.43350994 ], [ -67.56664496, -46.4336103 ], [ -67.56700062, -46.43373147 ], [ -67.56748125, -46.43392715 ], [ -67.56787898, -46.43409755 ], [ -67.568321, -46.43432573 ], [ -67.56867244, -46.43450586 ], [ -67.56894149, -46.43462109 ], [ -67.56929955, -46.43472146 ], [ -67.56964555, -46.43480362 ], [ -67.5700002, -46.4348401 ], [ -67.57036324, -46.43481971 ], [ -67.57073425, -46.43475896 ], [ -67.57169691, -46.4347121 ], [ -67.57298049, -46.4347182 ], [ -67.57388253, -46.43466122 ], [ -67.57454407, -46.43457859 ], [ -67.57479105, -46.43453423 ], [ -67.5753115, -46.43452721 ], [ -67.57646575, -46.43439686 ], [ -67.57707627, -46.43433473 ], [ -67.57749776, -46.43431575 ], [ -67.57814326, -46.43434319 ], [ -67.57845743, -46.43430256 ], [ -67.57883543, -46.43421627 ], [ -67.57923886, -46.4340632 ], [ -67.57949709, -46.43399687 ], [ -67.57983143, -46.43397999 ], [ -67.58043593, -46.43391082 ], [ -67.58096566, -46.43383408 ], [ -67.5828239, -46.43358602 ], [ -67.58317992, -46.43360278 ], [ -67.58354284, -46.43369216 ], [ -67.58391517, -46.43382486 ], [ -67.58426672, -46.4339895 ], [ -67.58466978, -46.43422291 ], [ -67.58499462, -46.43441245 ], [ -67.58535389, -46.43460227 ], [ -67.58591509, -46.43488217 ], [ -67.58646001, -46.43510553 ], [ -67.5869373, -46.4352572 ], [ -67.58737424, -46.43540157 ], [ -67.5877327, -46.43563882 ], [ -67.5879645, -46.43582343 ], [ -67.58816267, -46.43596035 ], [ -67.58841988, -46.43607819 ], [ -67.58874077, -46.43614212 ], [ -67.58917244, -46.43611902 ], [ -67.58958414, -46.43608041 ], [ -67.58990701, -46.43602575 ], [ -67.59069747, -46.43590099 ], [ -67.59110659, -46.43589165 ], [ -67.59171679, -46.43596621 ], [ -67.5926661, -46.43613929 ], [ -67.59328426, -46.43631479 ], [ -67.59377358, -46.43648049 ], [ -67.59422927, -46.43659849 ], [ -67.5947348, -46.43668391 ], [ -67.59522852, -46.43670173 ], [ -67.59578551, -46.43668934 ], [ -67.59614793, -46.43668938 ], [ -67.59663628, -46.43678947 ], [ -67.59717561, -46.43686903 ], [ -67.59751902, -46.43691916 ], [ -67.59799392, -46.43693252 ], [ -67.59845514, -46.43683258 ], [ -67.59883948, -46.43672953 ], [ -67.59919443, -46.43656765 ], [ -67.59946613, -46.43642046 ], [ -67.59982092, -46.43614555 ], [ -67.60017918, -46.43583466 ], [ -67.60077397, -46.4353185 ], [ -67.60160867, -46.43457572 ], [ -67.60197154, -46.43430224 ], [ -67.60219825, -46.43418259 ], [ -67.60242035, -46.43409779 ], [ -67.60270745, -46.43400093 ], [ -67.60290494, -46.43393547 ], [ -67.60320692, -46.43380939 ], [ -67.60324904, -46.43377465 ], [ -67.60370969, -46.43339473 ], [ -67.60400328, -46.43314447 ], [ -67.60448624, -46.43282731 ], [ -67.60504013, -46.43250511 ], [ -67.60561787, -46.432211 ], [ -67.60598086, -46.43205057 ], [ -67.60738472, -46.43150009 ], [ -67.60794087, -46.43128533 ], [ -67.60838456, -46.43113946 ], [ -67.60866524, -46.4310593 ], [ -67.60900628, -46.43100193 ], [ -67.60943153, -46.43099543 ], [ -67.6104686, -46.43103739 ], [ -67.61110002, -46.43106734 ], [ -67.61158576, -46.43110153 ], [ -67.61201694, -46.43113352 ], [ -67.61242688, -46.43119223 ], [ -67.61280473, -46.43130625 ], [ -67.61333225, -46.43149312 ], [ -67.61405317, -46.43178364 ], [ -67.61534751, -46.432277 ], [ -67.61710168, -46.43299839 ], [ -67.61861004, -46.43363647 ], [ -67.61916034, -46.43796802 ], [ -67.61992131, -46.44279894 ], [ -67.61900087, -46.445551 ], [ -67.6176221, -46.44936745 ], [ -67.61631845, -46.45279799 ], [ -67.59793297, -46.49163632 ], [ -67.59664588, -46.49130803 ], [ -67.59596327, -46.49124666 ], [ -67.59569427, -46.49130061 ], [ -67.5951705, -46.49128761 ], [ -67.59480802, -46.49133697 ], [ -67.59425617, -46.49140466 ], [ -67.59392621, -46.49146446 ], [ -67.59369622, -46.49141634 ], [ -67.59368114, -46.4914004 ], [ -67.59347037, -46.49131599 ], [ -67.5931641, -46.49128731 ], [ -67.59258294, -46.4913733 ], [ -67.59223944, -46.49125888 ], [ -67.59175639, -46.49108612 ], [ -67.59135619, -46.49088797 ], [ -67.59102635, -46.49077512 ], [ -67.59055284, -46.49068297 ], [ -67.5902916, -46.49071581 ], [ -67.58997342, -46.49075687 ], [ -67.58954493, -46.49096824 ], [ -67.58912659, -46.49123251 ], [ -67.58867546, -46.49110661 ], [ -67.58842566, -46.49111231 ], [ -67.58715102, -46.49141176 ], [ -67.58620733, -46.49153891 ], [ -67.58564675, -46.49177292 ], [ -67.58550642, -46.49185329 ], [ -67.58548323, -46.4918541 ], [ -67.5852867, -46.49187346 ], [ -67.58492275, -46.49195564 ], [ -67.58474572, -46.49208356 ], [ -67.5844836, -46.49212222 ], [ -67.58427961, -46.49198978 ], [ -67.58411272, -46.49191144 ], [ -67.58387367, -46.49185376 ], [ -67.58358497, -46.49188842 ], [ -67.5833993, -46.49193601 ], [ -67.58314352, -46.491923 ], [ -67.58280551, -46.49189029 ], [ -67.58246499, -46.49174825 ], [ -67.58216887, -46.49158943 ], [ -67.58195089, -46.49163168 ], [ -67.58162121, -46.49165763 ], [ -67.58125627, -46.491511 ], [ -67.58125051, -46.49150518 ], [ -67.58110938, -46.49134503 ], [ -67.58096008, -46.4912841 ], [ -67.58076944, -46.49129335 ], [ -67.58057591, -46.49136423 ], [ -67.58025963, -46.49135958 ], [ -67.57933355, -46.49126488 ], [ -67.5796884, -46.491318 ], [ -67.57929152, -46.49126059 ], [ -67.57933355, -46.49126488 ], [ -67.57892302, -46.49120344 ], [ -67.57868577, -46.49124959 ], [ -67.57866204, -46.49125462 ], [ -67.57835434, -46.49125009 ], [ -67.57820287, -46.49119027 ], [ -67.57799928, -46.49115814 ], [ -67.57761525, -46.49114891 ], [ -67.57738554, -46.49113962 ], [ -67.57712158, -46.4911924 ], [ -67.57682213, -46.49111572 ], [ -67.57643927, -46.49107835 ], [ -67.57628799, -46.49109509 ], [ -67.57616036, -46.49110921 ], [ -67.57599617, -46.49122209 ], [ -67.57575803, -46.49134632 ], [ -67.57544962, -46.4915461 ], [ -67.57503921, -46.49155448 ], [ -67.57497541, -46.49158207 ], [ -67.57496361, -46.4915673 ], [ -67.57478808, -46.49157169 ], [ -67.57448791, -46.49165142 ], [ -67.57403296, -46.49174054 ], [ -67.57342322, -46.49181089 ], [ -67.57271969, -46.49187655 ], [ -67.5724711, -46.4919 ], [ -67.57226004, -46.49194691 ], [ -67.57203022, -46.49200788 ], [ -67.57185199, -46.4920454 ], [ -67.57171128, -46.49205947 ], [ -67.5715612, -46.49212514 ], [ -67.57144863, -46.49218611 ], [ -67.57123288, -46.49234558 ], [ -67.57109217, -46.49243938 ], [ -67.57098899, -46.49255195 ], [ -67.57090925, -46.49269265 ], [ -67.57076386, -46.49285212 ], [ -67.57071695, -46.49296469 ], [ -67.57056218, -46.49325548 ], [ -67.57048244, -46.49343371 ], [ -67.57042616, -46.49361663 ], [ -67.57034642, -46.4937761 ], [ -67.57020489, -46.49388762 ], [ -67.56966784, -46.49393733 ], [ -67.56939873, -46.49396224 ], [ -67.56931739, -46.49397515 ], [ -67.56860443, -46.49395003 ], [ -67.56766886, -46.49397807 ], [ -67.5666542, -46.49403309 ], [ -67.56659568, -46.49403145 ], [ -67.56553488, -46.49400172 ], [ -67.56551288, -46.49397313 ], [ -67.56425345, -46.49398196 ], [ -67.56415283, -46.49399452 ], [ -67.5639698, -46.4939917 ], [ -67.56222069, -46.49416178 ], [ -67.56118059, -46.49427186 ], [ -67.56027061, -46.49442535 ], [ -67.55928989, -46.49461858 ], [ -67.5587993, -46.49496951 ], [ -67.55874941, -46.49503729 ], [ -67.55803173, -46.49529915 ], [ -67.55799617, -46.49532579 ], [ -67.55751769, -46.49544048 ], [ -67.55685221, -46.49564645 ], [ -67.55605956, -46.495688 ], [ -67.55549909, -46.49557158 ], [ -67.55539909, -46.49555654 ], [ -67.55487168, -46.49534546 ], [ -67.55480973, -46.49530378 ], [ -67.55438215, -46.49514748 ], [ -67.55432219, -46.49514655 ], [ -67.55416395, -46.49517136 ], [ -67.55355021, -46.49524349 ], [ -67.55316189, -46.49511491 ], [ -67.55303987, -46.49508573 ], [ -67.55301987, -46.49508542 ], [ -67.55269219, -46.49498467 ], [ -67.55265104, -46.49497035 ], [ -67.55222437, -46.49466136 ], [ -67.55199083, -46.49451948 ], [ -67.55128709, -46.49452239 ], [ -67.55046884, -46.49457883 ], [ -67.55041, -46.49459174 ], [ -67.54989659, -46.49466655 ], [ -67.54985639, -46.49466592 ], [ -67.54969561, -46.49466342 ], [ -67.54918267, -46.49457264 ], [ -67.54911525, -46.4945163 ], [ -67.54882988, -46.49433157 ], [ -67.54876383, -46.49428881 ], [ -67.54872344, -46.49428818 ], [ -67.54834574, -46.49403097 ], [ -67.54829943, -46.49398819 ], [ -67.54797746, -46.49385674 ], [ -67.54793684, -46.49385611 ], [ -67.54720366, -46.49383061 ], [ -67.54710211, -46.49382903 ], [ -67.54701653, -46.49379953 ], [ -67.5466577, -46.49370931 ], [ -67.54629115, -46.49357631 ], [ -67.54626382, -46.49353336 ], [ -67.54560186, -46.49310951 ], [ -67.54492842, -46.4926667 ], [ -67.54414698, -46.49229031 ], [ -67.54408177, -46.49223071 ], [ -67.54335993, -46.49193992 ], [ -67.54282682, -46.49173917 ], [ -67.54192504, -46.49139727 ], [ -67.54190171, -46.49136697 ], [ -67.54109704, -46.49102355 ], [ -67.5404801, -46.49063333 ], [ -67.54000923, -46.49024412 ], [ -67.53992355, -46.49014554 ], [ -67.53971787, -46.4899089 ], [ -67.53968418, -46.48986426 ], [ -67.53965746, -46.48982887 ], [ -67.53963444, -46.48982781 ], [ -67.53880175, -46.48983317 ], [ -67.53873809, -46.48982918 ], [ -67.53789283, -46.48993966 ], [ -67.53743667, -46.49006041 ], [ -67.53709105, -46.48990502 ], [ -67.53708187, -46.48989922 ], [ -67.53692241, -46.48964682 ], [ -67.53691275, -46.48962304 ], [ -67.53666486, -46.48935799 ], [ -67.53605338, -46.4892969 ], [ -67.53602382, -46.48927235 ], [ -67.53531454, -46.48921697 ], [ -67.53429274, -46.48889752 ], [ -67.53206869, -46.48800559 ], [ -67.52867734, -46.48713637 ], [ -67.52851419, -46.48684464 ], [ -67.52900257, -46.48641323 ], [ -67.52913007, -46.48603928 ], [ -67.52953777, -46.48594198 ], [ -67.53022984, -46.48583573 ], [ -67.53071167, -46.4856122 ], [ -67.53084254, -46.48529949 ], [ -67.53052191, -46.48504032 ], [ -67.53011576, -46.48465972 ], [ -67.52960543, -46.48429853 ], [ -67.52892826, -46.48380635 ], [ -67.52826543, -46.48349171 ], [ -67.52757635, -46.48335208 ], [ -67.52714564, -46.48309989 ], [ -67.52675445, -46.48284779 ], [ -67.52637223, -46.48243697 ], [ -67.52604373, -46.48208215 ], [ -67.52568461, -46.48224554 ], [ -67.52530442, -46.48221303 ], [ -67.52506504, -46.48231838 ], [ -67.52442755, -46.48239081 ], [ -67.52382054, -46.48250264 ], [ -67.52352717, -46.48274081 ], [ -67.5218889, -46.48325159 ], [ -67.52083795, -46.4835071 ], [ -67.51995246, -46.48319438 ], [ -67.51920111, -46.48273188 ], [ -67.5178553, -46.48212564 ], [ -67.51727091, -46.48179197 ], [ -67.51689148, -46.48207285 ], [ -67.51625226, -46.48232227 ], [ -67.51519801, -46.48253088 ], [ -67.50825917, -46.48360513 ], [ -67.50306327, -46.48440584 ], [ -67.50177566, -46.48457994 ], [ -67.50126997, -46.48460251 ], [ -67.50046123, -46.48458876 ], [ -67.49916793, -46.48441899 ], [ -67.49730783, -46.48395727 ], [ -67.49594008, -46.48360794 ], [ -67.49551788, -46.48343316 ], [ -67.49503321, -46.48316439 ], [ -67.4943387, -46.48257897 ], [ -67.49365175, -46.48190532 ], [ -67.49306258, -46.48146048 ], [ -67.49258089, -46.48124004 ], [ -67.49225998, -46.48111467 ], [ -67.48560302, -46.47932095 ], [ -67.48440452, -46.48523367 ] ], [ [ -67.94882728, -46.78530296 ], [ -67.95598258, -46.78301458 ], [ -67.96557637, -46.77994424 ], [ -67.96979854, -46.78824226 ], [ -67.9855644, -46.78364431 ], [ -67.98580158, -46.78406728 ], [ -67.98598615, -46.78574195 ], [ -67.98963073, -46.78480534 ], [ -67.98914279, -46.81094969 ], [ -67.98230221, -46.81173636 ], [ -67.97853796, -46.81169217 ], [ -67.9751814, -46.80380327 ], [ -67.94887596, -46.81121813 ], [ -67.93781237, -46.80697349 ], [ -67.93374379, -46.80535099 ], [ -67.92927982, -46.80357082 ], [ -67.92589839, -46.80308171 ], [ -67.92189775, -46.80367306 ], [ -67.92142273, -46.80296265 ], [ -67.92147468, -46.80141986 ], [ -67.92290147, -46.79496555 ], [ -67.92411289, -46.7847242 ], [ -67.93611543, -46.78882481 ], [ -67.93728394, -46.78922403 ], [ -67.94882728, -46.78530296 ] ], [ [ -68.95338393, -46.54858247 ], [ -68.94812728, -46.54915494 ], [ -68.95183174, -46.56229171 ], [ -68.93836903, -46.56341134 ], [ -68.93866751, -46.56656341 ], [ -68.92249325, -46.56676723 ], [ -68.91211855, -46.55051803 ], [ -68.90959169, -46.54656037 ], [ -68.90647079, -46.54326208 ], [ -68.90629776, -46.5430126 ], [ -68.90329891, -46.5414374 ], [ -68.89938112, -46.54092007 ], [ -68.90001704, -46.53236645 ], [ -68.91483628, -46.53156921 ], [ -68.91475371, -46.52808991 ], [ -68.92857667, -46.526953 ], [ -68.94163556, -46.52587894 ], [ -68.95365874, -46.5259131 ], [ -68.95338393, -46.54858247 ] ], [ [ -67.60747704, -46.57649119 ], [ -67.60296652, -46.57405368 ], [ -67.59701385, -46.5590241 ], [ -67.619141, -46.54070792 ], [ -67.63686948, -46.55149787 ], [ -67.63452736, -46.55383429 ], [ -67.6376707, -46.55591682 ], [ -67.63138904, -46.56072039 ], [ -67.63003617, -46.56007399 ], [ -67.60747704, -46.57649119 ] ], [ [ -68.1985797, -46.72873188 ], [ -68.19450889, -46.72408282 ], [ -68.21328786, -46.71595317 ], [ -68.21745638, -46.72120689 ], [ -68.19897243, -46.72881879 ], [ -68.1985797, -46.72873188 ] ], [ [ -67.26306542, -47.02479535 ], [ -67.2508524, -47.03171614 ], [ -67.24502278, -47.02698085 ], [ -67.2565136, -47.02054534 ], [ -67.26306542, -47.02479535 ] ], [ [ -67.15140971, -47.18344533 ], [ -67.14247411, -47.19033931 ], [ -67.1364704, -47.18709347 ], [ -67.1452535, -47.18015201 ], [ -67.15140971, -47.18344533 ] ] ] ] } }
]
}
